timestamp_s;timestamp_us;emg_raw;imu1_timestamp_us;imu1_ax;imu1_ay;imu1_az;imu1_gx;imu1_gy;imu1_gz;imu2_timestamp_us;imu2_ax;imu2_ay;imu2_az;imu2_gx;imu2_gy;imu2_gz
0.0;14357307;;14357307;383.407;923.853;16.41;-5634.833;-5859.002;-1769.117;;;;;;;
0.033254;14390561;;14390561;382.921;920.836;20.458;-6555.341;-6002.239;-2152.723;14390121;100.756;815.285;67.396;-44404.211;16743.803;32712.949
0.066569;14423876;;14423876;381.709;915.249;24.711;-6780.574;-6038.565;-2476.899;14423448;117.684;811.938;92.202;-42611.875;15783.675;31328.426
0.075193;14432500;1992;;;;;;;;;;;;;;
0.077693;14435000;1979;;;;;;;;;;;;;;
0.080193;14437500;1976;;;;;;;;;;;;;;
0.082693;14440000;1976;;;;;;;;;;;;;;
0.085193;14442500;1979;;;;;;;;;;;;;;
0.087693;14445000;1979;;;;;;;;;;;;;;
0.090193;14447500;1975;;;;;;;;;;;;;;
0.092693;14450000;1960;;;;;;;;;;;;;;
0.095193;14452500;1946;;;;;;;;;;;;;;
0.097693;14455000;1930;;;;;;;;;;;;;;
0.100193;14457500;1928;14457214;381.436;911.821;27.453;-6508.482;-5866.137;-2613.804;14456774;132.113;801.067;112.816;-41672.594;15210.616;29758.504
0.102693;14460000;1932;;;;;;;;;;;;;;
0.105193;14462500;1943;;;;;;;;;;;;;;
0.107693;14465000;1944;;;;;;;;;;;;;;
0.110193;14467500;1934;;;;;;;;;;;;;;
0.112693;14470000;1919;;;;;;;;;;;;;;
0.115193;14472500;1903;;;;;;;;;;;;;;
0.117693;14475000;1896;;;;;;;;;;;;;;
0.120193;14477500;1896;;;;;;;;;;;;;;
0.122693;14480000;1900;;;;;;;;;;;;;;
0.125193;14482500;1898;;;;;;;;;;;;;;
0.127693;14485000;1916;;;;;;;;;;;;;;
0.130193;14487500;1915;;;;;;;;14488554;145.027;789.823;133.502;-39827.402;14569.522;28364.203
0.132693;14490000;1898;14488976;381.03;909.046;29.856;-6239.496;-5591.205;-2563.177;;;;;;;
0.135193;14492500;1885;;;;;;;;;;;;;;
0.137693;14495000;1880;;;;;;;;;;;;;;
0.140193;14497500;1881;;;;;;;;;;;;;;
0.142693;14500000;1884;;;;;;;;;;;;;;
0.145193;14502500;1897;;;;;;;;;;;;;;
0.147693;14505000;1901;;;;;;;;;;;;;;
0.150193;14507500;1885;;;;;;;;;;;;;;
0.152693;14510000;1884;;;;;;;;;;;;;;
0.155193;14512500;1880;;;;;;;;;;;;;;
0.157693;14515000;1869;;;;;;;;;;;;;;
0.160193;14517500;1864;;;;;;;;;;;;;;
0.162693;14520000;1883;;;;;;;;;;;;;;
0.165193;14522500;1896;14522413;379.711;907.562;31.615;-5511.021;-5208.832;-2561.893;14521968;157.613;783.638;154.039;-37146.094;13778.921;27205.43
0.167693;14525000;1898;;;;;;;;;;;;;;
0.170193;14527500;1895;;;;;;;;;;;;;;
0.172693;14530000;1898;;;;;;;;;;;;;;
0.175193;14532500;1881;;;;;;;;;;;;;;
0.177693;14535000;1880;;;;;;;;;;;;;;
0.180193;14537500;1882;;;;;;;;;;;;;;
0.182693;14540000;1886;;;;;;;;;;;;;;
0.185193;14542500;1898;;;;;;;;;;;;;;
0.187693;14545000;1903;;;;;;;;;;;;;;
0.190193;14547500;1904;;;;;;;;;;;;;;
0.192693;14550000;1898;;;;;;;;;;;;;;
0.195193;14552500;1886;;;;;;;;;;;;;;
0.197693;14555000;1881;;;;;;;;;;;;;;
0.200193;14557500;1883;;;;;;;;;;;;;;
0.202693;14560000;1900;;;;;;;;;;;;;;
0.205193;14562500;1911;;;;;;;;;;;;;;
0.207693;14565000;1915;14565711;379.16;905.146;31.98;-4844.344;-4659.203;-2193.173;14565281;168.972;771.077;172.049;-33848.539;12978.85;25837.283
0.210193;14567500;1915;;;;;;;;;;;;;;
0.212693;14570000;1911;;;;;;;;;;;;;;
0.215193;14572500;1897;;;;;;;;;;;;;;
0.217693;14575000;1896;;;;;;;;;;;;;;
0.220193;14577500;1896;;;;;;;;;;;;;;
0.222693;14580000;1900;;;;;;;;;;;;;;
0.225193;14582500;1914;;;;;;;;;;;;;;
0.227693;14585000;1928;;;;;;;;;;;;;;
0.230193;14587500;1920;;;;;;;;;;;;;;
0.232693;14590000;1913;;;;;;;;;;;;;;
0.235193;14592500;1902;;;;;;;;;;;;;;
0.237693;14595000;1897;;;;;;;;;;;;;;
0.240193;14597500;1899;;;;;;;;14598697;179.201;766.915;187.993;-28495.111;11944.032;24638.168
0.242693;14600000;1912;14599134;378.276;906.585;32.43;-3947.627;-4125.68;-1976.327;;;;;;;
0.245193;14602500;1917;;;;;;;;;;;;;;
0.247693;14605000;1931;;;;;;;;;;;;;;
0.250193;14607500;1928;;;;;;;;;;;;;;
0.252693;14610000;1915;;;;;;;;;;;;;;
0.255193;14612500;1911;;;;;;;;;;;;;;
0.257693;14615000;1898;;;;;;;;;;;;;;
0.260193;14617500;1897;;;;;;;;;;;;;;
0.262693;14620000;1912;;;;;;;;;;;;;;
0.265193;14622500;1919;;;;;;;;;;;;;;
0.267693;14625000;1929;;;;;;;;;;;;;;
0.270193;14627500;1918;;;;;;;;;;;;;;
0.272693;14630000;1913;14629248;377.467;908.976;36.067;-3006.496;-3477.083;-1630.76;14628818;191.262;768.298;200.956;-23658.73;10835.393;23624.135
0.275193;14632500;1896;;;;;;;;;;;;;;
0.277693;14635000;1887;;;;;;;;;;;;;;
0.280193;14637500;1885;;;;;;;;;;;;;;
0.282693;14640000;1898;;;;;;;;;;;;;;
0.285193;14642500;1902;;;;;;;;;;;;;;
0.287693;14645000;1915;;;;;;;;;;;;;;
0.290193;14647500;1913;;;;;;;;;;;;;;
0.292693;14650000;1899;;;;;;;;;;;;;;
0.295193;14652500;1884;;;;;;;;;;;;;;
0.297693;14655000;1881;;;;;;;;;;;;;;
0.300193;14657500;1870;;;;;;;;;;;;;;
0.302693;14660000;1881;;;;;;;;;;;;;;
0.305193;14662500;1886;;;;;;;;;;;;;;
0.307693;14665000;1897;14665957;377.15;911.211;37.625;-2437.046;-3119.479;-1494.535;14665525;203.348;775.829;210.66;-20155.73;9870.561;22550.99
0.310193;14667500;1887;;;;;;;;;;;;;;
0.312693;14670000;1881;;;;;;;;;;;;;;
0.315193;14672500;1867;;;;;;;;;;;;;;
0.317693;14675000;1854;;;;;;;;;;;;;;
0.320193;14677500;1853;;;;;;;;;;;;;;
0.322693;14680000;1865;;;;;;;;;;;;;;
0.325193;14682500;1869;;;;;;;;;;;;;;
0.327693;14685000;1881;;;;;;;;;;;;;;
0.330193;14687500;1872;;;;;;;;;;;;;;
0.332693;14690000;1866;;;;;;;;;;;;;;
0.335193;14692500;1850;;;;;;;;;;;;;;
0.337693;14695000;1838;;;;;;;;;;;;;;
0.340193;14697500;1837;;;;;;;;;;;;;;
0.342693;14700000;1847;14699287;377.642;912.949;37.391;-2467.006;-2700.13;-1230.371;14698852;214.884;775.351;220.22;-18403.756;9106.657;21433.941
0.345193;14702500;1852;;;;;;;;;;;;;;
0.347693;14705000;1865;;;;;;;;;;;;;;
0.350193;14707500;1854;;;;;;;;;;;;;;
0.352693;14710000;1847;;;;;;;;;;;;;;
0.355193;14712500;1836;;;;;;;;;;;;;;
0.357693;14715000;1821;;;;;;;;;;;;;;
0.360193;14717500;1823;;;;;;;;;;;;;;
0.362693;14720000;1833;;;;;;;;;;;;;;
0.365193;14722500;1838;;;;;;;;;;;;;;
0.367693;14725000;1849;;;;;;;;;;;;;;
0.370193;14727500;1839;;;;;;;;;;;;;;
0.372693;14730000;1834;14730976;376.462;913.229;38.467;-2299.906;-2313.999;-954.477;14730544;223.434;772.934;230.687;-16034.568;8398.887;20412.119
0.375193;14732500;1818;;;;;;;;;;;;;;
0.377693;14735000;1815;;;;;;;;;;;;;;
0.380193;14737500;1806;;;;;;;;;;;;;;
0.382693;14740000;1807;;;;;;;;;;;;;;
0.385193;14742500;1819;;;;;;;;;;;;;;
0.387693;14745000;1821;;;;;;;;;;;;;;
0.390193;14747500;1818;;;;;;;;;;;;;;
0.392693;14750000;1801;;;;;;;;;;;;;;
0.395193;14752500;1788;;;;;;;;;;;;;;
0.397693;14755000;1783;;;;;;;;;;;;;;
0.400193;14757500;1773;;;;;;;;;;;;;;
0.402693;14760000;1784;;;;;;;;;;;;;;
0.405193;14762500;1788;;;;;;;;;;;;;;
0.407693;14765000;1790;;;;;;;;;;;;;;
0.410193;14767500;1787;;;;;;;;;;;;;;
0.412693;14770000;1773;;;;;;;;;;;;;;
0.415193;14772500;1760;;;;;;;;;;;;;;
0.417693;14775000;1750;14775750;376.164;913.25;40.241;-1556.66;-2076.674;-818.378;14775320;235.314;781.019;238.081;-14541.152;7921.63;19599.764
0.420193;14777500;1743;;;;;;;;;;;;;;
0.422693;14780000;1753;;;;;;;;;;;;;;
0.425193;14782500;1758;;;;;;;;;;;;;;
0.427693;14785000;1768;;;;;;;;;;;;;;
0.430193;14787500;1759;;;;;;;;;;;;;;
0.432693;14790000;1751;;;;;;;;;;;;;;
0.435193;14792500;1736;;;;;;;;;;;;;;
0.437693;14795000;1723;;;;;;;;;;;;;;
0.440193;14797500;1722;;;;;;;;;;;;;;
0.442693;14800000;1725;;;;;;;;;;;;;;
0.445193;14802500;1738;;;;;;;;;;;;;;
0.447693;14805000;1740;;;;;;;;;;;;;;
0.450193;14807500;1736;14807363;376.358;911.465;40.4;-1267.952;-1853.402;-577.522;14806925;245.197;780.386;243.446;-13902.907;7520.736;18590.9
0.452693;14810000;1725;;;;;;;;;;;;;;
0.455193;14812500;1708;;;;;;;;;;;;;;
0.457693;14815000;1704;;;;;;;;;;;;;;
0.460193;14817500;1704;;;;;;;;;;;;;;
0.462693;14820000;1708;;;;;;;;;;;;;;
0.465193;14822500;1712;;;;;;;;;;;;;;
0.467693;14825000;1722;;;;;;;;;;;;;;
0.470193;14827500;1721;;;;;;;;;;;;;;
0.472693;14830000;1708;;;;;;;;;;;;;;
0.475193;14832500;1694;14832352;376.389;912.051;39.21;-1073.742;-1636.92;-216.583;14831922;252.805;774.569;248.836;-12765.887;6886.136;17616.293
0.477693;14835000;1677;;;;;;;;;;;;;;
0.480193;14837500;1687;;;;;;;;;;;;;;
0.482693;14840000;1692;;;;;;;;;;;;;;
0.485193;14842500;1704;;;;;;;;;;;;;;
0.487693;14845000;1708;;;;;;;;;;;;;;
0.490193;14847500;1706;;;;;;;;;;;;;;
0.492693;14850000;1693;;;;;;;;;;;;;;
0.495193;14852500;1687;;;;;;;;;;;;;;
0.497693;14855000;1675;;;;;;;;;;;;;;
0.500193;14857500;1676;;;;;;;;;;;;;;
0.502693;14860000;1689;;;;;;;;;;;;;;
0.505193;14862500;1692;;;;;;;;;;;;;;
0.507693;14865000;1705;;;;;;;;;;;;;;
0.510193;14867500;1705;;;;;;;;;;;;;;
0.512693;14870000;1692;;;;;;;;;;;;;;
0.515193;14872500;1678;;;;;;;;14873406;260.411;773.813;255.255;-9545.467;5718.017;16340.854
0.517693;14875000;1675;14873838;375.29;912.094;36.889;-1089.18;-1418.574;56.746;;;;;;;
0.520193;14877500;1677;;;;;;;;;;;;;;
0.522693;14880000;1689;;;;;;;;;;;;;;
0.525193;14882500;1704;;;;;;;;;;;;;;
0.527693;14885000;1707;;;;;;;;;;;;;;
0.530193;14887500;1706;;;;;;;;;;;;;;
0.532693;14890000;1694;;;;;;;;;;;;;;
0.535193;14892500;1691;;;;;;;;;;;;;;
0.537693;14895000;1687;;;;;;;;;;;;;;
0.540193;14897500;1688;;;;;;;;;;;;;;
0.542693;14900000;1693;;;;;;;;;;;;;;
0.545193;14902500;1708;;;;;;;;;;;;;;
0.547693;14905000;1710;;;;;;;;;;;;;;
0.550193;14907500;1721;14906822;375.167;912.105;32.898;-1110.409;-1381.333;321.659;14906386;265.849;781.763;256.144;-4451.693;4202.741;14788.373
0.552693;14910000;1711;;;;;;;;;;;;;;
0.555193;14912500;1703;;;;;;;;;;;;;;
0.557693;14915000;1694;;;;;;;;;;;;;;
0.560193;14917500;1695;;;;;;;;;;;;;;
0.562693;14920000;1709;;;;;;;;;;;;;;
0.565193;14922500;1722;;;;;;;;;;;;;;
0.567693;14925000;1736;;;;;;;;;;;;;;
0.570193;14927500;1728;;;;;;;;;;;;;;
0.572693;14930000;1724;;;;;;;;;;;;;;
0.575193;14932500;1721;14933300;375.331;913.745;33.174;-1461.326;-1450.516;640.701;14932867;273.772;779.275;260.948;1033.579;2635.916;12792.017
0.577693;14935000;1708;;;;;;;;;;;;;;
0.580193;14937500;1710;;;;;;;;;;;;;;
0.582693;14940000;1725;;;;;;;;;;;;;;
0.585193;14942500;1739;;;;;;;;;;;;;;
0.587693;14945000;1741;;;;;;;;;;;;;;
0.590193;14947500;1742;;;;;;;;;;;;;;
0.592693;14950000;1741;;;;;;;;;;;;;;
0.595193;14952500;1727;;;;;;;;;;;;;;
0.597693;14955000;1724;;;;;;;;;;;;;;
0.600193;14957500;1725;;;;;;;;;;;;;;
0.602693;14960000;1737;;;;;;;;;;;;;;
0.605193;14962500;1752;;;;;;;;;;;;;;
0.607693;14965000;1757;;;;;;;;;;;;;;
0.610193;14967500;1758;;;;;;;;;;;;;;
0.612693;14970000;1755;14971228;373.126;913.533;32.168;-1628.884;-1425.678;786.291;14970798;278.408;786.762;257.38;8560.275;917.308;10419.041
0.615193;14972500;1741;;;;;;;;;;;;;;
0.617693;14975000;1738;;;;;;;;;;;;;;
0.620193;14977500;1739;;;;;;;;;;;;;;
0.622693;14980000;1754;;;;;;;;;;;;;;
0.625193;14982500;1760;;;;;;;;;;;;;;
0.627693;14985000;1771;;;;;;;;;;;;;;
0.630193;14987500;1770;;;;;;;;;;;;;;
0.632693;14990000;1767;;;;;;;;;;;;;;
0.635193;14992500;1754;;;;;;;;;;;;;;
0.637693;14995000;1752;;;;;;;;;;;;;;
0.640193;14997500;1753;;;;;;;;;;;;;;
0.642693;15000000;1757;;;;;;;;;;;;;;
0.645193;15002500;1772;;;;;;;;;;;;;;
0.647693;15005000;1784;;;;;;;;;;;;;;
0.650193;15007500;1785;;;;;;;;;;;;;;
0.652693;15010000;1775;;;;;;;;;;;;;;
0.655193;15012500;1767;;;;;;;;;;;;;;
0.657693;15015000;1757;15015664;376.667;914.491;33.317;-1620.065;-1341.269;839.726;15015227;280.055;792.296;250.757;17020.074;-279.62;7990.151
0.660193;15017500;1760;;;;;;;;;;;;;;
0.662693;15020000;1770;;;;;;;;;;;;;;
0.665193;15022500;1783;;;;;;;;;;;;;;
0.667693;15025000;1790;;;;;;;;;;;;;;
0.670193;15027500;1788;;;;;;;;;;;;;;
0.672693;15030000;1784;;;;;;;;;;;;;;
0.675193;15032500;1771;;;;;;;;;;;;;;
0.677693;15035000;1768;;;;;;;;;;;;;;
0.680193;15037500;1767;;;;;;;;;;;;;;
0.682693;15040000;1772;;;;;;;;;;;;;;
0.685193;15042500;1785;;;;;;;;;;;;;;
0.687693;15045000;1787;;;;;;;;;;;;;;
0.690193;15047500;1789;;;;;;;;;;;;;;
0.692693;15050000;1785;;;;;;;;;;;;;;
0.695193;15052500;1771;;;;;;;;;;;;;;
0.697693;15055000;1770;;;;;;;;;;;;;;
0.700193;15057500;1767;15058536;377.775;917.036;36.586;-1397.312;-1263.268;847.615;15058106;280.601;794.71;234.126;27334.945;-1958.327;4824.769
0.702693;15060000;1775;;;;;;;;;;;;;;
0.705193;15062500;1787;;;;;;;;;;;;;;
0.707693;15065000;1801;;;;;;;;;;;;;;
0.710193;15067500;1791;;;;;;;;;;;;;;
0.712693;15070000;1785;;;;;;;;;;;;;;
0.715193;15072500;1774;;;;;;;;;;;;;;
0.717693;15075000;1770;;;;;;;;;;;;;;
0.720193;15077500;1773;;;;;;;;;;;;;;
0.722693;15080000;1784;;;;;;;;;;;;;;
0.725193;15082500;1790;;;;;;;;;;;;;;
0.727693;15085000;1802;;;;;;;;;;;;;;
0.730193;15087500;1803;;;;;;;;;;;;;;
0.732693;15090000;1800;;;;;;;;15091174;281.845;808.118;212.282;38031.82;-3246.41;2060.03
0.735193;15092500;1785;15091612;376.887;919.038;36.672;-1764.946;-1062.729;903.672;;;;;;;
0.737693;15095000;1783;;;;;;;;;;;;;;
0.740193;15097500;1787;;;;;;;;;;;;;;
0.742693;15100000;1799;;;;;;;;;;;;;;
0.745193;15102500;1806;;;;;;;;;;;;;;
0.747693;15105000;1820;;;;;;;;;;;;;;
0.750193;15107500;1819;;;;;;;;;;;;;;
0.752693;15110000;1817;;;;;;;;;;;;;;
0.755193;15112500;1805;;;;;;;;;;;;;;
0.757693;15115000;1803;;;;;;;;;;;;;;
0.760193;15117500;1805;;;;;;;;;;;;;;
0.762693;15120000;1818;;;;;;;;;;;;;;
0.765193;15122500;1833;15123035;378.356;920.099;41.164;-2534.636;-622.843;994.113;15122605;281.545;810.326;188.351;46777.668;-3699.215;-310.096
0.767693;15125000;1837;;;;;;;;;;;;;;
0.770193;15127500;1847;;;;;;;;;;;;;;
0.772693;15130000;1835;;;;;;;;;;;;;;
0.775193;15132500;1823;;;;;;;;;;;;;;
0.777693;15135000;1821;;;;;;;;;;;;;;
0.780193;15137500;1824;;;;;;;;;;;;;;
0.782693;15140000;1833;;;;;;;;;;;;;;
0.785193;15142500;1849;;;;;;;;;;;;;;
0.787693;15145000;1853;;;;;;;;;;;;;;
0.790193;15147500;1852;;;;;;;;;;;;;;
0.792693;15150000;1847;;;;;;;;;;;;;;
0.795193;15152500;1835;;;;;;;;;;;;;;
0.797693;15155000;1834;15156023;376.988;913.384;41.491;-3135.03;-27.763;1216.97;15155586;283.248;809.722;155.796;52392.973;-4163.066;-2097.529
0.800193;15157500;1832;;;;;;;;;;;;;;
0.802693;15160000;1837;;;;;;;;;;;;;;
0.805193;15162500;1849;;;;;;;;;;;;;;
0.807693;15165000;1851;;;;;;;;;;;;;;
0.810193;15167500;1849;;;;;;;;;;;;;;
0.812693;15170000;1838;;;;;;;;;;;;;;
0.815193;15172500;1831;;;;;;;;;;;;;;
0.817693;15175000;1816;;;;;;;;;;;;;;
0.820193;15177500;1818;;;;;;;;;;;;;;
0.822693;15180000;1819;;;;;;;;;;;;;;
0.825193;15182500;1832;;;;;;;;;;;;;;
0.827693;15185000;1835;;;;;;;;;;;;;;
0.830193;15187500;1834;;;;;;;;15188652;284.799;816.139;119.367;55436.762;-4606.351;-3124.465
0.832693;15190000;1818;15189082;379.196;912.513;41.918;-3334.841;485.5;1377.934;;;;;;;
0.835193;15192500;1806;;;;;;;;;;;;;;
0.837693;15195000;1791;;;;;;;;;;;;;;
0.840193;15197500;1790;;;;;;;;;;;;;;
0.842693;15200000;1800;;;;;;;;;;;;;;
0.845193;15202500;1805;;;;;;;;;;;;;;
0.847693;15205000;1816;;;;;;;;;;;;;;
0.850193;15207500;1805;;;;;;;;;;;;;;
0.852693;15210000;1799;;;;;;;;;;;;;;
0.855193;15212500;1784;;;;;;;;;;;;;;
0.857693;15215000;1771;;;;;;;;;;;;;;
0.860193;15217500;1768;;;;;;;;;;;;;;
0.862693;15220000;1772;;;;;;;;;;;;;;
0.865193;15222500;1775;15222157;379.994;906.861;45.336;-3663.348;1207.163;1734.725;15221719;284.907;820.21;87.59;55770.297;-4270.158;-4565.117
0.867693;15225000;1784;;;;;;;;;;;;;;
0.870193;15227500;1774;;;;;;;;;;;;;;
0.872693;15230000;1768;;;;;;;;;;;;;;
0.875193;15232500;1741;;;;;;;;;;;;;;
0.877693;15235000;1736;;;;;;;;;;;;;;
0.880193;15237500;1727;;;;;;;;;;;;;;
0.882693;15240000;1726;;;;;;;;;;;;;;
0.885193;15242500;1735;;;;;;;;;;;;;;
0.887693;15245000;1728;;;;;;;;;;;;;;
0.890193;15247500;1723;;;;;;;;;;;;;;
0.892693;15250000;1707;;;;;;;;;;;;;;
0.895193;15252500;1689;;;;;;;;;;;;;;
0.897693;15255000;1676;15255215;380.746;907.158;47.034;-2903.556;1708.992;1937.176;15254785;281.428;818.441;54.089;55696.031;-4355.463;-5735.111
0.900193;15257500;1673;;;;;;;;;;;;;;
0.902693;15260000;1672;;;;;;;;;;;;;;
0.905193;15262500;1674;;;;;;;;;;;;;;
0.907693;15265000;1675;;;;;;;;;;;;;;
0.910193;15267500;1672;;;;;;;;;;;;;;
0.912693;15270000;1657;;;;;;;;;;;;;;
0.915193;15272500;1640;;;;;;;;;;;;;;
0.917693;15275000;1627;;;;;;;;;;;;;;
0.920193;15277500;1614;;;;;;;;;;;;;;
0.922693;15280000;1625;;;;;;;;;;;;;;
0.925193;15282500;1627;;;;;;;;;;;;;;
0.927693;15285000;1628;;;;;;;;15286217;278.324;816.095;24.184;54535.23;-4173.564;-6350.48
0.930193;15287500;1626;15286650;381.637;909.649;48.648;-2148.503;1912.73;1959.755;;;;;;;
0.932693;15290000;1610;;;;;;;;;;;;;;
0.935193;15292500;1596;;;;;;;;;;;;;;
0.937693;15295000;1592;;;;;;;;;;;;;;
0.940193;15297500;1581;;;;;;;;;;;;;;
0.942693;15300000;1591;;;;;;;;;;;;;;
0.945193;15302500;1595;;;;;;;;;;;;;;
0.947693;15305000;1596;;;;;;;;;;;;;;
0.950193;15307500;1595;;;;;;;;;;;;;;
0.952693;15310000;1583;;;;;;;;;;;;;;
0.955193;15312500;1577;;;;;;;;;;;;;;
0.957693;15315000;1566;;;;;;;;;;;;;;
0.960193;15317500;1575;;;;;;;;;;;;;;
0.962693;15320000;1577;15319719;381.27;910.392;48.991;-2147.828;2131.656;2143.079;15319284;276.401;812.909;-6.811;52931.969;-3852.886;-6950.394
0.965193;15322500;1590;;;;;;;;;;;;;;
0.967693;15325000;1592;;;;;;;;;;;;;;
0.970193;15327500;1595;;;;;;;;;;;;;;
0.972693;15330000;1579;;;;;;;;;;;;;;
0.975193;15332500;1567;;;;;;;;;;;;;;
0.977693;15335000;1564;;;;;;;;;;;;;;
0.980193;15337500;1563;;;;;;;;;;;;;;
0.982693;15340000;1566;;;;;;;;;;;;;;
0.985193;15342500;1583;;;;;;;;;;;;;;
0.987693;15345000;1581;;;;;;;;;;;;;;
0.990193;15347500;1582;;;;;;;;;;;;;;
0.992693;15350000;1579;;;;;;;;;;;;;;
0.995193;15352500;1566;;;;;;;;;;;;;;
0.997693;15355000;1562;;;;;;;;;;;;;;
1.000193;15357500;1564;;;;;;;;;;;;;;
1.002693;15360000;1576;;;;;;;;;;;;;;
1.005193;15362500;1580;15362690;381.422;910.714;49.744;-1937.624;2210.573;2176.8;15362250;272.328;810.633;-36.794;51995.996;-3860.179;-7324.312
1.007693;15365000;1595;;;;;;;;;;;;;;
1.010193;15367500;1592;;;;;;;;;;;;;;
1.012693;15370000;1591;;;;;;;;;;;;;;
1.015193;15372500;1579;;;;;;;;;;;;;;
1.017693;15375000;1577;;;;;;;;;;;;;;
1.020193;15377500;1581;;;;;;;;;;;;;;
1.022693;15380000;1592;;;;;;;;;;;;;;
1.025193;15382500;1607;;;;;;;;;;;;;;
1.027693;15385000;1614;;;;;;;;;;;;;;
1.030193;15387500;1615;;;;;;;;;;;;;;
1.032693;15390000;1614;;;;;;;;;;;;;;
1.035193;15392500;1612;;;;;;;;;;;;;;
1.037693;15395000;1608;15395833;382.749;911.38;50.764;-1641.68;2234.794;2278.835;15395405;269.826;806.079;-65.387;50703.008;-3750.295;-7616.096
1.040193;15397500;1613;;;;;;;;;;;;;;
1.042693;15400000;1626;;;;;;;;;;;;;;
1.045193;15402500;1640;;;;;;;;;;;;;;
1.047693;15405000;1657;;;;;;;;;;;;;;
1.050193;15407500;1658;;;;;;;;;;;;;;
1.052693;15410000;1656;;;;;;;;;;;;;;
1.055193;15412500;1647;;;;;;;;;;;;;;
1.057693;15415000;1646;;;;;;;;;;;;;;
1.060193;15417500;1656;;;;;;;;;;;;;;
1.062693;15420000;1672;;;;;;;;;;;;;;
1.065193;15422500;1679;;;;;;;;;;;;;;
1.067693;15425000;1694;15425706;383.79;911.018;51.727;-1511.471;2378.117;2350.831;15425266;267.254;801.094;-92.465;49544.23;-3687.906;-7843.854
1.070193;15427500;1704;;;;;;;;;;;;;;
1.072693;15430000;1703;;;;;;;;;;;;;;
1.075193;15432500;1689;;;;;;;;;;;;;;
1.077693;15435000;1690;;;;;;;;;;;;;;
1.080193;15437500;1694;;;;;;;;;;;;;;
1.082693;15440000;1709;;;;;;;;;;;;;;
1.085193;15442500;1725;;;;;;;;;;;;;;
1.087693;15445000;1738;;;;;;;;;;;;;;
1.090193;15447500;1741;;;;;;;;;;;;;;
1.092693;15450000;1740;;;;;;;;;;;;;;
1.095193;15452500;1737;;;;;;;;;;;;;;
1.097693;15455000;1736;;;;;;;;;;;;;;
1.100193;15457500;1739;;;;;;;;;;;;;;
1.102693;15460000;1752;;;;;;;;;;;;;;
1.105193;15462500;1771;15462140;387.543;908.899;54.436;-1044.335;2362.461;2308.977;15461712;259.107;799.89;-118.067;48559.332;-3449.26;-7907.973
1.107693;15465000;1784;;;;;;;;;;;;;;
1.110193;15467500;1787;;;;;;;;;;;;;;
1.112693;15470000;1785;;;;;;;;;;;;;;
1.115193;15472500;1774;;;;;;;;;;;;;;
1.117693;15475000;1772;;;;;;;;;;;;;;
1.120193;15477500;1784;;;;;;;;;;;;;;
1.122693;15480000;1790;;;;;;;;;;;;;;
1.125193;15482500;1808;;;;;;;;;;;;;;
1.127693;15485000;1823;;;;;;;;;;;;;;
1.130193;15487500;1831;;;;;;;;;;;;;;
1.132693;15490000;1822;;;;;;;;;;;;;;
1.135193;15492500;1818;;;;;;;;;;;;;;
1.137693;15495000;1816;15495393;389.26;908.527;56.063;-582.619;2362.901;2340.528;15494953;256.881;796.66;-144.189;47079.863;-3315.735;-7895.387
1.140193;15497500;1819;;;;;;;;;;;;;;
1.142693;15500000;1834;;;;;;;;;;;;;;
1.145193;15502500;1850;;;;;;;;;;;;;;
1.147693;15505000;1864;;;;;;;;;;;;;;
1.150193;15507500;1868;;;;;;;;;;;;;;
1.152693;15510000;1862;;;;;;;;;;;;;;
1.155193;15512500;1852;;;;;;;;;;;;;;
1.157693;15515000;1852;;;;;;;;;;;;;;
1.160193;15517500;1853;;;;;;;;;;;;;;
1.162693;15520000;1866;;;;;;;;;;;;;;
1.165193;15522500;1880;;;;;;;;;;;;;;
1.167693;15525000;1895;;;;;;;;;;;;;;
1.170193;15527500;1898;15526893;390.799;907.911;56.694;-402.113;2357.631;2335.064;15526471;253.535;793.287;-169.328;45636.746;-3136.823;-7908.367
1.172693;15530000;1895;;;;;;;;;;;;;;
1.175193;15532500;1883;;;;;;;;;;;;;;
1.177693;15535000;1880;;;;;;;;;;;;;;
1.180193;15537500;1882;;;;;;;;;;;;;;
1.182693;15540000;1896;;;;;;;;;;;;;;
1.185193;15542500;1911;;;;;;;;;;;;;;
1.187693;15545000;1916;;;;;;;;;;;;;;
1.190193;15547500;1919;;;;;;;;;;;;;;
1.192693;15550000;1917;;;;;;;;;;;;;;
1.195193;15552500;1912;;;;;;;;;;;;;;
1.197693;15555000;1902;;;;;;;;;;;;;;
1.200193;15557500;1911;;;;;;;;;;;;;;
1.202693;15560000;1926;15560077;391.932;906.588;58.313;-7.069;2251.124;2320.686;15559625;250.758;790.424;-192.746;43987.098;-3001.419;-7802.574
1.205193;15562500;1933;;;;;;;;;;;;;;
1.207693;15565000;1945;;;;;;;;;;;;;;
1.210193;15567500;1946;;;;;;;;;;;;;;
1.212693;15570000;1935;;;;;;;;;;;;;;
1.215193;15572500;1930;;;;;;;;;;;;;;
1.217693;15575000;1928;;;;;;;;;;;;;;
1.220193;15577500;1930;;;;;;;;;;;;;;
1.222693;15580000;1943;;;;;;;;;;;;;;
1.225193;15582500;1951;;;;;;;;;;;;;;
1.227693;15585000;1959;;;;;;;;;;;;;;
1.230193;15587500;1964;;;;;;;;;;;;;;
1.232693;15590000;1960;;;;;;;;;;;;;;
1.235193;15592500;1951;15593027;393.173;906.106;59.38;311.346;2151.255;2321.026;15592605;247.816;786.289;-216.116;42079.555;-2892.911;-7550.695
1.237693;15595000;1950;;;;;;;;;;;;;;
1.240193;15597500;1950;;;;;;;;;;;;;;
1.242693;15600000;1962;;;;;;;;;;;;;;
1.245193;15602500;1976;;;;;;;;;;;;;;
1.247693;15605000;1984;;;;;;;;;;;;;;
1.250193;15607500;1992;;;;;;;;;;;;;;
1.252693;15610000;1981;;;;;;;;;;;;;;
1.255193;15612500;1979;;;;;;;;;;;;;;
1.257693;15615000;1976;;;;;;;;;;;;;;
1.260193;15617500;1981;;;;;;;;;;;;;;
1.262693;15620000;1979;;;;;;;;;;;;;;
1.265193;15622500;1998;;;;;;;;;;;;;;
1.267693;15625000;2009;15626112;394.321;906.191;60.553;438.404;2015.693;2255.725;15625672;246.009;783.208;-238.817;40320.328;-2746.953;-7332.41
1.270193;15627500;2010;;;;;;;;;;;;;;
1.272693;15630000;2011;;;;;;;;;;;;;;
1.275193;15632500;2010;;;;;;;;;;;;;;
1.277693;15635000;1997;;;;;;;;;;;;;;
1.280193;15637500;2007;;;;;;;;;;;;;;
1.282693;15640000;2015;;;;;;;;;;;;;;
1.285193;15642500;2027;;;;;;;;;;;;;;
1.287693;15645000;2040;;;;;;;;;;;;;;
1.290193;15647500;2042;;;;;;;;;;;;;;
1.292693;15650000;2032;;;;;;;;;;;;;;
1.295193;15652500;2011;;;;;;;;;;;;;;
1.297693;15655000;2027;;;;;;;;;;;;;;
1.300193;15657500;2027;;;;;;;;;;;;;;
1.302693;15660000;2031;;;;;;;;;;;;;;
1.305193;15662500;2048;;;;;;;;;;;;;;
1.307693;15665000;2061;;;;;;;;;;;;;;
1.310193;15667500;2061;;;;;;;;15668638;243.303;779.153;-260.048;38572.062;-2672.605;-7072.54
1.312693;15670000;2048;15669073;395.614;906.009;60.643;486.921;1945.97;2221.251;;;;;;;
1.315193;15672500;2046;;;;;;;;;;;;;;
1.317693;15675000;2042;;;;;;;;;;;;;;
1.320193;15677500;2044;;;;;;;;;;;;;;
1.322693;15680000;2059;;;;;;;;;;;;;;
1.325193;15682500;2064;;;;;;;;;;;;;;
1.327693;15685000;2077;;;;;;;;;;;;;;
1.330193;15687500;2079;;;;;;;;;;;;;;
1.332693;15690000;2076;;;;;;;;;;;;;;
1.335193;15692500;2063;;;;;;;;;;;;;;
1.337693;15695000;2064;;;;;;;;;;;;;;
1.340193;15697500;2064;;;;;;;;;;;;;;
1.342693;15700000;2076;;;;;;;;;;;;;;
1.345193;15702500;2091;15702138;396.823;905.531;63.79;668.2;1926.547;2034.064;15701706;240.178;780.291;-279.608;37059.957;-2632.6;-6877.725
1.347693;15705000;2104;;;;;;;;;;;;;;
1.350193;15707500;2106;;;;;;;;;;;;;;
1.352693;15710000;2103;;;;;;;;;;;;;;
1.355193;15712500;2093;;;;;;;;;;;;;;
1.357693;15715000;2090;;;;;;;;;;;;;;
1.360193;15717500;2090;;;;;;;;;;;;;;
1.362693;15720000;2104;;;;;;;;;;;;;;
1.365193;15722500;2121;;;;;;;;;;;;;;
1.367693;15725000;2127;;;;;;;;;;;;;;
1.370193;15727500;2134;15728622;398.131;904.071;66.621;1050.415;1663.969;1779.673;15728187;238.326;781.268;-298.372;34692.457;-2555.657;-6277.026
1.372693;15730000;2124;;;;;;;;;;;;;;
1.375193;15732500;2119;;;;;;;;;;;;;;
1.377693;15735000;2120;;;;;;;;;;;;;;
1.380193;15737500;2121;;;;;;;;;;;;;;
1.382693;15740000;2135;;;;;;;;;;;;;;
1.385193;15742500;2142;;;;;;;;;;;;;;
1.387693;15745000;2155;;;;;;;;;;;;;;
1.390193;15747500;2157;;;;;;;;;;;;;;
1.392693;15750000;2155;;;;;;;;;;;;;;
1.395193;15752500;2143;;;;;;;;;;;;;;
1.397693;15755000;2141;;;;;;;;;;;;;;
1.400193;15757500;2152;;;;;;;;;;;;;;
1.402693;15760000;2157;;;;;;;;;;;;;;
1.405193;15762500;2171;;;;;;;;;;;;;;
1.407693;15765000;2186;;;;;;;;;;;;;;
1.410193;15767500;2186;15766723;399.714;901.531;69.64;1196.957;1790.771;1857.814;15766291;239.098;779.091;-318.089;30875.77;-2391.562;-4970.925
1.412693;15770000;2185;;;;;;;;;;;;;;
1.415193;15772500;2173;;;;;;;;;;;;;;
1.417693;15775000;2175;;;;;;;;;;;;;;
1.420193;15777500;2174;;;;;;;;;;;;;;
1.422693;15780000;2188;;;;;;;;;;;;;;
1.425193;15782500;2203;;;;;;;;;;;;;;
1.427693;15785000;2216;;;;;;;;;;;;;;
1.430193;15787500;2208;;;;;;;;;;;;;;
1.432693;15790000;2215;;;;;;;;;;;;;;
1.435193;15792500;2206;;;;;;;;;;;;;;
1.437693;15795000;2203;;;;;;;;;;;;;;
1.440193;15797500;2203;;;;;;;;;;;;;;
1.442693;15800000;2217;15799880;401.085;901.118;65.194;831.734;2193.857;2355.111;15799444;238.001;780.464;-332.307;26345.168;-2365.171;-3852.628
1.445193;15802500;2234;;;;;;;;;;;;;;
1.447693;15805000;2236;;;;;;;;;;;;;;
1.450193;15807500;2240;;;;;;;;;;;;;;
1.452693;15810000;2239;;;;;;;;;;;;;;
1.455193;15812500;2234;;;;;;;;;;;;;;
1.457693;15815000;2232;;;;;;;;;;;;;;
1.460193;15817500;2234;;;;;;;;;;;;;;
1.462693;15820000;2250;;;;;;;;;;;;;;
1.465193;15822500;2264;;;;;;;;;;;;;;
1.467693;15825000;2271;;;;;;;;;;;;;;
1.470193;15827500;2280;;;;;;;;;;;;;;
1.472693;15830000;2271;15829651;401.801;901.038;63.947;692.585;2503.727;2533.105;15829219;236.41;782.439;-343.825;21088.223;-2255.662;-2686.56
1.475193;15832500;2267;;;;;;;;;;;;;;
1.477693;15835000;2268;;;;;;;;;;;;;;
1.480193;15837500;2271;;;;;;;;;;;;;;
1.482693;15840000;2280;;;;;;;;;;;;;;
1.485193;15842500;2299;;;;;;;;;;;;;;
1.487693;15845000;2314;;;;;;;;;;;;;;
1.490193;15847500;2317;;;;;;;;;;;;;;
1.492693;15850000;2316;;;;;;;;;;;;;;
1.495193;15852500;2314;;;;;;;;;;;;;;
1.497693;15855000;2313;;;;;;;;;;;;;;
1.500193;15857500;2318;;;;;;;;;;;;;;
1.502693;15860000;2330;;;;;;;;;;;;;;
1.505193;15862500;2349;;;;;;;;;;;;;;
1.507693;15865000;2362;15866009;403.207;901.711;61.568;1148.831;2586.791;2845.263;15865578;233.587;786.23;-350.85;14932.561;-2004.192;-1747.669
1.510193;15867500;2366;;;;;;;;;;;;;;
1.512693;15870000;2366;;;;;;;;;;;;;;
1.515193;15872500;2366;;;;;;;;;;;;;;
1.517693;15875000;2363;;;;;;;;;;;;;;
1.520193;15877500;2376;;;;;;;;;;;;;;
1.522693;15880000;2392;;;;;;;;;;;;;;
1.525193;15882500;2407;;;;;;;;;;;;;;
1.527693;15885000;2425;;;;;;;;;;;;;;
1.530193;15887500;2427;;;;;;;;;;;;;;
1.532693;15890000;2426;;;;;;;;;;;;;;
1.535193;15892500;2424;;;;;;;;;;;;;;
1.537693;15895000;2424;;;;;;;;;;;;;;
1.540193;15897500;2427;;;;;;;;15898732;231.527;791.132;-359.294;7900.37;-1436.732;-665.848
1.542693;15900000;2443;15899170;405.147;899.893;51.999;1262.014;2776.826;3097.625;;;;;;;
1.545193;15902500;2457;;;;;;;;;;;;;;
1.547693;15905000;2472;;;;;;;;;;;;;;
1.550193;15907500;2475;;;;;;;;;;;;;;
1.552693;15910000;2474;;;;;;;;;;;;;;
1.555193;15912500;2462;;;;;;;;;;;;;;
1.557693;15915000;2462;;;;;;;;;;;;;;
1.560193;15917500;2472;;;;;;;;;;;;;;
1.562693;15920000;2486;;;;;;;;;;;;;;
1.565193;15922500;2494;;;;;;;;;;;;;;
1.567693;15925000;2509;;;;;;;;;;;;;;
1.570193;15927500;2510;;;;;;;;;;;;;;
1.572693;15930000;2507;15930507;406.679;904.345;53.962;1817.101;2522.922;3079.681;15930077;233.243;789.358;-363.875;2495.102;-1198.645;-245.368
1.575193;15932500;2508;;;;;;;;;;;;;;
1.577693;15935000;2506;;;;;;;;;;;;;;
1.580193;15937500;2510;;;;;;;;;;;;;;
1.582693;15940000;2525;;;;;;;;;;;;;;
1.585193;15942500;2539;;;;;;;;;;;;;;
1.587693;15945000;2552;;;;;;;;;;;;;;
1.590193;15947500;2558;;;;;;;;;;;;;;
1.592693;15950000;2558;;;;;;;;;;;;;;
1.595193;15952500;2555;;;;;;;;;;;;;;
1.597693;15955000;2556;;;;;;;;;;;;;;
1.600193;15957500;2569;;;;;;;;;;;;;;
1.602693;15960000;2583;;;;;;;;;;;;;;
1.605193;15962500;2599;15963489;409.299;905.171;54.356;2044.308;2481.651;2973.822;15963057;231.847;798.581;-363.792;-1904.029;-938.338;378.963
1.607693;15965000;2617;;;;;;;;;;;;;;
1.610193;15967500;2621;;;;;;;;;;;;;;
1.612693;15970000;2620;;;;;;;;;;;;;;
1.615193;15972500;2621;;;;;;;;;;;;;;
1.617693;15975000;2622;;;;;;;;;;;;;;
1.620193;15977500;2632;;;;;;;;;;;;;;
1.622693;15980000;2650;;;;;;;;;;;;;;
1.625193;15982500;2669;;;;;;;;;;;;;;
1.627693;15985000;2683;;;;;;;;;;;;;;
1.630193;15987500;2697;;;;;;;;;;;;;;
1.632693;15990000;2698;;;;;;;;;;;;;;
1.635193;15992500;2699;;;;;;;;;;;;;;
1.637693;15995000;2701;;;;;;;;;;;;;;
1.640193;15997500;2715;;;;;;;;;;;;;;
1.642693;16000000;2732;;;;;;;;;;;;;;
1.645193;16002500;2750;;;;;;;;;;;;;;
1.647693;16005000;2777;;;;;;;;16005850;235.84;811.484;-361.755;-8513.952;-514.734;1344.827
1.650193;16007500;2781;16006286;410.996;904.595;57.006;2133.718;2319.506;2657.568;;;;;;;
1.652693;16010000;2782;;;;;;;;;;;;;;
1.655193;16012500;2783;;;;;;;;;;;;;;
1.657693;16015000;2793;;;;;;;;;;;;;;
1.660193;16017500;2808;;;;;;;;;;;;;;
1.662693;16020000;2825;;;;;;;;;;;;;;
1.665193;16022500;2842;;;;;;;;;;;;;;
1.667693;16025000;2858;;;;;;;;;;;;;;
1.670193;16027500;2872;;;;;;;;;;;;;;
1.672693;16030000;2874;16031020;410.417;905.194;56.767;2251.907;2145.343;2210.127;16030588;236.632;819.667;-359.771;-15765.066;206.19;2336.773
1.675193;16032500;2873;;;;;;;;;;;;;;
1.677693;16035000;2875;;;;;;;;;;;;;;
1.680193;16037500;2879;;;;;;;;;;;;;;
1.682693;16040000;2903;;;;;;;;;;;;;;
1.685193;16042500;2921;;;;;;;;;;;;;;
1.687693;16045000;2927;;;;;;;;;;;;;;
1.690193;16047500;2939;;;;;;;;;;;;;;
1.692693;16050000;2942;;;;;;;;;;;;;;
1.695193;16052500;2940;;;;;;;;;;;;;;
1.697693;16055000;2941;;;;;;;;;;;;;;
1.700193;16057500;2953;;;;;;;;;;;;;;
1.702693;16060000;2969;;;;;;;;;;;;;;
1.705193;16062500;2986;;;;;;;;;;;;;;
1.707693;16065000;3000;;;;;;;;;;;;;;
1.710193;16067500;3006;;;;;;;;;;;;;;
1.712693;16070000;3005;;;;;;;;;;;;;;
1.715193;16072500;3003;16072240;410.405;907.575;54.301;2400.936;1978.576;2006.433;16071810;234.841;817.864;-343.021;-21231.75;717.818;2965.872
1.717693;16075000;3005;;;;;;;;;;;;;;
1.720193;16077500;3016;;;;;;;;;;;;;;
1.722693;16080000;3031;;;;;;;;;;;;;;
1.725193;16082500;3048;;;;;;;;;;;;;;
1.727693;16085000;3063;;;;;;;;;;;;;;
1.730193;16087500;3068;;;;;;;;;;;;;;
1.732693;16090000;3067;;;;;;;;;;;;;;
1.735193;16092500;3066;;;;;;;;;;;;;;
1.737693;16095000;3064;;;;;;;;;;;;;;
1.740193;16097500;3068;;;;;;;;;;;;;;
1.742693;16100000;3086;;;;;;;;;;;;;;
1.745193;16102500;3101;;;;;;;;;;;;;;
1.747693;16105000;3116;16105228;413.278;904.781;54.148;2585.389;1784.272;1704.861;16104791;236.684;836.073;-333.892;-26479.35;1783.99;3796.704
1.750193;16107500;3119;;;;;;;;;;;;;;
1.752693;16110000;3119;;;;;;;;;;;;;;
1.755193;16112500;3117;;;;;;;;;;;;;;
1.757693;16115000;3114;;;;;;;;;;;;;;
1.760193;16117500;3119;;;;;;;;;;;;;;
1.762693;16120000;3134;;;;;;;;;;;;;;
1.765193;16122500;3148;;;;;;;;;;;;;;
1.767693;16125000;3160;;;;;;;;;;;;;;
1.770193;16127500;3165;;;;;;;;;;;;;;
1.772693;16130000;3162;;;;;;;;;;;;;;
1.775193;16132500;3160;16131702;414.708;904.322;48.494;2893.62;1252.746;1162.431;16131272;236.031;843.973;-327.018;-32937.633;2998.541;4483.181
1.777693;16135000;3160;;;;;;;;;;;;;;
1.780193;16137500;3165;;;;;;;;;;;;;;
1.782693;16140000;3177;;;;;;;;;;;;;;
1.785193;16142500;3184;;;;;;;;;;;;;;
1.787693;16145000;3199;;;;;;;;;;;;;;
1.790193;16147500;3209;;;;;;;;;;;;;;
1.792693;16150000;3207;;;;;;;;;;;;;;
1.795193;16152500;3197;;;;;;;;;;;;;;
1.797693;16155000;3194;;;;;;;;;;;;;;
1.800193;16157500;3196;;;;;;;;;;;;;;
1.802693;16160000;3206;;;;;;;;;;;;;;
1.805193;16162500;3214;;;;;;;;;;;;;;
1.807693;16165000;3227;;;;;;;;;;;;;;
1.810193;16167500;3229;;;;;;;;;;;;;;
1.812693;16170000;3228;16169723;414.487;903.27;42.726;1684.501;923.234;1029.934;16169289;233.697;832.054;-307.367;-37400.438;3602.426;4635.709
1.815193;16172500;3222;;;;;;;;;;;;;;
1.817693;16175000;3212;;;;;;;;;;;;;;
1.820193;16177500;3212;;;;;;;;;;;;;;
1.822693;16180000;3223;;;;;;;;;;;;;;
1.825193;16182500;3228;;;;;;;;;;;;;;
1.827693;16185000;3240;;;;;;;;;;;;;;
1.830193;16187500;3241;;;;;;;;;;;;;;
1.832693;16190000;3231;;;;;;;;;;;;;;
1.835193;16192500;3227;;;;;;;;;;;;;;
1.837693;16195000;3224;;;;;;;;;;;;;;
1.840193;16197500;3224;;;;;;;;;;;;;;
1.842693;16200000;3258;;;;;;;;;;;;;;
1.845193;16202500;3241;16202704;412.301;901.074;44.86;1492.651;721.322;804.313;16202269;235.151;834.189;-279.847;-37068.227;3534.742;5235.173
1.847693;16205000;3256;;;;;;;;;;;;;;
1.850193;16207500;3248;;;;;;;;;;;;;;
1.852693;16210000;3246;;;;;;;;;;;;;;
1.855193;16212500;3240;;;;;;;;;;;;;;
1.857693;16215000;3228;;;;;;;;;;;;;;
1.860193;16217500;3231;;;;;;;;;;;;;;
1.862693;16220000;3243;;;;;;;;;;;;;;
1.865193;16222500;3257;;;;;;;;;;;;;;
1.867693;16225000;3261;;;;;;;;;;;;;;
1.870193;16227500;3263;;;;;;;;;;;;;;
1.872693;16230000;3261;;;;;;;;;;;;;;
1.875193;16232500;3256;16232301;413.865;903.131;41.733;1376.894;300.693;242.159;16231869;242.206;835.362;-264.342;-37946.566;3599.068;5674.727
1.877693;16235000;3245;;;;;;;;;;;;;;
1.880193;16237500;3244;;;;;;;;;;;;;;
1.882693;16240000;3256;;;;;;;;;;;;;;
1.885193;16242500;3263;;;;;;;;;;;;;;
1.887693;16245000;3275;;;;;;;;;;;;;;
1.890193;16247500;3278;;;;;;;;;;;;;;
1.892693;16250000;3273;;;;;;;;;;;;;;
1.895193;16252500;3259;;;;;;;;;;;;;;
1.897693;16255000;3255;;;;;;;;;;;;;;
1.900193;16257500;3255;;;;;;;;;;;;;;
1.902693;16260000;3259;;;;;;;;;;;;;;
1.905193;16262500;3272;;;;;;;;;;;;;;
1.907693;16265000;3278;;;;;;;;;;;;;;
1.910193;16267500;3277;16268486;414.546;899.875;41.445;423.424;258.096;286.927;16268055;245.547;825.485;-242.646;-37718.301;3567.427;5860.866
1.912693;16270000;3272;;;;;;;;;;;;;;
1.915193;16272500;3260;;;;;;;;;;;;;;
1.917693;16275000;3247;;;;;;;;;;;;;;
1.920193;16277500;3245;;;;;;;;;;;;;;
1.922693;16280000;3246;;;;;;;;;;;;;;
1.925193;16282500;3258;;;;;;;;;;;;;;
1.927693;16285000;3262;;;;;;;;;;;;;;
1.930193;16287500;3261;;;;;;;;;;;;;;
1.932693;16290000;3255;;;;;;;;;;;;;;
1.935193;16292500;3239;;;;;;;;;;;;;;
1.937693;16295000;3225;;;;;;;;;;;;;;
1.940193;16297500;3213;;;;;;;;;;;;;;
1.942693;16300000;3214;;;;;;;;;;;;;;
1.945193;16302500;3224;;;;;;;;;;;;;;
1.947693;16305000;3225;;;;;;;;;;;;;;
1.950193;16307500;3223;;;;;;;;;;;;;;
1.952693;16310000;3208;16311200;414.333;898.137;43.93;806.94;57.941;318.08;16310762;250.685;831.821;-221.199;-34861.574;3025.493;6314.635
1.955193;16312500;3191;;;;;;;;;;;;;;
1.957693;16315000;3175;;;;;;;;;;;;;;
1.960193;16317500;3164;;;;;;;;;;;;;;
1.962693;16320000;3161;;;;;;;;;;;;;;
1.965193;16322500;3163;;;;;;;;;;;;;;
1.967693;16325000;3166;;;;;;;;;;;;;;
1.970193;16327500;3161;;;;;;;;;;;;;;
1.972693;16330000;3149;;;;;;;;;;;;;;
1.975193;16332500;3131;;;;;;;;;;;;;;
1.977693;16335000;3113;;;;;;;;;;;;;;
1.980193;16337500;3101;;;;;;;;;;;;;;
1.982693;16340000;3099;;;;;;;;;;;;;;
1.985193;16342500;3099;;;;;;;;;;;;;;
1.987693;16345000;3101;;;;;;;;;;;;;;
1.990193;16347500;3097;;;;;;;;;;;;;;
1.992693;16350000;3083;;;;;;;;;;;;;;
1.995193;16352500;3065;;;;;;;;16353381;256.109;835.523;-201.599;-33168.809;2783.656;6423.715
1.997693;16355000;3050;16353811;415.815;897.711;43.795;750.843;-75.331;441.301;;;;;;;
2.000193;16357500;3035;;;;;;;;;;;;;;
2.002693;16360000;3033;;;;;;;;;;;;;;
2.005193;16362500;3035;;;;;;;;;;;;;;
2.007693;16365000;3035;;;;;;;;;;;;;;
2.010193;16367500;3022;;;;;;;;;;;;;;
2.012693;16370000;3007;;;;;;;;;;;;;;
2.015193;16372500;2991;;;;;;;;;;;;;;
2.017693;16375000;2972;;;;;;;;;;;;;;
2.020193;16377500;2957;;;;;;;;;;;;;;
2.022693;16380000;2954;;;;;;;;;;;;;;
2.025193;16382500;2953;;;;;;;;;;;;;;
2.027693;16385000;2943;;;;;;;;16386189;260.085;838.191;-182.387;-31230.805;2483.035;6558.404
2.030193;16387500;2938;16386626;415.819;897.081;44.759;547.489;-117.939;581.986;;;;;;;
2.032693;16390000;2921;;;;;;;;;;;;;;
2.035193;16392500;2893;;;;;;;;;;;;;;
2.037693;16395000;2874;;;;;;;;;;;;;;
2.040193;16397500;2859;;;;;;;;;;;;;;
2.042693;16400000;2857;;;;;;;;;;;;;;
2.045193;16402500;2845;;;;;;;;;;;;;;
2.047693;16405000;2844;;;;;;;;;;;;;;
2.050193;16407500;2830;;;;;;;;;;;;;;
2.052693;16410000;2814;;;;;;;;;;;;;;
2.055193;16412500;2794;;;;;;;;;;;;;;
2.057693;16415000;2775;;;;;;;;;;;;;;
2.060193;16417500;2761;;;;;;;;;;;;;;
2.062693;16420000;2749;16419512;416.878;896.159;46.639;736.239;-189.917;750.199;16419082;265.704;845.582;-162.819;-28910.201;2249.509;6361.734
2.065193;16422500;2746;;;;;;;;;;;;;;
2.067693;16425000;2744;;;;;;;;;;;;;;
2.070193;16427500;2732;;;;;;;;;;;;;;
2.072693;16430000;2715;;;;;;;;;;;;;;
2.075193;16432500;2686;;;;;;;;;;;;;;
2.077693;16435000;2670;;;;;;;;;;;;;;
2.080193;16437500;2655;;;;;;;;;;;;;;
2.082693;16440000;2650;;;;;;;;;;;;;;
2.085193;16442500;2648;;;;;;;;;;;;;;
2.087693;16445000;2637;;;;;;;;;;;;;;
2.090193;16447500;2635;;;;;;;;;;;;;;
2.092693;16450000;2619;;;;;;;;;;;;;;
2.095193;16452500;2591;16452419;417.579;898.437;46.515;897.615;-236.421;792.314;16451974;269.383;851.743;-147.748;-27399.504;2215.783;5955.709
2.097693;16455000;2573;;;;;;;;;;;;;;
2.100193;16457500;2556;;;;;;;;;;;;;;
2.102693;16460000;2552;;;;;;;;;;;;;;
2.105193;16462500;2543;;;;;;;;;;;;;;
2.107693;16465000;2550;;;;;;;;;;;;;;
2.110193;16467500;2537;;;;;;;;;;;;;;
2.112693;16470000;2520;;;;;;;;;;;;;;
2.115193;16472500;2494;;;;;;;;;;;;;;
2.117693;16475000;2477;;;;;;;;;;;;;;
2.120193;16477500;2461;;;;;;;;;;;;;;
2.122693;16480000;2456;;;;;;;;;;;;;;
2.125193;16482500;2455;16483656;418.3;898.777;46.001;666.797;-232.475;852.886;16483233;272.268;852.112;-132.596;-26013.779;2121.619;5393.674
2.127693;16485000;2455;;;;;;;;;;;;;;
2.130193;16487500;2442;;;;;;;;;;;;;;
2.132693;16490000;2426;;;;;;;;;;;;;;
2.135193;16492500;2400;;;;;;;;;;;;;;
2.137693;16495000;2382;;;;;;;;;;;;;;
2.140193;16497500;2367;;;;;;;;;;;;;;
2.142693;16500000;2351;;;;;;;;;;;;;;
2.145193;16502500;2363;;;;;;;;;;;;;;
2.147693;16505000;2361;;;;;;;;;;;;;;
2.150193;16507500;2347;;;;;;;;;;;;;;
2.152693;16510000;2333;;;;;;;;;;;;;;
2.155193;16512500;2315;;;;;;;;;;;;;;
2.157693;16515000;2295;;;;;;;;16516126;275.631;853.633;-117.542;-23742.277;1854.975;4704.428
2.160193;16517500;2280;16516571;418.766;897.85;46.891;642.207;-207.726;913.929;;;;;;;
2.162693;16520000;2269;;;;;;;;;;;;;;
2.165193;16522500;2269;;;;;;;;;;;;;;
2.167693;16525000;2280;;;;;;;;;;;;;;
2.170193;16527500;2265;;;;;;;;;;;;;;
2.172693;16530000;2249;;;;;;;;;;;;;;
2.175193;16532500;2231;;;;;;;;;;;;;;
2.177693;16535000;2204;;;;;;;;;;;;;;
2.180193;16537500;2190;;;;;;;;;;;;;;
2.182693;16540000;2189;;;;;;;;;;;;;;
2.185193;16542500;2188;;;;;;;;;;;;;;
2.187693;16545000;2188;;;;;;;;;;;;;;
2.190193;16547500;2185;;;;;;;;;;;;;;
2.192693;16550000;2167;16549448;418.799;898.518;47.109;789.909;-127.34;949.17;16549018;276.959;857.306;-104.942;-20303.789;1423.602;3791.519
2.195193;16552500;2151;;;;;;;;;;;;;;
2.197693;16555000;2135;;;;;;;;;;;;;;
2.200193;16557500;2121;;;;;;;;;;;;;;
2.202693;16560000;2120;;;;;;;;;;;;;;
2.205193;16562500;2119;;;;;;;;;;;;;;
2.207693;16565000;2122;;;;;;;;;;;;;;
2.210193;16567500;2109;;;;;;;;;;;;;;
2.212693;16570000;2095;;;;;;;;;;;;;;
2.215193;16572500;2076;;;;;;;;;;;;;;
2.217693;16575000;2061;;;;;;;;;;;;;;
2.220193;16577500;2056;;;;;;;;;;;;;;
2.222693;16580000;2046;;;;;;;;;;;;;;
2.225193;16582500;2047;16582347;420.1;898.519;47.943;593.788;-62.348;970.837;16581913;277.653;860.733;-94.693;-17276.1;1042.234;2887.068
2.227693;16585000;2042;;;;;;;;;;;;;;
2.230193;16587500;2045;;;;;;;;;;;;;;
2.232693;16590000;2040;;;;;;;;;;;;;;
2.235193;16592500;2023;;;;;;;;;;;;;;
2.237693;16595000;1999;;;;;;;;;;;;;;
2.240193;16597500;1994;;;;;;;;;;;;;;
2.242693;16600000;1993;;;;;;;;;;;;;;
2.245193;16602500;1994;;;;;;;;;;;;;;
2.247693;16605000;1996;;;;;;;;;;;;;;
2.250193;16607500;1995;;;;;;;;;;;;;;
2.252693;16610000;1982;;;;;;;;;;;;;;
2.255193;16612500;1965;;;;;;;;;;;;;;
2.257693;16615000;1948;16615063;420.683;899.227;49.151;651.599;-100.793;884.67;16614633;280.119;863.245;-84.511;-14688.982;528.56;2093.902
2.260193;16617500;1943;;;;;;;;;;;;;;
2.262693;16620000;1943;;;;;;;;;;;;;;
2.265193;16622500;1936;;;;;;;;;;;;;;
2.267693;16625000;1947;;;;;;;;;;;;;;
2.270193;16627500;1946;;;;;;;;;;;;;;
2.272693;16630000;1931;;;;;;;;;;;;;;
2.275193;16632500;1915;;;;;;;;;;;;;;
2.277693;16635000;1902;;;;;;;;;;;;;;
2.280193;16637500;1896;;;;;;;;;;;;;;
2.282693;16640000;1895;;;;;;;;;;;;;;
2.285193;16642500;1899;;;;;;;;;;;;;;
2.287693;16645000;1902;;;;;;;;;;;;;;
2.290193;16647500;1899;;;;;;;;;;;;;;
2.292693;16650000;1887;;;;;;;;;;;;;;
2.295193;16652500;1880;;;;;;;;;;;;;;
2.297693;16655000;1863;;;;;;;;;;;;;;
2.300193;16657500;1852;16657691;422.292;896.862;51.897;110.206;-185.879;771.749;16657251;278.99;869.158;-80.938;-10918.283;-168.118;1267.769
2.302693;16660000;1853;;;;;;;;;;;;;;
2.305193;16662500;1855;;;;;;;;;;;;;;
2.307693;16665000;1864;;;;;;;;;;;;;;
2.310193;16667500;1864;;;;;;;;;;;;;;
2.312693;16670000;1853;;;;;;;;;;;;;;
2.315193;16672500;1836;;;;;;;;;;;;;;
2.317693;16675000;1822;;;;;;;;;;;;;;
2.320193;16677500;1820;;;;;;;;;;;;;;
2.322693;16680000;1820;;;;;;;;;;;;;;
2.325193;16682500;1832;;;;;;;;;;;;;;
2.327693;16685000;1833;;;;;;;;;;;;;;
2.330193;16687500;1833;;;;;;;;;;;;;;
2.332693;16690000;1820;16690487;423.137;893.621;52.261;-149.491;-222.96;732.724;16690059;280.443;873.133;-75.263;-7018.494;-1053.087;244.506
2.335193;16692500;1804;;;;;;;;;;;;;;
2.337693;16695000;1799;;;;;;;;;;;;;;
2.340193;16697500;1788;;;;;;;;;;;;;;
2.342693;16700000;1789;;;;;;;;;;;;;;
2.345193;16702500;1800;;;;;;;;;;;;;;
2.347693;16705000;1804;;;;;;;;;;;;;;
2.350193;16707500;1803;;;;;;;;;;;;;;
2.352693;16710000;1790;;;;;;;;;;;;;;
2.355193;16712500;1784;;;;;;;;;;;;;;
2.357693;16715000;1770;;;;;;;;;;;;;;
2.360193;16717500;1767;;;;;;;;;;;;;;
2.362693;16720000;1769;;;;;;;;16721230;281.732;876.044;-74.257;-4144.507;-1818.558;-529.407
2.365193;16722500;1771;16721670;421.745;895.696;51.014;163.796;-414.374;714.463;;;;;;;
2.367693;16725000;1775;;;;;;;;;;;;;;
2.370193;16727500;1783;;;;;;;;;;;;;;
2.372693;16730000;1774;;;;;;;;;;;;;;
2.375193;16732500;1757;;;;;;;;;;;;;;
2.377693;16735000;1751;;;;;;;;;;;;;;
2.380193;16737500;1743;;;;;;;;;;;;;;
2.382693;16740000;1743;;;;;;;;;;;;;;
2.385193;16742500;1753;;;;;;;;;;;;;;
2.387693;16745000;1757;;;;;;;;;;;;;;
2.390193;16747500;1768;;;;;;;;;;;;;;
2.392693;16750000;1756;;;;;;;;;;;;;;
2.395193;16752500;1743;;;;;;;;;;;;;;
2.397693;16755000;1736;16754464;421.599;895.265;49.775;-95.082;-683.28;701.927;16754037;284.341;879.694;-66.457;-1118.031;-2671.317;-1072.562
2.400193;16757500;1726;;;;;;;;;;;;;;
2.402693;16760000;1737;;;;;;;;;;;;;;
2.405193;16762500;1739;;;;;;;;;;;;;;
2.407693;16765000;1743;;;;;;;;;;;;;;
2.410193;16767500;1751;;;;;;;;;;;;;;
2.412693;16770000;1739;;;;;;;;;;;;;;
2.415193;16772500;1735;;;;;;;;;;;;;;
2.417693;16775000;1722;;;;;;;;;;;;;;
2.420193;16777500;1711;;;;;;;;;;;;;;
2.422693;16780000;1720;;;;;;;;;;;;;;
2.425193;16782500;1725;;;;;;;;;;;;;;
2.427693;16785000;1737;;;;;;;;;;;;;;
2.430193;16787500;1736;16787370;421.887;895.617;53.13;654.298;-776.866;529.456;16786930;283.428;893.336;-70.942;377.683;-2719.751;-1177.309
2.432693;16790000;1736;;;;;;;;;;;;;;
2.435193;16792500;1722;;;;;;;;;;;;;;
2.437693;16795000;1710;;;;;;;;;;;;;;
2.440193;16797500;1705;;;;;;;;;;;;;;
2.442693;16800000;1709;;;;;;;;;;;;;;
2.445193;16802500;1720;;;;;;;;;;;;;;
2.447693;16805000;1726;;;;;;;;;;;;;;
2.450193;16807500;1726;;;;;;;;;;;;;;
2.452693;16810000;1721;;;;;;;;;;;;;;
2.455193;16812500;1708;;;;;;;;;;;;;;
2.457693;16815000;1703;;;;;;;;;;;;;;
2.460193;16817500;1691;;;;;;;;;;;;;;
2.462693;16820000;1695;16820083;422.301;895.415;51.541;273.333;-792.273;519.17;16819650;282.981;894.48;-73.269;134.361;-2837.076;-1163.068
2.465193;16822500;1705;;;;;;;;;;;;;;
2.467693;16825000;1711;;;;;;;;;;;;;;
2.470193;16827500;1720;;;;;;;;;;;;;;
2.472693;16830000;1710;;;;;;;;;;;;;;
2.475193;16832500;1703;;;;;;;;;;;;;;
2.477693;16835000;1688;;;;;;;;;;;;;;
2.480193;16837500;1679;;;;;;;;;;;;;;
2.482693;16840000;1688;;;;;;;;;;;;;;
2.485193;16842500;1693;;;;;;;;;;;;;;
2.487693;16845000;1704;;;;;;;;;;;;;;
2.490193;16847500;1709;;;;;;;;;;;;;;
2.492693;16850000;1706;;;;;;;;;;;;;;
2.495193;16852500;1693;16852808;421.609;892.24;50.44;-157.271;-645.472;601.712;16852368;282.862;891.462;-73.797;2050.893;-3225.035;-1427.352
2.497693;16855000;1679;;;;;;;;;;;;;;
2.500193;16857500;1675;;;;;;;;;;;;;;
2.502693;16860000;1678;;;;;;;;;;;;;;
2.505193;16862500;1694;;;;;;;;;;;;;;
2.507693;16865000;1696;;;;;;;;;;;;;;
2.510193;16867500;1705;;;;;;;;;;;;;;
2.512693;16870000;1693;;;;;;;;;;;;;;
2.515193;16872500;1689;;;;;;;;;;;;;;
2.517693;16875000;1673;;;;;;;;;;;;;;
2.520193;16877500;1672;;;;;;;;;;;;;;
2.522693;16880000;1675;;;;;;;;;;;;;;
2.525193;16882500;1679;;;;;;;;16883627;282.328;893.987;-75.719;5177.536;-3481.158;-1934.359
2.527693;16885000;1691;16884054;419.878;889.687;49.608;77.655;-519.136;732.626;;;;;;;
2.530193;16887500;1692;;;;;;;;;;;;;;
2.532693;16890000;1689;;;;;;;;;;;;;;
2.535193;16892500;1674;;;;;;;;;;;;;;
2.537693;16895000;1661;;;;;;;;;;;;;;
2.540193;16897500;1657;;;;;;;;;;;;;;
2.542693;16900000;1659;;;;;;;;;;;;;;
2.545193;16902500;1674;;;;;;;;;;;;;;
2.547693;16905000;1679;;;;;;;;;;;;;;
2.550193;16907500;1679;;;;;;;;;;;;;;
2.552693;16910000;1677;;;;;;;;;;;;;;
2.555193;16912500;1673;;;;;;;;;;;;;;
2.557693;16915000;1661;;;;;;;;;;;;;;
2.560193;16917500;1660;16916787;419.087;889.971;49.86;459.647;-478.304;857.432;16916347;281.229;901.955;-77.02;8474.659;-3921.351;-2405.079
2.562693;16920000;1662;;;;;;;;;;;;;;
2.565193;16922500;1676;;;;;;;;;;;;;;
2.567693;16925000;1678;;;;;;;;;;;;;;
2.570193;16927500;1689;;;;;;;;;;;;;;
2.572693;16930000;1688;;;;;;;;;;;;;;
2.575193;16932500;1676;;;;;;;;;;;;;;
2.577693;16935000;1662;;;;;;;;;;;;;;
2.580193;16937500;1656;;;;;;;;;;;;;;
2.582693;16940000;1672;;;;;;;;;;;;;;
2.585193;16942500;1677;;;;;;;;;;;;;;
2.587693;16945000;1690;;;;;;;;;;;;;;
2.590193;16947500;1695;;;;;;;;;;;;;;
2.592693;16950000;1690;16949587;420.312;889.978;51.479;271.289;-423.764;887.186;16949152;279.252;907.341;-83.85;10717.488;-4054.283;-3151.513
2.595193;16952500;1678;;;;;;;;;;;;;;
2.597693;16955000;1674;;;;;;;;;;;;;;
2.600193;16957500;1672;;;;;;;;;;;;;;
2.602693;16960000;1674;;;;;;;;;;;;;;
2.605193;16962500;1688;;;;;;;;;;;;;;
2.607693;16965000;1695;;;;;;;;;;;;;;
2.610193;16967500;1706;;;;;;;;;;;;;;
2.612693;16970000;1689;;;;;;;;;;;;;;
2.615193;16972500;1691;;;;;;;;;;;;;;
2.617693;16975000;1678;;;;;;;;;;;;;;
2.620193;16977500;1678;;;;;;;;;;;;;;
2.622693;16980000;1688;;;;;;;;;;;;;;
2.625193;16982500;1693;16982479;420.817;892.724;52.711;601.6;-438.451;766.701;16982047;278.508;912.963;-89.643;12356.863;-4530.131;-4029.062
2.627693;16985000;1705;;;;;;;;;;;;;;
2.630193;16987500;1708;;;;;;;;;;;;;;
2.632693;16990000;1707;;;;;;;;;;;;;;
2.635193;16992500;1704;;;;;;;;;;;;;;
2.637693;16995000;1692;;;;;;;;;;;;;;
2.640193;16997500;1691;;;;;;;;;;;;;;
2.642693;17000000;1693;;;;;;;;;;;;;;
2.645193;17002500;1707;;;;;;;;;;;;;;
2.647693;17005000;1719;;;;;;;;;;;;;;
2.650193;17007500;1724;;;;;;;;;;;;;;
2.652693;17010000;1721;;;;;;;;;;;;;;
2.655193;17012500;1710;;;;;;;;;;;;;;
2.657693;17015000;1705;17015375;421.114;895.222;52.204;813.02;-606.841;699.929;17014940;275.77;916.408;-97.788;12922.457;-4797.125;-4867.546
2.660193;17017500;1705;;;;;;;;;;;;;;
2.662693;17020000;1708;;;;;;;;;;;;;;
2.665193;17022500;1721;;;;;;;;;;;;;;
2.667693;17025000;1726;;;;;;;;;;;;;;
2.670193;17027500;1737;;;;;;;;;;;;;;
2.672693;17030000;1727;;;;;;;;;;;;;;
2.675193;17032500;1722;;;;;;;;;;;;;;
2.677693;17035000;1710;;;;;;;;;;;;;;
2.680193;17037500;1709;;;;;;;;;;;;;;
2.682693;17040000;1718;;;;;;;;;;;;;;
2.685193;17042500;1727;;;;;;;;;;;;;;
2.687693;17045000;1738;;;;;;;;;;;;;;
2.690193;17047500;1741;;;;;;;;;;;;;;
2.692693;17050000;1739;;;;;;;;;;;;;;
2.695193;17052500;1726;;;;;;;;;;;;;;
2.697693;17055000;1723;;;;;;;;;;;;;;
2.700193;17057500;1719;17058172;421.506;894.436;51.979;243.869;-645.624;912.557;17057732;273.047;914.648;-106.587;13825.084;-5081.831;-6141.419
2.702693;17060000;1722;;;;;;;;;;;;;;
2.705193;17062500;1735;;;;;;;;;;;;;;
2.707693;17065000;1743;;;;;;;;;;;;;;
2.710193;17067500;1752;;;;;;;;;;;;;;
2.712693;17070000;1743;;;;;;;;;;;;;;
2.715193;17072500;1737;;;;;;;;;;;;;;
2.717693;17075000;1724;;;;;;;;;;;;;;
2.720193;17077500;1722;;;;;;;;;;;;;;
2.722693;17080000;1735;;;;;;;;;;;;;;
2.725193;17082500;1737;;;;;;;;;;;;;;
2.727693;17085000;1740;;;;;;;;;;;;;;
2.730193;17087500;1751;;;;;;;;;;;;;;
2.732693;17090000;1743;17091141;419.774;896.41;52.644;663.926;-1147.53;1274.68;17090714;267.367;924.267;-114.056;14774.893;-5643.239;-7221.223
2.735193;17092500;1736;;;;;;;;;;;;;;
2.737693;17095000;1723;;;;;;;;;;;;;;
2.740193;17097500;1721;;;;;;;;;;;;;;
2.742693;17100000;1722;;;;;;;;;;;;;;
2.745193;17102500;1735;;;;;;;;;;;;;;
2.747693;17105000;1737;;;;;;;;;;;;;;
2.750193;17107500;1741;;;;;;;;;;;;;;
2.752693;17110000;1738;;;;;;;;;;;;;;
2.755193;17112500;1724;;;;;;;;;;;;;;
2.757693;17115000;1719;;;;;;;;;;;;;;
2.760193;17117500;1711;;;;;;;;;;;;;;
2.762693;17120000;1720;;;;;;;;;;;;;;
2.765193;17122500;1724;17122672;420.617;900.462;50.274;790.854;-1919.216;1568.383;17122232;261.807;925.597;-120.333;14096.085;-6186.202;-7975.787
2.767693;17125000;1738;;;;;;;;;;;;;;
2.770193;17127500;1739;;;;;;;;;;;;;;
2.772693;17130000;1736;;;;;;;;;;;;;;
2.775193;17132500;1723;;;;;;;;;;;;;;
2.777693;17135000;1712;;;;;;;;;;;;;;
2.780193;17137500;1708;;;;;;;;;;;;;;
2.782693;17140000;1710;;;;;;;;;;;;;;
2.785193;17142500;1724;;;;;;;;;;;;;;
2.787693;17145000;1736;;;;;;;;;;;;;;
2.790193;17147500;1737;;;;;;;;;;;;;;
2.792693;17150000;1735;;;;;;;;;;;;;;
2.795193;17152500;1724;;;;;;;;;;;;;;
2.797693;17155000;1710;17155813;421.064;897.413;47.248;803.812;-2601.13;1990.901;17155385;257.08;918.589;-127.846;14424.655;-6601.829;-8967.373
2.800193;17157500;1708;;;;;;;;;;;;;;
2.802693;17160000;1720;;;;;;;;;;;;;;
2.805193;17162500;1723;;;;;;;;;;;;;;
2.807693;17165000;1736;;;;;;;;;;;;;;
2.810193;17167500;1741;;;;;;;;;;;;;;
2.812693;17170000;1738;;;;;;;;;;;;;;
2.815193;17172500;1724;;;;;;;;;;;;;;
2.817693;17175000;1712;;;;;;;;;;;;;;
2.820193;17177500;1719;;;;;;;;;;;;;;
2.822693;17180000;1721;;;;;;;;;;;;;;
2.825193;17182500;1726;;;;;;;;;;;;;;
2.827693;17185000;1738;;;;;;;;;;;;;;
2.830193;17187500;1742;;;;;;;;17188539;249.868;920.495;-130.635;15082.859;-6854.925;-9067.191
2.832693;17190000;1738;17188979;422.337;901.087;47.704;2029.746;-3306.261;2104.856;;;;;;;
2.835193;17192500;1724;;;;;;;;;;;;;;
2.837693;17195000;1720;;;;;;;;;;;;;;
2.840193;17197500;1718;;;;;;;;;;;;;;
2.842693;17200000;1721;;;;;;;;;;;;;;
2.845193;17202500;1725;;;;;;;;;;;;;;
2.847693;17205000;1739;;;;;;;;;;;;;;
2.850193;17207500;1741;;;;;;;;;;;;;;
2.852693;17210000;1736;;;;;;;;;;;;;;
2.855193;17212500;1726;;;;;;;;;;;;;;
2.857693;17215000;1711;;;;;;;;;;;;;;
2.860193;17217500;1711;;;;;;;;;;;;;;
2.862693;17220000;1720;;;;;;;;;;;;;;
2.865193;17222500;1735;17222207;423.681;900.41;45.605;2353.509;-3528.135;2068.739;17221780;245.762;915.158;-137.236;13857.528;-6534.054;-8484.77
2.867693;17225000;1739;;;;;;;;;;;;;;
2.870193;17227500;1741;;;;;;;;;;;;;;
2.872693;17230000;1741;;;;;;;;;;;;;;
2.875193;17232500;1736;;;;;;;;;;;;;;
2.877693;17235000;1724;;;;;;;;;;;;;;
2.880193;17237500;1723;;;;;;;;;;;;;;
2.882693;17240000;1725;;;;;;;;;;;;;;
2.885193;17242500;1739;;;;;;;;;;;;;;
2.887693;17245000;1752;;;;;;;;;;;;;;
2.890193;17247500;1756;;;;;;;;;;;;;;
2.892693;17250000;1754;;;;;;;;;;;;;;
2.895193;17252500;1743;;;;;;;;;;;;;;
2.897693;17255000;1737;17255459;424.444;893.106;43.801;2300.583;-3642.666;2466.677;17255019;241.819;909.513;-145.911;13751.776;-6386.726;-8222.844
2.900193;17257500;1737;;;;;;;;;;;;;;
2.902693;17260000;1738;;;;;;;;;;;;;;
2.905193;17262500;1752;;;;;;;;;;;;;;
2.907693;17265000;1767;;;;;;;;;;;;;;
2.910193;17267500;1768;;;;;;;;;;;;;;
2.912693;17270000;1768;;;;;;;;;;;;;;
2.915193;17272500;1755;;;;;;;;;;;;;;
2.917693;17275000;1752;;;;;;;;;;;;;;
2.920193;17277500;1740;;;;;;;;;;;;;;
2.922693;17280000;1754;;;;;;;;;;;;;;
2.925193;17282500;1758;;;;;;;;;;;;;;
2.927693;17285000;1771;;;;;;;;;;;;;;
2.930193;17287500;1776;17287047;425.438;890.735;42.404;2774.429;-3968.908;2451.843;17286625;239.073;915.601;-152.182;14078.312;-6602.452;-7929.389
2.932693;17290000;1774;;;;;;;;;;;;;;
2.935193;17292500;1768;;;;;;;;;;;;;;
2.937693;17295000;1758;;;;;;;;;;;;;;
2.940193;17297500;1757;;;;;;;;;;;;;;
2.942693;17300000;1768;;;;;;;;;;;;;;
2.945193;17302500;1767;;;;;;;;;;;;;;
2.947693;17305000;1787;;;;;;;;;;;;;;
2.950193;17307500;1790;;;;;;;;;;;;;;
2.952693;17310000;1785;;;;;;;;;;;;;;
2.955193;17312500;1775;;;;;;;;;;;;;;
2.957693;17315000;1772;;;;;;;;;;;;;;
2.960193;17317500;1772;;;;;;;;;;;;;;
2.962693;17320000;1775;17320311;428.566;894.566;38.588;3231.582;-4407.025;2458.313;17319865;231.725;916.175;-159.652;12861.209;-6259.205;-7451.107
2.965193;17322500;1790;;;;;;;;;;;;;;
2.967693;17325000;1804;;;;;;;;;;;;;;
2.970193;17327500;1806;;;;;;;;;;;;;;
2.972693;17330000;1806;;;;;;;;;;;;;;
2.975193;17332500;1803;;;;;;;;;;;;;;
2.977693;17335000;1800;;;;;;;;;;;;;;
2.980193;17337500;1800;;;;;;;;;;;;;;
2.982693;17340000;1803;;;;;;;;;;;;;;
2.985193;17342500;1819;;;;;;;;;;;;;;
2.987693;17345000;1833;;;;;;;;;;;;;;
2.990193;17347500;1837;;;;;;;;;;;;;;
2.992693;17350000;1836;;;;;;;;;;;;;;
2.995193;17352500;1832;;;;;;;;;;;;;;
2.997693;17355000;1823;;;;;;;;;;;;;;
3.000193;17357500;1830;;;;;;;;;;;;;;
3.002693;17360000;1834;;;;;;;;;;;;;;
3.005193;17362500;1848;17363435;430.294;890.915;38.147;3139.128;-4389.236;2719.085;17363005;228.904;914.335;-164.986;12599.211;-6134.369;-6992.364
3.007693;17365000;1855;;;;;;;;;;;;;;
3.010193;17367500;1868;;;;;;;;;;;;;;
3.012693;17370000;1866;;;;;;;;;;;;;;
3.015193;17372500;1864;;;;;;;;;;;;;;
3.017693;17375000;1864;;;;;;;;;;;;;;
3.020193;17377500;1864;;;;;;;;;;;;;;
3.022693;17380000;1866;;;;;;;;;;;;;;
3.025193;17382500;1880;;;;;;;;;;;;;;
3.027693;17385000;1896;;;;;;;;;;;;;;
3.030193;17387500;1901;;;;;;;;;;;;;;
3.032693;17390000;1899;;;;;;;;;;;;;;
3.035193;17392500;1897;;;;;;;;;;;;;;
3.037693;17395000;1896;;;;;;;;17396247;226.682;923.427;-170.943;12155.625;-5873.588;-6415.683
3.040193;17397500;1896;17396684;432.069;889.124;38.332;3652.422;-4605.087;2517.068;;;;;;;
3.042693;17400000;1901;;;;;;;;;;;;;;
3.045193;17402500;1916;;;;;;;;;;;;;;
3.047693;17405000;1930;;;;;;;;;;;;;;
3.050193;17407500;1933;;;;;;;;;;;;;;
3.052693;17410000;1934;;;;;;;;;;;;;;
3.055193;17412500;1931;;;;;;;;;;;;;;
3.057693;17415000;1918;;;;;;;;;;;;;;
3.060193;17417500;1928;;;;;;;;;;;;;;
3.062693;17420000;1919;;;;;;;;;;;;;;
3.065193;17422500;1949;;;;;;;;;;;;;;
3.067693;17425000;1963;;;;;;;;17426194;224.132;924.5;-176.609;10895.531;-5639.846;-6352.149
3.070193;17427500;1961;17426624;432.913;889.057;32.7;4213.551;-4808.395;2159.777;;;;;;;
3.072693;17430000;1976;;;;;;;;;;;;;;
3.075193;17432500;1965;;;;;;;;;;;;;;
3.077693;17435000;1963;;;;;;;;;;;;;;
3.080193;17437500;1951;;;;;;;;;;;;;;
3.082693;17440000;1975;;;;;;;;;;;;;;
3.085193;17442500;1983;;;;;;;;;;;;;;
3.087693;17445000;2008;;;;;;;;;;;;;;
3.090193;17447500;2009;;;;;;;;;;;;;;
3.092693;17450000;2013;;;;;;;;;;;;;;
3.095193;17452500;2009;;;;;;;;;;;;;;
3.097693;17455000;2008;;;;;;;;;;;;;;
3.100193;17457500;2000;;;;;;;;;;;;;;
3.102693;17460000;2013;;;;;;;;;;;;;;
3.105193;17462500;2029;17463165;434.484;892.02;28.424;5129.873;-5025.163;1805.038;17462728;218.745;925.861;-182.242;10958.88;-5654.916;-6816.354
3.107693;17465000;2042;;;;;;;;;;;;;;
3.110193;17467500;2058;;;;;;;;;;;;;;
3.112693;17470000;2056;;;;;;;;;;;;;;
3.115193;17472500;2046;;;;;;;;;;;;;;
3.117693;17475000;2043;;;;;;;;;;;;;;
3.120193;17477500;2046;;;;;;;;;;;;;;
3.122693;17480000;2057;;;;;;;;;;;;;;
3.125193;17482500;2073;;;;;;;;;;;;;;
3.127693;17485000;2088;;;;;;;;;;;;;;
3.130193;17487500;2093;;;;;;;;;;;;;;
3.132693;17490000;2093;;;;;;;;;;;;;;
3.135193;17492500;2091;;;;;;;;;;;;;;
3.137693;17495000;2087;;;;;;;;17495968;213.786;928.929;-188.026;10821.748;-5685.857;-7263.474
3.140193;17497500;2087;17496398;434.439;893.675;24.227;6355.629;-5089.342;1239.661;;;;;;;
3.142693;17500000;2093;;;;;;;;;;;;;;
3.145193;17502500;2108;;;;;;;;;;;;;;
3.147693;17505000;2123;;;;;;;;;;;;;;
3.150193;17507500;2135;;;;;;;;;;;;;;
3.152693;17510000;2137;;;;;;;;;;;;;;
3.155193;17512500;2126;;;;;;;;;;;;;;
3.157693;17515000;2123;;;;;;;;;;;;;;
3.160193;17517500;2123;;;;;;;;;;;;;;
3.162693;17520000;2135;;;;;;;;;;;;;;
3.165193;17522500;2142;;;;;;;;;;;;;;
3.167693;17525000;2158;;;;;;;;;;;;;;
3.170193;17527500;2173;17528005;435.94;892.826;21.113;7458.848;-5270.625;1100.678;17527573;211.02;930.709;-193.911;10682.723;-5647.439;-7581.05
3.172693;17530000;2173;;;;;;;;;;;;;;
3.175193;17532500;2143;;;;;;;;;;;;;;
3.177693;17535000;2168;;;;;;;;;;;;;;
3.180193;17537500;2168;;;;;;;;;;;;;;
3.182693;17540000;2172;;;;;;;;;;;;;;
3.185193;17542500;2188;;;;;;;;;;;;;;
3.187693;17545000;2203;;;;;;;;;;;;;;
3.190193;17547500;2216;;;;;;;;;;;;;;
3.192693;17550000;2216;;;;;;;;;;;;;;
3.195193;17552500;2206;;;;;;;;;;;;;;
3.197693;17555000;2205;;;;;;;;;;;;;;
3.200193;17557500;2202;;;;;;;;;;;;;;
3.202693;17560000;2215;17561249;437.494;891.305;17.672;8720.405;-5672.531;937.582;17560814;207.082;934.468;-201.259;10501.211;-5684.442;-7989.06
3.205193;17562500;2231;;;;;;;;;;;;;;
3.207693;17565000;2238;;;;;;;;;;;;;;
3.210193;17567500;2249;;;;;;;;;;;;;;
3.212693;17570000;2250;;;;;;;;;;;;;;
3.215193;17572500;2248;;;;;;;;;;;;;;
3.217693;17575000;2234;;;;;;;;;;;;;;
3.220193;17577500;2235;;;;;;;;;;;;;;
3.222693;17580000;2248;;;;;;;;;;;;;;
3.225193;17582500;2255;;;;;;;;;;;;;;
3.227693;17585000;2268;;;;;;;;;;;;;;
3.230193;17587500;2280;;;;;;;;;;;;;;
3.232693;17590000;2280;;;;;;;;;;;;;;
3.235193;17592500;2271;;;;;;;;;;;;;;
3.237693;17595000;2265;17594399;437.207;889.05;11.475;9790.26;-5912.592;698.203;17593967;202.48;932.482;-206.471;10767.588;-5993.033;-8787.919
3.240193;17597500;2264;;;;;;;;;;;;;;
3.242693;17600000;2268;;;;;;;;;;;;;;
3.245193;17602500;2284;;;;;;;;;;;;;;
3.247693;17605000;2296;;;;;;;;;;;;;;
3.250193;17607500;2300;;;;;;;;;;;;;;
3.252693;17610000;2301;;;;;;;;;;;;;;
3.255193;17612500;2298;;;;;;;;;;;;;;
3.257693;17615000;2287;;;;;;;;;;;;;;
3.260193;17617500;2285;;;;;;;;;;;;;;
3.262693;17620000;2295;;;;;;;;;;;;;;
3.265193;17622500;2300;;;;;;;;;;;;;;
3.267693;17625000;2314;;;;;;;;;;;;;;
3.270193;17627500;2316;17627551;435.404;889.341;4.533;9134.935;-7828.524;676.855;17627121;197.389;931.852;-210.201;10430.021;-6393.818;-9419.96
3.272693;17630000;2319;;;;;;;;;;;;;;
3.275193;17632500;2312;;;;;;;;;;;;;;
3.277693;17635000;2300;;;;;;;;;;;;;;
3.280193;17637500;2301;;;;;;;;;;;;;;
3.282693;17640000;2312;;;;;;;;;;;;;;
3.285193;17642500;2315;;;;;;;;;;;;;;
3.287693;17645000;2331;;;;;;;;;;;;;;
3.290193;17647500;2335;;;;;;;;;;;;;;
3.292693;17650000;2332;;;;;;;;;;;;;;
3.295193;17652500;2327;;;;;;;;;;;;;;
3.297693;17655000;2316;;;;;;;;;;;;;;
3.300193;17657500;2313;;;;;;;;;;;;;;
3.302693;17660000;2316;;;;;;;;;;;;;;
3.305193;17662500;2328;;;;;;;;;;;;;;
3.307693;17665000;2335;;;;;;;;;;;;;;
3.310193;17667500;2346;;;;;;;;;;;;;;
3.312693;17670000;2336;17670532;437.192;889.654;-6.076;8353.562;-7881.598;473.262;17670087;192.399;923.622;-214.6;9922.52;-6064.94;-9414.024
3.315193;17672500;2331;;;;;;;;;;;;;;
3.317693;17675000;2319;;;;;;;;;;;;;;
3.320193;17677500;2315;;;;;;;;;;;;;;
3.322693;17680000;2326;;;;;;;;;;;;;;
3.325193;17682500;2333;;;;;;;;;;;;;;
3.327693;17685000;2344;;;;;;;;;;;;;;
3.330193;17687500;2349;;;;;;;;;;;;;;
3.332693;17690000;2350;;;;;;;;;;;;;;
3.335193;17692500;2346;;;;;;;;;;;;;;
3.337693;17695000;2344;;;;;;;;;;;;;;
3.340193;17697500;2345;;;;;;;;;;;;;;
3.342693;17700000;2350;;;;;;;;;;;;;;
3.345193;17702500;2366;17703578;434.889;883.833;-12.281;7829.134;-7230.706;-98.588;17703155;184.499;922.24;-220.498;10698.206;-5775.693;-9691.448
3.347693;17705000;2391;;;;;;;;;;;;;;
3.350193;17707500;2398;;;;;;;;;;;;;;
3.352693;17710000;2400;;;;;;;;;;;;;;
3.355193;17712500;2408;;;;;;;;;;;;;;
3.357693;17715000;2408;;;;;;;;;;;;;;
3.360193;17717500;2410;;;;;;;;;;;;;;
3.362693;17720000;2424;;;;;;;;;;;;;;
3.365193;17722500;2441;;;;;;;;;;;;;;
3.367693;17725000;2457;;;;;;;;;;;;;;
3.370193;17727500;2471;;;;;;;;;;;;;;
3.372693;17730000;2463;17730250;434.946;879.901;-17.992;7260.49;-7016.17;-157.534;17729810;180.191;921.872;-224.632;11354.608;-5707.408;-9975.126
3.375193;17732500;2463;;;;;;;;;;;;;;
3.377693;17735000;2460;;;;;;;;;;;;;;
3.380193;17737500;2462;;;;;;;;;;;;;;
3.382693;17740000;2472;;;;;;;;;;;;;;
3.385193;17742500;2478;;;;;;;;;;;;;;
3.387693;17745000;2493;;;;;;;;;;;;;;
3.390193;17747500;2502;;;;;;;;;;;;;;
3.392693;17750000;2494;;;;;;;;;;;;;;
3.395193;17752500;2490;;;;;;;;;;;;;;
3.397693;17755000;2478;;;;;;;;;;;;;;
3.400193;17757500;2473;;;;;;;;;;;;;;
3.402693;17760000;2476;;;;;;;;;;;;;;
3.405193;17762500;2478;;;;;;;;;;;;;;
3.407693;17765000;2488;;;;;;;;;;;;;;
3.410193;17767500;2491;17768515;437.037;880.253;-23.638;6617.903;-6870.549;-363.595;17768087;175.482;918.832;-229.76;11513.128;-5171.788;-10004.869
3.412693;17770000;2479;;;;;;;;;;;;;;
3.415193;17772500;2462;;;;;;;;;;;;;;
3.417693;17775000;2457;;;;;;;;;;;;;;
3.420193;17777500;2444;;;;;;;;;;;;;;
3.422693;17780000;2443;;;;;;;;;;;;;;
3.425193;17782500;2446;;;;;;;;;;;;;;
3.427693;17785000;2456;;;;;;;;;;;;;;
3.430193;17787500;2456;;;;;;;;;;;;;;
3.432693;17790000;2442;;;;;;;;;;;;;;
3.435193;17792500;2424;;;;;;;;;;;;;;
3.437693;17795000;2408;;;;;;;;;;;;;;
3.440193;17797500;2392;;;;;;;;;;;;;;
3.442693;17800000;2383;;;;;;;;;;;;;;
3.445193;17802500;2392;17801942;437.993;879.069;-29.514;6320.695;-6649.084;-484.978;17801501;169.514;916.023;-234.962;11581.909;-4984.948;-9975.376
3.447693;17805000;2392;;;;;;;;;;;;;;
3.450193;17807500;2392;;;;;;;;;;;;;;
3.452693;17810000;2378;;;;;;;;;;;;;;
3.455193;17812500;2361;;;;;;;;;;;;;;
3.457693;17815000;2336;;;;;;;;;;;;;;
3.460193;17817500;2327;;;;;;;;;;;;;;
3.462693;17820000;2316;;;;;;;;;;;;;;
3.465193;17822500;2312;;;;;;;;;;;;;;
3.467693;17825000;2315;;;;;;;;;;;;;;
3.470193;17827500;2312;;;;;;;;;;;;;;
3.472693;17830000;2297;;;;;;;;;;;;;;
3.475193;17832500;2280;17831958;431.667;876.736;-36.054;6719.536;-6078.63;-425.291;17831536;165.534;913.965;-243.661;11522.563;-4530.076;-10112.732
3.477693;17835000;2254;;;;;;;;;;;;;;
3.480193;17837500;2235;;;;;;;;;;;;;;
3.482693;17840000;2222;;;;;;;;;;;;;;
3.485193;17842500;2221;;;;;;;;;;;;;;
3.487693;17845000;2221;;;;;;;;;;;;;;
3.490193;17847500;2215;;;;;;;;;;;;;;
3.492693;17850000;2202;;;;;;;;;;;;;;
3.495193;17852500;2184;;;;;;;;;;;;;;
3.497693;17855000;2156;;;;;;;;;;;;;;
3.500193;17857500;2139;;;;;;;;;;;;;;
3.502693;17860000;2136;;;;;;;;;;;;;;
3.505193;17862500;2135;;;;;;;;;;;;;;
3.507693;17865000;2125;;;;;;;;;;;;;;
3.510193;17867500;2122;17868688;430.25;877.557;-43.742;7854.434;-6006.574;-101.714;17868243;157.861;917.787;-250.071;11512.561;-4372.259;-10012.221
3.512693;17870000;2105;;;;;;;;;;;;;;
3.515193;17872500;2087;;;;;;;;;;;;;;
3.517693;17875000;2062;;;;;;;;;;;;;;
3.520193;17877500;2042;;;;;;;;;;;;;;
3.522693;17880000;2040;;;;;;;;;;;;;;
3.525193;17882500;2029;;;;;;;;;;;;;;
3.527693;17885000;2030;;;;;;;;;;;;;;
3.530193;17887500;2010;;;;;;;;;;;;;;
3.532693;17890000;2011;;;;;;;;;;;;;;
3.535193;17892500;1991;;;;;;;;;;;;;;
3.537693;17895000;1967;;;;;;;;;;;;;;
3.540193;17897500;1952;;;;;;;;;;;;;;
3.542693;17900000;1949;;;;;;;;;;;;;;
3.545193;17902500;1948;;;;;;;;;;;;;;
3.547693;17905000;1950;;;;;;;;;;;;;;
3.550193;17907500;1948;;;;;;;;;;;;;;
3.552693;17910000;1934;;;;;;;;;;;;;;
3.555193;17912500;1915;17911979;429.343;875.824;-51.919;9927.462;-6240.433;-62.503;17911557;154.128;911.09;-256.197;11209.933;-3740.209;-10047.109
3.557693;17915000;1898;;;;;;;;;;;;;;
3.560193;17917500;1884;;;;;;;;;;;;;;
3.562693;17920000;1880;;;;;;;;;;;;;;
3.565193;17922500;1883;;;;;;;;;;;;;;
3.567693;17925000;1881;;;;;;;;;;;;;;
3.570193;17927500;1880;;;;;;;;;;;;;;
3.572693;17930000;1870;;;;;;;;;;;;;;
3.575193;17932500;1850;;;;;;;;;;;;;;
3.577693;17935000;1833;;;;;;;;;;;;;;
3.580193;17937500;1807;;;;;;;;;;;;;;
3.582693;17940000;1816;;;;;;;;;;;;;;
3.585193;17942500;1817;;;;;;;;;;;;;;
3.587693;17945000;1822;;;;;;;;;;;;;;
3.590193;17947500;1821;;;;;;;;;;;;;;
3.592693;17950000;1807;;;;;;;;;;;;;;
3.595193;17952500;1790;;;;;;;;;;;;;;
3.597693;17955000;1774;17955223;429.409;879.643;-58.784;10568.589;-6181.286;-244.003;17954783;145.708;917.629;-261.107;11844.686;-3672.636;-10096.004
3.600193;17957500;1758;;;;;;;;;;;;;;
3.602693;17960000;1756;;;;;;;;;;;;;;
3.605193;17962500;1757;;;;;;;;;;;;;;
3.607693;17965000;1758;;;;;;;;;;;;;;
3.610193;17967500;1758;;;;;;;;;;;;;;
3.612693;17970000;1754;;;;;;;;;;;;;;
3.615193;17972500;1739;;;;;;;;;;;;;;
3.617693;17975000;1720;;;;;;;;;;;;;;
3.620193;17977500;1706;;;;;;;;;;;;;;
3.622693;17980000;1707;;;;;;;;;;;;;;
3.625193;17982500;1706;;;;;;;;;;;;;;
3.627693;17985000;1707;;;;;;;;;;;;;;
3.630193;17987500;1720;17988713;429.045;878.605;-65.733;11548.659;-6157.472;-391.928;17988286;139.753;924.031;-267.804;10547.201;-3260.629;-9760.078
3.632693;17990000;1704;;;;;;;;;;;;;;
3.635193;17992500;1690;;;;;;;;;;;;;;
3.637693;17995000;1675;;;;;;;;;;;;;;
3.640193;17997500;1660;;;;;;;;;;;;;;
3.642693;18000000;1660;;;;;;;;;;;;;;
3.645193;18002500;1655;;;;;;;;;;;;;;
3.647693;18005000;1672;;;;;;;;;;;;;;
3.650193;18007500;1674;;;;;;;;;;;;;;
3.652693;18010000;1661;;;;;;;;;;;;;;
3.655193;18012500;1654;;;;;;;;;;;;;;
3.657693;18015000;1642;;;;;;;;;;;;;;
3.660193;18017500;1629;;;;;;;;;;;;;;
3.662693;18020000;1629;;;;;;;;;;;;;;
3.665193;18022500;1640;18022139;429.668;879.119;-74.756;11580.664;-6173.786;-337.332;18021699;133.881;915.979;-274.043;9458.528;-2983.41;-9595.824
3.667693;18025000;1643;;;;;;;;;;;;;;
3.670193;18027500;1644;;;;;;;;;;;;;;
3.672693;18030000;1640;;;;;;;;;;;;;;
3.675193;18032500;1629;;;;;;;;;;;;;;
3.677693;18035000;1613;;;;;;;;;;;;;;
3.680193;18037500;1607;;;;;;;;;;;;;;
3.682693;18040000;1610;;;;;;;;;;;;;;
3.685193;18042500;1613;;;;;;;;;;;;;;
3.687693;18045000;1614;;;;;;;;;;;;;;
3.690193;18047500;1627;;;;;;;;;;;;;;
3.692693;18050000;1614;;;;;;;;;;;;;;
3.695193;18052500;1599;;;;;;;;;;;;;;
3.697693;18055000;1593;18055461;428.797;875.753;-83.158;11155.631;-5866.409;-481.903;18055026;129.042;915.601;-277.525;9467.289;-3213.115;-9466.471
3.700193;18057500;1583;;;;;;;;;;;;;;
3.702693;18060000;1590;;;;;;;;;;;;;;
3.705193;18062500;1592;;;;;;;;;;;;;;
3.707693;18065000;1596;;;;;;;;;;;;;;
3.710193;18067500;1598;;;;;;;;;;;;;;
3.712693;18070000;1599;;;;;;;;;;;;;;
3.715193;18072500;1584;;;;;;;;;;;;;;
3.717693;18075000;1576;;;;;;;;;;;;;;
3.720193;18077500;1565;;;;;;;;;;;;;;
3.722693;18080000;1567;;;;;;;;;;;;;;
3.725193;18082500;1576;;;;;;;;;;;;;;
3.727693;18085000;1580;;;;;;;;;;;;;;
3.730193;18087500;1592;18087151;429.25;874.97;-90.626;11103.162;-5717.901;-416.245;18086718;124.59;916.729;-280.387;8954.112;-3150.459;-9485.335
3.732693;18090000;1581;;;;;;;;;;;;;;
3.735193;18092500;1567;;;;;;;;;;;;;;
3.737693;18095000;1561;;;;;;;;;;;;;;
3.740193;18097500;1560;;;;;;;;;;;;;;
3.742693;18100000;1550;;;;;;;;;;;;;;
3.745193;18102500;1561;;;;;;;;;;;;;;
3.747693;18105000;1567;;;;;;;;;;;;;;
3.750193;18107500;1578;;;;;;;;;;;;;;
3.752693;18110000;1568;;;;;;;;;;;;;;
3.755193;18112500;1564;;;;;;;;;;;;;;
3.757693;18115000;1550;;;;;;;;;;;;;;
3.760193;18117500;1546;;;;;;;;;;;;;;
3.762693;18120000;1546;18120476;430.534;876.24;-93.866;11362.191;-5612.693;-502.62;18120046;120.66;913.532;-284.192;7812.094;-2863.873;-9101.631
3.765193;18122500;1549;;;;;;;;;;;;;;
3.767693;18125000;1563;;;;;;;;;;;;;;
3.770193;18127500;1567;;;;;;;;;;;;;;
3.772693;18130000;1564;;;;;;;;;;;;;;
3.775193;18132500;1559;;;;;;;;;;;;;;
3.777693;18135000;1547;;;;;;;;;;;;;;
3.780193;18137500;1534;;;;;;;;;;;;;;
3.782693;18140000;1544;;;;;;;;;;;;;;
3.785193;18142500;1549;;;;;;;;;;;;;;
3.787693;18145000;1552;;;;;;;;;;;;;;
3.790193;18147500;1561;;;;;;;;;;;;;;
3.792693;18150000;1561;;;;;;;;;;;;;;
3.795193;18152500;1548;;;;;;;;;;;;;;
3.797693;18155000;1534;;;;;;;;;;;;;;
3.800193;18157500;1530;;;;;;;;;;;;;;
3.802693;18160000;1531;;;;;;;;;;;;;;
3.805193;18162500;1544;18163717;428.759;872.657;-101.763;10487.832;-5454.121;-183.052;18163272;115.292;912.812;-289.216;6537.301;-2726.367;-8766.861
3.807693;18165000;1549;;;;;;;;;;;;;;
3.810193;18167500;1549;;;;;;;;;;;;;;
3.812693;18170000;1551;;;;;;;;;;;;;;
3.815193;18172500;1546;;;;;;;;;;;;;;
3.817693;18175000;1532;;;;;;;;;;;;;;
3.820193;18177500;1528;;;;;;;;;;;;;;
3.822693;18180000;1532;;;;;;;;;;;;;;
3.825193;18182500;1534;;;;;;;;;;;;;;
3.827693;18185000;1546;;;;;;;;;;;;;;
3.830193;18187500;1552;;;;;;;;;;;;;;
3.832693;18190000;1549;;;;;;;;;;;;;;
3.835193;18192500;1547;;;;;;;;;;;;;;
3.837693;18195000;1530;;;;;;;;;;;;;;
3.840193;18197500;1529;18197110;429.489;871.187;-107.442;9504.503;-5134.165;410.163;18196688;111.894;909.5;-285.674;6293.124;-3231.424;-9378.956
3.842693;18200000;1529;;;;;;;;;;;;;;
3.845193;18202500;1532;;;;;;;;;;;;;;
3.847693;18205000;1547;;;;;;;;;;;;;;
3.850193;18207500;1560;;;;;;;;;;;;;;
3.852693;18210000;1549;;;;;;;;;;;;;;
3.855193;18212500;1544;;;;;;;;;;;;;;
3.857693;18215000;1533;;;;;;;;;;;;;;
3.860193;18217500;1526;;;;;;;;;;;;;;
3.862693;18220000;1528;;;;;;;;;;;;;;
3.865193;18222500;1534;;;;;;;;;;;;;;
3.867693;18225000;1548;;;;;;;;;;;;;;
3.870193;18227500;1548;18227080;430.34;874.818;-114.166;10352.715;-4864.769;721.718;18226635;104.256;907.219;-284.664;6171.842;-2870.353;-9081.945
3.872693;18230000;1550;;;;;;;;;;;;;;
3.875193;18232500;1546;;;;;;;;;;;;;;
3.877693;18235000;1532;;;;;;;;;;;;;;
3.880193;18237500;1528;;;;;;;;;;;;;;
3.882693;18240000;1528;;;;;;;;;;;;;;
3.885193;18242500;1536;;;;;;;;;;;;;;
3.887693;18245000;1548;;;;;;;;;;;;;;
3.890193;18247500;1559;;;;;;;;;;;;;;
3.892693;18250000;1559;;;;;;;;;;;;;;
3.895193;18252500;1548;;;;;;;;;;;;;;
3.897693;18255000;1533;;;;;;;;;;;;;;
3.900193;18257500;1519;;;;;;;;;;;;;;
3.902693;18260000;1530;;;;;;;;;;;;;;
3.905193;18262500;1533;18263678;431.058;877.235;-122.701;11184.767;-4837.218;250.319;18263255;98.013;902.685;-286.956;5704.0;-2022.022;-7712.16
3.907693;18265000;1544;;;;;;;;;;;;;;
3.910193;18267500;1548;;;;;;;;;;;;;;
3.912693;18270000;1548;;;;;;;;;;;;;;
3.915193;18272500;1544;;;;;;;;;;;;;;
3.917693;18275000;1520;;;;;;;;;;;;;;
3.920193;18277500;1518;;;;;;;;;;;;;;
3.922693;18280000;1518;;;;;;;;;;;;;;
3.925193;18282500;1527;;;;;;;;;;;;;;
3.927693;18285000;1535;;;;;;;;;;;;;;
3.930193;18287500;1546;;;;;;;;;;;;;;
3.932693;18290000;1545;;;;;;;;;;;;;;
3.935193;18292500;1530;;;;;;;;;;;;;;
3.937693;18295000;1518;;;;;;;;;;;;;;
3.940193;18297500;1512;18296941;430.934;876.513;-130.395;10855.653;-4399.357;390.928;18296496;94.826;896.853;-290.395;6218.987;-1254.171;-6258.177
3.942693;18300000;1513;;;;;;;;;;;;;;
3.945193;18302500;1517;;;;;;;;;;;;;;
3.947693;18305000;1529;;;;;;;;;;;;;;
3.950193;18307500;1533;;;;;;;;;;;;;;
3.952693;18310000;1530;;;;;;;;;;;;;;
3.955193;18312500;1519;;;;;;;;;;;;;;
3.957693;18315000;1513;;;;;;;;;;;;;;
3.960193;18317500;1502;;;;;;;;;;;;;;
3.962693;18320000;1511;;;;;;;;;;;;;;
3.965193;18322500;1514;;;;;;;;;;;;;;
3.967693;18325000;1518;;;;;;;;;;;;;;
3.970193;18327500;1529;18328523;430.152;876.857;-137.563;10335.62;-3846.89;809.757;18328101;90.75;897.108;-290.436;6971.163;-794.65;-4757.893
3.972693;18330000;1528;;;;;;;;;;;;;;
3.975193;18332500;1500;;;;;;;;;;;;;;
3.977693;18335000;1512;;;;;;;;;;;;;;
3.980193;18337500;1502;;;;;;;;;;;;;;
3.982693;18340000;1502;;;;;;;;;;;;;;
3.985193;18342500;1514;;;;;;;;;;;;;;
3.987693;18345000;1520;;;;;;;;;;;;;;
3.990193;18347500;1517;;;;;;;;;;;;;;
3.992693;18350000;1528;;;;;;;;;;;;;;
3.995193;18352500;1528;;;;;;;;;;;;;;
3.997693;18355000;1516;;;;;;;;;;;;;;
4.000193;18357500;1515;;;;;;;;;;;;;;
4.002693;18360000;1517;;;;;;;;;;;;;;
4.005193;18362500;1529;18361694;430.22;875.416;-144.032;10093.589;-3427.483;755.707;18361254;88.701;899.826;-296.581;5951.917;260.957;-2510.561
4.007693;18365000;1545;;;;;;;;;;;;;;
4.010193;18367500;1561;;;;;;;;;;;;;;
4.012693;18370000;1559;;;;;;;;;;;;;;
4.015193;18372500;1549;;;;;;;;;;;;;;
4.017693;18375000;1545;;;;;;;;;;;;;;
4.020193;18377500;1547;;;;;;;;;;;;;;
4.022693;18380000;1547;;;;;;;;;;;;;;
4.025193;18382500;1560;;;;;;;;;;;;;;
4.027693;18385000;1578;;;;;;;;;;;;;;
4.030193;18387500;1582;;;;;;;;;;;;;;
4.032693;18390000;1584;;;;;;;;;;;;;;
4.035193;18392500;1581;;;;;;;;;;;;;;
4.037693;18395000;1578;18394749;430.712;873.637;-151.794;9514.534;-3243.421;763.859;18394321;88.548;896.791;-300.022;4973.572;1204.722;-385.658
4.040193;18397500;1575;;;;;;;;;;;;;;
4.042693;18400000;1578;;;;;;;;;;;;;;
4.045193;18402500;1592;;;;;;;;;;;;;;
4.047693;18405000;1598;;;;;;;;;;;;;;
4.050193;18407500;1609;;;;;;;;;;;;;;
4.052693;18410000;1609;;;;;;;;;;;;;;
4.055193;18412500;1608;;;;;;;;;;;;;;
4.057693;18415000;1594;;;;;;;;;;;;;;
4.060193;18417500;1591;;;;;;;;;;;;;;
4.062693;18420000;1596;;;;;;;;;;;;;;
4.065193;18422500;1600;;;;;;;;;;;;;;
4.067693;18425000;1611;;;;;;;;;;;;;;
4.070193;18427500;1623;18427741;429.849;873.704;-159.546;8653.37;-2627.562;905.041;18427302;89.049;897.317;-303.43;4381.456;2040.486;1724.875
4.072693;18430000;1625;;;;;;;;;;;;;;
4.075193;18432500;1612;;;;;;;;;;;;;;
4.077693;18435000;1608;;;;;;;;;;;;;;
4.080193;18437500;1599;;;;;;;;;;;;;;
4.082693;18440000;1608;;;;;;;;;;;;;;
4.085193;18442500;1611;;;;;;;;;;;;;;
4.087693;18445000;1626;;;;;;;;;;;;;;
4.090193;18447500;1640;;;;;;;;;;;;;;
4.092693;18450000;1642;;;;;;;;;;;;;;
4.095193;18452500;1630;;;;;;;;;;;;;;
4.097693;18455000;1626;;;;;;;;;;;;;;
4.100193;18457500;1625;;;;;;;;;;;;;;
4.102693;18460000;1625;;;;;;;;;;;;;;
4.105193;18462500;1641;;;;;;;;;;;;;;
4.107693;18465000;1656;;;;;;;;;;;;;;
4.110193;18467500;1662;;;;;;;;;;;;;;
4.112693;18470000;1673;18470611;428.31;870.145;-163.72;7827.389;-2227.559;870.726;18470180;92.253;902.081;-306.077;4054.32;2634.087;3190.006
4.115193;18472500;1670;;;;;;;;;;;;;;
4.117693;18475000;1660;;;;;;;;;;;;;;
4.120193;18477500;1659;;;;;;;;;;;;;;
4.122693;18480000;1671;;;;;;;;;;;;;;
4.125193;18482500;1686;;;;;;;;;;;;;;
4.127693;18485000;1696;;;;;;;;;;;;;;
4.130193;18487500;1710;;;;;;;;;;;;;;
4.132693;18490000;1721;;;;;;;;;;;;;;
4.135193;18492500;1720;;;;;;;;;;;;;;
4.137693;18495000;1719;;;;;;;;;;;;;;
4.140193;18497500;1710;;;;;;;;;;;;;;
4.142693;18500000;1721;;;;;;;;;;;;;;
4.145193;18502500;1736;18503599;429.647;867.148;-167.215;6938.582;-1916.681;912.065;18503162;96.558;908.656;-309.768;3144.167;3114.007;4061.256
4.147693;18505000;1751;;;;;;;;;;;;;;
4.150193;18507500;1759;;;;;;;;;;;;;;
4.152693;18510000;1768;;;;;;;;;;;;;;
4.155193;18512500;1767;;;;;;;;;;;;;;
4.157693;18515000;1757;;;;;;;;;;;;;;
4.160193;18517500;1754;;;;;;;;;;;;;;
4.162693;18520000;1757;;;;;;;;;;;;;;
4.165193;18522500;1773;;;;;;;;;;;;;;
4.167693;18525000;1786;;;;;;;;;;;;;;
4.170193;18527500;1799;;;;;;;;;;;;;;
4.172693;18530000;1801;18529986;430.716;864.971;-169.926;5816.84;-1595.097;846.774;18529556;98.702;909.754;-313.513;2288.271;3536.244;4491.693
4.175193;18532500;1799;;;;;;;;;;;;;;
4.177693;18535000;1789;;;;;;;;;;;;;;
4.180193;18537500;1787;;;;;;;;;;;;;;
4.182693;18540000;1788;;;;;;;;;;;;;;
4.185193;18542500;1804;;;;;;;;;;;;;;
4.187693;18545000;1818;;;;;;;;;;;;;;
4.190193;18547500;1832;;;;;;;;;;;;;;
4.192693;18550000;1836;;;;;;;;;;;;;;
4.195193;18552500;1824;;;;;;;;;;;;;;
4.197693;18555000;1821;;;;;;;;;;;;;;
4.200193;18557500;1819;;;;;;;;;;;;;;
4.202693;18560000;1821;;;;;;;;;;;;;;
4.205193;18562500;1835;;;;;;;;;;;;;;
4.207693;18565000;1850;;;;;;;;;;;;;;
4.210193;18567500;1867;18567919;429.451;862.727;-171.873;4802.373;-1397.655;730.935;18567486;101.795;909.62;-315.686;2631.92;3274.557;4211.983
4.212693;18570000;1867;;;;;;;;;;;;;;
4.215193;18572500;1863;;;;;;;;;;;;;;
4.217693;18575000;1854;;;;;;;;;;;;;;
4.220193;18577500;1850;;;;;;;;;;;;;;
4.222693;18580000;1854;;;;;;;;;;;;;;
4.225193;18582500;1869;;;;;;;;;;;;;;
4.227693;18585000;1884;;;;;;;;;;;;;;
4.230193;18587500;1896;;;;;;;;;;;;;;
4.232693;18590000;1898;;;;;;;;;;;;;;
4.235193;18592500;1896;;;;;;;;;;;;;;
4.237693;18595000;1886;;;;;;;;;;;;;;
4.240193;18597500;1884;;;;;;;;;;;;;;
4.242693;18600000;1896;18600989;429.066;862.315;-175.144;3829.879;-1303.272;655.889;18600553;104.684;916.166;-317.519;3177.136;2701.767;3538.947
4.245193;18602500;1899;;;;;;;;;;;;;;
4.247693;18605000;1915;;;;;;;;;;;;;;
4.250193;18607500;1929;;;;;;;;;;;;;;
4.252693;18610000;1929;;;;;;;;;;;;;;
4.255193;18612500;1927;;;;;;;;;;;;;;
4.257693;18615000;1916;;;;;;;;;;;;;;
4.260193;18617500;1914;;;;;;;;;;;;;;
4.262693;18620000;1916;;;;;;;;;;;;;;
4.265193;18622500;1930;;;;;;;;;;;;;;
4.267693;18625000;1944;;;;;;;;;;;;;;
4.270193;18627500;1950;;;;;;;;;;;;;;
4.272693;18630000;1960;18630760;430.75;863.211;-177.037;3224.51;-1358.858;499.282;18630328;107.3;920.597;-319.559;2880.029;2083.241;3207.562
4.275193;18632500;1950;;;;;;;;;;;;;;
4.277693;18635000;1945;;;;;;;;;;;;;;
4.280193;18637500;1936;;;;;;;;;;;;;;
4.282693;18640000;1944;;;;;;;;;;;;;;
4.285193;18642500;1950;;;;;;;;;;;;;;
4.287693;18645000;1965;;;;;;;;;;;;;;
4.290193;18647500;1967;;;;;;;;;;;;;;
4.292693;18650000;1979;;;;;;;;;;;;;;
4.295193;18652500;1976;;;;;;;;;;;;;;
4.297693;18655000;1963;;;;;;;;;;;;;;
4.300193;18657500;1961;;;;;;;;;;;;;;
4.302693;18660000;1962;;;;;;;;;;;;;;
4.305193;18662500;1967;;;;;;;;;;;;;;
4.307693;18665000;1975;;;;;;;;;;;;;;
4.310193;18667500;1992;18667117;430.831;862.763;-179.037;2523.847;-1542.915;468.193;18666687;109.579;922.806;-321.387;2291.965;1307.079;2490.246
4.312693;18670000;1992;;;;;;;;;;;;;;
4.315193;18672500;1982;;;;;;;;;;;;;;
4.317693;18675000;1978;;;;;;;;;;;;;;
4.320193;18677500;1967;;;;;;;;;;;;;;
4.322693;18680000;1966;;;;;;;;;;;;;;
4.325193;18682500;1978;;;;;;;;;;;;;;
4.327693;18685000;2008;;;;;;;;;;;;;;
4.330193;18687500;1997;;;;;;;;;;;;;;
4.332693;18690000;1996;;;;;;;;;;;;;;
4.335193;18692500;1992;;;;;;;;;;;;;;
4.337693;18695000;1980;;;;;;;;;;;;;;
4.340193;18697500;1976;;;;;;;;;;;;;;
4.342693;18700000;1977;;;;;;;;;;;;;;
4.345193;18702500;1981;;;;;;;;;;;;;;
4.347693;18705000;1993;;;;;;;;;;;;;;
4.350193;18707500;1996;;;;;;;;;;;;;;
4.352693;18710000;1998;18710098;430.932;862.69;-180.028;1789.967;-1721.707;551.97;18709654;111.524;926.173;-322.72;2305.554;226.725;1397.109
4.355193;18712500;1994;;;;;;;;;;;;;;
4.357693;18715000;1984;;;;;;;;;;;;;;
4.360193;18717500;1976;;;;;;;;;;;;;;
4.362693;18720000;1966;;;;;;;;;;;;;;
4.365193;18722500;1981;;;;;;;;;;;;;;
4.367693;18725000;1984;;;;;;;;;;;;;;
4.370193;18727500;1994;;;;;;;;;;;;;;
4.372693;18730000;1993;;;;;;;;;;;;;;
4.375193;18732500;1981;;;;;;;;;;;;;;
4.377693;18735000;1976;;;;;;;;;;;;;;
4.380193;18737500;1964;;;;;;;;;;;;;;
4.382693;18740000;1965;;;;;;;;;;;;;;
4.385193;18742500;1968;;;;;;;;;;;;;;
4.387693;18745000;1978;;;;;;;;;;;;;;
4.390193;18747500;1981;;;;;;;;;;;;;;
4.392693;18750000;1983;;;;;;;;;;;;;;
4.395193;18752500;1979;18752963;432.09;863.165;-181.171;1614.719;-2229.309;804.372;18752533;110.413;930.507;-325.86;2386.714;-968.924;68.566
4.397693;18755000;1964;;;;;;;;;;;;;;
4.400193;18757500;1961;;;;;;;;;;;;;;
4.402693;18760000;1960;;;;;;;;;;;;;;
4.405193;18762500;1962;;;;;;;;;;;;;;
4.407693;18765000;1966;;;;;;;;;;;;;;
4.410193;18767500;1978;;;;;;;;;;;;;;
4.412693;18770000;1979;;;;;;;;;;;;;;
4.415193;18772500;1977;;;;;;;;;;;;;;
4.417693;18775000;1961;;;;;;;;;;;;;;
4.420193;18777500;1949;;;;;;;;;;;;;;
4.422693;18780000;1948;;;;;;;;;;;;;;
4.425193;18782500;1951;;;;;;;;;;;;;;
4.427693;18785000;1966;18785865;433.22;863.829;-181.958;1973.67;-2402.656;1125.966;18785428;110.138;930.408;-324.531;2058.691;-1472.603;-957.3
4.430193;18787500;1976;;;;;;;;;;;;;;
4.432693;18790000;1976;;;;;;;;;;;;;;
4.435193;18792500;1964;;;;;;;;;;;;;;
4.437693;18795000;1959;;;;;;;;;;;;;;
4.440193;18797500;1949;;;;;;;;;;;;;;
4.442693;18800000;1945;;;;;;;;;;;;;;
4.445193;18802500;1949;;;;;;;;;;;;;;
4.447693;18805000;1962;;;;;;;;;;;;;;
4.450193;18807500;1966;;;;;;;;;;;;;;
4.452693;18810000;1966;;;;;;;;;;;;;;
4.455193;18812500;1963;;;;;;;;;;;;;;
4.457693;18815000;1947;;;;;;;;;;;;;;
4.460193;18817500;1943;;;;;;;;18818669;110.438;921.775;-322.95;1998.631;-1473.785;-2171.622
4.462693;18820000;1933;18819099;432.647;858.75;-185.908;3285.487;-2226.961;806.292;;;;;;;
4.465193;18822500;1934;;;;;;;;;;;;;;
4.467693;18825000;1958;;;;;;;;;;;;;;
4.470193;18827500;1961;;;;;;;;;;;;;;
4.472693;18830000;1960;;;;;;;;;;;;;;
4.475193;18832500;1950;;;;;;;;;;;;;;
4.477693;18835000;1943;;;;;;;;;;;;;;
4.480193;18837500;1930;;;;;;;;;;;;;;
4.482693;18840000;1928;;;;;;;;;;;;;;
4.485193;18842500;1933;;;;;;;;;;;;;;
4.487693;18845000;1946;;;;;;;;;;;;;;
4.490193;18847500;1934;;;;;;;;;;;;;;
4.492693;18850000;1948;;;;;;;;;;;;;;
4.495193;18852500;1936;18852353;433.749;855.042;-188.105;5195.837;-2351.863;783.915;18851908;110.126;915.471;-323.035;5202.262;-1964.033;-3897.041
4.497693;18855000;1928;;;;;;;;;;;;;;
4.500193;18857500;1916;;;;;;;;;;;;;;
4.502693;18860000;1914;;;;;;;;;;;;;;
4.505193;18862500;1917;;;;;;;;;;;;;;
4.507693;18865000;1929;;;;;;;;;;;;;;
4.510193;18867500;1934;;;;;;;;;;;;;;
4.512693;18870000;1931;;;;;;;;;;;;;;
4.515193;18872500;1919;;;;;;;;;;;;;;
4.517693;18875000;1913;;;;;;;;;;;;;;
4.520193;18877500;1897;;;;;;;;;;;;;;
4.522693;18880000;1897;;;;;;;;;;;;;;
4.525193;18882500;1901;;;;;;;;18883514;108.121;918.119;-327.263;8929.523;-2221.082;-5538.377
4.527693;18885000;1912;18883936;433.741;854.441;-186.794;7256.108;-2597.395;228.032;;;;;;;
4.530193;18887500;1916;;;;;;;;;;;;;;
4.532693;18890000;1915;;;;;;;;;;;;;;
4.535193;18892500;1900;;;;;;;;;;;;;;
4.537693;18895000;1886;;;;;;;;;;;;;;
4.540193;18897500;1883;;;;;;;;;;;;;;
4.542693;18900000;1882;;;;;;;;;;;;;;
4.545193;18902500;1884;;;;;;;;;;;;;;
4.547693;18905000;1897;;;;;;;;;;;;;;
4.550193;18907500;1901;;;;;;;;;;;;;;
4.552693;18910000;1903;;;;;;;;;;;;;;
4.555193;18912500;1897;;;;;;;;;;;;;;
4.557693;18915000;1884;;;;;;;;;;;;;;
4.560193;18917500;1879;18917199;434.343;855.376;-190.631;8601.74;-2552.4;-309.682;18916754;104.624;922.233;-337.472;11344.297;-2847.215;-7151.896
4.562693;18920000;1879;;;;;;;;;;;;;;
4.565193;18922500;1884;;;;;;;;;;;;;;
4.567693;18925000;1898;;;;;;;;;;;;;;
4.570193;18927500;1899;;;;;;;;;;;;;;
4.572693;18930000;1898;;;;;;;;;;;;;;
4.575193;18932500;1896;;;;;;;;;;;;;;
4.577693;18935000;1884;;;;;;;;;;;;;;
4.580193;18937500;1869;;;;;;;;;;;;;;
4.582693;18940000;1870;;;;;;;;;;;;;;
4.585193;18942500;1881;;;;;;;;;;;;;;
4.587693;18945000;1896;;;;;;;;;;;;;;
4.590193;18947500;1899;;;;;;;;;;;;;;
4.592693;18950000;1898;18950597;436.935;861.334;-196.483;8123.966;-2320.217;-199.26;18950167;98.392;918.937;-344.742;13290.082;-3907.542;-9117.863
4.595193;18952500;1896;;;;;;;;;;;;;;
4.597693;18955000;1882;;;;;;;;;;;;;;
4.600193;18957500;1867;;;;;;;;;;;;;;
4.602693;18960000;1870;;;;;;;;;;;;;;
4.605193;18962500;1880;;;;;;;;;;;;;;
4.607693;18965000;1884;;;;;;;;;;;;;;
4.610193;18967500;1897;;;;;;;;;;;;;;
4.612693;18970000;1898;;;;;;;;;;;;;;
4.615193;18972500;1886;;;;;;;;;;;;;;
4.617693;18975000;1879;;;;;;;;;;;;;;
4.620193;18977500;1868;;;;;;;;;;;;;;
4.622693;18980000;1869;;;;;;;;;;;;;;
4.625193;18982500;1880;;;;;;;;18983496;86.885;914.458;-352.899;14792.516;-4834.352;-10494.22
4.627693;18985000;1884;18983933;434.529;864.573;-203.245;7548.893;-1932.956;-522.235;;;;;;;
4.630193;18987500;1896;;;;;;;;;;;;;;
4.632693;18990000;1900;;;;;;;;;;;;;;
4.635193;18992500;1895;;;;;;;;;;;;;;
4.637693;18995000;1884;;;;;;;;;;;;;;
4.640193;18997500;1871;;;;;;;;;;;;;;
4.642693;19000000;1881;;;;;;;;;;;;;;
4.645193;19002500;1884;;;;;;;;;;;;;;
4.647693;19005000;1898;;;;;;;;;;;;;;
4.650193;19007500;1912;;;;;;;;;;;;;;
4.652693;19010000;1912;;;;;;;;;;;;;;
4.655193;19012500;1902;;;;;;;;;;;;;;
4.657693;19015000;1897;;;;;;;;;;;;;;
4.660193;19017500;1885;19017340;432.487;858.341;-206.503;6270.198;-2205.996;-1022.873;19016910;83.663;909.813;-363.467;17076.016;-5899.009;-11961.009
4.662693;19020000;1886;;;;;;;;;;;;;;
4.665193;19022500;1900;;;;;;;;;;;;;;
4.667693;19025000;1914;;;;;;;;;;;;;;
4.670193;19027500;1918;;;;;;;;;;;;;;
4.672693;19030000;1916;;;;;;;;;;;;;;
4.675193;19032500;1914;;;;;;;;;;;;;;
4.677693;19035000;1910;;;;;;;;;;;;;;
4.680193;19037500;1897;;;;;;;;;;;;;;
4.682693;19040000;1898;;;;;;;;;;;;;;
4.685193;19042500;1903;;;;;;;;;;;;;;
4.687693;19045000;1913;;;;;;;;;;;;;;
4.690193;19047500;1917;;;;;;;;;;;;;;
4.692693;19050000;1917;;;;;;;;;;;;;;
4.695193;19052500;1914;;;;;;;;;;;;;;
4.697693;19055000;1902;;;;;;;;;;;;;;
4.700193;19057500;1896;;;;;;;;;;;;;;
4.702693;19060000;1894;19060749;432.127;856.306;-213.727;6904.75;-2253.196;-1046.104;19060310;74.447;911.097;-373.463;19671.902;-7053.058;-13431.896
4.705193;19062500;1900;;;;;;;;;;;;;;
4.707693;19065000;1904;;;;;;;;;;;;;;
4.710193;19067500;1912;;;;;;;;;;;;;;
4.712693;19070000;1917;;;;;;;;;;;;;;
4.715193;19072500;1911;;;;;;;;;;;;;;
4.717693;19075000;1897;;;;;;;;;;;;;;
4.720193;19077500;1884;;;;;;;;;;;;;;
4.722693;19080000;1885;;;;;;;;;;;;;;
4.725193;19082500;1887;;;;;;;;;;;;;;
4.727693;19085000;1900;;;;;;;;;;;;;;
4.730193;19087500;1915;;;;;;;;;;;;;;
4.732693;19090000;1914;;;;;;;;;;;;;;
4.735193;19092500;1911;;;;;;;;;;;;;;
4.737693;19095000;1899;19094239;432.957;859.82;-216.516;6874.513;-2410.473;-1420.799;19093812;63.93;913.531;-382.142;19868.244;-7539.968;-14255.238
4.740193;19097500;1887;;;;;;;;;;;;;;
4.742693;19100000;1895;;;;;;;;;;;;;;
4.745193;19102500;1897;;;;;;;;;;;;;;
4.747693;19105000;1911;;;;;;;;;;;;;;
4.750193;19107500;1916;;;;;;;;;;;;;;
4.752693;19110000;1918;;;;;;;;;;;;;;
4.755193;19112500;1912;;;;;;;;;;;;;;
4.757693;19115000;1901;;;;;;;;;;;;;;
4.760193;19117500;1897;;;;;;;;;;;;;;
4.762693;19120000;1900;;;;;;;;;;;;;;
4.765193;19122500;1903;;;;;;;;;;;;;;
4.767693;19125000;1917;19126117;432.0;860.304;-217.823;6256.475;-2332.825;-1449.072;19125677;54.889;907.534;-392.089;18837.645;-7980.219;-14942.039
4.770193;19127500;1930;;;;;;;;;;;;;;
4.772693;19130000;1932;;;;;;;;;;;;;;
4.775193;19132500;1919;;;;;;;;;;;;;;
4.777693;19135000;1914;;;;;;;;;;;;;;
4.780193;19137500;1903;;;;;;;;;;;;;;
4.782693;19140000;1912;;;;;;;;;;;;;;
4.785193;19142500;1913;;;;;;;;;;;;;;
4.787693;19145000;1928;;;;;;;;;;;;;;
4.790193;19147500;1932;;;;;;;;;;;;;;
4.792693;19150000;1934;;;;;;;;;;;;;;
4.795193;19152500;1927;;;;;;;;;;;;;;
4.797693;19155000;1914;;;;;;;;;;;;;;
4.800193;19157500;1902;;;;;;;;;;;;;;
4.802693;19160000;1900;19159600;429.469;854.035;-225.073;5577.901;-2059.996;-1611.556;19159178;44.404;899.526;-401.21;18615.449;-9013.583;-15774.749
4.805193;19162500;1902;;;;;;;;;;;;;;
4.807693;19165000;1915;;;;;;;;;;;;;;
4.810193;19167500;1927;;;;;;;;;;;;;;
4.812693;19170000;1918;;;;;;;;;;;;;;
4.815193;19172500;1914;;;;;;;;;;;;;;
4.817693;19175000;1902;;;;;;;;;;;;;;
4.820193;19177500;1896;;;;;;;;;;;;;;
4.822693;19180000;1895;;;;;;;;;;;;;;
4.825193;19182500;1898;;;;;;;;;;;;;;
4.827693;19185000;1911;;;;;;;;;;;;;;
4.830193;19187500;1914;;;;;;;;;;;;;;
4.832693;19190000;1918;;;;;;;;;;;;;;
4.835193;19192500;1913;19193124;429.363;848.098;-227.508;4860.193;-1944.308;-1492.478;19192679;38.658;899.861;-412.558;19053.613;-10226.716;-17201.512
4.837693;19195000;1901;;;;;;;;;;;;;;
4.840193;19197500;1898;;;;;;;;;;;;;;
4.842693;19200000;1897;;;;;;;;;;;;;;
4.845193;19202500;1901;;;;;;;;;;;;;;
4.847693;19205000;1911;;;;;;;;;;;;;;
4.850193;19207500;1920;;;;;;;;;;;;;;
4.852693;19210000;1929;;;;;;;;;;;;;;
4.855193;19212500;1915;;;;;;;;;;;;;;
4.857693;19215000;1912;;;;;;;;;;;;;;
4.860193;19217500;1900;;;;;;;;;;;;;;
4.862693;19220000;1899;;;;;;;;;;;;;;
4.865193;19222500;1902;;;;;;;;;;;;;;
4.867693;19225000;1914;;;;;;;;;;;;;;
4.870193;19227500;1918;19226689;428.843;851.126;-230.907;4970.684;-2302.531;-1453.729;19226267;26.837;896.549;-422.363;17848.932;-10994.63;-18425.686
4.872693;19230000;1912;;;;;;;;;;;;;;
4.875193;19232500;1916;;;;;;;;;;;;;;
4.877693;19235000;1901;;;;;;;;;;;;;;
4.880193;19237500;1895;;;;;;;;;;;;;;
4.882693;19240000;1896;;;;;;;;;;;;;;
4.885193;19242500;1898;;;;;;;;;;;;;;
4.887693;19245000;1901;;;;;;;;;;;;;;
4.890193;19247500;1913;;;;;;;;;;;;;;
4.892693;19250000;1914;;;;;;;;;;;;;;
4.895193;19252500;1903;;;;;;;;;;;;;;
4.897693;19255000;1897;;;;;;;;;;;;;;
4.900193;19257500;1885;;;;;;;;;;;;;;
4.902693;19260000;1885;;;;;;;;;;;;;;
4.905193;19262500;1886;;;;;;;;;;;;;;
4.907693;19265000;1897;;;;;;;;;;;;;;
4.910193;19267500;1912;;;;;;;;;;;;;;
4.912693;19270000;1912;19270193;427.921;852.203;-234.044;4088.212;-2721.592;-1538.542;19269753;14.503;888.846;-430.013;17007.672;-12358.523;-19622.338
4.915193;19272500;1902;;;;;;;;;;;;;;
4.917693;19275000;1896;;;;;;;;;;;;;;
4.920193;19277500;1884;;;;;;;;;;;;;;
4.922693;19280000;1881;;;;;;;;;;;;;;
4.925193;19282500;1885;;;;;;;;;;;;;;
4.927693;19285000;1899;;;;;;;;;;;;;;
4.930193;19287500;1902;;;;;;;;;;;;;;
4.932693;19290000;1911;;;;;;;;;;;;;;
4.935193;19292500;1898;;;;;;;;;;;;;;
4.937693;19295000;1886;;;;;;;;;;;;;;
4.940193;19297500;1879;;;;;;;;;;;;;;
4.942693;19300000;1869;;;;;;;;;;;;;;
4.945193;19302500;1880;;;;;;;;19303342;1.169;886.976;-437.463;16432.914;-13715.034;-21126.658
4.947693;19305000;1884;19303770;428.247;852.079;-236.335;3290.989;-2897.887;-1516.74;;;;;;;
4.950193;19307500;1896;;;;;;;;;;;;;;
4.952693;19310000;1896;;;;;;;;;;;;;;
4.955193;19312500;1884;;;;;;;;;;;;;;
4.957693;19315000;1880;;;;;;;;;;;;;;
4.960193;19317500;1868;;;;;;;;;;;;;;
4.962693;19320000;1865;;;;;;;;;;;;;;
4.965193;19322500;1868;;;;;;;;;;;;;;
4.967693;19325000;1880;;;;;;;;;;;;;;
4.970193;19327500;1887;;;;;;;;;;;;;;
4.972693;19330000;1887;19330697;445.496;854.938;-206.853;3361.377;-2268.243;-1599.278;19330257;-14.164;878.94;-441.618;15440.206;-14551.345;-22583.762
4.975193;19332500;1883;;;;;;;;;;;;;;
4.977693;19335000;1879;;;;;;;;;;;;;;
4.980193;19337500;1865;;;;;;;;;;;;;;
4.982693;19340000;1866;;;;;;;;;;;;;;
4.985193;19342500;1868;;;;;;;;;;;;;;
4.987693;19345000;1882;;;;;;;;;;;;;;
4.990193;19347500;1884;;;;;;;;;;;;;;
4.992693;19350000;1886;;;;;;;;;;;;;;
4.995193;19352500;1884;;;;;;;;;;;;;;
4.997693;19355000;1870;;;;;;;;;;;;;;
5.000193;19357500;1866;;;;;;;;;;;;;;
5.002693;19360000;1866;;;;;;;;;;;;;;
5.005193;19362500;1868;;;;;;;;;;;;;;
5.007693;19365000;1880;;;;;;;;;;;;;;
5.010193;19367500;1885;;;;;;;;;;;;;;
5.012693;19370000;1887;19369304;445.261;858.369;-210.211;3123.308;-2186.331;-1878.939;19368882;-28.828;876.083;-444.437;13753.383;-15312.152;-23710.324
5.015193;19372500;1882;;;;;;;;;;;;;;
5.017693;19375000;1869;;;;;;;;;;;;;;
5.020193;19377500;1855;;;;;;;;;;;;;;
5.022693;19380000;1856;;;;;;;;;;;;;;
5.025193;19382500;1865;;;;;;;;;;;;;;
5.027693;19385000;1879;;;;;;;;;;;;;;
5.030193;19387500;1883;;;;;;;;;;;;;;
5.032693;19390000;1883;;;;;;;;;;;;;;
5.035193;19392500;1871;;;;;;;;;;;;;;
5.037693;19395000;1866;;;;;;;;;;;;;;
5.040193;19397500;1852;;;;;;;;;;;;;;
5.042693;19400000;1853;;;;;;;;;;;;;;
5.045193;19402500;1854;19403001;444.622;858.748;-215.115;1979.267;-1946.201;-1940.305;19402556;-44.82;867.573;-449.72;11642.526;-15824.92;-24875.934
5.047693;19405000;1867;;;;;;;;;;;;;;
5.050193;19407500;1870;;;;;;;;;;;;;;
5.052693;19410000;1880;;;;;;;;;;;;;;
5.055193;19412500;1867;;;;;;;;;;;;;;
5.057693;19415000;1853;;;;;;;;;;;;;;
5.060193;19417500;1849;;;;;;;;;;;;;;
5.062693;19420000;1847;;;;;;;;;;;;;;
5.065193;19422500;1848;;;;;;;;;;;;;;
5.067693;19425000;1853;;;;;;;;;;;;;;
5.070193;19427500;1867;;;;;;;;;;;;;;
5.072693;19430000;1869;;;;;;;;;;;;;;
5.075193;19432500;1863;19433361;441.661;855.741;-220.0;601.054;-1753.954;-1684.915;19432938;-61.757;857.269;-451.134;10218.213;-16673.861;-26031.824
5.077693;19435000;1850;;;;;;;;;;;;;;
5.080193;19437500;1839;;;;;;;;;;;;;;
5.082693;19440000;1837;;;;;;;;;;;;;;
5.085193;19442500;1849;;;;;;;;;;;;;;
5.087693;19445000;1861;;;;;;;;;;;;;;
5.090193;19447500;1868;;;;;;;;;;;;;;
5.092693;19450000;1870;;;;;;;;;;;;;;
5.095193;19452500;1864;;;;;;;;;;;;;;
5.097693;19455000;1853;;;;;;;;;;;;;;
5.100193;19457500;1849;;;;;;;;;;;;;;
5.102693;19460000;1840;;;;;;;;;;;;;;
5.105193;19462500;1850;;;;;;;;;;;;;;
5.107693;19465000;1863;;;;;;;;;;;;;;
5.110193;19467500;1869;;;;;;;;;;;;;;
5.112693;19470000;1870;19470258;438.287;855.752;-221.279;574.501;-1917.381;-1943.231;19469819;-79.928;854.421;-449.72;9397.989;-17312.793;-26927.357
5.115193;19472500;1866;;;;;;;;;;;;;;
5.117693;19475000;1865;;;;;;;;;;;;;;
5.120193;19477500;1852;;;;;;;;;;;;;;
5.122693;19480000;1852;;;;;;;;;;;;;;
5.125193;19482500;1865;;;;;;;;;;;;;;
5.127693;19485000;1879;;;;;;;;;;;;;;
5.130193;19487500;1885;;;;;;;;;;;;;;
5.132693;19490000;1897;;;;;;;;;;;;;;
5.135193;19492500;1895;;;;;;;;;;;;;;
5.137693;19495000;1880;;;;;;;;;;;;;;
5.140193;19497500;1871;;;;;;;;;;;;;;
5.142693;19500000;1880;;;;;;;;;;;;;;
5.145193;19502500;1883;;;;;;;;;;;;;;
5.147693;19505000;1884;;;;;;;;;;;;;;
5.150193;19507500;1903;;;;;;;;;;;;;;
5.152693;19510000;1917;;;;;;;;;;;;;;
5.155193;19512500;1913;19513647;435.947;858.494;-219.865;1474.589;-1573.012;-1952.82;19513220;-98.953;849.221;-449.072;7588.465;-17395.652;-27644.238
5.157693;19515000;1903;;;;;;;;;;;;;;
5.160193;19517500;1903;;;;;;;;;;;;;;
5.162693;19520000;1902;;;;;;;;;;;;;;
5.165193;19522500;1917;;;;;;;;;;;;;;
5.167693;19525000;1942;;;;;;;;;;;;;;
5.170193;19527500;1959;;;;;;;;;;;;;;
5.172693;19530000;1963;;;;;;;;;;;;;;
5.175193;19532500;1961;;;;;;;;;;;;;;
5.177693;19535000;1960;;;;;;;;;;;;;;
5.180193;19537500;1952;;;;;;;;;;;;;;
5.182693;19540000;1960;;;;;;;;;;;;;;
5.185193;19542500;1965;;;;;;;;;;;;;;
5.187693;19545000;1983;;;;;;;;;;;;;;
5.190193;19547500;1997;;;;;;;;;;;;;;
5.192693;19550000;2000;;;;;;;;;;;;;;
5.195193;19552500;2000;;;;;;;;;;;;;;
5.197693;19555000;1996;;;;;;;;;;;;;;
5.200193;19557500;1993;19557146;432.981;860.051;-223.457;1286.672;-1595.424;-1915.554;19556706;-118.509;843.708;-448.109;6047.917;-17747.369;-28317.4
5.202693;19560000;1995;;;;;;;;;;;;;;
5.205193;19562500;2007;;;;;;;;;;;;;;
5.207693;19565000;2015;;;;;;;;;;;;;;
5.210193;19567500;2030;;;;;;;;;;;;;;
5.212693;19570000;2040;;;;;;;;;;;;;;
5.215193;19572500;2040;;;;;;;;;;;;;;
5.217693;19575000;2029;;;;;;;;;;;;;;
5.220193;19577500;2024;;;;;;;;;;;;;;
5.222693;19580000;2025;;;;;;;;;;;;;;
5.225193;19582500;2028;;;;;;;;;;;;;;
5.227693;19585000;2047;;;;;;;;;;;;;;
5.230193;19587500;2062;;;;;;;;;;;;;;
5.232693;19590000;2064;19590810;429.833;860.981;-226.052;1250.338;-1454.84;-1674.526;19590382;-138.875;839.983;-447.859;4400.208;-17901.688;-29125.779
5.235193;19592500;2063;;;;;;;;;;;;;;
5.237693;19595000;2059;;;;;;;;;;;;;;
5.240193;19597500;2055;;;;;;;;;;;;;;
5.242693;19600000;2046;;;;;;;;;;;;;;
5.245193;19602500;2062;;;;;;;;;;;;;;
5.247693;19605000;2076;;;;;;;;;;;;;;
5.250193;19607500;2091;;;;;;;;;;;;;;
5.252693;19610000;2096;;;;;;;;;;;;;;
5.255193;19612500;2092;;;;;;;;;;;;;;
5.257693;19615000;2088;;;;;;;;;;;;;;
5.260193;19617500;2077;;;;;;;;;;;;;;
5.262693;19620000;2077;;;;;;;;;;;;;;
5.265193;19622500;2088;;;;;;;;;;;;;;
5.267693;19625000;2104;19624496;426.446;862.419;-228.706;1678.259;-1694.473;-1945.612;19624057;-160.851;831.034;-446.572;3546.26;-18113.041;-29910.803
5.270193;19627500;2119;;;;;;;;;;;;;;
5.272693;19630000;2122;;;;;;;;;;;;;;
5.275193;19632500;2121;;;;;;;;;;;;;;
5.277693;19635000;2109;;;;;;;;;;;;;;
5.280193;19637500;2106;;;;;;;;;;;;;;
5.282693;19640000;2104;;;;;;;;;;;;;;
5.285193;19642500;2109;;;;;;;;;;;;;;
5.287693;19645000;2125;;;;;;;;;;;;;;
5.290193;19647500;2138;;;;;;;;;;;;;;
5.292693;19650000;2143;;;;;;;;;;;;;;
5.295193;19652500;2141;;;;;;;;;;;;;;
5.297693;19655000;2136;;;;;;;;;;;;;;
5.300193;19657500;2124;19658160;425.669;862.358;-232.686;1604.846;-1628.562;-2267.894;19657730;-177.538;829.602;-448.033;2991.822;-18652.889;-30849.949
5.302693;19660000;2123;;;;;;;;;;;;;;
5.305193;19662500;2123;;;;;;;;;;;;;;
5.307693;19665000;2142;;;;;;;;;;;;;;
5.310193;19667500;2156;;;;;;;;;;;;;;
5.312693;19670000;2168;;;;;;;;;;;;;;
5.315193;19672500;2158;;;;;;;;;;;;;;
5.317693;19675000;2154;;;;;;;;;;;;;;
5.320193;19677500;2141;;;;;;;;;;;;;;
5.322693;19680000;2141;;;;;;;;;;;;;;
5.325193;19682500;2155;;;;;;;;;;;;;;
5.327693;19685000;2168;;;;;;;;;;;;;;
5.330193;19687500;2175;;;;;;;;;;;;;;
5.332693;19690000;2184;;;;;;;;;;;;;;
5.335193;19692500;2174;;;;;;;;;;;;;;
5.337693;19695000;2172;;;;;;;;;;;;;;
5.340193;19697500;2166;;;;;;;;;;;;;;
5.342693;19700000;2158;;;;;;;;;;;;;;
5.345193;19702500;2169;19701743;423.435;862.519;-233.666;1089.728;-1198.009;-2350.937;19701306;-196.062;828.095;-447.311;1547.231;-19494.744;-32748.826
5.347693;19705000;2182;;;;;;;;;;;;;;
5.350193;19707500;2190;;;;;;;;;;;;;;
5.352693;19710000;2200;;;;;;;;;;;;;;
5.355193;19712500;2191;;;;;;;;;;;;;;
5.357693;19715000;2187;;;;;;;;;;;;;;
5.360193;19717500;2175;;;;;;;;;;;;;;
5.362693;19720000;2175;;;;;;;;;;;;;;
5.365193;19722500;2186;;;;;;;;;;;;;;
5.367693;19725000;2200;;;;;;;;;;;;;;
5.370193;19727500;2207;;;;;;;;19728395;-216.582;824.028;-444.49;-358.005;-20453.318;-34807.383
5.372693;19730000;2216;19728825;421.631;863.441;-234.103;174.679;-1020.421;-2516.015;;;;;;;
5.375193;19732500;2216;;;;;;;;;;;;;;
5.377693;19735000;2203;;;;;;;;;;;;;;
5.380193;19737500;2199;;;;;;;;;;;;;;
5.382693;19740000;2200;;;;;;;;;;;;;;
5.385193;19742500;2202;;;;;;;;;;;;;;
5.387693;19745000;2217;;;;;;;;;;;;;;
5.390193;19747500;2232;;;;;;;;;;;;;;
5.392693;19750000;2237;;;;;;;;;;;;;;
5.395193;19752500;2234;;;;;;;;;;;;;;
5.397693;19755000;2221;;;;;;;;;;;;;;
5.400193;19757500;2218;;;;;;;;;;;;;;
5.402693;19760000;2216;;;;;;;;;;;;;;
5.405193;19762500;2220;;;;;;;;;;;;;;
5.407693;19765000;2234;;;;;;;;;;;;;;
5.410193;19767500;2247;19767370;418.837;863.457;-238.929;471.758;-979.462;-2796.214;19766933;-237.296;817.03;-436.942;-2423.042;-21154.84;-37222.824
5.412693;19770000;2252;;;;;;;;;;;;;;
5.415193;19772500;2251;;;;;;;;;;;;;;
5.417693;19775000;2237;;;;;;;;;;;;;;
5.420193;19777500;2234;;;;;;;;;;;;;;
5.422693;19780000;2233;;;;;;;;;;;;;;
5.425193;19782500;2235;;;;;;;;;;;;;;
5.427693;19785000;2240;;;;;;;;;;;;;;
5.430193;19787500;2263;;;;;;;;;;;;;;
5.432693;19790000;2267;;;;;;;;;;;;;;
5.435193;19792500;2264;;;;;;;;;;;;;;
5.437693;19795000;2251;;;;;;;;;;;;;;
5.440193;19797500;2248;;;;;;;;;;;;;;
5.442693;19800000;2248;19800950;413.89;867.358;-239.793;1956.67;-1187.302;-3207.216;19800520;-259.811;804.128;-428.21;-4440.391;-21186.035;-39688.559
5.445193;19802500;2248;;;;;;;;;;;;;;
5.447693;19805000;2256;;;;;;;;;;;;;;
5.450193;19807500;2269;;;;;;;;;;;;;;
5.452693;19810000;2272;;;;;;;;;;;;;;
5.455193;19812500;2269;;;;;;;;;;;;;;
5.457693;19815000;2264;;;;;;;;;;;;;;
5.460193;19817500;2251;;;;;;;;;;;;;;
5.462693;19820000;2251;;;;;;;;;;;;;;
5.465193;19822500;2254;;;;;;;;;;;;;;
5.467693;19825000;2267;;;;;;;;;;;;;;
5.470193;19827500;2279;;;;;;;;;;;;;;
5.472693;19830000;2283;;;;;;;;19830989;-285.988;789.517;-418.151;-6378.746;-21043.732;-41517.379
5.475193;19832500;2271;19831421;413.051;870.289;-240.198;2899.211;-1334.437;-3792.792;;;;;;;
5.477693;19835000;2267;;;;;;;;;;;;;;
5.480193;19837500;2255;;;;;;;;;;;;;;
5.482693;19840000;2251;;;;;;;;;;;;;;
5.485193;19842500;2254;;;;;;;;;;;;;;
5.487693;19845000;2268;;;;;;;;;;;;;;
5.490193;19847500;2279;;;;;;;;;;;;;;
5.492693;19850000;2282;;;;;;;;;;;;;;
5.495193;19852500;2281;;;;;;;;;;;;;;
5.497693;19855000;2266;;;;;;;;;;;;;;
5.500193;19857500;2256;;;;;;;;;;;;;;
5.502693;19860000;2250;;;;;;;;;;;;;;
5.505193;19862500;2253;;;;;;;;;;;;;;
5.507693;19865000;2267;;;;;;;;;;;;;;
5.510193;19867500;2281;19868478;412.693;871.726;-241.078;4035.251;-1226.152;-3979.403;19868043;-306.66;776.339;-405.576;-8089.371;-21147.857;-42931.883
5.512693;19870000;2283;;;;;;;;;;;;;;
5.515193;19872500;2280;;;;;;;;;;;;;;
5.517693;19875000;2266;;;;;;;;;;;;;;
5.520193;19877500;2255;;;;;;;;;;;;;;
5.522693;19880000;2251;;;;;;;;;;;;;;
5.525193;19882500;2254;;;;;;;;;;;;;;
5.527693;19885000;2266;;;;;;;;;;;;;;
5.530193;19887500;2279;;;;;;;;;;;;;;
5.532693;19890000;2282;;;;;;;;;;;;;;
5.535193;19892500;2279;;;;;;;;;;;;;;
5.537693;19895000;2264;;;;;;;;;;;;;;
5.540193;19897500;2252;;;;;;;;;;;;;;
5.542693;19900000;2249;;;;;;;;;;;;;;
5.545193;19902500;2251;;;;;;;;;;;;;;
5.547693;19905000;2267;;;;;;;;;;;;;;
5.550193;19907500;2270;;;;;;;;;;;;;;
5.552693;19910000;2279;;;;;;;;;;;;;;
5.555193;19912500;2270;19912136;408.443;869.424;-238.833;4254.363;-1012.157;-4199.558;19911704;-329.666;759.439;-393.331;-10238.59;-21190.777;-43950.164
5.557693;19915000;2263;;;;;;;;;;;;;;
5.560193;19917500;2252;;;;;;;;;;;;;;
5.562693;19920000;2249;;;;;;;;;;;;;;
5.565193;19922500;2250;;;;;;;;;;;;;;
5.567693;19925000;2253;;;;;;;;;;;;;;
5.570193;19927500;2269;;;;;;;;;;;;;;
5.572693;19930000;2279;;;;;;;;;;;;;;
5.575193;19932500;2270;;;;;;;;;;;;;;
5.577693;19935000;2264;;;;;;;;;;;;;;
5.580193;19937500;2252;;;;;;;;;;;;;;
5.582693;19940000;2248;;;;;;;;;;;;;;
5.585193;19942500;2252;;;;;;;;;;;;;;
5.587693;19945000;2264;;;;;;;;;;;;;;
5.590193;19947500;2279;;;;;;;;;;;;;;
5.592693;19950000;2280;;;;;;;;;;;;;;
5.595193;19952500;2280;;;;;;;;;;;;;;
5.597693;19955000;2266;19955881;403.85;869.214;-241.732;4684.77;-1116.424;-4670.33;19955451;-355.114;736.113;-381.357;-10820.41;-21060.926;-44164.156
5.600193;19957500;2252;;;;;;;;;;;;;;
5.602693;19960000;2249;;;;;;;;;;;;;;
5.605193;19962500;2252;;;;;;;;;;;;;;
5.607693;19965000;2265;;;;;;;;;;;;;;
5.610193;19967500;2269;;;;;;;;;;;;;;
5.612693;19970000;2281;;;;;;;;;;;;;;
5.615193;19972500;2270;;;;;;;;;;;;;;
5.617693;19975000;2264;;;;;;;;;;;;;;
5.620193;19977500;2249;;;;;;;;;;;;;;
5.622693;19980000;2248;;;;;;;;;;;;;;
5.625193;19982500;2248;;;;;;;;;;;;;;
5.627693;19985000;2254;;;;;;;;;;;;;;
5.630193;19987500;2267;;;;;;;;;;;;;;
5.632693;19990000;2269;19989738;398.731;871.199;-244.768;4704.281;-1306.916;-4915.875;19989300;-379.833;720.389;-370.78;-10600.515;-20924.441;-44441.824
5.635193;19992500;2266;;;;;;;;;;;;;;
5.637693;19995000;2253;;;;;;;;;;;;;;
5.640193;19997500;2247;;;;;;;;;;;;;;
5.642693;20000000;2236;;;;;;;;;;;;;;
5.645193;20002500;2247;;;;;;;;;;;;;;
5.647693;20005000;2251;;;;;;;;;;;;;;
5.650193;20007500;2264;;;;;;;;;;;;;;
5.652693;20010000;2268;;;;;;;;;;;;;;
5.655193;20012500;2266;;;;;;;;;;;;;;
5.657693;20015000;2251;;;;;;;;;;;;;;
5.660193;20017500;2233;;;;;;;;;;;;;;
5.662693;20020000;2235;;;;;;;;;;;;;;
5.665193;20022500;2239;20023579;394.374;869.906;-247.127;4850.567;-1254.257;-5161.832;20023149;-402.376;704.866;-358.445;-10788.864;-20974.156;-44578.297
5.667693;20025000;2249;;;;;;;;;;;;;;
5.670193;20027500;2265;;;;;;;;;;;;;;
5.672693;20030000;2270;;;;;;;;;;;;;;
5.675193;20032500;2266;;;;;;;;;;;;;;
5.677693;20035000;2253;;;;;;;;;;;;;;
5.680193;20037500;2250;;;;;;;;;;;;;;
5.682693;20040000;2238;;;;;;;;;;;;;;
5.685193;20042500;2248;;;;;;;;;;;;;;
5.687693;20045000;2254;;;;;;;;;;;;;;
5.690193;20047500;2269;;;;;;;;;;;;;;
5.692693;20050000;2279;;;;;;;;;;;;;;
5.695193;20052500;2270;;;;;;;;;;;;;;
5.697693;20055000;2266;;;;;;;;;;;;;;
5.700193;20057500;2250;20057441;390.802;869.08;-250.472;4920.414;-1333.732;-5448.427;20056996;-426.043;682.109;-345.36;-10994.483;-20817.072;-44229.758
5.702693;20060000;2249;;;;;;;;;;;;;;
5.705193;20062500;2252;;;;;;;;;;;;;;
5.707693;20065000;2263;;;;;;;;;;;;;;
5.710193;20067500;2270;;;;;;;;;;;;;;
5.712693;20070000;2281;;;;;;;;;;;;;;
5.715193;20072500;2270;;;;;;;;;;;;;;
5.717693;20075000;2264;;;;;;;;;;;;;;
5.720193;20077500;2250;;;;;;;;;;;;;;
5.722693;20080000;2239;;;;;;;;;;;;;;
5.725193;20082500;2246;;;;;;;;;;;;;;
5.727693;20085000;2254;;;;;;;;;;;;;;
5.730193;20087500;2265;;;;;;;;;;;;;;
5.732693;20090000;2268;20089631;385.621;869.143;-254.04;5038.831;-1523.42;-5664.693;20089209;-448.569;658.52;-330.44;-10532.696;-20458.281;-42981.645
5.735193;20092500;2266;;;;;;;;;;;;;;
5.737693;20095000;2253;;;;;;;;;;;;;;
5.740193;20097500;2237;;;;;;;;;;;;;;
5.742693;20100000;2232;;;;;;;;;;;;;;
5.745193;20102500;2233;;;;;;;;;;;;;;
5.747693;20105000;2247;;;;;;;;;;;;;;
5.750193;20107500;2251;;;;;;;;;;;;;;
5.752693;20110000;2254;;;;;;;;;;;;;;
5.755193;20112500;2251;;;;;;;;;;;;;;
5.757693;20115000;2237;;;;;;;;;;;;;;
5.760193;20117500;2221;;;;;;;;;;;;;;
5.762693;20120000;2217;;;;;;;;;;;;;;
5.765193;20122500;2219;20123497;381.864;869.209;-256.911;5200.764;-1802.499;-5812.833;20123057;-469.939;638.392;-313.638;-9957.499;-19817.742;-41179.5
5.767693;20125000;2220;;;;;;;;;;;;;;
5.770193;20127500;2231;;;;;;;;;;;;;;
5.772693;20130000;2222;;;;;;;;;;;;;;
5.775193;20132500;2206;;;;;;;;;;;;;;
5.777693;20135000;2184;;;;;;;;;;;;;;
5.780193;20137500;2154;;;;;;;;;;;;;;
5.782693;20140000;2124;;;;;;;;;;;;;;
5.785193;20142500;2108;;;;;;;;;;;;;;
5.787693;20145000;2093;;;;;;;;;;;;;;
5.790193;20147500;2088;;;;;;;;;;;;;;
5.792693;20150000;2062;;;;;;;;;;;;;;
5.795193;20152500;2040;;;;;;;;;;;;;;
5.797693;20155000;2008;;;;;;;;;;;;;;
5.800193;20157500;1975;;;;;;;;;;;;;;
5.802693;20160000;1947;;;;;;;;;;;;;;
5.805193;20162500;1931;;;;;;;;;;;;;;
5.807693;20165000;1914;;;;;;;;;;;;;;
5.810193;20167500;1912;20167153;377.57;869.925;-259.785;5291.601;-1713.249;-5582.567;20166718;-489.996;613.213;-296.437;-10220.437;-18006.105;-38127.398
5.812693;20170000;1898;;;;;;;;;;;;;;
5.815193;20172500;1880;;;;;;;;;;;;;;
5.817693;20175000;1850;;;;;;;;;;;;;;
5.820193;20177500;1831;;;;;;;;;;;;;;
5.822693;20180000;1805;;;;;;;;;;;;;;
5.825193;20182500;1792;;;;;;;;;;;;;;
5.827693;20185000;1790;;;;;;;;;;;;;;
5.830193;20187500;1790;;;;;;;;;;;;;;
5.832693;20190000;1785;;;;;;;;;;;;;;
5.835193;20192500;1773;;;;;;;;;;;;;;
5.837693;20195000;1754;;;;;;;;;;;;;;
5.840193;20197500;1737;;;;;;;;;;;;;;
5.842693;20200000;1723;20200999;373.667;870.648;-264.779;7082.396;-495.774;-5114.001;20200567;-510.331;588.768;-284.061;-9892.728;-15987.551;-33921.527
5.845193;20202500;1723;;;;;;;;;;;;;;
5.847693;20205000;1725;;;;;;;;;;;;;;
5.850193;20207500;1741;;;;;;;;;;;;;;
5.852693;20210000;1738;;;;;;;;;;;;;;
5.855193;20212500;1727;;;;;;;;;;;;;;
5.857693;20215000;1720;;;;;;;;;;;;;;
5.860193;20217500;1707;;;;;;;;;;;;;;
5.862693;20220000;1704;;;;;;;;;;;;;;
5.865193;20222500;1704;;;;;;;;;;;;;;
5.867693;20225000;1711;;;;;;;;;;;;;;
5.870193;20227500;1725;;;;;;;;;;;;;;
5.872693;20230000;1735;;;;;;;;20230949;-527.893;570.236;-268.327;-9367.466;-14094.423;-28813.389
5.875193;20232500;1736;20231379;372.039;874.098;-265.515;6514.776;-667.423;-4164.863;;;;;;;
5.877693;20235000;1724;;;;;;;;;;;;;;
5.880193;20237500;1719;;;;;;;;;;;;;;
5.882693;20240000;1719;;;;;;;;;;;;;;
5.885193;20242500;1722;;;;;;;;;;;;;;
5.887693;20245000;1738;;;;;;;;;;;;;;
5.890193;20247500;1754;;;;;;;;;;;;;;
5.892693;20250000;1769;;;;;;;;;;;;;;
5.895193;20252500;1770;;;;;;;;;;;;;;
5.897693;20255000;1767;;;;;;;;;;;;;;
5.900193;20257500;1757;;;;;;;;;;;;;;
5.902693;20260000;1759;;;;;;;;;;;;;;
5.905193;20262500;1772;;;;;;;;;;;;;;
5.907693;20265000;1787;;;;;;;;;;;;;;
5.910193;20267500;1807;20268354;369.681;876.051;-264.116;5801.85;-385.989;-3102.62;20267916;-542.832;557.133;-257.375;-7930.468;-11781.014;-23164.844
5.912693;20270000;1823;;;;;;;;;;;;;;
5.915193;20272500;1838;;;;;;;;;;;;;;
5.917693;20275000;1850;;;;;;;;;;;;;;
5.920193;20277500;1867;;;;;;;;;;;;;;
5.922693;20280000;1896;;;;;;;;;;;;;;
5.925193;20282500;1931;;;;;;;;;;;;;;
5.927693;20285000;1978;;;;;;;;;;;;;;
5.930193;20287500;2030;;;;;;;;;;;;;;
5.932693;20290000;2079;;;;;;;;;;;;;;
5.935193;20292500;2123;;;;;;;;;;;;;;
5.937693;20295000;2154;;;;;;;;;;;;;;
5.940193;20297500;2184;;;;;;;;;;;;;;
5.942693;20300000;2204;;;;;;;;;;;;;;
5.945193;20302500;2248;;;;;;;;;;;;;;
5.947693;20305000;2287;;;;;;;;;;;;;;
5.950193;20307500;2345;;;;;;;;;;;;;;
5.952693;20310000;2383;;;;;;;;;;;;;;
5.955193;20312500;2423;20311921;367.637;877.004;-267.435;5123.694;99.248;-2499.927;20311491;-552.973;558.623;-252.583;-5845.194;-9634.9;-17364.289
5.957693;20315000;2442;;;;;;;;;;;;;;
5.960193;20317500;2460;;;;;;;;;;;;;;
5.962693;20320000;2478;;;;;;;;;;;;;;
5.965193;20322500;2510;;;;;;;;;;;;;;
5.967693;20325000;2542;;;;;;;;;;;;;;
5.970193;20327500;2589;;;;;;;;;;;;;;
5.972693;20330000;2632;;;;;;;;;;;;;;
5.975193;20332500;2652;;;;;;;;;;;;;;
5.977693;20335000;2667;;;;;;;;;;;;;;
5.980193;20337500;2681;;;;;;;;;;;;;;
5.982693;20340000;2697;;;;;;;;;;;;;;
5.985193;20342500;2717;;;;;;;;;;;;;;
5.987693;20345000;2749;;;;;;;;;;;;;;
5.990193;20347500;2780;;;;;;;;;;;;;;
5.992693;20350000;2810;;;;;;;;;;;;;;
5.995193;20352500;2828;;;;;;;;;;;;;;
5.997693;20355000;2841;20355243;363.34;882.509;-272.077;4249.76;266.223;-1863.93;20354804;-562.077;556.343;-245.98;-4767.185;-7609.218;-11718.574
6.000193;20357500;2843;;;;;;;;;;;;;;
6.002693;20360000;2847;;;;;;;;;;;;;;
6.005193;20362500;2871;;;;;;;;;;;;;;
6.007693;20365000;2892;;;;;;;;;;;;;;
6.010193;20367500;2920;;;;;;;;;;;;;;
6.012693;20370000;2941;;;;;;;;;;;;;;
6.015193;20372500;2955;;;;;;;;;;;;;;
6.017693;20375000;2958;;;;;;;;;;;;;;
6.020193;20377500;2956;;;;;;;;;;;;;;
6.022693;20380000;2969;;;;;;;;;;;;;;
6.025193;20382500;2974;;;;;;;;;;;;;;
6.027693;20385000;2999;;;;;;;;;;;;;;
6.030193;20387500;3021;20388734;362.564;884.616;-294.804;1069.709;-3200.713;-1805.296;20388306;-564.937;567.023;-248.138;-2908.325;-6035.257;-6556.833
6.032693;20390000;3049;;;;;;;;;;;;;;
6.035193;20392500;3063;;;;;;;;;;;;;;
6.037693;20395000;3062;;;;;;;;;;;;;;
6.040193;20397500;3062;;;;;;;;;;;;;;
6.042693;20400000;3065;;;;;;;;;;;;;;
6.045193;20402500;3071;;;;;;;;;;;;;;
6.047693;20405000;3100;;;;;;;;;;;;;;
6.050193;20407500;3130;;;;;;;;;;;;;;
6.052693;20410000;3148;;;;;;;;;;;;;;
6.055193;20412500;3164;;;;;;;;;;;;;;
6.057693;20415000;3166;;;;;;;;;;;;;;
6.060193;20417500;3167;;;;;;;;;;;;;;
6.062693;20420000;3177;;;;;;;;;;;;;;
6.065193;20422500;3194;20422334;363.102;880.462;-292.923;625.974;-2329.303;-586.281;20421894;-563.53;584.525;-257.63;-2159.159;-4175.994;-2317.304
6.067693;20425000;3226;;;;;;;;;;;;;;
6.070193;20427500;3257;;;;;;;;;;;;;;
6.072693;20430000;3290;;;;;;;;;;;;;;
6.075193;20432500;3307;;;;;;;;;;;;;;
6.077693;20435000;3321;;;;;;;;;;;;;;
6.080193;20437500;3324;;;;;;;;;;;;;;
6.082693;20440000;3337;;;;;;;;;;;;;;
6.085193;20442500;3352;;;;;;;;;;;;;;
6.087693;20445000;3384;;;;;;;;;;;;;;
6.090193;20447500;3417;;;;;;;;;;;;;;
6.092693;20450000;3449;;;;;;;;;;;;;;
6.095193;20452500;3466;;;;;;;;;;;;;;
6.097693;20455000;3469;20455742;366.065;877.943;-298.62;1470.113;-2304.275;856.158;20455307;-565.054;592.442;-263.921;-658.638;-3468.007;432.749
6.100193;20457500;3479;;;;;;;;;;;;;;
6.102693;20460000;3471;;;;;;;;;;;;;;
6.105193;20462500;3487;;;;;;;;;;;;;;
6.107693;20465000;3513;;;;;;;;;;;;;;
6.110193;20467500;3544;;;;;;;;;;;;;;
6.112693;20470000;3564;;;;;;;;;;;;;;
6.115193;20472500;3579;;;;;;;;;;;;;;
6.117693;20475000;3579;;;;;;;;;;;;;;
6.120193;20477500;3580;;;;;;;;;;;;;;
6.122693;20480000;3579;;;;;;;;;;;;;;
6.125193;20482500;3591;;;;;;;;;;;;;;
6.127693;20485000;3609;;;;;;;;;;;;;;
6.130193;20487500;3629;20487258;364.689;878.96;-300.458;1349.357;-1777.374;1782.412;20486826;-571.492;609.046;-268.074;821.106;-2273.044;2298.049
6.132693;20490000;3647;;;;;;;;;;;;;;
6.135193;20492500;3658;;;;;;;;;;;;;;
6.137693;20495000;3657;;;;;;;;;;;;;;
6.140193;20497500;3644;;;;;;;;;;;;;;
6.142693;20500000;3639;;;;;;;;;;;;;;
6.145193;20502500;3643;;;;;;;;;;;;;;
6.147693;20505000;3659;;;;;;;;;;;;;;
6.150193;20507500;3675;;;;;;;;;;;;;;
6.152693;20510000;3694;;;;;;;;;;;;;;
6.155193;20512500;3692;;;;;;;;;;;;;;
6.157693;20515000;3688;;;;;;;;;;;;;;
6.160193;20517500;3661;;;;;;;;;;;;;;
6.162693;20520000;3656;20520496;366.938;879.89;-302.405;486.514;-1169.63;1994.729;20520066;-569.044;617.798;-272.146;1035.551;-1589.767;3950.209
6.165193;20522500;3656;;;;;;;;;;;;;;
6.167693;20525000;3659;;;;;;;;;;;;;;
6.170193;20527500;3676;;;;;;;;;;;;;;
6.172693;20530000;3688;;;;;;;;;;;;;;
6.175193;20532500;3690;;;;;;;;;;;;;;
6.177693;20535000;3661;;;;;;;;;;;;;;
6.180193;20537500;3647;;;;;;;;;;;;;;
6.182693;20540000;3631;;;;;;;;;;;;;;
6.185193;20542500;3625;;;;;;;;;;;;;;
6.187693;20545000;3628;;;;;;;;;;;;;;
6.190193;20547500;3640;;;;;;;;;;;;;;
6.192693;20550000;3641;;;;;;;;;;;;;;
6.195193;20552500;3641;;;;;;;;;;;;;;
6.197693;20555000;3615;;;;;;;;;;;;;;
6.200193;20557500;3593;;;;;;;;;;;;;;
6.202693;20560000;3565;;;;;;;;;;;;;;
6.205193;20562500;3550;20563651;367.605;878.254;-302.053;528.688;-1132.149;2450.618;20563206;-568.591;634.366;-275.204;2324.711;-1332.653;4059.386
6.207693;20565000;3548;;;;;;;;;;;;;;
6.210193;20567500;3549;;;;;;;;;;;;;;
6.212693;20570000;3552;;;;;;;;;;;;;;
6.215193;20572500;3543;;;;;;;;;;;;;;
6.217693;20575000;3518;;;;;;;;;;;;;;
6.220193;20577500;3488;;;;;;;;;;;;;;
6.222693;20580000;3470;;;;;;;;;;;;;;
6.225193;20582500;3452;;;;;;;;;;;;;;
6.227693;20585000;3450;;;;;;;;;;;;;;
6.230193;20587500;3454;;;;;;;;;;;;;;
6.232693;20590000;3454;;;;;;;;;;;;;;
6.235193;20592500;3438;;;;;;;;;;;;;;
6.237693;20595000;3419;;;;;;;;;;;;;;
6.240193;20597500;3390;20596870;370.575;888.131;-297.827;481.254;-905.791;2558.649;20596447;-577.463;638.18;-274.73;1726.35;-482.896;4567.354
6.242693;20600000;3372;;;;;;;;;;;;;;
6.245193;20602500;3357;;;;;;;;;;;;;;
6.247693;20605000;3353;;;;;;;;;;;;;;
6.250193;20607500;3356;;;;;;;;;;;;;;
6.252693;20610000;3357;;;;;;;;;;;;;;
6.255193;20612500;3350;;;;;;;;;;;;;;
6.257693;20615000;3326;;;;;;;;;;;;;;
6.260193;20617500;3306;;;;;;;;;;;;;;
6.262693;20620000;3288;;;;;;;;;;;;;;
6.265193;20622500;3272;;;;;;;;;;;;;;
6.267693;20625000;3264;;;;;;;;20626222;-576.942;639.034;-276.591;1317.158;-82.938;5686.924
6.270193;20627500;3274;20626667;368.65;883.783;-293.165;-305.809;-704.752;2415.404;;;;;;;
6.272693;20630000;3275;;;;;;;;;;;;;;
6.275193;20632500;3263;;;;;;;;;;;;;;
6.277693;20635000;3245;;;;;;;;;;;;;;
6.280193;20637500;3224;;;;;;;;;;;;;;
6.282693;20640000;3199;;;;;;;;;;;;;;
6.285193;20642500;3193;;;;;;;;;;;;;;
6.287693;20645000;3183;;;;;;;;;;;;;;
6.290193;20647500;3192;;;;;;;;;;;;;;
6.292693;20650000;3193;;;;;;;;;;;;;;
6.295193;20652500;3181;;;;;;;;;;;;;;
6.297693;20655000;3163;;;;;;;;;;;;;;
6.300193;20657500;3134;;;;;;;;;;;;;;
6.302693;20660000;3116;;;;;;;;;;;;;;
6.305193;20662500;3111;20663004;373.807;879.927;-292.049;-507.518;-645.451;2403.134;20662581;-570.757;653.052;-281.745;1552.3;-175.479;5879.453
6.307693;20665000;3102;;;;;;;;;;;;;;
6.310193;20667500;3111;;;;;;;;;;;;;;
6.312693;20670000;3103;;;;;;;;;;;;;;
6.315193;20672500;3098;;;;;;;;;;;;;;
6.317693;20675000;3083;;;;;;;;;;;;;;
6.320193;20677500;3054;;;;;;;;;;;;;;
6.322693;20680000;3033;;;;;;;;;;;;;;
6.325193;20682500;3022;;;;;;;;;;;;;;
6.327693;20685000;3021;;;;;;;;;;;;;;
6.330193;20687500;3021;;;;;;;;;;;;;;
6.332693;20690000;3021;;;;;;;;;;;;;;
6.335193;20692500;3006;;;;;;;;;;;;;;
6.337693;20695000;3002;20696180;378.235;881.9;-290.464;-794.517;-486.304;2523.165;20695735;-571.767;652.498;-281.602;806.622;95.358;5969.605
6.340193;20697500;2982;;;;;;;;;;;;;;
6.342693;20700000;2958;;;;;;;;;;;;;;
6.345193;20702500;2943;;;;;;;;;;;;;;
6.347693;20705000;2941;;;;;;;;;;;;;;
6.350193;20707500;2943;;;;;;;;;;;;;;
6.352693;20710000;2938;;;;;;;;;;;;;;
6.355193;20712500;2921;;;;;;;;;;;;;;
6.357693;20715000;2895;;;;;;;;;;;;;;
6.360193;20717500;2874;;;;;;;;;;;;;;
6.362693;20720000;2847;;;;;;;;;;;;;;
6.365193;20722500;2842;;;;;;;;;;;;;;
6.367693;20725000;2829;;;;;;;;;;;;;;
6.370193;20727500;2829;20727415;376.245;878.688;-288.781;-1020.354;-323.739;2582.507;20726993;-570.745;655.747;-280.271;1068.604;22.777;6428.0
6.372693;20730000;2824;;;;;;;;;;;;;;
6.375193;20732500;2808;;;;;;;;;;;;;;
6.377693;20735000;2781;;;;;;;;;;;;;;
6.380193;20737500;2760;;;;;;;;;;;;;;
6.382693;20740000;2735;;;;;;;;;;;;;;
6.385193;20742500;2718;;;;;;;;;;;;;;
6.387693;20745000;2715;;;;;;;;;;;;;;
6.390193;20747500;2713;;;;;;;;;;;;;;
6.392693;20750000;2702;;;;;;;;;;;;;;
6.395193;20752500;2685;;;;;;;;;;;;;;
6.397693;20755000;2667;;;;;;;;;;;;;;
6.400193;20757500;2636;;;;;;;;;;;;;;
6.402693;20760000;2616;20760499;377.886;877.978;-288.043;-968.899;-156.614;2561.444;20760060;-569.42;661.414;-281.764;855.048;330.951;6681.038
6.405193;20762500;2604;;;;;;;;;;;;;;
6.407693;20765000;2592;;;;;;;;;;;;;;
6.410193;20767500;2599;;;;;;;;;;;;;;
6.412693;20770000;2589;;;;;;;;;;;;;;
6.415193;20772500;2571;;;;;;;;;;;;;;
6.417693;20775000;2541;;;;;;;;;;;;;;
6.420193;20777500;2520;;;;;;;;;;;;;;
6.422693;20780000;2502;;;;;;;;;;;;;;
6.425193;20782500;2489;;;;;;;;;;;;;;
6.427693;20785000;2478;;;;;;;;;;;;;;
6.430193;20787500;2475;;;;;;;;;;;;;;
6.432693;20790000;2471;;;;;;;;;;;;;;
6.435193;20792500;2456;20793467;378.011;875.022;-288.464;-1001.829;48.529;2488.497;20793040;-567.966;660.399;-280.742;551.108;699.841;7043.048
6.437693;20795000;2430;;;;;;;;;;;;;;
6.440193;20797500;2408;;;;;;;;;;;;;;
6.442693;20800000;2382;;;;;;;;;;;;;;
6.445193;20802500;2376;;;;;;;;;;;;;;
6.447693;20805000;2366;;;;;;;;;;;;;;
6.450193;20807500;2366;;;;;;;;;;;;;;
6.452693;20810000;2362;;;;;;;;;;;;;;
6.455193;20812500;2346;;;;;;;;;;;;;;
6.457693;20815000;2330;;;;;;;;;;;;;;
6.460193;20817500;2301;;;;;;;;;;;;;;
6.462693;20820000;2285;;;;;;;;;;;;;;
6.465193;20822500;2270;;;;;;;;;;;;;;
6.467693;20825000;2267;;;;;;;;20825933;-567.615;661.478;-279.893;693.303;1365.286;7734.771
6.470193;20827500;2270;20826373;377.362;873.727;-286.405;-559.3;144.54;2401.697;;;;;;;
6.472693;20830000;2267;;;;;;;;;;;;;;
6.475193;20832500;2252;;;;;;;;;;;;;;
6.477693;20835000;2234;;;;;;;;;;;;;;
6.480193;20837500;2207;;;;;;;;;;;;;;
6.482693;20840000;2191;;;;;;;;;;;;;;
6.485193;20842500;2187;;;;;;;;;;;;;;
6.487693;20845000;2172;;;;;;;;;;;;;;
6.490193;20847500;2184;;;;;;;;;;;;;;
6.492693;20850000;2175;;;;;;;;;;;;;;
6.495193;20852500;2170;;;;;;;;;;;;;;
6.497693;20855000;2152;;;;;;;;;;;;;;
6.500193;20857500;2126;;;;;;;;;;;;;;
6.502693;20860000;2108;;;;;;;;;;;;;;
6.505193;20862500;2104;;;;;;;;;;;;;;
6.507693;20865000;2104;;;;;;;;;;;;;;
6.510193;20867500;2106;;;;;;;;;;;;;;
6.512693;20870000;2103;20869243;379.472;872.009;-286.469;-313.022;458.0;2312.237;20868812;-564.452;665.815;-283.826;457.388;2150.584;8790.032
6.515193;20872500;2091;;;;;;;;;;;;;;
6.517693;20875000;2073;;;;;;;;;;;;;;
6.520193;20877500;2046;;;;;;;;;;;;;;
6.522693;20880000;2029;;;;;;;;;;;;;;
6.525193;20882500;2026;;;;;;;;;;;;;;
6.527693;20885000;2027;;;;;;;;;;;;;;
6.530193;20887500;2026;;;;;;;;;;;;;;
6.532693;20890000;2025;;;;;;;;;;;;;;
6.535193;20892500;2014;;;;;;;;;;;;;;
6.537693;20895000;1991;;;;;;;;;;;;;;
6.540193;20897500;1980;;;;;;;;;;;;;;
6.542693;20900000;1967;;;;;;;;;;;;;;
6.545193;20902500;1960;20902231;382.294;869.589;-287.084;-92.184;550.163;2517.75;20901793;-559.263;668.112;-286.519;914.893;2626.68;9460.468
6.547693;20905000;1960;;;;;;;;;;;;;;
6.550193;20907500;1963;;;;;;;;;;;;;;
6.552693;20910000;1949;;;;;;;;;;;;;;
6.555193;20912500;1959;;;;;;;;;;;;;;
6.557693;20915000;1935;;;;;;;;;;;;;;
6.560193;20917500;1919;;;;;;;;;;;;;;
6.562693;20920000;1911;;;;;;;;;;;;;;
6.565193;20922500;1901;;;;;;;;;;;;;;
6.567693;20925000;1888;;;;;;;;;;;;;;
6.570193;20927500;1913;20928531;384.803;870.89;-286.491;174.925;543.217;2716.05;20928101;-556.828;672.142;-287.956;1687.274;3090.346;10274.132
6.572693;20930000;1913;;;;;;;;;;;;;;
6.575193;20932500;1903;;;;;;;;;;;;;;
6.577693;20935000;1885;;;;;;;;;;;;;;
6.580193;20937500;1867;;;;;;;;;;;;;;
6.582693;20940000;1854;;;;;;;;;;;;;;
6.585193;20942500;1852;;;;;;;;;;;;;;
6.587693;20945000;1853;;;;;;;;;;;;;;
6.590193;20947500;1865;;;;;;;;;;;;;;
6.592693;20950000;1866;;;;;;;;;;;;;;
6.595193;20952500;1865;;;;;;;;;;;;;;
6.597693;20955000;1847;;;;;;;;;;;;;;
6.600193;20957500;1832;;;;;;;;;;;;;;
6.602693;20960000;1818;;;;;;;;;;;;;;
6.605193;20962500;1816;;;;;;;;;;;;;;
6.607693;20965000;1818;;;;;;;;20966118;-550.77;680.576;-291.712;2063.598;3486.641;11372.612
6.610193;20967500;1822;20966550;385.907;868.838;-282.842;1.242;641.181;2911.873;;;;;;;
6.612693;20970000;1831;;;;;;;;;;;;;;
6.615193;20972500;1820;;;;;;;;;;;;;;
6.617693;20975000;1806;;;;;;;;;;;;;;
6.620193;20977500;1789;;;;;;;;;;;;;;
6.622693;20980000;1784;;;;;;;;;;;;;;
6.625193;20982500;1773;;;;;;;;;;;;;;
6.627693;20985000;1775;;;;;;;;;;;;;;
6.630193;20987500;1786;;;;;;;;;;;;;;
6.632693;20990000;1788;;;;;;;;;;;;;;
6.635193;20992500;1785;;;;;;;;;;;;;;
6.637693;20995000;1772;;;;;;;;;;;;;;
6.640193;20997500;1756;;;;;;;;;;;;;;
6.642693;21000000;1744;20999447;387.711;868.693;-283.096;-53.508;739.497;3206.404;20999011;-547.143;686.569;-292.956;2155.543;3657.497;12197.856
6.645193;21002500;1741;;;;;;;;;;;;;;
6.647693;21005000;1752;;;;;;;;;;;;;;
6.650193;21007500;1757;;;;;;;;;;;;;;
6.652693;21010000;1760;;;;;;;;;;;;;;
6.655193;21012500;1758;;;;;;;;;;;;;;
6.657693;21015000;1743;;;;;;;;;;;;;;
6.660193;21017500;1727;;;;;;;;;;;;;;
6.662693;21020000;1722;;;;;;;;;;;;;;
6.665193;21022500;1721;;;;;;;;;;;;;;
6.667693;21025000;1724;;;;;;;;;;;;;;
6.670193;21027500;1727;;;;;;;;;;;;;;
6.672693;21030000;1738;21029218;389.609;868.453;-282.782;-95.895;785.647;3219.771;21028785;-542.24;690.329;-297.169;1970.766;4187.747;13347.151
6.675193;21032500;1738;;;;;;;;;;;;;;
6.677693;21035000;1721;;;;;;;;;;;;;;
6.680193;21037500;1709;;;;;;;;;;;;;;
6.682693;21040000;1696;;;;;;;;;;;;;;
6.685193;21042500;1692;;;;;;;;;;;;;;
6.687693;21045000;1705;;;;;;;;;;;;;;
6.690193;21047500;1709;;;;;;;;;;;;;;
6.692693;21050000;1720;;;;;;;;;;;;;;
6.695193;21052500;1719;;;;;;;;;;;;;;
6.697693;21055000;1706;;;;;;;;;;;;;;
6.700193;21057500;1689;;;;;;;;;;;;;;
6.702693;21060000;1677;;;;;;;;;;;;;;
6.705193;21062500;1676;;;;;;;;;;;;;;
6.707693;21065000;1688;21065575;391.393;869.267;-283.222;357.337;731.49;3446.407;21065145;-536.631;698.458;-298.799;2538.102;4491.547;14009.356
6.710193;21067500;1692;;;;;;;;;;;;;;
6.712693;21070000;1707;;;;;;;;;;;;;;
6.715193;21072500;1704;;;;;;;;;;;;;;
6.717693;21075000;1690;;;;;;;;;;;;;;
6.720193;21077500;1678;;;;;;;;;;;;;;
6.722693;21080000;1671;;;;;;;;;;;;;;
6.725193;21082500;1672;;;;;;;;;;;;;;
6.727693;21085000;1677;;;;;;;;;;;;;;
6.730193;21087500;1690;;;;;;;;;;;;;;
6.732693;21090000;1689;;;;;;;;;;;;;;
6.735193;21092500;1691;;;;;;;;;;;;;;
6.737693;21095000;1678;;;;;;;;;;;;;;
6.740193;21097500;1672;21098649;393.814;869.236;-281.755;584.908;658.166;3346.712;21098212;-530.374;704.1;-300.634;2767.76;4944.657;14841.014
6.742693;21100000;1659;;;;;;;;;;;;;;
6.745193;21102500;1659;;;;;;;;;;;;;;
6.747693;21105000;1671;;;;;;;;;;;;;;
6.750193;21107500;1676;;;;;;;;;;;;;;
6.752693;21110000;1690;;;;;;;;;;;;;;
6.755193;21112500;1689;;;;;;;;;;;;;;
6.757693;21115000;1674;;;;;;;;;;;;;;
6.760193;21117500;1662;;;;;;;;;;;;;;
6.762693;21120000;1660;;;;;;;;;;;;;;
6.765193;21122500;1659;;;;;;;;;;;;;;
6.767693;21125000;1671;;;;;;;;;;;;;;
6.770193;21127500;1676;;;;;;;;;;;;;;
6.772693;21130000;1676;21130080;395.778;868.09;-280.532;546.475;701.382;3353.501;21129643;-523.052;709.753;-302.871;2812.684;5300.299;15755.338
6.775193;21132500;1686;;;;;;;;;;;;;;
6.777693;21135000;1674;;;;;;;;;;;;;;
6.780193;21137500;1658;;;;;;;;;;;;;;
6.782693;21140000;1655;;;;;;;;;;;;;;
6.785193;21142500;1656;;;;;;;;;;;;;;
6.787693;21145000;1659;;;;;;;;;;;;;;
6.790193;21147500;1675;;;;;;;;;;;;;;
6.792693;21150000;1679;;;;;;;;;;;;;;
6.795193;21152500;1687;;;;;;;;;;;;;;
6.797693;21155000;1674;;;;;;;;;;;;;;
6.800193;21157500;1660;;;;;;;;;;;;;;
6.802693;21160000;1654;;;;;;;;;;;;;;
6.805193;21162500;1648;21163142;398.553;868.349;-278.339;623.714;703.501;3487.264;21162710;-515.462;714.733;-305.003;2584.987;5845.534;16865.883
6.807693;21165000;1658;;;;;;;;;;;;;;
6.810193;21167500;1672;;;;;;;;;;;;;;
6.812693;21170000;1678;;;;;;;;;;;;;;
6.815193;21172500;1687;;;;;;;;;;;;;;
6.817693;21175000;1674;;;;;;;;;;;;;;
6.820193;21177500;1655;;;;;;;;;;;;;;
6.822693;21180000;1656;;;;;;;;;;;;;;
6.825193;21182500;1656;;;;;;;;;;;;;;
6.827693;21185000;1661;;;;;;;;;;;;;;
6.830193;21187500;1673;;;;;;;;;;;;;;
6.832693;21190000;1679;;;;;;;;;;;;;;
6.835193;21192500;1679;;;;;;;;;;;;;;
6.837693;21195000;1676;;;;;;;;;;;;;;
6.840193;21197500;1662;;;;;;;;;;;;;;
6.842693;21200000;1658;;;;;;;;;;;;;;
6.845193;21202500;1657;;;;;;;;;;;;;;
6.847693;21205000;1662;21206113;399.597;868.028;-278.056;910.153;785.138;3521.588;21205677;-506.806;718.786;-305.838;2501.238;6250.194;18261.715
6.850193;21207500;1675;;;;;;;;;;;;;;
6.852693;21210000;1690;;;;;;;;;;;;;;
6.855193;21212500;1690;;;;;;;;;;;;;;
6.857693;21215000;1678;;;;;;;;;;;;;;
6.860193;21217500;1662;;;;;;;;;;;;;;
6.862693;21220000;1658;;;;;;;;;;;;;;
6.865193;21222500;1664;;;;;;;;;;;;;;
6.867693;21225000;1672;;;;;;;;;;;;;;
6.870193;21227500;1677;;;;;;;;;;;;;;
6.872693;21230000;1692;21230934;402.267;866.021;-278.183;1128.458;821.569;3429.071;21230502;-495.776;721.777;-304.888;2519.676;6852.935;19861.191
6.875193;21232500;1693;;;;;;;;;;;;;;
6.877693;21235000;1688;;;;;;;;;;;;;;
6.880193;21237500;1675;;;;;;;;;;;;;;
6.882693;21240000;1664;;;;;;;;;;;;;;
6.885193;21242500;1662;;;;;;;;;;;;;;
6.887693;21245000;1675;;;;;;;;;;;;;;
6.890193;21247500;1690;;;;;;;;;;;;;;
6.892693;21250000;1695;;;;;;;;;;;;;;
6.895193;21252500;1704;;;;;;;;;;;;;;
6.897693;21255000;1692;;;;;;;;;;;;;;
6.900193;21257500;1677;;;;;;;;;;;;;;
6.902693;21260000;1674;;;;;;;;;;;;;;
6.905193;21262500;1674;;;;;;;;;;;;;;
6.907693;21265000;1678;;;;;;;;;;;;;;
6.910193;21267500;1692;;;;;;;;;;;;;;
6.912693;21270000;1707;;;;;;;;;;;;;;
6.915193;21272500;1706;21272328;404.497;865.213;-277.352;1534.035;847.428;3627.305;21271898;-484.401;722.703;-306.516;2217.379;8127.725;21921.881
6.917693;21275000;1703;;;;;;;;;;;;;;
6.920193;21277500;1690;;;;;;;;;;;;;;
6.922693;21280000;1678;;;;;;;;;;;;;;
6.925193;21282500;1679;;;;;;;;;;;;;;
6.927693;21285000;1691;;;;;;;;;;;;;;
6.930193;21287500;1704;;;;;;;;;;;;;;
6.932693;21290000;1710;;;;;;;;;;;;;;
6.935193;21292500;1710;;;;;;;;;;;;;;
6.937693;21295000;1706;;;;;;;;;;;;;;
6.940193;21297500;1693;;;;;;;;;;;;;;
6.942693;21300000;1680;;;;;;;;;;;;;;
6.945193;21302500;1688;;;;;;;;;;;;;;
6.947693;21305000;1694;21305489;406.824;858.747;-275.599;1708.896;651.494;3825.252;21305052;-467.83;731.635;-311.448;2143.26;8927.089;23920.662
6.950193;21307500;1705;;;;;;;;;;;;;;
6.952693;21310000;1720;;;;;;;;;;;;;;
6.955193;21312500;1722;;;;;;;;;;;;;;
6.957693;21315000;1708;;;;;;;;;;;;;;
6.960193;21317500;1692;;;;;;;;;;;;;;
6.962693;21320000;1691;;;;;;;;;;;;;;
6.965193;21322500;1691;;;;;;;;;;;;;;
6.967693;21325000;1702;;;;;;;;;;;;;;
6.970193;21327500;1711;;;;;;;;;;;;;;
6.972693;21330000;1723;;;;;;;;;;;;;;
6.975193;21332500;1724;21332050;407.138;854.759;-278.515;2611.326;831.982;4301.615;21331620;-453.107;738.32;-314.353;2116.597;9853.172;25641.004
6.977693;21335000;1721;;;;;;;;;;;;;;
6.980193;21337500;1708;;;;;;;;;;;;;;
6.982693;21340000;1704;;;;;;;;;;;;;;
6.985193;21342500;1696;;;;;;;;;;;;;;
6.987693;21345000;1707;;;;;;;;;;;;;;
6.990193;21347500;1724;;;;;;;;;;;;;;
6.992693;21350000;1736;;;;;;;;;;;;;;
6.995193;21352500;1738;;;;;;;;;;;;;;
6.997693;21355000;1735;;;;;;;;;;;;;;
7.000193;21357500;1722;;;;;;;;;;;;;;
7.002693;21360000;1717;;;;;;;;;;;;;;
7.005193;21362500;1711;;;;;;;;;;;;;;
7.007693;21365000;1727;;;;;;;;;;;;;;
7.010193;21367500;1739;;;;;;;;;;;;;;
7.012693;21370000;1750;21370156;413.084;854.05;-282.834;3694.384;529.195;4399.347;21369724;-437.918;746.398;-319.052;2316.143;10764.013;27356.266
7.015193;21372500;1755;;;;;;;;;;;;;;
7.017693;21375000;1752;;;;;;;;;;;;;;
7.020193;21377500;1738;;;;;;;;;;;;;;
7.022693;21380000;1736;;;;;;;;;;;;;;
7.025193;21382500;1740;;;;;;;;;;;;;;
7.027693;21385000;1742;;;;;;;;;;;;;;
7.030193;21387500;1760;;;;;;;;;;;;;;
7.032693;21390000;1775;;;;;;;;;;;;;;
7.035193;21392500;1783;;;;;;;;;;;;;;
7.037693;21395000;1774;;;;;;;;;;;;;;
7.040193;21397500;1771;;;;;;;;;;;;;;
7.042693;21400000;1758;;;;;;;;;;;;;;
7.045193;21402500;1769;21403399;414.396;847.971;-283.107;5161.665;385.923;4656.254;21402964;-420.213;751.467;-322.711;1801.773;11676.999;29161.201
7.047693;21405000;1774;;;;;;;;;;;;;;
7.050193;21407500;1790;;;;;;;;;;;;;;
7.052693;21410000;1805;;;;;;;;;;;;;;
7.055193;21412500;1816;;;;;;;;;;;;;;
7.057693;21415000;1805;;;;;;;;;;;;;;
7.060193;21417500;1800;;;;;;;;;;;;;;
7.062693;21420000;1791;;;;;;;;;;;;;;
7.065193;21422500;1801;;;;;;;;;;;;;;
7.067693;21425000;1805;;;;;;;;;;;;;;
7.070193;21427500;1822;;;;;;;;;;;;;;
7.072693;21430000;1836;;;;;;;;;;;;;;
7.075193;21432500;1838;21433344;417.863;844.784;-284.379;5950.082;409.502;5091.941;21432912;-399.959;757.222;-325.979;1914.684;12266.962;30577.953
7.077693;21435000;1836;;;;;;;;;;;;;;
7.080193;21437500;1833;;;;;;;;;;;;;;
7.082693;21440000;1820;;;;;;;;;;;;;;
7.085193;21442500;1821;;;;;;;;;;;;;;
7.087693;21445000;1832;;;;;;;;;;;;;;
7.090193;21447500;1847;;;;;;;;;;;;;;
7.092693;21450000;1850;;;;;;;;;;;;;;
7.095193;21452500;1854;;;;;;;;;;;;;;
7.097693;21455000;1850;;;;;;;;;;;;;;
7.100193;21457500;1840;;;;;;;;;;;;;;
7.102693;21460000;1833;;;;;;;;;;;;;;
7.105193;21462500;1835;;;;;;;;;;;;;;
7.107693;21465000;1847;;;;;;;;;;;;;;
7.110193;21467500;1854;;;;;;;;;;;;;;
7.112693;21470000;1868;21469875;420.473;842.512;-286.715;6836.453;385.527;5699.219;21469445;-382.242;765.391;-332.311;1240.138;13307.801;32192.055
7.115193;21472500;1867;;;;;;;;;;;;;;
7.117693;21475000;1864;;;;;;;;;;;;;;
7.120193;21477500;1851;;;;;;;;;;;;;;
7.122693;21480000;1847;;;;;;;;;;;;;;
7.125193;21482500;1848;;;;;;;;;;;;;;
7.127693;21485000;1854;;;;;;;;;;;;;;
7.130193;21487500;1868;;;;;;;;;;;;;;
7.132693;21490000;1881;;;;;;;;;;;;;;
7.135193;21492500;1884;;;;;;;;;;;;;;
7.137693;21495000;1881;;;;;;;;;;;;;;
7.140193;21497500;1869;;;;;;;;;;;;;;
7.142693;21500000;1863;;;;;;;;;;;;;;
7.145193;21502500;1865;;;;;;;;;;;;;;
7.147693;21505000;1871;;;;;;;;;;;;;;
7.150193;21507500;1884;;;;;;;;;;;;;;
7.152693;21510000;1899;;;;;;;;;;;;;;
7.155193;21512500;1898;21513023;423.318;835.675;-289.959;6665.692;725.875;6185.133;21512586;-359.549;772.292;-336.93;1709.256;13371.723;32944.078
7.157693;21515000;1895;;;;;;;;;;;;;;
7.160193;21517500;1881;;;;;;;;;;;;;;
7.162693;21520000;1879;;;;;;;;;;;;;;
7.165193;21522500;1881;;;;;;;;;;;;;;
7.167693;21525000;1883;;;;;;;;;;;;;;
7.170193;21527500;1899;;;;;;;;;;;;;;
7.172693;21530000;1903;;;;;;;;;;;;;;
7.175193;21532500;1912;;;;;;;;;;;;;;
7.177693;21535000;1901;;;;;;;;;;;;;;
7.180193;21537500;1894;;;;;;;;;;;;;;
7.182693;21540000;1883;;;;;;;;;;;;;;
7.185193;21542500;1884;;;;;;;;;;;;;;
7.187693;21545000;1903;;;;;;;;;;;;;;
7.190193;21547500;1900;;;;;;;;;;;;;;
7.192693;21550000;1912;;;;;;;;;;;;;;
7.195193;21552500;1914;;;;;;;;;;;;;;
7.197693;21555000;1911;21556155;426.839;838.421;-291.895;7328.595;602.519;6846.689;21555725;-342.011;787.54;-342.257;901.48;13731.699;33720.625
7.200193;21557500;1899;;;;;;;;;;;;;;
7.202693;21560000;1887;;;;;;;;;;;;;;
7.205193;21562500;1887;;;;;;;;;;;;;;
7.207693;21565000;1898;;;;;;;;;;;;;;
7.210193;21567500;1914;;;;;;;;;;;;;;
7.212693;21570000;1915;;;;;;;;;;;;;;
7.215193;21572500;1918;;;;;;;;;;;;;;
7.217693;21575000;1917;;;;;;;;;;;;;;
7.220193;21577500;1901;;;;;;;;;;;;;;
7.222693;21580000;1887;;;;;;;;;;;;;;
7.225193;21582500;1895;;;;;;;;;;;;;;
7.227693;21585000;1898;;;;;;;;;;;;;;
7.230193;21587500;1912;;;;;;;;;;;;;;
7.232693;21590000;1917;21589318;434.765;828.5;-295.435;7369.478;627.081;7143.104;21588880;-328.522;801.313;-348.403;-429.844;13476.052;33778.906
7.235193;21592500;1919;;;;;;;;;;;;;;
7.237693;21595000;1915;;;;;;;;;;;;;;
7.240193;21597500;1900;;;;;;;;;;;;;;
7.242693;21600000;1896;;;;;;;;;;;;;;
7.245193;21602500;1886;;;;;;;;;;;;;;
7.247693;21605000;1898;;;;;;;;;;;;;;
7.250193;21607500;1904;;;;;;;;;;;;;;
7.252693;21610000;1917;;;;;;;;;;;;;;
7.255193;21612500;1914;;;;;;;;;;;;;;
7.257693;21615000;1911;;;;;;;;;;;;;;
7.260193;21617500;1899;;;;;;;;;;;;;;
7.262693;21620000;1885;;;;;;;;;;;;;;
7.265193;21622500;1882;21622551;439.751;827.628;-301.196;7281.879;962.789;7380.949;21622121;-306.557;810.651;-354.011;-654.226;13437.062;33246.711
7.267693;21625000;1887;;;;;;;;;;;;;;
7.270193;21627500;1900;;;;;;;;;;;;;;
7.272693;21630000;1912;;;;;;;;;;;;;;
7.275193;21632500;1910;;;;;;;;;;;;;;
7.277693;21635000;1898;;;;;;;;;;;;;;
7.280193;21637500;1868;;;;;;;;;;;;;;
7.282693;21640000;1878;;;;;;;;;;;;;;
7.285193;21642500;1868;;;;;;;;;;;;;;
7.287693;21645000;1880;;;;;;;;;;;;;;
7.290193;21647500;1883;;;;;;;;;;;;;;
7.292693;21650000;1895;;;;;;;;;;;;;;
7.295193;21652500;1896;;;;;;;;;;;;;;
7.297693;21655000;1883;21655805;443.377;827.3;-304.327;7406.035;796.087;7641.027;21655360;-287.941;820.968;-354.476;-473.203;12912.208;32267.75
7.300193;21657500;1868;;;;;;;;;;;;;;
7.302693;21660000;1866;;;;;;;;;;;;;;
7.305193;21662500;1854;;;;;;;;;;;;;;
7.307693;21665000;1866;;;;;;;;;;;;;;
7.310193;21667500;1869;;;;;;;;;;;;;;
7.312693;21670000;1883;;;;;;;;;;;;;;
7.315193;21672500;1883;;;;;;;;;;;;;;
7.317693;21675000;1868;;;;;;;;;;;;;;
7.320193;21677500;1855;;;;;;;;;;;;;;
7.322693;21680000;1851;;;;;;;;;;;;;;
7.325193;21682500;1848;;;;;;;;;;;;;;
7.327693;21685000;1854;;;;;;;;;;;;;;
7.330193;21687500;1867;21687388;445.7;829.001;-306.367;7564.67;480.22;7455.851;21686966;-269.152;832.49;-354.564;-1506.105;12552.285;31551.674
7.332693;21690000;1871;;;;;;;;;;;;;;
7.335193;21692500;1871;;;;;;;;;;;;;;
7.337693;21695000;1869;;;;;;;;;;;;;;
7.340193;21697500;1853;;;;;;;;;;;;;;
7.342693;21700000;1847;;;;;;;;;;;;;;
7.345193;21702500;1837;;;;;;;;;;;;;;
7.347693;21705000;1851;;;;;;;;;;;;;;
7.350193;21707500;1855;;;;;;;;;;;;;;
7.352693;21710000;1867;;;;;;;;;;;;;;
7.355193;21712500;1853;;;;;;;;;;;;;;
7.357693;21715000;1862;;;;;;;;;;;;;;
7.360193;21717500;1847;;;;;;;;;;;;;;
7.362693;21720000;1836;21720733;451.322;829.927;-309.324;7052.562;561.209;7160.058;21720293;-248.783;839.464;-352.08;-3692.237;12085.671;30816.277
7.365193;21722500;1835;;;;;;;;;;;;;;
7.367693;21725000;1836;;;;;;;;;;;;;;
7.370193;21727500;1849;;;;;;;;;;;;;;
7.372693;21730000;1854;;;;;;;;;;;;;;
7.375193;21732500;1853;;;;;;;;;;;;;;
7.377693;21735000;1847;;;;;;;;;;;;;;
7.380193;21737500;1832;;;;;;;;;;;;;;
7.382693;21740000;1822;;;;;;;;;;;;;;
7.385193;21742500;1821;;;;;;;;;;;;;;
7.387693;21745000;1832;;;;;;;;;;;;;;
7.390193;21747500;1837;;;;;;;;;;;;;;
7.392693;21750000;1848;;;;;;;;;;;;;;
7.395193;21752500;1835;;;;;;;;;;;;;;
7.397693;21755000;1838;;;;;;;;;;;;;;
7.400193;21757500;1832;;;;;;;;;;;;;;
7.402693;21760000;1818;;;;;;;;;;;;;;
7.405193;21762500;1817;;;;;;;;21763520;-232.745;840.008;-347.865;-4842.0;11507.638;29960.588
7.407693;21765000;1819;21763955;454.016;827.331;-311.591;5456.559;494.211;6707.993;;;;;;;
7.410193;21767500;1832;;;;;;;;;;;;;;
7.412693;21770000;1838;;;;;;;;;;;;;;
7.415193;21772500;1836;;;;;;;;;;;;;;
7.417693;21775000;1833;;;;;;;;;;;;;;
7.420193;21777500;1818;;;;;;;;;;;;;;
7.422693;21780000;1807;;;;;;;;;;;;;;
7.425193;21782500;1807;;;;;;;;;;;;;;
7.427693;21785000;1816;;;;;;;;;;;;;;
7.430193;21787500;1820;;;;;;;;;;;;;;
7.432693;21790000;1831;;;;;;;;;;;;;;
7.435193;21792500;1833;;;;;;;;;;;;;;
7.437693;21795000;1819;;;;;;;;;;;;;;
7.440193;21797500;1815;21797280;458.723;823.931;-308.919;4588.293;327.313;6166.968;21796848;-213.135;840.732;-345.057;-5212.838;11217.068;29437.309
7.442693;21800000;1803;;;;;;;;;;;;;;
7.445193;21802500;1801;;;;;;;;;;;;;;
7.447693;21805000;1805;;;;;;;;;;;;;;
7.450193;21807500;1816;;;;;;;;;;;;;;
7.452693;21810000;1824;;;;;;;;;;;;;;
7.455193;21812500;1833;;;;;;;;;;;;;;
7.457693;21815000;1817;;;;;;;;;;;;;;
7.460193;21817500;1807;;;;;;;;;;;;;;
7.462693;21820000;1802;;;;;;;;;;;;;;
7.465193;21822500;1800;;;;;;;;;;;;;;
7.467693;21825000;1804;;;;;;;;;;;;;;
7.470193;21827500;1818;21827318;461.608;820.164;-311.108;3885.066;296.947;5446.932;21826883;-195.524;843.615;-342.328;-5552.883;11005.777;29168.131
7.472693;21830000;1822;;;;;;;;;;;;;;
7.475193;21832500;1823;;;;;;;;;;;;;;
7.477693;21835000;1820;;;;;;;;;;;;;;
7.480193;21837500;1816;;;;;;;;;;;;;;
7.482693;21840000;1801;;;;;;;;;;;;;;
7.485193;21842500;1801;;;;;;;;;;;;;;
7.487693;21845000;1807;;;;;;;;;;;;;;
7.490193;21847500;1819;;;;;;;;;;;;;;
7.492693;21850000;1824;;;;;;;;;;;;;;
7.495193;21852500;1831;;;;;;;;;;;;;;
7.497693;21855000;1820;;;;;;;;;;;;;;
7.500193;21857500;1807;;;;;;;;;;;;;;
7.502693;21860000;1803;;;;;;;;;;;;;;
7.505193;21862500;1802;;;;;;;;21863503;-177.055;847.252;-337.369;-5501.427;10628.738;28597.412
7.507693;21865000;1806;21863935;464.117;818.433;-313.224;3758.188;210.35;4961.96;;;;;;;
7.510193;21867500;1818;;;;;;;;;;;;;;
7.512693;21870000;1822;;;;;;;;;;;;;;
7.515193;21872500;1831;;;;;;;;;;;;;;
7.517693;21875000;1820;;;;;;;;;;;;;;
7.520193;21877500;1815;;;;;;;;;;;;;;
7.522693;21880000;1802;;;;;;;;;;;;;;
7.525193;21882500;1802;;;;;;;;;;;;;;
7.527693;21885000;1807;;;;;;;;;;;;;;
7.530193;21887500;1819;;;;;;;;;;;;;;
7.532693;21890000;1831;;;;;;;;;;;;;;
7.535193;21892500;1834;;;;;;;;;;;;;;
7.537693;21895000;1822;;;;;;;;;;;;;;
7.540193;21897500;1818;21897265;466.83;817.692;-311.435;3340.153;220.395;4315.299;21896830;-158.833;852.304;-332.591;-6131.98;10582.926;28467.791
7.542693;21900000;1805;;;;;;;;;;;;;;
7.545193;21902500;1807;;;;;;;;;;;;;;
7.547693;21905000;1817;;;;;;;;;;;;;;
7.550193;21907500;1833;;;;;;;;;;;;;;
7.552693;21910000;1848;;;;;;;;;;;;;;
7.555193;21912500;1848;;;;;;;;;;;;;;
7.557693;21915000;1838;;;;;;;;;;;;;;
7.560193;21917500;1834;;;;;;;;;;;;;;
7.562693;21920000;1832;;;;;;;;;;;;;;
7.565193;21922500;1831;;;;;;;;;;;;;;
7.567693;21925000;1837;;;;;;;;;;;;;;
7.570193;21927500;1852;;;;;;;;21928522;-136.373;853.719;-331.803;-6584.881;10556.029;28105.775
7.572693;21930000;1866;21928954;472.024;811.181;-308.325;2552.77;421.563;3742.097;;;;;;;
7.575193;21932500;1868;;;;;;;;;;;;;;
7.577693;21935000;1866;;;;;;;;;;;;;;
7.580193;21937500;1864;;;;;;;;;;;;;;
7.582693;21940000;1854;;;;;;;;;;;;;;
7.585193;21942500;1856;;;;;;;;;;;;;;
7.587693;21945000;1867;;;;;;;;;;;;;;
7.590193;21947500;1884;;;;;;;;;;;;;;
7.592693;21950000;1898;;;;;;;;;;;;;;
7.595193;21952500;1902;;;;;;;;;;;;;;
7.597693;21955000;1901;;;;;;;;;;;;;;
7.600193;21957500;1897;;;;;;;;;;;;;;
7.602693;21960000;1884;;;;;;;;;;;;;;
7.605193;21962500;1895;21962279;474.263;809.29;-308.5;1960.069;959.172;3763.679;21961849;-119.844;858.259;-331.518;-6072.325;10477.103;27187.424
7.607693;21965000;1902;;;;;;;;;;;;;;
7.610193;21967500;1914;;;;;;;;;;;;;;
7.612693;21970000;1930;;;;;;;;;;;;;;
7.615193;21972500;1933;;;;;;;;;;;;;;
7.617693;21975000;1931;;;;;;;;;;;;;;
7.620193;21977500;1920;;;;;;;;;;;;;;
7.622693;21980000;1916;;;;;;;;;;;;;;
7.625193;21982500;1919;;;;;;;;;;;;;;
7.627693;21985000;1928;;;;;;;;;;;;;;
7.630193;21987500;1943;;;;;;;;;;;;;;
7.632693;21990000;1958;;;;;;;;;;;;;;
7.635193;21992500;1962;;;;;;;;;;;;;;
7.637693;21995000;1958;21995614;473.059;812.55;-311.028;1029.066;810.151;3547.495;21995176;-109.526;868.306;-331.351;-5886.833;9693.81;26394.178
7.640193;21997500;1948;;;;;;;;;;;;;;
7.642693;22000000;1944;;;;;;;;;;;;;;
7.645193;22002500;1945;;;;;;;;;;;;;;
7.647693;22005000;1949;;;;;;;;;;;;;;
7.650193;22007500;1964;;;;;;;;;;;;;;
7.652693;22010000;1979;;;;;;;;;;;;;;
7.655193;22012500;1982;;;;;;;;;;;;;;
7.657693;22015000;1981;;;;;;;;;;;;;;
7.660193;22017500;1977;;;;;;;;;;;;;;
7.662693;22020000;1963;;;;;;;;;;;;;;
7.665193;22022500;1965;;;;;;;;;;;;;;
7.667693;22025000;1977;;;;;;;;;;;;;;
7.670193;22027500;1984;;;;;;;;;;;;;;
7.672693;22030000;1998;22030504;478.893;816.935;-305.499;-748.325;465.581;3255.933;22030074;-92.027;872.953;-333.004;-6994.679;8588.744;26036.531
7.675193;22032500;1999;;;;;;;;;;;;;;
7.677693;22035000;2006;;;;;;;;;;;;;;
7.680193;22037500;1992;;;;;;;;;;;;;;
7.682693;22040000;1980;;;;;;;;;;;;;;
7.685193;22042500;1981;;;;;;;;;;;;;;
7.687693;22045000;1992;;;;;;;;;;;;;;
7.690193;22047500;1997;;;;;;;;;;;;;;
7.692693;22050000;2010;;;;;;;;;;;;;;
7.695193;22052500;2012;;;;;;;;;;;;;;
7.697693;22055000;2010;;;;;;;;;;;;;;
7.700193;22057500;1995;;;;;;;;;;;;;;
7.702693;22060000;1982;;;;;;;;;;;;;;
7.705193;22062500;1983;;;;;;;;;;;;;;
7.707693;22065000;1993;;;;;;;;;;;;;;
7.710193;22067500;1997;;;;;;;;;;;;;;
7.712693;22070000;2010;;;;;;;;;;;;;;
7.715193;22072500;2010;22071903;483.222;817.568;-302.192;-4250.284;344.739;3316.261;22071471;-74.085;878.587;-336.033;-8643.445;6641.182;25706.393
7.717693;22075000;2000;;;;;;;;;;;;;;
7.720193;22077500;1984;;;;;;;;;;;;;;
7.722693;22080000;1979;;;;;;;;;;;;;;
7.725193;22082500;1977;;;;;;;;;;;;;;
7.727693;22085000;1979;;;;;;;;;;;;;;
7.730193;22087500;1982;;;;;;;;;;;;;;
7.732693;22090000;1995;;;;;;;;;;;;;;
7.735193;22092500;1993;;;;;;;;;;;;;;
7.737693;22095000;1990;;;;;;;;;;;;;;
7.740193;22097500;1976;;;;;;;;;;;;;;
7.742693;22100000;1962;;;;;;;;;;;;;;
7.745193;22102500;1958;;;;;;;;;;;;;;
7.747693;22105000;1961;22105147;484.266;819.457;-301.192;-9021.332;107.877;3585.323;22104711;-60.047;891.193;-342.606;-11730.522;4547.748;25580.01
7.750193;22107500;1967;;;;;;;;;;;;;;
7.752693;22110000;1978;;;;;;;;;;;;;;
7.755193;22112500;1981;;;;;;;;;;;;;;
7.757693;22115000;1975;;;;;;;;;;;;;;
7.760193;22117500;1962;;;;;;;;;;;;;;
7.762693;22120000;1950;;;;;;;;;;;;;;
7.765193;22122500;1947;;;;;;;;;;;;;;
7.767693;22125000;1959;;;;;;;;;;;;;;
7.770193;22127500;1964;;;;;;;;;;;;;;
7.772693;22130000;1966;;;;;;;;;;;;;;
7.775193;22132500;1976;22131885;483.983;823.886;-299.503;-14223.641;-589.641;3801.995;22131453;-48.932;895.506;-348.162;-16729.121;2132.86;25093.76
7.777693;22135000;1966;;;;;;;;;;;;;;
7.780193;22137500;1951;;;;;;;;;;;;;;
7.782693;22140000;1947;;;;;;;;;;;;;;
7.785193;22142500;1944;;;;;;;;;;;;;;
7.787693;22145000;1946;;;;;;;;;;;;;;
7.790193;22147500;1960;;;;;;;;;;;;;;
7.792693;22150000;1965;;;;;;;;;;;;;;
7.795193;22152500;1966;;;;;;;;;;;;;;
7.797693;22155000;1961;;;;;;;;;;;;;;
7.800193;22157500;1950;;;;;;;;;;;;;;
7.802693;22160000;1943;;;;;;;;;;;;;;
7.805193;22162500;1944;;;;;;;;;;;;;;
7.807693;22165000;1946;;;;;;;;;;;;;;
7.810193;22167500;1960;;;;;;;;;;;;;;
7.812693;22170000;1965;22170334;483.312;829.814;-293.458;-19632.207;-2299.222;4027.52;22169904;-39.385;893.852;-342.423;-21661.539;-1300.533;24798.072
7.815193;22172500;1967;;;;;;;;;;;;;;
7.817693;22175000;1964;;;;;;;;;;;;;;
7.820193;22177500;1951;;;;;;;;;;;;;;
7.822693;22180000;1945;;;;;;;;;;;;;;
7.825193;22182500;1944;;;;;;;;;;;;;;
7.827693;22185000;1947;;;;;;;;;;;;;;
7.830193;22187500;1960;;;;;;;;;;;;;;
7.832693;22190000;1967;;;;;;;;;;;;;;
7.835193;22192500;1967;;;;;;;;;;;;;;
7.837693;22195000;1965;;;;;;;;;;;;;;
7.840193;22197500;1960;;;;;;;;;;;;;;
7.842693;22200000;1944;;;;;;;;;;;;;;
7.845193;22202500;1935;;;;;;;;;;;;;;
7.847693;22205000;1946;;;;;;;;;;;;;;
7.850193;22207500;1960;;;;;;;;;;;;;;
7.852693;22210000;1964;;;;;;;;;;;;;;
7.855193;22212500;1965;;;;;;;;;;;;;;
7.857693;22215000;1963;22215552;485.486;830.395;-282.183;-25405.596;-3859.011;4387.019;22215114;-22.556;898.008;-326.723;-25217.711;-5236.006;24090.168
7.860193;22217500;1949;;;;;;;;;;;;;;
7.862693;22220000;1943;;;;;;;;;;;;;;
7.865193;22222500;1935;;;;;;;;;;;;;;
7.867693;22225000;1945;;;;;;;;;;;;;;
7.870193;22227500;1950;;;;;;;;;;;;;;
7.872693;22230000;1962;;;;;;;;;;;;;;
7.875193;22232500;1961;;;;;;;;;;;;;;
7.877693;22235000;1961;;;;;;;;;;;;;;
7.880193;22237500;1947;;;;;;;;;;;;;;
7.882693;22240000;1944;;;;;;;;;;;;;;
7.885193;22242500;1933;;;;;;;;;;;;;;
7.887693;22245000;1934;;;;;;;;;;;;;;
7.890193;22247500;1949;;;;;;;;;;;;;;
7.892693;22250000;1963;;;;;;;;;;;;;;
7.895193;22252500;1964;;;;;;;;;;;;;;
7.897693;22255000;1960;;;;;;;;;;;;;;
7.900193;22257500;1950;;;;;;;;22258688;-8.844;904.085;-314.169;-28770.199;-8313.205;23236.535
7.902693;22260000;1933;22259118;486.679;832.649;-266.293;-29924.316;-5010.498;4233.73;;;;;;;
7.905193;22262500;1934;;;;;;;;;;;;;;
7.907693;22265000;1944;;;;;;;;;;;;;;
7.910193;22267500;1951;;;;;;;;;;;;;;
7.912693;22270000;1962;;;;;;;;;;;;;;
7.915193;22272500;1965;;;;;;;;;;;;;;
7.917693;22275000;1962;;;;;;;;;;;;;;
7.920193;22277500;1949;;;;;;;;;;;;;;
7.922693;22280000;1943;;;;;;;;;;;;;;
7.925193;22282500;1934;;;;;;;;;;;;;;
7.927693;22285000;1947;;;;;;;;;;;;;;
7.930193;22287500;1952;;;;;;;;;;;;;;
7.932693;22290000;1968;;;;;;;;;;;;;;
7.935193;22292500;1975;22292714;489.063;835.492;-251.258;-34534.727;-6420.723;3999.731;22292276;7.281;908.639;-298.784;-32429.439;-12004.795;22087.396
7.937693;22295000;1965;;;;;;;;;;;;;;
7.940193;22297500;1960;;;;;;;;;;;;;;
7.942693;22300000;1948;;;;;;;;;;;;;;
7.945193;22302500;1944;;;;;;;;;;;;;;
7.947693;22305000;1949;;;;;;;;;;;;;;
7.950193;22307500;1963;;;;;;;;;;;;;;
7.952693;22310000;1977;;;;;;;;;;;;;;
7.955193;22312500;1977;;;;;;;;;;;;;;
7.957693;22315000;1976;;;;;;;;;;;;;;
7.960193;22317500;1964;;;;;;;;;;;;;;
7.962693;22320000;1950;;;;;;;;;;;;;;
7.965193;22322500;1948;;;;;;;;;;;;;;
7.967693;22325000;1959;22324659;490.706;840.821;-231.65;-39653.988;-7341.749;3815.057;22324229;20.545;909.683;-280.002;-35800.719;-15412.055;20726.652
7.970193;22327500;1967;;;;;;;;;;;;;;
7.972693;22330000;1979;;;;;;;;;;;;;;
7.975193;22332500;1983;;;;;;;;;;;;;;
7.977693;22335000;1980;;;;;;;;;;;;;;
7.980193;22337500;1966;;;;;;;;;;;;;;
7.982693;22340000;1952;;;;;;;;;;;;;;
7.985193;22342500;1960;;;;;;;;;;;;;;
7.987693;22345000;1962;;;;;;;;;;;;;;
7.990193;22347500;1975;;;;;;;;;;;;;;
7.992693;22350000;1982;;;;;;;;;;;;;;
7.995193;22352500;1991;;;;;;;;;;;;;;
7.997693;22355000;1982;;;;;;;;;;;;;;
8.000193;22357500;1967;22358337;490.997;844.372;-214.089;-44855.039;-8111.287;3596.304;22357903;30.918;908.521;-259.719;-38630.684;-18992.828;19631.695
8.002693;22360000;1962;;;;;;;;;;;;;;
8.005193;22362500;1960;;;;;;;;;;;;;;
8.007693;22365000;1963;;;;;;;;;;;;;;
8.010193;22367500;1977;;;;;;;;;;;;;;
8.012693;22370000;1992;;;;;;;;;;;;;;
8.015193;22372500;2006;;;;;;;;;;;;;;
8.017693;22375000;1999;;;;;;;;;;;;;;
8.020193;22377500;1994;;;;;;;;;;;;;;
8.022693;22380000;1983;;;;;;;;;;;;;;
8.025193;22382500;1982;;;;;;;;;;;;;;
8.027693;22385000;1994;;;;;;;;;;;;;;
8.030193;22387500;2009;;;;;;;;;;;;;;
8.032693;22390000;2025;;;;;;;;;;;;;;
8.035193;22392500;2039;22392008;492.421;839.93;-197.614;-50019.598;-8298.973;3398.114;22391578;45.202;909.4;-235.246;-40706.211;-22322.373;18886.359
8.037693;22395000;2031;;;;;;;;;;;;;;
8.040193;22397500;2025;;;;;;;;;;;;;;
8.042693;22400000;2023;;;;;;;;;;;;;;
8.045193;22402500;2026;;;;;;;;;;;;;;
8.047693;22405000;2028;;;;;;;;;;;;;;
8.050193;22407500;2044;;;;;;;;;;;;;;
8.052693;22410000;2063;;;;;;;;;;;;;;
8.055193;22412500;2073;;;;;;;;;;;;;;
8.057693;22415000;2072;;;;;;;;;;;;;;
8.060193;22417500;2062;;;;;;;;;;;;;;
8.062693;22420000;2058;;;;;;;;;;;;;;
8.065193;22422500;2057;;;;;;;;;;;;;;
8.067693;22425000;2062;22425685;493.335;831.063;-175.936;-53592.43;-8568.711;3046.646;22425252;60.62;907.405;-211.321;-42650.836;-24301.566;17799.854
8.070193;22427500;2076;;;;;;;;;;;;;;
8.072693;22430000;2094;;;;;;;;;;;;;;
8.075193;22432500;2094;;;;;;;;;;;;;;
8.077693;22435000;2103;;;;;;;;;;;;;;
8.080193;22437500;2088;;;;;;;;;;;;;;
8.082693;22440000;2076;;;;;;;;;;;;;;
8.085193;22442500;2075;;;;;;;;;;;;;;
8.087693;22445000;2078;;;;;;;;;;;;;;
8.090193;22447500;2094;;;;;;;;;;;;;;
8.092693;22450000;2109;;;;;;;;;;;;;;
8.095193;22452500;2120;;;;;;;;;;;;;;
8.097693;22455000;2110;;;;;;;;;;;;;;
8.100193;22457500;2105;;;;;;;;;;;;;;
8.102693;22460000;2094;;;;;;;;;;;;;;
8.105193;22462500;2092;;;;;;;;;;;;;;
8.107693;22465000;2103;;;;;;;;;;;;;;
8.110193;22467500;2111;;;;;;;;;;;;;;
8.112693;22470000;2126;22469261;492.696;821.156;-155.628;-54946.121;-8983.338;2384.188;22468826;70.533;897.451;-184.529;-43905.418;-25783.238;16548.049
8.115193;22472500;2127;;;;;;;;;;;;;;
8.117693;22475000;2126;;;;;;;;;;;;;;
8.120193;22477500;2121;;;;;;;;;;;;;;
8.122693;22480000;2109;;;;;;;;;;;;;;
8.125193;22482500;2105;;;;;;;;;;;;;;
8.127693;22485000;2109;;;;;;;;;;;;;;
8.130193;22487500;2123;;;;;;;;;;;;;;
8.132693;22490000;2135;;;;;;;;;;;;;;
8.135193;22492500;2138;;;;;;;;;;;;;;
8.137693;22495000;2127;;;;;;;;;;;;;;
8.140193;22497500;2121;;;;;;;;;;;;;;
8.142693;22500000;2106;;;;;;;;;;;;;;
8.145193;22502500;2105;22502934;496.005;811.215;-130.047;-54814.625;-8778.733;2019.104;22502501;85.263;889.459;-158.021;-43922.586;-26303.139;15362.334
8.147693;22505000;2107;;;;;;;;;;;;;;
8.150193;22507500;2111;;;;;;;;;;;;;;
8.152693;22510000;2121;;;;;;;;;;;;;;
8.155193;22512500;2124;;;;;;;;;;;;;;
8.157693;22515000;2112;;;;;;;;;;;;;;
8.160193;22517500;2105;;;;;;;;;;;;;;
8.162693;22520000;2090;;;;;;;;;;;;;;
8.165193;22522500;2086;;;;;;;;;;;;;;
8.167693;22525000;2088;;;;;;;;;;;;;;
8.170193;22527500;2092;;;;;;;;;;;;;;
8.172693;22530000;2104;22530032;497.6;806.79;-102.299;-53994.082;-8600.109;1588.274;22529590;95.122;884.594;-134.229;-43301.895;-26400.668;14275.717
8.175193;22532500;2103;;;;;;;;;;;;;;
8.177693;22535000;2092;;;;;;;;;;;;;;
8.180193;22537500;2076;;;;;;;;;;;;;;
8.182693;22540000;2062;;;;;;;;;;;;;;
8.185193;22542500;2055;;;;;;;;;;;;;;
8.187693;22545000;2056;;;;;;;;;;;;;;
8.190193;22547500;2061;;;;;;;;;;;;;;
8.192693;22550000;2062;;;;;;;;;;;;;;
8.195193;22552500;2064;;;;;;;;;;;;;;
8.197693;22555000;2056;;;;;;;;;;;;;;
8.200193;22557500;2041;;;;;;;;;;;;;;
8.202693;22560000;2025;;;;;;;;;;;;;;
8.205193;22562500;2022;;;;;;;;;;;;;;
8.207693;22565000;2013;;;;;;;;;;;;;;
8.210193;22567500;2025;22568647;501.146;803.148;-71.216;-53494.129;-8472.854;1355.297;22568215;108.782;883.43;-111.939;-42114.613;-27136.447;13568.493
8.212693;22570000;2029;;;;;;;;;;;;;;
8.215193;22572500;2027;;;;;;;;;;;;;;
8.217693;22575000;2014;;;;;;;;;;;;;;
8.220193;22577500;1998;;;;;;;;;;;;;;
8.222693;22580000;1984;;;;;;;;;;;;;;
8.225193;22582500;1981;;;;;;;;;;;;;;
8.227693;22585000;1980;;;;;;;;;;;;;;
8.230193;22587500;1983;;;;;;;;;;;;;;
8.232693;22590000;1992;;;;;;;;;;;;;;
8.235193;22592500;1993;;;;;;;;;;;;;;
8.237693;22595000;1982;;;;;;;;;;;;;;
8.240193;22597500;1964;;;;;;;;;;;;;;
8.242693;22600000;1950;;;;;;;;;;;;;;
8.245193;22602500;1946;22602325;499.964;793.93;-52.411;-53834.234;-8063.211;1657.657;22601889;122.686;890.523;-90.378;-41026.945;-28127.688;12457.381
8.247693;22605000;1945;;;;;;;;;;;;;;
8.250193;22607500;1946;;;;;;;;;;;;;;
8.252693;22610000;1960;;;;;;;;;;;;;;
8.255193;22612500;1949;;;;;;;;;;;;;;
8.257693;22615000;1943;;;;;;;;;;;;;;
8.260193;22617500;1930;;;;;;;;;;;;;;
8.262693;22620000;1914;;;;;;;;;;;;;;
8.265193;22622500;1901;;;;;;;;;;;;;;
8.267693;22625000;1903;;;;;;;;;;;;;;
8.270193;22627500;1913;;;;;;;;;;;;;;
8.272693;22630000;1916;;;;;;;;;;;;;;
8.275193;22632500;1916;22632616;505.307;790.925;-26.94;-53851.086;-7545.863;1949.275;22632184;137.072;895.596;-67.333;-41850.41;-29247.865;11025.574
8.277693;22635000;1912;;;;;;;;;;;;;;
8.280193;22637500;1897;;;;;;;;;;;;;;
8.282693;22640000;1882;;;;;;;;;;;;;;
8.285193;22642500;1871;;;;;;;;;;;;;;
8.287693;22645000;1871;;;;;;;;;;;;;;
8.290193;22647500;1883;;;;;;;;;;;;;;
8.292693;22650000;1885;;;;;;;;;;;;;;
8.295193;22652500;1896;;;;;;;;;;;;;;
8.297693;22655000;1883;;;;;;;;;;;;;;
8.300193;22657500;1871;;;;;;;;;;;;;;
8.302693;22660000;1856;;;;;;;;;;;;;;
8.305193;22662500;1856;;;;;;;;;;;;;;
8.307693;22665000;1864;;;;;;;;;;;;;;
8.310193;22667500;1867;;;;;;;;;;;;;;
8.312693;22670000;1880;22669495;509.919;787.064;-1.211;-54501.031;-6799.757;1933.623;22669065;148.042;900.879;-46.106;-41932.703;-29715.283;9092.232
8.315193;22672500;1881;;;;;;;;;;;;;;
8.317693;22675000;1870;;;;;;;;;;;;;;
8.320193;22677500;1864;;;;;;;;;;;;;;
8.322693;22680000;1849;;;;;;;;;;;;;;
8.325193;22682500;1849;;;;;;;;;;;;;;
8.327693;22685000;1848;;;;;;;;;;;;;;
8.330193;22687500;1854;;;;;;;;;;;;;;
8.332693;22690000;1867;;;;;;;;;;;;;;
8.335193;22692500;1868;;;;;;;;;;;;;;
8.337693;22695000;1865;;;;;;;;;;;;;;
8.340193;22697500;1851;;;;;;;;;;;;;;
8.342693;22700000;1839;;;;;;;;;;;;;;
8.345193;22702500;1835;;;;;;;;;;;;;;
8.347693;22705000;1846;;;;;;;;;;;;;;
8.350193;22707500;1850;;;;;;;;;;;;;;
8.352693;22710000;1865;;;;;;;;;;;;;;
8.355193;22712500;1866;22712816;512.66;783.859;26.256;-54104.355;-5940.894;1850.505;22712379;155.128;904.36;-27.221;-41669.629;-29709.582;6806.684
8.357693;22715000;1855;;;;;;;;;;;;;;
8.360193;22717500;1849;;;;;;;;;;;;;;
8.362693;22720000;1837;;;;;;;;;;;;;;
8.365193;22722500;1834;;;;;;;;;;;;;;
8.367693;22725000;1837;;;;;;;;;;;;;;
8.370193;22727500;1848;;;;;;;;;;;;;;
8.372693;22730000;1854;;;;;;;;;;;;;;
8.375193;22732500;1865;;;;;;;;;;;;;;
8.377693;22735000;1853;;;;;;;;;;;;;;
8.380193;22737500;1839;;;;;;;;;;;;;;
8.382693;22740000;1833;;;;;;;;;;;;;;
8.385193;22742500;1832;;;;;;;;;;;;;;
8.387693;22745000;1834;;;;;;;;;;;;;;
8.390193;22747500;1839;;;;;;;;;;;;;;
8.392693;22750000;1853;;;;;;;;;;;;;;
8.395193;22752500;1854;;;;;;;;;;;;;;
8.397693;22755000;1852;22756122;512.379;778.857;51.32;-54529.012;-4552.287;1506.417;22755692;161.621;906.039;-9.158;-40574.898;-30024.416;3870.662
8.400193;22757500;1839;;;;;;;;;;;;;;
8.402693;22760000;1837;;;;;;;;;;;;;;
8.405193;22762500;1834;;;;;;;;;;;;;;
8.407693;22765000;1838;;;;;;;;;;;;;;
8.410193;22767500;1850;;;;;;;;;;;;;;
8.412693;22770000;1864;;;;;;;;;;;;;;
8.415193;22772500;1869;;;;;;;;;;;;;;
8.417693;22775000;1866;;;;;;;;;;;;;;
8.420193;22777500;1865;;;;;;;;;;;;;;
8.422693;22780000;1854;;;;;;;;;;;;;;
8.425193;22782500;1853;;;;;;;;;;;;;;
8.427693;22785000;1866;;;;;;;;;;;;;;
8.430193;22787500;1880;;;;;;;;;;;;;;
8.432693;22790000;1897;22789458;511.489;776.008;77.699;-53980.434;-3265.485;662.846;22789021;168.979;907.67;15.188;-40180.215;-30802.57;888.941
8.435193;22792500;1901;;;;;;;;;;;;;;
8.437693;22795000;1903;;;;;;;;;;;;;;
8.440193;22797500;1899;;;;;;;;;;;;;;
8.442693;22800000;1888;;;;;;;;;;;;;;
8.445193;22802500;1896;;;;;;;;;;;;;;
8.447693;22805000;1901;;;;;;;;;;;;;;
8.450193;22807500;1919;;;;;;;;;;;;;;
8.452693;22810000;1931;;;;;;;;;;;;;;
8.455193;22812500;1944;;;;;;;;;;;;;;
8.457693;22815000;1944;;;;;;;;;;;;;;
8.460193;22817500;1933;;;;;;;;;;;;;;
8.462693;22820000;1929;;;;;;;;;;;;;;
8.465193;22822500;1930;22822605;509.327;767.866;100.44;-52978.91;-1944.586;-13.421;22822174;173.767;912.093;37.663;-40423.891;-31183.504;-2332.631
8.467693;22825000;1942;;;;;;;;;;;;;;
8.470193;22827500;1948;;;;;;;;;;;;;;
8.472693;22830000;1963;;;;;;;;;;;;;;
8.475193;22832500;1967;;;;;;;;;;;;;;
8.477693;22835000;1967;;;;;;;;;;;;;;
8.480193;22837500;1962;;;;;;;;;;;;;;
8.482693;22840000;1960;;;;;;;;;;;;;;
8.485193;22842500;1950;;;;;;;;;;;;;;
8.487693;22845000;1961;;;;;;;;;;;;;;
8.490193;22847500;1978;;;;;;;;;;;;;;
8.492693;22850000;1981;;;;;;;;;;;;;;
8.495193;22852500;1993;;;;;;;;;;;;;;
8.497693;22855000;1993;22856032;505.82;759.295;122.783;-51052.715;-567.231;-610.813;22855587;177.858;908.865;58.332;-41129.633;-30563.641;-6164.437
8.500193;22857500;1991;;;;;;;;;;;;;;
8.502693;22860000;1979;;;;;;;;;;;;;;
8.505193;22862500;1980;;;;;;;;;;;;;;
8.507693;22865000;1990;;;;;;;;;;;;;;
8.510193;22867500;1998;;;;;;;;;;;;;;
8.512693;22870000;2008;;;;;;;;;;;;;;
8.515193;22872500;2023;;;;;;;;;;;;;;
8.517693;22875000;2014;;;;;;;;;;;;;;
8.520193;22877500;2008;;;;;;;;;;;;;;
8.522693;22880000;1995;;;;;;;;;;;;;;
8.525193;22882500;1995;;;;;;;;;;;;;;
8.527693;22885000;1997;;;;;;;;;;;;;;
8.530193;22887500;2009;22887790;503.386;753.35;148.638;-48391.578;1057.568;-1635.959;22887367;176.523;902.767;76.118;-40610.527;-29638.771;-10035.215
8.532693;22890000;2016;;;;;;;;;;;;;;
8.535193;22892500;2023;;;;;;;;;;;;;;
8.537693;22895000;2013;;;;;;;;;;;;;;
8.540193;22897500;2000;;;;;;;;;;;;;;
8.542693;22900000;1993;;;;;;;;;;;;;;
8.545193;22902500;1993;;;;;;;;;;;;;;
8.547693;22905000;1995;;;;;;;;;;;;;;
8.550193;22907500;2008;;;;;;;;;;;;;;
8.552693;22910000;2012;;;;;;;;;;;;;;
8.555193;22912500;2014;;;;;;;;;;;;;;
8.557693;22915000;2013;;;;;;;;;;;;;;
8.560193;22917500;2008;;;;;;;;;;;;;;
8.562693;22920000;1993;;;;;;;;22920954;172.12;897.578;97.865;-39565.25;-29409.832;-13208.454
8.565193;22922500;1994;22921394;497.432;748.439;171.987;-45343.75;2364.002;-2846.099;;;;;;;
8.567693;22925000;1994;;;;;;;;;;;;;;
8.570193;22927500;2008;;;;;;;;;;;;;;
8.572693;22930000;2010;;;;;;;;;;;;;;
8.575193;22932500;2014;;;;;;;;;;;;;;
8.577693;22935000;2011;;;;;;;;;;;;;;
8.580193;22937500;1996;;;;;;;;;;;;;;
8.582693;22940000;1982;;;;;;;;;;;;;;
8.585193;22942500;1978;;;;;;;;;;;;;;
8.587693;22945000;1980;;;;;;;;;;;;;;
8.590193;22947500;1982;;;;;;;;;;;;;;
8.592693;22950000;1992;;;;;;;;;;;;;;
8.595193;22952500;1995;;;;;;;;;;;;;;
8.597693;22955000;1983;;;;;;;;;;;;;;
8.600193;22957500;1974;;;;;;;;;;;;;;
8.602693;22960000;1962;;;;;;;;;;;;;;
8.605193;22962500;1959;;;;;;;;;;;;;;
8.607693;22965000;1959;22964876;492.525;739.913;196.022;-42558.125;3530.302;-3512.732;22964441;168.028;898.058;117.409;-39065.738;-28571.09;-15974.969
8.610193;22967500;1966;;;;;;;;;;;;;;
8.612693;22970000;1975;;;;;;;;;;;;;;
8.615193;22972500;1978;;;;;;;;;;;;;;
8.617693;22975000;1964;;;;;;;;;;;;;;
8.620193;22977500;1962;;;;;;;;;;;;;;
8.622693;22980000;1950;;;;;;;;;;;;;;
8.625193;22982500;1947;;;;;;;;;;;;;;
8.627693;22985000;1949;;;;;;;;;;;;;;
8.630193;22987500;1960;;;;;;;;;;;;;;
8.632693;22990000;1976;;;;;;;;;;;;;;
8.635193;22992500;1977;;;;;;;;;;;;;;
8.637693;22995000;1968;;;;;;;;;;;;;;
8.640193;22997500;1962;22998549;488.468;734.369;220.241;-40311.219;4553.849;-3923.345;22998117;160.84;888.298;133.431;-38669.949;-27151.285;-18593.969
8.642693;23000000;1951;;;;;;;;;;;;;;
8.645193;23002500;1949;;;;;;;;;;;;;;
8.647693;23005000;1952;;;;;;;;;;;;;;
8.650193;23007500;1964;;;;;;;;;;;;;;
8.652693;23010000;1976;;;;;;;;;;;;;;
8.655193;23012500;1979;;;;;;;;;;;;;;
8.657693;23015000;1964;;;;;;;;;;;;;;
8.660193;23017500;1966;;;;;;;;;;;;;;
8.662693;23020000;1960;;;;;;;;;;;;;;
8.665193;23022500;1951;;;;;;;;;;;;;;
8.667693;23025000;1962;;;;;;;;;;;;;;
8.670193;23027500;1976;;;;;;;;23028499;150.773;878.939;150.47;-37999.953;-26616.658;-20635.77
8.672693;23030000;1980;23028934;483.443;730.633;243.017;-38329.344;5284.281;-4322.615;;;;;;;
8.675193;23032500;1991;;;;;;;;;;;;;;
8.677693;23035000;1982;;;;;;;;;;;;;;
8.680193;23037500;1977;;;;;;;;;;;;;;
8.682693;23040000;1951;;;;;;;;;;;;;;
8.685193;23042500;1963;;;;;;;;;;;;;;
8.687693;23045000;1965;;;;;;;;;;;;;;
8.690193;23047500;1978;;;;;;;;;;;;;;
8.692693;23050000;1991;;;;;;;;;;;;;;
8.695193;23052500;1994;;;;;;;;;;;;;;
8.697693;23055000;1993;;;;;;;;;;;;;;
8.700193;23057500;1982;;;;;;;;;;;;;;
8.702693;23060000;1977;;;;;;;;;;;;;;
8.705193;23062500;1968;;;;;;;;;;;;;;
8.707693;23065000;1979;23065898;478.461;730.659;264.514;-37014.0;6126.942;-4476.609;23065466;142.899;870.269;169.134;-36719.016;-25967.887;-22130.543
8.710193;23067500;1992;;;;;;;;;;;;;;
8.712693;23070000;1997;;;;;;;;;;;;;;
8.715193;23072500;2007;;;;;;;;;;;;;;
8.717693;23075000;2007;;;;;;;;;;;;;;
8.720193;23077500;1995;;;;;;;;;;;;;;
8.722693;23080000;1991;;;;;;;;;;;;;;
8.725193;23082500;1983;;;;;;;;;;;;;;
8.727693;23085000;1977;;;;;;;;;;;;;;
8.730193;23087500;1999;;;;;;;;;;;;;;
8.732693;23090000;2013;;;;;;;;;;;;;;
8.735193;23092500;2013;;;;;;;;;;;;;;
8.737693;23095000;2014;;;;;;;;;;;;;;
8.740193;23097500;2010;;;;;;;;;;;;;;
8.742693;23100000;1997;23099576;474.412;720.344;286.174;-36169.551;6929.22;-4198.529;23099140;138.639;870.09;182.814;-35103.562;-25545.805;-23691.891
8.745193;23102500;1994;;;;;;;;;;;;;;
8.747693;23105000;1998;;;;;;;;;;;;;;
8.750193;23107500;2013;;;;;;;;;;;;;;
8.752693;23110000;2027;;;;;;;;;;;;;;
8.755193;23112500;2030;;;;;;;;;;;;;;
8.757693;23115000;2030;;;;;;;;;;;;;;
8.760193;23117500;2024;;;;;;;;;;;;;;
8.762693;23120000;2000;;;;;;;;;;;;;;
8.765193;23122500;2023;;;;;;;;;;;;;;
8.767693;23125000;2043;;;;;;;;;;;;;;
8.770193;23127500;2074;;;;;;;;;;;;;;
8.772693;23130000;2105;;;;;;;;23131179;127.797;862.795;198.726;-34269.758;-24850.389;-24906.545
8.775193;23132500;2122;23131611;469.321;714.839;303.176;-34100.324;7357.134;-4166.228;;;;;;;
8.777693;23135000;2156;;;;;;;;;;;;;;
8.780193;23137500;2167;;;;;;;;;;;;;;
8.782693;23140000;2184;;;;;;;;;;;;;;
8.785193;23142500;2199;;;;;;;;;;;;;;
8.787693;23145000;2218;;;;;;;;;;;;;;
8.790193;23147500;2251;;;;;;;;;;;;;;
8.792693;23150000;2285;;;;;;;;;;;;;;
8.795193;23152500;2313;;;;;;;;;;;;;;
8.797693;23155000;2332;;;;;;;;;;;;;;
8.800193;23157500;2346;;;;;;;;;;;;;;
8.802693;23160000;2350;;;;;;;;;;;;;;
8.805193;23162500;2363;;;;;;;;;;;;;;
8.807693;23165000;2383;;;;;;;;;;;;;;
8.810193;23167500;2414;;;;;;;;;;;;;;
8.812693;23170000;2444;;;;;;;;;;;;;;
8.815193;23172500;2471;;;;;;;;;;;;;;
8.817693;23175000;2479;;;;;;;;;;;;;;
8.820193;23177500;2489;23176820;462.502;711.158;321.342;-32117.494;7856.839;-4150.416;23176389;115.624;858.793;214.032;-33027.895;-24263.682;-25764.717
8.822693;23180000;2491;;;;;;;;;;;;;;
8.825193;23182500;2494;;;;;;;;;;;;;;
8.827693;23185000;2511;;;;;;;;;;;;;;
8.830193;23187500;2537;;;;;;;;;;;;;;
8.832693;23190000;2559;;;;;;;;;;;;;;
8.835193;23192500;2576;;;;;;;;;;;;;;
8.837693;23195000;2587;;;;;;;;;;;;;;
8.840193;23197500;2585;;;;;;;;;;;;;;
8.842693;23200000;2586;;;;;;;;;;;;;;
8.845193;23202500;2587;;;;;;;;;;;;;;
8.847693;23205000;2604;;;;;;;;;;;;;;
8.850193;23207500;2619;;;;;;;;23208429;101.364;858.888;228.432;-31029.562;-23716.811;-26884.043
8.852693;23210000;2637;23208866;458.018;699.171;340.411;-31304.807;8262.872;-3947.708;;;;;;;
8.855193;23212500;2665;;;;;;;;;;;;;;
8.857693;23215000;2678;;;;;;;;;;;;;;
8.860193;23217500;2668;;;;;;;;;;;;;;
8.862693;23220000;2667;;;;;;;;;;;;;;
8.865193;23222500;2668;;;;;;;;;;;;;;
8.867693;23225000;2670;;;;;;;;;;;;;;
8.870193;23227500;2685;;;;;;;;;;;;;;
8.872693;23230000;2712;;;;;;;;;;;;;;
8.875193;23232500;2730;;;;;;;;;;;;;;
8.877693;23235000;2732;23234290;451.343;695.475;357.703;-29430.691;8487.166;-3703.072;23233860;91.532;858.449;243.289;-30521.521;-23050.721;-27841.527
8.880193;23237500;2733;;;;;;;;;;;;;;
8.882693;23240000;2728;;;;;;;;;;;;;;
8.885193;23242500;2717;;;;;;;;;;;;;;
8.887693;23245000;2727;;;;;;;;;;;;;;
8.890193;23247500;2734;;;;;;;;;;;;;;
8.892693;23250000;2749;;;;;;;;;;;;;;
8.895193;23252500;2767;;;;;;;;;;;;;;
8.897693;23255000;2776;;;;;;;;;;;;;;
8.900193;23257500;2765;;;;;;;;;;;;;;
8.902693;23260000;2761;;;;;;;;;;;;;;
8.905193;23262500;2746;;;;;;;;;;;;;;
8.907693;23265000;2748;;;;;;;;;;;;;;
8.910193;23267500;2764;;;;;;;;;;;;;;
8.912693;23270000;2778;;;;;;;;;;;;;;
8.915193;23272500;2792;;;;;;;;;;;;;;
8.917693;23275000;2792;23276123;444.118;695.678;374.289;-27528.219;8649.058;-3748.919;23275691;75.524;851.962;259.05;-30309.258;-22216.246;-28510.076
8.920193;23277500;2782;;;;;;;;;;;;;;
8.922693;23280000;2766;;;;;;;;;;;;;;
8.925193;23282500;2761;;;;;;;;;;;;;;
8.927693;23285000;2761;;;;;;;;;;;;;;
8.930193;23287500;2767;;;;;;;;;;;;;;
8.932693;23290000;2780;;;;;;;;;;;;;;
8.935193;23292500;2795;;;;;;;;;;;;;;
8.937693;23295000;2796;;;;;;;;;;;;;;
8.940193;23297500;2783;;;;;;;;;;;;;;
8.942693;23300000;2766;;;;;;;;;;;;;;
8.945193;23302500;2762;;;;;;;;;;;;;;
8.947693;23305000;2760;;;;;;;;;;;;;;
8.950193;23307500;2765;;;;;;;;;;;;;;
8.952693;23310000;2780;;;;;;;;;;;;;;
8.955193;23312500;2794;;;;;;;;;;;;;;
8.957693;23315000;2792;;;;;;;;;;;;;;
8.960193;23317500;2780;;;;;;;;;;;;;;
8.962693;23320000;2764;23319614;436.271;692.523;389.869;-25870.932;8668.542;-3877.785;23319179;63.665;846.287;276.598;-29369.545;-21741.559;-29005.197
8.965193;23322500;2750;;;;;;;;;;;;;;
8.967693;23325000;2747;;;;;;;;;;;;;;
8.970193;23327500;2763;;;;;;;;;;;;;;
8.972693;23330000;2778;;;;;;;;;;;;;;
8.975193;23332500;2796;;;;;;;;;;;;;;
8.977693;23335000;2797;;;;;;;;;;;;;;
8.980193;23337500;2793;;;;;;;;;;;;;;
8.982693;23340000;2779;;;;;;;;;;;;;;
8.985193;23342500;2762;;;;;;;;;;;;;;
8.987693;23345000;2762;;;;;;;;;;;;;;
8.990193;23347500;2777;;;;;;;;;;;;;;
8.992693;23350000;2795;;;;;;;;;;;;;;
8.995193;23352500;2812;;;;;;;;;;;;;;
8.997693;23355000;2814;;;;;;;;;;;;;;
9.000193;23357500;2808;;;;;;;;;;;;;;
9.002693;23360000;2782;;;;;;;;;;;;;;
9.005193;23362500;2775;23363105;428.524;690.916;405.377;-24285.572;8850.24;-3817.333;23362666;50.197;840.505;292.579;-28765.129;-20902.543;-29555.625
9.007693;23365000;2765;;;;;;;;;;;;;;
9.010193;23367500;2778;;;;;;;;;;;;;;
9.012693;23370000;2795;;;;;;;;;;;;;;
9.015193;23372500;2809;;;;;;;;;;;;;;
9.017693;23375000;2808;;;;;;;;;;;;;;
9.020193;23377500;2793;;;;;;;;;;;;;;
9.022693;23380000;2767;;;;;;;;;;;;;;
9.025193;23382500;2749;;;;;;;;;;;;;;
9.027693;23385000;2748;;;;;;;;;;;;;;
9.030193;23387500;2752;;;;;;;;;;;;;;
9.032693;23390000;2766;;;;;;;;;;;;;;
9.035193;23392500;2780;;;;;;;;;;;;;;
9.037693;23395000;2777;;;;;;;;;;;;;;
9.040193;23397500;2763;23396682;420.786;690.365;418.945;-22654.793;8697.354;-3992.654;23396254;35.274;832.701;307.651;-28264.436;-20414.354;-29533.406
9.042693;23400000;2744;;;;;;;;;;;;;;
9.045193;23402500;2727;;;;;;;;;;;;;;
9.047693;23405000;2717;;;;;;;;;;;;;;
9.050193;23407500;2731;;;;;;;;;;;;;;
9.052693;23410000;2734;;;;;;;;;;;;;;
9.055193;23412500;2747;;;;;;;;;;;;;;
9.057693;23415000;2747;;;;;;;;;;;;;;
9.060193;23417500;2733;;;;;;;;;;;;;;
9.062693;23420000;2715;;;;;;;;;;;;;;
9.065193;23422500;2687;;;;;;;;;;;;;;
9.067693;23425000;2687;;;;;;;;;;;;;;
9.070193;23427500;2699;23426989;414.039;689.666;432.841;-21266.553;8454.548;-4256.334;23426549;21.011;824.817;322.994;-27506.15;-19878.385;-29373.174
9.072693;23430000;2713;;;;;;;;;;;;;;
9.075193;23432500;2719;;;;;;;;;;;;;;
9.077693;23435000;2728;;;;;;;;;;;;;;
9.080193;23437500;2703;;;;;;;;;;;;;;
9.082693;23440000;2685;;;;;;;;;;;;;;
9.085193;23442500;2669;;;;;;;;;;;;;;
9.087693;23445000;2665;;;;;;;;;;;;;;
9.090193;23447500;2670;;;;;;;;;;;;;;
9.092693;23450000;2684;;;;;;;;;;;;;;
9.095193;23452500;2699;;;;;;;;;;;;;;
9.097693;23455000;2698;;;;;;;;;;;;;;
9.100193;23457500;2682;;;;;;;;;;;;;;
9.102693;23460000;2655;;;;;;;;;;;;;;
9.105193;23462500;2649;;;;;;;;23463430;6.968;819.829;336.081;-26721.904;-19391.965;-29343.453
9.107693;23465000;2638;23463857;407.044;690.867;445.92;-20166.037;8303.945;-4245.205;;;;;;;
9.110193;23467500;2648;;;;;;;;;;;;;;
9.112693;23470000;2664;;;;;;;;;;;;;;
9.115193;23472500;2671;;;;;;;;;;;;;;
9.117693;23475000;2669;;;;;;;;;;;;;;
9.120193;23477500;2656;;;;;;;;;;;;;;
9.122693;23480000;2637;;;;;;;;;;;;;;
9.125193;23482500;2620;;;;;;;;;;;;;;
9.127693;23485000;2617;;;;;;;;;;;;;;
9.130193;23487500;2619;;;;;;;;;;;;;;
9.132693;23490000;2634;;;;;;;;;;;;;;
9.135193;23492500;2647;;;;;;;;;;;;;;
9.137693;23495000;2648;;;;;;;;;;;;;;
9.140193;23497500;2631;23497370;401.039;689.471;459.724;-19260.109;8023.498;-4292.382;23496931;-4.678;812.04;350.485;-25651.371;-19042.305;-29015.529
9.142693;23500000;2606;;;;;;;;;;;;;;
9.145193;23502500;2598;;;;;;;;;;;;;;
9.147693;23505000;2587;;;;;;;;;;;;;;
9.150193;23507500;2588;;;;;;;;;;;;;;
9.152693;23510000;2603;;;;;;;;;;;;;;
9.155193;23512500;2616;;;;;;;;;;;;;;
9.157693;23515000;2614;;;;;;;;;;;;;;
9.160193;23517500;2602;;;;;;;;;;;;;;
9.162693;23520000;2583;;;;;;;;;;;;;;
9.165193;23522500;2557;;;;;;;;;;;;;;
9.167693;23525000;2555;;;;;;;;;;;;;;
9.170193;23527500;2558;;;;;;;;;;;;;;
9.172693;23530000;2584;23529305;394.688;687.322;470.891;-18391.604;7607.011;-4377.013;23528883;-16.577;804.847;365.156;-24759.928;-18809.439;-28432.314
9.175193;23532500;2589;;;;;;;;;;;;;;
9.177693;23535000;2590;;;;;;;;;;;;;;
9.180193;23537500;2583;;;;;;;;;;;;;;
9.182693;23540000;2558;;;;;;;;;;;;;;
9.185193;23542500;2539;;;;;;;;;;;;;;
9.187693;23545000;2539;;;;;;;;;;;;;;
9.190193;23547500;2551;;;;;;;;;;;;;;
9.192693;23550000;2567;;;;;;;;;;;;;;
9.195193;23552500;2574;;;;;;;;;;;;;;
9.197693;23555000;2575;;;;;;;;;;;;;;
9.200193;23557500;2569;;;;;;;;;;;;;;
9.202693;23560000;2542;;;;;;;;;;;;;;
9.205193;23562500;2525;23563000;390.527;685.658;480.726;-17619.898;7337.348;-4270.6;23562557;-26.697;800.211;376.484;-23893.369;-18348.029;-27609.637
9.207693;23565000;2523;;;;;;;;;;;;;;
9.210193;23567500;2527;;;;;;;;;;;;;;
9.212693;23570000;2540;;;;;;;;;;;;;;
9.215193;23572500;2557;;;;;;;;;;;;;;
9.217693;23575000;2557;;;;;;;;;;;;;;
9.220193;23577500;2550;;;;;;;;;;;;;;
9.222693;23580000;2526;;;;;;;;;;;;;;
9.225193;23582500;2509;;;;;;;;;;;;;;
9.227693;23585000;2509;;;;;;;;;;;;;;
9.230193;23587500;2520;;;;;;;;;;;;;;
9.232693;23590000;2535;;;;;;;;;;;;;;
9.235193;23592500;2552;;;;;;;;;;;;;;
9.237693;23595000;2553;;;;;;;;;;;;;;
9.240193;23597500;2540;;;;;;;;;;;;;;
9.242693;23600000;2524;;;;;;;;;;;;;;
9.245193;23602500;2507;;;;;;;;;;;;;;
9.247693;23605000;2504;;;;;;;;23606132;-37.636;795.781;389.135;-23076.701;-17736.002;-27089.279
9.250193;23607500;2508;23606554;385.287;683.101;490.899;-16917.84;7022.105;-3944.633;;;;;;;
9.252693;23610000;2527;;;;;;;;;;;;;;
9.255193;23612500;2540;;;;;;;;;;;;;;
9.257693;23615000;2542;;;;;;;;;;;;;;
9.260193;23617500;2535;;;;;;;;;;;;;;
9.262693;23620000;2511;;;;;;;;;;;;;;
9.265193;23622500;2492;;;;;;;;;;;;;;
9.267693;23625000;2491;;;;;;;;;;;;;;
9.270193;23627500;2503;;;;;;;;;;;;;;
9.272693;23630000;2510;;;;;;;;;;;;;;
9.275193;23632500;2525;23632003;379.375;681.727;501.209;-15926.26;6687.625;-3987.588;23631564;-47.612;789.53;401.917;-21981.49;-17267.014;-26571.752
9.277693;23635000;2525;;;;;;;;;;;;;;
9.280193;23637500;2520;;;;;;;;;;;;;;
9.282693;23640000;2495;;;;;;;;;;;;;;
9.285193;23642500;2479;;;;;;;;;;;;;;
9.287693;23645000;2476;;;;;;;;;;;;;;
9.290193;23647500;2489;;;;;;;;;;;;;;
9.292693;23650000;2504;;;;;;;;;;;;;;
9.295193;23652500;2519;;;;;;;;;;;;;;
9.297693;23655000;2521;;;;;;;;;;;;;;
9.300193;23657500;2507;;;;;;;;;;;;;;
9.302693;23660000;2489;;;;;;;;;;;;;;
9.305193;23662500;2473;;;;;;;;;;;;;;
9.307693;23665000;2463;;;;;;;;;;;;;;
9.310193;23667500;2475;;;;;;;;;;;;;;
9.312693;23670000;2492;;;;;;;;;;;;;;
9.315193;23672500;2507;;;;;;;;23673481;-57.237;787.081;414.34;-20958.979;-16765.475;-25936.602
9.317693;23675000;2506;23673908;374.686;680.453;512.102;-15101.946;6485.806;-3905.459;;;;;;;
9.320193;23677500;2495;;;;;;;;;;;;;;
9.322693;23680000;2476;;;;;;;;;;;;;;
9.325193;23682500;2460;;;;;;;;;;;;;;
9.327693;23685000;2457;;;;;;;;;;;;;;
9.330193;23687500;2463;;;;;;;;;;;;;;
9.332693;23690000;2478;;;;;;;;;;;;;;
9.335193;23692500;2493;;;;;;;;;;;;;;
9.337693;23695000;2494;;;;;;;;;;;;;;
9.340193;23697500;2487;;;;;;;;;;;;;;
9.342693;23700000;2461;;;;;;;;;;;;;;
9.345193;23702500;2447;;;;;;;;;;;;;;
9.347693;23705000;2443;;;;;;;;;;;;;;
9.350193;23707500;2447;23707595;371.544;679.992;522.896;-14311.411;6369.765;-3677.374;23707155;-66.904;786.248;425.746;-20110.529;-16306.95;-25601.834
9.352693;23710000;2462;;;;;;;;;;;;;;
9.355193;23712500;2476;;;;;;;;;;;;;;
9.357693;23715000;2477;;;;;;;;;;;;;;
9.360193;23717500;2472;;;;;;;;;;;;;;
9.362693;23720000;2454;;;;;;;;;;;;;;
9.365193;23722500;2440;;;;;;;;;;;;;;
9.367693;23725000;2428;;;;;;;;;;;;;;
9.370193;23727500;2439;;;;;;;;;;;;;;
9.372693;23730000;2455;;;;;;;;;;;;;;
9.375193;23732500;2462;;;;;;;;;;;;;;
9.377693;23735000;2462;23734667;368.058;678.987;532.326;-13555.591;6227.152;-3575.755;23734244;-75.979;784.963;437.197;-19729.314;-15929.103;-25467.117
9.380193;23737500;2461;;;;;;;;;;;;;;
9.382693;23740000;2439;;;;;;;;;;;;;;
9.385193;23742500;2415;;;;;;;;;;;;;;
9.387693;23745000;2411;;;;;;;;;;;;;;
9.390193;23747500;2424;;;;;;;;;;;;;;
9.392693;23750000;2439;;;;;;;;;;;;;;
9.395193;23752500;2447;;;;;;;;;;;;;;
9.397693;23755000;2455;;;;;;;;;;;;;;
9.400193;23757500;2442;;;;;;;;;;;;;;
9.402693;23760000;2423;;;;;;;;;;;;;;
9.405193;23762500;2397;;;;;;;;;;;;;;
9.407693;23765000;2396;;;;;;;;;;;;;;
9.410193;23767500;2397;;;;;;;;;;;;;;
9.412693;23770000;2412;;;;;;;;;;;;;;
9.415193;23772500;2427;23773314;361.934;679.826;540.028;-12249.124;6261.856;-3654.217;23772869;-86.332;777.88;449.687;-19485.285;-15613.897;-25262.574
9.417693;23775000;2426;;;;;;;;;;;;;;
9.420193;23777500;2412;;;;;;;;;;;;;;
9.422693;23780000;2395;;;;;;;;;;;;;;
9.425193;23782500;2376;;;;;;;;;;;;;;
9.427693;23785000;2365;;;;;;;;;;;;;;
9.430193;23787500;2376;;;;;;;;;;;;;;
9.432693;23790000;2392;;;;;;;;;;;;;;
9.435193;23792500;2395;;;;;;;;;;;;;;
9.437693;23795000;2396;;;;;;;;;;;;;;
9.440193;23797500;2382;;;;;;;;;;;;;;
9.442693;23800000;2362;;;;;;;;;;;;;;
9.445193;23802500;2335;;;;;;;;;;;;;;
9.447693;23805000;2333;;;;;;;;;;;;;;
9.450193;23807500;2343;;;;;;;;;;;;;;
9.452693;23810000;2349;;;;;;;;;;;;;;
9.455193;23812500;2363;;;;;;;;;;;;;;
9.457693;23815000;2365;;;;;;;;;;;;;;
9.460193;23817500;2348;23818501;358.502;680.203;546.9;-11235.043;6114.139;-3669.694;23818079;-97.271;772.646;460.966;-19014.584;-15383.14;-25153.133
9.462693;23820000;2328;;;;;;;;;;;;;;
9.465193;23822500;2302;;;;;;;;;;;;;;
9.467693;23825000;2299;;;;;;;;;;;;;;
9.470193;23827500;2301;;;;;;;;;;;;;;
9.472693;23830000;2317;;;;;;;;;;;;;;
9.475193;23832500;2330;;;;;;;;;;;;;;
9.477693;23835000;2329;;;;;;;;;;;;;;
9.480193;23837500;2316;;;;;;;;;;;;;;
9.482693;23840000;2296;;;;;;;;;;;;;;
9.485193;23842500;2269;;;;;;;;;;;;;;
9.487693;23845000;2265;;;;;;;;;;;;;;
9.490193;23847500;2270;;;;;;;;;;;;;;
9.492693;23850000;2284;;;;;;;;;;;;;;
9.495193;23852500;2297;;;;;;;;;;;;;;
9.497693;23855000;2297;;;;;;;;;;;;;;
9.500193;23857500;2283;;;;;;;;;;;;;;
9.502693;23860000;2256;;;;;;;;;;;;;;
9.505193;23862500;2239;23862092;353.271;679.883;552.635;-10248.916;6015.807;-3721.584;23861652;-107.029;765.965;472.26;-18702.605;-14892.232;-24945.039
9.507693;23865000;2234;;;;;;;;;;;;;;
9.510193;23867500;2236;;;;;;;;;;;;;;
9.512693;23870000;2251;;;;;;;;;;;;;;
9.515193;23872500;2267;;;;;;;;;;;;;;
9.517693;23875000;2265;;;;;;;;;;;;;;
9.520193;23877500;2249;;;;;;;;;;;;;;
9.522693;23880000;2223;;;;;;;;;;;;;;
9.525193;23882500;2204;;;;;;;;;;;;;;
9.527693;23885000;2190;;;;;;;;;;;;;;
9.530193;23887500;2202;;;;;;;;;;;;;;
9.532693;23890000;2208;;;;;;;;;;;;;;
9.535193;23892500;2221;;;;;;;;;;;;;;
9.537693;23895000;2221;23895843;348.686;679.402;559.267;-9399.157;5952.141;-3637.88;23895415;-116.123;755.709;483.271;-18309.1;-14223.309;-24562.725
9.540193;23897500;2205;;;;;;;;;;;;;;
9.542693;23900000;2185;;;;;;;;;;;;;;
9.545193;23902500;2158;;;;;;;;;;;;;;
9.547693;23905000;2155;;;;;;;;;;;;;;
9.550193;23907500;2158;;;;;;;;;;;;;;
9.552693;23910000;2170;;;;;;;;;;;;;;
9.555193;23912500;2184;;;;;;;;;;;;;;
9.557693;23915000;2175;;;;;;;;;;;;;;
9.560193;23917500;2166;;;;;;;;;;;;;;
9.562693;23920000;2137;;;;;;;;;;;;;;
9.565193;23922500;2120;;;;;;;;;;;;;;
9.567693;23925000;2106;;;;;;;;;;;;;;
9.570193;23927500;2109;23927894;342.817;679.153;565.128;-8640.012;5786.659;-3545.673;23927454;-125.384;746.374;494.243;-17677.582;-13622.393;-23937.463
9.572693;23930000;2123;;;;;;;;;;;;;;
9.575193;23932500;2128;;;;;;;;;;;;;;
9.577693;23935000;2120;;;;;;;;;;;;;;
9.580193;23937500;2122;;;;;;;;;;;;;;
9.582693;23940000;2093;;;;;;;;;;;;;;
9.585193;23942500;2074;;;;;;;;;;;;;;
9.587693;23945000;2062;;;;;;;;;;;;;;
9.590193;23947500;2063;;;;;;;;;;;;;;
9.592693;23950000;2088;;;;;;;;;;;;;;
9.595193;23952500;2093;;;;;;;;;;;;;;
9.597693;23955000;2092;;;;;;;;;;;;;;
9.600193;23957500;2078;;;;;;;;;;;;;;
9.602693;23960000;2058;;;;;;;;23961128;-133.76;736.231;505.558;-16868.078;-12924.21;-23081.402
9.605193;23962500;2030;23961551;338.279;678.647;570.806;-7894.323;5507.826;-3517.139;;;;;;;
9.607693;23965000;2026;;;;;;;;;;;;;;
9.610193;23967500;2029;;;;;;;;;;;;;;
9.612693;23970000;2042;;;;;;;;;;;;;;
9.615193;23972500;2057;;;;;;;;;;;;;;
9.617693;23975000;2057;;;;;;;;;;;;;;
9.620193;23977500;2043;;;;;;;;;;;;;;
9.622693;23980000;2014;;;;;;;;;;;;;;
9.625193;23982500;1996;;;;;;;;;;;;;;
9.627693;23985000;1992;;;;;;;;;;;;;;
9.630193;23987500;1994;;;;;;;;;;;;;;
9.632693;23990000;2010;;;;;;;;;;;;;;
9.635193;23992500;2025;;;;;;;;;;;;;;
9.637693;23995000;2024;23995248;334.547;678.814;576.975;-7367.044;5303.31;-3260.345;23994803;-141.767;728.729;515.849;-15979.174;-12009.812;-21898.02
9.640193;23997500;2013;;;;;;;;;;;;;;
9.642693;24000000;1992;;;;;;;;;;;;;;
9.645193;24002500;1976;;;;;;;;;;;;;;
9.647693;24005000;1966;;;;;;;;;;;;;;
9.650193;24007500;1977;;;;;;;;;;;;;;
9.652693;24010000;1983;;;;;;;;;;;;;;
9.655193;24012500;1994;;;;;;;;;;;;;;
9.657693;24015000;1996;;;;;;;;;;;;;;
9.660193;24017500;1981;;;;;;;;;;;;;;
9.662693;24020000;1966;;;;;;;;;;;;;;
9.665193;24022500;1944;;;;;;;;;;;;;;
9.667693;24025000;1934;;;;;;;;;;;;;;
9.670193;24027500;1945;;;;;;;;;;;;;;
9.672693;24030000;1960;24030557;330.416;678.558;582.933;-7054.254;5094.582;-2889.953;24030134;-150.24;721.756;524.424;-15177.152;-11079.884;-20466.244
9.675193;24032500;1967;;;;;;;;;;;;;;
9.677693;24035000;1974;;;;;;;;;;;;;;
9.680193;24037500;1959;;;;;;;;;;;;;;
9.682693;24040000;1933;;;;;;;;;;;;;;
9.685193;24042500;1916;;;;;;;;;;;;;;
9.687693;24045000;1914;;;;;;;;;;;;;;
9.690193;24047500;1914;;;;;;;;;;;;;;
9.692693;24050000;1933;;;;;;;;;;;;;;
9.695193;24052500;1947;;;;;;;;;;;;;;
9.697693;24055000;1946;;;;;;;;;;;;;;
9.700193;24057500;1931;;;;;;;;;;;;;;
9.702693;24060000;1914;;;;;;;;;;;;;;
9.705193;24062500;1897;;;;;;;;;;;;;;
9.707693;24065000;1885;;;;;;;;;;;;;;
9.710193;24067500;1895;;;;;;;;;;;;;;
9.712693;24070000;1903;;;;;;;;;;;;;;
9.715193;24072500;1919;24072492;326.663;678.32;588.587;-6785.979;4829.353;-2556.893;24072052;-157.575;715.552;533.412;-14242.857;-10217.015;-18929.744
9.717693;24075000;1929;;;;;;;;;;;;;;
9.720193;24077500;1917;;;;;;;;;;;;;;
9.722693;24080000;1897;;;;;;;;;;;;;;
9.725193;24082500;1872;;;;;;;;;;;;;;
9.727693;24085000;1870;;;;;;;;;;;;;;
9.730193;24087500;1881;;;;;;;;;;;;;;
9.732693;24090000;1895;;;;;;;;;;;;;;
9.735193;24092500;1912;;;;;;;;;;;;;;
9.737693;24095000;1914;;;;;;;;;;;;;;
9.740193;24097500;1901;;;;;;;;;;;;;;
9.742693;24100000;1882;;;;;;;;;;;;;;
9.745193;24102500;1867;;;;;;;;;;;;;;
9.747693;24105000;1864;24106154;323.872;678.204;594.135;-6557.805;4549.822;-2158.673;24105727;-164.202;709.799;541.792;-13225.777;-9304.539;-17202.318
9.750193;24107500;1867;;;;;;;;;;;;;;
9.752693;24110000;1885;;;;;;;;;;;;;;
9.755193;24112500;1901;;;;;;;;;;;;;;
9.757693;24115000;1902;;;;;;;;;;;;;;
9.760193;24117500;1898;;;;;;;;;;;;;;
9.762693;24120000;1880;;;;;;;;;;;;;;
9.765193;24122500;1863;;;;;;;;;;;;;;
9.767693;24125000;1863;;;;;;;;;;;;;;
9.770193;24127500;1866;;;;;;;;;;;;;;
9.772693;24130000;1882;;;;;;;;;;;;;;
9.775193;24132500;1898;24133168;321.171;678.204;598.728;-6381.728;4285.581;-1768.114;24132729;-170.736;702.832;551.327;-12314.676;-8298.999;-15320.202
9.777693;24135000;1903;;;;;;;;;;;;;;
9.780193;24137500;1897;;;;;;;;;;;;;;
9.782693;24140000;1879;;;;;;;;;;;;;;
9.785193;24142500;1863;;;;;;;;;;;;;;
9.787693;24145000;1853;;;;;;;;;;;;;;
9.790193;24147500;1866;;;;;;;;;;;;;;
9.792693;24150000;1883;;;;;;;;;;;;;;
9.795193;24152500;1897;;;;;;;;;;;;;;
9.797693;24155000;1901;;;;;;;;;;;;;;
9.800193;24157500;1897;;;;;;;;;;;;;;
9.802693;24160000;1880;;;;;;;;;;;;;;
9.805193;24162500;1863;;;;;;;;;;;;;;
9.807693;24165000;1855;;;;;;;;;;;;;;
9.810193;24167500;1865;;;;;;;;;;;;;;
9.812693;24170000;1881;;;;;;;;;;;;;;
9.815193;24172500;1898;24171689;318.527;677.966;601.732;-6252.516;3905.49;-1311.333;24171266;-177.443;695.031;558.018;-11383.066;-7075.549;-13115.254
9.817693;24175000;1903;;;;;;;;;;;;;;
9.820193;24177500;1888;;;;;;;;;;;;;;
9.822693;24180000;1872;;;;;;;;;;;;;;
9.825193;24182500;1863;;;;;;;;;;;;;;
9.827693;24185000;1854;;;;;;;;;;;;;;
9.830193;24187500;1865;;;;;;;;;;;;;;
9.832693;24190000;1881;;;;;;;;;;;;;;
9.835193;24192500;1897;;;;;;;;;;;;;;
9.837693;24195000;1900;;;;;;;;;;;;;;
9.840193;24197500;1888;;;;;;;;;;;;;;
9.842693;24200000;1871;;;;;;;;;;;;;;
9.845193;24202500;1864;;;;;;;;;;;;;;
9.847693;24205000;1852;;;;;;;;;;;;;;
9.850193;24207500;1865;;;;;;;;;;;;;;
9.852693;24210000;1882;;;;;;;;;;;;;;
9.855193;24212500;1897;;;;;;;;;;;;;;
9.857693;24215000;1900;;;;;;;;;;;;;;
9.860193;24217500;1895;24216835;314.904;677.27;605.085;-6150.328;3675.215;-961.392;24216390;-182.564;687.681;564.436;-10407.476;-5726.896;-10345.929
9.862693;24220000;1870;;;;;;;;;;;;;;
9.865193;24222500;1853;;;;;;;;;;;;;;
9.867693;24225000;1850;;;;;;;;;;;;;;
9.870193;24227500;1862;;;;;;;;;;;;;;
9.872693;24230000;1872;;;;;;;;;;;;;;
9.875193;24232500;1897;;;;;;;;;;;;;;
9.877693;24235000;1896;;;;;;;;;;;;;;
9.880193;24237500;1884;;;;;;;;;;;;;;
9.882693;24240000;1869;;;;;;;;;;;;;;
9.885193;24242500;1851;;;;;;;;;;;;;;
9.887693;24245000;1840;;;;;;;;;;;;;;
9.890193;24247500;1851;;;;;;;;;;;;;;
9.892693;24250000;1869;;;;;;;;;;;;;;
9.895193;24252500;1881;;;;;;;;;;;;;;
9.897693;24255000;1884;;;;;;;;;;;;;;
9.900193;24257500;1880;;;;;;;;;;;;;;
9.902693;24260000;1852;24260220;312.804;676.438;608.912;-6175.311;3111.704;-603.135;24259790;-186.386;681.314;569.788;-9399.727;-4387.052;-7060.132
9.905193;24262500;1835;;;;;;;;;;;;;;
9.907693;24265000;1833;;;;;;;;;;;;;;
9.910193;24267500;1836;;;;;;;;;;;;;;
9.912693;24270000;1850;;;;;;;;;;;;;;
9.915193;24272500;1867;;;;;;;;;;;;;;
9.917693;24275000;1865;;;;;;;;;;;;;;
9.920193;24277500;1853;;;;;;;;;;;;;;
9.922693;24280000;1836;;;;;;;;;;;;;;
9.925193;24282500;1818;;;;;;;;;;;;;;
9.927693;24285000;1807;;;;;;;;;;;;;;
9.930193;24287500;1818;;;;;;;;;;;;;;
9.932693;24290000;1834;;;;;;;;;;;;;;
9.935193;24292500;1847;24293556;311.835;676.092;613.12;-5956.67;2713.744;-294.291;24293118;-188.438;674.954;574.19;-8224.053;-2921.262;-3420.188
9.937693;24295000;1848;;;;;;;;;;;;;;
9.940193;24297500;1836;;;;;;;;;;;;;;
9.942693;24300000;1816;;;;;;;;;;;;;;
9.945193;24302500;1799;;;;;;;;;;;;;;
9.947693;24305000;1785;;;;;;;;;;;;;;
9.950193;24307500;1789;;;;;;;;;;;;;;
9.952693;24310000;1804;;;;;;;;;;;;;;
9.955193;24312500;1818;;;;;;;;;;;;;;
9.957693;24315000;1816;;;;;;;;;;;;;;
9.960193;24317500;1804;;;;;;;;;;;;;;
9.962693;24320000;1784;;;;;;;;;;;;;;
9.965193;24322500;1757;;;;;;;;;;;;;;
9.967693;24325000;1753;24325240;309.498;676.704;617.899;-6105.962;2370.682;344.737;24324810;-190.258;668.339;577.987;-6846.85;-1338.886;653.322
9.970193;24327500;1754;;;;;;;;;;;;;;
9.972693;24330000;1767;;;;;;;;;;;;;;
9.975193;24332500;1774;;;;;;;;;;;;;;
9.977693;24335000;1783;;;;;;;;;;;;;;
9.980193;24337500;1767;;;;;;;;;;;;;;
9.982693;24340000;1739;;;;;;;;;;;;;;
9.985193;24342500;1722;;;;;;;;;;;;;;
9.987693;24345000;1707;;;;;;;;;;;;;;
9.990193;24347500;1710;;;;;;;;;;;;;;
9.992693;24350000;1725;;;;;;;;;;;;;;
9.995193;24352500;1736;;;;;;;;;;;;;;
9.997693;24355000;1737;;;;;;;;;;;;;;
10.000193;24357500;1722;24358314;305.552;676.297;620.048;-6353.664;1732.398;939.125;24357877;-191.835;668.57;580.924;-5067.32;-227.192;5254.656
10.002693;24360000;1695;;;;;;;;;;;;;;
10.005193;24362500;1677;;;;;;;;;;;;;;
10.007693;24365000;1672;;;;;;;;;;;;;;
10.010193;24367500;1676;;;;;;;;;;;;;;
10.012693;24370000;1689;;;;;;;;;;;;;;
10.015193;24372500;1703;;;;;;;;;;;;;;
10.017693;24375000;1694;;;;;;;;;;;;;;
10.020193;24377500;1689;;;;;;;;;;;;;;
10.022693;24380000;1663;;;;;;;;;;;;;;
10.025193;24382500;1645;;;;;;;;;;;;;;
10.027693;24385000;1639;;;;;;;;;;;;;;
10.030193;24387500;1644;;;;;;;;;;;;;;
10.032693;24390000;1661;;;;;;;;24390944;-186.257;667.423;585.007;-3967.829;888.855;10038.923
10.035193;24392500;1672;24391374;308.441;675.318;625.566;-6370.23;781.278;1639.856;;;;;;;
10.037693;24395000;1677;;;;;;;;;;;;;;
10.040193;24397500;1672;;;;;;;;;;;;;;
10.042693;24400000;1647;;;;;;;;;;;;;;
10.045193;24402500;1630;;;;;;;;;;;;;;
10.047693;24405000;1626;;;;;;;;;;;;;;
10.050193;24407500;1629;;;;;;;;;;;;;;
10.052693;24410000;1644;;;;;;;;;;;;;;
10.055193;24412500;1660;;;;;;;;;;;;;;
10.057693;24415000;1664;;;;;;;;;;;;;;
10.060193;24417500;1656;;;;;;;;;;;;;;
10.062693;24420000;1642;;;;;;;;;;;;;;
10.065193;24422500;1614;;;;;;;;;;;;;;
10.067693;24425000;1611;24424443;311.239;673.504;635.243;-6565.781;-217.661;2532.176;24424011;-179.451;670.31;584.353;-3623.312;2364.725;14837.289
10.070193;24427500;1623;;;;;;;;;;;;;;
10.072693;24430000;1641;;;;;;;;;;;;;;
10.075193;24432500;1656;;;;;;;;;;;;;;
10.077693;24435000;1659;;;;;;;;;;;;;;
10.080193;24437500;1645;;;;;;;;;;;;;;
10.082693;24440000;1628;;;;;;;;;;;;;;
10.085193;24442500;1613;;;;;;;;;;;;;;
10.087693;24445000;1610;;;;;;;;;;;;;;
10.090193;24447500;1616;;;;;;;;;;;;;;
10.092693;24450000;1630;;;;;;;;;;;;;;
10.095193;24452500;1648;;;;;;;;;;;;;;
10.097693;24455000;1657;;;;;;;;;;;;;;
10.100193;24457500;1646;24457685;311.366;673.562;639.032;-6320.617;-727.403;3202.254;24457250;-174.785;668.6;583.214;-2305.959;4027.989;19583.426
10.102693;24460000;1631;;;;;;;;;;;;;;
10.105193;24462500;1613;;;;;;;;;;;;;;
10.107693;24465000;1612;;;;;;;;;;;;;;
10.110193;24467500;1624;;;;;;;;;;;;;;
10.112693;24470000;1631;;;;;;;;;;;;;;
10.115193;24472500;1656;;;;;;;;;;;;;;
10.117693;24475000;1659;;;;;;;;;;;;;;
10.120193;24477500;1648;;;;;;;;;;;;;;
10.122693;24480000;1629;;;;;;;;;;;;;;
10.125193;24482500;1623;;;;;;;;;;;;;;
10.127693;24485000;1610;;;;;;;;;;;;;;
10.130193;24487500;1614;;;;;;;;;;;;;;
10.132693;24490000;1639;24489288;312.591;669.859;638.562;-6417.586;-1728.783;3471.329;24488856;-165.192;668.195;584.035;-936.786;4778.589;24517.504
10.135193;24492500;1656;;;;;;;;;;;;;;
10.137693;24495000;1655;;;;;;;;;;;;;;
10.140193;24497500;1647;;;;;;;;;;;;;;
10.142693;24500000;1630;;;;;;;;;;;;;;
10.145193;24502500;1624;;;;;;;;;;;;;;
10.147693;24505000;1614;;;;;;;;;;;;;;
10.150193;24507500;1625;;;;;;;;;;;;;;
10.152693;24510000;1628;;;;;;;;;;;;;;
10.155193;24512500;1659;;;;;;;;;;;;;;
10.157693;24515000;1670;;;;;;;;;;;;;;
10.160193;24517500;1660;;;;;;;;;;;;;;
10.162693;24520000;1646;;;;;;;;;;;;;;
10.165193;24522500;1632;24522527;313.981;664.67;643.027;-6154.02;-2722.969;4288.7;24522097;-152.138;677.925;578.361;805.366;6010.535;29144.941
10.167693;24525000;1629;;;;;;;;;;;;;;
10.170193;24527500;1642;;;;;;;;;;;;;;
10.172693;24530000;1659;;;;;;;;;;;;;;
10.175193;24532500;1676;;;;;;;;;;;;;;
10.177693;24535000;1691;;;;;;;;;;;;;;
10.180193;24537500;1689;;;;;;;;;;;;;;
10.182693;24540000;1673;;;;;;;;;;;;;;
10.185193;24542500;1658;;;;;;;;;;;;;;
10.187693;24545000;1658;;;;;;;;;;;;;;
10.190193;24547500;1671;;;;;;;;;;;;;;
10.192693;24550000;1689;;;;;;;;;;;;;;
10.195193;24552500;1717;;;;;;;;;;;;;;
10.197693;24555000;1722;;;;;;;;;;;;;;
10.200193;24557500;1711;;;;;;;;;;;;;;
10.202693;24560000;1704;;;;;;;;;;;;;;
10.205193;24562500;1691;;;;;;;;;;;;;;
10.207693;24565000;1688;24565594;311.421;658.435;645.804;-5015.506;-3665.258;4713.89;24565149;-140.968;684.496;577.088;2393.473;6976.57;33736.133
10.210193;24567500;1705;;;;;;;;;;;;;;
10.212693;24570000;1721;;;;;;;;;;;;;;
10.215193;24572500;1739;;;;;;;;;;;;;;
10.217693;24575000;1751;;;;;;;;;;;;;;
10.220193;24577500;1741;;;;;;;;;;;;;;
10.222693;24580000;1724;;;;;;;;;;;;;;
10.225193;24582500;1718;;;;;;;;;;;;;;
10.227693;24585000;1709;;;;;;;;;;;;;;
10.230193;24587500;1721;;;;;;;;;;;;;;
10.232693;24590000;1739;;;;;;;;;;;;;;
10.235193;24592500;1759;;;;;;;;;;;;;;
10.237693;24595000;1770;;;;;;;;;;;;;;
10.240193;24597500;1760;;;;;;;;24598391;-122.208;695.649;574.903;3869.362;7827.804;38137.578
10.242693;24600000;1753;24598814;316.346;655.593;645.1;-3707.293;-4461.995;4737.196;;;;;;;
10.245193;24602500;1738;;;;;;;;;;;;;;
10.247693;24605000;1735;;;;;;;;;;;;;;
10.250193;24607500;1741;;;;;;;;;;;;;;
10.252693;24610000;1767;;;;;;;;;;;;;;
10.255193;24612500;1786;;;;;;;;;;;;;;
10.257693;24615000;1799;;;;;;;;;;;;;;
10.260193;24617500;1798;;;;;;;;;;;;;;
10.262693;24620000;1773;;;;;;;;;;;;;;
10.265193;24622500;1768;;;;;;;;;;;;;;
10.267693;24625000;1768;;;;;;;;;;;;;;
10.270193;24627500;1772;;;;;;;;24628339;-102.245;705.909;573.974;5338.394;9461.164;41727.012
10.272693;24630000;1789;24628784;321.293;653.825;644.754;-2131.991;-5128.333;5173.211;;;;;;;
10.275193;24632500;1819;;;;;;;;;;;;;;
10.277693;24635000;1832;;;;;;;;;;;;;;
10.280193;24637500;1822;;;;;;;;;;;;;;
10.282693;24640000;1807;;;;;;;;;;;;;;
10.285193;24642500;1800;;;;;;;;;;;;;;
10.287693;24645000;1791;;;;;;;;;;;;;;
10.290193;24647500;1802;;;;;;;;;;;;;;
10.292693;24650000;1822;;;;;;;;;;;;;;
10.295193;24652500;1848;;;;;;;;;;;;;;
10.297693;24655000;1855;;;;;;;;;;;;;;
10.300193;24657500;1854;;;;;;;;;;;;;;
10.302693;24660000;1838;;;;;;;;;;;;;;
10.305193;24662500;1832;;;;;;;;;;;;;;
10.307693;24665000;1823;24665294;326.426;655.794;644.401;-553.641;-6049.667;5684.113;24664872;-84.914;708.671;570.474;5874.286;10374.98;45109.41
10.310193;24667500;1836;;;;;;;;;;;;;;
10.312693;24670000;1853;;;;;;;;;;;;;;
10.315193;24672500;1879;;;;;;;;;;;;;;
10.317693;24675000;1896;;;;;;;;;;;;;;
10.320193;24677500;1883;;;;;;;;;;;;;;
10.322693;24680000;1869;;;;;;;;;;;;;;
10.325193;24682500;1852;;;;;;;;;;;;;;
10.327693;24685000;1852;;;;;;;;;;;;;;
10.330193;24687500;1864;;;;;;;;;;;;;;
10.332693;24690000;1884;;;;;;;;;;;;;;
10.335193;24692500;1903;;;;;;;;;;;;;;
10.337693;24695000;1914;;;;;;;;;;;;;;
10.340193;24697500;1914;24698471;332.175;652.059;644.456;598.853;-6402.121;6064.032;24698026;-62.472;719.256;565.551;6487.509;11226.481;47966.125
10.342693;24700000;1898;;;;;;;;;;;;;;
10.345193;24702500;1866;;;;;;;;;;;;;;
10.347693;24705000;1866;;;;;;;;;;;;;;
10.350193;24707500;1881;;;;;;;;;;;;;;
10.352693;24710000;1899;;;;;;;;;;;;;;
10.355193;24712500;1917;;;;;;;;;;;;;;
10.357693;24715000;1932;;;;;;;;;;;;;;
10.360193;24717500;1920;;;;;;;;;;;;;;
10.362693;24720000;1901;;;;;;;;;;;;;;
10.365193;24722500;1886;;;;;;;;;;;;;;
10.367693;24725000;1880;;;;;;;;;;;;;;
10.370193;24727500;1886;;;;;;;;;;;;;;
10.372693;24730000;1903;24729879;338.227;649.132;643.862;1957.098;-6724.265;6427.581;24729457;-40.536;728.262;560.399;7202.196;11836.782;49946.316
10.375193;24732500;1919;;;;;;;;;;;;;;
10.377693;24735000;1932;;;;;;;;;;;;;;
10.380193;24737500;1929;;;;;;;;;;;;;;
10.382693;24740000;1913;;;;;;;;;;;;;;
10.385193;24742500;1898;;;;;;;;;;;;;;
10.387693;24745000;1887;;;;;;;;;;;;;;
10.390193;24747500;1899;;;;;;;;;;;;;;
10.392693;24750000;1918;;;;;;;;;;;;;;
10.395193;24752500;1936;;;;;;;;;;;;;;
10.397693;24755000;1961;;;;;;;;;;;;;;
10.400193;24757500;1950;;;;;;;;;;;;;;
10.402693;24760000;1943;;;;;;;;;;;;;;
10.405193;24762500;1930;24763050;345.527;648.274;640.784;3263.181;-7185.176;6756.327;24762611;-19.154;738.466;557.968;7674.211;11914.756;51336.625
10.407693;24765000;1928;;;;;;;;;;;;;;
10.410193;24767500;1932;;;;;;;;;;;;;;
10.412693;24770000;1952;;;;;;;;;;;;;;
10.415193;24772500;1979;;;;;;;;;;;;;;
10.417693;24775000;1992;;;;;;;;;;;;;;
10.420193;24777500;1991;;;;;;;;;;;;;;
10.422693;24780000;1976;;;;;;;;;;;;;;
10.425193;24782500;1960;;;;;;;;;;;;;;
10.427693;24785000;1961;;;;;;;;;;;;;;
10.430193;24787500;1966;;;;;;;;;;;;;;
10.432693;24790000;1983;;;;;;;;;;;;;;
10.435193;24792500;2011;;;;;;;;;;;;;;
10.437693;24795000;2025;;;;;;;;;;;;;;
10.440193;24797500;2023;;;;;;;;;;;;;;
10.442693;24800000;2009;;;;;;;;;;;;;;
10.445193;24802500;1993;;;;;;;;;;;;;;
10.447693;24805000;1983;24806092;353.206;648.373;637.061;4888.084;-7245.48;7073.448;24805665;3.3;746.194;554.702;7717.501;12364.643;51847.605
10.450193;24807500;1994;;;;;;;;;;;;;;
10.452693;24810000;2012;;;;;;;;;;;;;;
10.455193;24812500;2031;;;;;;;;;;;;;;
10.457693;24815000;2044;;;;;;;;;;;;;;
10.460193;24817500;2044;;;;;;;;;;;;;;
10.462693;24820000;2027;;;;;;;;;;;;;;
10.465193;24822500;2010;;;;;;;;;;;;;;
10.467693;24825000;2008;;;;;;;;;;;;;;
10.470193;24827500;2012;;;;;;;;;;;;;;
10.472693;24830000;2029;24830842;358.311;647.363;632.731;6244.055;-7215.269;7235.588;24830402;24.937;759.759;549.347;7441.001;12861.598;52135.285
10.475193;24832500;2056;;;;;;;;;;;;;;
10.477693;24835000;2062;;;;;;;;;;;;;;
10.480193;24837500;2061;;;;;;;;;;;;;;
10.482693;24840000;2044;;;;;;;;;;;;;;
10.485193;24842500;2038;;;;;;;;;;;;;;
10.487693;24845000;2027;;;;;;;;;;;;;;
10.490193;24847500;2039;;;;;;;;;;;;;;
10.492693;24850000;2060;;;;;;;;;;;;;;
10.495193;24852500;2087;;;;;;;;;;;;;;
10.497693;24855000;2094;;;;;;;;;;;;;;
10.500193;24857500;2102;;;;;;;;;;;;;;
10.502693;24860000;2078;;;;;;;;;;;;;;
10.505193;24862500;2087;;;;;;;;;;;;;;
10.507693;24865000;2079;;;;;;;;;;;;;;
10.510193;24867500;2104;;;;;;;;;;;;;;
10.512693;24870000;2125;;;;;;;;;;;;;;
10.515193;24872500;2158;24872134;364.801;648.185;628.984;7506.852;-7107.817;7112.684;24871712;43.875;763.598;547.305;7345.013;12804.33;51817.957
10.517693;24875000;2182;;;;;;;;;;;;;;
10.520193;24877500;2183;;;;;;;;;;;;;;
10.522693;24880000;2173;;;;;;;;;;;;;;
10.525193;24882500;2159;;;;;;;;;;;;;;
10.527693;24885000;2171;;;;;;;;;;;;;;
10.530193;24887500;2185;;;;;;;;;;;;;;
10.532693;24890000;2214;;;;;;;;;;;;;;
10.535193;24892500;2237;;;;;;;;;;;;;;
10.537693;24895000;2251;;;;;;;;;;;;;;
10.540193;24897500;2255;;;;;;;;;;;;;;
10.542693;24900000;2248;;;;;;;;;;;;;;
10.545193;24902500;2238;;;;;;;;;;;;;;
10.547693;24905000;2235;24905224;372.919;652.73;625.753;9133.072;-7046.426;7058.924;24904779;64.599;771.583;545.383;7708.387;12826.488;50893.496
10.550193;24907500;2250;;;;;;;;;;;;;;
10.552693;24910000;2271;;;;;;;;;;;;;;
10.555193;24912500;2297;;;;;;;;;;;;;;
10.557693;24915000;2312;;;;;;;;;;;;;;
10.560193;24917500;2312;;;;;;;;;;;;;;
10.562693;24920000;2298;;;;;;;;;;;;;;
10.565193;24922500;2283;;;;;;;;;;;;;;
10.567693;24925000;2281;;;;;;;;;;;;;;
10.570193;24927500;2286;;;;;;;;;;;;;;
10.572693;24930000;2313;;;;;;;;;;;;;;
10.575193;24932500;2333;24931682;380.479;659.042;623.404;9640.669;-6673.98;6880.103;24931260;84.024;779.224;544.88;7266.093;12941.602;49729.57
10.577693;24935000;2345;;;;;;;;;;;;;;
10.580193;24937500;2344;;;;;;;;;;;;;;
10.582693;24940000;2329;;;;;;;;;;;;;;
10.585193;24942500;2313;;;;;;;;;;;;;;
10.587693;24945000;2300;;;;;;;;;;;;;;
10.590193;24947500;2313;;;;;;;;;;;;;;
10.592693;24950000;2331;;;;;;;;;;;;;;
10.595193;24952500;2350;;;;;;;;;;;;;;
10.597693;24955000;2363;;;;;;;;;;;;;;
10.600193;24957500;2363;;;;;;;;;;;;;;
10.602693;24960000;2346;;;;;;;;;;;;;;
10.605193;24962500;2329;;;;;;;;;;;;;;
10.607693;24965000;2315;;;;;;;;;;;;;;
10.610193;24967500;2328;;;;;;;;;;;;;;
10.612693;24970000;2345;24969723;385.8;658.621;617.335;9604.011;-6228.718;6560.598;24969277;101.008;791.515;541.451;5458.163;12832.209;47949.215
10.615193;24972500;2364;;;;;;;;;;;;;;
10.617693;24975000;2377;;;;;;;;;;;;;;
10.620193;24977500;2362;;;;;;;;;;;;;;
10.622693;24980000;2350;;;;;;;;;;;;;;
10.625193;24982500;2332;;;;;;;;;;;;;;
10.627693;24985000;2326;;;;;;;;;;;;;;
10.630193;24987500;2331;;;;;;;;;;;;;;
10.632693;24990000;2345;;;;;;;;;;;;;;
10.635193;24992500;2366;;;;;;;;;;;;;;
10.637693;24995000;2376;;;;;;;;;;;;;;
10.640193;24997500;2366;;;;;;;;;;;;;;
10.642693;25000000;2350;;;;;;;;;;;;;;
10.645193;25002500;2331;25002858;392.636;665.718;613.796;8580.873;-5856.47;6264.505;25002430;117.509;795.902;543.786;2919.442;13155.286;45677.316
10.647693;25005000;2327;;;;;;;;;;;;;;
10.650193;25007500;2329;;;;;;;;;;;;;;
10.652693;25010000;2346;;;;;;;;;;;;;;
10.655193;25012500;2365;;;;;;;;;;;;;;
10.657693;25015000;2376;;;;;;;;;;;;;;
10.660193;25017500;2364;;;;;;;;;;;;;;
10.662693;25020000;2345;;;;;;;;;;;;;;
10.665193;25022500;2329;;;;;;;;;;;;;;
10.667693;25025000;2316;;;;;;;;;;;;;;
10.670193;25027500;2318;;;;;;;;;;;;;;
10.672693;25030000;2335;;;;;;;;;;;;;;
10.675193;25032500;2348;25032731;399.1;672.125;610.02;8066.079;-5517.708;5911.467;25032291;132.404;796.312;546.316;-1004.342;13876.084;43405.699
10.677693;25035000;2360;;;;;;;;;;;;;;
10.680193;25037500;2361;;;;;;;;;;;;;;
10.682693;25040000;2332;;;;;;;;;;;;;;
10.685193;25042500;2313;;;;;;;;;;;;;;
10.687693;25045000;2302;;;;;;;;;;;;;;
10.690193;25047500;2301;;;;;;;;;;;;;;
10.692693;25050000;2318;;;;;;;;;;;;;;
10.695193;25052500;2334;;;;;;;;;;;;;;
10.697693;25055000;2345;;;;;;;;;;;;;;
10.700193;25057500;2332;;;;;;;;;;;;;;
10.702693;25060000;2317;;;;;;;;;;;;;;
10.705193;25062500;2297;;;;;;;;;;;;;;
10.707693;25065000;2283;;;;;;;;;;;;;;
10.710193;25067500;2283;;;;;;;;;;;;;;
10.712693;25070000;2298;25069247;403.588;675.527;606.609;7190.712;-5170.073;5283.832;25068825;144.596;789.833;551.202;-5314.688;14540.717;41627.414
10.715193;25072500;2315;;;;;;;;;;;;;;
10.717693;25075000;2327;;;;;;;;;;;;;;
10.720193;25077500;2317;;;;;;;;;;;;;;
10.722693;25080000;2297;;;;;;;;;;;;;;
10.725193;25082500;2279;;;;;;;;;;;;;;
10.727693;25085000;2265;;;;;;;;;;;;;;
10.730193;25087500;2265;;;;;;;;;;;;;;
10.732693;25090000;2282;;;;;;;;;;;;;;
10.735193;25092500;2297;;;;;;;;;;;;;;
10.737693;25095000;2299;;;;;;;;;;;;;;
10.740193;25097500;2296;;;;;;;;;;;;;;
10.742693;25100000;2269;;;;;;;;;;;;;;
10.745193;25102500;2252;;;;;;;;;;;;;;
10.747693;25105000;2237;;;;;;;;;;;;;;
10.750193;25107500;2236;;;;;;;;;;;;;;
10.752693;25110000;2251;;;;;;;;;;;;;;
10.755193;25112500;2267;25112411;408.046;677.473;602.917;5691.927;-4615.819;4683.64;25111965;153.635;786.679;555.563;-9550.391;15102.556;39813.355
10.757693;25115000;2271;;;;;;;;;;;;;;
10.760193;25117500;2266;;;;;;;;;;;;;;
10.762693;25120000;2236;;;;;;;;;;;;;;
10.765193;25122500;2221;;;;;;;;;;;;;;
10.767693;25125000;2216;;;;;;;;;;;;;;
10.770193;25127500;2216;;;;;;;;;;;;;;
10.772693;25130000;2231;;;;;;;;;;;;;;
10.775193;25132500;2238;;;;;;;;;;;;;;
10.777693;25135000;2249;;;;;;;;;;;;;;
10.780193;25137500;2238;;;;;;;;;;;;;;
10.782693;25140000;2216;;;;;;;;;;;;;;
10.785193;25142500;2189;;;;;;;;;;;;;;
10.787693;25145000;2172;;;;;;;;;;;;;;
10.790193;25147500;2175;;;;;;;;;;;;;;
10.792693;25150000;2190;;;;;;;;;;;;;;
10.795193;25152500;2215;;;;;;;;;;;;;;
10.797693;25155000;2217;25155535;410.885;680.815;598.922;4442.206;-4493.528;4082.833;25155105;163.332;770.866;559.267;-14084.434;15390.428;38057.625
10.800193;25157500;2207;;;;;;;;;;;;;;
10.802693;25160000;2188;;;;;;;;;;;;;;
10.805193;25162500;2167;;;;;;;;;;;;;;
10.807693;25165000;2154;;;;;;;;;;;;;;
10.810193;25167500;2156;;;;;;;;;;;;;;
10.812693;25170000;2172;;;;;;;;;;;;;;
10.815193;25172500;2187;;;;;;;;;;;;;;
10.817693;25175000;2190;;;;;;;;;;;;;;
10.820193;25177500;2188;;;;;;;;;;;;;;
10.822693;25180000;2169;;;;;;;;;;;;;;
10.825193;25182500;2142;;;;;;;;;;;;;;
10.827693;25185000;2134;;;;;;;;;;;;;;
10.830193;25187500;2138;;;;;;;;25188433;168.793;748.122;567.245;-16811.086;14917.094;36385.742
10.832693;25190000;2151;25188871;412.716;683.625;594.01;2235.158;-4040.04;3592.129;;;;;;;
10.835193;25192500;2168;;;;;;;;;;;;;;
10.837693;25195000;2171;;;;;;;;;;;;;;
10.840193;25197500;2158;;;;;;;;;;;;;;
10.842693;25200000;2141;;;;;;;;;;;;;;
10.845193;25202500;2121;;;;;;;;;;;;;;
10.847693;25205000;2106;;;;;;;;;;;;;;
10.850193;25207500;2106;;;;;;;;;;;;;;
10.852693;25210000;2120;;;;;;;;;;;;;;
10.855193;25212500;2137;;;;;;;;;;;;;;
10.857693;25215000;2143;;;;;;;;;;;;;;
10.860193;25217500;2138;;;;;;;;;;;;;;
10.862693;25220000;2120;;;;;;;;;;;;;;
10.865193;25222500;2095;25222191;415.766;682.072;589.93;162.962;-3973.225;3316.272;25221761;179.007;733.316;576.788;-17668.469;13564.864;35308.453
10.867693;25225000;2087;;;;;;;;;;;;;;
10.870193;25227500;2079;;;;;;;;;;;;;;
10.872693;25230000;2094;;;;;;;;;;;;;;
10.875193;25232500;2120;;;;;;;;;;;;;;
10.877693;25235000;2123;;;;;;;;;;;;;;
10.880193;25237500;2119;;;;;;;;;;;;;;
10.882693;25240000;2095;;;;;;;;;;;;;;
10.885193;25242500;2074;;;;;;;;;;;;;;
10.887693;25245000;2062;;;;;;;;;;;;;;
10.890193;25247500;2064;;;;;;;;;;;;;;
10.892693;25250000;2087;;;;;;;;;;;;;;
10.895193;25252500;2103;;;;;;;;;;;;;;
10.897693;25255000;2111;25255445;418.731;681.525;587.639;-1340.561;-3730.376;3029.271;25255000;191.785;723.875;585.122;-18724.045;13037.996;34171.281
10.900193;25257500;2105;;;;;;;;;;;;;;
10.902693;25260000;2087;;;;;;;;;;;;;;
10.905193;25262500;2064;;;;;;;;;;;;;;
10.907693;25265000;2057;;;;;;;;;;;;;;
10.910193;25267500;2059;;;;;;;;;;;;;;
10.912693;25270000;2073;;;;;;;;;;;;;;
10.915193;25272500;2093;;;;;;;;;;;;;;
10.917693;25275000;2106;;;;;;;;;;;;;;
10.920193;25277500;2096;;;;;;;;;;;;;;
10.922693;25280000;2087;;;;;;;;;;;;;;
10.925193;25282500;2060;;;;;;;;;;;;;;
10.927693;25285000;2046;;;;;;;;;;;;;;
10.930193;25287500;2057;25287202;419.682;679.559;586.671;-2550.158;-3628.295;2670.87;25286780;200.459;708.263;595.425;-18916.592;11893.471;33345.594
10.932693;25290000;2075;;;;;;;;;;;;;;
10.935193;25292500;2092;;;;;;;;;;;;;;
10.937693;25295000;2104;;;;;;;;;;;;;;
10.940193;25297500;2095;;;;;;;;;;;;;;
10.942693;25300000;2077;;;;;;;;;;;;;;
10.945193;25302500;2061;;;;;;;;;;;;;;
10.947693;25305000;2057;;;;;;;;;;;;;;
10.950193;25307500;2048;;;;;;;;;;;;;;
10.952693;25310000;2074;;;;;;;;;;;;;;
10.955193;25312500;2095;;;;;;;;;;;;;;
10.957693;25315000;2104;;;;;;;;;;;;;;
10.960193;25317500;2095;;;;;;;;;;;;;;
10.962693;25320000;2076;25320634;423.323;677.008;588.21;-3536.087;-3552.755;2273.077;25320194;212.396;694.071;605.688;-19285.887;10919.047;32593.564
10.965193;25322500;2062;;;;;;;;;;;;;;
10.967693;25325000;2055;;;;;;;;;;;;;;
10.970193;25327500;2058;;;;;;;;;;;;;;
10.972693;25330000;2074;;;;;;;;;;;;;;
10.975193;25332500;2092;;;;;;;;;;;;;;
10.977693;25335000;2106;;;;;;;;;;;;;;
10.980193;25337500;2104;;;;;;;;;;;;;;
10.982693;25340000;2088;;;;;;;;;;;;;;
10.985193;25342500;2063;;;;;;;;;;;;;;
10.987693;25345000;2059;;;;;;;;;;;;;;
10.990193;25347500;2061;;;;;;;;;;;;;;
10.992693;25350000;2076;;;;;;;;;;;;;;
10.995193;25352500;2095;;;;;;;;;;;;;;
10.997693;25355000;2108;;;;;;;;;;;;;;
11.000193;25357500;2105;;;;;;;;;;;;;;
11.002693;25360000;2079;;;;;;;;;;;;;;
11.005193;25362500;2064;;;;;;;;25363507;225.774;682.694;618.884;-18662.842;10114.97;31464.387
11.007693;25365000;2058;25363942;426.264;672.273;590.537;-3976.158;-3398.305;2067.985;;;;;;;
11.010193;25367500;2061;;;;;;;;;;;;;;
11.012693;25370000;2077;;;;;;;;;;;;;;
11.015193;25372500;2104;;;;;;;;;;;;;;
11.017693;25375000;2107;;;;;;;;;;;;;;
11.020193;25377500;2109;;;;;;;;;;;;;;
11.022693;25380000;2092;;;;;;;;;;;;;;
11.025193;25382500;2073;;;;;;;;;;;;;;
11.027693;25385000;2060;;;;;;;;;;;;;;
11.030193;25387500;2063;;;;;;;;;;;;;;
11.032693;25390000;2077;;;;;;;;;;;;;;
11.035193;25392500;2103;;;;;;;;;;;;;;
11.037693;25395000;2112;;;;;;;;;;;;;;
11.040193;25397500;2110;25397354;429.625;673.246;592.456;-3952.788;-3162.327;1783.899;25396922;237.72;673.161;629.926;-17979.074;9637.221;29986.98
11.042693;25400000;2093;;;;;;;;;;;;;;
11.045193;25402500;2076;;;;;;;;;;;;;;
11.047693;25405000;2063;;;;;;;;;;;;;;
11.050193;25407500;2073;;;;;;;;;;;;;;
11.052693;25410000;2091;;;;;;;;;;;;;;
11.055193;25412500;2109;;;;;;;;;;;;;;
11.057693;25415000;2120;;;;;;;;;;;;;;
11.060193;25417500;2119;;;;;;;;;;;;;;
11.062693;25420000;2106;;;;;;;;;;;;;;
11.065193;25422500;2088;;;;;;;;;;;;;;
11.067693;25425000;2077;;;;;;;;;;;;;;
11.070193;25427500;2078;25427392;431.391;674.305;594.084;-4494.086;-2849.773;1402.016;25426957;246.659;663.903;638.787;-17937.184;9253.359;28485.006
11.072693;25430000;2103;;;;;;;;;;;;;;
11.075193;25432500;2121;;;;;;;;;;;;;;
11.077693;25435000;2127;;;;;;;;;;;;;;
11.080193;25437500;2126;;;;;;;;;;;;;;
11.082693;25440000;2111;;;;;;;;;;;;;;
11.085193;25442500;2095;;;;;;;;;;;;;;
11.087693;25445000;2088;;;;;;;;;;;;;;
11.090193;25447500;2091;;;;;;;;;;;;;;
11.092693;25450000;2106;;;;;;;;;;;;;;
11.095193;25452500;2126;;;;;;;;;;;;;;
11.097693;25455000;2141;;;;;;;;;;;;;;
11.100193;25457500;2137;;;;;;;;;;;;;;
11.102693;25460000;2120;;;;;;;;;;;;;;
11.105193;25462500;2104;;;;;;;;25463577;254.993;650.636;647.108;-18159.887;8872.941;26886.193
11.107693;25465000;2093;25464009;432.233;671.913;595.782;-5360.069;-2516.972;1149.478;;;;;;;
11.110193;25467500;2095;;;;;;;;;;;;;;
11.112693;25470000;2121;;;;;;;;;;;;;;
11.115193;25472500;2138;;;;;;;;;;;;;;
11.117693;25475000;2153;;;;;;;;;;;;;;
11.120193;25477500;2151;;;;;;;;;;;;;;
11.122693;25480000;2136;;;;;;;;;;;;;;
11.125193;25482500;2111;;;;;;;;;;;;;;
11.127693;25485000;2105;;;;;;;;;;;;;;
11.130193;25487500;2109;;;;;;;;;;;;;;
11.132693;25490000;2128;;;;;;;;;;;;;;
11.135193;25492500;2152;;;;;;;;;;;;;;
11.137693;25495000;2159;;;;;;;;;;;;;;
11.140193;25497500;2157;25497339;428.244;673.24;589.539;-5439.003;-2588.873;1136.191;25496904;263.502;633.428;655.305;-18564.83;8408.294;25241.32
11.142693;25500000;2144;;;;;;;;;;;;;;
11.145193;25502500;2125;;;;;;;;;;;;;;
11.147693;25505000;2112;;;;;;;;;;;;;;
11.150193;25507500;2119;;;;;;;;;;;;;;
11.152693;25510000;2140;;;;;;;;;;;;;;
11.155193;25512500;2168;;;;;;;;;;;;;;
11.157693;25515000;2174;;;;;;;;;;;;;;
11.160193;25517500;2173;;;;;;;;;;;;;;
11.162693;25520000;2167;;;;;;;;;;;;;;
11.165193;25522500;2142;;;;;;;;;;;;;;
11.167693;25525000;2137;;;;;;;;;;;;;;
11.170193;25527500;2141;;;;;;;;25528596;269.731;621.606;661.794;-18198.338;7988.316;23853.254
11.172693;25530000;2160;25529028;428.896;670.578;591.099;-5961.553;-2420.93;944.194;;;;;;;
11.175193;25532500;2175;;;;;;;;;;;;;;
11.177693;25535000;2199;;;;;;;;;;;;;;
11.180193;25537500;2200;;;;;;;;;;;;;;
11.182693;25540000;2176;;;;;;;;;;;;;;
11.185193;25542500;2157;;;;;;;;;;;;;;
11.187693;25545000;2157;;;;;;;;;;;;;;
11.190193;25547500;2158;;;;;;;;;;;;;;
11.192693;25550000;2174;;;;;;;;;;;;;;
11.195193;25552500;2201;;;;;;;;;;;;;;
11.197693;25555000;2216;;;;;;;;;;;;;;
11.200193;25557500;2216;;;;;;;;;;;;;;
11.202693;25560000;2201;;;;;;;;;;;;;;
11.205193;25562500;2184;25562266;429.362;664.103;592.355;-5999.913;-2309.071;853.235;25561836;277.198;607.002;668.842;-17694.42;7563.963;22463.279
11.207693;25565000;2170;;;;;;;;;;;;;;
11.210193;25567500;2174;;;;;;;;;;;;;;
11.212693;25570000;2191;;;;;;;;;;;;;;
11.215193;25572500;2218;;;;;;;;;;;;;;
11.217693;25575000;2232;;;;;;;;;;;;;;
11.220193;25577500;2230;;;;;;;;;;;;;;
11.222693;25580000;2215;;;;;;;;;;;;;;
11.225193;25582500;2190;;;;;;;;;;;;;;
11.227693;25585000;2186;;;;;;;;;;;;;;
11.230193;25587500;2189;;;;;;;;;;;;;;
11.232693;25590000;2203;;;;;;;;;;;;;;
11.235193;25592500;2224;;;;;;;;;;;;;;
11.237693;25595000;2236;25595514;430.574;661.209;594.262;-5478.542;-2340.617;859.573;25595077;283.322;594.03;676.349;-16477.199;7145.515;21022.053
11.240193;25597500;2234;;;;;;;;;;;;;;
11.242693;25600000;2220;;;;;;;;;;;;;;
11.245193;25602500;2201;;;;;;;;;;;;;;
11.247693;25605000;2189;;;;;;;;;;;;;;
11.250193;25607500;2189;;;;;;;;;;;;;;
11.252693;25610000;2204;;;;;;;;;;;;;;
11.255193;25612500;2231;;;;;;;;;;;;;;
11.257693;25615000;2235;;;;;;;;;;;;;;
11.260193;25617500;2233;;;;;;;;;;;;;;
11.262693;25620000;2217;;;;;;;;;;;;;;
11.265193;25622500;2201;;;;;;;;;;;;;;
11.267693;25625000;2186;;;;;;;;;;;;;;
11.270193;25627500;2185;;;;;;;;;;;;;;
11.272693;25630000;2200;25630405;432.262;660.497;595.952;-5089.115;-2252.461;732.594;25629975;289.774;584.715;684.439;-15352.339;6797.426;19791.574
11.275193;25632500;2219;;;;;;;;;;;;;;
11.277693;25635000;2231;;;;;;;;;;;;;;
11.280193;25637500;2223;;;;;;;;;;;;;;
11.282693;25640000;2205;;;;;;;;;;;;;;
11.285193;25642500;2187;;;;;;;;;;;;;;
11.287693;25645000;2171;;;;;;;;;;;;;;
11.290193;25647500;2173;;;;;;;;;;;;;;
11.292693;25650000;2188;;;;;;;;;;;;;;
11.295193;25652500;2206;;;;;;;;;;;;;;
11.297693;25655000;2219;;;;;;;;;;;;;;
11.300193;25657500;2219;;;;;;;;;;;;;;
11.302693;25660000;2200;;;;;;;;;;;;;;
11.305193;25662500;2174;;;;;;;;;;;;;;
11.307693;25665000;2168;;;;;;;;;;;;;;
11.310193;25667500;2167;;;;;;;;;;;;;;
11.312693;25670000;2183;;;;;;;;;;;;;;
11.315193;25672500;2190;25671890;433.005;656.154;596.032;-4764.659;-2089.963;793.965;25671458;296.013;574.115;692.38;-14239.534;6609.367;18453.309
11.317693;25675000;2204;;;;;;;;;;;;;;
11.320193;25677500;2201;;;;;;;;;;;;;;
11.322693;25680000;2186;;;;;;;;;;;;;;
11.325193;25682500;2168;;;;;;;;;;;;;;
11.327693;25685000;2152;;;;;;;;;;;;;;
11.330193;25687500;2153;;;;;;;;;;;;;;
11.332693;25690000;2167;;;;;;;;;;;;;;
11.335193;25692500;2186;;;;;;;;;;;;;;
11.337693;25695000;2189;;;;;;;;;;;;;;
11.340193;25697500;2188;;;;;;;;;;;;;;
11.342693;25700000;2171;;;;;;;;;;;;;;
11.345193;25702500;2151;;;;;;;;;;;;;;
11.347693;25705000;2136;25705134;434.077;644.873;593.967;-3076.551;-2002.965;1024.204;25704699;303.953;558.939;699.174;-12176.12;6670.899;17001.705
11.350193;25707500;2141;;;;;;;;;;;;;;
11.352693;25710000;2153;;;;;;;;;;;;;;
11.355193;25712500;2169;;;;;;;;;;;;;;
11.357693;25715000;2183;;;;;;;;;;;;;;
11.360193;25717500;2173;;;;;;;;;;;;;;
11.362693;25720000;2156;;;;;;;;;;;;;;
11.365193;25722500;2138;;;;;;;;;;;;;;
11.367693;25725000;2124;;;;;;;;;;;;;;
11.370193;25727500;2124;;;;;;;;;;;;;;
11.372693;25730000;2140;;;;;;;;;;;;;;
11.375193;25732500;2157;25731872;434.876;632.119;591.731;550.151;-2139.067;1416.181;25731440;310.807;541.758;706.018;-8246.689;7032.542;15461.244
11.377693;25735000;2170;;;;;;;;;;;;;;
11.380193;25737500;2169;;;;;;;;;;;;;;
11.382693;25740000;2152;;;;;;;;;;;;;;
11.385193;25742500;2135;;;;;;;;;;;;;;
11.387693;25745000;2119;;;;;;;;;;;;;;
11.390193;25747500;2122;;;;;;;;;;;;;;
11.392693;25750000;2136;;;;;;;;;;;;;;
11.395193;25752500;2154;;;;;;;;;;;;;;
11.397693;25755000;2159;;;;;;;;;;;;;;
11.400193;25757500;2157;;;;;;;;;;;;;;
11.402693;25760000;2142;;;;;;;;;;;;;;
11.405193;25762500;2126;;;;;;;;;;;;;;
11.407693;25765000;2119;;;;;;;;;;;;;;
11.410193;25767500;2111;;;;;;;;;;;;;;
11.412693;25770000;2124;25769887;437.356;631.971;585.178;6517.269;-2422.801;1225.935;25769457;314.994;534.41;710.63;-1081.105;7474.54;13919.932
11.415193;25772500;2153;;;;;;;;;;;;;;
11.417693;25775000;2157;;;;;;;;;;;;;;
11.420193;25777500;2156;;;;;;;;;;;;;;
11.422693;25780000;2141;;;;;;;;;;;;;;
11.425193;25782500;2122;;;;;;;;;;;;;;
11.427693;25785000;2108;;;;;;;;;;;;;;
11.430193;25787500;2109;;;;;;;;;;;;;;
11.432693;25790000;2123;;;;;;;;;;;;;;
11.435193;25792500;2143;;;;;;;;;;;;;;
11.437693;25795000;2153;;;;;;;;;;;;;;
11.440193;25797500;2152;;;;;;;;;;;;;;
11.442693;25800000;2136;;;;;;;;;;;;;;
11.445193;25802500;2112;25803048;439.247;637.832;577.306;11981.718;-2198.848;1074.513;25802611;318.526;536.469;712.131;7033.013;7996.375;12100.872
11.447693;25805000;2104;;;;;;;;;;;;;;
11.450193;25807500;2107;;;;;;;;;;;;;;
11.452693;25810000;2121;;;;;;;;;;;;;;
11.455193;25812500;2139;;;;;;;;;;;;;;
11.457693;25815000;2152;;;;;;;;;;;;;;
11.460193;25817500;2142;;;;;;;;;;;;;;
11.462693;25820000;2127;;;;;;;;;;;;;;
11.465193;25822500;2109;;;;;;;;;;;;;;
11.467693;25825000;2103;;;;;;;;;;;;;;
11.470193;25827500;2105;;;;;;;;;;;;;;
11.472693;25830000;2121;;;;;;;;;;;;;;
11.475193;25832500;2139;25832902;439.251;647.683;571.828;17319.07;-1701.281;773.162;25832472;319.07;546.63;712.155;14533.174;8608.494;9868.328
11.477693;25835000;2150;;;;;;;;;;;;;;
11.480193;25837500;2141;;;;;;;;;;;;;;
11.482693;25840000;2126;;;;;;;;;;;;;;
11.485193;25842500;2110;;;;;;;;;;;;;;
11.487693;25845000;2103;;;;;;;;;;;;;;
11.490193;25847500;2105;;;;;;;;;;;;;;
11.492693;25850000;2121;;;;;;;;;;;;;;
11.495193;25852500;2136;;;;;;;;;;;;;;
11.497693;25855000;2142;;;;;;;;;;;;;;
11.500193;25857500;2142;;;;;;;;;;;;;;
11.502693;25860000;2126;;;;;;;;;;;;;;
11.505193;25862500;2107;;;;;;;;;;;;;;
11.507693;25865000;2093;;;;;;;;;;;;;;
11.510193;25867500;2094;;;;;;;;;;;;;;
11.512693;25870000;2110;25869264;439.712;662.421;566.971;22037.367;-1203.654;-196.496;25868831;318.007;556.74;704.125;19991.453;9638.007;7261.786
11.515193;25872500;2135;;;;;;;;;;;;;;
11.517693;25875000;2151;;;;;;;;;;;;;;
11.520193;25877500;2142;;;;;;;;;;;;;;
11.522693;25880000;2125;;;;;;;;;;;;;;
11.525193;25882500;2108;;;;;;;;;;;;;;
11.527693;25885000;2094;;;;;;;;;;;;;;
11.530193;25887500;2093;;;;;;;;;;;;;;
11.532693;25890000;2109;;;;;;;;;;;;;;
11.535193;25892500;2136;;;;;;;;;;;;;;
11.537693;25895000;2140;;;;;;;;;;;;;;
11.540193;25897500;2140;;;;;;;;;;;;;;
11.542693;25900000;2126;;;;;;;;;;;;;;
11.545193;25902500;2106;;;;;;;;;;;;;;
11.547693;25905000;2090;;;;;;;;;;;;;;
11.550193;25907500;2093;;;;;;;;;;;;;;
11.552693;25910000;2108;;;;;;;;;;;;;;
11.555193;25912500;2126;25912321;438.07;674.062;554.678;25324.936;-1055.971;-773.359;25911886;311.677;556.042;693.093;27700.318;9628.606;3760.947
11.557693;25915000;2140;;;;;;;;;;;;;;
11.560193;25917500;2137;;;;;;;;;;;;;;
11.562693;25920000;2122;;;;;;;;;;;;;;
11.565193;25922500;2103;;;;;;;;;;;;;;
11.567693;25925000;2092;;;;;;;;;;;;;;
11.570193;25927500;2091;;;;;;;;;;;;;;
11.572693;25930000;2108;;;;;;;;;;;;;;
11.575193;25932500;2126;;;;;;;;;;;;;;
11.577693;25935000;2139;;;;;;;;;;;;;;
11.580193;25937500;2136;;;;;;;;;;;;;;
11.582693;25940000;2124;;;;;;;;;;;;;;
11.585193;25942500;2107;;;;;;;;;;;;;;
11.587693;25945000;2091;;;;;;;;;;;;;;
11.590193;25947500;2088;;;;;;;;;;;;;;
11.592693;25950000;2111;;;;;;;;;;;;;;
11.595193;25952500;2125;;;;;;;;;;;;;;
11.597693;25955000;2141;25955378;434.003;685.883;538.418;27673.312;-549.923;-1381.753;25954938;305.969;564.45;670.669;40609.742;8156.238;-42.601
11.600193;25957500;2139;;;;;;;;;;;;;;
11.602693;25960000;2124;;;;;;;;;;;;;;
11.605193;25962500;2095;;;;;;;;;;;;;;
11.607693;25965000;2093;;;;;;;;;;;;;;
11.610193;25967500;2092;;;;;;;;;;;;;;
11.612693;25970000;2106;;;;;;;;;;;;;;
11.615193;25972500;2125;;;;;;;;;;;;;;
11.617693;25975000;2142;;;;;;;;;;;;;;
11.620193;25977500;2137;;;;;;;;;;;;;;
11.622693;25980000;2122;;;;;;;;;;;;;;
11.625193;25982500;2108;;;;;;;;;;;;;;
11.627693;25985000;2093;;;;;;;;;;;;;;
11.630193;25987500;2079;25988434;432.28;693.819;527.376;31342.334;-650.614;-2788.791;25988006;301.132;594.873;644.328;52397.254;6532.176;-3260.033
11.632693;25990000;2111;;;;;;;;;;;;;;
11.635193;25992500;2126;;;;;;;;;;;;;;
11.637693;25995000;2140;;;;;;;;;;;;;;
11.640193;25997500;2139;;;;;;;;;;;;;;
11.642693;26000000;2125;;;;;;;;;;;;;;
11.645193;26002500;2106;;;;;;;;;;;;;;
11.647693;26005000;2092;;;;;;;;;;;;;;
11.650193;26007500;2094;;;;;;;;;;;;;;
11.652693;26010000;2105;;;;;;;;;;;;;;
11.655193;26012500;2126;;;;;;;;;;;;;;
11.657693;26015000;2140;;;;;;;;;;;;;;
11.660193;26017500;2138;;;;;;;;;;;;;;
11.662693;26020000;2122;;;;;;;;26021247;297.049;618.772;615.893;61722.453;6566.942;-6879.656
11.665193;26022500;2104;26021687;433.31;707.861;512.188;34652.906;-693.333;-4352.539;;;;;;;
11.667693;26025000;2088;;;;;;;;;;;;;;
11.670193;26027500;2074;;;;;;;;;;;;;;
11.672693;26030000;2092;;;;;;;;;;;;;;
11.675193;26032500;2120;;;;;;;;;;;;;;
11.677693;26035000;2123;;;;;;;;;;;;;;
11.680193;26037500;2108;;;;;;;;;;;;;;
11.682693;26040000;2094;;;;;;;;;;;;;;
11.685193;26042500;2087;;;;;;;;;;;;;;
11.687693;26045000;2072;;;;;;;;;;;;;;
11.690193;26047500;2074;;;;;;;;;;;;;;
11.692693;26050000;2089;;;;;;;;;;;;;;
11.695193;26052500;2106;;;;;;;;;;;;;;
11.697693;26055000;2120;26054921;434.672;716.492;498.998;37123.324;-610.104;-5500.349;26054486;286.107;636.695;582.915;70608.078;7093.908;-10649.924
11.700193;26057500;2122;;;;;;;;;;;;;;
11.702693;26060000;2106;;;;;;;;;;;;;;
11.705193;26062500;2090;;;;;;;;;;;;;;
11.707693;26065000;2076;;;;;;;;;;;;;;
11.710193;26067500;2087;;;;;;;;;;;;;;
11.712693;26070000;2096;;;;;;;;;;;;;;
11.715193;26072500;2123;;;;;;;;;;;;;;
11.717693;26075000;2138;;;;;;;;;;;;;;
11.720193;26077500;2138;;;;;;;;;;;;;;
11.722693;26080000;2125;;;;;;;;;;;;;;
11.725193;26082500;2119;;;;;;;;;;;;;;
11.727693;26085000;2106;;;;;;;;26086179;272.369;649.744;542.972;78926.922;6916.4;-13647.615
11.730193;26087500;2109;26086611;431.0;728.912;474.598;39233.969;-567.349;-6372.457;;;;;;;
11.732693;26090000;2136;;;;;;;;;;;;;;
11.735193;26092500;2154;;;;;;;;;;;;;;
11.737693;26095000;2171;;;;;;;;;;;;;;
11.740193;26097500;2173;;;;;;;;;;;;;;
11.742693;26100000;2160;;;;;;;;;;;;;;
11.745193;26102500;2152;;;;;;;;;;;;;;
11.747693;26105000;2138;;;;;;;;;;;;;;
11.750193;26107500;2142;;;;;;;;;;;;;;
11.752693;26110000;2157;;;;;;;;;;;;;;
11.755193;26112500;2184;;;;;;;;;;;;;;
11.757693;26115000;2190;;;;;;;;;;;;;;
11.760193;26117500;2200;;;;;;;;;;;;;;
11.762693;26120000;2183;26119936;430.885;731.568;455.565;40744.707;-377.982;-7327.396;26119506;264.515;662.696;501.135;86737.516;6498.83;-16321.734
11.765193;26122500;2159;;;;;;;;;;;;;;
11.767693;26125000;2151;;;;;;;;;;;;;;
11.770193;26127500;2142;;;;;;;;;;;;;;
11.772693;26130000;2154;;;;;;;;;;;;;;
11.775193;26132500;2170;;;;;;;;;;;;;;
11.777693;26135000;2175;;;;;;;;;;;;;;
11.780193;26137500;2172;;;;;;;;;;;;;;
11.782693;26140000;2153;;;;;;;;;;;;;;
11.785193;26142500;2126;;;;;;;;;;;;;;
11.787693;26145000;2108;;;;;;;;;;;;;;
11.790193;26147500;2105;;;;;;;;;;;;;;
11.792693;26150000;2108;;;;;;;;;;;;;;
11.795193;26152500;2120;;;;;;;;;;;;;;
11.797693;26155000;2123;;;;;;;;;;;;;;
11.800193;26157500;2109;;;;;;;;;;;;;;
11.802693;26160000;2089;;;;;;;;;;;;;;
11.805193;26162500;2058;26163177;427.019;743.478;437.929;38349.16;-5776.645;-7774.776;26162732;256.194;677.354;456.863;90380.203;6278.451;-18572.086
11.807693;26165000;2029;;;;;;;;;;;;;;
11.810193;26167500;2015;;;;;;;;;;;;;;
11.812693;26170000;2015;;;;;;;;;;;;;;
11.815193;26172500;2024;;;;;;;;;;;;;;
11.817693;26175000;2024;;;;;;;;;;;;;;
11.820193;26177500;1999;;;;;;;;;;;;;;
11.822693;26180000;1975;;;;;;;;;;;;;;
11.825193;26182500;1943;;;;;;;;;;;;;;
11.827693;26185000;1910;;;;;;;;;;;;;;
11.830193;26187500;1896;;;;;;;;;;;;;;
11.832693;26190000;1895;;;;;;;;;;;;;;
11.835193;26192500;1888;;;;;;;;;;;;;;
11.837693;26195000;1882;;;;;;;;26196148;246.056;693.043;414.213;91376.32;6633.028;-20243.543
11.840193;26197500;1866;26196570;423.364;753.329;414.141;41264.328;-5065.188;-8291.662;;;;;;;
11.842693;26200000;1831;;;;;;;;;;;;;;
11.845193;26202500;1790;;;;;;;;;;;;;;
11.847693;26205000;1759;;;;;;;;;;;;;;
11.850193;26207500;1750;;;;;;;;;;;;;;
11.852693;26210000;1738;;;;;;;;;;;;;;
11.855193;26212500;1738;;;;;;;;;;;;;;
11.857693;26215000;1726;;;;;;;;;;;;;;
11.860193;26217500;1709;;;;;;;;;;;;;;
11.862693;26220000;1676;;;;;;;;;;;;;;
11.865193;26222500;1645;;;;;;;;;;;;;;
11.867693;26225000;1615;;;;;;;;;;;;;;
11.870193;26227500;1600;26226714;421.197;761.364;390.531;42825.797;-4359.991;-8195.142;26226269;237.065;700.328;366.986;90354.312;6934.001;-22646.053
11.872693;26230000;1596;;;;;;;;;;;;;;
11.875193;26232500;1598;;;;;;;;;;;;;;
11.877693;26235000;1584;;;;;;;;;;;;;;
11.880193;26237500;1575;;;;;;;;;;;;;;
11.882693;26240000;1545;;;;;;;;;;;;;;
11.885193;26242500;1510;;;;;;;;;;;;;;
11.887693;26245000;1481;;;;;;;;;;;;;;
11.890193;26247500;1467;;;;;;;;;;;;;;
11.892693;26250000;1466;;;;;;;;;;;;;;
11.895193;26252500;1465;;;;;;;;;;;;;;
11.897693;26255000;1453;;;;;;;;;;;;;;
11.900193;26257500;1439;;;;;;;;;;;;;;
11.902693;26260000;1416;;;;;;;;;;;;;;
11.905193;26262500;1371;26263398;415.741;773.194;370.699;44386.195;-3579.366;-8335.322;26262976;221.418;704.736;318.698;89295.031;7180.989;-24292.312
11.907693;26265000;1355;;;;;;;;;;;;;;
11.910193;26267500;1340;;;;;;;;;;;;;;
11.912693;26270000;1337;;;;;;;;;;;;;;
11.915193;26272500;1339;;;;;;;;;;;;;;
11.917693;26275000;1339;;;;;;;;;;;;;;
11.920193;26277500;1322;;;;;;;;;;;;;;
11.922693;26280000;1294;;;;;;;;;;;;;;
11.925193;26282500;1272;;;;;;;;;;;;;;
11.927693;26285000;1254;;;;;;;;;;;;;;
11.930193;26287500;1240;;;;;;;;;;;;;;
11.932693;26290000;1242;;;;;;;;;;;;;;
11.935193;26292500;1246;;;;;;;;;;;;;;
11.937693;26295000;1255;;;;;;;;;;;;;;
11.940193;26297500;1244;26296836;411.802;781.882;343.313;45665.574;-3098.523;-8428.682;26296390;207.639;710.15;274.056;87933.906;7183.314;-25668.572
11.942693;26300000;1228;;;;;;;;;;;;;;
11.945193;26302500;1208;;;;;;;;;;;;;;
11.947693;26305000;1193;;;;;;;;;;;;;;
11.950193;26307500;1194;;;;;;;;;;;;;;
11.952693;26310000;1196;;;;;;;;;;;;;;
11.955193;26312500;1212;;;;;;;;;;;;;;
11.957693;26315000;1226;;;;;;;;;;;;;;
11.960193;26317500;1225;;;;;;;;;;;;;;
11.962693;26320000;1209;;;;;;;;;;;;;;
11.965193;26322500;1194;;;;;;;;;;;;;;
11.967693;26325000;1181;;;;;;;;;;;;;;
11.970193;26327500;1181;26328591;408.189;791.192;317.235;46675.797;-2436.097;-8219.873;26328169;193.072;711.248;229.256;86078.211;7459.398;-26769.518
11.972693;26330000;1198;;;;;;;;;;;;;;
11.975193;26332500;1225;;;;;;;;;;;;;;
11.977693;26335000;1228;;;;;;;;;;;;;;
11.980193;26337500;1239;;;;;;;;;;;;;;
11.982693;26340000;1226;;;;;;;;;;;;;;
11.985193;26342500;1211;;;;;;;;;;;;;;
11.987693;26345000;1209;;;;;;;;;;;;;;
11.990193;26347500;1211;;;;;;;;;;;;;;
11.992693;26350000;1229;;;;;;;;;;;;;;
11.995193;26352500;1247;;;;;;;;;;;;;;
11.997693;26355000;1272;;;;;;;;;;;;;;
12.000193;26357500;1275;;;;;;;;;;;;;;
12.002693;26360000;1272;;;;;;;;;;;;;;
12.005193;26362500;1259;26362022;403.31;798.248;289.79;47264.508;-1742.479;-8104.629;26361583;177.819;711.877;186.335;84110.547;7791.241;-27528.854
12.007693;26365000;1257;;;;;;;;;;;;;;
12.010193;26367500;1263;;;;;;;;;;;;;;
12.012693;26370000;1288;;;;;;;;;;;;;;
12.015193;26372500;1307;;;;;;;;;;;;;;
12.017693;26375000;1335;;;;;;;;;;;;;;
12.020193;26377500;1339;;;;;;;;;;;;;;
12.022693;26380000;1337;;;;;;;;;;;;;;
12.025193;26382500;1328;;;;;;;;;;;;;;
12.027693;26385000;1326;;;;;;;;;;;;;;
12.030193;26387500;1337;;;;;;;;;;;;;;
12.032693;26390000;1356;;;;;;;;;;;;;;
12.035193;26392500;1388;;;;;;;;;;;;;;
12.037693;26395000;1405;26395424;398.12;802.494;262.801;47536.344;-1163.605;-8048.085;26394997;163.108;709.9;144.481;82283.266;8153.304;-28229.223
12.040193;26397500;1419;;;;;;;;;;;;;;
12.042693;26400000;1417;;;;;;;;;;;;;;
12.045193;26402500;1405;;;;;;;;;;;;;;
12.047693;26405000;1401;;;;;;;;;;;;;;
12.050193;26407500;1418;;;;;;;;;;;;;;
12.052693;26410000;1437;;;;;;;;;;;;;;
12.055193;26412500;1465;;;;;;;;;;;;;;
12.057693;26415000;1482;;;;;;;;;;;;;;
12.060193;26417500;1496;;;;;;;;;;;;;;
12.062693;26420000;1494;;;;;;;;;;;;;;
12.065193;26422500;1479;;;;;;;;;;;;;;
12.067693;26425000;1479;;;;;;;;;;;;;;
12.070193;26427500;1484;;;;;;;;;;;;;;
12.072693;26430000;1502;26430508;393.14;806.893;238.272;48363.34;-805.737;-8017.556;26430068;148.749;707.937;104.384;80653.664;8558.951;-28636.449
12.075193;26432500;1533;;;;;;;;;;;;;;
12.077693;26435000;1552;;;;;;;;;;;;;;
12.080193;26437500;1563;;;;;;;;;;;;;;
12.082693;26440000;1560;;;;;;;;;;;;;;
12.085193;26442500;1549;;;;;;;;;;;;;;
12.087693;26445000;1548;;;;;;;;;;;;;;
12.090193;26447500;1560;;;;;;;;;;;;;;
12.092693;26450000;1579;;;;;;;;;;;;;;
12.095193;26452500;1609;;;;;;;;;;;;;;
12.097693;26455000;1625;;;;;;;;;;;;;;
12.100193;26457500;1639;;;;;;;;;;;;;;
12.102693;26460000;1630;;;;;;;;;;;;;;
12.105193;26462500;1624;;;;;;;;;;;;;;
12.107693;26465000;1614;;;;;;;;;;;;;;
12.110193;26467500;1627;;;;;;;;;;;;;;
12.112693;26470000;1647;;;;;;;;;;;;;;
12.115193;26472500;1675;26472061;389.319;813.555;212.311;48675.609;-516.513;-7862.116;26471638;134.949;706.475;65.511;78615.977;8979.316;-28556.064
12.117693;26475000;1695;;;;;;;;;;;;;;
12.120193;26477500;1705;;;;;;;;;;;;;;
12.122693;26480000;1705;;;;;;;;;;;;;;
12.125193;26482500;1693;;;;;;;;;;;;;;
12.127693;26485000;1690;;;;;;;;;;;;;;
12.130193;26487500;1695;;;;;;;;;;;;;;
12.132693;26490000;1722;;;;;;;;;;;;;;
12.135193;26492500;1743;;;;;;;;;;;;;;
12.137693;26495000;1770;;;;;;;;;;;;;;
12.140193;26497500;1774;;;;;;;;;;;;;;
12.142693;26500000;1772;;;;;;;;;;;;;;
12.145193;26502500;1759;;;;;;;;;;;;;;
12.147693;26505000;1757;26505324;386.219;817.633;187.0;48368.953;-41.812;-7609.01;26504879;122.352;703.042;26.465;76441.742;9304.726;-28317.824
12.150193;26507500;1767;;;;;;;;;;;;;;
12.152693;26510000;1786;;;;;;;;;;;;;;
12.155193;26512500;1816;;;;;;;;;;;;;;
12.157693;26515000;1834;;;;;;;;;;;;;;
12.160193;26517500;1837;;;;;;;;;;;;;;
12.162693;26520000;1838;;;;;;;;;;;;;;
12.165193;26522500;1823;;;;;;;;;;;;;;
12.167693;26525000;1818;;;;;;;;;;;;;;
12.170193;26527500;1832;;;;;;;;;;;;;;
12.172693;26530000;1849;;;;;;;;;;;;;;
12.175193;26532500;1878;26531869;383.153;822.166;161.625;47946.379;420.528;-7280.622;26531447;110.153;701.08;-10.409;74147.844;9713.614;-27965.059
12.177693;26535000;1899;;;;;;;;;;;;;;
12.180193;26537500;1901;;;;;;;;;;;;;;
12.182693;26540000;1897;;;;;;;;;;;;;;
12.185193;26542500;1886;;;;;;;;;;;;;;
12.187693;26545000;1881;;;;;;;;;;;;;;
12.190193;26547500;1884;;;;;;;;;;;;;;
12.192693;26550000;1911;;;;;;;;;;;;;;
12.195193;26552500;1934;;;;;;;;;;;;;;
12.197693;26555000;1960;;;;;;;;;;;;;;
12.200193;26557500;1964;;;;;;;;;;;;;;
12.202693;26560000;1961;;;;;;;;;;;;;;
12.205193;26562500;1948;;;;;;;;;;;;;;
12.207693;26565000;1935;;;;;;;;;;;;;;
12.210193;26567500;1947;;;;;;;;;;;;;;
12.212693;26570000;1975;26570084;380.691;822.336;135.153;47269.746;893.439;-7063.59;26569637;99.204;695.727;-47.599;71948.953;10027.246;-27775.617
12.215193;26572500;1994;;;;;;;;;;;;;;
12.217693;26575000;2013;;;;;;;;;;;;;;
12.220193;26577500;2025;;;;;;;;;;;;;;
12.222693;26580000;2010;;;;;;;;;;;;;;
12.225193;26582500;2000;;;;;;;;;;;;;;
12.227693;26585000;1997;;;;;;;;;;;;;;
12.230193;26587500;1999;;;;;;;;;;;;;;
12.232693;26590000;2014;;;;;;;;;;;;;;
12.235193;26592500;2045;;;;;;;;;;;;;;
12.237693;26595000;2061;;;;;;;;;;;;;;
12.240193;26597500;2063;;;;;;;;;;;;;;
12.242693;26600000;2060;;;;;;;;;;;;;;
12.245193;26602500;2046;26603306;376.729;822.388;109.772;47341.82;1229.83;-6800.098;26602878;87.723;692.483;-83.246;70226.195;10427.571;-27527.836
12.247693;26605000;2040;;;;;;;;;;;;;;
12.250193;26607500;2043;;;;;;;;;;;;;;
12.252693;26610000;2060;;;;;;;;;;;;;;
12.255193;26612500;2087;;;;;;;;;;;;;;
12.257693;26615000;2104;;;;;;;;;;;;;;
12.260193;26617500;2106;;;;;;;;;;;;;;
12.262693;26620000;2094;;;;;;;;;;;;;;
12.265193;26622500;2087;;;;;;;;;;;;;;
12.267693;26625000;2064;;;;;;;;;;;;;;
12.270193;26627500;2075;;;;;;;;;;;;;;
12.272693;26630000;2092;;;;;;;;;;;;;;
12.275193;26632500;2109;26633352;374.375;825.89;84.903;47327.605;1482.901;-6638.156;26632912;77.523;690.287;-117.313;68245.258;10870.005;-27277.568
12.277693;26635000;2134;;;;;;;;;;;;;;
12.280193;26637500;2135;;;;;;;;;;;;;;
12.282693;26640000;2122;;;;;;;;;;;;;;
12.285193;26642500;2106;;;;;;;;;;;;;;
12.287693;26645000;2094;;;;;;;;;;;;;;
12.290193;26647500;2104;;;;;;;;;;;;;;
12.292693;26650000;2110;;;;;;;;;;;;;;
12.295193;26652500;2136;;;;;;;;;;;;;;
12.297693;26655000;2153;;;;;;;;;;;;;;
12.300193;26657500;2156;;;;;;;;;;;;;;
12.302693;26660000;2142;;;;;;;;;;;;;;
12.305193;26662500;2134;;;;;;;;;;;;;;
12.307693;26665000;2119;;;;;;;;;;;;;;
12.310193;26667500;2122;;;;;;;;;;;;;;
12.312693;26670000;2139;26669955;371.809;828.906;61.37;46808.352;1854.568;-6490.873;26669533;66.858;684.674;-151.005;66114.43;11180.067;-26913.377
12.315193;26672500;2156;;;;;;;;;;;;;;
12.317693;26675000;2174;;;;;;;;;;;;;;
12.320193;26677500;2174;;;;;;;;;;;;;;
12.322693;26680000;2168;;;;;;;;;;;;;;
12.325193;26682500;2152;;;;;;;;;;;;;;
12.327693;26685000;2138;;;;;;;;;;;;;;
12.330193;26687500;2140;;;;;;;;;;;;;;
12.332693;26690000;2154;;;;;;;;;;;;;;
12.335193;26692500;2174;;;;;;;;;;;;;;
12.337693;26695000;2188;;;;;;;;;;;;;;
12.340193;26697500;2190;;;;;;;;;;;;;;
12.342693;26700000;2185;;;;;;;;;;;;;;
12.345193;26702500;2168;;;;;;;;;;;;;;
12.347693;26705000;2152;;;;;;;;;;;;;;
12.350193;26707500;2154;;;;;;;;;;;;;;
12.352693;26710000;2170;;;;;;;;;;;;;;
12.355193;26712500;2186;26713205;369.048;832.296;37.873;45673.246;2036.152;-6329.954;26712760;56.128;680.288;-184.783;63924.332;11289.126;-26147.832
12.357693;26715000;2201;;;;;;;;;;;;;;
12.360193;26717500;2205;;;;;;;;;;;;;;
12.362693;26720000;2190;;;;;;;;;;;;;;
12.365193;26722500;2173;;;;;;;;;;;;;;
12.367693;26725000;2167;;;;;;;;;;;;;;
12.370193;26727500;2168;;;;;;;;;;;;;;
12.372693;26730000;2173;;;;;;;;;;;;;;
12.375193;26732500;2192;;;;;;;;;;;;;;
12.377693;26735000;2208;;;;;;;;;;;;;;
12.380193;26737500;2216;;;;;;;;;;;;;;
12.382693;26740000;2199;;;;;;;;;;;;;;
12.385193;26742500;2174;;;;;;;;;;;;;;
12.387693;26745000;2157;;;;;;;;;;;;;;
12.390193;26747500;2156;;;;;;;;;;;;;;
12.392693;26750000;2170;;;;;;;;;;;;;;
12.395193;26752500;2188;;;;;;;;;;;;;;
12.397693;26755000;2201;;;;;;;;26755986;46.953;676.7;-216.517;61542.738;11158.67;-25486.189
12.400193;26757500;2200;26756416;366.425;832.057;14.763;44322.77;2302.282;-6182.769;;;;;;;
12.402693;26760000;2189;;;;;;;;;;;;;;
12.405193;26762500;2171;;;;;;;;;;;;;;
12.407693;26765000;2154;;;;;;;;;;;;;;
12.410193;26767500;2152;;;;;;;;;;;;;;
12.412693;26770000;2169;;;;;;;;;;;;;;
12.415193;26772500;2185;;;;;;;;;;;;;;
12.417693;26775000;2192;;;;;;;;;;;;;;
12.420193;26777500;2201;;;;;;;;;;;;;;
12.422693;26780000;2185;;;;;;;;;;;;;;
12.425193;26782500;2167;;;;;;;;;;;;;;
12.427693;26785000;2152;;;;;;;;;;;;;;
12.430193;26787500;2152;;;;;;;;;;;;;;
12.432693;26790000;2167;26789753;365.123;838.461;-4.629;42559.004;2475.918;-5962.88;26789315;38.2;676.086;-246.378;58120.852;11358.924;-24388.629
12.435193;26792500;2184;;;;;;;;;;;;;;
12.437693;26795000;2200;;;;;;;;;;;;;;
12.440193;26797500;2202;;;;;;;;;;;;;;
12.442693;26800000;2187;;;;;;;;;;;;;;
12.445193;26802500;2171;;;;;;;;;;;;;;
12.447693;26805000;2156;;;;;;;;;;;;;;
12.450193;26807500;2156;;;;;;;;;;;;;;
12.452693;26810000;2171;;;;;;;;;;;;;;
12.455193;26812500;2189;;;;;;;;;;;;;;
12.457693;26815000;2205;;;;;;;;;;;;;;
12.460193;26817500;2206;;;;;;;;;;;;;;
12.462693;26820000;2200;;;;;;;;;;;;;;
12.465193;26822500;2175;26823073;364.319;845.619;-22.856;39880.68;2896.81;-5710.236;26822642;30.197;676.393;-273.844;52816.871;12050.54;-22320.447
12.467693;26825000;2168;;;;;;;;;;;;;;
12.470193;26827500;2168;;;;;;;;;;;;;;
12.472693;26830000;2175;;;;;;;;;;;;;;
12.475193;26832500;2200;;;;;;;;;;;;;;
12.477693;26835000;2216;;;;;;;;;;;;;;
12.480193;26837500;2217;;;;;;;;;;;;;;
12.482693;26840000;2202;;;;;;;;;;;;;;
12.485193;26842500;2185;;;;;;;;;;;;;;
12.487693;26845000;2171;;;;;;;;;;;;;;
12.490193;26847500;2171;;;;;;;;;;;;;;
12.492693;26850000;2185;;;;;;;;;;;;;;
12.495193;26852500;2203;;;;;;;;;;;;;;
12.497693;26855000;2217;;;;;;;;26856055;21.306;676.44;-303.163;46745.152;12642.388;-20317.174
12.500193;26857500;2219;26856500;362.561;849.247;-42.471;35641.832;3615.594;-5333.287;;;;;;;
12.502693;26860000;2204;;;;;;;;;;;;;;
12.505193;26862500;2189;;;;;;;;;;;;;;
12.507693;26865000;2169;;;;;;;;;;;;;;
12.510193;26867500;2172;;;;;;;;;;;;;;
12.512693;26870000;2186;;;;;;;;;;;;;;
12.515193;26872500;2202;;;;;;;;;;;;;;
12.517693;26875000;2218;;;;;;;;;;;;;;
12.520193;26877500;2221;;;;;;;;;;;;;;
12.522693;26880000;2216;;;;;;;;;;;;;;
12.525193;26882500;2190;;;;;;;;;;;;;;
12.527693;26885000;2174;;;;;;;;;;;;;;
12.530193;26887500;2174;26888257;360.457;845.165;-61.289;31042.238;4048.189;-4983.06;26887835;15.879;671.813;-328.386;40761.332;12236.019;-18470.064
12.532693;26890000;2189;;;;;;;;;;;;;;
12.535193;26892500;2205;;;;;;;;;;;;;;
12.537693;26895000;2223;;;;;;;;;;;;;;
12.540193;26897500;2232;;;;;;;;;;;;;;
12.542693;26900000;2220;;;;;;;;;;;;;;
12.545193;26902500;2204;;;;;;;;;;;;;;
12.547693;26905000;2187;;;;;;;;;;;;;;
12.550193;26907500;2188;;;;;;;;;;;;;;
12.552693;26910000;2206;;;;;;;;;;;;;;
12.555193;26912500;2223;;;;;;;;;;;;;;
12.557693;26915000;2239;;;;;;;;;;;;;;
12.560193;26917500;2249;;;;;;;;;;;;;;
12.562693;26920000;2235;;;;;;;;26921249;12.639;677.11;-348.055;34307.141;12036.343;-16218.748
12.565193;26922500;2219;26921689;358.795;845.119;-75.909;28018.814;3917.092;-4502.47;;;;;;;
12.567693;26925000;2205;;;;;;;;;;;;;;
12.570193;26927500;2214;;;;;;;;;;;;;;
12.572693;26930000;2223;;;;;;;;;;;;;;
12.575193;26932500;2248;;;;;;;;;;;;;;
12.577693;26935000;2265;;;;;;;;;;;;;;
12.580193;26937500;2270;;;;;;;;;;;;;;
12.582693;26940000;2256;;;;;;;;;;;;;;
12.585193;26942500;2247;;;;;;;;;;;;;;
12.587693;26945000;2235;;;;;;;;;;;;;;
12.590193;26947500;2234;;;;;;;;;;;;;;
12.592693;26950000;2249;;;;;;;;;;;;;;
12.595193;26952500;2268;;;;;;;;;;;;;;
12.597693;26955000;2285;;;;;;;;;;;;;;
12.600193;26957500;2295;;;;;;;;;;;;;;
12.602693;26960000;2283;;;;;;;;;;;;;;
12.605193;26962500;2265;;;;;;;;;;;;;;
12.607693;26965000;2251;26964997;360.344;854.329;-87.266;23421.061;3926.863;-3566.846;26964562;10.994;689.45;-361.396;23866.721;12263.15;-13093.873
12.610193;26967500;2251;;;;;;;;;;;;;;
12.612693;26970000;2265;;;;;;;;;;;;;;
12.615193;26972500;2283;;;;;;;;;;;;;;
12.617693;26975000;2299;;;;;;;;;;;;;;
12.620193;26977500;2299;;;;;;;;;;;;;;
12.622693;26980000;2287;;;;;;;;;;;;;;
12.625193;26982500;2267;;;;;;;;;;;;;;
12.627693;26985000;2251;;;;;;;;;;;;;;
12.630193;26987500;2251;;;;;;;;;;;;;;
12.632693;26990000;2263;;;;;;;;;;;;;;
12.635193;26992500;2280;;;;;;;;;;;;;;
12.637693;26995000;2295;;;;;;;;;;;;;;
12.640193;26997500;2297;26998416;360.713;861.413;-97.725;18710.633;4260.332;-3053.379;26997977;11.866;694.078;-371.642;13010.322;12432.243;-10181.68
12.642693;27000000;2281;;;;;;;;;;;;;;
12.645193;27002500;2264;;;;;;;;;;;;;;
12.647693;27005000;2248;;;;;;;;;;;;;;
12.650193;27007500;2237;;;;;;;;;;;;;;
12.652693;27010000;2249;;;;;;;;;;;;;;
12.655193;27012500;2267;;;;;;;;;;;;;;
12.657693;27015000;2281;;;;;;;;;;;;;;
12.660193;27017500;2282;;;;;;;;;;;;;;
12.662693;27020000;2270;;;;;;;;;;;;;;
12.665193;27022500;2250;;;;;;;;;;;;;;
12.667693;27025000;2233;;;;;;;;;;;;;;
12.670193;27027500;2232;27028534;357.726;862.012;-111.383;13335.789;4922.315;-2594.897;27028098;9.241;694.998;-375.899;3505.681;12255.131;-7457.096
12.672693;27030000;2238;;;;;;;;;;;;;;
12.675193;27032500;2255;;;;;;;;;;;;;;
12.677693;27035000;2268;;;;;;;;;;;;;;
12.680193;27037500;2279;;;;;;;;;;;;;;
12.682693;27040000;2253;;;;;;;;;;;;;;
12.685193;27042500;2234;;;;;;;;;;;;;;
12.687693;27045000;2216;;;;;;;;;;;;;;
12.690193;27047500;2204;;;;;;;;;;;;;;
12.692693;27050000;2216;;;;;;;;;;;;;;
12.695193;27052500;2231;;;;;;;;;;;;;;
12.697693;27055000;2237;;;;;;;;;;;;;;
12.700193;27057500;2233;;;;;;;;;;;;;;
12.702693;27060000;2219;;;;;;;;;;;;;;
12.705193;27062500;2200;;;;;;;;;;;;;;
12.707693;27065000;2173;27065064;356.114;857.903;-121.1;8990.499;5252.825;-2349.653;27064632;10.066;707.426;-378.862;-3691.479;12086.437;-4632.928
12.710193;27067500;2160;;;;;;;;;;;;;;
12.712693;27070000;2170;;;;;;;;;;;;;;
12.715193;27072500;2184;;;;;;;;;;;;;;
12.717693;27075000;2189;;;;;;;;;;;;;;
12.720193;27077500;2187;;;;;;;;;;;;;;
12.722693;27080000;2170;;;;;;;;;;;;;;
12.725193;27082500;2142;;;;;;;;;;;;;;
12.727693;27085000;2122;;;;;;;;;;;;;;
12.730193;27087500;2111;;;;;;;;;;;;;;
12.732693;27090000;2120;;;;;;;;;;;;;;
12.735193;27092500;2126;;;;;;;;;;;;;;
12.737693;27095000;2137;;;;;;;;;;;;;;
12.740193;27097500;2125;27098395;352.332;856.231;-126.288;7281.849;4690.496;-2164.795;27097959;18.896;715.553;-373.943;-10709.904;11858.802;-2114.032
12.742693;27100000;2110;;;;;;;;;;;;;;
12.745193;27102500;2088;;;;;;;;;;;;;;
12.747693;27105000;2059;;;;;;;;;;;;;;
12.750193;27107500;2044;;;;;;;;;;;;;;
12.752693;27110000;2046;;;;;;;;;;;;;;
12.755193;27112500;2060;;;;;;;;;;;;;;
12.757693;27115000;2064;;;;;;;;;;;;;;
12.760193;27117500;2063;;;;;;;;;;;;;;
12.762693;27120000;2043;;;;;;;;;;;;;;
12.765193;27122500;2013;;;;;;;;;;;;;;
12.767693;27125000;1996;;;;;;;;;;;;;;
12.770193;27127500;1982;;;;;;;;;;;;;;
12.772693;27130000;1990;27130170;353.723;858.779;-131.094;4857.569;4430.159;-2081.93;27129738;23.344;726.892;-364.884;-16888.723;11609.736;-10.705
12.775193;27132500;1997;;;;;;;;;;;;;;
12.777693;27135000;2010;;;;;;;;;;;;;;
12.780193;27137500;1998;;;;;;;;;;;;;;
12.782693;27140000;1982;;;;;;;;;;;;;;
12.785193;27142500;1964;;;;;;;;;;;;;;
12.787693;27145000;1935;;;;;;;;;;;;;;
12.790193;27147500;1932;;;;;;;;;;;;;;
12.792693;27150000;1945;;;;;;;;;;;;;;
12.795193;27152500;1950;;;;;;;;;;;;;;
12.797693;27155000;1962;;;;;;;;;;;;;;
12.800193;27157500;1963;;;;;;;;;;;;;;
12.802693;27160000;1946;;;;;;;;;;;;;;
12.805193;27162500;1917;27163408;355.618;863.616;-134.476;2010.69;4461.526;-2060.958;27162978;25.733;743.313;-356.443;-23112.098;11902.062;2288.455
12.807693;27165000;1901;;;;;;;;;;;;;;
12.810193;27167500;1898;;;;;;;;;;;;;;
12.812693;27170000;1902;;;;;;;;;;;;;;
12.815193;27172500;1918;;;;;;;;;;;;;;
12.817693;27175000;1931;;;;;;;;;;;;;;
12.820193;27177500;1932;;;;;;;;;;;;;;
12.822693;27180000;1917;;;;;;;;;;;;;;
12.825193;27182500;1897;;;;;;;;;;;;;;
12.827693;27185000;1881;;;;;;;;;;;;;;
12.830193;27187500;1880;;;;;;;;;;;;;;
12.832693;27190000;1886;;;;;;;;;;;;;;
12.835193;27192500;1902;;;;;;;;;;;;;;
12.837693;27195000;1919;;;;;;;;;;;;;;
12.840193;27197500;1917;;;;;;;;;;;;;;
12.842693;27200000;1911;;;;;;;;;;;;;;
12.845193;27202500;1887;;;;;;;;;;;;;;
12.847693;27205000;1880;;;;;;;;27206206;33.48;757.881;-340.896;-30594.93;11730.021;4182.595
12.850193;27207500;1870;27206643;353.386;866.478;-135.572;-757.282;4551.262;-2259.786;;;;;;;
12.852693;27210000;1886;;;;;;;;;;;;;;
12.855193;27212500;1912;;;;;;;;;;;;;;
12.857693;27215000;1918;;;;;;;;;;;;;;
12.860193;27217500;1929;;;;;;;;;;;;;;
12.862693;27220000;1918;;;;;;;;;;;;;;
12.865193;27222500;1902;;;;;;;;;;;;;;
12.867693;27225000;1887;;;;;;;;;;;;;;
12.870193;27227500;1884;;;;;;;;;;;;;;
12.872693;27230000;1900;;;;;;;;;;;;;;
12.875193;27232500;1920;27231720;352.034;872.649;-134.095;-4228.605;4584.449;-2108.734;27231290;40.365;766.243;-324.473;-37320.809;11905.207;5948.777
12.877693;27235000;1945;;;;;;;;;;;;;;
12.880193;27237500;1948;;;;;;;;;;;;;;
12.882693;27240000;1944;;;;;;;;;;;;;;
12.885193;27242500;1928;;;;;;;;;;;;;;
12.887693;27245000;1913;;;;;;;;;;;;;;
12.890193;27247500;1915;;;;;;;;;;;;;;
12.892693;27250000;1929;;;;;;;;;;;;;;
12.895193;27252500;1949;;;;;;;;;;;;;;
12.897693;27255000;1965;;;;;;;;;;;;;;
12.900193;27257500;1975;;;;;;;;;;;;;;
12.902693;27260000;1962;;;;;;;;;;;;;;
12.905193;27262500;1947;;;;;;;;;;;;;;
12.907693;27265000;1935;;;;;;;;;;;;;;
12.910193;27267500;1931;;;;;;;;;;;;;;
12.912693;27270000;1943;;;;;;;;;;;;;;
12.915193;27272500;1965;27273379;351.61;876.28;-133.496;-7938.925;4388.914;-2382.172;27272947;45.099;774.145;-302.467;-42258.77;11549.696;7344.463
12.917693;27275000;1983;;;;;;;;;;;;;;
12.920193;27277500;1992;;;;;;;;;;;;;;
12.922693;27280000;1982;;;;;;;;;;;;;;
12.925193;27282500;1967;;;;;;;;;;;;;;
12.927693;27285000;1950;;;;;;;;;;;;;;
12.930193;27287500;1959;;;;;;;;;;;;;;
12.932693;27290000;1966;;;;;;;;;;;;;;
12.935193;27292500;1990;;;;;;;;;;;;;;
12.937693;27295000;2007;;;;;;;;;;;;;;
12.940193;27297500;2009;;;;;;;;;;;;;;
12.942693;27300000;1998;;;;;;;;;;;;;;
12.945193;27302500;1983;;;;;;;;;;;;;;
12.947693;27305000;1976;;;;;;;;;;;;;;
12.950193;27307500;1976;27306797;349.646;877.758;-128.425;-10613.229;4008.906;-2907.063;27306361;53.934;786.049;-280.09;-47079.332;11187.461;8634.928
12.952693;27310000;1982;;;;;;;;;;;;;;
12.955193;27312500;2010;;;;;;;;;;;;;;
12.957693;27315000;2025;;;;;;;;;;;;;;
12.960193;27317500;2030;;;;;;;;;;;;;;
12.962693;27320000;2025;;;;;;;;;;;;;;
12.965193;27322500;2009;;;;;;;;;;;;;;
12.967693;27325000;1990;;;;;;;;;;;;;;
12.970193;27327500;1997;;;;;;;;;;;;;;
12.972693;27330000;2011;;;;;;;;;;;;;;
12.975193;27332500;2030;27333709;348.487;883.768;-117.203;-13236.067;3428.71;-2995.335;27333277;61.79;791.435;-254.911;-51484.301;10529.65;9554.182
12.977693;27335000;2059;;;;;;;;;;;;;;
12.980193;27337500;2062;;;;;;;;;;;;;;
12.982693;27340000;2058;;;;;;;;;;;;;;
12.985193;27342500;2044;;;;;;;;;;;;;;
12.987693;27345000;2029;;;;;;;;;;;;;;
12.990193;27347500;2028;;;;;;;;;;;;;;
12.992693;27350000;2038;;;;;;;;;;;;;;
12.995193;27352500;2075;;;;;;;;;;;;;;
12.997693;27355000;2092;;;;;;;;;;;;;;
13.000193;27357500;2105;;;;;;;;;;;;;;
13.002693;27360000;2092;;;;;;;;;;;;;;
13.005193;27362500;2076;;;;;;;;;;;;;;
13.007693;27365000;2063;;;;;;;;;;;;;;
13.010193;27367500;2062;;;;;;;;;;;;;;
13.012693;27370000;2078;;;;;;;;;;;;;;
13.015193;27372500;2104;27372157;349.839;888.154;-109.849;-17172.389;2663.587;-3498.756;27371727;66.808;801.932;-225.097;-56149.836;9786.605;10712.723
13.017693;27375000;2124;;;;;;;;;;;;;;
13.020193;27377500;2134;;;;;;;;;;;;;;
13.022693;27380000;2123;;;;;;;;;;;;;;
13.025193;27382500;2110;;;;;;;;;;;;;;
13.027693;27385000;2104;;;;;;;;;;;;;;
13.030193;27387500;2094;;;;;;;;;;;;;;
13.032693;27390000;2121;;;;;;;;;;;;;;
13.035193;27392500;2136;;;;;;;;;;;;;;
13.037693;27395000;2158;;;;;;;;;;;;;;
13.040193;27397500;2169;;;;;;;;;;;;;;
13.042693;27400000;2158;;;;;;;;;;;;;;
13.045193;27402500;2143;;;;;;;;;;;;;;
13.047693;27405000;2135;;;;;;;;;;;;;;
13.050193;27407500;2135;;;;;;;;;;;;;;
13.052693;27410000;2142;;;;;;;;;;;;;;
13.055193;27412500;2168;;;;;;;;;;;;;;
13.057693;27415000;2186;;;;;;;;;;;;;;
13.060193;27417500;2189;27417202;342.351;896.334;-107.961;-21663.082;2289.345;-3571.881;27416764;72.391;802.193;-193.664;-60430.719;9144.15;11335.148
13.062693;27420000;2185;;;;;;;;;;;;;;
13.065193;27422500;2170;;;;;;;;;;;;;;
13.067693;27425000;2139;;;;;;;;;;;;;;
13.070193;27427500;2141;;;;;;;;;;;;;;
13.072693;27430000;2168;;;;;;;;;;;;;;
13.075193;27432500;2187;;;;;;;;;;;;;;
13.077693;27435000;2201;;;;;;;;;;;;;;
13.080193;27437500;2215;;;;;;;;;;;;;;
13.082693;27440000;2201;;;;;;;;;;;;;;
13.085193;27442500;2171;;;;;;;;;;;;;;
13.087693;27445000;2173;;;;;;;;;;;;;;
13.090193;27447500;2168;;;;;;;;;;;;;;
13.092693;27450000;2175;;;;;;;;;;;;;;
13.095193;27452500;2192;;;;;;;;;;;;;;
13.097693;27455000;2217;;;;;;;;;;;;;;
13.100193;27457500;2220;;;;;;;;;;;;;;
13.102693;27460000;2216;27460594;339.641;892.546;-97.061;-26141.428;1560.628;-3643.974;27460164;80.258;796.969;-157.409;-63937.121;8096.755;12111.953
13.105193;27462500;2192;;;;;;;;;;;;;;
13.107693;27465000;2184;;;;;;;;;;;;;;
13.110193;27467500;2175;;;;;;;;;;;;;;
13.112693;27470000;2190;;;;;;;;;;;;;;
13.115193;27472500;2216;;;;;;;;;;;;;;
13.117693;27475000;2233;;;;;;;;;;;;;;
13.120193;27477500;2235;;;;;;;;;;;;;;
13.122693;27480000;2233;;;;;;;;;;;;;;
13.125193;27482500;2216;;;;;;;;;;;;;;
13.127693;27485000;2203;;;;;;;;;;;;;;
13.130193;27487500;2202;;;;;;;;;;;;;;
13.132693;27490000;2216;;;;;;;;;;;;;;
13.135193;27492500;2233;;;;;;;;27493579;91.032;791.354;-119.325;-66732.266;7290.729;12672.293
13.137693;27495000;2252;27494023;337.555;888.612;-79.935;-28896.105;1152.722;-3888.338;;;;;;;
13.140193;27497500;2264;;;;;;;;;;;;;;
13.142693;27500000;2250;;;;;;;;;;;;;;
13.145193;27502500;2234;;;;;;;;;;;;;;
13.147693;27505000;2220;;;;;;;;;;;;;;
13.150193;27507500;2217;;;;;;;;;;;;;;
13.152693;27510000;2222;;;;;;;;;;;;;;
13.155193;27512500;2250;;;;;;;;;;;;;;
13.157693;27515000;2268;;;;;;;;;;;;;;
13.160193;27517500;2270;;;;;;;;;;;;;;
13.162693;27520000;2265;;;;;;;;;;;;;;
13.165193;27522500;2249;;;;;;;;;;;;;;
13.167693;27525000;2233;27525788;337.276;889.34;-60.859;-31553.738;464.648;-4282.358;27525358;100.919;786.636;-82.536;-69016.656;6395.943;13154.303
13.170193;27527500;2231;;;;;;;;;;;;;;
13.172693;27530000;2248;;;;;;;;;;;;;;
13.175193;27532500;2265;;;;;;;;;;;;;;
13.177693;27535000;2282;;;;;;;;;;;;;;
13.180193;27537500;2286;;;;;;;;;;;;;;
13.182693;27540000;2281;;;;;;;;;;;;;;
13.185193;27542500;2264;;;;;;;;;;;;;;
13.187693;27545000;2249;;;;;;;;;;;;;;
13.190193;27547500;2248;;;;;;;;;;;;;;
13.192693;27550000;2253;;;;;;;;;;;;;;
13.195193;27552500;2279;;;;;;;;;;;;;;
13.197693;27555000;2295;;;;;;;;;;;;;;
13.200193;27557500;2298;;;;;;;;27558685;111.769;778.756;-44.987;-71993.133;5390.146;13621.4
13.202693;27560000;2286;27559117;338.175;891.916;-41.187;-34795.113;-344.772;-4512.74;;;;;;;
13.205193;27562500;2270;;;;;;;;;;;;;;
13.207693;27565000;2255;;;;;;;;;;;;;;
13.210193;27567500;2252;;;;;;;;;;;;;;
13.212693;27570000;2265;;;;;;;;;;;;;;
13.215193;27572500;2283;;;;;;;;;;;;;;
13.217693;27575000;2298;;;;;;;;;;;;;;
13.220193;27577500;2302;;;;;;;;;;;;;;
13.222693;27580000;2297;;;;;;;;;;;;;;
13.225193;27582500;2280;;;;;;;;;;;;;;
13.227693;27585000;2255;;;;;;;;;;;;;;
13.230193;27587500;2252;;;;;;;;;;;;;;
13.232693;27590000;2266;;;;;;;;;;;;;;
13.235193;27592500;2282;27592534;338.34;891.862;-17.321;-38407.293;-858.658;-4198.728;27592099;121.943;768.354;-8.748;-74852.727;4704.576;13792.143
13.237693;27595000;2299;;;;;;;;;;;;;;
13.240193;27597500;2312;;;;;;;;;;;;;;
13.242693;27600000;2300;;;;;;;;;;;;;;
13.245193;27602500;2280;;;;;;;;;;;;;;
13.247693;27605000;2266;;;;;;;;;;;;;;
13.250193;27607500;2255;;;;;;;;;;;;;;
13.252693;27610000;2268;;;;;;;;;;;;;;
13.255193;27612500;2282;;;;;;;;;;;;;;
13.257693;27615000;2301;;;;;;;;;;;;;;
13.260193;27617500;2302;;;;;;;;;;;;;;
13.262693;27620000;2295;;;;;;;;;;;;;;
13.265193;27622500;2279;;;;;;;;;;;;;;
13.267693;27625000;2264;27625859;336.82;892.72;6.28;-42364.305;-1333.725;-3837.417;27625427;129.388;754.122;29.796;-77244.273;3667.847;14064.598
13.270193;27627500;2252;;;;;;;;;;;;;;
13.272693;27630000;2261;;;;;;;;;;;;;;
13.275193;27632500;2280;;;;;;;;;;;;;;
13.277693;27635000;2297;;;;;;;;;;;;;;
13.280193;27637500;2298;;;;;;;;;;;;;;
13.282693;27640000;2285;;;;;;;;;;;;;;
13.285193;27642500;2267;;;;;;;;;;;;;;
13.287693;27645000;2251;;;;;;;;;;;;;;
13.290193;27647500;2240;;;;;;;;;;;;;;
13.292693;27650000;2239;;;;;;;;;;;;;;
13.295193;27652500;2266;;;;;;;;;;;;;;
13.297693;27655000;2282;;;;;;;;;;;;;;
13.300193;27657500;2284;;;;;;;;;;;;;;
13.302693;27660000;2280;;;;;;;;;;;;;;
13.305193;27662500;2254;;;;;;;;;;;;;;
13.307693;27665000;2238;;;;;;;;;;;;;;
13.310193;27667500;2233;;;;;;;;27668566;143.909;742.134;67.047;-80201.375;2700.454;13789.68
13.312693;27670000;2247;27668996;337.62;884.135;28.634;-46970.465;-1726.851;-3412.358;;;;;;;
13.315193;27672500;2254;;;;;;;;;;;;;;
13.317693;27675000;2270;;;;;;;;;;;;;;
13.320193;27677500;2271;;;;;;;;;;;;;;
13.322693;27680000;2265;;;;;;;;;;;;;;
13.325193;27682500;2247;;;;;;;;;;;;;;
13.327693;27685000;2223;;;;;;;;;;;;;;
13.330193;27687500;2219;;;;;;;;;;;;;;
13.332693;27690000;2231;;;;;;;;;;;;;;
13.335193;27692500;2240;;;;;;;;;;;;;;
13.337693;27695000;2263;;;;;;;;;;;;;;
13.340193;27697500;2255;;;;;;;;;;;;;;
13.342693;27700000;2251;;;;;;;;;;;;;;
13.345193;27702500;2234;27702340;337.965;876.041;52.444;-50794.629;-2214.071;-2683.053;27701895;153.934;717.477;103.162;-83232.867;2136.244;13276.945
13.347693;27705000;2218;;;;;;;;;;;;;;
13.350193;27707500;2214;;;;;;;;;;;;;;
13.352693;27710000;2216;;;;;;;;;;;;;;
13.355193;27712500;2233;;;;;;;;;;;;;;
13.357693;27715000;2248;;;;;;;;;;;;;;
13.360193;27717500;2251;;;;;;;;;;;;;;
13.362693;27720000;2246;;;;;;;;;;;;;;
13.365193;27722500;2221;;;;;;;;;;;;;;
13.367693;27725000;2203;;;;;;;;;;;;;;
13.370193;27727500;2199;;;;;;;;27728723;160.798;694.371;142.406;-84749.102;1046.369;12919.348
13.372693;27730000;2205;27729153;336.628;870.986;79.376;-54205.773;-2693.118;-2368.65;;;;;;;
13.375193;27732500;2222;;;;;;;;;;;;;;
13.377693;27735000;2236;;;;;;;;;;;;;;
13.380193;27737500;2247;;;;;;;;;;;;;;
13.382693;27740000;2233;;;;;;;;;;;;;;
13.385193;27742500;2216;;;;;;;;;;;;;;
13.387693;27745000;2200;;;;;;;;;;;;;;
13.390193;27747500;2188;;;;;;;;;;;;;;
13.392693;27750000;2201;;;;;;;;;;;;;;
13.395193;27752500;2216;;;;;;;;;;;;;;
13.397693;27755000;2232;;;;;;;;;;;;;;
13.400193;27757500;2234;;;;;;;;;;;;;;
13.402693;27760000;2220;;;;;;;;;;;;;;
13.405193;27762500;2202;;;;;;;;;;;;;;
13.407693;27765000;2184;;;;;;;;;;;;;;
13.410193;27767500;2171;27767519;337.426;860.291;105.572;-56998.359;-3177.087;-1996.03;27767087;173.382;675.762;179.382;-86032.898;227.113;12424.317
13.412693;27770000;2174;;;;;;;;;;;;;;
13.415193;27772500;2190;;;;;;;;;;;;;;
13.417693;27775000;2204;;;;;;;;;;;;;;
13.420193;27777500;2205;;;;;;;;;;;;;;
13.422693;27780000;2192;;;;;;;;;;;;;;
13.425193;27782500;2171;;;;;;;;;;;;;;
13.427693;27785000;2152;;;;;;;;;;;;;;
13.430193;27787500;2142;;;;;;;;;;;;;;
13.432693;27790000;2143;;;;;;;;;;;;;;
13.435193;27792500;2158;;;;;;;;;;;;;;
13.437693;27795000;2171;;;;;;;;;;;;;;
13.440193;27797500;2173;;;;;;;;;;;;;;
13.442693;27800000;2157;27800936;338.171;847.965;131.69;-59707.754;-3547.17;-1675.291;27800501;182.354;645.719;213.534;-87770.062;-335.492;11866.102
13.445193;27802500;2139;;;;;;;;;;;;;;
13.447693;27805000;2120;;;;;;;;;;;;;;
13.450193;27807500;2107;;;;;;;;;;;;;;
13.452693;27810000;2109;;;;;;;;;;;;;;
13.455193;27812500;2124;;;;;;;;;;;;;;
13.457693;27815000;2141;;;;;;;;;;;;;;
13.460193;27817500;2138;;;;;;;;;;;;;;
13.462693;27820000;2126;;;;;;;;;;;;;;
13.465193;27822500;2107;;;;;;;;;;;;;;
13.467693;27825000;2088;;;;;;;;;;;;;;
13.470193;27827500;2075;;;;;;;;;;;;;;
13.472693;27830000;2079;27831141;337.464;829.089;157.088;-61589.992;-3888.249;-1357.901;27830709;191.067;612.03;249.046;-88194.492;-930.78;11312.171
13.475193;27832500;2093;;;;;;;;;;;;;;
13.477693;27835000;2106;;;;;;;;;;;;;;
13.480193;27837500;2110;;;;;;;;;;;;;;
13.482693;27840000;2094;;;;;;;;;;;;;;
13.485193;27842500;2075;;;;;;;;;;;;;;
13.487693;27845000;2055;;;;;;;;;;;;;;
13.490193;27847500;2042;;;;;;;;;;;;;;
13.492693;27850000;2043;;;;;;;;;;;;;;
13.495193;27852500;2058;;;;;;;;;;;;;;
13.497693;27855000;2073;;;;;;;;;;;;;;
13.500193;27857500;2062;;;;;;;;;;;;;;
13.502693;27860000;2059;;;;;;;;;;;;;;
13.505193;27862500;2032;;;;;;;;;;;;;;
13.507693;27865000;2010;;;;;;;;;;;;;;
13.510193;27867500;2008;27867933;337.146;810.534;185.327;-61521.367;-4075.336;-1067.319;27867503;199.197;579.404;282.741;-86582.578;-1354.554;10892.688
13.512693;27870000;2009;;;;;;;;;;;;;;
13.515193;27872500;2022;;;;;;;;;;;;;;
13.517693;27875000;2028;;;;;;;;;;;;;;
13.520193;27877500;2030;;;;;;;;;;;;;;
13.522693;27880000;2014;;;;;;;;;;;;;;
13.525193;27882500;1996;;;;;;;;;;;;;;
13.527693;27885000;1978;;;;;;;;;;;;;;
13.530193;27887500;1966;;;;;;;;;;;;;;
13.532693;27890000;1966;;;;;;;;;;;;;;
13.535193;27892500;1978;;;;;;;;;;;;;;
13.537693;27895000;1992;;;;;;;;;;;;;;
13.540193;27897500;1994;;;;;;;;;;;;;;
13.542693;27900000;1980;;;;;;;;;;;;;;
13.545193;27902500;1962;;;;;;;;;;;;;;
13.547693;27905000;1936;;;;;;;;;;;;;;
13.550193;27907500;1930;;;;;;;;;;;;;;
13.552693;27910000;1933;;;;;;;;27910991;209.294;553.105;315.787;-84278.633;-1732.639;10471.865
13.555193;27912500;1947;27911429;337.778;794.188;213.844;-60389.109;-4278.882;-1312.328;;;;;;;
13.557693;27915000;1960;;;;;;;;;;;;;;
13.560193;27917500;1960;;;;;;;;;;;;;;
13.562693;27920000;1945;;;;;;;;;;;;;;
13.565193;27922500;1920;;;;;;;;;;;;;;
13.567693;27925000;1902;;;;;;;;;;;;;;
13.570193;27927500;1898;;;;;;;;;;;;;;
13.572693;27930000;1900;;;;;;;;;;;;;;
13.575193;27932500;1914;;;;;;;;;;;;;;
13.577693;27935000;1920;;;;;;;;;;;;;;
13.580193;27937500;1930;;;;;;;;;;;;;;
13.582693;27940000;1916;;;;;;;;;;;;;;
13.585193;27942500;1898;;;;;;;;;;;;;;
13.587693;27945000;1881;;;;;;;;;;;;;;
13.590193;27947500;1870;;;;;;;;;;;;;;
13.592693;27950000;1880;;;;;;;;;;;;;;
13.595193;27952500;1898;;;;;;;;;;;;;;
13.597693;27955000;1911;27954908;338.756;778.732;240.618;-59040.465;-4385.625;-1242.774;27954478;217.837;522.553;346.175;-82086.828;-1886.632;9914.584
13.600193;27957500;1901;;;;;;;;;;;;;;
13.602693;27960000;1900;;;;;;;;;;;;;;
13.605193;27962500;1883;;;;;;;;;;;;;;
13.607693;27965000;1865;;;;;;;;;;;;;;
13.610193;27967500;1854;;;;;;;;;;;;;;
13.612693;27970000;1866;;;;;;;;;;;;;;
13.615193;27972500;1882;;;;;;;;;;;;;;
13.617693;27975000;1896;;;;;;;;;;;;;;
13.620193;27977500;1900;;;;;;;;;;;;;;
13.622693;27980000;1895;;;;;;;;;;;;;;
13.625193;27982500;1878;;;;;;;;;;;;;;
13.627693;27985000;1855;;;;;;;;;;;;;;
13.630193;27987500;1854;27988417;340.185;763.03;268.762;-57459.566;-4379.406;-1116.76;27987980;226.227;492.594;375.568;-79305.047;-1973.425;9434.604
13.632693;27990000;1863;;;;;;;;;;;;;;
13.635193;27992500;1872;;;;;;;;;;;;;;
13.637693;27995000;1897;;;;;;;;;;;;;;
13.640193;27997500;1899;;;;;;;;;;;;;;
13.642693;28000000;1896;;;;;;;;;;;;;;
13.645193;28002500;1881;;;;;;;;;;;;;;
13.647693;28005000;1864;;;;;;;;;;;;;;
13.650193;28007500;1863;;;;;;;;;;;;;;
13.652693;28010000;1868;;;;;;;;;;;;;;
13.655193;28012500;1884;;;;;;;;;;;;;;
13.657693;28015000;1899;;;;;;;;;;;;;;
13.660193;28017500;1904;;;;;;;;;;;;;;
13.662693;28020000;1899;;;;;;;;;;;;;;
13.665193;28022500;1884;28021911;341.83;745.051;295.236;-55542.086;-4355.124;-1087.172;28021481;236.492;467.025;402.686;-76288.297;-2020.441;8805.374
13.667693;28025000;1868;;;;;;;;;;;;;;
13.670193;28027500;1865;;;;;;;;;;;;;;
13.672693;28030000;1870;;;;;;;;;;;;;;
13.675193;28032500;1894;;;;;;;;;;;;;;
13.677693;28035000;1913;;;;;;;;;;;;;;
13.680193;28037500;1914;;;;;;;;;;;;;;
13.682693;28040000;1912;;;;;;;;;;;;;;
13.685193;28042500;1896;;;;;;;;;;;;;;
13.687693;28045000;1884;;;;;;;;;;;;;;
13.690193;28047500;1881;;;;;;;;;;;;;;
13.692693;28050000;1887;;;;;;;;;;;;;;
13.695193;28052500;1901;;;;;;;;;;;;;;
13.697693;28055000;1918;28055426;343.715;729.313;317.66;-53288.23;-4321.992;-1056.001;28054980;244.449;438.33;427.63;-73205.82;-2005.169;8148.98
13.700193;28057500;1929;;;;;;;;;;;;;;
13.702693;28060000;1928;;;;;;;;;;;;;;
13.705193;28062500;1913;;;;;;;;;;;;;;
13.707693;28065000;1897;;;;;;;;;;;;;;
13.710193;28067500;1896;;;;;;;;;;;;;;
13.712693;28070000;1902;;;;;;;;;;;;;;
13.715193;28072500;1928;;;;;;;;;;;;;;
13.717693;28075000;1949;;;;;;;;;;;;;;
13.720193;28077500;1961;;;;;;;;;;;;;;
13.722693;28080000;1963;;;;;;;;;;;;;;
13.725193;28082500;1962;;;;;;;;;;;;;;
13.727693;28085000;1949;;;;;;;;;;;;;;
13.730193;28087500;1949;28087269;345.452;706.676;337.315;-50335.504;-4109.393;-751.201;28086847;253.925;408.227;451.517;-69211.719;-1777.598;7528.906
13.732693;28090000;1967;;;;;;;;;;;;;;
13.735193;28092500;1995;;;;;;;;;;;;;;
13.737693;28095000;2025;;;;;;;;;;;;;;
13.740193;28097500;2031;;;;;;;;;;;;;;
13.742693;28100000;2040;;;;;;;;;;;;;;
13.745193;28102500;2039;;;;;;;;;;;;;;
13.747693;28105000;2026;;;;;;;;;;;;;;
13.750193;28107500;2026;;;;;;;;;;;;;;
13.752693;28110000;2042;;;;;;;;;;;;;;
13.755193;28112500;2062;;;;;;;;;;;;;;
13.757693;28115000;2091;;;;;;;;;;;;;;
13.760193;28117500;2106;;;;;;;;;;;;;;
13.762693;28120000;2107;28120701;346.308;684.604;355.256;-45002.102;-3657.61;-517.641;28120261;260.407;376.171;474.685;-63096.383;-1315.531;6884.273
13.765193;28122500;2104;;;;;;;;;;;;;;
13.767693;28125000;2092;;;;;;;;;;;;;;
13.770193;28127500;2092;;;;;;;;;;;;;;
13.772693;28130000;2109;;;;;;;;;;;;;;
13.775193;28132500;2127;;;;;;;;;;;;;;
13.777693;28135000;2153;;;;;;;;;;;;;;
13.780193;28137500;2171;;;;;;;;;;;;;;
13.782693;28140000;2170;;;;;;;;;;;;;;
13.785193;28142500;2159;;;;;;;;;;;;;;
13.787693;28145000;2152;;;;;;;;;;;;;;
13.790193;28147500;2153;;;;;;;;;;;;;;
13.792693;28150000;2168;;;;;;;;;;;;;;
13.795193;28152500;2185;;;;;;;;;;;;;;
13.797693;28155000;2215;;;;;;;;;;;;;;
13.800193;28157500;2222;;;;;;;;;;;;;;
13.802693;28160000;2222;;;;;;;;;;;;;;
13.805193;28162500;2218;;;;;;;;28163574;266.589;352.239;495.95;-53988.938;-745.317;6302.497
13.807693;28165000;2206;28164009;347.006;669.4;373.801;-36276.559;-3207.855;-667.634;;;;;;;
13.810193;28167500;2203;;;;;;;;;;;;;;
13.812693;28170000;2217;;;;;;;;;;;;;;
13.815193;28172500;2237;;;;;;;;;;;;;;
13.817693;28175000;2264;;;;;;;;;;;;;;
13.820193;28177500;2268;;;;;;;;;;;;;;
13.822693;28180000;2271;;;;;;;;;;;;;;
13.825193;28182500;2265;;;;;;;;;;;;;;
13.827693;28185000;2251;;;;;;;;;;;;;;
13.830193;28187500;2250;;;;;;;;;;;;;;
13.832693;28190000;2266;;;;;;;;;;;;;;
13.835193;28192500;2283;;;;;;;;;;;;;;
13.837693;28195000;2300;;;;;;;;;;;;;;
13.840193;28197500;2316;28197335;347.925;666.387;385.708;-25985.73;-2870.712;-1306.69;28196903;271.81;337.744;517.708;-43238.613;-570.676;5669.747
13.842693;28200000;2314;;;;;;;;;;;;;;
13.845193;28202500;2300;;;;;;;;;;;;;;
13.847693;28205000;2296;;;;;;;;;;;;;;
13.850193;28207500;2286;;;;;;;;;;;;;;
13.852693;28210000;2300;;;;;;;;;;;;;;
13.855193;28212500;2318;;;;;;;;;;;;;;
13.857693;28215000;2334;;;;;;;;;;;;;;
13.860193;28217500;2351;;;;;;;;;;;;;;
13.862693;28220000;2343;;;;;;;;;;;;;;
13.865193;28222500;2343;;;;;;;;;;;;;;
13.867693;28225000;2330;;;;;;;;;;;;;;
13.870193;28227500;2328;28227459;349.22;666.734;395.794;-16512.193;-2242.426;-1788.23;28227024;279.411;331.263;537.164;-32292.121;-330.392;4669.635
13.872693;28230000;2334;;;;;;;;;;;;;;
13.875193;28232500;2360;;;;;;;;;;;;;;
13.877693;28235000;2376;;;;;;;;;;;;;;
13.880193;28237500;2380;;;;;;;;;;;;;;
13.882693;28240000;2380;;;;;;;;;;;;;;
13.885193;28242500;2366;;;;;;;;;;;;;;
13.887693;28245000;2350;;;;;;;;;;;;;;
13.890193;28247500;2349;;;;;;;;;;;;;;
13.892693;28250000;2348;;;;;;;;;;;;;;
13.895193;28252500;2377;;;;;;;;;;;;;;
13.897693;28255000;2395;;;;;;;;;;;;;;
13.900193;28257500;2407;;;;;;;;;;;;;;
13.902693;28260000;2395;;;;;;;;;;;;;;
13.905193;28262500;2383;;;;;;;;28263731;281.276;325.418;549.62;-21501.828;-7.622;3418.528
13.907693;28265000;2367;28264163;348.558;677.86;403.516;-8165.958;-1577.305;-2014.694;;;;;;;
13.910193;28267500;2363;;;;;;;;;;;;;;
13.912693;28270000;2367;;;;;;;;;;;;;;
13.915193;28272500;2382;;;;;;;;;;;;;;
13.917693;28275000;2400;;;;;;;;;;;;;;
13.920193;28277500;2411;;;;;;;;;;;;;;
13.922693;28280000;2408;;;;;;;;;;;;;;
13.925193;28282500;2392;;;;;;;;;;;;;;
13.927693;28285000;2376;;;;;;;;;;;;;;
13.930193;28287500;2366;;;;;;;;;;;;;;
13.932693;28290000;2376;;;;;;;;;;;;;;
13.935193;28292500;2392;;;;;;;;;;;;;;
13.937693;28295000;2408;;;;;;;;;;;;;;
13.940193;28297500;2411;28297320;346.045;682.281;410.21;-1462.035;-1088.065;-2396.959;28296885;283.652;333.663;558.318;-11600.611;-134.554;1999.414
13.942693;28300000;2409;;;;;;;;;;;;;;
13.945193;28302500;2392;;;;;;;;;;;;;;
13.947693;28305000;2377;;;;;;;;;;;;;;
13.950193;28307500;2365;;;;;;;;;;;;;;
13.952693;28310000;2375;;;;;;;;;;;;;;
13.955193;28312500;2383;;;;;;;;;;;;;;
13.957693;28315000;2408;;;;;;;;;;;;;;
13.960193;28317500;2414;;;;;;;;;;;;;;
13.962693;28320000;2410;;;;;;;;;;;;;;
13.965193;28322500;2394;;;;;;;;;;;;;;
13.967693;28325000;2377;;;;;;;;;;;;;;
13.970193;28327500;2375;;;;;;;;28328576;289.026;342.539;562.714;-197.269;-732.014;-536.557
13.972693;28330000;2376;28329008;343.565;683.998;409.476;4122.691;-529.661;-2333.549;;;;;;;
13.975193;28332500;2392;;;;;;;;;;;;;;
13.977693;28335000;2406;;;;;;;;;;;;;;
13.980193;28337500;2412;;;;;;;;;;;;;;
13.982693;28340000;2412;;;;;;;;;;;;;;
13.985193;28342500;2392;;;;;;;;;;;;;;
13.987693;28345000;2376;;;;;;;;;;;;;;
13.990193;28347500;2367;;;;;;;;;;;;;;
13.992693;28350000;2377;;;;;;;;;;;;;;
13.995193;28352500;2393;;;;;;;;;;;;;;
13.997693;28355000;2410;;;;;;;;;;;;;;
14.000193;28357500;2409;;;;;;;;;;;;;;
14.002693;28360000;2399;;;;;;;;;;;;;;
14.005193;28362500;2382;28361986;342.869;697.921;408.235;10044.182;-444.553;-2203.746;28361556;290.794;351.849;563.901;13864.657;-1595.35;-4077.542
14.007693;28365000;2364;;;;;;;;;;;;;;
14.010193;28367500;2360;;;;;;;;;;;;;;
14.012693;28370000;2364;;;;;;;;;;;;;;
14.015193;28372500;2377;;;;;;;;;;;;;;
14.017693;28375000;2383;;;;;;;;;;;;;;
14.020193;28377500;2391;;;;;;;;;;;;;;
14.022693;28380000;2379;;;;;;;;;;;;;;
14.025193;28382500;2361;;;;;;;;;;;;;;
14.027693;28385000;2344;;;;;;;;;;;;;;
14.030193;28387500;2331;;;;;;;;;;;;;;
14.032693;28390000;2332;;;;;;;;;;;;;;
14.035193;28392500;2346;;;;;;;;;;;;;;
14.037693;28395000;2350;28395321;339.475;708.958;406.789;15569.41;-246.888;-3072.684;28394883;293.103;383.386;560.313;25686.111;-2841.646;-6513.539
14.040193;28397500;2359;;;;;;;;;;;;;;
14.042693;28400000;2344;;;;;;;;;;;;;;
14.045193;28402500;2320;;;;;;;;;;;;;;
14.047693;28405000;2300;;;;;;;;;;;;;;
14.050193;28407500;2284;;;;;;;;;;;;;;
14.052693;28410000;2282;;;;;;;;;;;;;;
14.055193;28412500;2287;;;;;;;;;;;;;;
14.057693;28415000;2297;;;;;;;;;;;;;;
14.060193;28417500;2295;;;;;;;;;;;;;;
14.062693;28420000;2280;;;;;;;;;;;;;;
14.065193;28422500;2250;;;;;;;;;;;;;;
14.067693;28425000;2231;;;;;;;;;;;;;;
14.070193;28427500;2215;;;;;;;;;;;;;;
14.072693;28430000;2203;28430298;338.404;719.37;403.145;20989.877;6.956;-3961.612;28429868;296.87;410.68;551.97;35271.055;-3388.188;-9243.361
14.075193;28432500;2204;;;;;;;;;;;;;;
14.077693;28435000;2206;;;;;;;;;;;;;;
14.080193;28437500;2204;;;;;;;;;;;;;;
14.082693;28440000;2186;;;;;;;;;;;;;;
14.085193;28442500;2159;;;;;;;;;;;;;;
14.087693;28445000;2128;;;;;;;;;;;;;;
14.090193;28447500;2108;;;;;;;;;;;;;;
14.092693;28450000;2104;;;;;;;;;;;;;;
14.095193;28452500;2106;;;;;;;;;;;;;;
14.097693;28455000;2108;;;;;;;;;;;;;;
14.100193;28457500;2103;;;;;;;;;;;;;;
14.102693;28460000;2087;;;;;;;;;;;;;;
14.105193;28462500;2059;;;;;;;;;;;;;;
14.107693;28465000;2026;;;;;;;;;;;;;;
14.110193;28467500;2011;;;;;;;;;;;;;;
14.112693;28470000;2008;;;;;;;;28471178;290.993;426.38;545.246;44491.812;-4233.779;-12699.881
14.115193;28472500;2008;28471610;337.063;734.965;392.54;23448.695;134.796;-4288.969;;;;;;;
14.117693;28475000;2011;;;;;;;;;;;;;;
14.120193;28477500;2010;;;;;;;;;;;;;;
14.122693;28480000;1994;;;;;;;;;;;;;;
14.125193;28482500;1967;;;;;;;;;;;;;;
14.127693;28485000;1946;;;;;;;;;;;;;;
14.130193;28487500;1932;;;;;;;;;;;;;;
14.132693;28490000;1928;;;;;;;;;;;;;;
14.135193;28492500;1934;;;;;;;;;;;;;;
14.137693;28495000;1947;;;;;;;;;;;;;;
14.140193;28497500;1947;;;;;;;;;;;;;;
14.142693;28500000;1932;;;;;;;;;;;;;;
14.145193;28502500;1916;;;;;;;;;;;;;;
14.147693;28505000;1895;28504940;331.672;741.825;381.392;24921.822;-131.819;-4465.208;28504505;288.558;446.432;522.967;55055.785;-5260.215;-15840.512
14.150193;28507500;1882;;;;;;;;;;;;;;
14.152693;28510000;1884;;;;;;;;;;;;;;
14.155193;28512500;1898;;;;;;;;;;;;;;
14.157693;28515000;1902;;;;;;;;;;;;;;
14.160193;28517500;1914;;;;;;;;;;;;;;
14.162693;28520000;1902;;;;;;;;;;;;;;
14.165193;28522500;1884;;;;;;;;;;;;;;
14.167693;28525000;1866;;;;;;;;;;;;;;
14.170193;28527500;1863;;;;;;;;;;;;;;
14.172693;28530000;1864;;;;;;;;;;;;;;
14.175193;28532500;1871;28531766;332.73;750.606;372.571;27285.98;-132.228;-4596.76;28531334;285.324;471.428;495.66;66637.25;-5911.579;-18717.361
14.177693;28535000;1884;;;;;;;;;;;;;;
14.180193;28537500;1896;;;;;;;;;;;;;;
14.182693;28540000;1882;;;;;;;;;;;;;;
14.185193;28542500;1867;;;;;;;;;;;;;;
14.187693;28545000;1851;;;;;;;;;;;;;;
14.190193;28547500;1835;;;;;;;;;;;;;;
14.192693;28550000;1837;;;;;;;;;;;;;;
14.195193;28552500;1849;;;;;;;;;;;;;;
14.197693;28555000;1863;;;;;;;;;;;;;;
14.200193;28557500;1867;;;;;;;;;;;;;;
14.202693;28560000;1855;;;;;;;;;;;;;;
14.205193;28562500;1838;;;;;;;;;;;;;;
14.207693;28565000;1818;;;;;;;;;;;;;;
14.210193;28567500;1807;;;;;;;;;;;;;;
14.212693;28570000;1807;28570135;325.89;766.109;357.169;30098.494;-351.804;-5406.422;28569705;270.557;499.92;465.228;77518.016;-7295.562;-20527.242
14.215193;28572500;1817;;;;;;;;;;;;;;
14.217693;28575000;1833;;;;;;;;;;;;;;
14.220193;28577500;1836;;;;;;;;;;;;;;
14.222693;28580000;1822;;;;;;;;;;;;;;
14.225193;28582500;1805;;;;;;;;;;;;;;
14.227693;28585000;1789;;;;;;;;;;;;;;
14.230193;28587500;1784;;;;;;;;;;;;;;
14.232693;28590000;1785;;;;;;;;;;;;;;
14.235193;28592500;1800;;;;;;;;;;;;;;
14.237693;28595000;1815;;;;;;;;;;;;;;
14.240193;28597500;1817;;;;;;;;;;;;;;
14.242693;28600000;1816;;;;;;;;;;;;;;
14.245193;28602500;1791;28603549;328.896;773.859;353.645;33420.945;-609.839;-6201.414;28603112;266.881;535.576;427.675;84438.742;-8458.097;-21495.441
14.247693;28605000;1783;;;;;;;;;;;;;;
14.250193;28607500;1772;;;;;;;;;;;;;;
14.252693;28610000;1774;;;;;;;;;;;;;;
14.255193;28612500;1789;;;;;;;;;;;;;;
14.257693;28615000;1804;;;;;;;;;;;;;;
14.260193;28617500;1819;;;;;;;;;;;;;;
14.262693;28620000;1805;;;;;;;;;;;;;;
14.265193;28622500;1790;;;;;;;;;;;;;;
14.267693;28625000;1774;;;;;;;;;;;;;;
14.270193;28627500;1769;;;;;;;;;;;;;;
14.272693;28630000;1774;;;;;;;;;;;;;;
14.275193;28632500;1790;28633663;329.94;786.778;342.795;37412.461;-624.847;-6652.593;28633233;270.239;569.59;394.567;85923.117;-7861.067;-21321.045
14.277693;28635000;1805;;;;;;;;;;;;;;
14.280193;28637500;1820;;;;;;;;;;;;;;
14.282693;28640000;1817;;;;;;;;;;;;;;
14.285193;28642500;1803;;;;;;;;;;;;;;
14.287693;28645000;1786;;;;;;;;;;;;;;
14.290193;28647500;1787;;;;;;;;;;;;;;
14.292693;28650000;1787;;;;;;;;;;;;;;
14.295193;28652500;1802;;;;;;;;;;;;;;
14.297693;28655000;1818;;;;;;;;;;;;;;
14.300193;28657500;1822;;;;;;;;;;;;;;
14.302693;28660000;1818;;;;;;;;;;;;;;
14.305193;28662500;1804;;;;;;;;;;;;;;
14.307693;28665000;1785;;;;;;;;;;;;;;
14.310193;28667500;1774;;;;;;;;;;;;;;
14.312693;28670000;1774;28670372;328.321;802.601;328.242;37589.773;-113.23;-6132.713;28669940;264.846;590.484;357.002;81912.648;-6529.576;-20759.43
14.315193;28672500;1788;;;;;;;;;;;;;;
14.317693;28675000;1799;;;;;;;;;;;;;;
14.320193;28677500;1801;;;;;;;;;;;;;;
14.322693;28680000;1785;;;;;;;;;;;;;;
14.325193;28682500;1768;;;;;;;;;;;;;;
14.327693;28685000;1743;;;;;;;;;;;;;;
14.330193;28687500;1735;;;;;;;;;;;;;;
14.332693;28690000;1736;;;;;;;;;;;;;;
14.335193;28692500;1738;;;;;;;;;;;;;;
14.337693;28695000;1752;;;;;;;;;;;;;;
14.340193;28697500;1752;;;;;;;;;;;;;;
14.342693;28700000;1738;;;;;;;;;;;;;;
14.345193;28702500;1720;;;;;;;;;;;;;;
14.347693;28705000;1691;;;;;;;;;;;;;;
14.350193;28707500;1674;;;;;;;;;;;;;;
14.352693;28710000;1673;;;;;;;;;;;;;;
14.355193;28712500;1672;28713690;325.831;813.028;314.123;34457.285;111.619;-5179.89;28713254;256.685;601.561;317.472;76630.078;-5728.847;-19850.082
14.357693;28715000;1673;;;;;;;;;;;;;;
14.360193;28717500;1672;;;;;;;;;;;;;;
14.362693;28720000;1646;;;;;;;;;;;;;;
14.365193;28722500;1616;;;;;;;;;;;;;;
14.367693;28725000;1593;;;;;;;;;;;;;;
14.370193;28727500;1566;;;;;;;;;;;;;;
14.372693;28730000;1563;;;;;;;;;;;;;;
14.375193;28732500;1560;;;;;;;;;;;;;;
14.377693;28735000;1564;;;;;;;;;;;;;;
14.380193;28737500;1550;;;;;;;;;;;;;;
14.382693;28740000;1534;;;;;;;;;;;;;;
14.385193;28742500;1514;;;;;;;;;;;;;;
14.387693;28745000;1482;;;;;;;;;;;;;;
14.390193;28747500;1467;;;;;;;;;;;;;;
14.392693;28750000;1465;;;;;;;;;;;;;;
14.395193;28752500;1466;;;;;;;;;;;;;;
14.397693;28755000;1469;;;;;;;;;;;;;;
14.400193;28757500;1469;28756920;324.997;815.223;297.618;31337.482;86.351;-4482.083;28756481;252.171;613.695;285.062;72682.633;-5753.905;-18557.891
14.402693;28760000;1454;;;;;;;;;;;;;;
14.405193;28762500;1435;;;;;;;;;;;;;;
14.407693;28765000;1417;;;;;;;;;;;;;;
14.410193;28767500;1404;;;;;;;;;;;;;;
14.412693;28770000;1403;;;;;;;;;;;;;;
14.415193;28772500;1416;;;;;;;;;;;;;;
14.417693;28775000;1421;;;;;;;;;;;;;;
14.420193;28777500;1423;;;;;;;;;;;;;;
14.422693;28780000;1417;;;;;;;;;;;;;;
14.425193;28782500;1404;;;;;;;;;;;;;;
14.427693;28785000;1386;;;;;;;;;;;;;;
14.430193;28787500;1372;;;;;;;;;;;;;;
14.432693;28790000;1374;28790150;323.826;818.669;283.426;29599.107;157.721;-3626.229;28789723;247.584;627.351;253.802;68653.438;-5045.772;-16834.621
14.435193;28792500;1386;;;;;;;;;;;;;;
14.437693;28795000;1403;;;;;;;;;;;;;;
14.440193;28797500;1406;;;;;;;;;;;;;;
14.442693;28800000;1402;;;;;;;;;;;;;;
14.445193;28802500;1388;;;;;;;;;;;;;;
14.447693;28805000;1373;;;;;;;;;;;;;;
14.450193;28807500;1368;;;;;;;;;;;;;;
14.452693;28810000;1372;;;;;;;;;;;;;;
14.455193;28812500;1387;;;;;;;;;;;;;;
14.457693;28815000;1402;;;;;;;;;;;;;;
14.460193;28817500;1416;;;;;;;;;;;;;;
14.462693;28820000;1416;;;;;;;;;;;;;;
14.465193;28822500;1401;28823490;320.847;825.571;269.658;28463.027;100.835;-2600.104;28823050;241.622;644.454;226.081;63679.453;-4065.483;-14917.077
14.467693;28825000;1383;;;;;;;;;;;;;;
14.470193;28827500;1373;;;;;;;;;;;;;;
14.472693;28830000;1384;;;;;;;;;;;;;;
14.475193;28832500;1398;;;;;;;;;;;;;;
14.477693;28835000;1407;;;;;;;;;;;;;;
14.480193;28837500;1419;;;;;;;;;;;;;;
14.482693;28840000;1417;;;;;;;;;;;;;;
14.485193;28842500;1404;;;;;;;;;;;;;;
14.487693;28845000;1390;;;;;;;;;;;;;;
14.490193;28847500;1385;;;;;;;;;;;;;;
14.492693;28850000;1388;;;;;;;;;;;;;;
14.495193;28852500;1402;;;;;;;;;;;;;;
14.497693;28855000;1416;;;;;;;;;;;;;;
14.500193;28857500;1417;28856806;319.335;831.068;256.51;27364.938;150.043;-1618.724;28856376;236.184;657.896;200.448;58013.98;-2971.897;-13037.223
14.502693;28860000;1406;;;;;;;;;;;;;;
14.505193;28862500;1400;;;;;;;;;;;;;;
14.507693;28865000;1374;;;;;;;;;;;;;;
14.510193;28867500;1368;;;;;;;;;;;;;;
14.512693;28870000;1367;;;;;;;;;;;;;;
14.515193;28872500;1371;;;;;;;;;;;;;;
14.517693;28875000;1383;;;;;;;;;;;;;;
14.520193;28877500;1384;;;;;;;;;;;;;;
14.522693;28880000;1373;;;;;;;;;;;;;;
14.525193;28882500;1356;;;;;;;;;;;;;;
14.527693;28885000;1338;;;;;;;;;;;;;;
14.530193;28887500;1322;28888506;315.947;834.788;239.695;26700.189;414.666;-774.788;28888069;233.226;667.036;178.873;51803.156;-1958.364;-10980.986
14.532693;28890000;1321;;;;;;;;;;;;;;
14.535193;28892500;1325;;;;;;;;;;;;;;
14.537693;28895000;1337;;;;;;;;;;;;;;
14.540193;28897500;1337;;;;;;;;;;;;;;
14.542693;28900000;1327;;;;;;;;;;;;;;
14.545193;28902500;1310;;;;;;;;;;;;;;
14.547693;28905000;1294;;;;;;;;;;;;;;
14.550193;28907500;1288;;;;;;;;;;;;;;
14.552693;28910000;1286;;;;;;;;;;;;;;
14.555193;28912500;1294;;;;;;;;;;;;;;
14.557693;28915000;1308;;;;;;;;;;;;;;
14.560193;28917500;1320;;;;;;;;;;;;;;
14.562693;28920000;1311;;;;;;;;;;;;;;
14.565193;28922500;1305;28921740;313.478;837.091;226.997;25900.68;620.12;243.952;28921309;229.281;682.887;157.778;45518.309;-948.259;-8799.187
14.567693;28925000;1290;;;;;;;;;;;;;;
14.570193;28927500;1288;;;;;;;;;;;;;;
14.572693;28930000;1293;;;;;;;;;;;;;;
14.575193;28932500;1309;;;;;;;;;;;;;;
14.577693;28935000;1326;;;;;;;;;;;;;;
14.580193;28937500;1343;;;;;;;;;;;;;;
14.582693;28940000;1344;;;;;;;;;;;;;;
14.585193;28942500;1351;;;;;;;;;;;;;;
14.587693;28945000;1338;;;;;;;;;;;;;;
14.590193;28947500;1340;;;;;;;;;;;;;;
14.592693;28950000;1354;;;;;;;;;;;;;;
14.595193;28952500;1375;;;;;;;;;;;;;;
14.597693;28955000;1402;;;;;;;;;;;;;;
14.600193;28957500;1420;;;;;;;;;;;;;;
14.602693;28960000;1432;;;;;;;;;;;;;;
14.605193;28962500;1434;;;;;;;;;;;;;;
14.607693;28965000;1422;28964629;316.635;837.308;218.575;24759.645;525.677;863.066;28964189;226.558;699.8;139.196;39464.145;-600.721;-6376.478
14.610193;28967500;1431;;;;;;;;;;;;;;
14.612693;28970000;1447;;;;;;;;;;;;;;
14.615193;28972500;1466;;;;;;;;;;;;;;
14.617693;28975000;1497;;;;;;;;;;;;;;
14.620193;28977500;1516;;;;;;;;;;;;;;
14.622693;28980000;1528;;;;;;;;;;;;;;
14.625193;28982500;1529;;;;;;;;;;;;;;
14.627693;28985000;1526;;;;;;;;;;;;;;
14.630193;28987500;1532;;;;;;;;;;;;;;
14.632693;28990000;1549;;;;;;;;;;;;;;
14.635193;28992500;1578;;;;;;;;;;;;;;
14.637693;28995000;1607;;;;;;;;;;;;;;
14.640193;28997500;1625;28997597;313.167;843.785;201.485;23898.35;206.705;1860.288;28997170;233.567;717.27;131.333;30848.375;-72.81;-3437.466
14.642693;29000000;1630;;;;;;;;;;;;;;
14.645193;29002500;1639;;;;;;;;;;;;;;
14.647693;29005000;1629;;;;;;;;;;;;;;
14.650193;29007500;1641;;;;;;;;;;;;;;
14.652693;29010000;1646;;;;;;;;;;;;;;
14.655193;29012500;1677;;;;;;;;;;;;;;
14.657693;29015000;1704;;;;;;;;;;;;;;
14.660193;29017500;1723;;;;;;;;;;;;;;
14.662693;29020000;1725;;;;;;;;;;;;;;
14.665193;29022500;1726;;;;;;;;;;;;;;
14.667693;29025000;1725;;;;;;;;;;;;;;
14.670193;29027500;1725;29027297;319.06;850.06;194.174;21956.619;-143.13;2841.774;29026857;230.203;748.988;127.81;19801.268;1879.893;19.594
14.672693;29030000;1739;;;;;;;;;;;;;;
14.675193;29032500;1767;;;;;;;;;;;;;;
14.677693;29035000;1786;;;;;;;;;;;;;;
14.680193;29037500;1801;;;;;;;;;;;;;;
14.682693;29040000;1807;;;;;;;;;;;;;;
14.685193;29042500;1802;;;;;;;;;;;;;;
14.687693;29045000;1799;;;;;;;;;;;;;;
14.690193;29047500;1790;;;;;;;;;;;;;;
14.692693;29050000;1803;;;;;;;;;;;;;;
14.695193;29052500;1819;;;;;;;;;;;;;;
14.697693;29055000;1849;;;;;;;;;;;;;;
14.700193;29057500;1864;;;;;;;;;;;;;;
14.702693;29060000;1864;;;;;;;;;;;;;;
14.705193;29062500;1853;29063471;327.465;858.925;192.444;20206.475;560.526;3725.623;29063043;235.834;769.8;118.608;5518.641;5554.086;3531.74
14.707693;29065000;1848;;;;;;;;;;;;;;
14.710193;29067500;1838;;;;;;;;;;;;;;
14.712693;29070000;1836;;;;;;;;;;;;;;
14.715193;29072500;1868;;;;;;;;;;;;;;
14.717693;29075000;1882;;;;;;;;;;;;;;
14.720193;29077500;1898;;;;;;;;;;;;;;
14.722693;29080000;1898;;;;;;;;;;;;;;
14.725193;29082500;1896;;;;;;;;;;;;;;
14.727693;29085000;1882;;;;;;;;;;;;;;
14.730193;29087500;1870;;;;;;;;;;;;;;
14.732693;29090000;1880;;;;;;;;;;;;;;
14.735193;29092500;1895;;;;;;;;;;;;;;
14.737693;29095000;1914;;;;;;;;29095936;239.335;765.159;117.21;-6693.604;7828.319;6597.465
14.740193;29097500;1927;29096376;325.195;863.425;184.213;18342.588;854.5;3950.591;;;;;;;
14.742693;29100000;1918;;;;;;;;;;;;;;
14.745193;29102500;1916;;;;;;;;;;;;;;
14.747693;29105000;1901;;;;;;;;;;;;;;
14.750193;29107500;1888;;;;;;;;;;;;;;
14.752693;29110000;1899;;;;;;;;;;;;;;
14.755193;29112500;1914;;;;;;;;;;;;;;
14.757693;29115000;1930;;;;;;;;;;;;;;
14.760193;29117500;1934;;;;;;;;;;;;;;
14.762693;29120000;1934;;;;;;;;;;;;;;
14.765193;29122500;1929;;;;;;;;;;;;;;
14.767693;29125000;1913;;;;;;;;;;;;;;
14.770193;29127500;1912;29127703;331.542;862.539;177.57;15077.834;614.463;4460.499;29127281;242.911;752.917;124.909;-14596.611;8466.34;8813.842
14.772693;29130000;1912;;;;;;;;;;;;;;
14.775193;29132500;1917;;;;;;;;;;;;;;
14.777693;29135000;1935;;;;;;;;;;;;;;
14.780193;29137500;1948;;;;;;;;;;;;;;
14.782693;29140000;1948;;;;;;;;;;;;;;
14.785193;29142500;1932;;;;;;;;;;;;;;
14.787693;29145000;1917;;;;;;;;;;;;;;
14.790193;29147500;1903;;;;;;;;;;;;;;
14.792693;29150000;1911;;;;;;;;;;;;;;
14.795193;29152500;1928;;;;;;;;;;;;;;
14.797693;29155000;1935;;;;;;;;;;;;;;
14.800193;29157500;1945;;;;;;;;;;;;;;
14.802693;29160000;1946;29160793;335.729;863.277;172.26;12451.442;221.49;5350.037;29160348;246.729;742.288;137.72;-16984.406;7679.46;10696.274
14.805193;29162500;1931;;;;;;;;;;;;;;
14.807693;29165000;1910;;;;;;;;;;;;;;
14.810193;29167500;1902;;;;;;;;;;;;;;
14.812693;29170000;1912;;;;;;;;;;;;;;
14.815193;29172500;1918;;;;;;;;;;;;;;
14.817693;29175000;1933;;;;;;;;;;;;;;
14.820193;29177500;1946;;;;;;;;;;;;;;
14.822693;29180000;1946;;;;;;;;;;;;;;
14.825193;29182500;1933;;;;;;;;;;;;;;
14.827693;29185000;1918;;;;;;;;;;;;;;
14.830193;29187500;1912;;;;;;;;;;;;;;
14.832693;29190000;1916;;;;;;;;;;;;;;
14.835193;29192500;1929;;;;;;;;29193502;255.096;743.439;151.818;-16680.748;6680.362;11854.586
14.837693;29195000;1946;29193924;338.42;859.775;167.185;10724.183;223.103;5954.91;;;;;;;
14.840193;29197500;1950;;;;;;;;;;;;;;
14.842693;29200000;1951;;;;;;;;;;;;;;
14.845193;29202500;1943;;;;;;;;;;;;;;
14.847693;29205000;1931;;;;;;;;;;;;;;
14.850193;29207500;1928;;;;;;;;;;;;;;
14.852693;29210000;1928;;;;;;;;;;;;;;
14.855193;29212500;1945;;;;;;;;;;;;;;
14.857693;29215000;1963;;;;;;;;;;;;;;
14.860193;29217500;1975;;;;;;;;;;;;;;
14.862693;29220000;1977;;;;;;;;;;;;;;
14.865193;29222500;1964;;;;;;;;;;;;;;
14.867693;29225000;1950;;;;;;;;;;;;;;
14.870193;29227500;1947;29227095;340.793;857.657;162.633;11011.349;-62.365;6023.789;29226655;263.459;746.503;166.663;-15044.335;5930.719;12474.169
14.872693;29230000;1952;;;;;;;;;;;;;;
14.875193;29232500;1967;;;;;;;;;;;;;;
14.877693;29235000;1992;;;;;;;;;;;;;;
14.880193;29237500;1999;;;;;;;;;;;;;;
14.882693;29240000;2008;;;;;;;;;;;;;;
14.885193;29242500;1995;;;;;;;;;;;;;;
14.887693;29245000;1990;;;;;;;;;;;;;;
14.890193;29247500;1982;;;;;;;;;;;;;;
14.892693;29250000;1992;;;;;;;;;;;;;;
14.895193;29252500;2008;;;;;;;;;;;;;;
14.897693;29255000;2027;;;;;;;;;;;;;;
14.900193;29257500;2042;;;;;;;;;;;;;;
14.902693;29260000;2042;;;;;;;;;;;;;;
14.905193;29262500;2031;;;;;;;;;;;;;;
14.907693;29265000;2027;;;;;;;;;;;;;;
14.910193;29267500;2023;;;;;;;;;;;;;;
14.912693;29270000;2028;29270150;344.664;861.152;158.808;12197.656;-120.497;5902.85;29269715;272.649;750.725;181.101;-12960.806;5259.246;12858.897
14.915193;29272500;2046;;;;;;;;;;;;;;
14.917693;29275000;2064;;;;;;;;;;;;;;
14.920193;29277500;2079;;;;;;;;;;;;;;
14.922693;29280000;2078;;;;;;;;;;;;;;
14.925193;29282500;2078;;;;;;;;;;;;;;
14.927693;29285000;2061;;;;;;;;;;;;;;
14.930193;29287500;2062;;;;;;;;;;;;;;
14.932693;29290000;2064;;;;;;;;;;;;;;
14.935193;29292500;2079;;;;;;;;;;;;;;
14.937693;29295000;2107;;;;;;;;;;;;;;
14.940193;29297500;2123;;;;;;;;;;;;;;
14.942693;29300000;2121;;;;;;;;;;;;;;
14.945193;29302500;2111;29303382;349.348;865.01;154.43;13369.273;-164.347;5746.395;29302950;282.532;757.029;192.615;-11006.391;4722.408;13063.39
14.947693;29305000;2105;;;;;;;;;;;;;;
14.950193;29307500;2105;;;;;;;;;;;;;;
14.952693;29310000;2106;;;;;;;;;;;;;;
14.955193;29312500;2122;;;;;;;;;;;;;;
14.957693;29315000;2140;;;;;;;;;;;;;;
14.960193;29317500;2156;;;;;;;;;;;;;;
14.962693;29320000;2155;;;;;;;;;;;;;;
14.965193;29322500;2154;;;;;;;;;;;;;;
14.967693;29325000;2137;;;;;;;;;;;;;;
14.970193;29327500;2127;;;;;;;;;;;;;;
14.972693;29330000;2139;29330029;353.396;870.486;149.05;13752.997;-223.505;5705.825;29329604;291.384;762.89;202.81;-9549.571;4212.85;12985.97
14.975193;29332500;2155;;;;;;;;;;;;;;
14.977693;29335000;2172;;;;;;;;;;;;;;
14.980193;29337500;2187;;;;;;;;;;;;;;
14.982693;29340000;2190;;;;;;;;;;;;;;
14.985193;29342500;2174;;;;;;;;;;;;;;
14.987693;29345000;2168;;;;;;;;;;;;;;
14.990193;29347500;2167;;;;;;;;;;;;;;
14.992693;29350000;2167;;;;;;;;;;;;;;
14.995193;29352500;2184;;;;;;;;;;;;;;
14.997693;29355000;2202;;;;;;;;;;;;;;
15.000193;29357500;2216;;;;;;;;;;;;;;
15.002693;29360000;2216;;;;;;;;;;;;;;
15.005193;29362500;2205;;;;;;;;;;;;;;
15.007693;29365000;2190;;;;;;;;;;;;;;
15.010193;29367500;2186;29368146;356.484;874.432;143.654;12945.472;-369.392;5757.408;29367708;300.422;767.757;211.311;-8904.093;3802.27;12868.233
15.012693;29370000;2190;;;;;;;;;;;;;;
15.015193;29372500;2207;;;;;;;;;;;;;;
15.017693;29375000;2231;;;;;;;;;;;;;;
15.020193;29377500;2238;;;;;;;;;;;;;;
15.022693;29380000;2247;;;;;;;;;;;;;;
15.025193;29382500;2233;;;;;;;;;;;;;;
15.027693;29385000;2221;;;;;;;;;;;;;;
15.030193;29387500;2216;;;;;;;;;;;;;;
15.032693;29390000;2219;;;;;;;;;;;;;;
15.035193;29392500;2232;;;;;;;;;;;;;;
15.037693;29395000;2249;;;;;;;;;;;;;;
15.040193;29397500;2264;;;;;;;;;;;;;;
15.042693;29400000;2265;;;;;;;;29400862;309.642;770.221;220.174;-8861.388;3458.594;12667.571
15.045193;29402500;2253;29401292;360.022;876.076;139.24;11802.511;-578.86;5771.85;;;;;;;
15.047693;29405000;2237;;;;;;;;;;;;;;
15.050193;29407500;2233;;;;;;;;;;;;;;
15.052693;29410000;2236;;;;;;;;;;;;;;
15.055193;29412500;2251;;;;;;;;;;;;;;
15.057693;29415000;2266;;;;;;;;;;;;;;
15.060193;29417500;2280;;;;;;;;;;;;;;
15.062693;29420000;2282;;;;;;;;;;;;;;
15.065193;29422500;2265;;;;;;;;;;;;;;
15.067693;29425000;2252;;;;;;;;;;;;;;
15.070193;29427500;2247;;;;;;;;;;;;;;
15.072693;29430000;2248;29431155;365.305;872.904;140.892;10710.135;-974.292;5677.945;29430723;317.242;771.0;229.136;-8967.381;3140.414;12455.942
15.075193;29432500;2255;;;;;;;;;;;;;;
15.077693;29435000;2278;;;;;;;;;;;;;;
15.080193;29437500;2284;;;;;;;;;;;;;;
15.082693;29440000;2284;;;;;;;;;;;;;;
15.085193;29442500;2271;;;;;;;;;;;;;;
15.087693;29445000;2262;;;;;;;;;;;;;;
15.090193;29447500;2250;;;;;;;;;;;;;;
15.092693;29450000;2249;;;;;;;;;;;;;;
15.095193;29452500;2264;;;;;;;;;;;;;;
15.097693;29455000;2280;;;;;;;;;;;;;;
15.100193;29457500;2285;;;;;;;;;;;;;;
15.102693;29460000;2295;;;;;;;;;;;;;;
15.105193;29462500;2280;;;;;;;;;;;;;;
15.107693;29465000;2263;;;;;;;;;;;;;;
15.110193;29467500;2251;29467605;369.237;872.801;135.518;10133.503;-1081.765;5652.172;29467170;325.555;770.746;237.608;-8826.574;2822.394;12192.333
15.112693;29470000;2250;;;;;;;;;;;;;;
15.115193;29472500;2267;;;;;;;;;;;;;;
15.117693;29475000;2282;;;;;;;;;;;;;;
15.120193;29477500;2294;;;;;;;;;;;;;;
15.122693;29480000;2295;;;;;;;;;;;;;;
15.125193;29482500;2281;;;;;;;;;;;;;;
15.127693;29485000;2264;;;;;;;;;;;;;;
15.130193;29487500;2253;;;;;;;;;;;;;;
15.132693;29490000;2253;;;;;;;;;;;;;;
15.135193;29492500;2267;;;;;;;;;;;;;;
15.137693;29495000;2285;;;;;;;;;;;;;;
15.140193;29497500;2296;;;;;;;;;;;;;;
15.142693;29500000;2297;;;;;;;;;;;;;;
15.145193;29502500;2284;;;;;;;;;;;;;;
15.147693;29505000;2266;;;;;;;;;;;;;;
15.150193;29507500;2253;;;;;;;;;;;;;;
15.152693;29510000;2254;29510742;372.845;873.209;130.798;9870.078;-1139.239;5517.438;29510310;333.201;770.339;245.059;-8505.558;2620.024;11955.903
15.155193;29512500;2269;;;;;;;;;;;;;;
15.157693;29515000;2286;;;;;;;;;;;;;;
15.160193;29517500;2298;;;;;;;;;;;;;;
15.162693;29520000;2298;;;;;;;;;;;;;;
15.165193;29522500;2286;;;;;;;;;;;;;;
15.167693;29525000;2269;;;;;;;;;;;;;;
15.170193;29527500;2265;;;;;;;;;;;;;;
15.172693;29530000;2264;;;;;;;;;;;;;;
15.175193;29532500;2271;;;;;;;;;;;;;;
15.177693;29535000;2296;;;;;;;;;;;;;;
15.180193;29537500;2303;;;;;;;;;;;;;;
15.182693;29540000;2301;;;;;;;;;;;;;;
15.185193;29542500;2287;;;;;;;;;;;;;;
15.187693;29545000;2280;;;;;;;;;;;;;;
15.190193;29547500;2268;;;;;;;;;;;;;;
15.192693;29550000;2269;;;;;;;;;;;;;;
15.195193;29552500;2284;;;;;;;;29553363;339.312;766.111;250.996;-7954.28;2272.898;11734.796
15.197693;29555000;2299;29553793;375.73;872.566;126.503;9443.074;-1252.902;5572.754;;;;;;;
15.200193;29557500;2313;;;;;;;;;;;;;;
15.202693;29560000;2313;;;;;;;;;;;;;;
15.205193;29562500;2300;;;;;;;;;;;;;;
15.207693;29565000;2283;;;;;;;;;;;;;;
15.210193;29567500;2280;;;;;;;;;;;;;;
15.212693;29570000;2279;;;;;;;;;;;;;;
15.215193;29572500;2285;;;;;;;;;;;;;;
15.217693;29575000;2297;;;;;;;;;;;;;;
15.220193;29577500;2314;;;;;;;;;;;;;;
15.222693;29580000;2311;;;;;;;;;;;;;;
15.225193;29582500;2302;;;;;;;;;;;;;;
15.227693;29585000;2283;;;;;;;;;;;;;;
15.230193;29587500;2280;29586955;378.458;871.491;120.91;8720.232;-1547.257;5986.679;29586518;345.789;761.318;254.874;-7161.941;1829.815;11688.806
15.232693;29590000;2280;;;;;;;;;;;;;;
15.235193;29592500;2287;;;;;;;;;;;;;;
15.237693;29595000;2311;;;;;;;;;;;;;;
15.240193;29597500;2315;;;;;;;;;;;;;;
15.242693;29600000;2316;;;;;;;;;;;;;;
15.245193;29602500;2301;;;;;;;;;;;;;;
15.247693;29605000;2286;;;;;;;;;;;;;;
15.250193;29607500;2278;;;;;;;;;;;;;;
15.252693;29610000;2279;;;;;;;;;;;;;;
15.255193;29612500;2286;;;;;;;;;;;;;;
15.257693;29615000;2311;;;;;;;;;;;;;;
15.260193;29617500;2316;;;;;;;;;;;;;;
15.262693;29620000;2313;29620108;381.776;871.275;117.945;6899.533;-1963.394;6769.282;29619678;352.418;755.491;257.654;-6440.719;1302.137;11858.178
15.265193;29622500;2302;;;;;;;;;;;;;;
15.267693;29625000;2285;;;;;;;;;;;;;;
15.270193;29627500;2280;;;;;;;;;;;;;;
15.272693;29630000;2272;;;;;;;;;;;;;;
15.275193;29632500;2286;;;;;;;;;;;;;;
15.277693;29635000;2302;;;;;;;;;;;;;;
15.280193;29637500;2316;;;;;;;;;;;;;;
15.282693;29640000;2314;;;;;;;;;;;;;;
15.285193;29642500;2302;;;;;;;;;;;;;;
15.287693;29645000;2283;;;;;;;;;;;;;;
15.290193;29647500;2272;;;;;;;;;;;;;;
15.292693;29650000;2279;;;;;;;;;;;;;;
15.295193;29652500;2284;29653269;384.482;866.093;110.51;5222.807;-2475.974;7857.068;29652824;357.904;750.87;260.064;-6142.308;787.28;12698.081
15.297693;29655000;2301;;;;;;;;;;;;;;
15.300193;29657500;2315;;;;;;;;;;;;;;
15.302693;29660000;2314;;;;;;;;;;;;;;
15.305193;29662500;2300;;;;;;;;;;;;;;
15.307693;29665000;2302;;;;;;;;;;;;;;
15.310193;29667500;2268;;;;;;;;;;;;;;
15.312693;29670000;2268;;;;;;;;;;;;;;
15.315193;29672500;2282;;;;;;;;;;;;;;
15.317693;29675000;2299;;;;;;;;;;;;;;
15.320193;29677500;2315;;;;;;;;;;;;;;
15.322693;29680000;2313;;;;;;;;;;;;;;
15.325193;29682500;2299;;;;;;;;;;;;;;
15.327693;29685000;2283;29684679;390.03;865.268;108.242;6068.979;-3341.801;9225.59;29684257;375.608;771.197;266.587;-3275.817;-761.021;11677.739
15.330193;29687500;2268;;;;;;;;;;;;;;
15.332693;29690000;2266;;;;;;;;;;;;;;
15.335193;29692500;2283;;;;;;;;;;;;;;
15.337693;29695000;2297;;;;;;;;;;;;;;
15.340193;29697500;2313;;;;;;;;;;;;;;
15.342693;29700000;2311;;;;;;;;;;;;;;
15.345193;29702500;2297;;;;;;;;;;;;;;
15.347693;29705000;2280;;;;;;;;;;;;;;
15.350193;29707500;2265;;;;;;;;;;;;;;
15.352693;29710000;2266;;;;;;;;;;;;;;
15.355193;29712500;2280;;;;;;;;;;;;;;
15.357693;29715000;2295;;;;;;;;;;;;;;
15.360193;29717500;2301;29717856;405.86;886.842;104.416;8292.529;-2628.273;9180.373;29717410;392.598;778.198;275.669;-3150.964;-1287.345;10395.165
15.362693;29720000;2302;;;;;;;;;;;;;;
15.365193;29722500;2295;;;;;;;;;;;;;;
15.367693;29725000;2270;;;;;;;;;;;;;;
15.370193;29727500;2254;;;;;;;;;;;;;;
15.372693;29730000;2254;;;;;;;;;;;;;;
15.375193;29732500;2271;;;;;;;;;;;;;;
15.377693;29735000;2286;;;;;;;;;;;;;;
15.380193;29737500;2301;;;;;;;;;;;;;;
15.382693;29740000;2300;;;;;;;;;;;;;;
15.385193;29742500;2286;;;;;;;;;;;;;;
15.387693;29745000;2268;;;;;;;;;;;;;;
15.390193;29747500;2255;;;;;;;;;;;;;;
15.392693;29750000;2253;;;;;;;;;;;;;;
15.395193;29752500;2268;;;;;;;;;;;;;;
15.397693;29755000;2283;;;;;;;;;;;;;;
15.400193;29757500;2299;;;;;;;;;;;;;;
15.402693;29760000;2300;29760980;410.455;878.429;95.328;4512.653;-2444.797;7897.979;29760550;402.864;774.882;275.653;-3635.228;-619.228;10277.031
15.405193;29762500;2284;;;;;;;;;;;;;;
15.407693;29765000;2267;;;;;;;;;;;;;;
15.410193;29767500;2255;;;;;;;;;;;;;;
15.412693;29770000;2251;;;;;;;;;;;;;;
15.415193;29772500;2266;;;;;;;;;;;;;;
15.417693;29775000;2281;;;;;;;;;;;;;;
15.420193;29777500;2296;;;;;;;;;;;;;;
15.422693;29780000;2296;;;;;;;;;;;;;;
15.425193;29782500;2282;;;;;;;;;;;;;;
15.427693;29785000;2266;;;;;;;;;;;;;;
15.430193;29787500;2251;;;;;;;;;;;;;;
15.432693;29790000;2249;;;;;;;;;;;;;;
15.435193;29792500;2264;;;;;;;;29793618;410.22;772.982;277.042;-4285.592;-426.391;9599.555
15.437693;29795000;2281;29794055;415.705;865.19;93.111;4987.458;-2118.682;8003.581;;;;;;;
15.440193;29797500;2296;;;;;;;;;;;;;;
15.442693;29800000;2296;;;;;;;;;;;;;;
15.445193;29802500;2279;;;;;;;;;;;;;;
15.447693;29805000;2263;;;;;;;;;;;;;;
15.450193;29807500;2248;;;;;;;;;;;;;;
15.452693;29810000;2239;;;;;;;;;;;;;;
15.455193;29812500;2251;;;;;;;;;;;;;;
15.457693;29815000;2264;;;;;;;;;;;;;;
15.460193;29817500;2268;;;;;;;;;;;;;;
15.462693;29820000;2269;;;;;;;;;;;;;;
15.465193;29822500;2254;29823735;422.754;866.205;91.054;5742.147;-2716.685;7843.151;29823305;413.285;762.716;270.223;-5163.312;-227.884;9063.14
15.467693;29825000;2236;;;;;;;;;;;;;;
15.470193;29827500;2222;;;;;;;;;;;;;;
15.472693;29830000;2221;;;;;;;;;;;;;;
15.475193;29832500;2231;;;;;;;;;;;;;;
15.477693;29835000;2246;;;;;;;;;;;;;;
15.480193;29837500;2263;;;;;;;;;;;;;;
15.482693;29840000;2253;;;;;;;;;;;;;;
15.485193;29842500;2247;;;;;;;;;;;;;;
15.487693;29845000;2233;;;;;;;;;;;;;;
15.490193;29847500;2220;;;;;;;;;;;;;;
15.492693;29850000;2218;;;;;;;;;;;;;;
15.495193;29852500;2234;;;;;;;;;;;;;;
15.497693;29855000;2249;;;;;;;;;;;;;;
15.500193;29857500;2264;;;;;;;;;;;;;;
15.502693;29860000;2264;29860012;426.516;859.122;88.228;5969.102;-2922.101;7031.869;29859578;420.565;758.765;275.493;-4506.147;-199.865;8235.482
15.505193;29862500;2251;;;;;;;;;;;;;;
15.507693;29865000;2235;;;;;;;;;;;;;;
15.510193;29867500;2219;;;;;;;;;;;;;;
15.512693;29870000;2220;;;;;;;;;;;;;;
15.515193;29872500;2233;;;;;;;;;;;;;;
15.517693;29875000;2248;;;;;;;;;;;;;;
15.520193;29877500;2254;;;;;;;;;;;;;;
15.522693;29880000;2252;;;;;;;;;;;;;;
15.525193;29882500;2237;;;;;;;;;;;;;;
15.527693;29885000;2218;;;;;;;;;;;;;;
15.530193;29887500;2201;;;;;;;;;;;;;;
15.532693;29890000;2200;;;;;;;;;;;;;;
15.535193;29892500;2203;29892988;428.56;861.703;85.586;7213.709;-2523.121;6566.962;29892558;425.803;762.441;283.16;-3704.652;-98.434;7558.583
15.537693;29895000;2216;;;;;;;;;;;;;;
15.540193;29897500;2222;;;;;;;;;;;;;;
15.542693;29900000;2208;;;;;;;;;;;;;;
15.545193;29902500;2191;;;;;;;;;;;;;;
15.547693;29905000;2173;;;;;;;;;;;;;;
15.550193;29907500;2153;;;;;;;;;;;;;;
15.552693;29910000;2141;;;;;;;;;;;;;;
15.555193;29912500;2143;;;;;;;;;;;;;;
15.557693;29915000;2156;;;;;;;;;;;;;;
15.560193;29917500;2157;;;;;;;;;;;;;;
15.562693;29920000;2156;;;;;;;;;;;;;;
15.565193;29922500;2137;;;;;;;;;;;;;;
15.567693;29925000;2108;29924254;433.24;864.825;87.473;7447.586;-2813.028;5893.427;29923816;429.847;763.487;290.981;-3384.232;-71.638;7035.404
15.570193;29927500;2091;;;;;;;;;;;;;;
15.572693;29930000;2079;;;;;;;;;;;;;;
15.575193;29932500;2092;;;;;;;;;;;;;;
15.577693;29935000;2094;;;;;;;;;;;;;;
15.580193;29937500;2110;;;;;;;;;;;;;;
15.582693;29940000;2109;;;;;;;;;;;;;;
15.585193;29942500;2092;;;;;;;;;;;;;;
15.587693;29945000;2063;;;;;;;;;;;;;;
15.590193;29947500;2045;;;;;;;;;;;;;;
15.592693;29950000;2044;;;;;;;;;;;;;;
15.595193;29952500;2056;;;;;;;;;;;;;;
15.597693;29955000;2064;;;;;;;;;;;;;;
15.600193;29957500;2076;29957139;435.801;866.712;85.979;8171.145;-2798.376;5104.818;29956709;433.871;761.717;298.745;-2805.083;114.382;6716.008
15.602693;29960000;2077;;;;;;;;;;;;;;
15.605193;29962500;2061;;;;;;;;;;;;;;
15.607693;29965000;2042;;;;;;;;;;;;;;
15.610193;29967500;2026;;;;;;;;;;;;;;
15.612693;29970000;2024;;;;;;;;;;;;;;
15.615193;29972500;2030;;;;;;;;;;;;;;
15.617693;29975000;2043;;;;;;;;;;;;;;
15.620193;29977500;2059;;;;;;;;;;;;;;
15.622693;29980000;2058;;;;;;;;;;;;;;
15.625193;29982500;2042;;;;;;;;;;;;;;
15.627693;29985000;2024;;;;;;;;;;;;;;
15.630193;29987500;2000;;;;;;;;;;;;;;
15.632693;29990000;1996;29990037;437.953;872.188;83.547;8966.588;-2500.082;4795.327;29989603;436.754;762.683;304.877;-2145.516;142.35;6424.833
15.635193;29992500;2010;;;;;;;;;;;;;;
15.637693;29995000;2026;;;;;;;;;;;;;;
15.640193;29997500;2041;;;;;;;;;;;;;;
15.642693;30000000;2028;;;;;;;;;;;;;;
15.645193;30002500;2013;;;;;;;;;;;;;;
15.647693;30005000;1999;;;;;;;;;;;;;;
15.650193;30007500;1981;;;;;;;;;;;;;;
15.652693;30010000;1978;;;;;;;;;;;;;;
15.655193;30012500;1991;;;;;;;;;;;;;;
15.657693;30015000;2008;;;;;;;;;;;;;;
15.660193;30017500;2014;;;;;;;;;;;;;;
15.662693;30020000;2013;;;;;;;;;;;;;;
15.665193;30022500;1999;30022926;441.444;879.337;79.394;8396.634;-2054.828;4756.811;30022496;440.737;762.723;310.331;-1181.177;79.233;6053.279
15.667693;30025000;1983;;;;;;;;;;;;;;
15.670193;30027500;1967;;;;;;;;;;;;;;
15.672693;30030000;1966;;;;;;;;;;;;;;
15.675193;30032500;1979;;;;;;;;;;;;;;
15.677693;30035000;1997;;;;;;;;;;;;;;
15.680193;30037500;2008;;;;;;;;;;;;;;
15.682693;30040000;2010;;;;;;;;;;;;;;
15.685193;30042500;1997;;;;;;;;;;;;;;
15.687693;30045000;1979;;;;;;;;;;;;;;
15.690193;30047500;1966;;;;;;;;;;;;;;
15.692693;30050000;1966;;;;;;;;;;;;;;
15.695193;30052500;1977;;;;;;;;;;;;;;
15.697693;30055000;1994;30055741;445.559;881.663;74.716;6182.177;-1087.587;4645.845;30055301;445.779;758.387;315.091;697.881;-32.354;5556.365
15.700193;30057500;2010;;;;;;;;;;;;;;
15.702693;30060000;2013;;;;;;;;;;;;;;
15.705193;30062500;2014;;;;;;;;;;;;;;
15.707693;30065000;1982;;;;;;;;;;;;;;
15.710193;30067500;1976;;;;;;;;;;;;;;
15.712693;30070000;1975;;;;;;;;;;;;;;
15.715193;30072500;1983;;;;;;;;;;;;;;
15.717693;30075000;2008;;;;;;;;;;;;;;
15.720193;30077500;2013;;;;;;;;;;;;;;
15.722693;30080000;2024;;;;;;;;;;;;;;
15.725193;30082500;2010;;;;;;;;;;;;;;
15.727693;30085000;1996;;;;;;;;;;;;;;
15.730193;30087500;1982;30086814;446.967;877.327;68.095;3901.693;551.418;4707.99;30086386;450.391;754.554;314.977;3516.362;210.764;5050.171
15.732693;30090000;1983;;;;;;;;;;;;;;
15.735193;30092500;1996;;;;;;;;;;;;;;
15.737693;30095000;2013;;;;;;;;;;;;;;
15.740193;30097500;2031;;;;;;;;;;;;;;
15.742693;30100000;2040;;;;;;;;;;;;;;
15.745193;30102500;2025;;;;;;;;;;;;;;
15.747693;30105000;2011;;;;;;;;;;;;;;
15.750193;30107500;1996;;;;;;;;;;;;;;
15.752693;30110000;1999;;;;;;;;;;;;;;
15.755193;30112500;2013;;;;;;;;;;;;;;
15.757693;30115000;2031;;;;;;;;;;;;;;
15.760193;30117500;2057;;;;;;;;;;;;;;
15.762693;30120000;2060;30119459;446.701;864.473;69.162;3039.421;1144.659;4081.465;30119019;452.582;752.646;312.886;6403.919;506.038;4672.1
15.765193;30122500;2056;;;;;;;;;;;;;;
15.767693;30125000;2030;;;;;;;;;;;;;;
15.770193;30127500;2015;;;;;;;;;;;;;;
15.772693;30130000;2025;;;;;;;;;;;;;;
15.775193;30132500;2042;;;;;;;;;;;;;;
15.777693;30135000;2060;;;;;;;;;;;;;;
15.780193;30137500;2077;;;;;;;;;;;;;;
15.782693;30140000;2089;;;;;;;;;;;;;;
15.785193;30142500;2078;;;;;;;;;;;;;;
15.787693;30145000;2063;;;;;;;;;;;;;;
15.790193;30147500;2059;;;;;;;;;;;;;;
15.792693;30150000;2061;;;;;;;;;;;;;;
15.795193;30152500;2077;;;;;;;;;;;;;;
15.797693;30155000;2104;;;;;;;;;;;;;;
15.800193;30157500;2124;;;;;;;;;;;;;;
15.802693;30160000;2127;;;;;;;;;;;;;;
15.805193;30162500;2123;30162068;447.064;858.478;70.248;5231.575;879.614;3440.33;30161638;455.457;759.599;308.398;7577.786;514.424;4214.495
15.807693;30165000;2110;;;;;;;;;;;;;;
15.810193;30167500;2106;;;;;;;;;;;;;;
15.812693;30170000;2108;;;;;;;;;;;;;;
15.815193;30172500;2125;;;;;;;;;;;;;;
15.817693;30175000;2151;;;;;;;;;;;;;;
15.820193;30177500;2171;;;;;;;;;;;;;;
15.822693;30180000;2175;;;;;;;;;;;;;;
15.825193;30182500;2169;;;;;;;;;;;;;;
15.827693;30185000;2158;;;;;;;;;;;;;;
15.830193;30187500;2152;;;;;;;;;;;;;;
15.832693;30190000;2153;;;;;;;;;;;;;;
15.835193;30192500;2170;;;;;;;;;;;;;;
15.837693;30195000;2190;30194710;451.099;860.712;69.859;7791.871;108.071;2924.438;30194272;459.774;764.819;305.422;7214.646;437.515;3903.145
15.840193;30197500;2216;;;;;;;;;;;;;;
15.842693;30200000;2220;;;;;;;;;;;;;;
15.845193;30202500;2216;;;;;;;;;;;;;;
15.847693;30205000;2205;;;;;;;;;;;;;;
15.850193;30207500;2191;;;;;;;;;;;;;;
15.852693;30210000;2199;;;;;;;;;;;;;;
15.855193;30212500;2215;;;;;;;;;;;;;;
15.857693;30215000;2233;;;;;;;;;;;;;;
15.860193;30217500;2249;;;;;;;;;;;;;;
15.862693;30220000;2254;;;;;;;;;;;;;;
15.865193;30222500;2249;;;;;;;;30223612;461.759;770.016;303.998;5799.102;411.264;3616.988
15.867693;30225000;2236;30224042;454.616;865.391;67.074;9280.027;-545.27;2682.404;;;;;;;
15.870193;30227500;2222;;;;;;;;;;;;;;
15.872693;30230000;2221;;;;;;;;;;;;;;
15.875193;30232500;2235;;;;;;;;;;;;;;
15.877693;30235000;2255;;;;;;;;;;;;;;
15.880193;30237500;2269;;;;;;;;;;;;;;
15.882693;30240000;2282;;;;;;;;;;;;;;
15.885193;30242500;2269;;;;;;;;;;;;;;
15.887693;30245000;2251;;;;;;;;;;;;;;
15.890193;30247500;2238;;;;;;;;;;;;;;
15.892693;30250000;2239;;;;;;;;;;;;;;
15.895193;30252500;2253;;;;;;;;;;;;;;
15.897693;30255000;2270;;;;;;;;;;;;;;
15.900193;30257500;2286;;;;;;;;;;;;;;
15.902693;30260000;2287;30260069;455.217;873.252;62.268;8591.15;-619.069;2660.721;30259625;463.364;773.459;304.103;4047.459;476.013;3521.451
15.905193;30262500;2280;;;;;;;;;;;;;;
15.907693;30265000;2263;;;;;;;;;;;;;;
15.910193;30267500;2239;;;;;;;;;;;;;;
15.912693;30270000;2238;;;;;;;;;;;;;;
15.915193;30272500;2251;;;;;;;;;;;;;;
15.917693;30275000;2266;;;;;;;;;;;;;;
15.920193;30277500;2283;;;;;;;;;;;;;;
15.922693;30280000;2284;;;;;;;;;;;;;;
15.925193;30282500;2269;;;;;;;;;;;;;;
15.927693;30285000;2252;;;;;;;;;;;;;;
15.930193;30287500;2237;;;;;;;;;;;;;;
15.932693;30290000;2233;;;;;;;;;;;;;;
15.935193;30292500;2237;30292775;453.373;875.632;57.117;6811.905;-879.491;2479.56;30292345;462.363;775.479;305.514;2338.773;455.275;3372.941
15.937693;30295000;2263;;;;;;;;;;;;;;
15.940193;30297500;2268;;;;;;;;;;;;;;
15.942693;30300000;2267;;;;;;;;;;;;;;
15.945193;30302500;2254;;;;;;;;;;;;;;
15.947693;30305000;2236;;;;;;;;;;;;;;
15.950193;30307500;2219;;;;;;;;;;;;;;
15.952693;30310000;2216;;;;;;;;;;;;;;
15.955193;30312500;2221;;;;;;;;;;;;;;
15.957693;30315000;2237;;;;;;;;;;;;;;
15.960193;30317500;2251;;;;;;;;;;;;;;
15.962693;30320000;2249;;;;;;;;;;;;;;
15.965193;30322500;2237;;;;;;;;30323429;461.479;775.684;308.234;1142.522;342.386;3283.044
15.967693;30325000;2216;30323866;450.981;874.428;53.792;5489.998;-1248.516;2259.332;;;;;;;
15.970193;30327500;2201;;;;;;;;;;;;;;
15.972693;30330000;2199;;;;;;;;;;;;;;
15.975193;30332500;2202;;;;;;;;;;;;;;
15.977693;30335000;2219;;;;;;;;;;;;;;
15.980193;30337500;2222;;;;;;;;;;;;;;
15.982693;30340000;2222;;;;;;;;;;;;;;
15.985193;30342500;2216;;;;;;;;;;;;;;
15.987693;30345000;2190;;;;;;;;;;;;;;
15.990193;30347500;2172;;;;;;;;;;;;;;
15.992693;30350000;2171;;;;;;;;;;;;;;
15.995193;30352500;2175;;;;;;;;;;;;;;
15.997693;30355000;2189;;;;;;;;30356235;460.573;774.842;311.262;566.084;194.017;3163.079
16.000193;30357500;2204;30356665;450.246;872.394;52.109;5218.123;-1553.591;2063.678;;;;;;;
16.002693;30360000;2203;;;;;;;;;;;;;;
16.005193;30362500;2187;;;;;;;;;;;;;;
16.007693;30365000;2169;;;;;;;;;;;;;;
16.010193;30367500;2152;;;;;;;;;;;;;;
16.012693;30370000;2151;;;;;;;;;;;;;;
16.015193;30372500;2153;;;;;;;;;;;;;;
16.017693;30375000;2169;;;;;;;;;;;;;;
16.020193;30377500;2184;;;;;;;;;;;;;;
16.022693;30380000;2184;;;;;;;;;;;;;;
16.025193;30382500;2168;;;;;;;;;;;;;;
16.027693;30385000;2143;;;;;;;;;;;;;;
16.030193;30387500;2136;;;;;;;;;;;;;;
16.032693;30390000;2127;30389393;451.944;872.823;50.626;5464.716;-1730.974;1828.369;30388955;463.158;773.474;313.481;535.592;-41.871;3009.738
16.035193;30392500;2136;;;;;;;;;;;;;;
16.037693;30395000;2152;;;;;;;;;;;;;;
16.040193;30397500;2168;;;;;;;;;;;;;;
16.042693;30400000;2160;;;;;;;;;;;;;;
16.045193;30402500;2153;;;;;;;;;;;;;;
16.047693;30405000;2138;;;;;;;;;;;;;;
16.050193;30407500;2120;;;;;;;;;;;;;;
16.052693;30410000;2111;;;;;;;;;;;;;;
16.055193;30412500;2122;;;;;;;;;;;;;;
16.057693;30415000;2141;;;;;;;;;;;;;;
16.060193;30417500;2153;;;;;;;;;;;;;;
16.062693;30420000;2154;;;;;;;;;;;;;;
16.065193;30422500;2141;30422105;454.302;873.26;48.308;5562.043;-1785.737;1667.825;30421675;466.492;773.084;314.783;789.25;-262.903;2827.313
16.067693;30425000;2126;;;;;;;;;;;;;;
16.070193;30427500;2109;;;;;;;;;;;;;;
16.072693;30430000;2104;;;;;;;;;;;;;;
16.075193;30432500;2121;;;;;;;;;;;;;;
16.077693;30435000;2138;;;;;;;;;;;;;;
16.080193;30437500;2152;;;;;;;;;;;;;;
16.082693;30440000;2154;;;;;;;;;;;;;;
16.085193;30442500;2141;;;;;;;;;;;;;;
16.087693;30445000;2122;;;;;;;;;;;;;;
16.090193;30447500;2106;;;;;;;;;;;;;;
16.092693;30450000;2107;;;;;;;;;;;;;;
16.095193;30452500;2120;;;;;;;;;;;;;;
16.097693;30455000;2136;30454925;456.432;874.164;45.722;5329.441;-1754.2;1649.184;30454480;469.776;774.049;315.3;928.725;-410.32;2659.698
16.100193;30457500;2152;;;;;;;;;;;;;;
16.102693;30460000;2154;;;;;;;;;;;;;;
16.105193;30462500;2140;;;;;;;;;;;;;;
16.107693;30465000;2123;;;;;;;;;;;;;;
16.110193;30467500;2108;;;;;;;;;;;;;;
16.112693;30470000;2109;;;;;;;;;;;;;;
16.115193;30472500;2121;;;;;;;;;;;;;;
16.117693;30475000;2137;;;;;;;;;;;;;;
16.120193;30477500;2153;;;;;;;;;;;;;;
16.122693;30480000;2158;;;;;;;;;;;;;;
16.125193;30482500;2143;;;;;;;;;;;;;;
16.127693;30485000;2127;30486075;458.09;873.771;42.649;4725.219;-1678.74;1597.35;30485652;472.773;774.704;315.468;841.601;-486.929;2549.9
16.130193;30487500;2119;;;;;;;;;;;;;;
16.132693;30490000;2111;;;;;;;;;;;;;;
16.135193;30492500;2124;;;;;;;;;;;;;;
16.137693;30495000;2139;;;;;;;;;;;;;;
16.140193;30497500;2156;;;;;;;;;;;;;;
16.142693;30500000;2159;;;;;;;;;;;;;;
16.145193;30502500;2153;;;;;;;;;;;;;;
16.147693;30505000;2136;;;;;;;;;;;;;;
16.150193;30507500;2122;;;;;;;;;;;;;;
16.152693;30510000;2122;;;;;;;;;;;;;;
16.155193;30512500;2127;;;;;;;;;;;;;;
16.157693;30515000;2152;;;;;;;;;;;;;;
16.160193;30517500;2168;;;;;;;;30518459;474.895;773.88;315.958;688.833;-516.395;2413.655
16.162693;30520000;2169;30518898;459.024;871.05;39.723;4236.52;-1651.678;1490.795;;;;;;;
16.165193;30522500;2157;;;;;;;;;;;;;;
16.167693;30525000;2142;;;;;;;;;;;;;;
16.170193;30527500;2121;;;;;;;;;;;;;;
16.172693;30530000;2124;;;;;;;;;;;;;;
16.175193;30532500;2137;;;;;;;;;;;;;;
16.177693;30535000;2154;;;;;;;;;;;;;;
16.180193;30537500;2170;;;;;;;;;;;;;;
16.182693;30540000;2173;;;;;;;;;;;;;;
16.185193;30542500;2167;;;;;;;;;;;;;;
16.187693;30545000;2143;;;;;;;;;;;;;;
16.190193;30547500;2135;;;;;;;;;;;;;;
16.192693;30550000;2134;;;;;;;;;;;;;;
16.195193;30552500;2140;;;;;;;;;;;;;;
16.197693;30555000;2155;;;;;;;;;;;;;;
16.200193;30557500;2172;;;;;;;;;;;;;;
16.202693;30560000;2174;;;;;;;;30561164;476.124;773.622;316.502;926.954;-464.325;2227.347
16.205193;30562500;2167;30561599;459.064;869.612;37.761;4412.319;-1639.094;1386.943;;;;;;;
16.207693;30565000;2144;;;;;;;;;;;;;;
16.210193;30567500;2135;;;;;;;;;;;;;;
16.212693;30570000;2127;;;;;;;;;;;;;;
16.215193;30572500;2138;;;;;;;;;;;;;;
16.217693;30575000;2155;;;;;;;;;;;;;;
16.220193;30577500;2172;;;;;;;;;;;;;;
16.222693;30580000;2173;;;;;;;;;;;;;;
16.225193;30582500;2167;;;;;;;;;;;;;;
16.227693;30585000;2150;;;;;;;;;;;;;;
16.230193;30587500;2127;;;;;;;;;;;;;;
16.232693;30590000;2127;;;;;;;;;;;;;;
16.235193;30592500;2137;;;;;;;;;;;;;;
16.237693;30595000;2153;30594404;459.205;869.716;35.629;4786.265;-1654.265;1246.72;30593972;477.273;774.012;317.391;1265.607;-450.734;2020.167
16.240193;30597500;2169;;;;;;;;;;;;;;
16.242693;30600000;2172;;;;;;;;;;;;;;
16.245193;30602500;2156;;;;;;;;;;;;;;
16.247693;30605000;2140;;;;;;;;;;;;;;
16.250193;30607500;2125;;;;;;;;;;;;;;
16.252693;30610000;2124;;;;;;;;;;;;;;
16.255193;30612500;2127;;;;;;;;;;;;;;
16.257693;30615000;2152;;;;;;;;;;;;;;
16.260193;30617500;2160;;;;;;;;;;;;;;
16.262693;30620000;2168;;;;;;;;;;;;;;
16.265193;30622500;2154;;;;;;;;30623572;478.718;775.102;318.162;1565.889;-448.76;1857.471
16.267693;30625000;2136;30624008;459.895;871.419;33.354;5052.702;-1613.989;1159.009;;;;;;;
16.270193;30627500;2122;;;;;;;;;;;;;;
16.272693;30630000;2110;;;;;;;;;;;;;;
16.275193;30632500;2123;;;;;;;;;;;;;;
16.277693;30635000;2138;;;;;;;;;;;;;;
16.280193;30637500;2154;;;;;;;;;;;;;;
16.282693;30640000;2154;;;;;;;;;;;;;;
16.285193;30642500;2151;;;;;;;;;;;;;;
16.287693;30645000;2127;;;;;;;;;;;;;;
16.290193;30647500;2109;;;;;;;;;;;;;;
16.292693;30650000;2104;;;;;;;;;;;;;;
16.295193;30652500;2110;;;;;;;;;;;;;;
16.297693;30655000;2135;;;;;;;;;;;;;;
16.300193;30657500;2142;;;;;;;;;;;;;;
16.302693;30660000;2143;30660191;460.818;873.238;30.881;4939.191;-1513.602;1095.371;30659759;480.298;776.417;318.791;1705.907;-456.509;1733.973
16.305193;30662500;2136;;;;;;;;;;;;;;
16.307693;30665000;2120;;;;;;;;;;;;;;
16.310193;30667500;2104;;;;;;;;;;;;;;
16.312693;30670000;2092;;;;;;;;;;;;;;
16.315193;30672500;2104;;;;;;;;;;;;;;
16.317693;30675000;2120;;;;;;;;;;;;;;
16.320193;30677500;2136;;;;;;;;;;;;;;
16.322693;30680000;2136;;;;;;;;;;;;;;
16.325193;30682500;2124;;;;;;;;;;;;;;
16.327693;30685000;2106;;;;;;;;;;;;;;
16.330193;30687500;2088;;;;;;;;;;;;;;
16.332693;30690000;2079;;;;;;;;;;;;;;
16.335193;30692500;2089;30693082;461.159;874.728;28.818;4584.607;-1419.547;1072.978;30692652;481.537;778.393;319.236;1655.611;-438.059;1692.774
16.337693;30695000;2106;;;;;;;;;;;;;;
16.340193;30697500;2121;;;;;;;;;;;;;;
16.342693;30700000;2123;;;;;;;;;;;;;;
16.345193;30702500;2107;;;;;;;;;;;;;;
16.347693;30705000;2088;;;;;;;;;;;;;;
16.350193;30707500;2062;;;;;;;;;;;;;;
16.352693;30710000;2055;;;;;;;;;;;;;;
16.355193;30712500;2058;;;;;;;;;;;;;;
16.357693;30715000;2072;;;;;;;;;;;;;;
16.360193;30717500;2079;;;;;;;;;;;;;;
16.362693;30720000;2078;;;;;;;;;;;;;;
16.365193;30722500;2062;;;;;;;;;;;;;;
16.367693;30725000;2040;30724347;460.786;874.516;27.005;4100.751;-1315.319;1036.391;30723909;481.976;778.977;319.622;1410.518;-407.406;1682.948
16.370193;30727500;2022;;;;;;;;;;;;;;
16.372693;30730000;2009;;;;;;;;;;;;;;
16.375193;30732500;2010;;;;;;;;;;;;;;
16.377693;30735000;2026;;;;;;;;;;;;;;
16.380193;30737500;2031;;;;;;;;;;;;;;
16.382693;30740000;2032;;;;;;;;;;;;;;
16.385193;30742500;2013;;;;;;;;;;;;;;
16.387693;30745000;1995;;;;;;;;;;;;;;
16.390193;30747500;1978;;;;;;;;;;;;;;
16.392693;30750000;1967;;;;;;;;;;;;;;
16.395193;30752500;1975;;;;;;;;;;;;;;
16.397693;30755000;1983;;;;;;;;;;;;;;
16.400193;30757500;1996;30757233;461.013;873.831;25.558;3705.839;-1275.366;1023.509;30756803;483.016;778.617;320.16;1198.68;-434.723;1642.988
16.402693;30760000;1997;;;;;;;;;;;;;;
16.405193;30762500;1981;;;;;;;;;;;;;;
16.407693;30765000;1964;;;;;;;;;;;;;;
16.410193;30767500;1944;;;;;;;;;;;;;;
16.412693;30770000;1933;;;;;;;;;;;;;;
16.415193;30772500;1943;;;;;;;;;;;;;;
16.417693;30775000;1950;;;;;;;;;;;;;;
16.420193;30777500;1966;;;;;;;;;;;;;;
16.422693;30780000;1966;;;;;;;;;;;;;;
16.425193;30782500;1959;;;;;;;;;;;;;;
16.427693;30785000;1933;;;;;;;;;;;;;;
16.430193;30787500;1915;;;;;;;;;;;;;;
16.432693;30790000;1912;30790140;461.776;873.114;24.072;3420.359;-1243.973;999.021;30789703;484.625;778.195;320.732;1077.496;-468.112;1570.026
16.435193;30792500;1915;;;;;;;;;;;;;;
16.437693;30795000;1930;;;;;;;;;;;;;;
16.440193;30797500;1945;;;;;;;;;;;;;;
16.442693;30800000;1947;;;;;;;;;;;;;;
16.445193;30802500;1934;;;;;;;;;;;;;;
16.447693;30805000;1915;;;;;;;;;;;;;;
16.450193;30807500;1897;;;;;;;;;;;;;;
16.452693;30810000;1897;;;;;;;;;;;;;;
16.455193;30812500;1898;;;;;;;;;;;;;;
16.457693;30815000;1913;;;;;;;;;;;;;;
16.460193;30817500;1919;;;;;;;;;;;;;;
16.462693;30820000;1930;;;;;;;;;;;;;;
16.465193;30822500;1917;30822933;462.911;872.476;22.673;3212.154;-1213.274;964.82;30822503;486.606;777.447;321.25;1021.434;-500.269;1489.775
16.467693;30825000;1900;;;;;;;;;;;;;;
16.470193;30827500;1884;;;;;;;;;;;;;;
16.472693;30830000;1871;;;;;;;;;;;;;;
16.475193;30832500;1882;;;;;;;;;;;;;;
16.477693;30835000;1898;;;;;;;;;;;;;;
16.480193;30837500;1914;;;;;;;;;;;;;;
16.482693;30840000;1915;;;;;;;;;;;;;;
16.485193;30842500;1902;;;;;;;;;;;;;;
16.487693;30845000;1886;;;;;;;;;;;;;;
16.490193;30847500;1869;;;;;;;;;;;;;;
16.492693;30850000;1867;;;;;;;;;;;;;;
16.495193;30852500;1879;;;;;;;;;;;;;;
16.497693;30855000;1887;30855748;463.823;871.631;21.04;3068.171;-1144.298;934.079;30855308;488.353;776.938;321.737;1077.987;-497.568;1396.036
16.500193;30857500;1901;;;;;;;;;;;;;;
16.502693;30860000;1911;;;;;;;;;;;;;;
16.505193;30862500;1900;;;;;;;;;;;;;;
16.507693;30865000;1882;;;;;;;;;;;;;;
16.510193;30867500;1866;;;;;;;;;;;;;;
16.512693;30870000;1855;;;;;;;;;;;;;;
16.515193;30872500;1865;;;;;;;;;;;;;;
16.517693;30875000;1883;;;;;;;;;;;;;;
16.520193;30877500;1899;;;;;;;;;;;;;;
16.522693;30880000;1912;;;;;;;;;;;;;;
16.525193;30882500;1896;;;;;;;;;;;;;;
16.527693;30885000;1879;;;;;;;;;;;;;;
16.530193;30887500;1864;30886907;463.983;871.591;19.554;2934.887;-1059.52;908.375;30886480;489.116;777.247;322.065;1133.9;-467.439;1291.672
16.532693;30890000;1853;;;;;;;;;;;;;;
16.535193;30892500;1866;;;;;;;;;;;;;;
16.537693;30895000;1882;;;;;;;;;;;;;;
16.540193;30897500;1899;;;;;;;;;;;;;;
16.542693;30900000;1901;;;;;;;;;;;;;;
16.545193;30902500;1897;;;;;;;;;;;;;;
16.547693;30905000;1880;;;;;;;;;;;;;;
16.550193;30907500;1864;;;;;;;;;;;;;;
16.552693;30910000;1855;;;;;;;;;;;;;;
16.555193;30912500;1864;;;;;;;;;;;;;;
16.557693;30915000;1882;;;;;;;;;;;;;;
16.560193;30917500;1897;;;;;;;;;;;;;;
16.562693;30920000;1899;30919726;464.312;871.438;18.467;2760.581;-1013.982;862.081;30919287;490.091;777.656;322.487;1109.142;-451.505;1186.838
16.565193;30922500;1887;;;;;;;;;;;;;;
16.567693;30925000;1878;;;;;;;;;;;;;;
16.570193;30927500;1864;;;;;;;;;;;;;;
16.572693;30930000;1854;;;;;;;;;;;;;;
16.575193;30932500;1867;;;;;;;;;;;;;;
16.577693;30935000;1884;;;;;;;;;;;;;;
16.580193;30937500;1900;;;;;;;;;;;;;;
16.582693;30940000;1902;;;;;;;;;;;;;;
16.585193;30942500;1897;;;;;;;;;;;;;;
16.587693;30945000;1880;;;;;;;;;;;;;;
16.590193;30947500;1865;;;;;;;;;;;;;;
16.592693;30950000;1863;;;;;;;;;;;;;;
16.595193;30952500;1868;;;;;;;;;;;;;;
16.597693;30955000;1887;;;;;;;;;;;;;;
16.600193;30957500;1902;;;;;;;;;;;;;;
16.602693;30960000;1912;;;;;;;;;;;;;;
16.605193;30962500;1899;30962422;464.819;872.042;17.086;2559.114;-914.283;857.915;30961992;491.249;777.765;322.924;1103.123;-422.367;1102.559
16.607693;30965000;1882;;;;;;;;;;;;;;
16.610193;30967500;1865;;;;;;;;;;;;;;
16.612693;30970000;1865;;;;;;;;;;;;;;
16.615193;30972500;1870;;;;;;;;;;;;;;
16.617693;30975000;1886;;;;;;;;;;;;;;
16.620193;30977500;1912;;;;;;;;;;;;;;
16.622693;30980000;1914;;;;;;;;;;;;;;
16.625193;30982500;1902;;;;;;;;;;;;;;
16.627693;30985000;1886;;;;;;;;;;;;;;
16.630193;30987500;1879;;;;;;;;;;;;;;
16.632693;30990000;1868;;;;;;;;;;;;;;
16.635193;30992500;1881;;;;;;;;;;;;;;
16.637693;30995000;1897;30995151;464.91;872.061;15.683;2372.533;-826.569;821.582;30994713;491.867;778.142;323.236;1097.404;-392.061;1050.493
16.640193;30997500;1913;;;;;;;;;;;;;;
16.642693;31000000;1917;;;;;;;;;;;;;;
16.645193;31002500;1912;;;;;;;;;;;;;;
16.647693;31005000;1897;;;;;;;;;;;;;;
16.650193;31007500;1882;;;;;;;;;;;;;;
16.652693;31010000;1871;;;;;;;;;;;;;;
16.655193;31012500;1884;;;;;;;;;;;;;;
16.657693;31015000;1900;;;;;;;;;;;;;;
16.660193;31017500;1916;;;;;;;;;;;;;;
16.662693;31020000;1927;;;;;;;;;;;;;;
16.665193;31022500;1917;;;;;;;;;;;;;;
16.667693;31025000;1899;31024570;464.753;871.969;14.429;2239.469;-766.865;796.253;31024140;492.223;778.476;323.55;1079.284;-356.708;1021.594
16.670193;31027500;1884;;;;;;;;;;;;;;
16.672693;31030000;1882;;;;;;;;;;;;;;
16.675193;31032500;1886;;;;;;;;;;;;;;
16.677693;31035000;1913;;;;;;;;;;;;;;
16.680193;31037500;1929;;;;;;;;;;;;;;
16.682693;31040000;1931;;;;;;;;;;;;;;
16.685193;31042500;1928;;;;;;;;;;;;;;
16.687693;31045000;1913;;;;;;;;;;;;;;
16.690193;31047500;1897;;;;;;;;;;;;;;
16.692693;31050000;1895;;;;;;;;;;;;;;
16.695193;31052500;1902;;;;;;;;;;;;;;
16.697693;31055000;1918;;;;;;;;;;;;;;
16.700193;31057500;1943;;;;;;;;;;;;;;
16.702693;31060000;1948;;;;;;;;;;;;;;
16.705193;31062500;1944;;;;;;;;;;;;;;
16.707693;31065000;1919;;;;;;;;;;;;;;
16.710193;31067500;1910;;;;;;;;;;;;;;
16.712693;31070000;1903;;;;;;;;;;;;;;
16.715193;31072500;1914;;;;;;;;;;;;;;
16.717693;31075000;1932;;;;;;;;;;;;;;
16.720193;31077500;1958;;;;;;;;;;;;;;
16.722693;31080000;1959;;;;;;;;;;;;;;
16.725193;31082500;1949;;;;;;;;;;;;;;
16.727693;31085000;1944;;;;;;;;;;;;;;
16.730193;31087500;1920;;;;;;;;;;;;;;
16.732693;31090000;1916;;;;;;;;;;;;;;
16.735193;31092500;1931;;;;;;;;;;;;;;
16.737693;31095000;1948;;;;;;;;;;;;;;
16.740193;31097500;1964;;;;;;;;;;;;;;
16.742693;31100000;1967;;;;;;;;;;;;;;
16.745193;31102500;1966;;;;;;;;;;;;;;
16.747693;31105000;1950;;;;;;;;;;;;;;
16.750193;31107500;1934;;;;;;;;;;;;;;
16.752693;31110000;1933;;;;;;;;;;;;;;
16.755193;31112500;1945;;;;;;;;;;;;;;
16.757693;31115000;1963;;;;;;;;;;;;;;
16.760193;31117500;1977;;;;;;;;;;;;;;
16.762693;31120000;1977;;;;;;;;;;;;;;
16.765193;31122500;1979;;;;;;;;;;;;;;
16.767693;31125000;1965;;;;;;;;;;;;;;
16.770193;31127500;1949;;;;;;;;;;;;;;
16.772693;31130000;1947;;;;;;;;;;;;;;
16.775193;31132500;1952;;;;;;;;;;;;;;
