timestamp_s;timestamp_us;emg_raw;imu1_timestamp_us;imu1_ax;imu1_ay;imu1_az;imu1_gx;imu1_gy;imu1_gz;imu2_timestamp_us;imu2_ax;imu2_ay;imu2_az;imu2_gx;imu2_gy;imu2_gz
0.0;3403370;1948;;;;;;;;;;;;;;
0.0025;3405870;1930;3406073;457.811;-66.721;908.499;324.314;-136.586;102.846;;;;;;;
0.003795;3407165;2042;;;;;;;;;;;;;;
0.005;3408370;1911;;;;;;;;;;;;;;
0.006295;3409665;2013;;;;;;;;;;;;;;
0.0075;3410870;1998;;;;;;;;;;;;;;
0.008795;3412165;1992;;;;;;;;;;;;;;
0.01;3413370;2042;;;;;;;;;;;;;;
0.011295;3414665;1964;;;;;;;;;;;;;;
0.0125;3415870;2014;;;;;;;;;;;;;;
0.015;3418370;1993;;;;;;;;;;;;;;
0.0175;3420870;1976;;;;;;;;;;;;;;
0.027743;3431113;1949;;;;;;;;;;;;;;
0.030243;3433613;1929;;;;;;;;;;;;;;
0.032743;3436113;1911;3436021;457.868;-66.734;908.501;325.161;-137.632;101.641;3435583;-952.882;-287.326;14.243;1327.478;-121.039;-332.663
0.035243;3438613;1996;;;;;;;;;;;;;;
0.035396;3438766;1965;;;;;;;;;;;;;;
0.037743;3441113;2040;;;;;;;;;;;;;;
0.037896;3441266;1947;;;;;;;;;;;;;;
0.040243;3443613;2013;;;;;;;;;;;;;;
0.040396;3443766;1929;;;;;;;;;;;;;;
0.042743;3446113;1993;;;;;;;;;;;;;;
0.042896;3446266;1902;;;;;;;;;;;;;;
0.045396;3448766;2011;;;;;;;;;;;;;;
0.047896;3451266;2039;;;;;;;;;;;;;;
0.050396;3453766;2012;;;;;;;;;;;;;;
0.052896;3456266;1992;;;;;;;;;;;;;;
0.055396;3458766;1965;3458152;457.801;-66.716;908.497;336.465;-135.125;105.309;3457716;-952.909;-287.478;14.202;1327.166;-118.487;-335.717
0.057896;3461266;1945;;;;;;;;;;;;;;
0.060396;3463766;1928;;;;;;;;;;;;;;
0.062896;3466266;1902;;;;;;;;;;;;;;
0.065396;3468766;1984;;;;;;;;;;;;;;
0.0674;3470770;2041;;;;;;;;;;;;;;
0.0699;3473270;2012;;;;;;;;;;;;;;
0.0724;3475770;1991;;;;;;;;;;;;;;
0.0749;3478270;1963;;;;;;;;;;;;;;
0.0774;3480770;1946;;;;;;;;;;;;;;
0.0799;3483270;1919;;;;;;;;;;;;;;
0.0824;3485770;1902;;;;;;;;;;;;;;
0.0849;3488270;2010;;;;;;;;3489225;-953.027;-287.549;14.089;1324.246;-117.812;-336.869
0.0874;3490770;2024;3489670;457.804;-66.766;908.517;349.392;-125.744;110.544;;;;;;;
0.0899;3493270;1997;;;;;;;;;;;;;;
0.0924;3495770;1976;;;;;;;;;;;;;;
0.0949;3498270;1950;;;;;;;;;;;;;;
0.095348;3498718;1932;;;;;;;;;;;;;;
0.097848;3501218;1910;;;;;;;;;;;;;;
0.100348;3503718;1888;;;;;;;;;;;;;;
0.102848;3506218;1965;;;;;;;;;;;;;;
0.105348;3508718;2012;;;;;;;;;;;;;;
0.107848;3511218;1991;;;;;;;;;;;;;;
0.110348;3513718;1964;;;;;;;;;;;;;;
0.112848;3516218;1947;;;;;;;;;;;;;;
0.115348;3518718;1927;3519607;457.777;-66.801;908.621;341.547;-130.832;106.766;3519171;-952.961;-287.561;14.19;1327.596;-114.547;-335.338
0.117848;3521218;1902;;;;;;;;;;;;;;
0.120348;3523718;1884;;;;;;;;;;;;;;
0.122848;3526218;1981;;;;;;;;;;;;;;
0.125348;3528718;2009;;;;;;;;;;;;;;
0.127352;3530722;1981;;;;;;;;;;;;;;
0.129852;3533222;1961;;;;;;;;;;;;;;
0.132352;3535722;1944;;;;;;;;;;;;;;
0.134852;3538222;1918;;;;;;;;;;;;;;
0.137352;3540722;1898;;;;;;;;;;;;;;
0.139852;3543222;1880;;;;;;;;;;;;;;
0.142352;3545722;1948;;;;;;;;;;;;;;
0.144852;3548222;1993;;;;;;;;;;;;;;
0.147352;3550722;1965;3551118;457.757;-66.681;908.611;334.97;-134.353;100.116;3550680;-952.906;-287.555;14.17;1325.091;-115.382;-336.071
0.149852;3553222;1947;;;;;;;;;;;;;;
0.152352;3555722;1919;;;;;;;;;;;;;;
0.154852;3558222;1902;;;;;;;;;;;;;;
0.157352;3560722;1885;;;;;;;;;;;;;;
0.159275;3562645;1867;;;;;;;;;;;;;;
0.161775;3565145;1950;;;;;;;;;;;;;;
0.164275;3567645;1976;;;;;;;;;;;;;;
0.166775;3570145;1949;;;;;;;;;;;;;;
0.169275;3572645;1932;;;;;;;;;;;;;;
0.171775;3575145;1912;;;;;;;;;;;;;;
0.174275;3577645;1896;;;;;;;;;;;;;;
0.176775;3580145;1869;;;;;;;;;;;;;;
0.179275;3582645;1853;3582619;457.805;-66.586;908.57;334.409;-135.948;95.985;3582184;-952.773;-287.512;14.12;1325.774;-113.988;-332.83
0.181775;3585145;1945;;;;;;;;;;;;;;
0.184275;3587645;1976;;;;;;;;;;;;;;
0.186775;3590145;1950;;;;;;;;;;;;;;
0.189275;3592645;1931;;;;;;;;;;;;;;
0.195196;3598566;1896;;;;;;;;;;;;;;
0.197696;3601066;1868;;;;;;;;;;;;;;
0.200196;3603566;1853;;;;;;;;;;;;;;
0.202696;3606066;1935;;;;;;;;;;;;;;
0.205196;3608566;1965;;;;;;;;;;;;;;
0.207696;3611066;1946;;;;;;;;;;;;;;
0.210196;3613566;1927;3614044;457.851;-66.765;908.556;337.376;-132.213;99.498;3613606;-952.568;-287.551;14.177;1325.548;-115.726;-332.376
0.212696;3616066;1901;;;;;;;;;;;;;;
0.215196;3618566;1885;;;;;;;;;;;;;;
0.217696;3621066;1866;;;;;;;;;;;;;;
0.219163;3622533;1912;;;;;;;;;;;;;;
0.220196;3623566;1849;;;;;;;;;;;;;;
0.222696;3626066;1916;;;;;;;;;;;;;;
0.239097;3642467;1951;;;;;;;;;;;;;;
0.241597;3644967;1931;3645458;457.742;-66.818;908.555;335.382;-129.54;99.773;3645020;-952.489;-287.582;14.145;1324.02;-115.627;-332.382
0.244097;3647467;1913;;;;;;;;;;;;;;
0.246597;3649967;1895;;;;;;;;;;;;;;
0.247417;3650787;1838;;;;;;;;;;;;;;
0.249097;3652467;1871;;;;;;;;;;;;;;
0.249917;3653287;1915;;;;;;;;;;;;;;
0.251597;3654967;1855;;;;;;;;;;;;;;
0.252417;3655787;1947;;;;;;;;;;;;;;
0.254917;3658287;1928;;;;;;;;;;;;;;
0.257417;3660787;1903;;;;;;;;;;;;;;
0.259917;3663287;1885;;;;;;;;;;;;;;
0.266954;3670324;1867;;;;;;;;;;;;;;
0.269454;3672824;1850;;;;;;;;;;;;;;
0.271954;3675324;1834;3675320;457.754;-66.85;908.536;338.301;-130.063;98.722;3674881;-952.597;-287.495;14.139;1325.194;-115.533;-332.826
0.274454;3677824;1899;;;;;;;;;;;;;;
0.276954;3680324;1944;;;;;;;;;;;;;;
0.279454;3682824;1927;;;;;;;;;;;;;;
0.281954;3685324;1902;;;;;;;;;;;;;;
0.282512;3685882;1885;;;;;;;;;;;;;;
0.285012;3688382;1866;;;;;;;;;;;;;;
0.287512;3690882;1850;;;;;;;;;;;;;;
0.290012;3693382;1835;;;;;;;;;;;;;;
0.292512;3695882;1902;;;;;;;;3696928;-952.456;-287.589;14.085;1326.747;-116.319;-330.184
0.295012;3698382;1944;3697364;457.741;-66.784;908.578;345.886;-127.934;95.536;;;;;;;
0.297512;3700882;1919;;;;;;;;;;;;;;
0.300012;3703382;1903;;;;;;;;;;;;;;
0.302512;3705882;1885;;;;;;;;;;;;;;
0.30618;3709550;1864;;;;;;;;;;;;;;
0.30868;3712050;1850;;;;;;;;;;;;;;
0.31118;3714550;1833;;;;;;;;;;;;;;
0.31368;3717050;1901;;;;;;;;;;;;;;
0.31618;3719550;1948;;;;;;;;;;;;;;
0.31868;3722050;1931;3722543;457.778;-66.708;908.558;350.904;-125.475;98.634;3722105;-952.511;-287.606;14.058;1326.91;-119.253;-332.488
0.32118;3724550;1902;;;;;;;;;;;;;;
0.32368;3727050;1886;;;;;;;;;;;;;;
0.325925;3729295;1837;;;;;;;;;;;;;;
0.32618;3729550;1868;;;;;;;;;;;;;;
0.328425;3731795;1916;;;;;;;;;;;;;;
0.32868;3732050;1852;;;;;;;;;;;;;;
0.330925;3734295;1960;;;;;;;;;;;;;;
0.333425;3736795;1931;;;;;;;;;;;;;;
0.335925;3739295;1915;;;;;;;;;;;;;;
0.338425;3741795;1897;;;;;;;;;;;;;;
0.340925;3744295;1872;;;;;;;;;;;;;;
0.343425;3746795;1855;;;;;;;;;;;;;;
0.345925;3749295;1847;3749269;457.679;-66.654;908.514;350.859;-128.389;97.64;3748834;-952.459;-287.573;14.014;1323.564;-121.603;-331.613
0.348425;3751795;1930;;;;;;;;;;;;;;
0.350925;3754295;1950;;;;;;;;;;;;;;
0.353425;3756795;1931;;;;;;;;;;;;;;
0.355925;3759295;1913;;;;;;;;;;;;;;
0.357842;3761212;1896;;;;;;;;;;;;;;
0.360342;3763712;1871;;;;;;;;;;;;;;
0.362842;3766212;1862;;;;;;;;;;;;;;
0.365342;3768712;1847;;;;;;;;;;;;;;
0.367842;3771212;1917;;;;;;;;;;;;;;
0.370342;3773712;1964;;;;;;;;;;;;;;
0.372842;3776212;1946;;;;;;;;;;;;;;
0.375342;3778712;1930;;;;;;;;;;;;;;
0.377842;3781212;1903;3780694;457.664;-66.695;908.509;353.878;-131.594;95.383;3780256;-952.495;-287.645;14.045;1328.261;-122.96;-333.845
0.380342;3783712;1887;;;;;;;;;;;;;;
0.382842;3786212;1869;;;;;;;;;;;;;;
0.385342;3788712;1853;;;;;;;;;;;;;;
0.387842;3791212;1932;;;;;;;;;;;;;;
0.405947;3809317;1897;;;;;;;;;;;;;;
0.408447;3811817;1880;3812108;457.723;-66.709;908.479;355.872;-128.077;92.364;3811673;-952.481;-287.476;14.136;1329.223;-122.937;-331.153
0.409745;3813115;1978;;;;;;;;;;;;;;
0.410947;3814317;1864;;;;;;;;;;;;;;
0.412245;3815615;1960;;;;;;;;;;;;;;
0.413447;3816817;1961;;;;;;;;;;;;;;
0.414745;3818115;1931;;;;;;;;;;;;;;
0.415947;3819317;1981;;;;;;;;;;;;;;
0.417245;3820615;1915;;;;;;;;;;;;;;
0.417621;3820991;1902;;;;;;;;;;;;;;
0.418447;3821817;1963;;;;;;;;;;;;;;
0.420121;3823491;1884;;;;;;;;;;;;;;
0.420947;3824317;1946;;;;;;;;;;;;;;
0.422621;3825991;1867;;;;;;;;;;;;;;
0.423447;3826817;1917;;;;;;;;;;;;;;
0.425121;3828491;1943;;;;;;;;;;;;;;
0.427621;3830991;1995;;;;;;;;;;;;;;
0.430121;3833491;1976;;;;;;;;;;;;;;
0.432621;3835991;1950;;;;;;;;;;;;;;
0.435121;3838491;1930;;;;;;;;;;;;;;
0.437621;3840991;1914;3841970;457.693;-66.655;908.415;363.016;-126.486;94.308;3841532;-952.529;-287.522;14.106;1330.137;-124.228;-331.22
0.440121;3843491;1895;;;;;;;;;;;;;;
0.442621;3845991;1871;;;;;;;;;;;;;;
0.445121;3848491;1963;;;;;;;;;;;;;;
0.447621;3850991;1998;;;;;;;;;;;;;;
0.449544;3852914;1980;;;;;;;;;;;;;;
0.452044;3855414;1961;;;;;;;;;;;;;;
0.454544;3857914;1935;;;;;;;;;;;;;;
0.457044;3860414;1916;;;;;;;;;;;;;;
0.459544;3862914;1901;;;;;;;;;;;;;;
0.462044;3865414;1883;;;;;;;;;;;;;;
0.464544;3867914;1961;;;;;;;;;;;;;;
0.467044;3870414;2009;;;;;;;;;;;;;;
0.469544;3872914;1991;3873390;457.641;-66.714;908.506;365.427;-130.662;93.968;3872954;-952.714;-287.426;14.194;1327.505;-122.392;-334.347
0.472044;3875414;1964;;;;;;;;;;;;;;
0.474544;3877914;1947;;;;;;;;;;;;;;
0.477044;3880414;1928;;;;;;;;;;;;;;
0.479544;3882914;1912;;;;;;;;;;;;;;
0.497445;3900815;1895;;;;;;;;;;;;;;
0.499945;3903315;1992;;;;;;;;3904377;-952.738;-287.457;14.204;1328.505;-121.959;-334.254
0.502445;3905815;2029;3904815;457.603;-66.605;908.477;372.094;-125.879;95.394;;;;;;;
0.504945;3908315;2007;;;;;;;;;;;;;;
0.505765;3909135;1945;;;;;;;;;;;;;;
0.507445;3910815;1981;;;;;;;;;;;;;;
0.508265;3911635;1927;;;;;;;;;;;;;;
0.509945;3913315;1963;;;;;;;;;;;;;;
0.510765;3914135;1903;;;;;;;;;;;;;;
0.513265;3916635;2025;;;;;;;;;;;;;;
0.513383;3916753;1967;;;;;;;;;;;;;;
0.515765;3919135;2030;;;;;;;;;;;;;;
0.515883;3919253;1948;;;;;;;;;;;;;;
0.518265;3921635;2011;;;;;;;;;;;;;;
0.518383;3921753;1928;;;;;;;;;;;;;;
0.520765;3924135;1992;;;;;;;;;;;;;;
0.520883;3924253;1913;;;;;;;;;;;;;;
0.523383;3926753;1996;;;;;;;;;;;;;;
0.525883;3929253;2044;;;;;;;;;;;;;;
0.528383;3931753;2024;;;;;;;;;;;;;;
0.530883;3934253;1997;;;;;;;;;;;;;;
0.533383;3936753;1978;3936228;457.555;-66.667;908.523;374.489;-120.46;94.562;3935790;-952.772;-287.383;14.073;1327.267;-122.861;-333.292
0.535883;3939253;1960;;;;;;;;;;;;;;
0.538383;3941753;1933;;;;;;;;;;;;;;
0.540883;3944253;1918;;;;;;;;;;;;;;
0.543383;3946753;2015;;;;;;;;;;;;;;
0.545304;3948674;2061;;;;;;;;;;;;;;
0.547804;3951174;2040;;;;;;;;;;;;;;
0.550304;3953674;2012;;;;;;;;;;;;;;
0.552804;3956174;1994;;;;;;;;;;;;;;
0.555304;3958674;1974;;;;;;;;;;;;;;
0.557804;3961174;1949;;;;;;;;;;;;;;
0.560304;3963674;1932;;;;;;;;;;;;;;
0.562804;3966174;2031;;;;;;;;3967216;-952.854;-287.385;14.162;1326.966;-121.093;-334.565
0.565304;3968674;2072;3967658;457.583;-66.719;908.45;371.077;-120.999;96.396;;;;;;;
0.567804;3971174;2044;;;;;;;;;;;;;;
0.570304;3973674;2015;;;;;;;;;;;;;;
0.572804;3976174;1997;;;;;;;;;;;;;;
0.589145;3992515;1978;;;;;;;;;;;;;;
0.591645;3995015;1959;;;;;;;;;;;;;;
0.594145;3997515;1943;3997513;457.658;-66.775;908.375;375.711;-120.637;97.702;3997075;-952.858;-287.479;14.241;1330.618;-122.476;-336.211
0.596645;4000015;2046;;;;;;;;;;;;;;
0.599145;4002515;2087;;;;;;;;;;;;;;
0.600709;4004079;1982;;;;;;;;;;;;;;
0.601645;4005015;2057;;;;;;;;;;;;;;
0.603209;4006579;1975;;;;;;;;;;;;;;
0.604145;4007515;2030;;;;;;;;;;;;;;
0.605709;4009079;1946;;;;;;;;;;;;;;
0.608209;4011579;2041;;;;;;;;;;;;;;
0.610709;4014079;2094;;;;;;;;;;;;;;
0.613209;4016579;2072;;;;;;;;;;;;;;
0.615709;4019079;2044;4019563;457.565;-66.687;908.365;380.988;-114.605;98.504;4019121;-952.777;-287.592;14.243;1329.274;-126.852;-336.026
0.618209;4021579;2025;;;;;;;;;;;;;;
0.620709;4024079;1998;;;;;;;;;;;;;;
0.623209;4026579;1980;;;;;;;;;;;;;;
0.62468;4028050;2010;;;;;;;;;;;;;;
0.625709;4029079;1961;;;;;;;;;;;;;;
0.628209;4031579;2074;;;;;;;;;;;;;;
0.628628;4031998;2104;;;;;;;;;;;;;;
0.631128;4034498;2075;;;;;;;;;;;;;;
0.633628;4036998;2047;;;;;;;;;;;;;;
0.636128;4039498;2028;;;;;;;;;;;;;;
0.638628;4041998;2009;;;;;;;;;;;;;;
0.641128;4044498;1983;;;;;;;;;;;;;;
0.643628;4046998;1963;;;;;;;;;;;;;;
0.646128;4049498;2061;;;;;;;;4050535;-952.816;-287.584;14.226;1333.686;-130.572;-336.287
0.648628;4051998;2107;4050973;457.507;-66.635;908.294;390.376;-108.437;98.829;;;;;;;
0.651128;4054498;2080;;;;;;;;;;;;;;
0.653628;4056998;2057;;;;;;;;;;;;;;
0.656128;4059498;2031;;;;;;;;;;;;;;
0.656488;4059858;2009;;;;;;;;;;;;;;
0.658988;4062358;1991;;;;;;;;;;;;;;
0.661488;4064858;1975;;;;;;;;;;;;;;
0.663988;4067358;2090;;;;;;;;;;;;;;
0.666488;4069858;2136;;;;;;;;;;;;;;
0.668988;4072358;2109;;;;;;;;;;;;;;
0.671488;4074858;2087;;;;;;;;;;;;;;
0.673988;4077358;2060;;;;;;;;;;;;;;
0.676488;4079858;2031;4080844;457.507;-66.56;908.324;497.732;-109.578;97.387;4080402;-952.859;-287.668;14.125;1336.126;-129.731;-336.535
0.678988;4082358;2011;;;;;;;;;;;;;;
0.681488;4084858;1991;;;;;;;;;;;;;;
0.683988;4087358;2111;;;;;;;;;;;;;;
0.686488;4089858;2158;;;;;;;;;;;;;;
0.700534;4103904;2048;;;;;;;;;;;;;;
0.703034;4106404;2028;;;;;;;;;;;;;;
0.705534;4108904;2010;;;;;;;;;;;;;;
0.708034;4111404;2142;4112257;457.622;-66.63;908.414;491.658;-105.849;93.393;4111819;-953.04;-287.656;14.09;1341.07;-129.37;-335.896
0.710534;4113904;2173;;;;;;;;;;;;;;
0.712383;4115753;2128;;;;;;;;;;;;;;
0.713034;4116404;2152;;;;;;;;;;;;;;
0.714883;4118253;2106;;;;;;;;;;;;;;
0.715534;4118904;2123;;;;;;;;;;;;;;
0.717383;4120753;2078;;;;;;;;;;;;;;
0.718034;4121404;2094;;;;;;;;;;;;;;
0.720327;4123697;2025;;;;;;;;;;;;;;
0.720534;4123904;2072;;;;;;;;;;;;;;
0.722827;4126197;2158;;;;;;;;;;;;;;
0.723034;4126404;2044;;;;;;;;;;;;;;
0.725327;4128697;2202;;;;;;;;;;;;;;
0.727827;4131197;2172;;;;;;;;;;;;;;
0.730327;4133697;2140;;;;;;;;;;;;;;
0.732827;4136197;2119;;;;;;;;;;;;;;
0.735327;4138697;2091;;;;;;;;;;;;;;
0.737827;4141197;2064;;;;;;;;;;;;;;
0.740327;4143697;2042;4143674;457.567;-66.763;908.432;473.637;-114.994;94.848;4143236;-953.102;-287.584;14.038;1343.141;-128.589;-337.914
0.742827;4146197;2153;;;;;;;;;;;;;;
0.745327;4148697;2205;;;;;;;;;;;;;;
0.747827;4151197;2174;;;;;;;;;;;;;;
0.750327;4153697;2151;;;;;;;;;;;;;;
0.75225;4155620;2122;;;;;;;;;;;;;;
0.75475;4158120;2092;;;;;;;;;;;;;;
0.75725;4160620;2072;;;;;;;;;;;;;;
0.75975;4163120;2044;;;;;;;;;;;;;;
0.76225;4165620;2171;;;;;;;;;;;;;;
0.76475;4168120;2207;;;;;;;;;;;;;;
0.76725;4170620;2174;;;;;;;;;;;;;;
0.76975;4173120;2152;;;;;;;;;;;;;;
0.77225;4175620;2125;4175094;457.527;-66.725;908.516;449.518;-129.807;81.356;4174658;-953.027;-287.546;14.019;1341.172;-125.659;-340.705
0.77475;4178120;2095;;;;;;;;;;;;;;
0.77725;4180620;2073;;;;;;;;;;;;;;
0.77975;4183120;2046;;;;;;;;;;;;;;
0.78225;4185620;2191;;;;;;;;;;;;;;
0.80035;4203720;2109;;;;;;;;;;;;;;
0.80285;4206220;2087;4206519;457.569;-66.72;908.548;454.605;-146.504;74.226;4206081;-953.102;-287.516;14.038;1335.363;-119.376;-340.295
0.804147;4207517;2221;;;;;;;;;;;;;;
0.80535;4208720;2061;;;;;;;;;;;;;;
0.806647;4210017;2189;;;;;;;;;;;;;;
0.80785;4211220;2187;;;;;;;;;;;;;;
0.809147;4212517;2166;;;;;;;;;;;;;;
0.81035;4213720;2220;;;;;;;;;;;;;;
0.811647;4215017;2138;;;;;;;;;;;;;;
0.81285;4216220;2187;;;;;;;;;;;;;;
0.81535;4218720;2166;;;;;;;;;;;;;;
0.81785;4221220;2136;;;;;;;;;;;;;;
0.82801;4231380;2104;;;;;;;;;;;;;;
0.83051;4233880;2080;;;;;;;;;;;;;;
0.83301;4236380;2058;4236375;457.596;-66.793;908.474;459.874;-156.679;76.639;4235937;-952.941;-287.573;13.946;1332.033;-116.47;-342.968
0.83551;4238880;2190;;;;;;;;;;;;;;
0.835574;4238944;2139;;;;;;;;;;;;;;
0.83801;4241380;2223;;;;;;;;;;;;;;
0.838074;4241444;2110;;;;;;;;;;;;;;
0.84051;4243880;2190;;;;;;;;;;;;;;
0.840574;4243944;2088;;;;;;;;;;;;;;
0.84301;4246380;2160;;;;;;;;;;;;;;
0.843074;4246444;2059;;;;;;;;;;;;;;
0.845574;4248944;2189;;;;;;;;;;;;;;
0.848074;4251444;2232;;;;;;;;;;;;;;
0.850574;4253944;2201;;;;;;;;;;;;;;
0.853074;4256444;2171;;;;;;;;;;;;;;
0.855574;4258944;2142;4258428;457.603;-66.729;908.404;448.693;-172.907;75.432;4257986;-953.033;-287.572;13.975;1331.493;-120.271;-342.444
0.858074;4261444;2118;;;;;;;;;;;;;;
0.860574;4263944;2090;;;;;;;;;;;;;;
0.863074;4266444;2063;;;;;;;;;;;;;;
0.865574;4268944;2175;;;;;;;;;;;;;;
0.867493;4270863;2220;;;;;;;;;;;;;;
0.869993;4273363;2190;;;;;;;;;;;;;;
0.872493;4275863;2168;;;;;;;;;;;;;;
0.874993;4278363;2139;;;;;;;;;;;;;;
0.877493;4280863;2107;;;;;;;;;;;;;;
0.879993;4283363;2088;;;;;;;;;;;;;;
0.882493;4285863;2060;;;;;;;;;;;;;;
0.884993;4288363;2184;;;;;;;;4289403;-953.065;-287.547;13.88;1331.856;-120.383;-341.51
0.887493;4290863;2214;4289841;457.634;-66.803;908.404;446.821;-165.574;69.911;;;;;;;
0.889993;4293363;2183;;;;;;;;;;;;;;
0.892493;4295863;2151;;;;;;;;;;;;;;
0.894993;4298363;2124;;;;;;;;;;;;;;
0.895353;4298723;2095;;;;;;;;;;;;;;
0.897853;4301223;2072;;;;;;;;;;;;;;
0.900353;4303723;2044;;;;;;;;;;;;;;
0.902853;4306223;2175;;;;;;;;;;;;;;
0.905353;4308723;2200;;;;;;;;;;;;;;
0.907853;4311223;2170;;;;;;;;;;;;;;
0.910353;4313723;2139;;;;;;;;;;;;;;
0.912853;4316223;2110;;;;;;;;;;;;;;
0.915353;4318723;2089;4319710;457.561;-66.787;908.453;431.48;-167.358;71.228;4319267;-952.967;-287.529;13.869;1331.326;-120.051;-341.059
0.917853;4321223;2061;;;;;;;;;;;;;;
0.920353;4323723;2039;;;;;;;;;;;;;;
0.922853;4326223;2142;;;;;;;;;;;;;;
0.925353;4328723;2175;;;;;;;;;;;;;;
0.927272;4330642;2152;;;;;;;;;;;;;;
0.929772;4333142;2121;;;;;;;;;;;;;;
0.932272;4335642;2093;;;;;;;;;;;;;;
0.934772;4338142;2073;;;;;;;;;;;;;;
0.937272;4340642;2044;;;;;;;;;;;;;;
0.939772;4343142;2023;;;;;;;;;;;;;;
0.942272;4345642;2104;;;;;;;;;;;;;;
0.944772;4348142;2157;;;;;;;;;;;;;;
0.947272;4350642;2127;4351123;457.673;-66.876;908.518;384.093;-190.928;65.041;4350684;-952.929;-287.554;13.834;1328.197;-117.986;-341.944
0.949772;4353142;2105;;;;;;;;;;;;;;
0.952272;4355642;2075;;;;;;;;;;;;;;
0.954772;4358142;2045;;;;;;;;;;;;;;
0.957272;4360642;2026;;;;;;;;;;;;;;
0.959194;4362564;1998;;;;;;;;;;;;;;
0.961694;4365064;2111;;;;;;;;;;;;;;
0.964194;4367564;2151;;;;;;;;;;;;;;
0.966694;4370064;2121;;;;;;;;;;;;;;
0.969194;4372564;2092;;;;;;;;;;;;;;
0.971694;4375064;2064;;;;;;;;;;;;;;
0.974194;4377564;2041;;;;;;;;;;;;;;
0.976694;4380064;2024;;;;;;;;;;;;;;
0.979194;4382564;1993;4382549;457.872;-66.985;908.568;346.951;-191.444;69.664;4382107;-952.863;-287.664;13.893;1331.35;-124.337;-342.784
0.981694;4385064;2106;;;;;;;;;;;;;;
0.984194;4387564;2134;;;;;;;;;;;;;;
0.986694;4390064;2104;;;;;;;;;;;;;;
0.989194;4392564;2077;;;;;;;;;;;;;;
0.99512;4398490;2027;;;;;;;;;;;;;;
0.99762;4400990;2008;;;;;;;;;;;;;;
1.00012;4403490;1983;;;;;;;;;;;;;;
1.00262;4405990;2075;;;;;;;;;;;;;;
1.00512;4408490;2122;;;;;;;;;;;;;;
1.00762;4410990;2094;;;;;;;;;;;;;;
1.01012;4413490;2063;4413962;457.982;-67.131;908.53;350.166;-173.559;62.681;4413523;-952.885;-287.811;13.93;1329.97;-123.808;-343.582
1.01262;4415990;2042;;;;;;;;;;;;;;
1.01512;4418490;2015;;;;;;;;;;;;;;
1.01762;4420990;1996;;;;;;;;;;;;;;
1.019084;4422454;2055;;;;;;;;;;;;;;
1.02012;4423490;1975;;;;;;;;;;;;;;
1.02262;4425990;2088;;;;;;;;;;;;;;
1.039016;4442386;2110;;;;;;;;;;;;;;
1.041516;4444886;2089;4445378;457.903;-67.245;908.511;347.97;-172.756;65.672;4444940;-952.918;-287.786;13.966;1334.784;-123.305;-344.341
1.044016;4447386;2059;;;;;;;;;;;;;;
1.046516;4449886;2031;;;;;;;;;;;;;;
1.047334;4450704;1965;;;;;;;;;;;;;;
1.049016;4452386;2009;;;;;;;;;;;;;;
1.049834;4453204;2046;;;;;;;;;;;;;;
1.051516;4454886;1992;;;;;;;;;;;;;;
1.052334;4455704;2090;;;;;;;;;;;;;;
1.054834;4458204;2059;;;;;;;;;;;;;;
1.057334;4460704;2040;;;;;;;;;;;;;;
1.059834;4463204;2009;;;;;;;;;;;;;;
1.066875;4470245;1983;;;;;;;;;;;;;;
1.069375;4472745;1966;;;;;;;;;;;;;;
1.071875;4475245;1948;4475240;457.834;-67.311;908.433;333.197;-176.368;68.951;4474801;-952.804;-287.738;14.054;1329.294;-125.014;-341.124
1.074375;4477745;2024;;;;;;;;;;;;;;
1.076875;4480245;2064;;;;;;;;;;;;;;
1.079375;4482745;2041;;;;;;;;;;;;;;
1.081875;4485245;2014;;;;;;;;;;;;;;
1.082431;4485801;1994;;;;;;;;;;;;;;
1.084931;4488301;1967;;;;;;;;;;;;;;
1.087431;4490801;1948;;;;;;;;;;;;;;
1.089931;4493301;1931;;;;;;;;;;;;;;
1.092431;4495801;2009;;;;;;;;4496851;-952.847;-287.637;14.059;1328.017;-126.201;-340.255
1.094931;4498301;2046;4497293;457.994;-67.356;908.383;332.287;-170.175;68.566;;;;;;;
1.097431;4500801;2026;;;;;;;;;;;;;;
1.099931;4503301;1998;;;;;;;;;;;;;;
1.102431;4505801;1980;;;;;;;;;;;;;;
1.106101;4509471;1961;;;;;;;;;;;;;;
1.108601;4511971;1935;;;;;;;;;;;;;;
1.111101;4514471;1917;;;;;;;;;;;;;;
1.113601;4516971;1998;;;;;;;;;;;;;;
1.116101;4519471;2011;;;;;;;;;;;;;;
1.118601;4521971;2007;4522461;457.908;-67.373;908.446;337.985;-162.541;69.95;4522022;-952.87;-287.548;14.033;1330.304;-127.329;-341.617
1.121101;4524471;1981;;;;;;;;;;;;;;
1.123601;4526971;1962;;;;;;;;;;;;;;
1.125844;4529214;1899;;;;;;;;;;;;;;
1.126101;4529471;1944;;;;;;;;;;;;;;
1.128344;4531714;1975;;;;;;;;;;;;;;
1.128601;4531971;1917;;;;;;;;;;;;;;
1.130844;4534214;1996;;;;;;;;;;;;;;
1.133344;4536714;1980;;;;;;;;;;;;;;
1.135844;4539214;1962;;;;;;;;;;;;;;
1.138344;4541714;1944;;;;;;;;;;;;;;
1.140844;4544214;1917;;;;;;;;;;;;;;
1.143344;4546714;1899;;;;;;;;;;;;;;
1.145844;4549214;1882;4549199;457.943;-67.421;908.511;339.461;-164.039;69.953;4548756;-952.904;-287.536;14.033;1332.914;-127.962;-342.911
1.148344;4551714;1945;;;;;;;;;;;;;;
1.150844;4554214;1991;;;;;;;;;;;;;;
1.153344;4556714;1965;;;;;;;;;;;;;;
1.155844;4559214;1947;;;;;;;;;;;;;;
1.157763;4561133;1927;;;;;;;;;;;;;;
1.160263;4563633;1903;;;;;;;;;;;;;;
1.162763;4566133;1884;;;;;;;;;;;;;;
1.165263;4568633;1868;;;;;;;;;;;;;;
1.167763;4571133;1944;;;;;;;;;;;;;;
1.170263;4573633;1964;;;;;;;;;;;;;;
1.172763;4576133;1945;;;;;;;;;;;;;;
1.175263;4578633;1904;;;;;;;;;;;;;;
1.177763;4581133;1902;4580612;457.969;-67.148;908.445;339.113;-163.712;65.142;4580173;-952.931;-287.488;14.1;1333.643;-133.377;-345.453
1.180263;4583633;1884;;;;;;;;;;;;;;
1.182763;4586133;1866;;;;;;;;;;;;;;
1.185263;4588633;1852;;;;;;;;;;;;;;
1.187763;4591133;1913;;;;;;;;;;;;;;
1.205864;4609234;1855;;;;;;;;;;;;;;
1.208364;4611734;1839;4612038;458.013;-67.28;908.328;335.282;-170.402;66.26;4611596;-952.925;-287.375;14.103;1330.836;-129.77;-342.618
1.209664;4613034;1932;;;;;;;;;;;;;;
1.210864;4614234;1823;;;;;;;;;;;;;;
1.212164;4615534;1913;;;;;;;;;;;;;;
1.213364;4616734;1871;;;;;;;;;;;;;;
1.214664;4618034;1896;;;;;;;;;;;;;;
1.215864;4619234;1903;;;;;;;;;;;;;;
1.217164;4620534;1871;;;;;;;;;;;;;;
1.217542;4620912;1835;;;;;;;;;;;;;;
1.218364;4621734;1887;;;;;;;;;;;;;;
1.220042;4623412;1819;;;;;;;;;;;;;;
1.220864;4624234;1871;;;;;;;;;;;;;;
1.222542;4625912;1804;;;;;;;;;;;;;;
1.223364;4626734;1852;;;;;;;;;;;;;;
1.225042;4628412;1840;;;;;;;;;;;;;;
1.227542;4630912;1881;;;;;;;;;;;;;;
1.230042;4633412;1850;;;;;;;;;;;;;;
1.232542;4635912;1850;;;;;;;;;;;;;;
1.235042;4638412;1834;;;;;;;;;;;;;;
1.237542;4640912;1818;4641890;458.024;-67.228;908.356;334.268;-173.694;62.072;4641451;-952.816;-287.372;14.13;1336.044;-129.407;-342.112
1.240042;4643412;1801;;;;;;;;;;;;;;
1.242542;4645912;1786;;;;;;;;;;;;;;
1.245042;4648412;1835;;;;;;;;;;;;;;
1.247542;4650912;1853;;;;;;;;;;;;;;
1.249463;4652833;1836;;;;;;;;;;;;;;
1.251963;4655333;1822;;;;;;;;;;;;;;
1.254463;4657833;1805;;;;;;;;;;;;;;
1.256963;4660333;1788;;;;;;;;;;;;;;
1.259463;4662833;1774;;;;;;;;;;;;;;
1.261963;4665333;1770;;;;;;;;;;;;;;
1.264463;4667833;1801;;;;;;;;;;;;;;
1.266963;4670333;1834;;;;;;;;;;;;;;
1.269463;4672833;1820;4673319;458.108;-67.234;908.298;327.18;-175.509;53.281;4672877;-952.755;-287.351;14.161;1336.179;-129.061;-344.694
1.271963;4675333;1803;;;;;;;;;;;;;;
1.274463;4677833;1788;;;;;;;;;;;;;;
1.276963;4680333;1775;;;;;;;;;;;;;;
1.279463;4682833;1760;;;;;;;;;;;;;;
1.297366;4700736;1754;;;;;;;;;;;;;;
1.299866;4703236;1787;;;;;;;;4704294;-952.881;-287.452;14.136;1334.995;-127.421;-342.334
1.302366;4705736;1818;4704732;457.937;-67.331;908.273;326.571;-182.046;57.18;;;;;;;
1.304866;4708236;1802;;;;;;;;;;;;;;
1.305688;4709058;1758;;;;;;;;;;;;;;
1.307366;4710736;1786;;;;;;;;;;;;;;
1.308188;4711558;1750;;;;;;;;;;;;;;
1.309866;4713236;1773;;;;;;;;;;;;;;
1.310688;4714058;1735;;;;;;;;;;;;;;
1.313188;4716558;1771;;;;;;;;;;;;;;
1.313302;4716672;1756;;;;;;;;;;;;;;
1.315688;4719058;1801;;;;;;;;;;;;;;
1.315802;4719172;1743;;;;;;;;;;;;;;
1.318188;4721558;1785;;;;;;;;;;;;;;
1.318302;4721672;1737;;;;;;;;;;;;;;
1.320688;4724058;1771;;;;;;;;;;;;;;
1.320802;4724172;1721;;;;;;;;;;;;;;
1.323302;4726672;1752;;;;;;;;;;;;;;
1.325802;4729172;1802;;;;;;;;;;;;;;
1.328302;4731672;1786;;;;;;;;;;;;;;
1.330802;4734172;1771;;;;;;;;;;;;;;
1.333302;4736672;1755;4736148;458.0;-67.478;908.353;334.742;-178.632;63.071;4735710;-952.939;-287.622;14.186;1329.933;-125.425;-341.843
1.335802;4739172;1743;;;;;;;;;;;;;;
1.338302;4741672;1736;;;;;;;;;;;;;;
1.340802;4744172;1723;;;;;;;;;;;;;;
1.343302;4746672;1770;;;;;;;;;;;;;;
1.345137;4748507;1788;;;;;;;;;;;;;;
1.347637;4751007;1773;;;;;;;;;;;;;;
1.350137;4753507;1756;;;;;;;;;;;;;;
1.352637;4756007;1742;;;;;;;;;;;;;;
1.355137;4758507;1739;;;;;;;;;;;;;;
1.357637;4761007;1723;;;;;;;;;;;;;;
1.360137;4763507;1711;;;;;;;;;;;;;;
1.362637;4766007;1735;;;;;;;;4767133;-952.982;-287.899;14.264;1329.061;-128.341;-333.938
1.365137;4768507;1770;4767569;457.988;-67.362;908.789;237.505;-73.887;63.417;;;;;;;
1.367637;4771007;1757;;;;;;;;;;;;;;
1.370137;4773507;1751;;;;;;;;;;;;;;
1.372637;4776007;1736;;;;;;;;;;;;;;
1.388889;4792259;1722;;;;;;;;;;;;;;
1.391389;4794759;1709;;;;;;;;;;;;;;
1.393889;4797259;1704;4797349;457.829;-69.532;909.197;97.442;-92.943;103.121;4796911;-953.059;-287.949;14.148;1326.483;-121.486;-329.054
1.396389;4799759;1695;;;;;;;;;;;;;;
1.398889;4802259;1751;;;;;;;;;;;;;;
1.400372;4803742;1706;;;;;;;;;;;;;;
1.401389;4804759;1738;;;;;;;;;;;;;;
1.402872;4806242;1692;;;;;;;;;;;;;;
1.403889;4807259;1725;;;;;;;;;;;;;;
1.405372;4808742;1689;;;;;;;;;;;;;;
1.407872;4811242;1689;;;;;;;;;;;;;;
1.410372;4813742;1720;;;;;;;;;;;;;;
1.412872;4816242;1707;;;;;;;;;;;;;;
1.415372;4818742;1695;4819300;457.691;-68.606;910.03;92.57;-131.608;32.778;4818865;-953.09;-287.643;14.008;1319.221;-105.35;-331.851
1.417872;4821242;1690;;;;;;;;;;;;;;
1.420372;4823742;1677;;;;;;;;;;;;;;
1.422872;4826242;1672;;;;;;;;;;;;;;
1.42434;4827710;1719;;;;;;;;;;;;;;
1.425372;4828742;1662;;;;;;;;;;;;;;
1.427872;4831242;1672;;;;;;;;;;;;;;
1.428287;4831657;1679;;;;;;;;;;;;;;
1.430787;4834157;1676;;;;;;;;;;;;;;
1.433287;4836657;1662;;;;;;;;;;;;;;
1.435787;4839157;1658;;;;;;;;;;;;;;
1.438287;4841657;1646;;;;;;;;;;;;;;
1.440787;4844157;1641;;;;;;;;;;;;;;
1.443287;4846657;1639;;;;;;;;;;;;;;
1.445787;4849157;1630;;;;;;;;4850194;-952.753;-287.73;14.101;1328.073;-122.832;-341.508
1.448287;4851657;1646;4850632;457.76;-68.353;909.651;116.379;-178.84;24.576;;;;;;;
1.450787;4854157;1641;;;;;;;;;;;;;;
1.453287;4856657;1640;;;;;;;;;;;;;;
1.455787;4859157;1628;;;;;;;;;;;;;;
1.456148;4859518;1624;;;;;;;;;;;;;;
1.458648;4862018;1614;;;;;;;;;;;;;;
1.461148;4864518;1608;;;;;;;;;;;;;;
1.463648;4867018;1608;;;;;;;;;;;;;;
1.466148;4869518;1607;;;;;;;;;;;;;;
1.468648;4872018;1596;;;;;;;;;;;;;;
1.471148;4874518;1579;;;;;;;;;;;;;;
1.473648;4877018;1583;;;;;;;;;;;;;;
1.476148;4879518;1580;4880495;457.888;-68.096;909.784;127.623;-138.398;20.285;4880059;-952.659;-287.782;14.176;1331.669;-145.128;-344.558
1.478648;4882018;1578;;;;;;;;;;;;;;
1.481148;4884518;1576;;;;;;;;;;;;;;
1.483648;4887018;1568;;;;;;;;;;;;;;
1.486148;4889518;1566;;;;;;;;;;;;;;
1.50019;4903560;1551;;;;;;;;;;;;;;
1.50269;4906060;1549;;;;;;;;;;;;;;
1.50519;4908560;1549;;;;;;;;;;;;;;
1.50769;4911060;1546;4911920;457.856;-68.637;910.118;155.804;-137.604;33.708;4911481;-952.642;-287.862;14.291;1328.086;-146.184;-348.33
1.51019;4913560;1545;;;;;;;;;;;;;;
1.512041;4915411;1565;;;;;;;;;;;;;;
1.51269;4916060;1535;;;;;;;;;;;;;;
1.514541;4917911;1561;;;;;;;;;;;;;;
1.51519;4918560;1517;;;;;;;;;;;;;;
1.517041;4920411;1559;;;;;;;;;;;;;;
1.51769;4921060;1533;;;;;;;;;;;;;;
1.520075;4923445;1528;;;;;;;;;;;;;;
1.52019;4923560;1531;;;;;;;;;;;;;;
1.522575;4925945;1527;;;;;;;;;;;;;;
1.52269;4926060;1531;;;;;;;;;;;;;;
1.525075;4928445;1527;;;;;;;;;;;;;;
1.527575;4930945;1519;;;;;;;;;;;;;;
1.530075;4933445;1519;;;;;;;;;;;;;;
1.532575;4935945;1515;;;;;;;;;;;;;;
1.535075;4938445;1515;;;;;;;;;;;;;;
1.537575;4940945;1515;;;;;;;;;;;;;;
1.540075;4943445;1514;4943334;457.728;-68.609;910.356;168.576;-148.661;-22.227;4942895;-952.694;-287.987;14.418;1319.869;-140.187;-351.476
1.542575;4945945;1514;;;;;;;;;;;;;;
1.545075;4948445;1514;;;;;;;;;;;;;;
1.547575;4950945;1513;;;;;;;;;;;;;;
1.550075;4953445;1511;;;;;;;;;;;;;;
1.552083;4955453;1504;;;;;;;;;;;;;;
1.554583;4957953;1511;;;;;;;;;;;;;;
1.557083;4960453;1511;;;;;;;;;;;;;;
1.559583;4962953;1503;;;;;;;;;;;;;;
1.562083;4965453;1531;;;;;;;;;;;;;;
1.564583;4967953;1565;;;;;;;;;;;;;;
1.567083;4970453;1564;;;;;;;;;;;;;;
1.569583;4972953;1561;;;;;;;;;;;;;;
1.572083;4975453;1564;4974850;457.876;-68.278;910.21;202.148;-169.665;-22.428;4974408;-952.712;-288.051;14.545;1320.375;-144.553;-353.59
1.574583;4977953;1545;;;;;;;;;;;;;;
1.577083;4980453;1550;;;;;;;;;;;;;;
1.579583;4982953;1560;;;;;;;;;;;;;;
1.582083;4985453;1689;;;;;;;;;;;;;;
1.6001;5003470;1735;;;;;;;;;;;;;;
1.6026;5005970;1724;5006350;458.107;-68.127;910.022;212.165;-198.807;5.381;5005911;-952.614;-288.081;14.605;1326.107;-153.513;-354.285
1.603893;5007263;1769;;;;;;;;;;;;;;
1.6051;5008470;1718;;;;;;;;;;;;;;
1.606393;5009763;1758;;;;;;;;;;;;;;
1.6076;5010970;1994;;;;;;;;;;;;;;
1.608893;5012263;1744;;;;;;;;;;;;;;
1.6101;5013470;2088;;;;;;;;;;;;;;
1.611393;5014763;1738;;;;;;;;;;;;;;
1.6126;5015970;2059;;;;;;;;;;;;;;
1.6151;5018470;2041;;;;;;;;;;;;;;
1.6176;5020970;2025;;;;;;;;;;;;;;
1.627756;5031126;2000;;;;;;;;;;;;;;
1.630256;5033626;1990;;;;;;;;;;;;;;
1.632756;5036126;1967;5036121;458.235;-67.942;910.021;247.494;-223.429;-9.326;5035683;-952.801;-288.03;14.54;1328.051;-142.775;-351.446
1.635233;5038603;2426;;;;;;;;;;;;;;
1.635256;5038626;2382;;;;;;;;;;;;;;
1.637733;5041103;2394;;;;;;;;;;;;;;
1.637756;5041126;2522;;;;;;;;;;;;;;
1.640233;5043603;2364;;;;;;;;;;;;;;
1.640256;5043626;2489;;;;;;;;;;;;;;
1.642733;5046103;2334;;;;;;;;;;;;;;
1.642756;5046126;2456;;;;;;;;;;;;;;
1.645233;5048603;2861;;;;;;;;;;;;;;
1.647733;5051103;2970;;;;;;;;;;;;;;
1.650233;5053603;2919;;;;;;;;;;;;;;
1.652733;5056103;2872;;;;;;;;;;;;;;
1.655233;5058603;2828;5058165;458.265;-68.357;909.782;221.557;-269.133;0.765;5057730;-952.869;-287.902;14.392;1325.961;-130.824;-348.311
1.657733;5061103;2791;;;;;;;;;;;;;;
1.660233;5063603;2746;;;;;;;;;;;;;;
1.662733;5066103;2712;;;;;;;;;;;;;;
1.665233;5068603;3261;;;;;;;;;;;;;;
1.66724;5070610;3358;;;;;;;;;;;;;;
1.66974;5073110;3292;;;;;;;;;;;;;;
1.67224;5075610;3231;;;;;;;;;;;;;;
1.67474;5078110;3178;;;;;;;;;;;;;;
1.67724;5080610;3118;;;;;;;;;;;;;;
1.67974;5083110;3070;;;;;;;;;;;;;;
1.68224;5085610;3022;;;;;;;;;;;;;;
1.68474;5088110;3566;;;;;;;;5089065;-952.909;-287.824;14.362;1330.976;-126.907;-352.333
1.68724;5090610;3678;5089503;458.325;-68.429;909.951;175.917;-312.551;-18.085;;;;;;;
1.68974;5093110;3595;;;;;;;;;;;;;;
1.69224;5095610;3518;;;;;;;;;;;;;;
1.69474;5098110;3454;;;;;;;;;;;;;;
1.695188;5098558;3386;;;;;;;;;;;;;;
1.697688;5101058;3327;;;;;;;;;;;;;;
1.700188;5103558;3273;;;;;;;;;;;;;;
1.702688;5106058;3707;;;;;;;;;;;;;;
1.705188;5108558;3787;;;;;;;;;;;;;;
1.707688;5111058;3703;;;;;;;;;;;;;;
1.710188;5113558;3623;;;;;;;;;;;;;;
1.712688;5116058;3546;;;;;;;;;;;;;;
1.715188;5118558;3479;5119447;458.613;-68.088;909.545;234.058;-312.674;-10.181;5119011;-952.819;-287.884;14.26;1343.177;-132.375;-353.091
1.717688;5121058;3406;;;;;;;;;;;;;;
1.720188;5123558;3351;;;;;;;;;;;;;;
1.722688;5126058;3559;;;;;;;;;;;;;;
1.725188;5128558;3584;;;;;;;;;;;;;;
1.727016;5130386;3513;;;;;;;;;;;;;;
1.729516;5132886;3438;;;;;;;;;;;;;;
1.732016;5135386;3372;;;;;;;;;;;;;;
1.734516;5137886;3311;;;;;;;;;;;;;;
1.737016;5140386;3256;;;;;;;;;;;;;;
1.739516;5142886;3195;;;;;;;;;;;;;;
1.742016;5145386;3149;;;;;;;;;;;;;;
1.744516;5147886;3149;;;;;;;;;;;;;;
1.747016;5150386;3088;5150958;458.777;-67.867;909.47;262.168;-271.227;6.078;5150520;-952.71;-287.94;14.297;1344.268;-137.568;-352.499
1.749516;5152886;3039;;;;;;;;;;;;;;
1.752016;5155386;2990;;;;;;;;;;;;;;
1.754516;5157886;2943;;;;;;;;;;;;;;
1.757016;5160386;2904;;;;;;;;;;;;;;
1.758952;5162322;2856;;;;;;;;;;;;;;
1.761452;5164822;2811;;;;;;;;;;;;;;
1.763952;5167322;2767;;;;;;;;;;;;;;
1.766452;5169822;2731;;;;;;;;;;;;;;
1.768952;5172322;2696;;;;;;;;;;;;;;
1.771452;5174822;2653;;;;;;;;;;;;;;
1.773952;5177322;2618;;;;;;;;;;;;;;
1.776452;5179822;2576;;;;;;;;;;;;;;
1.778952;5182322;2540;5182286;458.884;-68.207;909.515;252.997;-280.416;38.587;5181850;-952.611;-287.958;14.205;1343.992;-136.815;-349.312
1.781452;5184822;2509;;;;;;;;;;;;;;
1.783952;5187322;2474;;;;;;;;;;;;;;
1.786452;5189822;2444;;;;;;;;;;;;;;
1.788952;5192322;2411;;;;;;;;;;;;;;
1.794862;5198232;2349;;;;;;;;;;;;;;
1.797362;5200732;2316;;;;;;;;;;;;;;
1.799862;5203232;2287;;;;;;;;;;;;;;
1.802362;5205732;2266;;;;;;;;;;;;;;
1.804862;5208232;2234;;;;;;;;;;;;;;
1.807362;5210732;2205;;;;;;;;;;;;;;
1.809862;5213232;2184;5213711;458.888;-68.213;909.417;250.847;-278.208;20.47;5213272;-952.646;-287.864;14.238;1339.793;-138.724;-351.096
1.812362;5215732;2154;;;;;;;;;;;;;;
1.814862;5218232;2125;;;;;;;;;;;;;;
1.817362;5220732;2106;;;;;;;;;;;;;;
1.81883;5222200;2379;;;;;;;;;;;;;;
1.819862;5223232;2076;;;;;;;;;;;;;;
1.822362;5225732;2048;;;;;;;;;;;;;;
1.838764;5242134;2029;;;;;;;;;;;;;;
1.841264;5244634;2010;5245125;458.971;-68.2;909.306;246.18;-261.235;26.009;5244686;-952.527;-287.904;14.228;1341.49;-138.788;-351.042
1.843764;5247134;1992;;;;;;;;;;;;;;
1.846264;5249634;1967;;;;;;;;;;;;;;
1.847084;5250454;1912;;;;;;;;;;;;;;
1.848764;5252134;1949;;;;;;;;;;;;;;
1.849584;5252954;1896;;;;;;;;;;;;;;
1.851264;5254634;1930;;;;;;;;;;;;;;
1.852084;5255454;1872;;;;;;;;;;;;;;
1.854584;5257954;1856;;;;;;;;;;;;;;
1.857084;5260454;1847;;;;;;;;;;;;;;
1.859584;5262954;1821;;;;;;;;;;;;;;
1.86662;5269990;1805;;;;;;;;;;;;;;
1.86912;5272490;1791;;;;;;;;;;;;;;
1.87162;5274990;1783;5274986;459.184;-68.218;909.176;243.496;-252.548;58.396;5274548;-952.542;-287.868;14.212;1337.416;-133.161;-349.239
1.87412;5277490;1767;;;;;;;;;;;;;;
1.87662;5279990;1753;;;;;;;;;;;;;;
1.87912;5282490;1741;;;;;;;;;;;;;;
1.88162;5284990;1725;;;;;;;;;;;;;;
1.882178;5285548;1705;;;;;;;;;;;;;;
1.884678;5288048;1705;;;;;;;;;;;;;;
1.887178;5290548;1692;;;;;;;;;;;;;;
1.889678;5293048;1678;;;;;;;;;;;;;;
1.892178;5295548;1671;;;;;;;;5296595;-952.592;-287.834;14.148;1335.295;-125.19;-346.215
1.894678;5298048;1660;5297030;459.387;-68.187;909.089;216.884;-258.733;62.913;;;;;;;
1.897178;5300548;1647;;;;;;;;;;;;;;
1.899678;5303048;1643;;;;;;;;;;;;;;
1.902178;5305548;1630;;;;;;;;;;;;;;
1.905758;5309128;1624;;;;;;;;;;;;;;
1.908258;5311628;1612;;;;;;;;;;;;;;
1.910758;5314128;1607;;;;;;;;;;;;;;
1.913258;5316628;1596;;;;;;;;;;;;;;
1.915758;5319128;1592;;;;;;;;;;;;;;
1.918258;5321628;1579;5322210;459.585;-68.327;908.866;88.789;-290.859;99.58;5321771;-952.677;-287.875;14.106;1336.78;-125.056;-345.092
1.920758;5324128;1577;;;;;;;;;;;;;;
1.923258;5326628;1564;;;;;;;;;;;;;;
1.925416;5328786;1550;;;;;;;;;;;;;;
1.925758;5329128;1562;;;;;;;;;;;;;;
1.927916;5331286;1544;;;;;;;;;;;;;;
1.928258;5331628;1552;;;;;;;;;;;;;;
1.930416;5333786;1576;;;;;;;;;;;;;;
1.932916;5336286;1564;;;;;;;;;;;;;;
1.935416;5338786;1560;;;;;;;;;;;;;;
1.937916;5341286;1548;;;;;;;;;;;;;;
1.940416;5343786;1547;;;;;;;;;;;;;;
1.942916;5346286;1534;;;;;;;;;;;;;;
1.945416;5348786;1531;5348849;459.542;-68.492;908.788;94.412;-278.504;91.539;5348413;-952.641;-287.883;14.151;1339.941;-127.553;-348.4
1.947916;5351286;2700;;;;;;;;;;;;;;
1.950416;5353786;3182;;;;;;;;;;;;;;
1.952916;5356286;3115;;;;;;;;;;;;;;
1.955416;5358786;3053;;;;;;;;;;;;;;
1.957423;5360793;3004;;;;;;;;;;;;;;
1.959923;5363293;2953;;;;;;;;;;;;;;
1.962423;5365793;2905;;;;;;;;;;;;;;
1.964923;5368293;2857;;;;;;;;;;;;;;
1.967423;5370793;4095;;;;;;;;;;;;;;
1.969923;5373293;4095;;;;;;;;;;;;;;
1.972423;5375793;4095;;;;;;;;;;;;;;
1.974923;5378293;4095;;;;;;;;;;;;;;
1.977423;5380793;4095;5380187;459.647;-68.502;908.684;114.629;-263.266;100.087;5379749;-952.626;-287.818;14.206;1340.319;-131.238;-348.917
1.979923;5383293;4095;;;;;;;;;;;;;;
1.982423;5385793;3946;;;;;;;;;;;;;;
1.984923;5388293;4095;;;;;;;;;;;;;;
1.987423;5390793;4095;;;;;;;;;;;;;;
2.005614;5408984;2879;;;;;;;;;;;;;;
2.008114;5411484;2495;5411688;459.698;-68.822;908.554;124.648;-254.04;105.583;5411253;-952.611;-287.762;14.063;1342.866;-130.364;-341.971
2.009412;5412782;4095;;;;;;;;;;;;;;
2.010614;5413984;3037;;;;;;;;;;;;;;
2.011912;5415282;4095;;;;;;;;;;;;;;
2.013114;5416484;4095;;;;;;;;;;;;;;
2.014412;5417782;3738;;;;;;;;;;;;;;
2.015614;5418984;4095;;;;;;;;;;;;;;
2.016912;5420282;3279;;;;;;;;;;;;;;
2.017287;5420657;2136;;;;;;;;;;;;;;
2.018114;5421484;4058;;;;;;;;;;;;;;
2.019787;5423157;1549;;;;;;;;;;;;;;
2.020614;5423984;3312;;;;;;;;;;;;;;
2.022287;5425657;2123;;;;;;;;;;;;;;
2.023114;5426484;2714;;;;;;;;;;;;;;
2.024787;5428157;4095;;;;;;;;;;;;;;
2.027287;5430657;4095;;;;;;;;;;;;;;
2.029787;5433157;3896;;;;;;;;;;;;;;
2.032287;5435657;3020;;;;;;;;;;;;;;
2.034787;5438157;2272;;;;;;;;;;;;;;
2.037287;5440657;1519;5441636;459.765;-68.968;908.431;134.603;-255.338;98.116;5441198;-952.694;-287.587;14.11;1344.41;-128.658;-338.873
2.039787;5443157;812;;;;;;;;;;;;;;
2.042287;5445657;1511;;;;;;;;;;;;;;
2.044787;5448157;4095;;;;;;;;;;;;;;
2.047287;5450657;4095;;;;;;;;;;;;;;
2.049124;5452494;3768;;;;;;;;;;;;;;
2.051624;5454994;2761;;;;;;;;;;;;;;
2.054124;5457494;1852;;;;;;;;;;;;;;
2.056624;5459994;952;;;;;;;;;;;;;;
2.059124;5462494;137;;;;;;;;;;;;;;
2.061624;5464994;1086;;;;;;;;;;;;;;
2.064124;5467494;4095;;;;;;;;;;;;;;
2.066624;5469994;4095;;;;;;;;;;;;;;
2.069124;5472494;3655;5472969;459.646;-68.764;908.412;151.498;-250.446;93.21;5472534;-952.542;-287.518;14.264;1347.627;-130.538;-338.117
2.071624;5474994;2511;;;;;;;;;;;;;;
2.074124;5477494;1438;;;;;;;;;;;;;;
2.076624;5479994;429;;;;;;;;;;;;;;
2.079124;5482494;19;;;;;;;;;;;;;;
2.096591;5499961;987;;;;;;;;;;;;;;
2.099091;5502461;4095;;;;;;;;5503520;-952.507;-287.587;14.198;1347.621;-131.448;-336.961
2.101591;5504961;4095;5503958;459.722;-68.815;908.363;163.61;-237.924;93.362;;;;;;;
2.104091;5507461;3519;;;;;;;;;;;;;;
2.104824;5508194;23;;;;;;;;;;;;;;
2.106591;5509961;2266;;;;;;;;;;;;;;
2.107324;5510694;17;;;;;;;;;;;;;;
2.109091;5512461;1082;;;;;;;;;;;;;;
2.109824;5513194;780;;;;;;;;;;;;;;
2.112008;5515378;824;;;;;;;;;;;;;;
2.112324;5515694;4095;;;;;;;;;;;;;;
2.114508;5517878;22;;;;;;;;;;;;;;
2.114824;5518194;4095;;;;;;;;;;;;;;
2.117008;5520378;8;;;;;;;;;;;;;;
2.117324;5520694;3384;;;;;;;;;;;;;;
2.119508;5522878;509;;;;;;;;;;;;;;
2.119824;5523194;2076;;;;;;;;;;;;;;
2.122008;5525378;4095;;;;;;;;;;;;;;
2.124508;5527878;4095;;;;;;;;;;;;;;
2.127008;5530378;3239;;;;;;;;;;;;;;
2.129508;5532878;1944;;;;;;;;;;;;;;
2.132008;5535378;682;5534853;459.696;-69.12;908.195;163.305;-237.84;90.444;5534415;-952.37;-287.634;14.043;1350.24;-131.001;-338.488
2.134508;5537878;20;;;;;;;;;;;;;;
2.137008;5540378;8;;;;;;;;;;;;;;
2.139508;5542878;282;;;;;;;;;;;;;;
2.142008;5545378;4095;;;;;;;;;;;;;;
2.158698;5562068;4095;;;;;;;;;;;;;;
2.161198;5564568;3112;5565068;459.763;-69.232;908.145;162.14;-250.011;97.297;5564625;-952.326;-287.551;14.036;1351.415;-130.576;-336.876
2.163698;5567068;1833;;;;;;;;;;;;;;
2.166198;5569568;572;;;;;;;;;;;;;;
2.166575;5569945;16;;;;;;;;;;;;;;
2.168698;5572068;21;;;;;;;;;;;;;;
2.169075;5572445;3500;;;;;;;;;;;;;;
2.171198;5574568;16;;;;;;;;;;;;;;
2.171575;5574945;4095;;;;;;;;;;;;;;
2.174075;5577445;2906;;;;;;;;;;;;;;
2.176575;5579945;1628;;;;;;;;;;;;;;
2.179075;5582445;397;;;;;;;;;;;;;;
2.18586;5589230;19;;;;;;;;;;;;;;
2.18836;5591730;18;;;;;;;;;;;;;;
2.19086;5594230;8;5594224;459.766;-68.973;908.122;186.845;-228.323;94.619;5593786;-952.344;-287.508;14.109;1348.157;-128.422;-340.157
2.19336;5596730;2718;;;;;;;;;;;;;;
2.19586;5599230;4095;;;;;;;;;;;;;;
2.196728;5600098;17;;;;;;;;;;;;;;
2.19836;5601730;2312;;;;;;;;;;;;;;
2.199228;5602598;11;;;;;;;;;;;;;;
2.20086;5604230;1006;;;;;;;;;;;;;;
2.201728;5605098;17;;;;;;;;;;;;;;
2.204228;5607598;1960;;;;;;;;;;;;;;
2.206728;5610098;2776;;;;;;;;;;;;;;
2.209228;5612598;1051;;;;;;;;;;;;;;
2.211728;5615098;23;5615671;459.707;-69.166;907.917;194.565;-230.906;117.451;5615229;-952.417;-287.584;14.087;1345.499;-129.438;-340.212
2.214228;5617598;16;;;;;;;;;;;;;;
2.216728;5620098;8;;;;;;;;;;;;;;
2.219228;5622598;9;;;;;;;;;;;;;;
2.220876;5624246;25;;;;;;;;;;;;;;
2.221728;5625098;8;;;;;;;;;;;;;;
2.224228;5627598;1243;;;;;;;;;;;;;;
2.239072;5642442;1308;;;;;;;;;;;;;;
2.241572;5644942;25;5645345;459.872;-68.953;907.996;214.15;-214.986;115.953;5644907;-952.541;-287.466;14.029;1349.536;-128.216;-338.514
2.244072;5647442;7;;;;;;;;;;;;;;
2.246259;5649629;8;;;;;;;;;;;;;;
2.246572;5649942;9;;;;;;;;;;;;;;
2.248759;5652129;496;;;;;;;;;;;;;;
2.249072;5652442;18;;;;;;;;;;;;;;
2.251259;5654629;22;;;;;;;;;;;;;;
2.251572;5654942;9;;;;;;;;;;;;;;
2.253759;5657129;17;;;;;;;;;;;;;;
2.256259;5659629;16;;;;;;;;;;;;;;
2.258759;5662129;8;;;;;;;;;;;;;;
2.264671;5668041;16;;;;;;;;;;;;;;
2.267171;5670541;16;;;;;;;;;;;;;;
2.269671;5673041;16;5673040;459.466;-68.885;907.974;257.692;-325.862;76.906;5672595;-950.279;-286.696;13.706;1360.372;-130.993;-343.025
2.272171;5675541;7;;;;;;;;;;;;;;
2.274671;5678041;16;;;;;;;;;;;;;;
2.275658;5679028;9;;;;;;;;;;;;;;
2.277171;5680541;16;;;;;;;;;;;;;;
2.278158;5681528;17;;;;;;;;;;;;;;
2.279671;5683041;8;;;;;;;;;;;;;;
2.280658;5684028;8;;;;;;;;;;;;;;
2.283158;5686528;9;;;;;;;;;;;;;;
2.285658;5689028;17;;;;;;;;;;;;;;
2.288158;5691528;9;;;;;;;;;;;;;;
2.298305;5701675;;5701675;459.844;-68.979;907.057;245.245;-307.819;73.498;5701237;-949.583;-287.081;13.692;1363.229;-123.131;-350.812
2.301807;5705177;18;;;;;;;;;;;;;;
2.304307;5707677;9;;;;;;;;;;;;;;
2.304623;5707993;17;;;;;;;;;;;;;;
2.305244;5708614;8;;;;;;;;;;;;;;
2.306807;5710177;8;;;;;;;;;;;;;;
2.307123;5710493;10;;;;;;;;;;;;;;
2.307744;5711114;18;;;;;;;;;;;;;;
2.309623;5712993;9;;;;;;;;;;;;;;
2.310244;5713614;8;;;;;;;;;;;;;;
2.312123;5715493;17;;;;;;;;;;;;;;
2.312744;5716114;16;;;;;;;;;;;;;;
2.314623;5717993;9;;;;;;;;;;;;;;
2.317123;5720493;19;;;;;;;;;;;;;;
2.322957;5726327;16;;;;;;;;;;;;;;
2.325457;5728827;18;;;;;;;;5729880;-950.581;-287.318;14.099;1371.63;-130.974;-332.396
2.327957;5731327;16;5730318;459.836;-68.799;907.558;261.42;-323.053;49.261;;;;;;;
2.330457;5733827;10;;;;;;;;;;;;;;
2.332957;5736327;10;;;;;;;;;;;;;;
2.335457;5738827;18;;;;;;;;;;;;;;
2.341489;5744859;8;;;;;;;;;;;;;;
2.343989;5747359;9;;;;;;;;;;;;;;
2.346489;5749859;17;;;;;;;;5751046;-950.851;-287.256;13.912;1372.61;-132.738;-331.089
2.348989;5752359;10;5751487;460.043;-68.55;907.795;273.287;-311.713;120.735;;;;;;;
2.351489;5754859;17;;;;;;;;;;;;;;
2.353989;5757359;9;;;;;;;;;;;;;;
2.356489;5759859;9;;;;;;;;;;;;;;
2.36356;5766930;18;;;;;;;;;;;;;;
2.36606;5769430;9;5770336;459.629;-69.197;907.564;240.372;-280.377;169.823;5769897;-950.785;-287.338;14.223;1371.355;-148.851;-335.097
2.36856;5771930;17;;;;;;;;;;;;;;
2.370655;5774025;16;;;;;;;;;;;;;;
2.37106;5774430;18;;;;;;;;;;;;;;
2.373155;5776525;9;;;;;;;;;;;;;;
2.37356;5776930;19;;;;;;;;;;;;;;
2.375655;5779025;9;;;;;;;;;;;;;;
2.37606;5779430;9;;;;;;;;;;;;;;
2.378155;5781525;16;;;;;;;;;;;;;;
2.380655;5784025;10;;;;;;;;;;;;;;
2.383155;5786525;18;;;;;;;;;;;;;;
2.385655;5789025;7;;;;;;;;;;;;;;
2.395337;5798707;;;;;;;;;5798707;-951.783;-287.544;14.567;1365.35;-137.471;-333.217
2.396872;5800242;18;5799145;459.779;-69.678;907.564;210.416;-267.671;207.27;;;;;;;
2.399372;5802742;8;;;;;;;;;;;;;;
2.400056;5803426;16;;;;;;;;;;;;;;
2.401872;5805242;18;;;;;;;;;;;;;;
2.402556;5805926;9;;;;;;;;;;;;;;
2.404372;5807742;16;;;;;;;;;;;;;;
2.405056;5808426;9;;;;;;;;;;;;;;
2.407556;5810926;16;;;;;;;;;;;;;;
2.408277;5811647;18;;;;;;;;;;;;;;
2.410056;5813426;8;;;;;;;;;;;;;;
2.410777;5814147;10;;;;;;;;;;;;;;
2.412556;5815926;9;;;;;;;;;;;;;;
2.418303;5821673;9;;;;;;;;;;;;;;
2.420803;5824173;18;;;;;;;;;;;;;;
2.423303;5826673;7;5826577;459.799;-69.781;907.557;212.145;-234.6;193.844;5826139;-952.043;-287.441;14.333;1364.457;-134.098;-336.244
2.425803;5829173;17;;;;;;;;;;;;;;
2.428303;5831673;9;;;;;;;;;;;;;;
2.430803;5834173;9;;;;;;;;;;;;;;
2.433303;5836673;9;;;;;;;;;;;;;;
2.440288;5843658;18;;;;;;;;;;;;;;
2.442788;5846158;10;;;;;;;;5847390;-952.197;-287.526;14.269;1358.797;-136.143;-339.556
2.445288;5848658;17;5847829;460.117;-69.793;907.533;208.976;-209.307;184.151;;;;;;;
2.447476;5850846;16;;;;;;;;;;;;;;
2.447788;5851158;16;;;;;;;;;;;;;;
2.449976;5853346;7;;;;;;;;;;;;;;
2.450288;5853658;10;;;;;;;;;;;;;;
2.452476;5855846;17;;;;;;;;;;;;;;
2.452788;5856158;8;;;;;;;;;;;;;;
2.454976;5858346;9;;;;;;;;;;;;;;
2.457476;5860846;8;;;;;;;;;;;;;;
2.459976;5863346;17;;;;;;;;;;;;;;
2.462476;5865846;16;;;;;;;;;;;;;;
2.46969;5873060;18;;;;;;;;;;;;;;
2.47219;5875560;8;5875965;460.218;-69.61;907.528;315.339;-199.279;177.131;5875523;-952.448;-287.57;14.166;1355.17;-123.211;-335.704
2.47469;5878060;8;;;;;;;;;;;;;;
2.47719;5880560;18;;;;;;;;;;;;;;
2.47969;5883060;18;;;;;;;;;;;;;;
2.48219;5885560;16;;;;;;;;;;;;;;
2.488047;5891417;10;;;;;;;;;;;;;;
2.490547;5893917;9;;;;;;;;;;;;;;
2.493047;5896417;17;5897220;460.473;-70.027;907.823;278.135;-197.628;189.275;5896782;-952.662;-287.453;14.202;1347.349;-123.175;-335.106
2.495547;5898917;17;;;;;;;;;;;;;;
2.498047;5901417;8;;;;;;;;;;;;;;
2.500547;5903917;10;;;;;;;;;;;;;;
2.506404;5909774;9;;;;;;;;;;;;;;
2.508904;5912274;17;;;;;;;;;;;;;;
2.511404;5914774;16;5914683;460.629;-69.551;907.706;262.478;-214.434;209.124;5914244;-952.42;-287.495;14.382;1345.606;-115.266;-340.663
2.513904;5917274;9;;;;;;;;;;;;;;
2.516404;5919774;10;;;;;;;;;;;;;;
2.517387;5920757;8;;;;;;;;;;;;;;
2.518904;5922274;16;;;;;;;;;;;;;;
2.519887;5923257;9;;;;;;;;;;;;;;
2.521404;5924774;17;;;;;;;;;;;;;;
2.522387;5925757;9;;;;;;;;;;;;;;
2.524887;5928257;8;;;;;;;;;;;;;;
2.527387;5930757;18;;;;;;;;;;;;;;
2.529887;5933257;16;;;;;;;;;;;;;;
2.535632;5939002;10;;;;;;;;;;;;;;
2.538132;5941502;17;;;;;;;;;;;;;;
2.540632;5944002;9;5943406;460.765;-69.63;907.454;281.729;-230.837;177.667;5942967;-952.513;-287.431;14.206;1348.763;-116.94;-342.005
2.543132;5946502;9;;;;;;;;;;;;;;
2.545632;5949002;19;;;;;;;;;;;;;;
2.546446;5949816;9;;;;;;;;;;;;;;
2.548132;5951502;8;;;;;;;;;;;;;;
2.548946;5952316;9;;;;;;;;;;;;;;
2.550632;5954002;9;;;;;;;;;;;;;;
2.551446;5954816;17;;;;;;;;;;;;;;
2.553946;5957316;8;;;;;;;;;;;;;;
2.556446;5959816;9;;;;;;;;;;;;;;
2.558946;5962316;18;;;;;;;;;;;;;;
2.564687;5968057;8;;;;;;;;;;;;;;
2.567187;5970557;9;;;;;;;;5971522;-952.443;-287.346;14.234;1354.388;-128.593;-343.717
2.569687;5973057;17;5971961;460.901;-69.656;907.337;312.268;-223.233;153.909;;;;;;;
2.572187;5975557;9;;;;;;;;;;;;;;
2.574687;5978057;8;;;;;;;;;;;;;;
2.577187;5980557;17;;;;;;;;;;;;;;
2.582871;5986241;10;;;;;;;;;;;;;;
2.585371;5988741;16;;;;;;;;;;;;;;
2.587871;5991241;9;;;;;;;;;;;;;;
2.590371;5993741;27;5993214;460.786;-69.717;907.483;314.592;-221.696;119.526;5992776;-952.279;-287.313;14.071;1357.981;-124.789;-345.781
2.592871;5996241;7;;;;;;;;;;;;;;
2.595371;5998741;9;;;;;;;;;;;;;;
2.597871;6001241;8;;;;;;;;;;;;;;
2.608677;6012047;17;6011718;460.914;-69.647;907.377;305.425;-225.924;124.487;6011279;-952.202;-287.27;14.032;1359.207;-123.799;-349.492
2.611177;6014547;8;;;;;;;;;;;;;;
2.611949;6015319;9;;;;;;;;;;;;;;
2.613677;6017047;10;;;;;;;;;;;;;;
2.614449;6017819;22;;;;;;;;;;;;;;
2.616177;6019547;9;;;;;;;;;;;;;;
2.61693;6020300;8;;;;;;;;;;;;;;
2.616949;6020319;16;;;;;;;;;;;;;;
2.618677;6022047;10;;;;;;;;;;;;;;
2.619449;6022819;17;;;;;;;;;;;;;;
2.621949;6025319;8;;;;;;;;;;;;;;
2.624449;6027819;7;;;;;;;;;;;;;;
2.626949;6030319;16;;;;;;;;;;;;;;
2.634171;6037541;10;;;;;;;;;;;;;;
2.636671;6040041;8;6040442;460.853;-69.77;907.337;307.216;-229.065;122.2;6040003;-952.172;-287.23;14.093;1354.684;-119.797;-350.83
2.639171;6042541;8;;;;;;;;;;;;;;
2.641099;6044469;8;;;;;;;;;;;;;;
2.641671;6045041;9;;;;;;;;;;;;;;
2.643599;6046969;16;;;;;;;;;;;;;;
2.644171;6047541;9;;;;;;;;;;;;;;
2.646099;6049469;9;;;;;;;;;;;;;;
2.646671;6050041;16;;;;;;;;;;;;;;
2.648599;6051969;18;;;;;;;;;;;;;;
2.651099;6054469;18;;;;;;;;;;;;;;
2.653599;6056969;16;;;;;;;;;;;;;;
2.659423;6062793;8;;;;;;;;;;;;;;
2.661923;6065293;17;;;;;;;;;;;;;;
2.664423;6067793;17;6067786;460.869;-69.856;907.366;311.98;-262.237;66.215;6067348;-952.284;-287.276;14.115;1350.387;-116.87;-351.226
2.666923;6070293;8;;;;;;;;;;;;;;
2.669423;6072793;8;;;;;;;;;;;;;;
2.671923;6075293;16;;;;;;;;;;;;;;
2.674423;6077793;9;;;;;;;;;;;;;;
2.681408;6084778;9;;;;;;;;;;;;;;
2.683908;6087278;17;;;;;;;;6088515;-952.347;-287.156;14.055;1349.805;-114.089;-351.602
2.686408;6089778;9;6088953;460.944;-69.901;907.449;334.881;-307.313;30.53;;;;;;;
2.688908;6092278;8;;;;;;;;;;;;;;
2.691408;6094778;16;;;;;;;;;;;;;;
2.693908;6097278;8;;;;;;;;;;;;;;
2.695004;6098374;17;;;;;;;;;;;;;;
2.696329;6099699;9;;;;;;;;;;;;;;
2.697504;6100874;7;;;;;;;;;;;;;;
2.698829;6102199;8;;;;;;;;;;;;;;
2.700004;6103374;19;;;;;;;;;;;;;;
2.701329;6104699;16;;;;;;;;;;;;;;
2.702504;6105874;9;;;;;;;;;;;;;;
2.705004;6108374;8;;;;;;;;;;;;;;
2.707504;6110874;18;6111362;461.089;-69.554;907.088;335.2;-311.197;45.628;6110920;-952.261;-287.328;14.091;1354.065;-115.384;-351.085
2.710004;6113374;9;;;;;;;;;;;;;;
2.712504;6115874;11;;;;;;;;;;;;;;
2.715004;6118374;10;;;;;;;;;;;;;;
2.717504;6120874;18;;;;;;;;;;;;;;
2.728648;6132018;8;;;;;;;;;;;;;;
2.731148;6134518;10;;;;;;;;6135572;-952.197;-287.376;14.155;1353.737;-118.802;-351.905
2.733648;6137018;9;6136007;460.965;-69.309;907.136;354.752;-284.262;56.909;;;;;;;
2.735663;6139033;17;;;;;;;;;;;;;;
2.736148;6139518;17;;;;;;;;;;;;;;
2.738163;6141533;18;;;;;;;;;;;;;;
2.738648;6142018;8;;;;;;;;;;;;;;
2.740663;6144033;16;;;;;;;;;;;;;;
2.741148;6144518;16;;;;;;;;;;;;;;
2.743163;6146533;9;;;;;;;;;;;;;;
2.745663;6149033;9;;;;;;;;;;;;;;
2.748163;6151533;16;;;;;;;;;;;;;;
2.750663;6154033;8;;;;;;;;;;;;;;
2.757788;6161158;16;;;;;;;;;;;;;;
2.760288;6163658;8;6164648;460.993;-69.54;907.035;345.327;-289.299;75.064;6164209;-952.051;-287.336;14.13;1352.112;-122.925;-354.435
2.762788;6166158;8;;;;;;;;;;;;;;
2.765288;6168658;16;;;;;;;;;;;;;;
2.766432;6169802;17;;;;;;;;;;;;;;
2.767788;6171158;17;;;;;;;;;;;;;;
2.768932;6172302;18;;;;;;;;;;;;;;
2.770288;6173658;8;;;;;;;;;;;;;;
2.771432;6174802;18;;;;;;;;;;;;;;
2.773932;6177302;17;;;;;;;;;;;;;;
2.776432;6179802;9;;;;;;;;;;;;;;
2.778932;6182302;19;;;;;;;;;;;;;;
2.781432;6184802;18;;;;;;;;;;;;;;
2.789656;6193026;;;;;;;;;6193026;-952.102;-287.402;14.095;1354.507;-118.966;-348.526
2.791102;6194472;16;6193465;460.928;-69.382;906.854;355.186;-287.084;55.123;;;;;;;
2.793602;6196972;16;;;;;;;;;;;;;;
2.796102;6199472;8;;;;;;;;;;;;;;
2.798602;6201972;17;;;;;;;;;;;;;;
2.802508;6205878;16;;;;;;;;;;;;;;
2.805008;6208378;17;;;;;;;;;;;;;;
2.805461;6208831;8;;;;;;;;;;;;;;
2.807961;6211331;18;;;;;;;;;;;;;;
2.810461;6213831;16;6214636;460.927;-69.548;906.688;358.864;-280.167;62.429;6214195;-952.095;-287.33;13.945;1352.844;-119.143;-348.162
2.812961;6216331;16;;;;;;;;;;;;;;
2.815461;6218831;10;;;;;;;;;;;;;;
2.817961;6221331;17;;;;;;;;;;;;;;
2.82382;6227190;8;;;;;;;;;;;;;;
2.82632;6229690;17;;;;;;;;;;;;;;
2.82882;6232190;9;6232180;460.915;-69.487;906.628;368.483;-260.909;68.933;6231745;-952.083;-287.281;13.949;1351.702;-124.561;-347.817
2.83132;6234690;10;;;;;;;;;;;;;;
2.83382;6237190;9;;;;;;;;;;;;;;
2.834631;6238001;9;;;;;;;;;;;;;;
2.83632;6239690;17;;;;;;;;;;;;;;
2.837131;6240501;9;;;;;;;;;;;;;;
2.83882;6242190;8;;;;;;;;;;;;;;
2.839631;6243001;10;;;;;;;;;;;;;;
2.842131;6245501;16;;;;;;;;;;;;;;
2.844631;6248001;9;;;;;;;;;;;;;;
2.847131;6250501;8;;;;;;;;;;;;;;
2.852786;6256156;9;;;;;;;;;;;;;;
2.855286;6258656;8;;;;;;;;;;;;;;
2.857786;6261156;10;6260647;460.805;-69.551;906.65;368.872;-254.864;75.111;6260209;-952.016;-287.331;14.124;1354.554;-125.333;-346.613
2.860286;6263656;11;;;;;;;;;;;;;;
2.862786;6266156;17;;;;;;;;;;;;;;
2.863929;6267299;17;;;;;;;;;;;;;;
2.865286;6268656;19;;;;;;;;;;;;;;
2.866429;6269799;17;;;;;;;;;;;;;;
2.867786;6271156;16;;;;;;;;;;;;;;
2.868929;6272299;9;;;;;;;;;;;;;;
2.871429;6274799;8;;;;;;;;;;;;;;
2.873929;6277299;16;;;;;;;;;;;;;;
2.876429;6279799;16;;;;;;;;;;;;;;
2.882104;6285474;16;;;;;;;;;;;;;;
2.884604;6287974;10;;;;;;;;6289025;-952.123;-287.385;14.016;1349.826;-127.378;-345.47
2.887104;6290474;18;6289464;460.877;-69.623;906.774;345.178;-249.558;67.856;;;;;;;
2.889604;6292974;8;;;;;;;;;;;;;;
2.892104;6295474;10;;;;;;;;;;;;;;
2.894604;6297974;8;;;;;;;;;;;;;;
2.900371;6303741;9;;;;;;;;;;;;;;
2.902871;6306241;9;;;;;;;;;;;;;;
2.905371;6308741;17;;;;;;;;;;;;;;
2.907871;6311241;9;6310633;460.928;-69.637;906.637;338.857;-254.58;65.775;6310191;-952.182;-287.454;13.992;1351.46;-124.51;-345.697
2.910371;6313741;16;;;;;;;;;;;;;;
2.912871;6316241;17;;;;;;;;;;;;;;
2.915371;6318741;8;;;;;;;;;;;;;;
2.922358;6325728;16;;;;;;;;;;;;;;
2.924858;6328228;16;6329215;460.854;-69.785;906.616;345.101;-243.601;59.862;6328780;-952.172;-287.386;13.921;1355.2;-126.159;-344.162
2.927358;6330728;8;;;;;;;;;;;;;;
2.929458;6332828;19;;;;;;;;;;;;;;
2.929858;6333228;16;;;;;;;;;;;;;;
2.931958;6335328;9;;;;;;;;;;;;;;
2.932358;6335728;9;;;;;;;;;;;;;;
2.934458;6337828;8;;;;;;;;;;;;;;
2.934858;6338228;16;;;;;;;;;;;;;;
2.936958;6340328;10;;;;;;;;;;;;;;
2.939458;6342828;9;;;;;;;;;;;;;;
2.941958;6345328;8;;;;;;;;;;;;;;
2.944458;6347828;16;;;;;;;;;;;;;;
2.951498;6354868;8;;;;;;;;;;;;;;
2.953998;6357368;16;6357858;460.937;-69.931;906.62;345.346;-239.296;65.181;6357420;-952.021;-287.443;13.945;1357.002;-125.101;-344.891
2.956498;6359868;16;;;;;;;;;;;;;;
2.958931;6362301;17;;;;;;;;;;;;;;
2.958998;6362368;9;;;;;;;;;;;;;;
2.961431;6364801;16;;;;;;;;;;;;;;
2.961498;6364868;7;;;;;;;;;;;;;;
2.963931;6367301;16;;;;;;;;;;;;;;
2.963998;6367368;9;;;;;;;;;;;;;;
2.966431;6369801;10;;;;;;;;;;;;;;
2.968931;6372301;9;;;;;;;;;;;;;;
2.971431;6374801;8;;;;;;;;;;;;;;
2.976754;6380124;16;;;;;;;;;;;;;;
2.979254;6382624;17;;;;;;;;;;;;;;
2.981754;6385124;16;6385115;461.1;-69.832;906.643;348.641;-227.331;70.235;6384676;-952.116;-287.498;13.906;1353.902;-123.659;-343.397
2.984254;6387624;9;;;;;;;;;;;;;;
2.986754;6390124;8;;;;;;;;;;;;;;
2.989254;6392624;8;;;;;;;;;;;;;;
2.991754;6395124;9;;;;;;;;;;;;;;
3.002565;6405935;9;6406280;461.103;-70.068;906.682;346.084;-217.715;79.41;6405839;-952.139;-287.537;13.839;1353.144;-121.851;-343.289
3.005065;6408435;16;;;;;;;;;;;;;;
3.006434;6409804;18;;;;;;;;;;;;;;
3.007565;6410935;16;;;;;;;;;;;;;;
3.008934;6412304;7;;;;;;;;;;;;;;
3.010065;6413435;16;;;;;;;;;;;;;;
3.010724;6414094;17;;;;;;;;;;;;;;
3.011434;6414804;16;;;;;;;;;;;;;;
3.012565;6415935;18;;;;;;;;;;;;;;
3.013934;6417304;16;;;;;;;;;;;;;;
3.016434;6419804;9;;;;;;;;;;;;;;
3.018934;6422304;10;;;;;;;;;;;;;;
3.021434;6424804;17;;;;;;;;;;;;;;
3.028141;6431511;18;;;;;;;;;;;;;;
3.030641;6434011;9;6434500;461.143;-70.06;906.671;350.655;-218.204;83.752;6434061;-952.142;-287.593;13.879;1349.362;-121.883;-342.312
3.033141;6436511;10;;;;;;;;;;;;;;
3.035641;6439011;10;;;;;;;;;;;;;;
3.038141;6441511;18;;;;;;;;;;;;;;
3.040641;6444011;3;;;;;;;;;;;;;;
3.046409;6449779;9;;;;;;;;;;;;;;
3.048909;6452279;9;;;;;;;;;;;;;;
3.051409;6454779;16;6455668;461.046;-70.003;906.618;355.872;-212.106;73.44;6455227;-952.182;-287.615;13.935;1351.019;-121.914;-344.009
3.053909;6457279;17;;;;;;;;;;;;;;
3.056409;6459779;17;;;;;;;;;;;;;;
3.058909;6462279;17;;;;;;;;;;;;;;
3.064681;6468051;16;;;;;;;;;;;;;;
3.067181;6470551;9;;;;;;;;;;;;;;
3.069681;6473051;16;6473045;461.021;-69.889;906.634;354.266;-207.626;85.08;6472606;-952.178;-287.63;14.056;1349.093;-122.381;-341.684
3.072181;6475551;16;;;;;;;;;;;;;;
3.074681;6478051;9;;;;;;;;;;;;;;
3.075581;6478951;9;;;;;;;;;;;;;;
3.077181;6480551;9;;;;;;;;;;;;;;
3.078081;6481451;17;;;;;;;;;;;;;;
3.079681;6483051;17;;;;;;;;;;;;;;
3.080581;6483951;17;;;;;;;;;;;;;;
3.083081;6486451;18;;;;;;;;;;;;;;
3.085581;6488951;8;;;;;;;;;;;;;;
3.088081;6491451;9;;;;;;;;;;;;;;
3.098312;6501682;;6501682;460.918;-69.89;906.656;354.49;-198.995;86.514;6501244;-952.198;-287.669;14.0;1345.951;-117.137;-343.412
3.101813;6505183;18;;;;;;;;;;;;;;
3.104313;6507683;17;;;;;;;;;;;;;;
3.104716;6508086;17;;;;;;;;;;;;;;
3.105334;6508704;8;;;;;;;;;;;;;;
3.106813;6510183;8;;;;;;;;;;;;;;
3.107216;6510586;17;;;;;;;;;;;;;;
3.107834;6511204;18;;;;;;;;;;;;;;
3.109716;6513086;9;;;;;;;;;;;;;;
3.110334;6513704;16;;;;;;;;;;;;;;
3.112216;6515586;8;;;;;;;;;;;;;;
3.112834;6516204;9;;;;;;;;;;;;;;
3.114716;6518086;16;;;;;;;;;;;;;;
3.117216;6520586;8;;;;;;;;;;;;;;
3.122965;6526335;16;;;;;;;;;;;;;;
3.125465;6528835;9;;;;;;;;6529886;-952.229;-287.682;14.038;1352.591;-117.842;-342.429
3.127965;6531335;9;6530324;460.998;-69.86;906.506;358.203;-217.045;91.375;;;;;;;
3.130465;6533835;9;;;;;;;;;;;;;;
3.132965;6536335;8;;;;;;;;;;;;;;
3.135465;6538835;10;;;;;;;;;;;;;;
3.141059;6544429;16;;;;;;;;;;;;;;
3.143559;6546929;9;;;;;;;;;;;;;;
3.146059;6549429;9;;;;;;;;;;;;;;
3.148559;6551929;7;6551494;460.975;-69.911;906.498;371.793;-211.88;87.244;6551056;-952.246;-287.669;14.025;1354.524;-119.388;-341.057
3.151059;6554429;9;;;;;;;;;;;;;;
3.153559;6556929;9;;;;;;;;;;;;;;
3.156059;6559429;18;;;;;;;;;;;;;;
3.162959;6566329;16;;;;;;;;;;;;;;
3.165459;6568829;8;6569822;461.1;-69.929;906.514;377.266;-200.849;85.507;6569382;-952.342;-287.621;14.056;1356.36;-121.293;-339.755
3.167959;6571329;17;;;;;;;;;;;;;;
3.170059;6573429;16;;;;;;;;;;;;;;
3.170459;6573829;19;;;;;;;;;;;;;;
3.172559;6575929;9;;;;;;;;;;;;;;
3.172959;6576329;8;;;;;;;;;;;;;;
3.175059;6578429;16;;;;;;;;;;;;;;
3.175459;6578829;17;;;;;;;;;;;;;;
3.177559;6580929;17;;;;;;;;;;;;;;
3.180059;6583429;10;;;;;;;;;;;;;;
3.182559;6585929;8;;;;;;;;;;;;;;
3.185059;6588429;8;;;;;;;;;;;;;;
3.194736;6598106;;;;;;;;;6598106;-952.408;-287.636;13.994;1357.229;-123.104;-340.267
3.196182;6599552;16;6598544;461.158;-70.007;906.639;382.028;-195.181;80.357;;;;;;;
3.198682;6602052;18;;;;;;;;;;;;;;
3.199368;6602738;16;;;;;;;;;;;;;;
3.201182;6604552;18;;;;;;;;;;;;;;
3.201868;6605238;17;;;;;;;;;;;;;;
3.203682;6607052;17;;;;;;;;;;;;;;
3.204368;6607738;9;;;;;;;;;;;;;;
3.206868;6610238;8;;;;;;;;;;;;;;
3.207672;6611042;16;;;;;;;;;;;;;;
3.209368;6612738;9;;;;;;;;;;;;;;
3.210172;6613542;9;;;;;;;;;;;;;;
3.211868;6615238;17;;;;;;;;;;;;;;
3.217615;6620985;8;;;;;;;;;;;;;;
3.220115;6623485;17;;;;;;;;;;;;;;
3.222615;6625985;9;6625977;461.207;-69.923;906.6;377.801;-189.36;82.026;6625539;-952.331;-287.571;13.941;1356.306;-121.323;-336.816
3.225115;6628485;17;;;;;;;;;;;;;;
3.227615;6630985;17;;;;;;;;;;;;;;
3.230115;6633485;18;;;;;;;;;;;;;;
3.232615;6635985;18;;;;;;;;;;;;;;
3.239772;6643142;18;;;;;;;;;;;;;;
3.242272;6645642;16;;;;;;;;6646701;-952.35;-287.582;13.866;1357.615;-124.445;-337.038
3.244772;6648142;9;6647139;461.217;-69.928;906.654;375.099;-187.329;84.05;;;;;;;
3.246873;6650243;17;;;;;;;;;;;;;;
3.247272;6650642;16;;;;;;;;;;;;;;
3.249373;6652743;8;;;;;;;;;;;;;;
3.249772;6653142;8;;;;;;;;;;;;;;
3.251873;6655243;8;;;;;;;;;;;;;;
3.252272;6655642;17;;;;;;;;;;;;;;
3.254373;6657743;17;;;;;;;;;;;;;;
3.256873;6660243;16;;;;;;;;;;;;;;
3.259373;6662743;16;;;;;;;;;;;;;;
3.261873;6665243;58;;;;;;;;;;;;;;
3.269089;6672459;19;;;;;;;;;;;;;;
3.271589;6674959;16;6675453;461.19;-70.018;906.711;376.906;-181.463;80.285;6675009;-952.465;-287.52;13.789;1355.797;-124.785;-336.373
3.274089;6677459;16;;;;;;;;;;;;;;
3.276589;6679959;19;;;;;;;;;;;;;;
3.279089;6682459;17;;;;;;;;;;;;;;
3.281589;6684959;8;;;;;;;;;;;;;;
3.287444;6690814;9;;;;;;;;;;;;;;
3.289944;6693314;457;;;;;;;;;;;;;;
3.292444;6695814;409;6696617;461.127;-69.964;906.693;378.624;-180.702;81.521;6696179;-952.391;-287.552;13.746;1352.32;-126.421;-340.555
3.294944;6698314;159;;;;;;;;;;;;;;
3.297444;6700814;17;;;;;;;;;;;;;;
3.299944;6703314;9;;;;;;;;;;;;;;
3.305976;6709346;8;;;;;;;;;;;;;;
3.308476;6711846;16;;;;;;;;;;;;;;
3.310976;6714346;9;6714340;460.995;-69.845;906.65;375.88;-178.229;78.757;6713900;-952.467;-287.546;13.754;1350.766;-126.225;-337.964
3.313476;6716846;958;;;;;;;;;;;;;;
3.315976;6719346;1111;;;;;;;;;;;;;;
3.317398;6720768;376;;;;;;;;;;;;;;
3.318476;6721846;843;;;;;;;;;;;;;;
3.319898;6723268;153;;;;;;;;;;;;;;
3.320976;6724346;601;;;;;;;;;;;;;;
3.322398;6725768;10;;;;;;;;;;;;;;
3.324898;6728268;8;;;;;;;;;;;;;;
3.327398;6730768;1580;;;;;;;;;;;;;;
3.329898;6733268;2169;;;;;;;;;;;;;;
3.336331;6739701;1758;;;;;;;;;;;;;;
3.338831;6742201;1467;;;;;;;;;;;;;;
3.341331;6744701;1208;6744196;460.954;-69.897;906.653;371.523;-174.568;80.507;6743758;-952.442;-287.699;13.792;1351.04;-126.039;-338.129
3.343831;6747201;958;;;;;;;;;;;;;;
3.346331;6749701;730;;;;;;;;;;;;;;
3.348831;6752201;506;;;;;;;;;;;;;;
3.351331;6754701;3082;;;;;;;;;;;;;;
3.35962;6762990;4095;;;;;;;;;;;;;;
3.36212;6765490;3775;6765980;460.885;-69.965;906.613;375.26;-169.34;76.044;6765544;-952.394;-287.643;13.798;1355.676;-127.612;-335.222
3.36462;6767990;3405;;;;;;;;;;;;;;
3.36712;6770490;3083;;;;;;;;;;;;;;
3.367937;6771307;2392;;;;;;;;;;;;;;
3.36962;6772990;2781;;;;;;;;;;;;;;
3.370437;6773807;4095;;;;;;;;;;;;;;
3.37212;6775490;2491;;;;;;;;;;;;;;
3.372937;6776307;4095;;;;;;;;;;;;;;
3.375437;6778807;4095;;;;;;;;;;;;;;
3.377937;6781307;3784;;;;;;;;;;;;;;
3.380437;6783807;3385;;;;;;;;;;;;;;
3.387563;6790933;3036;;;;;;;;;;;;;;
3.390063;6793433;2711;;;;;;;;;;;;;;
3.392563;6795933;3047;6795841;461.808;-70.523;906.502;426.934;-206.81;105.929;6795403;-952.653;-288.352;13.285;1541.204;-168.919;-287.399
3.395063;6798433;4095;;;;;;;;;;;;;;
3.397563;6800933;4095;;;;;;;;;;;;;;
3.399131;6802501;2526;;;;;;;;;;;;;;
3.400063;6803433;4095;;;;;;;;;;;;;;
3.401631;6805001;2062;;;;;;;;;;;;;;
3.402563;6805933;3515;;;;;;;;;;;;;;
3.404131;6807501;2631;;;;;;;;;;;;;;
3.406631;6810001;4095;;;;;;;;;;;;;;
3.409131;6812501;4095;;;;;;;;;;;;;;
3.411631;6815001;3982;;;;;;;;;;;;;;
3.414131;6817501;3182;6817972;460.525;-69.193;904.743;449.775;-108.97;-22.305;6817537;-954.614;-280.461;12.121;1134.707;-65.535;-184.654
3.416631;6820001;2521;;;;;;;;;;;;;;
3.419131;6822501;1865;;;;;;;;;;;;;;
3.421631;6825001;1212;;;;;;;;;;;;;;
3.423101;6826471;3002;;;;;;;;;;;;;;
3.424131;6827501;1916;;;;;;;;;;;;;;
3.426631;6830001;4095;;;;;;;;;;;;;;
3.427135;6830505;4095;;;;;;;;;;;;;;
3.429635;6833005;3823;;;;;;;;;;;;;;
3.432135;6835505;2889;;;;;;;;;;;;;;
3.434635;6838005;2059;;;;;;;;;;;;;;
3.437135;6840505;1215;;;;;;;;;;;;;;
3.439635;6843005;460;;;;;;;;;;;;;;
3.442135;6845505;1292;;;;;;;;;;;;;;
3.444635;6848005;4095;;;;;;;;6848953;-955.152;-280.95;13.851;574.846;-175.133;-103.671
3.447135;6850505;4095;6849391;460.404;-67.472;903.92;663.974;-146.834;-327.877;;;;;;;
3.449635;6853005;3708;;;;;;;;;;;;;;
3.452135;6855505;2622;;;;;;;;;;;;;;
3.454635;6858005;1627;;;;;;;;;;;;;;
3.454996;6858366;655;;;;;;;;;;;;;;
3.457496;6860866;21;;;;;;;;;;;;;;
3.459996;6863366;1162;;;;;;;;;;;;;;
3.462496;6865866;4095;;;;;;;;;;;;;;
3.464996;6868366;4095;;;;;;;;;;;;;;
3.467496;6870866;3594;;;;;;;;;;;;;;
3.469996;6873366;2361;;;;;;;;;;;;;;
3.472496;6875866;1179;;;;;;;;;;;;;;
3.474996;6878366;104;6879253;462.028;-66.184;902.851;850.838;-217.804;-335.983;6878818;-953.962;-281.988;14.092;530.354;-367.189;-105.05
3.477496;6880866;18;;;;;;;;;;;;;;
3.479996;6883366;1144;;;;;;;;;;;;;;
3.482496;6885866;4095;;;;;;;;;;;;;;
3.484996;6888366;4095;;;;;;;;;;;;;;
3.498427;6901797;20;;;;;;;;;;;;;;
3.500927;6904297;18;;;;;;;;;;;;;;
3.503427;6906797;1228;;;;;;;;;;;;;;
3.505927;6909297;4095;6910244;461.46;-67.981;903.892;887.921;-181.977;-356.809;6909806;-952.38;-292.612;21.915;303.024;-402.642;-40.735
3.508427;6911797;4095;;;;;;;;;;;;;;
3.510368;6913738;3468;;;;;;;;;;;;;;
3.510927;6914297;3391;;;;;;;;;;;;;;
3.512868;6916238;2096;;;;;;;;;;;;;;
3.513427;6916797;1849;;;;;;;;;;;;;;
3.515368;6918738;775;;;;;;;;;;;;;;
3.515927;6919297;376;;;;;;;;;;;;;;
3.518427;6921797;18;;;;;;;;;;;;;;
3.520927;6924297;17;;;;;;;;;;;;;;
3.53343;6936800;1342;;;;;;;;;;;;;;
3.53593;6939300;4095;;;;;;;;6940349;-951.896;-292.17;21.972;338.623;-151.51;231.239
3.53843;6941800;4095;6940788;461.701;-68.077;904.142;859.275;-160.628;-349.031;;;;;;;
3.54093;6944300;3341;;;;;;;;;;;;;;
3.541573;6944943;10;;;;;;;;;;;;;;
3.54343;6946800;1613;;;;;;;;;;;;;;
3.544073;6947443;17;;;;;;;;;;;;;;
3.54593;6949300;27;;;;;;;;;;;;;;
3.546573;6949943;1478;;;;;;;;;;;;;;
3.549073;6952443;4095;;;;;;;;;;;;;;
3.551573;6954943;4095;;;;;;;;;;;;;;
3.554073;6957443;3294;;;;;;;;;;;;;;
3.556573;6959943;1385;;;;;;;;;;;;;;
3.564655;6968025;26;;;;;;;;;;;;;;
3.567155;6970525;18;6971689;461.399;-68.419;904.478;761.186;-195.034;-269.454;6971250;-952.375;-290.756;20.55;530.817;68.69;455.49
3.569655;6973025;17;;;;;;;;;;;;;;
3.572155;6975525;1658;;;;;;;;;;;;;;
3.572451;6975821;3280;;;;;;;;;;;;;;
3.574655;6978025;4095;;;;;;;;;;;;;;
3.574951;6978321;1192;;;;;;;;;;;;;;
3.577155;6980525;4095;;;;;;;;;;;;;;
3.577451;6980821;23;;;;;;;;;;;;;;
3.579951;6983321;4;;;;;;;;;;;;;;
3.582451;6985821;8;;;;;;;;;;;;;;
3.584951;6988321;1821;;;;;;;;;;;;;;
3.587451;6990821;4095;;;;;;;;;;;;;;
3.595384;6998754;10;;;;;;;;;;;;;;
3.597884;7001254;16;7001720;461.65;-68.359;904.382;831.627;-198.845;-227.544;7001281;-952.446;-290.571;20.377;597.463;-206.869;131.715
3.599357;7002727;4095;;;;;;;;;;;;;;
3.600384;7003754;1981;;;;;;;;;;;;;;
3.601857;7005227;3323;;;;;;;;;;;;;;
3.602884;7006254;4095;;;;;;;;;;;;;;
3.604357;7007727;1002;;;;;;;;;;;;;;
3.605384;7008754;4095;;;;;;;;;;;;;;
3.606857;7010227;20;;;;;;;;;;;;;;
3.607884;7011254;3482;;;;;;;;;;;;;;
3.610384;7013754;860;;;;;;;;;;;;;;
3.612884;7016254;19;;;;;;;;;;;;;;
3.622521;7025891;17;;;;;;;;;;;;;;
3.625021;7028391;8;;;;;;;;;;;;;;
3.627521;7030891;2184;7030798;461.467;-67.826;904.4;734.045;-260.652;47.208;7030360;-960.87;-291.573;18.309;1413.715;-1143.276;-927.058
3.630021;7033391;4095;;;;;;;;;;;;;;
3.632521;7035891;4095;;;;;;;;;;;;;;
3.635021;7038391;3627;;;;;;;;;;;;;;
3.637521;7040891;728;;;;;;;;;;;;;;
3.645812;7049182;20;;;;;;;;;;;;;;
3.648312;7051682;16;7052409;461.732;-67.338;903.765;968.155;-313.245;113.098;7051974;-962.151;-292.141;18.021;2309.029;-2659.362;-1816.518
3.650812;7054182;7;;;;;;;;;;;;;;
3.653312;7056682;2362;;;;;;;;;;;;;;
3.65352;7056890;3758;;;;;;;;;;;;;;
3.655812;7059182;4095;;;;;;;;;;;;;;
3.65602;7059390;616;;;;;;;;;;;;;;
3.658312;7061682;4095;;;;;;;;;;;;;;
3.65852;7061890;21;;;;;;;;;;;;;;
3.66102;7064390;17;;;;;;;;;;;;;;
3.66352;7066890;8;;;;;;;;;;;;;;
3.66602;7069390;2462;;;;;;;;;;;;;;
3.66852;7071890;4095;;;;;;;;;;;;;;
3.676775;7080145;4095;;;;;;;;;;;;;;
3.679275;7082645;3803;7082788;462.088;-66.253;903.497;1058.435;-314.645;250.943;7082350;-961.581;-293.851;20.189;3429.953;-4439.144;-2814.192
3.681775;7085145;508;;;;;;;;;;;;;;
3.684275;7087645;20;;;;;;;;;;;;;;
3.684393;7087763;2108;;;;;;;;;;;;;;
3.686775;7090145;18;;;;;;;;;;;;;;
3.686893;7090263;4095;;;;;;;;;;;;;;
3.689275;7092645;8;;;;;;;;;;;;;;
3.689393;7092763;4095;;;;;;;;;;;;;;
3.691893;7095263;3226;;;;;;;;;;;;;;
3.694393;7097763;137;;;;;;;;;;;;;;
3.696893;7100263;17;;;;;;;;;;;;;;
3.704027;7107397;16;;;;;;;;;;;;;;
3.706527;7109897;18;;;;;;;;;;;;;;
3.709027;7112397;1339;7112040;461.877;-65.588;903.792;1290.763;-255.6;145.646;7111601;-961.216;-295.501;21.881;4898.205;-6428.312;-3633.357
3.711527;7114897;4095;;;;;;;;;;;;;;
3.714027;7117397;4095;;;;;;;;;;;;;;
3.716527;7119897;2715;;;;;;;;;;;;;;
3.719027;7122397;41;;;;;;;;;;;;;;
3.727401;7130771;19;;;;;;;;;;;;;;
3.729901;7133271;11;7133920;461.432;-65.169;904.669;1378.475;-189.445;-19.574;7133477;-961.791;-296.842;24.197;6150.857;-8535.459;-4521.376
3.732401;7135771;17;;;;;;;;;;;;;;
3.734901;7138271;1112;;;;;;;;;;;;;;
3.735193;7138563;2653;;;;;;;;;;;;;;
3.737401;7140771;4095;;;;;;;;;;;;;;
3.737693;7141063;41;;;;;;;;;;;;;;
3.739901;7143271;4095;;;;;;;;;;;;;;
3.740193;7143563;17;;;;;;;;;;;;;;
3.742693;7146063;7;;;;;;;;;;;;;;
3.745193;7148563;9;;;;;;;;;;;;;;
3.747693;7151063;1051;;;;;;;;;;;;;;
3.750193;7153563;4095;;;;;;;;;;;;;;
3.758522;7161892;4095;;;;;;;;;;;;;;
3.761022;7164392;2586;7164290;462.48;-62.911;905.07;1387.426;-144.536;-167.783;7163852;-963.3;-298.836;30.466;7839.189;-11046.936;-5593.37
3.763522;7166892;40;;;;;;;;;;;;;;
3.765985;7169355;1100;;;;;;;;;;;;;;
3.766022;7169392;20;;;;;;;;;;;;;;
3.768485;7171855;4095;;;;;;;;;;;;;;
3.768522;7171892;19;;;;;;;;;;;;;;
3.770985;7174355;4095;;;;;;;;;;;;;;
3.771022;7174392;9;;;;;;;;;;;;;;
3.773485;7176855;2766;;;;;;;;;;;;;;
3.775985;7179355;43;;;;;;;;;;;;;;
3.778485;7181855;19;;;;;;;;;;;;;;
3.785779;7189149;9;;;;;;;;;;;;;;
3.788279;7191649;10;;;;;;;;;;;;;;
3.790779;7194149;1854;7193542;462.194;-61.248;905.109;1632.18;-179.746;-163.331;7193104;-960.629;-300.864;37.946;9330.23;-13438.526;-6732.514
3.793279;7196649;4095;;;;;;;;;;;;;;
3.795779;7199149;4095;;;;;;;;;;;;;;
3.797179;7200549;10;;;;;;;;;;;;;;
3.798279;7201649;3755;;;;;;;;;;;;;;
3.799679;7203049;16;;;;;;;;;;;;;;
3.800779;7204149;296;;;;;;;;;;;;;;
3.802179;7205549;3216;;;;;;;;;;;;;;
3.804679;7208049;4095;;;;;;;;;;;;;;
3.807179;7210549;4095;;;;;;;;;;;;;;
3.809679;7213049;4095;;;;;;;;;;;;;;
3.812179;7215549;1182;7215587;465.76;-61.76;906.982;1108.696;-172.071;-474.977;7215152;-956.658;-301.577;43.314;10999.594;-15836.975;-7594.201
3.814679;7218049;20;;;;;;;;;;;;;;
3.817179;7220549;18;;;;;;;;;;;;;;
3.819679;7223049;217;;;;;;;;;;;;;;
3.821404;7224774;19;;;;;;;;;;;;;;
3.822179;7225549;4095;;;;;;;;;;;;;;
3.824679;7228049;4095;;;;;;;;;;;;;;
3.825016;7228386;4095;;;;;;;;;;;;;;
3.827516;7230886;4095;;;;;;;;;;;;;;
3.830016;7233386;2778;;;;;;;;;;;;;;
3.832516;7235886;30;;;;;;;;;;;;;;
3.835016;7238386;18;;;;;;;;;;;;;;
3.837516;7240886;1918;;;;;;;;;;;;;;
3.840016;7243386;4095;;;;;;;;;;;;;;
3.842516;7245886;4095;7246660;466.725;-63.552;905.937;1203.324;-181.405;-428.041;7246222;-953.471;-302.175;51.695;12254.302;-17684.125;-8373.865
3.845016;7248386;4095;;;;;;;;;;;;;;
3.847516;7250886;4095;;;;;;;;;;;;;;
3.850016;7253386;3662;;;;;;;;;;;;;;
3.852516;7255886;43;;;;;;;;;;;;;;
3.868769;7272139;18;;;;;;;;;;;;;;
3.871269;7274639;2199;;;;;;;;;;;;;;
3.873769;7277139;4095;7276607;465.691;-59.655;905.811;1723.72;-52.46;-419.764;7276171;-952.7;-305.495;62.104;13000.899;-19226.73;-9269.422
3.876269;7279639;4095;;;;;;;;;;;;;;
3.878769;7282139;4095;;;;;;;;;;;;;;
3.881269;7284639;4095;;;;;;;;;;;;;;
3.883769;7287139;4095;;;;;;;;;;;;;;
3.884755;7288125;60;;;;;;;;;;;;;;
3.887255;7290625;17;;;;;;;;;;;;;;
3.889755;7293125;2493;;;;;;;;;;;;;;
3.892255;7295625;4095;;;;;;;;;;;;;;
3.894755;7298125;4095;7299006;464.122;-62.418;907.039;1938.534;-78.275;-388.276;7298567;-949.144;-310.167;74.529;13399.979;-21107.832;-10349.013
3.897255;7300625;4095;;;;;;;;;;;;;;
3.899755;7303125;4095;;;;;;;;;;;;;;
3.902255;7305625;4095;;;;;;;;;;;;;;
3.904755;7308125;938;;;;;;;;;;;;;;
3.908427;7311797;21;;;;;;;;;;;;;;
3.910927;7314297;2969;;;;;;;;;;;;;;
3.913427;7316797;4095;;;;;;;;;;;;;;
3.915927;7319297;4095;;;;;;;;;;;;;;
3.918427;7321797;4095;;;;;;;;;;;;;;
3.920927;7324297;4095;7324346;463.944;-61.81;906.004;2850.045;-34.986;36.263;7323911;-945.533;-312.715;85.205;13562.105;-22647.689;-11697.937
3.923427;7326797;4095;;;;;;;;;;;;;;
3.925927;7329297;605;;;;;;;;;;;;;;
3.928341;7331711;4095;;;;;;;;;;;;;;
3.928427;7331797;21;;;;;;;;;;;;;;
3.930841;7334211;4095;;;;;;;;;;;;;;
3.930927;7334297;2696;;;;;;;;;;;;;;
3.933341;7336711;4095;;;;;;;;;;;;;;
3.935841;7339211;4095;;;;;;;;;;;;;;
3.938341;7341711;4095;;;;;;;;;;;;;;
3.940841;7344211;990;;;;;;;;;;;;;;
3.943341;7346711;21;;;;;;;;;;;;;;
3.945841;7349211;2843;;;;;;;;;;;;;;
3.948341;7351711;4095;7351085;464.561;-61.196;910.034;2220.167;140.451;-621.362;7350646;-938.242;-318.191;97.335;13131.625;-24602.742;-13065.165
3.950841;7354211;4095;;;;;;;;;;;;;;
3.953341;7356711;4095;;;;;;;;;;;;;;
3.955841;7359211;4095;;;;;;;;;;;;;;
3.958341;7361711;4095;;;;;;;;;;;;;;
3.960699;7364069;1353;;;;;;;;;;;;;;
3.963199;7366569;23;;;;;;;;;;;;;;
3.965699;7369069;3039;;;;;;;;;;;;;;
3.968199;7371569;4095;;;;;;;;;;;;;;
3.970699;7374069;4095;;;;;;;;;;;;;;
3.973199;7376569;4095;;;;;;;;;;;;;;
3.975699;7379069;4095;;;;;;;;;;;;;;
3.978199;7381569;4095;;;;;;;;7382410;-933.64;-320.447;107.975;12611.981;-25894.355;-14107.219
3.980699;7384069;1962;7382846;464.598;-57.051;909.02;2832.784;101.928;-569.732;;;;;;;
3.983199;7386569;831;;;;;;;;;;;;;;
3.985699;7389069;4095;;;;;;;;;;;;;;
3.988199;7391569;4095;;;;;;;;;;;;;;
3.990699;7394069;4095;;;;;;;;;;;;;;
4.009144;7412514;2455;;;;;;;;;;;;;;
4.011644;7415014;4095;7414705;464.695;-54.54;909.41;2146.02;34.269;-828.683;7414267;-927.48;-321.346;117.643;11969.569;-26651.074;-14912.107
4.012942;7416312;4095;;;;;;;;;;;;;;
4.014144;7417514;4095;;;;;;;;;;;;;;
4.015442;7418812;4095;;;;;;;;;;;;;;
4.016644;7420014;4095;;;;;;;;;;;;;;
4.017942;7421312;4095;;;;;;;;;;;;;;
4.019144;7422514;4095;;;;;;;;;;;;;;
4.020442;7423812;2796;;;;;;;;;;;;;;
4.021429;7424799;3527;;;;;;;;;;;;;;
4.021644;7425014;4095;;;;;;;;;;;;;;
4.023929;7427299;4095;;;;;;;;;;;;;;
4.024144;7427514;4095;;;;;;;;;;;;;;
4.026429;7429799;4095;;;;;;;;;;;;;;
4.026644;7430014;3421;;;;;;;;;;;;;;
4.028929;7432299;4095;;;;;;;;;;;;;;
4.031429;7434799;4095;;;;;;;;;;;;;;
4.033929;7437299;4095;;;;;;;;;;;;;;
4.036429;7439799;4095;;;;;;;;;;;;;;
4.038929;7442299;3433;;;;;;;;;;;;;;
4.041429;7444799;3390;7445169;464.512;-58.389;908.659;2282.844;37.368;-980.624;7444730;-919.64;-325.629;128.09;11738.591;-27031.77;-15143.439
4.043929;7447299;4095;;;;;;;;;;;;;;
4.046429;7449799;4095;;;;;;;;;;;;;;
4.048929;7452299;4095;;;;;;;;;;;;;;
4.051429;7454799;4095;;;;;;;;;;;;;;
4.05421;7457580;4095;;;;;;;;;;;;;;
4.05671;7460080;4095;;;;;;;;;;;;;;
4.05921;7462580;3469;;;;;;;;;;;;;;
4.06171;7465080;3471;;;;;;;;;;;;;;
4.06421;7467580;4095;;;;;;;;;;;;;;
4.06671;7470080;4095;;;;;;;;;;;;;;
4.06921;7472580;4095;;;;;;;;;;;;;;
4.07171;7475080;4095;;;;;;;;;;;;;;
4.07421;7477580;4095;7477205;464.241;-53.804;909.116;2818.389;127.813;-1023.905;7476763;-913.289;-331.161;140.193;12134.724;-27203.994;-15020.205
4.07671;7480080;4095;;;;;;;;;;;;;;
4.07921;7482580;3739;;;;;;;;;;;;;;
4.08171;7485080;3913;;;;;;;;;;;;;;
4.08421;7487580;4095;;;;;;;;;;;;;;
4.095153;7498523;2921;;;;;;;;;;;;;;
4.097653;7501023;4095;;;;;;;;;;;;;;
4.100153;7503523;4095;;;;;;;;;;;;;;
4.102653;7506023;4095;;;;;;;;;;;;;;
4.102875;7506245;4095;;;;;;;;;;;;;;
4.105153;7508523;4095;;;;;;;;;;;;;;
4.105375;7508745;4095;7509400;466.697;-55.799;909.386;3932.22;181.797;-1456.585;7508961;-913.485;-334.434;156.571;12388.987;-27362.795;-14984.069
4.107653;7511023;4095;;;;;;;;;;;;;;
4.107875;7511245;4095;;;;;;;;;;;;;;
4.110153;7513523;4095;;;;;;;;;;;;;;
4.110375;7513745;4095;;;;;;;;;;;;;;
4.112653;7516023;3023;;;;;;;;;;;;;;
4.112875;7516245;4095;;;;;;;;;;;;;;
4.115153;7518523;2606;;;;;;;;;;;;;;
4.115375;7518745;3306;;;;;;;;;;;;;;
4.117653;7521023;4095;;;;;;;;;;;;;;
4.120153;7523523;4095;;;;;;;;;;;;;;
4.122653;7526023;4095;;;;;;;;;;;;;;
4.125153;7528523;4095;;;;;;;;;;;;;;
4.127989;7531359;4095;;;;;;;;;;;;;;
4.130489;7533859;4095;;;;;;;;;;;;;;
4.132989;7536359;3739;;;;;;;;;;;;;;
4.135489;7538859;4063;;;;;;;;;;;;;;
4.137989;7541359;4095;;;;;;;;;;;;;;
4.140489;7543859;4095;;;;;;;;;;;;;;
4.142989;7546359;4095;;;;;;;;;;;;;;
4.145489;7548859;4095;;;;;;;;;;;;;;
4.147989;7551359;4095;7550973;465.634;-57.041;909.911;4604.921;358.645;-1499.693;7550535;-907.625;-341.533;171.105;11918.288;-28198.342;-15054.303
4.150489;7553859;4095;;;;;;;;;;;;;;
4.152989;7556359;4095;;;;;;;;;;;;;;
4.155489;7558859;4095;;;;;;;;;;;;;;
4.157989;7561359;4095;;;;;;;;;;;;;;
4.160665;7564035;4095;;;;;;;;;;;;;;
4.163165;7566535;4095;;;;;;;;;;;;;;
4.165665;7569035;4095;;;;;;;;;;;;;;
4.168165;7571535;4095;;;;;;;;;;;;;;
4.170665;7574035;4095;;;;;;;;;;;;;;
4.173165;7576535;3290;;;;;;;;;;;;;;
4.175665;7579035;2924;;;;;;;;;;;;;;
4.178165;7581535;4095;;;;;;;;7582739;-900.228;-348.533;185.553;11114.999;-29405.986;-15651.275
4.180665;7584035;4095;7583174;466.215;-53.127;910.22;4383.862;451.4;-1427.333;;;;;;;
4.183165;7586535;4095;;;;;;;;;;;;;;
4.185665;7589035;4095;;;;;;;;;;;;;;
4.188165;7591535;4095;;;;;;;;;;;;;;
4.190665;7594035;4095;;;;;;;;;;;;;;
4.197313;7600683;2815;;;;;;;;;;;;;;
4.199813;7603183;4095;;;;;;;;;;;;;;
4.202313;7605683;4095;;;;;;;;;;;;;;
4.204813;7608183;4095;;;;;;;;;;;;;;
4.207313;7610683;4095;;;;;;;;;;;;;;
4.209813;7613183;4095;;;;;;;;;;;;;;
4.212313;7615683;4095;7615380;465.669;-49.471;909.88;5052.794;449.83;-1335.404;7614942;-889.853;-355.89;201.432;10679.562;-30394.875;-16373.712
4.214813;7618183;3595;;;;;;;;;;;;;;
4.217313;7620683;3932;;;;;;;;;;;;;;
4.219813;7623183;4095;;;;;;;;;;;;;;
4.221362;7624732;3132;;;;;;;;;;;;;;
4.222313;7625683;4095;;;;;;;;;;;;;;
4.224813;7628183;4095;;;;;;;;;;;;;;
4.226064;7629434;4095;;;;;;;;;;;;;;
4.228564;7631934;4095;;;;;;;;;;;;;;
4.231064;7634434;4095;;;;;;;;;;;;;;
4.233564;7636934;4095;;;;;;;;;;;;;;
4.236064;7639434;4095;;;;;;;;;;;;;;
4.238564;7641934;4095;;;;;;;;;;;;;;
4.241064;7644434;4095;;;;;;;;;;;;;;
4.243564;7646934;4095;7647575;465.609;-47.363;909.892;4506.154;395.401;-1243.259;7647137;-882.082;-364.131;215.711;10364.333;-31277.443;-17297.59
4.246064;7649434;4095;;;;;;;;;;;;;;
4.248564;7651934;4095;;;;;;;;;;;;;;
4.251064;7654434;4095;;;;;;;;;;;;;;
4.253564;7656934;4095;;;;;;;;;;;;;;
4.254716;7658086;4095;;;;;;;;;;;;;;
4.257216;7660586;4095;;;;;;;;;;;;;;
4.259716;7663086;4095;;;;;;;;;;;;;;
4.262216;7665586;4095;;;;;;;;;;;;;;
4.264716;7668086;4095;;;;;;;;;;;;;;
4.267216;7670586;4095;;;;;;;;;;;;;;
4.269716;7673086;4095;;;;;;;;;;;;;;
4.272216;7675586;4095;;;;;;;;;;;;;;
4.274716;7678086;4095;7678228;463.977;-44.165;909.976;3796.534;346.756;-1112.846;7677786;-873.62;-371.678;234.23;10026.366;-32423.008;-18131.523
4.277216;7680586;4095;;;;;;;;;;;;;;
4.279716;7683086;4095;;;;;;;;;;;;;;
4.282216;7685586;4095;;;;;;;;;;;;;;
4.284716;7688086;4095;;;;;;;;;;;;;;
4.299393;7702763;4095;;;;;;;;;;;;;;
4.301893;7705263;4095;;;;;;;;;;;;;;
4.304393;7707763;4095;;;;;;;;;;;;;;
4.306893;7710263;4095;7710422;461.573;-43.885;909.861;3638.645;208.231;-943.454;7709984;-861.104;-378.867;249.578;10038.235;-33634.234;-18838.447
4.309393;7712763;4095;;;;;;;;;;;;;;
4.311244;7714614;4095;;;;;;;;;;;;;;
4.311893;7715263;4095;;;;;;;;;;;;;;
4.313744;7717114;4095;;;;;;;;;;;;;;
4.314393;7717763;4095;;;;;;;;;;;;;;
4.316244;7719614;4095;;;;;;;;;;;;;;
4.316893;7720263;4095;;;;;;;;;;;;;;
4.319393;7722763;4095;;;;;;;;;;;;;;
4.319795;7723165;4095;;;;;;;;;;;;;;
4.321893;7725263;4095;;;;;;;;;;;;;;
4.322295;7725665;4095;;;;;;;;;;;;;;
4.324795;7728165;4095;;;;;;;;;;;;;;
4.327295;7730665;4095;;;;;;;;;;;;;;
4.329795;7733165;4095;;;;;;;;;;;;;;
4.332295;7735665;4095;;;;;;;;;;;;;;
4.334795;7738165;4095;;;;;;;;;;;;;;
4.337295;7740665;4095;;;;;;;;;;;;;;
4.339795;7743165;4095;7742533;460.796;-43.203;910.283;2740.088;228.882;-961.031;7742094;-848.647;-387.264;265.995;9573.073;-34518.898;-19424.275
4.342295;7745665;4095;;;;;;;;;;;;;;
4.344795;7748165;4095;;;;;;;;;;;;;;
4.347295;7750665;4095;;;;;;;;;;;;;;
4.349795;7753165;4095;;;;;;;;;;;;;;
4.352468;7755838;4095;;;;;;;;;;;;;;
4.354968;7758338;4095;;;;;;;;;;;;;;
4.357468;7760838;4095;;;;;;;;;;;;;;
4.359968;7763338;4095;;;;;;;;;;;;;;
4.362468;7765838;4095;;;;;;;;;;;;;;
4.364968;7768338;4095;;;;;;;;;;;;;;
4.367468;7770838;4095;;;;;;;;;;;;;;
4.369968;7773338;4095;7774560;461.766;-38.585;909.817;3195.458;117.25;-1203.042;7774125;-835.531;-396.162;283.171;9298.295;-35139.266;-19995.686
4.372468;7775838;4095;;;;;;;;;;;;;;
4.374968;7778338;4095;;;;;;;;;;;;;;
4.377468;7780838;4095;;;;;;;;;;;;;;
4.379968;7783338;4095;;;;;;;;;;;;;;
4.382468;7785838;4095;;;;;;;;;;;;;;
4.401119;7804489;4095;;;;;;;;;;;;;;
4.403619;7806989;4095;7806680;463.56;-35.094;907.258;2796.373;27.387;-1126.702;7806241;-822.955;-401.736;297.951;8749.817;-35335.738;-20731.9
4.404918;7808288;4095;;;;;;;;;;;;;;
4.406119;7809489;4095;;;;;;;;;;;;;;
4.407418;7810788;4095;;;;;;;;;;;;;;
4.408619;7811989;4095;;;;;;;;;;;;;;
4.409918;7813288;4095;;;;;;;;;;;;;;
4.411119;7814489;4095;;;;;;;;;;;;;;
4.412418;7815788;4095;;;;;;;;;;;;;;
4.413619;7816989;4028;;;;;;;;;;;;;;
4.416119;7819489;3801;;;;;;;;;;;;;;
4.418619;7821989;3549;;;;;;;;;;;;;;
4.429389;7832759;3319;;;;;;;;;;;;;;
4.431889;7835259;3102;;;;;;;;;;;;;;
4.434389;7837759;2906;7837143;463.775;-32.894;908.408;3115.054;13.331;-1068.18;7836705;-808.708;-413.168;313.071;7802.201;-35045.074;-21431.305
4.436889;7840259;2715;;;;;;;;;;;;;;
4.43756;7840930;1614;;;;;;;;;;;;;;
4.439389;7842759;2493;;;;;;;;;;;;;;
4.44006;7843430;1294;;;;;;;;;;;;;;
4.441889;7845259;2240;;;;;;;;;;;;;;
4.44256;7845930;991;;;;;;;;;;;;;;
4.444389;7847759;1946;;;;;;;;;;;;;;
4.44506;7848430;731;;;;;;;;;;;;;;
4.44756;7850930;463;;;;;;;;;;;;;;
4.45006;7853430;187;;;;;;;;;;;;;;
4.45256;7855930;20;;;;;;;;;;;;;;
4.45506;7858430;8;;;;;;;;7859362;-793.478;-420.752;324.666;6910.716;-34522.633;-22461.051
4.45756;7860930;16;7859804;462.888;-30.352;908.457;2881.427;-2.648;-1013.896;;;;;;;
4.46006;7863430;18;;;;;;;;;;;;;;
4.46256;7865930;8;;;;;;;;;;;;;;
4.46506;7868430;17;;;;;;;;;;;;;;
4.46756;7870930;16;;;;;;;;;;;;;;
4.468351;7871721;10;;;;;;;;;;;;;;
4.470851;7874221;17;;;;;;;;;;;;;;
4.473351;7876721;18;;;;;;;;;;;;;;
4.475851;7879221;8;;;;;;;;;;;;;;
4.478351;7881721;16;;;;;;;;;;;;;;
4.480851;7884221;17;;;;;;;;;;;;;;
4.483351;7886721;18;;;;;;;;;;;;;;
4.485851;7889221;18;7890092;463.472;-28.652;907.924;2799.043;-31.829;-990.326;7889648;-780.839;-428.946;336.438;5919.43;-34039.0;-23275.248
4.488351;7891721;7;;;;;;;;;;;;;;
4.490851;7894221;8;;;;;;;;;;;;;;
4.493351;7896721;17;;;;;;;;;;;;;;
4.494387;7897757;7;;;;;;;;;;;;;;
4.495851;7899221;8;;;;;;;;;;;;;;
4.496887;7900257;9;;;;;;;;;;;;;;
4.499387;7902757;16;;;;;;;;;;;;;;
4.501887;7905257;8;;;;;;;;;;;;;;
4.504387;7907757;10;;;;;;;;;;;;;;
4.506887;7910257;7;;;;;;;;;;;;;;
4.509387;7912757;17;;;;;;;;;;;;;;
4.511887;7915257;9;;;;;;;;;;;;;;
4.514387;7917757;9;7918131;465.309;-28.793;905.539;2347.591;-24.55;-840.622;7917689;-769.937;-436.888;350.818;5850.958;-34027.547;-23406.486
4.516887;7920257;17;;;;;;;;;;;;;;
4.519387;7922757;17;;;;;;;;;;;;;;
4.521887;7925257;20;;;;;;;;;;;;;;
4.524387;7927757;19;;;;;;;;;;;;;;
4.540121;7943491;9;;;;;;;;;;;;;;
4.542621;7945991;17;;;;;;;;7946937;-756.486;-444.123;363.46;5826.598;-33815.859;-23577.975
4.545121;7948491;9;7947375;465.589;-27.286;905.255;2613.461;-95.072;-680.903;;;;;;;
4.547621;7950991;17;;;;;;;;;;;;;;
4.550121;7953491;8;;;;;;;;;;;;;;
4.551021;7954391;10;;;;;;;;;;;;;;
4.552621;7955991;16;;;;;;;;;;;;;;
4.553521;7956891;9;;;;;;;;;;;;;;
4.555121;7958491;16;;;;;;;;;;;;;;
4.556021;7959391;18;;;;;;;;;;;;;;
4.558521;7961891;19;;;;;;;;;;;;;;
4.561021;7964391;9;;;;;;;;;;;;;;
4.563521;7966891;17;;;;;;;;;;;;;;
4.570136;7973506;9;;;;;;;;;;;;;;
4.572636;7976006;8;7976708;466.539;-24.647;906.353;2471.85;-119.631;-601.358;7976270;-743.007;-452.496;375.055;5710.268;-33391.629;-23735.639
4.575136;7978506;10;;;;;;;;;;;;;;
4.577143;7980513;17;;;;;;;;;;;;;;
4.577636;7981006;16;;;;;;;;;;;;;;
4.579643;7983013;17;;;;;;;;;;;;;;
4.580136;7983506;16;;;;;;;;;;;;;;
4.582143;7985513;8;;;;;;;;;;;;;;
4.582636;7986006;16;;;;;;;;;;;;;;
4.584643;7988013;9;;;;;;;;;;;;;;
4.587143;7990513;16;;;;;;;;;;;;;;
4.589643;7993013;10;;;;;;;;;;;;;;
4.592143;7995513;9;;;;;;;;;;;;;;
4.602322;8005692;;;;;;;;;8005692;-730.83;-461.158;388.54;5563.442;-33181.547;-23712.607
4.603622;8006992;8;8006130;465.331;-24.098;907.035;2439.258;-79.962;-567.79;;;;;;;
4.606122;8009492;9;;;;;;;;;;;;;;
4.606627;8009997;9;;;;;;;;;;;;;;
4.608622;8011992;9;;;;;;;;;;;;;;
4.609127;8012497;17;;;;;;;;;;;;;;
4.611122;8014492;9;;;;;;;;;;;;;;
4.611627;8014997;17;;;;;;;;;;;;;;
4.61187;8015240;7;;;;;;;;;;;;;;
4.613622;8016992;9;;;;;;;;;;;;;;
4.614127;8017497;11;;;;;;;;;;;;;;
4.616627;8019997;9;;;;;;;;;;;;;;
4.619127;8022497;17;;;;;;;;;;;;;;
4.621627;8024997;8;;;;;;;;;;;;;;
4.629371;8032741;17;;;;;;;;;;;;;;
4.631871;8035241;9;8035119;464.689;-22.991;907.031;2415.732;-52.339;-592.338;8034681;-717.889;-470.29;399.571;5658.457;-32668.281;-24208.289
4.634371;8037741;16;;;;;;;;;;;;;;
4.636871;8040241;8;;;;;;;;;;;;;;
4.639371;8042741;18;;;;;;;;;;;;;;
4.641871;8045241;10;;;;;;;;;;;;;;
4.648392;8051762;9;;;;;;;;;;;;;;
4.650892;8054262;8;;;;;;;;;;;;;;
4.653392;8056762;16;8056900;464.641;-23.36;906.069;3092.071;-118.847;-445.471;8056462;-704.717;-483.894;409.555;5652.472;-32390.242;-24678.75
4.655351;8058721;17;;;;;;;;;;;;;;
4.655892;8059262;8;;;;;;;;;;;;;;
4.657851;8061221;8;;;;;;;;;;;;;;
4.658392;8061762;17;;;;;;;;;;;;;;
4.660351;8063721;8;;;;;;;;;;;;;;
4.660892;8064262;18;;;;;;;;;;;;;;
4.662851;8066221;8;;;;;;;;;;;;;;
4.665351;8068721;9;;;;;;;;;;;;;;
4.667851;8071221;17;;;;;;;;;;;;;;
4.670351;8073721;17;;;;;;;;;;;;;;
4.677998;8081368;11;;;;;;;;;;;;;;
4.680498;8083868;9;8084252;463.82;-20.655;907.113;3586.717;-65.655;-223.698;8083810;-689.081;-496.732;423.055;5862.473;-32892.605;-25415.75
4.682998;8086368;17;;;;;;;;;;;;;;
4.685498;8088868;18;;;;;;;;;;;;;;
4.687998;8091368;10;;;;;;;;;;;;;;
4.690498;8093868;10;;;;;;;;;;;;;;
4.69442;8097790;17;;;;;;;;;;;;;;
4.69692;8100290;17;;;;;;;;;;;;;;
4.69942;8102790;10;;;;;;;;;;;;;;
4.705011;8108381;;8108381;461.595;-20.653;906.416;4451.256;-92.122;-97.888;8107943;-673.647;-504.097;436.898;6656.975;-33718.977;-26044.15
4.707949;8111319;9;;;;;;;;;;;;;;
4.708533;8111903;17;;;;;;;;;;;;;;
4.710449;8113819;9;;;;;;;;;;;;;;
4.711033;8114403;10;;;;;;;;;;;;;;
4.712949;8116319;18;;;;;;;;;;;;;;
4.713533;8116903;17;;;;;;;;;;;;;;
4.715449;8118819;19;;;;;;;;;;;;;;
4.716033;8119403;9;;;;;;;;;;;;;;
4.717949;8121319;17;;;;;;;;;;;;;;
4.720449;8123819;9;;;;;;;;;;;;;;
4.726623;8129993;9;;;;;;;;;;;;;;
4.729123;8132493;10;8133552;462.634;-17.473;906.43;5143.506;-80.516;-9.869;8133111;-658.002;-511.217;448.511;7371.501;-34230.59;-26599.131
4.731623;8134993;9;;;;;;;;;;;;;;
4.733934;8137304;9;;;;;;;;;;;;;;
4.734123;8137493;16;;;;;;;;;;;;;;
4.736434;8139804;17;;;;;;;;;;;;;;
4.736623;8139993;16;;;;;;;;;;;;;;
4.738934;8142304;8;;;;;;;;;;;;;;
4.739123;8142493;8;;;;;;;;;;;;;;
4.741434;8144804;17;;;;;;;;;;;;;;
4.743934;8147304;9;;;;;;;;;;;;;;
4.746434;8149804;8;;;;;;;;;;;;;;
4.748934;8152304;10;;;;;;;;;;;;;;
4.756114;8159484;17;;;;;;;;;;;;;;
4.758614;8161984;10;8162540;462.567;-14.471;906.602;5648.018;-53.302;44.875;8162101;-641.23;-517.254;460.947;7863.051;-34614.688;-26909.361
4.761114;8164484;9;;;;;;;;;;;;;;
4.763614;8166984;18;;;;;;;;;;;;;;
4.766114;8169484;17;;;;;;;;;;;;;;
4.768614;8171984;9;;;;;;;;;;;;;;
4.774992;8178362;7;;;;;;;;;;;;;;
4.777492;8180862;18;;;;;;;;;;;;;;
4.779992;8183362;17;8184143;463.936;-10.063;904.314;4479.242;-202.45;-98.681;8183701;-623.638;-522.904;475.781;8186.96;-34791.891;-26959.518
4.782492;8185862;16;;;;;;;;;;;;;;
4.784992;8188362;9;;;;;;;;;;;;;;
4.787492;8190862;7;;;;;;;;;;;;;;
4.789992;8193362;9;;;;;;;;;;;;;;
4.796999;8200369;10;;;;;;;;;;;;;;
4.799499;8202869;8;8203332;460.357;-11.841;906.904;3193.467;-332.327;-206.622;8202897;-604.449;-530.363;481.595;8640.362;-34666.672;-26634.416
4.801736;8205106;16;;;;;;;;;;;;;;
4.801999;8205369;16;;;;;;;;;;;;;;
4.804236;8207606;8;;;;;;;;;;;;;;
4.804499;8207869;8;;;;;;;;;;;;;;
4.806736;8210106;9;;;;;;;;;;;;;;
4.806999;8210369;8;;;;;;;;;;;;;;
4.809236;8212606;16;;;;;;;;;;;;;;
4.809499;8212869;8;;;;;;;;;;;;;;
4.811999;8215369;16;;;;;;;;;;;;;;
4.814499;8217869;7;;;;;;;;;;;;;;
4.823445;8226815;17;;;;;;;;;;;;;;
4.825945;8229315;16;;;;;;;;;;;;;;
4.828445;8231815;18;8231197;460.177;-9.388;907.132;3249.044;-334.086;-188.854;8230759;-585.584;-534.016;494.085;8466.906;-33820.148;-25940.57
4.830945;8234315;17;;;;;;;;;;;;;;
4.833445;8236815;17;;;;;;;;;;;;;;
4.834518;8237888;9;;;;;;;;;;;;;;
4.835945;8239315;6;;;;;;;;;;;;;;
4.837018;8240388;18;;;;;;;;;;;;;;
4.838445;8241815;17;;;;;;;;;;;;;;
4.839518;8242888;18;;;;;;;;;;;;;;
4.842018;8245388;17;;;;;;;;;;;;;;
4.844518;8247888;17;;;;;;;;;;;;;;
4.847018;8250388;17;;;;;;;;;;;;;;
4.853544;8256914;9;;;;;;;;;;;;;;
4.856044;8259414;18;;;;;;;;8260357;-568.005;-537.98;506.371;7896.561;-32095.016;-24526.729
4.858544;8261914;17;8260795;460.117;-7.126;906.879;3024.467;-329.632;-189.911;;;;;;;
4.861044;8264414;19;;;;;;;;;;;;;;
4.863544;8266914;17;;;;;;;;;;;;;;
4.864618;8267988;10;;;;;;;;;;;;;;
4.866044;8269414;17;;;;;;;;;;;;;;
4.867118;8270488;9;;;;;;;;;;;;;;
4.868544;8271914;10;;;;;;;;;;;;;;
4.869618;8272988;9;;;;;;;;;;;;;;
4.872118;8275488;17;;;;;;;;;;;;;;
4.874618;8277988;17;;;;;;;;;;;;;;
4.877118;8280488;16;;;;;;;;;;;;;;
4.883554;8286924;17;;;;;;;;;;;;;;
4.886054;8289424;10;8290305;460.492;-6.013;906.467;2522.806;-442.65;-147.603;8289867;-551.902;-542.642;518.067;6676.608;-29582.889;-22393.893
4.888554;8291924;17;;;;;;;;;;;;;;
4.891054;8294424;16;;;;;;;;;;;;;;
4.893554;8296924;9;;;;;;;;;;;;;;
4.896054;8299424;9;;;;;;;;;;;;;;
4.902343;8305713;7;;;;;;;;;;;;;;
4.904843;8308213;17;;;;;;;;;;;;;;
4.907343;8310713;17;;;;;;;;8311645;-538.636;-545.778;528.581;5244.215;-26477.557;-19560.072
4.909843;8313213;16;8312084;460.794;-6.993;906.882;1942.103;-506.268;-54.035;;;;;;;
4.912343;8315713;18;;;;;;;;;;;;;;
4.914843;8318213;17;;;;;;;;;;;;;;
4.917343;8320713;17;;;;;;;;;;;;;;
4.925022;8328392;9;;;;;;;;;;;;;;
4.927522;8330892;16;8331452;460.788;-5.887;906.647;1372.498;-625.767;87.354;8331014;-525.57;-547.641;535.098;3929.816;-23340.678;-16731.443
4.930022;8333392;16;;;;;;;;;;;;;;
4.932206;8335576;10;;;;;;;;;;;;;;
4.932522;8335892;18;;;;;;;;;;;;;;
4.934706;8338076;18;;;;;;;;;;;;;;
4.935022;8338392;10;;;;;;;;;;;;;;
4.937206;8340576;17;;;;;;;;;;;;;;
4.937522;8340892;18;;;;;;;;;;;;;;
4.939706;8343076;8;;;;;;;;;;;;;;
4.942206;8345576;18;;;;;;;;;;;;;;
4.944706;8348076;17;;;;;;;;;;;;;;
4.947206;8350576;9;;;;;;;;;;;;;;
4.954946;8358316;17;;;;;;;;;;;;;;
4.957446;8360816;10;8360781;460.556;-4.531;907.144;1428.56;-681.978;127.611;8360343;-516.658;-554.303;543.156;2945.388;-20230.707;-13811.934
4.959946;8363316;17;;;;;;;;;;;;;;
4.962047;8365417;16;;;;;;;;;;;;;;
4.962446;8365816;8;;;;;;;;;;;;;;
4.964547;8367917;17;;;;;;;;;;;;;;
4.964946;8368316;18;;;;;;;;;;;;;;
4.967047;8370417;17;;;;;;;;;;;;;;
4.967446;8370816;9;;;;;;;;;;;;;;
4.969547;8372917;18;;;;;;;;;;;;;;
4.972047;8375417;16;;;;;;;;;;;;;;
4.974547;8377917;10;;;;;;;;;;;;;;
4.981067;8384437;9;;;;;;;;;;;;;;
4.983567;8386937;17;;;;;;;;;;;;;;
4.986067;8389437;18;8388908;460.66;-4.256;907.165;1130.07;-729.692;175.043;8388470;-508.893;-556.917;548.31;1882.868;-17105.172;-10967.524
4.988567;8391937;9;;;;;;;;;;;;;;
4.991067;8394437;16;;;;;;;;;;;;;;
4.993567;8396937;17;;;;;;;;;;;;;;
4.996067;8399437;18;;;;;;;;;;;;;;
5.004049;8407419;9;;;;;;;;;;;;;;
5.007371;8410741;8;8411388;459.886;-3.714;907.904;1523.316;-688.395;196.041;8410949;-504.012;-559.327;552.883;448.225;-14105.288;-8050.086
5.009871;8413241;9;;;;;;;;;;;;;;
5.010502;8413872;9;;;;;;;;;;;;;;
5.012371;8415741;17;;;;;;;;;;;;;;
5.013002;8416372;18;;;;;;;;;;;;;;
5.014871;8418241;9;;;;;;;;;;;;;;
5.015502;8418872;18;;;;;;;;;;;;;;
5.017371;8420741;16;;;;;;;;;;;;;;
5.018002;8421372;16;;;;;;;;;;;;;;
5.020502;8423872;8;;;;;;;;;;;;;;
5.023002;8426372;16;;;;;;;;;;;;;;
5.025502;8428872;8;;;;;;;;;;;;;;
5.033061;8436431;8;;;;;;;;;;;;;;
5.035561;8438931;9;8438985;458.589;-4.193;907.21;-49.537;-770.788;247.489;8438547;-500.503;-566.741;561.161;-1230.999;-11166.148;-4945.582
5.038061;8441431;8;;;;;;;;;;;;;;
5.040076;8443446;607;;;;;;;;;;;;;;
5.040561;8443931;8;;;;;;;;;;;;;;
5.042576;8445946;941;;;;;;;;;;;;;;
5.043061;8446431;18;;;;;;;;;;;;;;
5.045076;8448446;1240;;;;;;;;;;;;;;
5.045561;8448931;248;;;;;;;;;;;;;;
5.047576;8450946;1484;;;;;;;;;;;;;;
5.050076;8453446;22;;;;;;;;;;;;;;
5.052576;8455946;17;;;;;;;;;;;;;;
5.059445;8462815;8;;;;;;;;;;;;;;
5.061945;8465315;17;;;;;;;;;;;;;;
5.064445;8467815;1433;8467460;458.51;-6.192;906.013;-32.185;-828.061;271.865;8467021;-501.036;-570.362;562.877;-2322.699;-8899.403;-2008.99
5.066945;8470315;2520;;;;;;;;;;;;;;
5.069445;8472815;3577;;;;;;;;;;;;;;
5.071945;8475315;3661;;;;;;;;;;;;;;
5.074445;8477815;30;;;;;;;;;;;;;;
5.082558;8485928;19;;;;;;;;;;;;;;
5.085058;8488428;10;8489252;457.532;-6.724;908.604;124.299;-790.595;455.146;8488810;-497.359;-574.363;565.398;-3056.626;-6432.308;348.96
5.087558;8490928;16;;;;;;;;;;;;;;
5.090058;8493428;1273;;;;;;;;;;;;;;
5.092558;8495928;3276;;;;;;;;;;;;;;
5.095058;8498428;4095;;;;;;;;;;;;;;
5.09763;8501000;18;;;;;;;;;;;;;;
5.098344;8501714;1704;;;;;;;;;;;;;;
5.10013;8503500;8;;;;;;;;;;;;;;
5.100844;8504214;23;;;;;;;;;;;;;;
5.10263;8506000;18;;;;;;;;;;;;;;
5.103344;8506714;8;;;;;;;;;;;;;;
5.10513;8508500;2713;;;;;;;;;;;;;;
5.10763;8511000;3932;;;;;;;;;;;;;;
5.11013;8513500;46;8513635;459.214;-9.364;908.338;-669.853;-787.815;432.389;8513196;-500.545;-576.486;564.67;-3231.045;-4318.692;2628.824
5.11263;8516000;18;;;;;;;;;;;;;;
5.11513;8518500;17;;;;;;;;;;;;;;
5.11763;8521000;17;;;;;;;;;;;;;;
5.12013;8523500;18;;;;;;;;;;;;;;
5.13214;8535510;17;;;;;;;;;;;;;;
5.13464;8538010;182;8539248;459.714;-8.817;908.58;-86.423;-794.362;461.52;8538806;-501.4;-581.218;569.395;-2796.93;-3600.508;4390.445
5.13714;8540510;20;;;;;;;;;;;;;;
5.139325;8542695;18;;;;;;;;;;;;;;
5.13964;8543010;9;;;;;;;;;;;;;;
5.141825;8545195;17;;;;;;;;;;;;;;
5.14214;8545510;9;;;;;;;;;;;;;;
5.144325;8547695;8;;;;;;;;;;;;;;
5.14464;8548010;18;;;;;;;;;;;;;;
5.146825;8550195;19;;;;;;;;;;;;;;
5.149325;8552695;17;;;;;;;;;;;;;;
5.151825;8555195;17;;;;;;;;;;;;;;
5.154325;8557695;16;;;;;;;;;;;;;;
5.161977;8565347;16;;;;;;;;;;;;;;
5.164477;8567847;17;8568489;462.007;-7.943;902.154;-719.977;-745.456;466.444;8568050;-503.707;-579.131;573.944;-2655.334;-1740.92;5535.048
5.166977;8570347;9;;;;;;;;;;;;;;
5.168992;8572362;11;;;;;;;;;;;;;;
5.169477;8572847;16;;;;;;;;;;;;;;
5.171492;8574862;17;;;;;;;;;;;;;;
5.171977;8575347;9;;;;;;;;;;;;;;
5.173992;8577362;9;;;;;;;;;;;;;;
5.174477;8577847;9;;;;;;;;;;;;;;
5.176492;8579862;8;;;;;;;;;;;;;;
5.178992;8582362;8;;;;;;;;;;;;;;
5.181492;8584862;18;;;;;;;;;;;;;;
5.183992;8587362;17;;;;;;;;;;;;;;
5.19367;8597040;;;;;;;;;8597040;-504.459;-577.71;572.075;-2911.505;632.064;6858.233
5.195289;8598659;16;8597478;467.168;-6.314;904.773;-196.603;-482.434;151.309;;;;;;;
5.197789;8601159;9;;;;;;;;;;;;;;
5.198929;8602299;17;;;;;;;;;;;;;;
5.200289;8603659;17;;;;;;;;;;;;;;
5.201429;8604799;10;;;;;;;;;;;;;;
5.202789;8606159;17;;;;;;;;;;;;;;
5.203929;8607299;8;;;;;;;;;;;;;;
5.206429;8609799;9;;;;;;;;;;;;;;
5.206691;8610061;17;;;;;;;;;;;;;;
5.208929;8612299;17;;;;;;;;;;;;;;
5.209191;8612561;9;;;;;;;;;;;;;;
5.211429;8614799;8;;;;;;;;;;;;;;
5.216807;8620177;11;;;;;;;;;;;;;;
5.219307;8622677;8;;;;;;;;;;;;;;
5.221807;8625177;8;8624995;465.77;-5.656;905.577;-92.71;-226.437;138.931;8624556;-508.79;-581.539;574.258;-3937.554;3056.148;8412.759
5.224307;8627677;8;;;;;;;;;;;;;;
5.226807;8630177;8;;;;;;;;;;;;;;
5.229307;8632677;9;;;;;;;;;;;;;;
5.231807;8635177;16;;;;;;;;;;;;;;
5.238701;8642071;10;;;;;;;;;;;;;;
5.241201;8644571;20;;;;;;;;;;;;;;
5.243701;8647071;16;8646340;464.258;-7.923;905.041;39.238;-56.74;359.047;8645899;-515.376;-582.864;572.708;-4483.989;5450.903;9706.684
5.246201;8649571;16;;;;;;;;;;;;;;
5.24643;8649800;9;;;;;;;;;;;;;;
5.248701;8652071;7;;;;;;;;;;;;;;
5.24893;8652300;16;;;;;;;;;;;;;;
5.251201;8654571;8;;;;;;;;;;;;;;
5.25143;8654800;9;;;;;;;;;;;;;;
5.25393;8657300;17;;;;;;;;;;;;;;
5.25643;8659800;9;;;;;;;;;;;;;;
5.25893;8662300;16;;;;;;;;;;;;;;
5.26143;8664800;16;;;;;;;;;;;;;;
5.268283;8671653;16;;;;;;;;;;;;;;
5.270783;8674153;17;8674293;464.079;-16.519;902.422;-14.787;-495.341;492.032;8673855;-523.889;-583.672;570.821;-4963.29;7261.295;10880.35
5.273283;8676653;17;;;;;;;;;;;;;;
5.275783;8679153;18;;;;;;;;;;;;;;
5.278283;8681653;9;;;;;;;;;;;;;;
5.280783;8684153;9;;;;;;;;;;;;;;
5.286898;8690268;18;;;;;;;;;;;;;;
5.289398;8692768;18;;;;;;;;;;;;;;
5.291898;8695268;16;8695809;466.287;-13.985;900.428;459.328;-458.761;634.555;8695368;-529.36;-584.427;567.174;-4940.0;8499.043;11714.02
5.294398;8697768;9;;;;;;;;;;;;;;
5.296898;8700268;18;;;;;;;;;;;;;;
5.299398;8702768;17;;;;;;;;;;;;;;
5.30569;8709060;18;;;;;;;;;;;;;;
5.30819;8711560;16;;;;;;;;;;;;;;
5.31069;8714060;16;8713616;466.495;-13.444;902.462;175.611;-320.76;807.14;8713180;-533.294;-581.277;562.959;-4924.438;10223.966;13261.568
5.31319;8716560;11;;;;;;;;;;;;;;
5.31569;8719060;18;;;;;;;;;;;;;;
5.316763;8720133;18;;;;;;;;;;;;;;
5.31819;8721560;9;;;;;;;;;;;;;;
5.319263;8722633;16;;;;;;;;;;;;;;
5.32069;8724060;10;;;;;;;;;;;;;;
5.321763;8725133;11;;;;;;;;;;;;;;
5.324263;8727633;9;;;;;;;;;;;;;;
5.326763;8730133;18;;;;;;;;;;;;;;
5.329263;8732633;9;;;;;;;;;;;;;;
5.335525;8738895;17;;;;;;;;;;;;;;
5.338025;8741395;17;;;;;;;;8742512;-539.344;-582.762;558.772;-4833.965;12009.205;14495.053
5.340525;8743895;16;8742951;466.96;-12.796;902.741;278.393;-192.285;904.158;;;;;;;
5.343025;8746395;18;;;;;;;;;;;;;;
5.345525;8748895;16;;;;;;;;;;;;;;
5.346598;8749968;9;;;;;;;;;;;;;;
5.348025;8751395;8;;;;;;;;;;;;;;
5.349098;8752468;17;;;;;;;;;;;;;;
5.350525;8753895;16;;;;;;;;;;;;;;
5.351598;8754968;17;;;;;;;;;;;;;;
5.354098;8757468;7;;;;;;;;;;;;;;
5.356598;8759968;8;;;;;;;;;;;;;;
5.359098;8762468;16;;;;;;;;;;;;;;
5.365277;8768647;16;;;;;;;;;;;;;;
5.367777;8771147;9;8772202;465.188;-10.9;903.348;287.223;-153.358;989.325;8771763;-551.435;-580.586;554.764;-4621.58;12987.245;15178.612
5.370277;8773647;9;;;;;;;;;;;;;;
5.372777;8776147;17;;;;;;;;;;;;;;
5.373934;8777304;18;;;;;;;;;;;;;;
5.375277;8778647;8;;;;;;;;;;;;;;
5.376434;8779804;17;;;;;;;;;;;;;;
5.377777;8781147;9;;;;;;;;;;;;;;
5.378934;8782304;17;;;;;;;;;;;;;;
5.381434;8784804;18;;;;;;;;;;;;;;
5.383934;8787304;18;;;;;;;;;;;;;;
5.386434;8789804;8;;;;;;;;;;;;;;
5.388934;8792304;8;;;;;;;;;;;;;;
5.398678;8802048;17;8801276;465.663;-11.52;902.217;320.55;-140.003;1138.921;8800838;-558.981;-578.226;547.619;-3869.438;13063.695;16223.932
5.401178;8804548;17;;;;;;;;;;;;;;
5.403678;8807048;18;;;;;;;;;;;;;;
5.406178;8809548;18;;;;;;;;;;;;;;
5.406928;8810298;8;;;;;;;;;;;;;;
5.408678;8812048;9;;;;;;;;;;;;;;
5.413643;8817013;16;;;;;;;;;;;;;;
5.416143;8819513;17;;;;;;;;;;;;;;
5.418643;8822013;17;8822976;464.517;-9.821;900.959;392.46;-129.065;1103.85;8822532;-558.293;-574.495;543.351;-3065.216;13943.948;17803.672
5.421143;8824513;17;;;;;;;;;;;;;;
5.423643;8827013;17;;;;;;;;;;;;;;
5.426143;8829513;9;;;;;;;;;;;;;;
5.428643;8832013;17;;;;;;;;;;;;;;
5.436235;8839605;16;;;;;;;;;;;;;;
5.438735;8842105;17;8842255;464.941;-12.143;901.801;-23.976;46.263;1097.658;8841812;-565.374;-576.429;543.67;-3095.705;15880.063;19410.301
5.441235;8844605;16;;;;;;;;;;;;;;
5.443505;8846875;18;;;;;;;;;;;;;;
5.443735;8847105;10;;;;;;;;;;;;;;
5.446005;8849375;16;;;;;;;;;;;;;;
5.446235;8849605;18;;;;;;;;;;;;;;
5.448505;8851875;17;;;;;;;;;;;;;;
5.448735;8852105;17;;;;;;;;;;;;;;
5.451005;8854375;8;;;;;;;;;;;;;;
5.453505;8856875;10;;;;;;;;;;;;;;
5.456005;8859375;9;;;;;;;;;;;;;;
5.46227;8865640;16;;;;;;;;;;;;;;
5.46477;8868140;19;;;;;;;;;;;;;;
5.46727;8870640;8;8870196;465.496;-12.334;902.272;-207.402;248.262;943.9;8869758;-576.804;-572.496;537.361;-2737.482;17627.498;19978.91
5.46977;8873140;16;;;;;;;;;;;;;;
5.47227;8875640;9;;;;;;;;;;;;;;
5.47326;8876630;9;;;;;;;;;;;;;;
5.47477;8878140;10;;;;;;;;;;;;;;
5.47576;8879130;17;;;;;;;;;;;;;;
5.47727;8880640;17;;;;;;;;;;;;;;
5.47826;8881630;8;;;;;;;;;;;;;;
5.48076;8884130;9;;;;;;;;;;;;;;
5.48326;8886630;8;;;;;;;;;;;;;;
5.48576;8889130;16;;;;;;;;;;;;;;
5.495903;8899273;;8899273;466.164;-9.833;902.67;-178.219;537.724;782.517;8898835;-580.623;-563.531;525.572;-2408.108;19144.061;20771.965
5.49975;8903120;9;;;;;;;;;;;;;;
5.50225;8905620;16;;;;;;;;;;;;;;
5.503273;8906643;16;;;;;;;;;;;;;;
5.50475;8908120;17;;;;;;;;;;;;;;
5.505773;8909143;21;;;;;;;;;;;;;;
5.508273;8911643;9;;;;;;;;;;;;;;
5.510773;8914143;17;;;;;;;;;;;;;;
5.51444;8917810;10;;;;;;;;;;;;;;
5.51694;8920310;16;8920789;465.115;-13.154;901.737;-487.808;1231.838;622.642;8920350;-587.442;-558.089;518.551;-3617.265;22061.795;22272.617
5.51944;8922810;7;;;;;;;;;;;;;;
5.521547;8924917;10;;;;;;;;;;;;;;
5.52194;8925310;9;;;;;;;;;;;;;;
5.524047;8927417;10;;;;;;;;;;;;;;
5.52444;8927810;17;;;;;;;;;;;;;;
5.526547;8929917;16;;;;;;;;;;;;;;
5.52694;8930310;16;;;;;;;;;;;;;;
5.529047;8932417;17;;;;;;;;;;;;;;
5.531547;8934917;16;;;;;;;;;;;;;;
5.534047;8937417;9;;;;;;;;;;;;;;
5.540474;8943844;18;;;;;;;;;;;;;;
5.542974;8946344;19;;;;;;;;;;;;;;
5.545474;8948844;9;8948316;464.38;-13.204;895.52;-395.168;1553.496;289.634;8947875;-599.879;-552.06;511.589;-4084.777;24908.018;23535.924
5.547974;8951344;18;;;;;;;;;;;;;;
5.550474;8953844;10;;;;;;;;;;;;;;
5.551466;8954836;8;;;;;;;;;;;;;;
5.552974;8956344;17;;;;;;;;;;;;;;
5.553966;8957336;16;;;;;;;;;;;;;;
5.555474;8958844;8;;;;;;;;;;;;;;
5.556466;8959836;17;;;;;;;;;;;;;;
5.558966;8962336;9;;;;;;;;;;;;;;
5.561466;8964836;8;;;;;;;;;;;;;;
5.563966;8967336;17;;;;;;;;;;;;;;
5.570226;8973596;17;;;;;;;;;;;;;;
5.572726;8976096;16;;;;;;;;8977126;-603.581;-546.789;503.626;-4938.413;28314.117;25350.314
5.575226;8978596;16;8977564;462.169;-10.372;895.865;-642.722;1563.321;765.153;;;;;;;
5.577726;8981096;20;;;;;;;;;;;;;;
5.580226;8983596;17;;;;;;;;;;;;;;
5.582726;8986096;17;;;;;;;;;;;;;;
5.585226;8988596;17;;;;;;;;;;;;;;
5.595882;8999252;;8999252;458.776;-15.99;897.53;-1018.336;1378.405;1140.77;8998813;-618.091;-540.891;495.226;-5747.18;31685.535;26769.924
5.597313;9000683;8;;;;;;;;;;;;;;
5.599813;9003183;9;;;;;;;;;;;;;;
5.600084;9003454;7;;;;;;;;;;;;;;
5.602313;9005683;9;;;;;;;;;;;;;;
5.602584;9005954;17;;;;;;;;;;;;;;
5.604813;9008183;9;;;;;;;;;;;;;;
5.605084;9008454;17;;;;;;;;;;;;;;
5.607584;9010954;8;;;;;;;;;;;;;;
5.608386;9011756;8;;;;;;;;;;;;;;
5.610084;9013454;9;;;;;;;;;;;;;;
5.610886;9014256;11;;;;;;;;;;;;;;
5.612584;9015954;18;;;;;;;;;;;;;;
5.619147;9022517;16;;;;;;;;;;;;;;
5.621647;9025017;8;;;;;;;;9026254;-635.175;-535.135;478.211;-5718.383;34041.383;27445.24
5.624147;9027517;16;9026698;458.554;-22.632;897.769;-1641.169;1219.797;1319.106;;;;;;;
5.626647;9030017;8;;;;;;;;;;;;;;
5.629147;9032517;8;;;;;;;;;;;;;;
5.631647;9035017;16;;;;;;;;;;;;;;
5.634147;9037517;16;;;;;;;;;;;;;;
5.641766;9045136;18;;;;;;;;;;;;;;
5.644266;9047636;12;9048672;458.751;-23.813;898.74;-2711.486;994.308;1671.401;9048234;-654.498;-527.374;459.138;-5366.839;35652.5;27407.354
5.646766;9050136;16;;;;;;;;;;;;;;
5.64889;9052260;8;;;;;;;;;;;;;;
5.649266;9052636;18;;;;;;;;;;;;;;
5.65139;9054760;7;;;;;;;;;;;;;;
5.651766;9055136;8;;;;;;;;;;;;;;
5.65389;9057260;18;;;;;;;;;;;;;;
5.654266;9057636;18;;;;;;;;;;;;;;
5.65639;9059760;9;;;;;;;;;;;;;;
5.65889;9062260;18;;;;;;;;;;;;;;
5.66139;9064760;11;;;;;;;;;;;;;;
5.66389;9067260;9;;;;;;;;;;;;;;
5.671625;9074995;9;;;;;;;;;;;;;;
5.674125;9077495;7;9077295;458.884;-24.507;900.023;-3881.412;779.217;1930.394;9076851;-665.949;-518.994;443.221;-4791.372;36244.188;27255.861
5.676625;9079995;17;;;;;;;;;;;;;;
5.678935;9082305;17;;;;;;;;;;;;;;
5.679125;9082495;9;;;;;;;;;;;;;;
5.681435;9084805;16;;;;;;;;;;;;;;
5.681625;9084995;9;;;;;;;;;;;;;;
5.683935;9087305;17;;;;;;;;;;;;;;
5.684125;9087495;17;;;;;;;;;;;;;;
5.686435;9089805;9;;;;;;;;;;;;;;
5.688935;9092305;8;;;;;;;;;;;;;;
5.691435;9094805;9;;;;;;;;;;;;;;
5.697409;9100779;16;;;;;;;;;;;;;;
5.699909;9103279;9;;;;;;;;;;;;;;
5.702409;9105779;17;9105068;459.034;-29.571;898.905;-5101.341;487.381;2394.312;9104630;-674.601;-513.742;433.4;-5332.741;37451.602;27399.381
5.704909;9108279;18;;;;;;;;;;;;;;
5.707409;9110779;18;;;;;;;;;;;;;;
5.709909;9113279;8;;;;;;;;;;;;;;
5.712409;9115779;9;;;;;;;;;;;;;;
5.720068;9123438;16;;;;;;;;;;;;;;
5.722568;9125938;18;9126942;457.542;-31.258;900.07;-6275.586;424.95;2381.783;9126498;-688.903;-506.44;419.678;-5603.354;38372.895;27105.662
5.725068;9128438;16;;;;;;;;;;;;;;
5.727183;9130553;17;;;;;;;;;;;;;;
5.727568;9130938;17;;;;;;;;;;;;;;
5.729683;9133053;17;;;;;;;;;;;;;;
5.730068;9133438;17;;;;;;;;;;;;;;
5.732183;9135553;17;;;;;;;;;;;;;;
5.732568;9135938;8;;;;;;;;;;;;;;
5.734683;9138053;7;;;;;;;;;;;;;;
5.737183;9140553;9;;;;;;;;;;;;;;
5.739683;9143053;17;;;;;;;;;;;;;;
5.742183;9145553;16;;;;;;;;;;;;;;
5.750146;9153516;9;;;;;;;;;;;;;;
5.752646;9156016;17;9155755;458.583;-30.256;903.525;-5935.557;377.452;2299.882;9155317;-693.516;-497.923;405.514;-6293.123;38681.562;26989.379
5.755146;9158516;8;;;;;;;;;;;;;;
5.757646;9161016;16;;;;;;;;;;;;;;
5.758933;9162303;7;;;;;;;;;;;;;;
5.760146;9163516;18;;;;;;;;;;;;;;
5.761433;9164803;17;;;;;;;;;;;;;;
5.762646;9166016;9;;;;;;;;;;;;;;
5.763933;9167303;17;;;;;;;;;;;;;;
5.766433;9169803;17;;;;;;;;;;;;;;
5.768933;9172303;10;;;;;;;;;;;;;;
5.771433;9174803;10;;;;;;;;;;;;;;
5.776147;9179517;17;;;;;;;;;;;;;;
5.778647;9182017;17;;;;;;;;;;;;;;
5.781147;9184517;16;9183794;457.285;-30.689;903.348;-7126.717;553.267;1996.325;9183356;-707.17;-487.307;388.142;-6729.654;39817.422;26884.598
5.783647;9187017;16;;;;;;;;;;;;;;
5.786147;9189517;18;;;;;;;;;;;;;;
5.788647;9192017;9;;;;;;;;;;;;;;
5.791147;9194517;17;;;;;;;;;;;;;;
5.802631;9206001;8;9205674;458.985;-32.9;903.778;-8063.193;640.229;1333.009;9205232;-724.217;-477.698;369.625;-6543.671;40507.988;26711.117
5.805131;9208501;9;;;;;;;;;;;;;;
5.806428;9209798;8;;;;;;;;;;;;;;
5.807631;9211001;10;;;;;;;;;;;;;;
5.808928;9212298;17;;;;;;;;;;;;;;
5.810131;9213501;17;;;;;;;;;;;;;;
5.81097;9214340;8;;;;;;;;;;;;;;
5.811428;9214798;18;;;;;;;;;;;;;;
5.812631;9216001;17;;;;;;;;;;;;;;
5.813928;9217298;16;;;;;;;;;;;;;;
5.816428;9219798;8;;;;;;;;;;;;;;
5.818928;9222298;7;;;;;;;;;;;;;;
5.821428;9224798;8;;;;;;;;;;;;;;
5.828627;9231997;7;;;;;;;;;;;;;;
5.831127;9234497;16;9234305;461.028;-36.221;900.466;-8516.221;398.655;1023.108;9233867;-740.088;-471.338;350.626;-5874.363;39879.527;26040.123
5.833627;9236997;7;;;;;;;;;;;;;;
5.836127;9239497;10;;;;;;;;;;;;;;
5.838627;9241997;11;;;;;;;;;;;;;;
5.841127;9244497;18;;;;;;;;;;;;;;
5.847346;9250716;17;;;;;;;;;;;;;;
5.849846;9253216;9;;;;;;;;;;;;;;
5.852346;9255716;9;9256154;461.486;-40.766;900.284;-8434.723;28.722;1058.14;9255713;-754.549;-462.661;331.874;-5197.832;38247.801;24741.18
5.854846;9258216;17;;;;;;;;;;;;;;
5.857346;9260716;9;;;;;;;;;;;;;;
5.859846;9263216;9;;;;;;;;;;;;;;
5.86623;9269600;8;;;;;;;;;;;;;;
5.86873;9272100;8;;;;;;;;;;;;;;
5.87123;9274600;17;9273802;461.402;-46.34;899.476;-8363.861;-174.839;1050.296;9273366;-767.683;-454.76;315.506;-4660.565;36260.16;23234.621
5.87373;9277100;16;;;;;;;;;;;;;;
5.87623;9279600;17;;;;;;;;;;;;;;
5.876949;9280319;9;;;;;;;;;;;;;;
5.87873;9282100;7;;;;;;;;;;;;;;
5.879449;9282819;18;;;;;;;;;;;;;;
5.88123;9284600;9;;;;;;;;;;;;;;
5.881949;9285319;9;;;;;;;;;;;;;;
5.884449;9287819;17;;;;;;;;;;;;;;
5.886949;9290319;18;;;;;;;;;;;;;;
5.889449;9292819;16;;;;;;;;;;;;;;
5.899769;9303139;;9303139;460.664;-47.702;899.691;-7071.98;-3.347;143.781;9302701;-783.095;-447.229;297.425;-3832.975;32964.027;20945.453
5.903704;9307074;10;;;;;;;;;;;;;;
5.906204;9309574;10;;;;;;;;;;;;;;
5.906868;9310238;18;;;;;;;;;;;;;;
5.907224;9310594;18;;;;;;;;;;;;;;
5.908704;9312074;9;;;;;;;;;;;;;;
5.909368;9312738;10;;;;;;;;;;;;;;
5.909724;9313094;17;;;;;;;;;;;;;;
5.911868;9315238;8;;;;;;;;;;;;;;
5.912224;9315594;17;;;;;;;;;;;;;;
5.914368;9317738;9;;;;;;;;;;;;;;
5.914724;9318094;143;;;;;;;;;;;;;;
5.916868;9320238;9;;;;;;;;;;;;;;
5.919368;9322738;9;;;;;;;;;;;;;;
5.925709;9329079;16;;;;;;;;;;;;;;
5.928209;9331579;1034;9332387;460.536;-51.136;900.713;-6438.819;336.32;-906.845;9331949;-794.363;-441.442;282.914;-2808.763;28552.139;17950.867
5.930709;9334079;839;;;;;;;;;;;;;;
5.933209;9336579;20;;;;;;;;;;;;;;
5.933931;9337301;18;;;;;;;;;;;;;;
5.935709;9339079;16;;;;;;;;;;;;;;
5.936431;9339801;8;;;;;;;;;;;;;;
5.938209;9341579;9;;;;;;;;;;;;;;
5.938931;9342301;10;;;;;;;;;;;;;;
5.941431;9344801;1979;;;;;;;;;;;;;;
5.943931;9347301;2600;;;;;;;;;;;;;;
5.946431;9349801;984;;;;;;;;;;;;;;
5.948931;9352301;25;;;;;;;;;;;;;;
5.956649;9360019;17;;;;;;;;;;;;;;
5.959149;9362519;16;9362680;457.341;-51.41;901.018;-4395.753;722.442;-2235.691;9362241;-807.983;-436.773;271.019;-1753.075;23203.219;14212.199
5.961649;9365019;16;;;;;;;;;;;;;;
5.964149;9367519;26;;;;;;;;;;;;;;
5.966649;9370019;2941;;;;;;;;;;;;;;
5.969149;9372519;4095;;;;;;;;;;;;;;
5.975905;9379275;2576;;;;;;;;;;;;;;
5.978405;9381775;1374;;;;;;;;;;;;;;
5.980905;9384275;279;9384681;458.618;-49.443;904.603;-2907.215;814.07;-3015.094;9384237;-815.951;-434.46;261.543;-690.671;17285.244;9745.214
5.983405;9386775;18;;;;;;;;;;;;;;
5.985905;9389275;17;;;;;;;;;;;;;;
5.988405;9391775;184;;;;;;;;;;;;;;
5.990905;9394275;4095;;;;;;;;;;;;;;
5.999306;9402676;20;;;;;;;;;;;;;;
6.001806;9405176;8;9405221;459.678;-50.753;905.769;-3316.167;658.304;-3094.026;9404779;-821.422;-433.508;253.053;28.112;11715.232;4425.766
6.003276;9406646;4095;;;;;;;;;;;;;;
6.004306;9407676;559;;;;;;;;;;;;;;
6.005776;9409146;3100;;;;;;;;;;;;;;
6.006806;9410176;4095;;;;;;;;;;;;;;
6.008276;9411646;1929;;;;;;;;;;;;;;
6.009306;9412676;4095;;;;;;;;;;;;;;
6.010776;9414146;768;;;;;;;;;;;;;;
6.011806;9415176;3288;;;;;;;;;;;;;;
6.014306;9417676;2079;;;;;;;;;;;;;;
6.016806;9420176;906;;;;;;;;;;;;;;
6.026892;9430262;23;;;;;;;;;;;;;;
6.029392;9432762;17;;;;;;;;;;;;;;
6.031892;9435262;830;9434726;458.337;-50.076;905.499;-2589.484;583.388;-3344.45;9434287;-825.479;-431.371;253.345;113.769;6236.908;-1167.148
6.034392;9437762;4095;;;;;;;;;;;;;;
6.034439;9437809;810;;;;;;;;;;;;;;
6.036892;9440262;4095;;;;;;;;;;;;;;
6.036939;9440309;21;;;;;;;;;;;;;;
6.039392;9442762;3306;;;;;;;;;;;;;;
6.039439;9442809;18;;;;;;;;;;;;;;
6.041892;9445262;2040;;;;;;;;;;;;;;
6.041939;9445309;1145;;;;;;;;;;;;;;
6.044439;9447809;4095;;;;;;;;;;;;;;
6.046939;9450309;4095;;;;;;;;;;;;;;
6.049439;9452809;3311;;;;;;;;;;;;;;
6.051939;9455309;1904;;;;;;;;9456338;-827.063;-429.694;250.492;424.393;1732.062;-6431.416
6.054439;9457809;552;9456780;458.722;-51.659;906.352;-2327.885;490.782;-3638.352;;;;;;;
6.056939;9460309;18;;;;;;;;;;;;;;
6.059439;9462809;17;;;;;;;;;;;;;;
6.061939;9465309;1291;;;;;;;;;;;;;;
6.064439;9467809;4095;;;;;;;;;;;;;;
6.066167;9469537;4095;;;;;;;;;;;;;;
6.068667;9472037;3207;;;;;;;;;;;;;;
6.071167;9474537;1657;;;;;;;;;;;;;;
6.073667;9477037;184;;;;;;;;;;;;;;
6.076167;9479537;18;;;;;;;;;;;;;;
6.078667;9482037;9;;;;;;;;;;;;;;
6.081167;9484537;1163;;;;;;;;;;;;;;
6.083667;9487037;4095;9487759;458.606;-50.314;905.583;-1983.115;635.992;-3459.06;9487320;-826.098;-429.938;249.826;1614.611;-2190.978;-10555.282
6.086167;9489537;4095;;;;;;;;;;;;;;
6.088667;9492037;3064;;;;;;;;;;;;;;
6.091167;9494537;1414;;;;;;;;;;;;;;
6.093667;9497037;26;;;;;;;;;;;;;;
6.09404;9497410;10;;;;;;;;;;;;;;
6.09654;9499910;16;;;;;;;;;;;;;;
6.09904;9502410;887;;;;;;;;;;;;;;
6.10154;9504910;4095;;;;;;;;;;;;;;
6.10404;9507410;4095;;;;;;;;;;;;;;
6.10654;9509910;2906;;;;;;;;;;;;;;
6.10904;9512410;1210;;;;;;;;;;;;;;
6.11154;9514910;24;;;;;;;;;;;;;;
6.11404;9517410;19;9517625;459.045;-51.294;905.956;-1469.647;688.63;-3585.356;9517183;-822.711;-434.75;254.335;3307.943;-7099.992;-13907.705
6.11654;9519910;17;;;;;;;;;;;;;;
6.11904;9522410;491;;;;;;;;;;;;;;
6.12154;9524910;4095;;;;;;;;;;;;;;
6.12404;9527410;4095;;;;;;;;;;;;;;
6.141695;9545065;2699;;;;;;;;;;;;;;
6.144195;9547565;1015;9548693;458.846;-52.231;906.756;-1540.102;600.386;-3150.151;9548255;-812.563;-440.334;260.437;4252.921;-10465.492;-16599.445
6.146695;9550065;21;;;;;;;;;;;;;;
6.149195;9552565;11;;;;;;;;;;;;;;
6.149341;9552711;4095;;;;;;;;;;;;;;
6.151695;9555065;19;;;;;;;;;;;;;;
6.151841;9555211;2394;;;;;;;;;;;;;;
6.154195;9557565;18;;;;;;;;;;;;;;
6.154341;9557711;732;;;;;;;;;;;;;;
6.156695;9560065;3596;;;;;;;;;;;;;;
6.156841;9560211;21;;;;;;;;;;;;;;
6.159341;9562711;17;;;;;;;;;;;;;;
6.161841;9565211;18;;;;;;;;;;;;;;
6.164341;9567711;6;;;;;;;;;;;;;;
6.166841;9570211;2892;9570830;457.412;-50.656;908.016;-1390.472;433.429;-2662.331;9570388;-803.637;-444.456;266.85;5215.4;-12967.968;-18685.848
6.169341;9572711;4095;;;;;;;;;;;;;;
6.171841;9575211;1788;;;;;;;;;;;;;;
6.174341;9577711;167;;;;;;;;;;;;;;
6.176841;9580211;18;;;;;;;;;;;;;;
6.188584;9591954;20;;;;;;;;;;;;;;
6.191084;9594454;8;;;;;;;;;;;;;;
6.193584;9596954;9;;;;;;;;;;;;;;
6.196084;9599454;2635;9600336;457.77;-50.216;907.109;163.052;595.508;-2804.839;9599897;-794.193;-452.483;272.338;6293.817;-15069.257;-19971.867
6.198584;9601954;3661;;;;;;;;;;;;;;
6.201084;9604454;1449;;;;;;;;;;;;;;
6.203584;9606954;25;;;;;;;;;;;;;;
6.204023;9607393;19;;;;;;;;;;;;;;
6.206084;9609454;18;;;;;;;;;;;;;;
6.206523;9609893;18;;;;;;;;;;;;;;
6.209023;9612393;18;;;;;;;;;;;;;;
6.211523;9614893;2441;;;;;;;;;;;;;;
6.214023;9617393;3240;;;;;;;;;;;;;;
6.216523;9619893;1084;;;;;;;;;;;;;;
6.219023;9622393;22;9623517;452.364;-43.038;904.465;1693.587;1082.42;-3130.535;9623075;-785.014;-462.506;282.334;6905.314;-16714.168;-21112.211
6.221523;9624893;10;;;;;;;;;;;;;;
6.224023;9627393;16;;;;;;;;;;;;;;
6.226523;9629893;8;;;;;;;;;;;;;;
6.229023;9632393;17;;;;;;;;;;;;;;
6.231169;9634539;2616;;;;;;;;;;;;;;
6.231523;9634893;2123;;;;;;;;;;;;;;
6.233669;9637039;527;;;;;;;;;;;;;;
6.236169;9639539;20;;;;;;;;;;;;;;
6.238669;9642039;17;;;;;;;;;;;;;;
6.241169;9644539;9;;;;;;;;;;;;;;
6.243669;9647039;16;;;;;;;;;;;;;;
6.246169;9649539;17;;;;;;;;;;;;;;
6.248669;9652039;1357;9652673;453.786;-39.886;900.185;2313.72;1099.174;-3173.071;9652235;-775.159;-475.731;295.295;7284.986;-18390.584;-22451.912
6.251169;9654539;1147;;;;;;;;;;;;;;
6.253669;9657039;21;;;;;;;;;;;;;;
6.256169;9659539;20;;;;;;;;;;;;;;
6.25817;9661540;8;;;;;;;;;;;;;;
6.258669;9662039;9;;;;;;;;;;;;;;
6.26067;9664040;9;;;;;;;;;;;;;;
6.26317;9666540;9;;;;;;;;;;;;;;
6.26567;9669040;313;;;;;;;;;;;;;;
6.26817;9671540;20;;;;;;;;;;;;;;
6.27067;9674040;16;;;;;;;;;;;;;;
6.27317;9676540;20;;;;;;;;;;;;;;
6.27567;9679040;17;;;;;;;;;;;;;;
6.27817;9681540;16;9681670;452.502;-36.775;902.402;2730.471;1053.84;-3181.104;9681228;-763.143;-487.032;307.072;7615.924;-19819.992;-24186.629
6.28067;9684040;17;;;;;;;;;;;;;;
6.28317;9686540;18;;;;;;;;;;;;;;
6.28567;9689040;189;;;;;;;;;;;;;;
6.28817;9691540;18;;;;;;;;;;;;;;
6.299885;9703255;8;;;;;;;;;;;;;;
6.302385;9705755;17;;;;;;;;;;;;;;
6.304885;9708255;16;;;;;;;;;;;;;;
6.307385;9710755;170;9711522;452.636;-32.887;903.124;2803.073;898.336;-3114.799;9711083;-750.13;-494.162;317.088;7450.377;-21341.117;-26058.172
6.309885;9713255;16;;;;;;;;;;;;;;
6.312385;9715755;18;;;;;;;;;;;;;;
6.312429;9715799;10;;;;;;;;;;;;;;
6.314885;9718255;17;;;;;;;;;;;;;;
6.314929;9718299;9;;;;;;;;;;;;;;
6.317385;9720755;8;;;;;;;;;;;;;;
6.317429;9720799;18;;;;;;;;;;;;;;
6.319885;9723255;9;;;;;;;;;;;;;;
6.322385;9725755;7;;;;;;;;;;;;;;
6.334448;9737818;17;;;;;;;;;;;;;;
6.336948;9740318;461;9741027;453.019;-31.072;902.51;2748.669;780.794;-3522.122;9740589;-742.764;-502.266;324.182;8098.546;-22366.186;-27106.826
6.339448;9742818;22;;;;;;;;;;;;;;
6.341724;9745094;7;;;;;;;;;;;;;;
6.341948;9745318;16;;;;;;;;;;;;;;
6.344224;9747594;16;;;;;;;;;;;;;;
6.344448;9747818;10;;;;;;;;;;;;;;
6.346724;9750094;16;;;;;;;;;;;;;;
6.346948;9750318;10;;;;;;;;;;;;;;
6.349224;9752594;620;;;;;;;;;;;;;;
6.351724;9755094;28;;;;;;;;;;;;;;
6.354224;9757594;20;;;;;;;;;;;;;;
6.356724;9760094;8;;;;;;;;;;;;;;
6.364781;9768151;9;;;;;;;;;;;;;;
6.367281;9770651;8;9770885;453.188;-29.854;903.116;2549.11;579.879;-3462.828;9770446;-731.386;-511.935;335.472;9316.307;-23491.377;-27753.922
6.369781;9773151;10;;;;;;;;;;;;;;
6.371824;9775194;18;;;;;;;;;;;;;;
6.372281;9775651;9;;;;;;;;;;;;;;
6.374324;9777694;18;;;;;;;;;;;;;;
6.374781;9778151;617;;;;;;;;;;;;;;
6.376824;9780194;8;;;;;;;;;;;;;;
6.377281;9780651;24;;;;;;;;;;;;;;
6.379324;9782694;9;;;;;;;;;;;;;;
6.381824;9785194;9;;;;;;;;;;;;;;
6.384324;9787694;17;;;;;;;;;;;;;;
6.386824;9790194;538;;;;;;;;;;;;;;
6.394233;9797603;18;;;;;;;;;;;;;;
6.396733;9800103;17;9800397;454.124;-27.281;902.142;2438.28;397.323;-3400.374;9799958;-720.223;-519.772;346.349;11103.179;-24710.809;-28051.912
6.398876;9802246;22;;;;;;;;;;;;;;
6.399233;9802603;16;;;;;;;;;;;;;;
6.401376;9804746;17;;;;;;;;;;;;;;
6.401733;9805103;271;;;;;;;;;;;;;;
6.403876;9807246;9;;;;;;;;;;;;;;
6.404233;9807603;17;;;;;;;;;;;;;;
6.406376;9809746;17;;;;;;;;;;;;;;
6.406733;9810103;17;;;;;;;;;;;;;;
6.409233;9812603;19;;;;;;;;;;;;;;
6.411733;9815103;9;;;;;;;;;;;;;;
6.42136;9824730;17;;;;;;;;;;;;;;
6.42386;9827230;16;;;;;;;;9828429;-709.667;-530.981;358.44;12999.332;-26206.143;-28262.379
6.42636;9829730;7;9828868;455.409;-28.674;900.37;1775.616;127.644;-3390.918;;;;;;;
6.42886;9832230;17;;;;;;;;;;;;;;
6.43136;9834730;10;;;;;;;;;;;;;;
6.432278;9835648;9;;;;;;;;;;;;;;
6.43386;9837230;8;;;;;;;;;;;;;;
6.434778;9838148;8;;;;;;;;;;;;;;
6.43636;9839730;10;;;;;;;;;;;;;;
6.437278;9840648;9;;;;;;;;;;;;;;
6.439778;9843148;17;;;;;;;;;;;;;;
6.442278;9845648;7;;;;;;;;;;;;;;
6.444778;9848148;18;;;;;;;;;;;;;;
6.451303;9854673;16;;;;;;;;;;;;;;
6.453803;9857173;9;9858292;458.051;-34.451;903.474;1436.585;128.699;-3492.185;9857853;-696.26;-541.587;369.145;14595.49;-27956.586;-29423.072
6.456303;9859673;16;;;;;;;;;;;;;;
6.458803;9862173;8;;;;;;;;;;;;;;
6.461303;9864673;16;;;;;;;;;;;;;;
6.463803;9867173;17;;;;;;;;;;;;;;
6.466303;9869673;17;;;;;;;;;;;;;;
6.474231;9877601;10;;;;;;;;;;;;;;
6.476731;9880101;8;9880330;457.645;-33.009;902.818;1408.943;132.764;-2924.263;9879891;-680.76;-553.023;385.653;16385.277;-29764.756;-31209.105
6.479231;9882601;16;;;;;;;;;;;;;;
6.481167;9884537;19;;;;;;;;;;;;;;
6.481731;9885101;8;;;;;;;;;;;;;;
6.483667;9887037;17;;;;;;;;;;;;;;
6.484231;9887601;8;;;;;;;;;;;;;;
6.486167;9889537;9;;;;;;;;;;;;;;
6.486731;9890101;17;;;;;;;;;;;;;;
6.488667;9892037;17;;;;;;;;;;;;;;
6.491167;9894537;9;;;;;;;;;;;;;;
6.493667;9897037;8;;;;;;;;;;;;;;
6.500274;9903644;10;;;;;;;;;;;;;;
6.502774;9906144;18;;;;;;;;9907328;-667.279;-561.344;397.194;18132.389;-31675.018;-33387.961
6.505274;9908644;16;9907769;459.175;-30.029;901.835;1729.184;267.876;-2804.737;;;;;;;
6.507774;9911144;8;;;;;;;;;;;;;;
6.510274;9913644;17;;;;;;;;;;;;;;
6.511431;9914801;16;;;;;;;;;;;;;;
6.512774;9916144;17;;;;;;;;;;;;;;
6.513931;9917301;8;;;;;;;;;;;;;;
6.515274;9918644;17;;;;;;;;;;;;;;
6.516431;9919801;9;;;;;;;;;;;;;;
6.518931;9922301;18;;;;;;;;;;;;;;
6.521431;9924801;634;;;;;;;;;;;;;;
6.523931;9927301;103;;;;;;;;;;;;;;
6.530654;9934024;17;;;;;;;;;;;;;;
6.533154;9936524;8;9937625;459.958;-30.211;904.39;1958.599;207.232;-2594.063;9937187;-650.22;-567.973;417.057;18911.02;-33222.016;-34942.5
6.535654;9939024;9;;;;;;;;;;;;;;
6.538154;9941524;11;;;;;;;;;;;;;;
6.540654;9944024;9;;;;;;;;;;;;;;
6.543154;9946524;17;;;;;;;;;;;;;;
6.545654;9949024;3231;;;;;;;;;;;;;;
6.553632;9957002;4095;;;;;;;;;;;;;;
6.556132;9959502;2937;9959686;460.103;-29.506;903.091;2512.982;192.933;-2324.36;9959239;-631.885;-572.222;435.696;19223.719;-34712.227;-35904.812
6.558632;9962002;1807;;;;;;;;;;;;;;
6.561132;9964502;715;;;;;;;;;;;;;;
6.56145;9964820;1727;;;;;;;;;;;;;;
6.563632;9967002;22;;;;;;;;;;;;;;
6.56395;9967320;4095;;;;;;;;;;;;;;
6.566132;9969502;19;;;;;;;;;;;;;;
6.56645;9969820;4095;;;;;;;;;;;;;;
6.56895;9972320;3658;;;;;;;;;;;;;;
6.57145;9974820;2139;;;;;;;;;;;;;;
6.57395;9977320;713;;;;;;;;;;;;;;
6.581754;9985124;19;;;;;;;;;;;;;;
6.584254;9987624;9;;;;;;;;9988832;-610.643;-572.159;448.291;19596.033;-35271.301;-35915.133
6.586754;9990124;4095;9989271;456.179;-28.164;904.522;2755.708;292.662;-2060.704;;;;;;;
6.589254;9992624;4095;;;;;;;;;;;;;;
6.591754;9995124;4095;;;;;;;;;;;;;;
6.594254;9997624;4095;;;;;;;;;;;;;;
6.596754;10000124;2398;;;;;;;;;;;;;;
6.60839;10011760;;10011760;455.641;-27.012;905.015;2245.61;173.904;-2060.481;10011318;-590.633;-572.373;462.0;19618.543;-35578.422;-35564.0
6.609843;10013213;20;;;;;;;;;;;;;;
6.612343;10015713;2363;;;;;;;;;;;;;;
6.614417;10017787;4095;;;;;;;;;;;;;;
6.614843;10018213;4095;;;;;;;;;;;;;;
6.616917;10020287;4095;;;;;;;;;;;;;;
6.617343;10020713;4095;;;;;;;;;;;;;;
6.617899;10021269;367;;;;;;;;;;;;;;
6.619417;10022787;2375;;;;;;;;;;;;;;
6.619843;10023213;4095;;;;;;;;;;;;;;
6.621917;10025287;2825;;;;;;;;;;;;;;
6.624417;10027787;4095;;;;;;;;;;;;;;
6.626917;10030287;4095;;;;;;;;;;;;;;
6.629417;10032787;4095;;;;;;;;;;;;;;
6.63959;10042960;4095;;;;;;;;;;;;;;
6.64209;10045460;4095;10044993;456.85;-27.406;904.154;1883.954;32.646;-1671.332;10044554;-573.125;-573.199;475.153;19652.178;-35320.688;-34461.301
6.64459;10047960;4095;;;;;;;;;;;;;;
6.64709;10050460;4095;;;;;;;;;;;;;;
6.648341;10051711;4095;;;;;;;;;;;;;;
6.64959;10052960;4095;;;;;;;;;;;;;;
6.650841;10054211;4095;;;;;;;;;;;;;;
6.65209;10055460;4095;;;;;;;;;;;;;;
6.653341;10056711;4095;;;;;;;;;;;;;;
6.655841;10059211;4095;;;;;;;;;;;;;;
6.658341;10061711;4095;;;;;;;;;;;;;;
6.660841;10064211;4095;;;;;;;;;;;;;;
6.66941;10072780;4095;;;;;;;;;;;;;;
6.67191;10075280;4095;;;;;;;;10076326;-552.337;-576.308;488.196;19324.506;-35144.965;-32445.984
6.67441;10077780;4095;10076764;457.81;-24.651;902.824;2777.194;132.951;-1252.641;;;;;;;
6.67691;10080280;4095;;;;;;;;;;;;;;
6.67941;10082780;4095;;;;;;;;;;;;;;
6.68191;10085280;4095;;;;;;;;;;;;;;
6.68441;10087780;4095;;;;;;;;;;;;;;
6.686538;10089908;4095;;;;;;;;;;;;;;
6.689038;10092408;4095;;;;;;;;;;;;;;
6.691538;10094908;4095;;;;;;;;;;;;;;
6.694038;10097408;4095;;;;;;;;;;;;;;
6.695873;10099243;4095;;;;;;;;;;;;;;
6.696538;10099908;4095;10100371;457.611;-22.827;902.823;5100.147;269.366;-1025.071;10099935;-530.869;-578.444;502.509;18765.594;-34691.902;-29951.748
6.698373;10101743;4095;;;;;;;;;;;;;;
6.699038;10102408;4095;;;;;;;;;;;;;;
6.700873;10104243;4095;;;;;;;;;;;;;;
6.701538;10104908;4095;;;;;;;;;;;;;;
6.703373;10106743;4095;;;;;;;;;;;;;;
6.704038;10107408;4095;;;;;;;;;;;;;;
6.705873;10109243;4095;;;;;;;;;;;;;;
6.706538;10109908;4095;;;;;;;;;;;;;;
6.708373;10111743;4095;;;;;;;;;;;;;;
6.710873;10114243;4095;;;;;;;;;;;;;;
6.713373;10116743;4095;;;;;;;;;;;;;;
6.715873;10119243;4095;;;;;;;;;;;;;;
6.718373;10121743;4095;;;;;;;;;;;;;;
6.720873;10124243;4095;;;;;;;;;;;;;;
6.723373;10126743;4095;10127286;460.363;-17.843;901.961;5208.702;428.273;-278.63;10126847;-508.974;-580.62;512.697;18059.627;-33608.309;-27356.91
6.725873;10129243;4095;;;;;;;;;;;;;;
6.728373;10131743;4095;;;;;;;;;;;;;;
6.730873;10134243;4095;;;;;;;;;;;;;;
6.733373;10136743;4095;;;;;;;;;;;;;;
6.74208;10145450;4095;;;;;;;;;;;;;;
6.74458;10147950;4095;;;;;;;;;;;;;;
6.74708;10150450;4095;;;;;;;;;;;;;;
6.74958;10152950;4095;;;;;;;;;;;;;;
6.75208;10155450;4095;;;;;;;;;;;;;;
6.75458;10157950;4095;;;;;;;;;;;;;;
6.75708;10160450;4095;;;;;;;;;;;;;;
6.75958;10162950;4095;;;;;;;;;;;;;;
6.76208;10165450;4095;10165645;457.969;-12.18;900.1;5363.892;581.422;139.114;10165209;-488.576;-582.931;528.633;17231.895;-31884.143;-24806.939
6.76458;10167950;4095;;;;;;;;;;;;;;
6.76708;10170450;4095;;;;;;;;;;;;;;
6.76958;10172950;4095;;;;;;;;;;;;;;
6.77208;10175450;4095;;;;;;;;;;;;;;
6.779815;10183185;4095;;;;;;;;;;;;;;
6.782315;10185685;4095;;;;;;;;;;;;;;
6.784815;10188185;4095;;;;;;;;;;;;;;
6.787315;10190685;4095;;;;;;;;;;;;;;
6.789815;10193185;4095;;;;;;;;;;;;;;
6.792315;10195685;4095;;;;;;;;;;;;;;
6.794815;10198185;4095;10198979;456.366;-6.984;903.133;5439.572;633.726;-29.717;10198541;-474.066;-585.583;540.857;16725.113;-30226.936;-21756.217
6.797315;10200685;4095;;;;;;;;;;;;;;
6.799815;10203185;4095;;;;;;;;;;;;;;
6.801359;10204729;4095;;;;;;;;;;;;;;
6.802315;10205685;4095;;;;;;;;;;;;;;
6.803859;10207229;4095;;;;;;;;;;;;;;
6.804815;10208185;4095;;;;;;;;;;;;;;
6.806359;10209729;4095;;;;;;;;;;;;;;
6.808859;10212229;4095;;;;;;;;;;;;;;
6.811359;10214729;4095;;;;;;;;;;;;;;
6.813859;10217229;4095;;;;;;;;;;;;;;
6.816359;10219729;4095;;;;;;;;;;;;;;
6.818859;10222229;4095;;;;;;;;;;;;;;
6.821359;10224729;4095;;;;;;;;;;;;;;
6.823859;10227229;4095;;;;;;;;;;;;;;
6.826359;10229729;4095;10228919;455.812;-5.366;904.043;5268.656;494.414;-265.356;10228484;-460.623;-587.719;552.336;15260.607;-28369.963;-17969.031
6.828859;10232229;4095;;;;;;;;;;;;;;
6.831359;10234729;4095;;;;;;;;;;;;;;
6.833859;10237229;4095;;;;;;;;;;;;;;
6.836359;10239729;4095;;;;;;;;;;;;;;
6.84348;10246850;4095;;;;;;;;;;;;;;
6.84598;10249350;4095;;;;;;;;;;;;;;
6.84848;10251850;4095;;;;;;;;;;;;;;
6.85098;10254350;4095;;;;;;;;;;;;;;
6.85348;10256850;4095;;;;;;;;;;;;;;
6.85598;10259350;4095;;;;;;;;;;;;;;
6.85848;10261850;4095;;;;;;;;;;;;;;
6.86098;10264350;4095;10265550;456.915;-1.847;902.462;4966.723;414.131;-368.901;10265112;-445.522;-585.954;560.416;15314.39;-25984.152;-13952.955
6.86348;10266850;4095;;;;;;;;;;;;;;
6.86598;10269350;4095;;;;;;;;;;;;;;
6.86848;10271850;4095;;;;;;;;;;;;;;
6.87098;10274350;4095;;;;;;;;;;;;;;
6.87348;10276850;4095;;;;;;;;;;;;;;
6.877313;10280683;4095;;;;;;;;;;;;;;
6.879813;10283183;4095;;;;;;;;;;;;;;
6.882313;10285683;4095;;;;;;;;;;;;;;
6.884813;10288183;4095;;;;;;;;;;;;;;
6.887313;10290683;4095;;;;;;;;;;;;;;
6.889813;10293183;4095;;;;;;;;;;;;;;
6.892313;10295683;4095;;;;;;;;;;;;;;
6.894813;10298183;4095;10298874;457.073;-2.102;903.107;3499.949;561.424;-617.768;10298439;-434.61;-589.767;569.746;14891.67;-23374.195;-10879.683
6.897313;10300683;4095;;;;;;;;;;;;;;
6.899813;10303183;4095;;;;;;;;;;;;;;
6.902313;10305683;4095;;;;;;;;;;;;;;
6.904813;10308183;4095;;;;;;;;;;;;;;
6.906905;10310275;4095;;;;;;;;;;;;;;
6.909405;10312775;4095;;;;;;;;;;;;;;
6.911905;10315275;4095;;;;;;;;;;;;;;
6.914405;10317775;4095;;;;;;;;;;;;;;
6.916905;10320275;4095;;;;;;;;;;;;;;
6.919405;10322775;4095;;;;;;;;;;;;;;
6.921905;10325275;4095;;;;;;;;;;;;;;
6.924405;10327775;4095;;;;;;;;;;;;;;
6.926905;10330275;4095;10330564;458.467;1.81;905.556;3118.889;585.853;-1039.692;10330126;-432.357;-589.742;579.969;14683.461;-22461.859;-7811.323
6.929405;10332775;4095;;;;;;;;;;;;;;
6.931905;10335275;4095;;;;;;;;;;;;;;
6.934405;10337775;4095;;;;;;;;;;;;;;
6.936905;10340275;4095;;;;;;;;;;;;;;
6.940651;10344021;4095;;;;;;;;;;;;;;
6.943151;10346521;4095;;;;;;;;;;;;;;
6.945651;10349021;4095;;;;;;;;;;;;;;
6.948151;10351521;4095;;;;;;;;;;;;;;
6.950651;10354021;4095;;;;;;;;;;;;;;
6.953151;10356521;4095;;;;;;;;;;;;;;
6.955651;10359021;4095;;;;;;;;;;;;;;
6.958151;10361521;4095;;;;;;;;;;;;;;
6.960651;10364021;4095;10363801;457.595;3.287;900.868;2437.507;468.186;-1698.208;10363365;-425.287;-591.157;592.097;14844.851;-19985.141;-5029.819
6.963151;10366521;4095;;;;;;;;;;;;;;
6.965651;10369021;4095;;;;;;;;;;;;;;
6.968151;10371521;4095;;;;;;;;;;;;;;
6.970651;10374021;4095;;;;;;;;;;;;;;
6.974391;10377761;4095;;;;;;;;;;;;;;
6.976891;10380261;4095;;;;;;;;;;;;;;
6.979391;10382761;4095;;;;;;;;;;;;;;
6.981891;10385261;4095;;;;;;;;;;;;;;
6.984391;10387761;4095;;;;;;;;;;;;;;
6.986891;10390261;3984;;;;;;;;;;;;;;
6.989391;10392761;3721;;;;;;;;;;;;;;
6.991891;10395261;3485;;;;;;;;;;;;;;
6.994391;10397761;3289;10397048;463.47;4.324;902.203;2560.632;128.901;-2535.985;10396610;-415.637;-592.837;601.172;17431.545;-17973.07;-2429.391
6.996329;10399699;1596;;;;;;;;;;;;;;
6.996891;10400261;3088;;;;;;;;;;;;;;
6.998829;10402199;1262;;;;;;;;;;;;;;
6.999391;10402761;2874;;;;;;;;;;;;;;
7.001329;10404699;968;;;;;;;;;;;;;;
7.001891;10405261;2614;;;;;;;;;;;;;;
7.003829;10407199;679;;;;;;;;;;;;;;
7.004391;10407761;2297;;;;;;;;;;;;;;
7.006329;10409699;364;;;;;;;;;;;;;;
7.008829;10412199;20;;;;;;;;;;;;;;
7.011329;10414699;16;;;;;;;;;;;;;;
7.013829;10417199;17;;;;;;;;;;;;;;
7.016329;10419699;9;;;;;;;;;;;;;;
7.018829;10422199;9;;;;;;;;;;;;;;
7.021329;10424699;10;;;;;;;;;;;;;;
7.023829;10427199;8;;;;;;;;;;;;;;
7.026329;10429699;10;10430285;474.17;-0.485;897.188;3581.038;-279.169;-3379.998;10429850;-405.366;-586.577;612.77;20451.967;-14480.916;-418.796
7.028829;10432199;18;;;;;;;;;;;;;;
7.031329;10434699;16;;;;;;;;;;;;;;
7.033829;10437199;16;;;;;;;;;;;;;;
7.036249;10439619;1959;;;;;;;;;;;;;;
7.036329;10439699;9;;;;;;;;;;;;;;
7.038829;10442199;18;;;;;;;;;;;;;;
7.047993;10451363;8;;;;;;;;;;;;;;
7.050493;10453863;16;;;;;;;;;;;;;;
7.052993;10456363;18;;;;;;;;;;;;;;
7.055493;10458863;18;;;;;;;;;;;;;;
7.057993;10461363;17;;;;;;;;;;;;;;
7.060493;10463863;8;;;;;;;;;;;;;;
7.062993;10466363;18;;;;;;;;;;;;;;
7.065493;10468863;8;;;;;;;;;;;;;;
7.067993;10471363;17;10470644;479.949;5.09;897.255;5085.485;-549.148;-5168.373;10470206;-397.865;-582.569;615.133;21713.994;-10623.495;-30.356
7.070493;10473863;16;;;;;;;;;;;;;;
7.072993;10476363;9;;;;;;;;;;;;;;
7.075493;10478863;17;;;;;;;;;;;;;;
7.077993;10481363;8;;;;;;;;;;;;;;
7.087185;10490555;9;;;;;;;;;;;;;;
7.089685;10493055;9;;;;;;;;;;;;;;
7.092185;10495555;18;;;;;;;;;;;;;;
7.094685;10498055;9;;;;;;;;;;;;;;
7.0947;10498070;9;;;;;;;;;;;;;;
7.097185;10500555;16;;;;;;;;;;;;;;
7.0972;10500570;8;10501108;474.239;24.862;898.191;4126.836;-1054.565;-7636.454;10500672;-401.847;-589.016;627.894;23510.545;-7783.195;-1359.714
7.099685;10503055;16;;;;;;;;;;;;;;
7.0997;10503070;17;;;;;;;;;;;;;;
7.102185;10505555;16;;;;;;;;;;;;;;
7.1022;10505570;17;;;;;;;;;;;;;;
7.104685;10508055;9;;;;;;;;;;;;;;
7.1047;10508070;10;;;;;;;;;;;;;;
7.107185;10510555;18;;;;;;;;;;;;;;
7.1072;10510570;17;;;;;;;;;;;;;;
7.1097;10513070;8;;;;;;;;;;;;;;
7.1122;10515570;18;;;;;;;;;;;;;;
7.1147;10518070;9;;;;;;;;;;;;;;
7.1172;10520570;16;;;;;;;;;;;;;;
7.1197;10523070;9;;;;;;;;;;;;;;
7.1222;10525570;9;10526028;471.572;20.483;902.826;2927.807;-1166.337;-10234.006;10525590;-410.016;-587.137;636.307;24165.518;-7893.223;-3530.415
7.1247;10528070;8;;;;;;;;;;;;;;
7.1272;10530570;9;;;;;;;;;;;;;;
7.1297;10533070;9;;;;;;;;;;;;;;
7.1322;10535570;16;;;;;;;;;;;;;;
7.137603;10540973;8;;;;;;;;;;;;;;
7.140103;10543473;16;;;;;;;;;;;;;;
7.142603;10545973;16;;;;;;;;;;;;;;
7.145103;10548473;8;;;;;;;;;;;;;;
7.147603;10550973;19;;;;;;;;;;;;;;
7.150103;10553473;10;;;;;;;;;;;;;;
7.152603;10555973;9;;;;;;;;;;;;;;
7.155103;10558473;8;;;;;;;;;;;;;;
7.157603;10560973;16;10560915;471.936;24.211;901.568;2573.166;-1254.583;-12077.806;10560480;-410.078;-585.993;651.169;24350.68;-7032.187;-3909.082
7.160103;10563473;17;;;;;;;;;;;;;;
7.162603;10565973;8;;;;;;;;;;;;;;
7.165103;10568473;16;;;;;;;;;;;;;;
7.167603;10570973;8;;;;;;;;;;;;;;
7.172838;10576208;9;;;;;;;;;;;;;;
7.175338;10578708;7;;;;;;;;;;;;;;
7.177838;10581208;16;;;;;;;;;;;;;;
7.180338;10583708;9;;;;;;;;;;;;;;
7.182838;10586208;17;;;;;;;;;;;;;;
7.185338;10588708;9;;;;;;;;;;;;;;
7.187838;10591208;17;10591644;469.812;34.029;898.537;4919.883;-1186.604;-14235.853;10591206;-414.499;-588.114;667.258;24534.457;-5652.015;-4303.815
7.190338;10593708;17;;;;;;;;;;;;;;
7.192838;10596208;18;;;;;;;;;;;;;;
7.195338;10598708;17;;;;;;;;;;;;;;
7.197838;10601208;16;;;;;;;;;;;;;;
7.208248;10611618;9;;;;;;;;;;;;;;
7.210748;10614118;378;;;;;;;;;;;;;;
7.213248;10616618;1084;;;;;;;;;;;;;;
7.215748;10619118;1725;10619590;460.223;38.544;901.69;5219.014;-1058.586;-16098.31;10619154;-414.929;-574.239;672.069;26749.984;-4864.102;-4187.5
7.218248;10621618;2330;;;;;;;;;;;;;;
7.220734;10624104;18;;;;;;;;;;;;;;
7.220748;10624118;2876;;;;;;;;;;;;;;
7.223234;10626604;10;;;;;;;;;;;;;;
7.223248;10626618;28;;;;;;;;;;;;;;
7.225734;10629104;1823;;;;;;;;;;;;;;
7.225748;10629118;19;;;;;;;;;;;;;;
7.228234;10631604;3230;;;;;;;;;;;;;;
7.230734;10634104;4095;;;;;;;;;;;;;;
7.233234;10636604;4095;;;;;;;;;;;;;;
7.235734;10639104;42;;;;;;;;;;;;;;
7.238234;10641604;18;;;;;;;;;;;;;;
7.240734;10644104;16;10644159;457.964;43.381;906.333;8336.875;-835.032;-17203.52;10643720;-416.661;-563.888;678.482;27580.734;-3923.084;-4318.937
7.243234;10646604;18;;;;;;;;;;;;;;
7.245734;10649104;2087;;;;;;;;;;;;;;
7.248234;10651604;4095;;;;;;;;;;;;;;
7.250734;10654104;4095;;;;;;;;;;;;;;
7.253725;10657095;3481;;;;;;;;;;;;;;
7.256225;10659595;29;;;;;;;;;;;;;;
7.258725;10662095;18;;;;;;;;;;;;;;
7.261225;10664595;9;;;;;;;;;;;;;;
7.263725;10667095;9;;;;;;;;;;;;;;
7.266225;10669595;2138;;;;;;;;;;;;;;
7.268725;10672095;4095;;;;;;;;;;;;;;
7.271225;10674595;4095;;;;;;;;;;;;;;
7.273725;10677095;2684;10676530;456.696;51.869;903.063;9847.656;-1395.28;-18349.281;10676094;-424.498;-553.762;697.866;29632.572;-2049.555;-4432.865
7.276225;10679595;27;;;;;;;;;;;;;;
7.278725;10682095;18;;;;;;;;;;;;;;
7.281225;10684595;8;;;;;;;;;;;;;;
7.283725;10687095;17;;;;;;;;;;;;;;
7.294575;10697945;8;;;;;;;;;;;;;;
7.297075;10700445;10;;;;;;;;;;;;;;
7.299575;10702945;587;;;;;;;;;;;;;;
7.302075;10705445;4095;;;;;;;;;;;;;;
7.302165;10705535;1545;;;;;;;;;;;;;;
7.304575;10707945;4095;;;;;;;;10707948;-425.703;-538.005;703.312;31885.006;-1653.515;-4393.222
7.304665;10708035;4095;10708386;457.828;54.936;903.075;10684.836;-1654.078;-18990.629;;;;;;;
7.307075;10710445;907;;;;;;;;;;;;;;
7.307165;10710535;4095;;;;;;;;;;;;;;
7.309575;10712945;21;;;;;;;;;;;;;;
7.309665;10713035;1726;;;;;;;;;;;;;;
7.312075;10715445;16;;;;;;;;;;;;;;
7.312165;10715535;24;;;;;;;;;;;;;;
7.314575;10717945;8;;;;;;;;;;;;;;
7.314665;10718035;10;;;;;;;;;;;;;;
7.317075;10720445;17;;;;;;;;;;;;;;
7.319575;10722945;16;;;;;;;;;;;;;;
7.322075;10725445;3129;;;;;;;;;;;;;;
7.324575;10727945;4095;;;;;;;;;;;;;;
7.327243;10730613;57;;;;;;;;;;;;;;
7.329743;10733113;18;;;;;;;;;;;;;;
7.332243;10735613;18;;;;;;;;;;;;;;
7.334743;10738113;7;;;;;;;;;;;;;;
7.337243;10740613;8;;;;;;;;;;;;;;
7.339743;10743113;8;;;;;;;;;;;;;;
7.342243;10745613;1703;;;;;;;;;;;;;;
7.344743;10748113;1672;;;;;;;;;;;;;;
7.347243;10750613;21;10749961;462.039;64.597;901.103;12135.531;-1981.312;-19679.535;10749521;-428.86;-523.415;708.052;31088.318;-2134.777;-4499.061
7.349743;10753113;9;;;;;;;;;;;;;;
7.352243;10755613;11;;;;;;;;;;;;;;
7.354743;10758113;16;;;;;;;;;;;;;;
7.357243;10760613;8;;;;;;;;;;;;;;
7.358998;10762368;9;;;;;;;;;;;;;;
7.361498;10764868;281;;;;;;;;;;;;;;
7.363998;10767368;18;;;;;;;;;;;;;;
7.366498;10769868;9;;;;;;;;;;;;;;
7.368998;10772368;16;;;;;;;;;;;;;;
7.371498;10774868;11;;;;;;;;;;;;;;
7.373998;10777368;17;;;;;;;;;;;;;;
7.376498;10779868;17;;;;;;;;10780770;-429.395;-510.115;719.132;30236.09;-2768.288;-4565.92
7.378998;10782368;16;10781212;459.47;73.878;900.041;12617.255;-2039.309;-19826.059;;;;;;;
7.381498;10784868;18;;;;;;;;;;;;;;
7.383998;10787368;10;;;;;;;;;;;;;;
7.386498;10789868;8;;;;;;;;;;;;;;
7.388998;10792368;9;;;;;;;;;;;;;;
7.394391;10797761;9;;;;;;;;;;;;;;
7.396891;10800261;11;;;;;;;;;;;;;;
7.399391;10802761;17;;;;;;;;;;;;;;
7.401891;10805261;10;;;;;;;;;;;;;;
7.404391;10807761;9;;;;;;;;;;;;;;
7.406891;10810261;10;;;;;;;;;;;;;;
7.409391;10812761;10;10812278;454.388;72.783;898.898;11573.829;-1954.406;-19379.881;10811839;-430.032;-489.727;726.473;31213.223;-2982.936;-4548.937
7.411891;10815261;10;;;;;;;;;;;;;;
7.414391;10817761;9;;;;;;;;;;;;;;
7.416891;10820261;9;;;;;;;;;;;;;;
7.418512;10821882;18;;;;;;;;;;;;;;
7.419391;10822761;17;;;;;;;;;;;;;;
7.421891;10825261;8;;;;;;;;;;;;;;
7.43795;10841320;7;;;;;;;;;;;;;;
7.44045;10843820;18;10843173;453.183;81.582;898.214;13211.513;-1847.498;-18909.199;10842735;-426.696;-473.903;730.476;32218.061;-2016.102;-4678.927
7.44295;10846320;18;;;;;;;;;;;;;;
7.445391;10848761;9;;;;;;;;;;;;;;
7.44545;10848820;8;;;;;;;;;;;;;;
7.447891;10851261;16;;;;;;;;;;;;;;
7.44795;10851320;9;;;;;;;;;;;;;;
7.450391;10853761;8;;;;;;;;;;;;;;
7.45045;10853820;10;;;;;;;;;;;;;;
7.452891;10856261;10;;;;;;;;;;;;;;
7.455391;10858761;10;;;;;;;;;;;;;;
7.457891;10861261;17;;;;;;;;;;;;;;
7.465253;10868623;8;;;;;;;;;;;;;;
7.467753;10871123;10;;;;;;;;10872164;-426.535;-456.564;733.785;31967.344;-842.547;-5081.106
7.470253;10873623;9;10872602;453.033;93.869;895.144;15402.124;-1783.123;-18722.801;;;;;;;
7.472753;10876123;8;;;;;;;;;;;;;;
7.475253;10878623;8;;;;;;;;;;;;;;
7.476533;10879903;7;;;;;;;;;;;;;;
7.477753;10881123;8;;;;;;;;;;;;;;
7.479033;10882403;8;;;;;;;;;;;;;;
7.480253;10883623;16;;;;;;;;;;;;;;
7.481533;10884903;9;;;;;;;;;;;;;;
7.484033;10887403;10;;;;;;;;;;;;;;
7.486533;10889903;16;;;;;;;;;;;;;;
7.489033;10892403;8;;;;;;;;;;;;;;
7.499696;10903066;;10903066;450.682;110.117;894.599;17407.518;-1480.905;-18583.785;10902628;-426.1;-443.868;750.715;31930.852;-269.732;-5423.801
7.504302;10907672;16;;;;;;;;;;;;;;
7.506802;10910172;9;;;;;;;;;;;;;;
7.507576;10910946;16;;;;;;;;;;;;;;
7.507933;10911303;9;;;;;;;;;;;;;;
7.509302;10912672;9;;;;;;;;;;;;;;
7.510076;10913446;9;;;;;;;;;;;;;;
7.510433;10913803;7;;;;;;;;;;;;;;
7.512576;10915946;8;;;;;;;;;;;;;;
7.512933;10916303;8;;;;;;;;;;;;;;
7.515076;10918446;17;;;;;;;;;;;;;;
7.515433;10918803;16;;;;;;;;;;;;;;
7.517576;10920946;19;;;;;;;;;;;;;;
7.520076;10923446;10;;;;;;;;;;;;;;
7.527547;10930917;8;;;;;;;;;;;;;;
7.530047;10933417;10;10933792;447.637;121.752;894.045;18236.391;-1697.797;-18148.096;10933354;-426.499;-430.013;760.979;31334.871;-388.808;-5628.173
7.532547;10935917;7;;;;;;;;;;;;;;
7.535047;10938417;16;;;;;;;;;;;;;;
7.535099;10938469;17;;;;;;;;;;;;;;
7.537547;10940917;16;;;;;;;;;;;;;;
7.537599;10940969;9;;;;;;;;;;;;;;
7.540047;10943417;17;;;;;;;;;;;;;;
7.540099;10943469;17;;;;;;;;;;;;;;
7.542599;10945969;8;;;;;;;;;;;;;;
7.545099;10948469;18;;;;;;;;;;;;;;
7.547599;10950969;10;;;;;;;;;;;;;;
7.550099;10953469;9;;;;;;;;;;;;;;
7.55896;10962330;9;;;;;;;;;;;;;;
7.56146;10964830;8;10964690;446.599;134.068;890.97;18821.258;-1635.657;-17465.566;10964251;-431.05;-415.485;764.813;30634.814;-159.367;-5824.515
7.56396;10967330;8;;;;;;;;;;;;;;
7.566435;10969805;8;;;;;;;;;;;;;;
7.56646;10969830;18;;;;;;;;;;;;;;
7.568935;10972305;10;;;;;;;;;;;;;;
7.56896;10972330;9;;;;;;;;;;;;;;
7.571435;10974805;18;;;;;;;;;;;;;;
7.57146;10974830;17;;;;;;;;;;;;;;
7.573935;10977305;16;;;;;;;;;;;;;;
7.576435;10979805;16;;;;;;;;;;;;;;
7.578935;10982305;16;;;;;;;;;;;;;;
7.581435;10984805;9;;;;;;;;;;;;;;
7.592132;10995502;;10995502;444.302;146.378;888.389;18797.633;-1407.312;-16605.412;10995064;-432.513;-404.043;773.646;29739.637;53.351;-5796.664
7.594066;10997436;17;;;;;;;;;;;;;;
7.596566;10999936;9;;;;;;;;;;;;;;
7.598929;11002299;17;;;;;;;;;;;;;;
7.599066;11002436;8;;;;;;;;;;;;;;
7.601429;11004799;16;;;;;;;;;;;;;;
7.601566;11004936;17;;;;;;;;;;;;;;
7.603929;11007299;8;;;;;;;;;;;;;;
7.605675;11009045;8;;;;;;;;;;;;;;
7.606429;11009799;10;;;;;;;;;;;;;;
7.608175;11011545;9;;;;;;;;;;;;;;
7.608929;11012299;8;;;;;;;;;;;;;;
7.611429;11014799;16;;;;;;;;;;;;;;
7.61734;11020710;9;;;;;;;;;;;;;;
7.61984;11023210;8;;;;;;;;11024232;-438.289;-397.255;782.354;28726.029;682.871;-5485.393
7.62234;11025710;10;11024673;443.235;158.64;884.968;17772.438;-1205.258;-15711.267;;;;;;;
7.62484;11028210;9;;;;;;;;;;;;;;
7.62734;11030710;8;;;;;;;;;;;;;;
7.62984;11033210;17;;;;;;;;;;;;;;
7.63234;11035710;16;;;;;;;;;;;;;;
7.640884;11044254;9;;;;;;;;;;;;;;
7.643384;11046754;10;11046867;443.967;168.337;883.255;16303.252;-1155.058;-14872.766;11046429;-440.231;-385.798;787.163;26317.602;349.04;-5191.436
7.645884;11049254;9;;;;;;;;;;;;;;
7.64826;11051630;9;;;;;;;;;;;;;;
7.648384;11051754;9;;;;;;;;;;;;;;
7.65076;11054130;16;;;;;;;;;;;;;;
7.650884;11054254;8;;;;;;;;;;;;;;
7.65326;11056630;10;;;;;;;;;;;;;;
7.653384;11056754;17;;;;;;;;;;;;;;
7.65576;11059130;9;;;;;;;;;;;;;;
7.65826;11061630;16;;;;;;;;;;;;;;
7.66076;11064130;9;;;;;;;;;;;;;;
7.66326;11066630;17;;;;;;;;;;;;;;
7.672169;11075539;8;;;;;;;;;;;;;;
7.674669;11078039;9;11077355;443.662;180.532;879.828;14410.526;-1053.118;-13881.502;11076914;-440.991;-380.386;801.204;21590.096;-182.474;-4537.239
7.677169;11080539;9;;;;;;;;;;;;;;
7.679569;11082939;16;;;;;;;;;;;;;;
7.679669;11083039;19;;;;;;;;;;;;;;
7.682069;11085439;17;;;;;;;;;;;;;;
7.682169;11085539;17;;;;;;;;;;;;;;
7.684569;11087939;10;;;;;;;;;;;;;;
7.684669;11088039;16;;;;;;;;;;;;;;
7.687069;11090439;8;;;;;;;;;;;;;;
7.689569;11092939;16;;;;;;;;;;;;;;
7.692069;11095439;17;;;;;;;;;;;;;;
7.699634;11103004;9;;;;;;;;;;;;;;
7.702134;11105504;10;;;;;;;;11106429;-442.738;-371.791;804.612;16789.652;-1204.101;-4204.065
7.704634;11108004;17;11106867;441.84;189.989;878.536;11079.875;-958.024;-12767.864;;;;;;;
7.707134;11110504;17;;;;;;;;;;;;;;
7.709634;11113004;16;;;;;;;;;;;;;;
7.712134;11115504;7;;;;;;;;;;;;;;
7.714634;11118004;8;;;;;;;;;;;;;;
7.723267;11126637;9;;;;;;;;;;;;;;
7.725767;11129137;17;11129162;441.891;197.954;876.34;7340.881;-762.685;-11091.721;11128724;-444.043;-363.133;800.964;11247.045;-2265.208;-3735.737
7.728267;11131637;17;;;;;;;;;;;;;;
7.730767;11134137;10;;;;;;;;;;;;;;
7.730888;11134258;18;;;;;;;;;;;;;;
7.733267;11136637;17;;;;;;;;;;;;;;
7.733388;11136758;18;;;;;;;;;;;;;;
7.735767;11139137;10;;;;;;;;;;;;;;
7.735888;11139258;9;;;;;;;;;;;;;;
7.738388;11141758;8;;;;;;;;;;;;;;
7.740888;11144258;16;;;;;;;;;;;;;;
7.743388;11146758;16;;;;;;;;;;;;;;
7.745888;11149258;9;;;;;;;;;;;;;;
7.754465;11157835;9;;;;;;;;;;;;;;
7.756965;11160335;16;11159994;435.583;197.468;869.287;5930.399;-695.239;-9694.51;11159543;-445.68;-361.757;805.39;5479.317;-3783.385;-3373.075
7.759465;11162835;18;;;;;;;;;;;;;;
7.761965;11165335;16;;;;;;;;;;;;;;
7.762116;11165486;9;;;;;;;;;;;;;;
7.764465;11167835;18;;;;;;;;;;;;;;
7.764616;11167986;18;;;;;;;;;;;;;;
7.766965;11170335;10;;;;;;;;;;;;;;
7.767116;11170486;17;;;;;;;;;;;;;;
7.769616;11172986;17;;;;;;;;;;;;;;
7.772116;11175486;17;;;;;;;;;;;;;;
7.774616;11177986;9;;;;;;;;;;;;;;
7.781996;11185366;8;;;;;;;;;;;;;;
7.784496;11187866;17;;;;;;;;11188885;-437.072;-361.713;805.064;-2302.586;-4595.216;-2817.671
7.786996;11190366;9;11189323;441.578;200.722;874.965;5685.067;-1000.414;-8498.847;;;;;;;
7.789496;11192866;7;;;;;;;;;;;;;;
7.791996;11195366;8;;;;;;;;;;;;;;
7.794496;11197866;7;;;;;;;;;;;;;;
7.796996;11200366;8;;;;;;;;;;;;;;
7.805151;11208521;9;;;;;;;;;;;;;;
7.809163;11212533;8;11212584;435.53;208.675;875.46;3124.501;-806.018;-6690.092;11212146;-429.504;-361.824;807.376;-8978.77;-5414.58;-2529.787
7.811663;11215033;19;;;;;;;;;;;;;;
7.812652;11216022;10;;;;;;;;;;;;;;
7.814163;11217533;9;;;;;;;;;;;;;;
7.815152;11218522;9;;;;;;;;;;;;;;
7.816663;11220033;16;;;;;;;;;;;;;;
7.817652;11221022;18;;;;;;;;;;;;;;
7.819163;11222533;8;;;;;;;;;;;;;;
7.820152;11223522;9;;;;;;;;;;;;;;
7.822652;11226022;9;;;;;;;;;;;;;;
7.825152;11228522;18;;;;;;;;;;;;;;
7.827652;11231022;16;;;;;;;;;;;;;;
7.83633;11239700;9;;;;;;;;;;;;;;
7.83883;11242200;16;11241746;431.077;203.664;872.776;2454.651;450.532;-3577.024;11241307;-430.197;-369.249;809.354;-14182.331;-6426.164;-2636.485
7.84133;11244700;17;;;;;;;;;;;;;;
7.843787;11247157;17;;;;;;;;;;;;;;
7.84383;11247200;9;;;;;;;;;;;;;;
7.846287;11249657;9;;;;;;;;;;;;;;
7.84633;11249700;16;;;;;;;;;;;;;;
7.848787;11252157;8;;;;;;;;;;;;;;
7.84883;11252200;8;;;;;;;;;;;;;;
7.851287;11254657;16;;;;;;;;;;;;;;
7.853787;11257157;8;;;;;;;;;;;;;;
7.856287;11259657;16;;;;;;;;;;;;;;
7.863561;11266931;18;;;;;;;;;;;;;;
7.866061;11269431;8;;;;;;;;11270475;-429.695;-378.133;806.114;-19119.152;-7069.98;-3306.599
7.868561;11271931;10;11270913;425.029;212.647;870.764;2639.918;1058.443;-1732.173;;;;;;;
7.871061;11274431;7;;;;;;;;;;;;;;
7.873561;11276931;16;;;;;;;;;;;;;;
7.875016;11278386;18;;;;;;;;;;;;;;
7.876061;11279431;17;;;;;;;;;;;;;;
7.877516;11280886;18;;;;;;;;;;;;;;
7.878561;11281931;7;;;;;;;;;;;;;;
7.880016;11283386;17;;;;;;;;;;;;;;
7.882516;11285886;17;;;;;;;;;;;;;;
7.885016;11288386;16;;;;;;;;;;;;;;
7.887516;11290886;7;;;;;;;;;;;;;;
7.898441;11301811;;11301811;426.47;211.64;871.347;959.172;1813.146;1078.748;11301372;-425.144;-386.755;800.646;-24750.633;-7951.106;-4343.956
7.902778;11306148;20;;;;;;;;;;;;;;
7.905278;11308648;10;;;;;;;;;;;;;;
7.906505;11309875;16;;;;;;;;;;;;;;
7.907778;11311148;9;;;;;;;;;;;;;;
7.909005;11312375;16;;;;;;;;;;;;;;
7.911505;11314875;9;;;;;;;;;;;;;;
7.914005;11317375;17;;;;;;;;;;;;;;
7.918417;11321787;18;;;;;;;;;;;;;;
7.920917;11324287;9;11323856;422.983;211.691;871.98;1741.151;2395.364;3517.686;11323417;-422.528;-393.922;797.091;-29817.914;-7970.926;-5695.633
7.923417;11326787;16;;;;;;;;;;;;;;
7.925902;11329272;8;;;;;;;;;;;;;;
7.925917;11329287;8;;;;;;;;;;;;;;
7.928402;11331772;18;;;;;;;;;;;;;;
7.928417;11331787;9;;;;;;;;;;;;;;
7.930902;11334272;16;;;;;;;;;;;;;;
7.930917;11334287;10;;;;;;;;;;;;;;
7.933402;11336772;9;;;;;;;;;;;;;;
7.935902;11339272;16;;;;;;;;;;;;;;
7.938402;11341772;9;;;;;;;;;;;;;;
7.945501;11348871;9;;;;;;;;;;;;;;
7.948001;11351371;9;;;;;;;;11352583;-425.924;-411.796;791.592;-33860.516;-7741.255;-7181.414
7.950501;11353871;11;11353029;414.692;218.821;876.461;916.906;2731.033;5552.051;;;;;;;
7.953001;11356371;9;;;;;;;;;;;;;;
7.955501;11358871;18;;;;;;;;;;;;;;
7.956775;11360145;16;;;;;;;;;;;;;;
7.958001;11361371;8;;;;;;;;;;;;;;
7.959275;11362645;9;;;;;;;;;;;;;;
7.960501;11363871;9;;;;;;;;;;;;;;
7.961775;11365145;17;;;;;;;;;;;;;;
7.964275;11367645;17;;;;;;;;;;;;;;
7.966775;11370145;18;;;;;;;;;;;;;;
7.969275;11372645;9;;;;;;;;;;;;;;
7.976568;11379938;8;;;;;;;;;;;;;;
7.979068;11382438;9;11383487;409.171;219.39;877.876;-182.877;3055.606;7545.511;11383048;-423.593;-424.201;785.081;-36304.055;-7338.004;-8897.844
7.981568;11384938;9;;;;;;;;;;;;;;
7.984068;11387438;8;;;;;;;;;;;;;;
7.986568;11389938;17;;;;;;;;;;;;;;
7.989068;11392438;8;;;;;;;;;;;;;;
7.991568;11394938;8;;;;;;;;;;;;;;
7.991739;11395109;18;;;;;;;;;;;;;;
7.994239;11397609;18;;;;;;;;;;;;;;
7.996739;11400109;9;;;;;;;;;;;;;;
7.999239;11402609;17;;;;;;;;;;;;;;
7.999781;11403151;16;;;;;;;;;;;;;;
8.002281;11405651;8;;;;;;;;;;;;;;
8.004781;11408151;17;;;;;;;;;;;;;;
8.007281;11410651;9;11411090;406.409;220.663;884.996;-2355.545;2803.076;8800.11;11410652;-421.219;-439.762;782.591;-37172.914;-6816.229;-9306.514
8.009781;11413151;17;;;;;;;;;;;;;;
8.012281;11415651;18;;;;;;;;;;;;;;
8.014781;11418151;9;;;;;;;;;;;;;;
8.017281;11420651;8;;;;;;;;;;;;;;
8.027292;11430662;9;;;;;;;;;;;;;;
8.029792;11433162;17;;;;;;;;11434176;-418.166;-453.062;771.772;-36756.27;-6836.792;-9379.312
8.032292;11435662;16;11434611;407.451;220.299;885.033;-5326.518;2269.61;9968.792;;;;;;;
8.034792;11438162;17;;;;;;;;;;;;;;
8.035122;11438492;8;;;;;;;;;;;;;;
8.037292;11440662;8;;;;;;;;;;;;;;
8.037622;11440992;9;;;;;;;;;;;;;;
8.039792;11443162;16;;;;;;;;;;;;;;
8.040122;11443492;17;;;;;;;;;;;;;;
8.042292;11445662;16;;;;;;;;;;;;;;
8.042622;11445992;17;;;;;;;;;;;;;;
8.045122;11448492;17;;;;;;;;;;;;;;
8.047622;11450992;17;;;;;;;;;;;;;;
8.050122;11453492;9;;;;;;;;;;;;;;
8.052622;11455992;9;11456835;410.429;213.53;887.909;-7585.004;1469.692;10816.103;11456397;-411.208;-462.849;761.146;-35560.27;-6447.703;-8503.472
8.055122;11458492;17;;;;;;;;;;;;;;
8.057622;11460992;20;;;;;;;;;;;;;;
8.060122;11463492;10;;;;;;;;;;;;;;
8.062622;11465992;17;;;;;;;;;;;;;;
8.065122;11468492;8;;;;;;;;;;;;;;
8.066403;11469773;10;;;;;;;;;;;;;;
8.068903;11472273;8;;;;;;;;;;;;;;
8.071403;11474773;9;;;;;;;;;;;;;;
8.073903;11477273;16;;;;;;;;;;;;;;
8.076403;11479773;17;;;;;;;;;;;;;;
8.078903;11482273;10;;;;;;;;;;;;;;
8.081403;11484773;8;;;;;;;;;;;;;;
8.083903;11487273;9;11487727;413.508;209.533;889.831;-8128.441;875.582;11208.484;11487292;-406.733;-477.789;750.349;-33235.379;-6404.005;-7732.235
8.086403;11489773;9;;;;;;;;;;;;;;
8.088903;11492273;16;;;;;;;;;;;;;;
8.091403;11494773;7;;;;;;;;;;;;;;
8.093903;11497273;9;;;;;;;;;;;;;;
8.109548;11512918;10;;;;;;;;;;;;;;
8.112048;11515418;9;;;;;;;;11516462;-402.482;-493.934;737.396;-30223.484;-6732.617;-7290.936
8.114548;11517918;9;11516900;422.631;201.435;889.302;-8141.144;-23.072;10593.372;;;;;;;
8.117048;11520418;16;;;;;;;;;;;;;;
8.119548;11522918;7;;;;;;;;;;;;;;
8.120909;11524279;9;;;;;;;;;;;;;;
8.122048;11525418;8;;;;;;;;;;;;;;
8.123409;11526779;18;;;;;;;;;;;;;;
8.124548;11527918;17;;;;;;;;;;;;;;
8.125909;11529279;18;;;;;;;;;;;;;;
8.128409;11531779;8;;;;;;;;;;;;;;
8.130909;11534279;8;;;;;;;;;;;;;;
8.133409;11536779;9;;;;;;;;;;;;;;
8.14067;11544040;10;;;;;;;;;;;;;;
8.14317;11546540;10;11547446;434.214;194.584;884.097;-6880.524;-610.793;9477.891;11547007;-398.023;-509.222;721.468;-27255.873;-7440.736;-7225.639
8.14567;11549040;17;;;;;;;;;;;;;;
8.14817;11551540;17;;;;;;;;;;;;;;
8.15067;11554040;8;;;;;;;;;;;;;;
8.15205;11555420;9;;;;;;;;;;;;;;
8.15317;11556540;8;;;;;;;;;;;;;;
8.15455;11557920;9;;;;;;;;;;;;;;
8.15567;11559040;8;;;;;;;;;;;;;;
8.15705;11560420;9;;;;;;;;;;;;;;
8.15955;11562920;9;;;;;;;;;;;;;;
8.16205;11565420;8;;;;;;;;;;;;;;
8.16455;11567920;9;;;;;;;;;;;;;;
8.171565;11574935;17;;;;;;;;;;;;;;
8.174065;11577435;10;11577910;443.918;188.552;879.78;-6756.123;-923.691;8422.559;11577472;-394.006;-522.917;710.484;-25209.703;-8232.012;-7355.232
8.176565;11579935;8;;;;;;;;;;;;;;
8.178954;11582324;16;;;;;;;;;;;;;;
8.179065;11582435;9;;;;;;;;;;;;;;
8.181454;11584824;17;;;;;;;;;;;;;;
8.181565;11584935;8;;;;;;;;;;;;;;
8.183954;11587324;17;;;;;;;;;;;;;;
8.184065;11587435;8;;;;;;;;;;;;;;
8.186454;11589824;16;;;;;;;;;;;;;;
8.188954;11592324;9;;;;;;;;;;;;;;
8.191454;11594824;9;;;;;;;;;;;;;;
8.193954;11597324;17;;;;;;;;;;;;;;
8.205267;11608637;;11608637;445.25;177.562;882.895;-7170.379;-887.569;7698.243;11608199;-387.708;-532.883;705.411;-23148.154;-8363.349;-7339.658
8.20665;11610020;7;;;;;;;;;;;;;;
8.20915;11612520;8;;;;;;;;;;;;;;
8.210262;11613632;9;;;;;;;;;;;;;;
8.21165;11615020;9;;;;;;;;;;;;;;
8.212762;11616132;18;;;;;;;;;;;;;;
8.21415;11617520;10;;;;;;;;;;;;;;
8.21478;11618150;10;;;;;;;;;;;;;;
8.215262;11618632;9;;;;;;;;;;;;;;
8.21665;11620020;10;;;;;;;;;;;;;;
8.217762;11621132;9;;;;;;;;;;;;;;
8.220262;11623632;17;;;;;;;;;;;;;;
8.222762;11626132;10;;;;;;;;;;;;;;
8.225262;11628632;9;;;;;;;;;;;;;;
8.233946;11637316;16;;;;;;;;;;;;;;
8.236446;11639816;17;11639274;443.691;177.041;881.219;-6050.173;-663.378;7736.394;11638836;-379.674;-540.039;700.841;-20572.809;-7995.931;-6536.05
8.238946;11642316;9;;;;;;;;;;;;;;
8.241446;11644816;18;;;;;;;;;;;;;;
8.241491;11644861;18;;;;;;;;;;;;;;
8.243946;11647316;17;;;;;;;;;;;;;;
8.243991;11647361;8;;;;;;;;;;;;;;
8.246446;11649816;9;;;;;;;;;;;;;;
8.246491;11649861;17;;;;;;;;;;;;;;
8.248991;11652361;16;;;;;;;;;;;;;;
8.251491;11654861;9;;;;;;;;;;;;;;
8.253991;11657361;10;;;;;;;;;;;;;;
8.261386;11664756;16;;;;;;;;;;;;;;
8.263886;11667256;16;;;;;;;;11668265;-374.007;-542.476;696.501;-17216.23;-8349.51;-5007.435
8.266386;11669756;8;11668704;448.346;176.839;879.412;-4709.914;-414.522;7472.949;;;;;;;
8.268886;11672256;7;;;;;;;;;;;;;;
8.271386;11674756;17;;;;;;;;;;;;;;
8.272806;11676176;16;;;;;;;;;;;;;;
8.273886;11677256;17;;;;;;;;;;;;;;
8.275306;11678676;16;;;;;;;;;;;;;;
8.276386;11679756;8;;;;;;;;;;;;;;
8.277806;11681176;18;;;;;;;;;;;;;;
8.280306;11683676;16;;;;;;;;;;;;;;
8.282806;11686176;8;;;;;;;;;;;;;;
8.285306;11688676;10;;;;;;;;;;;;;;
8.296232;11699602;;11699602;450.232;172.054;881.692;-2986.481;-19.296;7342.551;11699164;-370.38;-545.517;691.706;-13130.169;-9171.034;-3230.625
8.300661;11704031;8;;;;;;;;;;;;;;
8.303161;11706531;8;;;;;;;;;;;;;;
8.30411;11707480;9;;;;;;;;;;;;;;
8.304296;11707666;17;;;;;;;;;;;;;;
8.305661;11709031;11;;;;;;;;;;;;;;
8.30661;11709980;16;;;;;;;;;;;;;;
8.306796;11710166;17;;;;;;;;;;;;;;
8.30911;11712480;16;;;;;;;;;;;;;;
8.309296;11712666;10;;;;;;;;;;;;;;
8.31161;11714980;10;;;;;;;;;;;;;;
8.311796;11715166;8;;;;;;;;;;;;;;
8.31411;11717480;10;;;;;;;;;;;;;;
8.31661;11719980;20;;;;;;;;;;;;;;
8.323991;11727361;8;;;;;;;;;;;;;;
8.326491;11729861;8;11730414;449.296;172.204;881.735;-2256.594;1025.107;6705.049;11729976;-374.016;-553.999;682.582;-9336.785;-9953.232;-2232.157
8.328991;11732361;9;;;;;;;;;;;;;;
8.331491;11734861;9;;;;;;;;;;;;;;
8.333991;11737361;18;;;;;;;;;;;;;;
8.336491;11739861;8;;;;;;;;;;;;;;
8.343387;11746757;10;;;;;;;;;;;;;;
8.345887;11749257;8;;;;;;;;;;;;;;
8.348387;11751757;17;11752519;451.573;174.629;889.101;-2473.64;1999.351;5389.359;11752081;-370.114;-561.472;679.191;-7282.258;-8960.758;-1743.861
8.350887;11754257;17;;;;;;;;;;;;;;
8.353387;11756757;10;;;;;;;;;;;;;;
8.355887;11759257;10;;;;;;;;;;;;;;
8.358387;11761757;8;;;;;;;;;;;;;;
8.366695;11770065;17;;;;;;;;;;;;;;
8.369195;11772565;9;11772947;462.135;188.864;877.83;492.042;596.071;3321.766;11772507;-373.275;-566.57;696.307;-5013.27;-7822.782;-1466.793
8.371695;11775065;10;;;;;;;;;;;;;;
8.374195;11777565;8;;;;;;;;;;;;;;
8.374226;11777596;8;;;;;;;;;;;;;;
8.376695;11780065;19;;;;;;;;;;;;;;
8.376726;11780096;10;;;;;;;;;;;;;;
8.379195;11782565;9;;;;;;;;;;;;;;
8.379226;11782596;8;;;;;;;;;;;;;;
8.381726;11785096;16;;;;;;;;;;;;;;
8.384226;11787596;16;;;;;;;;;;;;;;
8.386726;11790096;8;;;;;;;;;;;;;;
8.389226;11792596;9;;;;;;;;;;;;;;
8.397159;11800529;9;;;;;;;;;;;;;;
8.399659;11803029;9;11803233;463.142;190.376;877.011;93.378;573.705;1370.678;11802795;-369.843;-569.199;696.615;-1855.856;-6915.393;-1682.641
8.401392;11804762;9;;;;;;;;;;;;;;
8.402159;11805529;18;;;;;;;;;;;;;;
8.403892;11807262;18;;;;;;;;;;;;;;
8.404659;11808029;10;;;;;;;;;;;;;;
8.406392;11809762;17;;;;;;;;;;;;;;
8.407159;11810529;18;;;;;;;;;;;;;;
8.408892;11812262;16;;;;;;;;;;;;;;
8.409659;11813029;17;;;;;;;;;;;;;;
8.412159;11815529;9;;;;;;;;;;;;;;
8.414659;11818029;9;;;;;;;;;;;;;;
8.424378;11827748;10;;;;;;;;;;;;;;
8.426878;11830248;9;;;;;;;;;;;;;;
8.429378;11832748;17;11832141;463.024;190.264;879.655;-611.291;141.207;-851.231;11831702;-365.509;-570.696;696.731;-35.814;-5416.374;-1520.634
8.431878;11835248;18;;;;;;;;;;;;;;
8.432128;11835498;8;;;;;;;;;;;;;;
8.434378;11837748;10;;;;;;;;;;;;;;
8.434628;11837998;16;;;;;;;;;;;;;;
8.436878;11840248;16;;;;;;;;;;;;;;
8.437128;11840498;16;;;;;;;;;;;;;;
8.439378;11842748;17;;;;;;;;;;;;;;
8.439628;11842998;8;;;;;;;;;;;;;;
8.442128;11845498;8;;;;;;;;;;;;;;
8.444628;11847998;8;;;;;;;;;;;;;;
8.447128;11850498;7;;;;;;;;;;;;;;
8.449628;11852998;8;11854022;460.894;187.375;880.47;-3151.039;-631.916;-2693.857;11853579;-364.625;-568.666;698.665;1849.852;-3662.43;-1189.977
8.452128;11855498;18;;;;;;;;;;;;;;
8.454628;11857998;18;;;;;;;;;;;;;;
8.457128;11860498;9;;;;;;;;;;;;;;
8.459628;11862998;16;;;;;;;;;;;;;;
8.462128;11865498;16;;;;;;;;;;;;;;
8.478905;11882275;9;;;;;;;;;;;;;;
8.481405;11884775;18;11884567;457.991;182.295;879.415;-5533.175;-1306.445;-4893.227;11884128;-364.816;-565.761;710.293;5280.984;89.817;-654.916
8.483905;11887275;8;;;;;;;;;;;;;;
8.486174;11889544;16;;;;;;;;;;;;;;
8.486405;11889775;8;;;;;;;;;;;;;;
8.488674;11892044;17;;;;;;;;;;;;;;
8.488905;11892275;9;;;;;;;;;;;;;;
8.491174;11894544;10;;;;;;;;;;;;;;
8.491405;11894775;9;;;;;;;;;;;;;;
8.493674;11897044;9;;;;;;;;;;;;;;
8.496174;11899544;9;;;;;;;;;;;;;;
8.498674;11902044;16;;;;;;;;;;;;;;
8.505692;11909062;9;;;;;;;;;;;;;;
8.508192;11911562;18;;;;;;;;;;;;;;
8.510692;11914062;9;11913385;453.538;177.743;882.817;-5785.454;-1955.998;-6741.565;11912945;-366.625;-565.24;713.996;8612.311;837.389;833.83
8.513192;11916562;8;;;;;;;;;;;;;;
8.515692;11919062;16;;;;;;;;;;;;;;
8.51705;11920420;7;;;;;;;;;;;;;;
8.518192;11921562;8;;;;;;;;;;;;;;
8.51955;11922920;18;;;;;;;;;;;;;;
8.520692;11924062;18;;;;;;;;;;;;;;
8.52205;11925420;17;;;;;;;;;;;;;;
8.52455;11927920;17;;;;;;;;;;;;;;
8.52705;11930420;16;;;;;;;;;;;;;;
8.52955;11932920;9;;;;;;;;;;;;;;
8.53684;11940210;8;;;;;;;;;;;;;;
8.53934;11942710;16;11943761;455.078;167.648;885.616;-2940.306;-1927.323;-7566.924;11943322;-366.527;-567.094;720.587;10311.445;3222.332;1663.638
8.54184;11945210;8;;;;;;;;;;;;;;
8.54434;11947710;8;;;;;;;;;;;;;;
8.54684;11950210;10;;;;;;;;;;;;;;
8.548191;11951561;17;;;;;;;;;;;;;;
8.54934;11952710;10;;;;;;;;;;;;;;
8.550691;11954061;10;;;;;;;;;;;;;;
8.55184;11955210;9;;;;;;;;;;;;;;
8.553191;11956561;17;;;;;;;;;;;;;;
8.555691;11959061;10;;;;;;;;;;;;;;
8.558191;11961561;9;;;;;;;;;;;;;;
8.560691;11964061;9;;;;;;;;;;;;;;
8.567903;11971273;16;;;;;;;;;;;;;;
8.570403;11973773;8;11974399;453.961;169.794;884.139;-413.29;-1637.144;-9339.766;11973960;-373.052;-563.456;725.946;13689.623;4694.84;1400.644
8.572903;11976273;17;;;;;;;;;;;;;;
8.575403;11978773;8;;;;;;;;;;;;;;
8.575443;11978813;8;;;;;;;;;;;;;;
8.577903;11981273;10;;;;;;;;;;;;;;
8.577943;11981313;16;;;;;;;;;;;;;;
8.580403;11983773;17;;;;;;;;;;;;;;
8.580443;11983813;9;;;;;;;;;;;;;;
8.582943;11986313;8;;;;;;;;;;;;;;
8.585443;11988813;9;;;;;;;;;;;;;;
8.587943;11991313;10;;;;;;;;;;;;;;
8.590443;11993813;18;;;;;;;;;;;;;;
8.601143;12004513;;;;;;;;;12004513;-375.231;-559.568;729.11;15303.329;4871.785;359.362
8.602791;12006161;17;12004952;458.853;166.068;881.198;-795.563;-1924.974;-10587.34;;;;;;;
8.605291;12008661;8;;;;;;;;;;;;;;
8.606577;12009947;17;;;;;;;;;;;;;;
8.607791;12011161;16;;;;;;;;;;;;;;
8.609077;12012447;8;;;;;;;;;;;;;;
8.610291;12013661;10;;;;;;;;;;;;;;
8.610957;12014327;10;;;;;;;;;;;;;;
8.611577;12014947;17;;;;;;;;;;;;;;
8.612791;12016161;10;;;;;;;;;;;;;;
8.614077;12017447;10;;;;;;;;;;;;;;
8.616577;12019947;8;;;;;;;;;;;;;;
8.619077;12022447;9;;;;;;;;;;;;;;
8.621577;12024947;8;;;;;;;;;;;;;;
8.630177;12033547;16;;;;;;;;;;;;;;
8.632677;12036047;17;12035589;457.785;165.152;882.992;-156.41;-1991.475;-11643.473;12035150;-377.118;-549.938;731.45;16273.287;4584.883;-380.919
8.635177;12038547;8;;;;;;;;;;;;;;
8.637677;12041047;7;;;;;;;;;;;;;;
8.638929;12042299;8;;;;;;;;;;;;;;
8.640177;12043547;10;;;;;;;;;;;;;;
8.641429;12044799;9;;;;;;;;;;;;;;
8.642677;12046047;18;;;;;;;;;;;;;;
8.643929;12047299;17;;;;;;;;;;;;;;
8.646429;12049799;17;;;;;;;;;;;;;;
8.648929;12052299;8;;;;;;;;;;;;;;
8.651429;12054799;16;;;;;;;;;;;;;;
8.65744;12060810;16;;;;;;;;;;;;;;
8.65994;12063310;8;;;;;;;;12064406;-379.795;-542.98;735.833;16581.811;4328.077;-1006.748
8.66244;12065810;18;12064844;455.727;165.392;883.043;803.41;-2134.714;-12306.861;;;;;;;
8.66494;12068310;17;;;;;;;;;;;;;;
8.66744;12070810;16;;;;;;;;;;;;;;
8.66994;12073310;17;;;;;;;;;;;;;;
8.67244;12075810;9;;;;;;;;;;;;;;
8.681144;12084514;9;;;;;;;;;;;;;;
8.683644;12087014;17;12086980;452.778;167.016;885.586;1520.99;-2182.416;-12556.456;12086541;-383.131;-534.344;740.924;16837.281;4357.548;-1354.535
8.686144;12089514;9;;;;;;;;;;;;;;
8.688644;12092014;8;;;;;;;;;;;;;;
8.691144;12094514;18;;;;;;;;;;;;;;
8.693644;12097014;16;;;;;;;;;;;;;;
8.696565;12099935;10;;;;;;;;;;;;;;
8.696594;12099964;17;;;;;;;;;;;;;;
8.699065;12102435;17;;;;;;;;;;;;;;
8.699094;12102464;9;;;;;;;;;;;;;;
8.701565;12104935;17;;;;;;;;;;;;;;
8.701594;12104964;9;;;;;;;;;;;;;;
8.704065;12107435;17;;;;;;;;;;;;;;
8.706565;12109935;9;;;;;;;;;;;;;;
8.709065;12112435;8;12111887;451.001;172.744;885.581;2110.815;-2226.42;-12643.508;12111448;-383.836;-528.282;742.918;16463.105;4442.858;-1600.059
8.711565;12114935;17;;;;;;;;;;;;;;
8.714065;12117435;19;;;;;;;;;;;;;;
8.716565;12119935;8;;;;;;;;;;;;;;
8.719065;12122435;8;;;;;;;;;;;;;;
8.732037;12135407;9;;;;;;;;;;;;;;
8.734537;12137907;8;12138368;448.215;169.573;886.759;1807.525;-2175.474;-12279.52;12137925;-385.153;-523.492;747.734;15891.513;4603.527;-1623.306
8.737037;12140407;9;;;;;;;;;;;;;;
8.739313;12142683;16;;;;;;;;;;;;;;
8.739537;12142907;8;;;;;;;;;;;;;;
8.741813;12145183;9;;;;;;;;;;;;;;
8.742037;12145407;8;;;;;;;;;;;;;;
8.744313;12147683;10;;;;;;;;;;;;;;
8.744537;12147907;10;;;;;;;;;;;;;;
8.746813;12150183;7;;;;;;;;;;;;;;
8.749313;12152683;17;;;;;;;;;;;;;;
8.751813;12155183;16;;;;;;;;;;;;;;
8.754313;12157683;18;;;;;;;;;;;;;;
8.763153;12166523;18;;;;;;;;;;;;;;
8.765653;12169023;9;12168998;448.57;170.83;886.073;2056.211;-2090.763;-11910.543;12168559;-388.477;-516.459;752.029;15221.187;4844.101;-1495.765
8.768153;12171523;9;;;;;;;;;;;;;;
8.770631;12174001;9;;;;;;;;;;;;;;
8.770653;12174023;9;;;;;;;;;;;;;;
8.773131;12176501;17;;;;;;;;;;;;;;
8.773153;12176523;16;;;;;;;;;;;;;;
8.775631;12179001;9;;;;;;;;;;;;;;
8.775653;12179023;16;;;;;;;;;;;;;;
8.778131;12181501;16;;;;;;;;;;;;;;
8.780631;12184001;18;;;;;;;;;;;;;;
8.783131;12186501;16;;;;;;;;;;;;;;
8.785631;12189001;17;;;;;;;;;;;;;;
8.794081;12197451;7;;;;;;;;;;;;;;
8.796581;12199951;16;12199810;448.4;173.195;885.957;1994.525;-2023.412;-11504.453;12199371;-390.69;-511.059;754.98;14584.814;4849.958;-1571.477
8.798466;12201836;8;;;;;;;;;;;;;;
8.799081;12202451;8;;;;;;;;;;;;;;
8.800966;12204336;8;;;;;;;;;;;;;;
8.801581;12204951;9;;;;;;;;;;;;;;
8.803466;12206836;10;;;;;;;;;;;;;;
8.804081;12207451;18;;;;;;;;;;;;;;
8.805966;12209336;17;;;;;;;;;;;;;;
8.806581;12209951;9;;;;;;;;;;;;;;
8.809081;12212451;10;;;;;;;;;;;;;;
8.811581;12214951;8;;;;;;;;;;;;;;
8.821643;12225013;16;;;;;;;;;;;;;;
8.824143;12227513;8;;;;;;;;12228537;-391.664;-505.819;759.181;13772.011;4629.335;-1660.466
8.826643;12230013;16;12228976;448.19;177.339;885.964;1917.112;-1886.804;-10961.605;;;;;;;
8.829143;12232513;9;;;;;;;;;;;;;;
8.831643;12235013;17;;;;;;;;;;;;;;
8.832993;12236363;18;;;;;;;;;;;;;;
8.834143;12237513;9;;;;;;;;;;;;;;
8.835493;12238863;16;;;;;;;;;;;;;;
8.836643;12240013;9;;;;;;;;;;;;;;
8.837993;12241363;18;;;;;;;;;;;;;;
8.840493;12243863;9;;;;;;;;;;;;;;
8.842993;12246363;7;;;;;;;;;;;;;;
8.845493;12248863;18;;;;;;;;;;;;;;
8.85289;12256260;16;;;;;;;;;;;;;;
8.85539;12258760;8;12259702;448.564;180.154;885.604;1686.068;-1678.276;-10550.463;12259264;-394.102;-502.946;762.305;12651.16;4708.931;-1543.755
8.85789;12261260;18;;;;;;;;;;;;;;
8.86039;12263760;9;;;;;;;;;;;;;;
8.86289;12266260;8;;;;;;;;;;;;;;
8.864216;12267586;9;;;;;;;;;;;;;;
8.86539;12268760;9;;;;;;;;;;;;;;
8.866716;12270086;9;;;;;;;;;;;;;;
8.86789;12271260;16;;;;;;;;;;;;;;
8.869216;12272586;8;;;;;;;;;;;;;;
8.871716;12275086;19;;;;;;;;;;;;;;
8.874216;12277586;17;;;;;;;;;;;;;;
8.876716;12280086;17;;;;;;;;;;;;;;
8.884007;12287377;10;;;;;;;;;;;;;;
8.886507;12289877;8;12290341;447.87;182.956;884.652;1409.703;-1496.363;-10016.814;12289902;-394.453;-500.887;768.037;11362.352;4800.734;-1252.63
8.889007;12292377;9;;;;;;;;;;;;;;
8.891507;12294877;17;;;;;;;;;;;;;;
8.894007;12297377;8;;;;;;;;;;;;;;
8.896507;12299877;8;;;;;;;;;;;;;;
8.903297;12306667;16;;;;;;;;;;;;;;
8.905797;12309167;16;;;;;;;;;;;;;;
8.908297;12311667;10;12312535;448.645;186.514;884.596;960.342;-1396.607;-9625.786;12312097;-395.538;-497.912;770.517;10059.233;4992.51;-823.373
8.910797;12314167;16;;;;;;;;;;;;;;
8.913297;12316667;16;;;;;;;;;;;;;;
8.915797;12319167;18;;;;;;;;;;;;;;
8.918297;12321667;9;;;;;;;;;;;;;;
8.9268;12330170;18;;;;;;;;;;;;;;
8.9293;12332670;9;12332961;446.635;186.674;884.011;149.325;-1353.464;-9094.622;12332521;-398.758;-493.226;774.429;8054.771;5470.01;-197.267
8.9318;12335170;9;;;;;;;;;;;;;;
8.934241;12337611;16;;;;;;;;;;;;;;
8.9343;12337670;9;;;;;;;;;;;;;;
8.936741;12340111;16;;;;;;;;;;;;;;
8.9368;12340170;17;;;;;;;;;;;;;;
8.939241;12342611;18;;;;;;;;;;;;;;
8.9393;12342670;18;;;;;;;;;;;;;;
8.941741;12345111;10;;;;;;;;;;;;;;
8.944241;12347611;8;;;;;;;;;;;;;;
8.946741;12350111;8;;;;;;;;;;;;;;
8.949241;12352611;17;;;;;;;;;;;;;;
8.957554;12360924;18;;;;;;;;;;;;;;
8.960054;12363424;9;12363422;447.355;200.563;884.756;654.172;-923.978;-8200.641;12362983;-397.425;-494.746;777.37;4730.845;6024.259;710.346
8.962554;12365924;18;;;;;;;;;;;;;;
8.965029;12368399;8;;;;;;;;;;;;;;
8.965054;12368424;11;;;;;;;;;;;;;;
8.967529;12370899;11;;;;;;;;;;;;;;
8.967554;12370924;9;;;;;;;;;;;;;;
8.970029;12373399;8;;;;;;;;;;;;;;
8.970054;12373424;9;;;;;;;;;;;;;;
8.972529;12375899;17;;;;;;;;;;;;;;
8.975029;12378399;9;;;;;;;;;;;;;;
8.977529;12380899;17;;;;;;;;;;;;;;
8.984297;12387667;18;;;;;;;;;;;;;;
8.986797;12390167;9;;;;;;;;;;;;;;
8.989297;12392667;8;12392155;452.193;197.959;894.924;421.963;-934.654;-7538.608;12391717;-401.777;-489.358;776.419;761.115;7585.484;1249.266
8.991797;12395167;9;;;;;;;;;;;;;;
8.994297;12397667;8;;;;;;;;;;;;;;
8.99531;12398680;18;;;;;;;;;;;;;;
8.996797;12400167;9;;;;;;;;;;;;;;
8.99781;12401180;17;;;;;;;;;;;;;;
8.999297;12402667;8;;;;;;;;;;;;;;
9.00031;12403680;9;;;;;;;;;;;;;;
9.00281;12406180;8;;;;;;;;;;;;;;
9.00531;12408680;8;;;;;;;;;;;;;;
9.007465;12410835;8;;;;;;;;;;;;;;
9.00781;12411180;10;;;;;;;;;;;;;;
9.01031;12413680;10;12414895;448.841;202.188;892.402;-13.01;-1004.734;-6267.428;12414456;-407.21;-485.264;782.061;-3135.253;8481.959;2196.116
9.01281;12416180;10;;;;;;;;;;;;;;
9.01531;12418680;16;;;;;;;;;;;;;;
9.01781;12421180;16;;;;;;;;;;;;;;
9.02031;12423680;16;;;;;;;;;;;;;;
9.02281;12426180;9;;;;;;;;;;;;;;
9.038487;12441857;9;;;;;;;;;;;;;;
9.040987;12444357;8;12444055;444.584;200.289;888.615;738.828;-1533.748;-5013.869;12443620;-411.195;-486.169;779.93;-7402.928;8406.986;3013.372
9.043487;12446857;9;;;;;;;;;;;;;;
9.045927;12449297;16;;;;;;;;;;;;;;
9.045987;12449357;17;;;;;;;;;;;;;;
9.048427;12451797;10;;;;;;;;;;;;;;
9.048487;12451857;16;;;;;;;;;;;;;;
9.050927;12454297;8;;;;;;;;;;;;;;
9.050987;12454357;10;;;;;;;;;;;;;;
9.053427;12456797;8;;;;;;;;;;;;;;
9.055927;12459297;18;;;;;;;;;;;;;;
9.058427;12461797;11;;;;;;;;;;;;;;
9.065701;12469071;18;;;;;;;;;;;;;;
9.068201;12471571;16;;;;;;;;12472698;-408.874;-490.921;776.655;-12485.344;8089.887;3420.516
9.070701;12474071;18;12473137;446.535;196.039;893.698;-3859.051;-987.185;-2392.8;;;;;;;
9.073201;12476571;28;;;;;;;;;;;;;;
9.075701;12479071;16;;;;;;;;;;;;;;
9.078201;12481571;16;;;;;;;;;;;;;;
9.080701;12484071;18;;;;;;;;;;;;;;
9.081431;12484801;19;;;;;;;;;;;;;;
9.083931;12487301;17;;;;;;;;;;;;;;
9.086431;12489801;17;;;;;;;;;;;;;;
9.088931;12492301;8;;;;;;;;;;;;;;
9.091431;12494801;170;12495441;442.978;190.825;895.111;-2223.223;-547.576;-235.723;12495006;-413.239;-496.387;772.892;-17962.451;7887.955;2475.99
9.093931;12497301;17;;;;;;;;;;;;;;
9.096431;12499801;16;;;;;;;;;;;;;;
9.098931;12502301;9;;;;;;;;;;;;;;
9.101431;12504801;16;;;;;;;;;;;;;;
9.104871;12508241;8;;;;;;;;;;;;;;
9.107371;12510741;17;;;;;;;;;;;;;;
9.109871;12513241;17;;;;;;;;;;;;;;
9.112371;12515741;345;;;;;;;;;;;;;;
9.114871;12518241;79;;;;;;;;;;;;;;
9.117371;12520741;9;12520534;442.545;190.934;892.03;-1180.187;-31.51;1192.688;12520095;-416.166;-504.569;765.924;-24902.578;6589.682;927.691
9.119871;12523241;16;;;;;;;;;;;;;;
9.122371;12525741;10;;;;;;;;;;;;;;
9.124196;12527566;17;;;;;;;;;;;;;;
9.124871;12528241;17;;;;;;;;;;;;;;
9.126696;12530066;574;;;;;;;;;;;;;;
9.127371;12530741;9;;;;;;;;;;;;;;
9.129196;12532566;362;;;;;;;;;;;;;;
9.131696;12535066;22;;;;;;;;;;;;;;
9.134196;12537566;8;;;;;;;;;;;;;;
9.136696;12540066;7;;;;;;;;;;;;;;
9.139196;12542566;9;;;;;;;;;;;;;;
9.141696;12545066;9;;;;;;;;;;;;;;
9.144196;12547566;9;12546824;440.81;191.257;901.17;-762.428;728.691;3372.179;12546389;-413.871;-510.7;756.109;-31451.074;5404.01;-697.194
9.146696;12550066;908;;;;;;;;;;;;;;
9.149196;12552566;733;;;;;;;;;;;;;;
9.151696;12555066;380;;;;;;;;;;;;;;
9.154196;12557566;56;;;;;;;;;;;;;;
9.155729;12559099;19;;;;;;;;;;;;;;
9.158229;12561599;17;;;;;;;;;;;;;;
9.160729;12564099;9;;;;;;;;;;;;;;
9.163229;12566599;8;;;;;;;;;;;;;;
9.165729;12569099;991;;;;;;;;;;;;;;
9.168229;12571599;889;;;;;;;;;;;;;;
9.170729;12574099;534;;;;;;;;;;;;;;
9.173229;12576599;206;12577730;439.174;195.779;902.008;-1726.181;984.944;5403.32;12577292;-416.046;-523.644;747.62;-36262.52;6255.997;-2190.522
9.175729;12579099;17;;;;;;;;;;;;;;
9.178229;12581599;10;;;;;;;;;;;;;;
9.180729;12584099;18;;;;;;;;;;;;;;
9.183229;12586599;8;;;;;;;;;;;;;;
9.185729;12589099;1326;;;;;;;;;;;;;;
9.203765;12607135;21;;;;;;;;;;;;;;
9.206265;12609635;16;12609060;433.429;196.695;907.367;-4616.185;801.822;6862.592;12608624;-417.088;-533.733;736.371;-38271.832;6361.009;-3168.183
9.207555;12610925;1340;;;;;;;;;;;;;;
9.208765;12612135;8;;;;;;;;;;;;;;
9.210055;12613425;972;;;;;;;;;;;;;;
9.211265;12614635;1465;;;;;;;;;;;;;;
9.212555;12615925;636;;;;;;;;;;;;;;
9.213765;12617135;1515;;;;;;;;;;;;;;
9.215055;12618425;312;;;;;;;;;;;;;;
9.216193;12619563;172;;;;;;;;;;;;;;
9.216265;12619635;1134;;;;;;;;;;;;;;
9.218693;12622063;9;;;;;;;;;;;;;;
9.218765;12622135;795;;;;;;;;;;;;;;
9.221193;12624563;10;;;;;;;;;;;;;;
9.221265;12624635;475;;;;;;;;;;;;;;
9.223693;12627063;1209;;;;;;;;;;;;;;
9.226193;12629563;1160;;;;;;;;;;;;;;
9.228693;12632063;798;;;;;;;;;;;;;;
9.231193;12634563;476;;;;;;;;;;;;;;
9.233693;12637063;160;;;;;;;;;;;;;;
9.236193;12639563;17;12639701;434.096;194.211;909.92;-8535.5;-2.144;8107.149;12639263;-418.761;-547.873;726.448;-37710.988;5659.271;-3753.086
9.238693;12642063;9;;;;;;;;;;;;;;
9.241193;12644563;7;;;;;;;;;;;;;;
9.243693;12647063;955;;;;;;;;;;;;;;
9.246193;12649563;842;;;;;;;;;;;;;;
9.248559;12651929;504;;;;;;;;;;;;;;
9.251059;12654429;185;;;;;;;;;;;;;;
9.253559;12656929;17;;;;;;;;;;;;;;
9.256059;12659429;18;;;;;;;;;;;;;;
9.258559;12661929;8;;;;;;;;;;;;;;
9.261059;12664429;8;;;;;;;;;;;;;;
9.263559;12666929;728;;;;;;;;;;;;;;
9.266059;12669429;526;;;;;;;;;;;;;;
9.268559;12671929;202;12671294;436.828;184.812;907.758;-10388.1;-1192.037;8400.479;12670859;-419.795;-560.636;711.689;-35303.938;4331.995;-3935.12
9.271059;12674429;10;;;;;;;;;;;;;;
9.273559;12676929;7;;;;;;;;;;;;;;
9.276059;12679429;8;;;;;;;;;;;;;;
9.278559;12681929;8;;;;;;;;;;;;;;
9.296396;12699766;9;;;;;;;;;;;;;;
9.298896;12702266;460;12702630;440.783;178.304;904.991;-10592.757;-1708.623;7273.893;12702192;-421.516;-573.877;696.972;-32729.363;2977.021;-4529.801
9.301396;12704766;248;;;;;;;;;;;;;;
9.303896;12707266;18;;;;;;;;;;;;;;
9.304015;12707385;7;;;;;;;;;;;;;;
9.306396;12709766;9;;;;;;;;;;;;;;
9.306515;12709885;16;;;;;;;;;;;;;;
9.308896;12712266;8;;;;;;;;;;;;;;
9.309015;12712385;10;;;;;;;;;;;;;;
9.311515;12714885;231;;;;;;;;;;;;;;
9.31205;12715420;8;;;;;;;;;;;;;;
9.314015;12717385;8;;;;;;;;;;;;;;
9.31455;12717920;9;;;;;;;;;;;;;;
9.316515;12719885;16;;;;;;;;;;;;;;
9.31705;12720420;8;;;;;;;;;;;;;;
9.319015;12722385;17;;;;;;;;;;;;;;
9.31955;12722920;16;;;;;;;;;;;;;;
9.32205;12725420;59;;;;;;;;;;;;;;
9.32455;12727920;10;;;;;;;;;;;;;;
9.32705;12730420;8;;;;;;;;;;;;;;
9.32955;12732920;9;12733785;446.206;169.98;900.727;-11147.682;-2185.817;5242.886;12733347;-423.925;-584.516;677.417;-30133.02;1793.482;-4495.811
9.33205;12735420;9;;;;;;;;;;;;;;
9.33455;12737920;16;;;;;;;;;;;;;;
9.33705;12740420;17;;;;;;;;;;;;;;
9.33955;12742920;10;;;;;;;;;;;;;;
9.34205;12745420;9;;;;;;;;;;;;;;
9.359185;12762555;16;;;;;;;;;;;;;;
9.361685;12765055;16;12764519;458.385;154.973;888.228;-10884.298;-2552.963;4193.241;12764076;-423.17;-592.329;659.497;-27795.994;391.308;-4348.458
9.364185;12767555;7;;;;;;;;;;;;;;
9.366638;12770008;18;;;;;;;;;;;;;;
9.366685;12770055;8;;;;;;;;;;;;;;
9.369138;12772508;18;;;;;;;;;;;;;;
9.369185;12772555;8;;;;;;;;;;;;;;
9.371638;12775008;16;;;;;;;;;;;;;;
9.371685;12775055;16;;;;;;;;;;;;;;
9.374138;12777508;18;;;;;;;;;;;;;;
9.376638;12780008;9;;;;;;;;;;;;;;
9.379138;12782508;9;;;;;;;;;;;;;;
9.386532;12789902;9;;;;;;;;;;;;;;
9.389032;12792402;17;;;;;;;;12793411;-422.074;-598.398;639.582;-26167.318;-778.008;-3473.035
9.391532;12794902;8;12793850;466.93;143.418;881.71;-9663.271;-2677.753;3845.767;;;;;;;
9.394032;12797402;8;;;;;;;;;;;;;;
9.396532;12799902;9;;;;;;;;;;;;;;
9.39788;12801250;17;;;;;;;;;;;;;;
9.399032;12802402;9;;;;;;;;;;;;;;
9.40038;12803750;8;;;;;;;;;;;;;;
9.401532;12804902;8;;;;;;;;;;;;;;
9.40288;12806250;17;;;;;;;;;;;;;;
9.40538;12808750;18;;;;;;;;;;;;;;
9.40788;12811250;9;;;;;;;;;;;;;;
9.409682;12813052;8;;;;;;;;;;;;;;
9.41038;12813750;9;;;;;;;;;;;;;;
9.41288;12816250;18;12817111;468.599;131.629;882.612;-8802.544;-2687.802;3773.791;12816673;-420.35;-608.103;629.838;-24467.826;-1071.607;-2472.508
9.41538;12818750;10;;;;;;;;;;;;;;
9.41788;12821250;16;;;;;;;;;;;;;;
9.42038;12823750;18;;;;;;;;;;;;;;
9.42288;12826250;9;;;;;;;;;;;;;;
9.42538;12828750;56;;;;;;;;;;;;;;
9.425408;12828778;9;;;;;;;;;;;;;;
9.427908;12831278;16;;;;;;;;;;;;;;
9.430408;12833778;9;;;;;;;;;;;;;;
9.432908;12836278;17;;;;;;;;;;;;;;
9.435408;12838778;16;;;;;;;;;;;;;;
9.437908;12841278;7;;;;;;;;;;;;;;
9.440408;12843778;18;;;;;;;;;;;;;;
9.442908;12846278;201;12846621;466.953;123.138;881.06;-6068.604;-2138.225;3806.039;12846185;-420.378;-619.038;625.686;-21434.498;-1616.089;-1239.82
9.445408;12848778;16;;;;;;;;;;;;;;
9.447908;12851278;16;;;;;;;;;;;;;;
9.450408;12853778;9;;;;;;;;;;;;;;
9.452908;12856278;16;;;;;;;;;;;;;;
9.468782;12872152;8;;;;;;;;;;;;;;
9.471282;12874652;17;;;;;;;;12875789;-420.751;-619.66;612.787;-17645.023;-1705.91;313.609
9.473782;12877152;16;12876227;468.432;120.55;883.159;-3853.299;-1396.501;3985.862;;;;;;;
9.476282;12879652;271;;;;;;;;;;;;;;
9.478782;12882152;77;;;;;;;;;;;;;;
9.481282;12884652;8;;;;;;;;;;;;;;
9.483782;12887152;9;;;;;;;;;;;;;;
9.484434;12887804;8;;;;;;;;;;;;;;
9.486934;12890304;9;;;;;;;;;;;;;;
9.489434;12892804;9;;;;;;;;;;;;;;
9.491934;12895304;9;;;;;;;;;;;;;;
9.494434;12897804;364;12898351;471.679;115.663;886.392;-2055.447;-606.551;3888.068;12897916;-416.812;-620.781;606.121;-13824.521;-2146.927;1922.803
9.496934;12900304;152;;;;;;;;;;;;;;
9.499434;12902804;16;;;;;;;;;;;;;;
9.501934;12905304;17;;;;;;;;;;;;;;
9.504434;12907804;8;;;;;;;;;;;;;;
9.507833;12911203;17;;;;;;;;;;;;;;
9.510333;12913703;10;;;;;;;;;;;;;;
9.512833;12916203;17;;;;;;;;;;;;;;
9.515333;12918703;346;;;;;;;;;;;;;;
9.517833;12921203;139;;;;;;;;;;;;;;
9.520333;12923703;9;12923357;473.105;118.475;884.663;-2185.862;-252.473;2931.977;12922918;-417.59;-626.037;601.173;-9515.607;-1804.643;3395.101
9.522833;12926203;9;;;;;;;;;;;;;;
9.525333;12928703;17;;;;;;;;;;;;;;
9.527199;12930569;10;;;;;;;;;;;;;;
9.527833;12931203;9;;;;;;;;;;;;;;
9.529699;12933069;315;;;;;;;;;;;;;;
9.530333;12933703;9;;;;;;;;;;;;;;
9.532199;12935569;109;;;;;;;;;;;;;;
9.534699;12938069;10;;;;;;;;;;;;;;
9.537199;12940569;9;;;;;;;;;;;;;;
9.539699;12943069;9;;;;;;;;;;;;;;
9.542199;12945569;17;;;;;;;;;;;;;;
9.544699;12948069;8;;;;;;;;;;;;;;
9.547199;12950569;9;12949822;474.857;113.783;882.861;-725.131;167.9;2409.128;12949387;-426.881;-635.422;600.522;-5396.765;-1238.848;4549.658
9.549699;12953069;254;;;;;;;;;;;;;;
9.552199;12955569;40;;;;;;;;;;;;;;
9.554699;12958069;7;;;;;;;;;;;;;;
9.557199;12960569;17;;;;;;;;;;;;;;
9.558218;12961588;17;;;;;;;;;;;;;;
9.560718;12964088;8;;;;;;;;;;;;;;
9.563218;12966588;8;;;;;;;;;;;;;;
9.565718;12969088;8;;;;;;;;;;;;;;
9.568218;12971588;174;;;;;;;;;;;;;;
9.570718;12974088;18;;;;;;;;;;;;;;
9.573218;12976588;8;;;;;;;;;;;;;;
9.575718;12979088;8;;;;;;;;12980116;-427.003;-645.71;602.362;-505.176;-331.218;4531.738
9.578218;12981588;10;12980554;481.156;116.488;878.856;-767.625;137.63;1415.859;;;;;;;
9.580718;12984088;8;;;;;;;;;;;;;;
9.583218;12986588;8;;;;;;;;;;;;;;
9.585718;12989088;17;;;;;;;;;;;;;;
9.588218;12991588;154;;;;;;;;;;;;;;
9.604504;13007874;11;;;;;;;;;;;;;;
9.607004;13010374;18;13010841;479.784;114.769;879.419;-1067.431;111.936;-153.371;13010406;-425.539;-643.51;602.085;4382.02;-1.845;4006.338
9.608923;13012293;17;;;;;;;;;;;;;;
9.609504;13012874;9;;;;;;;;;;;;;;
9.611423;13014793;16;;;;;;;;;;;;;;
9.612004;13015374;203;;;;;;;;;;;;;;
9.613923;13017293;9;;;;;;;;;;;;;;
9.614504;13017874;11;;;;;;;;;;;;;;
9.61607;13019440;16;;;;;;;;;;;;;;
9.616423;13019793;9;;;;;;;;;;;;;;
9.617004;13020374;18;;;;;;;;;;;;;;
9.61857;13021940;8;;;;;;;;;;;;;;
9.619504;13022874;9;;;;;;;;;;;;;;
9.62107;13024440;8;;;;;;;;;;;;;;
9.622004;13025374;18;;;;;;;;;;;;;;
9.62357;13026940;248;;;;;;;;;;;;;;
9.62607;13029440;57;;;;;;;;;;;;;;
9.62857;13031940;9;;;;;;;;;;;;;;
9.63107;13034440;17;;;;;;;;;;;;;;
9.63357;13036940;19;;;;;;;;;;;;;;
9.63607;13039440;9;13039747;480.921;129.77;885.303;-974.247;-283.473;-2543.203;13039308;-414.626;-644.397;594.502;9740.606;2800.872;3480.521
9.63857;13041940;16;;;;;;;;;;;;;;
9.64107;13044440;9;;;;;;;;;;;;;;
9.64357;13046940;279;;;;;;;;;;;;;;
9.64607;13049440;74;;;;;;;;;;;;;;
9.647389;13050759;16;;;;;;;;;;;;;;
9.649889;13053259;8;;;;;;;;;;;;;;
9.652389;13055759;8;;;;;;;;;;;;;;
9.654889;13058259;9;;;;;;;;;;;;;;
9.657389;13060759;17;;;;;;;;;;;;;;
9.659889;13063259;8;;;;;;;;;;;;;;
9.662389;13065759;270;;;;;;;;;;;;;;
9.664889;13068259;95;;;;;;;;;;;;;;
9.667389;13070759;17;13070385;473.26;112.954;888.099;-2427.472;-898.424;-4984.167;13069950;-416.519;-641.914;594.673;13740.139;4718.829;3616.245
9.669889;13073259;9;;;;;;;;;;;;;;
9.672389;13075759;17;;;;;;;;;;;;;;
9.674889;13078259;7;;;;;;;;;;;;;;
9.677389;13080759;10;;;;;;;;;;;;;;
9.694534;13097904;16;;;;;;;;;;;;;;
9.697034;13100404;312;13101029;479.749;116.213;903.987;-1985.848;-633.441;-5705.771;13100591;-421.076;-633.432;602.912;16439.82;6347.075;3945.558
9.699534;13102904;121;;;;;;;;;;;;;;
9.702034;13105404;16;;;;;;;;;;;;;;
9.702327;13105697;17;;;;;;;;;;;;;;
9.704534;13107904;9;;;;;;;;;;;;;;
9.704827;13108197;9;;;;;;;;;;;;;;
9.707034;13110404;19;;;;;;;;;;;;;;
9.707327;13110697;9;;;;;;;;;;;;;;
9.709827;13113197;332;;;;;;;;;;;;;;
9.712327;13115697;142;;;;;;;;;;;;;;
9.714827;13118197;17;;;;;;;;;;;;;;
9.717327;13120697;8;;;;;;;;;;;;;;
9.725898;13129268;8;;;;;;;;;;;;;;
9.728398;13131768;19;13132095;479.728;115.959;905.477;487.319;-961.831;-6389.545;13131656;-426.764;-625.556;611.776;17442.203;8309.533;4381.343
9.730898;13134268;16;;;;;;;;;;;;;;
9.733398;13136768;7;;;;;;;;;;;;;;
9.733643;13137013;9;;;;;;;;;;;;;;
9.735898;13139268;315;;;;;;;;;;;;;;
9.736143;13139513;18;;;;;;;;;;;;;;
9.738398;13141768;139;;;;;;;;;;;;;;
9.738643;13142013;17;;;;;;;;;;;;;;
9.741143;13144513;9;;;;;;;;;;;;;;
9.743643;13147013;8;;;;;;;;;;;;;;
9.746143;13149513;8;;;;;;;;;;;;;;
9.748643;13152013;269;;;;;;;;;;;;;;
9.757219;13160589;95;;;;;;;;;;;;;;
9.759719;13163089;10;13162735;479.142;117.835;905.673;1005.016;-495.49;-6509.318;13162297;-433.919;-618.093;616.226;17068.842;10050.932;4681.15
9.762219;13165589;8;;;;;;;;;;;;;;
9.764719;13168089;16;;;;;;;;;;;;;;
9.764864;13168234;9;;;;;;;;;;;;;;
9.767219;13170589;17;;;;;;;;;;;;;;
9.767364;13170734;269;;;;;;;;;;;;;;
9.769719;13173089;10;;;;;;;;;;;;;;
9.769864;13173234;88;;;;;;;;;;;;;;
9.772364;13175734;17;;;;;;;;;;;;;;
9.774864;13178234;7;;;;;;;;;;;;;;
9.777364;13180734;10;;;;;;;;;;;;;;
9.78465;13188020;16;;;;;;;;;;;;;;
9.78715;13190520;9;;;;;;;;13191724;-443.498;-612.717;620.203;16340.962;12626.635;5036.405
9.78965;13193020;18;13192162;469.94;114.456;893.555;1001.14;-641.34;-6033.79;;;;;;;
9.79215;13195520;344;;;;;;;;;;;;;;
9.79465;13198020;170;;;;;;;;;;;;;;
9.796054;13199424;16;;;;;;;;;;;;;;
9.79715;13200520;9;;;;;;;;;;;;;;
9.798554;13201924;9;;;;;;;;;;;;;;
9.79965;13203020;9;;;;;;;;;;;;;;
9.801054;13204424;9;;;;;;;;;;;;;;
9.803554;13206924;444;;;;;;;;;;;;;;
9.806054;13209424;278;;;;;;;;;;;;;;
9.808554;13211924;104;;;;;;;;;;;;;;
9.811054;13214424;18;13214301;466.323;120.153;893.565;1042.52;-336.273;-5949.1;13213859;-454.385;-603.431;623.932;15256.164;13631.553;5220.335
9.813554;13216924;10;;;;;;;;;;;;;;
9.816054;13219424;9;;;;;;;;;;;;;;
9.818554;13221924;18;;;;;;;;;;;;;;
9.820274;13223644;8;;;;;;;;;;;;;;
9.821054;13224424;8;;;;;;;;;;;;;;
9.823554;13226924;537;;;;;;;;;;;;;;
9.839698;13243068;393;;;;;;;;;;;;;;
9.842198;13245568;220;13245279;466.974;120.642;892.325;449.207;-310.272;-5658.208;13244841;-462.019;-598.659;626.115;13761.855;13440.412;5091.881
9.844698;13248068;57;;;;;;;;;;;;;;
9.847198;13250568;8;;;;;;;;;;;;;;
9.84741;13250780;18;;;;;;;;;;;;;;
9.849698;13253068;16;;;;;;;;;;;;;;
9.84991;13253280;567;;;;;;;;;;;;;;
9.852198;13255568;8;;;;;;;;;;;;;;
9.85241;13255780;430;;;;;;;;;;;;;;
9.85491;13258280;265;;;;;;;;;;;;;;
9.85741;13260780;104;;;;;;;;;;;;;;
9.85991;13263280;17;;;;;;;;;;;;;;
9.867563;13270933;17;;;;;;;;;;;;;;
9.870063;13273433;18;;;;;;;;;;;;;;
9.872563;13275933;8;13275140;465.921;118.568;891.263;-78.129;-402.383;-5109.734;13274701;-471.187;-592.834;628.701;12145.388;12583.329;4541.974
9.875063;13278433;639;;;;;;;;;;;;;;
9.877563;13280933;523;;;;;;;;;;;;;;
9.880063;13283433;350;;;;;;;;;;;;;;
9.882563;13285933;187;;;;;;;;;;;;;;
9.883554;13286924;42;;;;;;;;;;;;;;
9.886054;13289424;10;;;;;;;;;;;;;;
9.888554;13291924;18;;;;;;;;;;;;;;
9.891054;13294424;17;;;;;;;;;;;;;;
9.893554;13296924;743;13297532;462.645;118.374;886.716;-995.597;-383.139;-4601.373;13297096;-477.823;-592.423;631.645;10731.806;11219.6;3476.625
9.896054;13299424;615;;;;;;;;;;;;;;
9.898554;13301924;440;;;;;;;;;;;;;;
9.901054;13304424;281;;;;;;;;;;;;;;
9.903554;13306924;122;;;;;;;;;;;;;;
9.907486;13310856;18;;;;;;;;;;;;;;
9.909986;13313356;9;;;;;;;;;;;;;;
9.912486;13315856;8;;;;;;;;;;;;;;
9.914986;13318356;792;;;;;;;;;;;;;;
9.917486;13320856;696;;;;;;;;;;;;;;
9.919986;13323356;523;13323146;462.693;119.531;885.501;-656.192;-686.857;-4002.491;13322707;-480.522;-589.416;633.948;9997.027;9272.619;2677.169
9.922486;13325856;360;;;;;;;;;;;;;;
9.924986;13328356;204;;;;;;;;;;;;;;
9.927289;13330659;10;;;;;;;;;;;;;;
9.927486;13330856;56;;;;;;;;;;;;;;
9.929789;13333159;844;;;;;;;;;;;;;;
9.929986;13333356;17;;;;;;;;;;;;;;
9.932289;13335659;731;;;;;;;;;;;;;;
9.934789;13338159;556;;;;;;;;;;;;;;
9.937289;13340659;395;;;;;;;;;;;;;;
9.939789;13343159;239;;;;;;;;;;;;;;
9.942289;13345659;90;;;;;;;;;;;;;;
9.944789;13348159;9;;;;;;;;;;;;;;
9.947289;13350659;8;13349870;462.579;118.892;886.976;-1316.383;-818.327;-3701.742;13349435;-477.669;-587.176;637.844;7101.426;9466.988;3021.498
9.949789;13353159;839;;;;;;;;;;;;;;
9.952289;13355659;736;;;;;;;;;;;;;;
9.954789;13358159;568;;;;;;;;;;;;;;
9.957289;13360659;408;;;;;;;;;;;;;;
9.959488;13362858;252;;;;;;;;;;;;;;
9.961988;13365358;106;;;;;;;;;;;;;;
9.964488;13367858;10;;;;;;;;;;;;;;
9.966988;13370358;8;;;;;;;;;;;;;;
9.969488;13372858;812;;;;;;;;;;;;;;
9.971988;13375358;728;;;;;;;;;;;;;;
9.974488;13377858;555;;;;;;;;;;;;;;
9.976988;13380358;395;13381470;463.497;121.829;886.852;-1170.939;-738.91;-3752.905;13381032;-486.317;-584.584;635.452;5842.042;10424.264;3635.173
9.979488;13382858;240;;;;;;;;;;;;;;
9.981988;13385358;95;;;;;;;;;;;;;;
9.984488;13387858;17;;;;;;;;;;;;;;
9.986988;13390358;9;;;;;;;;;;;;;;
9.989488;13392858;909;;;;;;;;;;;;;;
10.007591;13410961;169;;;;;;;;;;;;;;
10.010091;13413461;26;13413058;464.789;121.978;886.307;-1244.954;-808.277;-3412.134;13412622;-493.965;-581.945;634.6;5582.315;9904.801;3450.352
10.011479;13414849;797;;;;;;;;;;;;;;
10.012591;13415961;9;;;;;;;;;;;;;;
10.013979;13417349;632;;;;;;;;;;;;;;
10.015091;13418461;988;;;;;;;;;;;;;;
10.016479;13419849;464;;;;;;;;;;;;;;
10.017591;13420961;906;;;;;;;;;;;;;;
10.018979;13422349;317;;;;;;;;;;;;;;
10.019768;13423138;256;;;;;;;;;;;;;;
10.020091;13423461;731;;;;;;;;;;;;;;
10.022268;13425638;120;;;;;;;;;;;;;;
10.022591;13425961;569;;;;;;;;;;;;;;
10.024768;13428138;18;;;;;;;;;;;;;;
10.025091;13428461;413;;;;;;;;;;;;;;
10.027268;13430638;1164;;;;;;;;;;;;;;
10.029768;13433138;1113;;;;;;;;;;;;;;
10.032268;13435638;926;;;;;;;;;;;;;;
10.034768;13438138;761;;;;;;;;;;;;;;
10.037268;13440638;601;;;;;;;;;;;;;;
10.039768;13443138;444;13443353;465.309;123.278;886.223;-1202.831;-770.926;-3245.903;13442915;-497.43;-578.961;635.145;5342.137;9442.811;3291.834
10.042268;13445638;298;;;;;;;;;;;;;;
10.044768;13448138;154;;;;;;;;;;;;;;
10.047268;13450638;1215;;;;;;;;;;;;;;
10.049768;13453138;1115;;;;;;;;;;;;;;
