timestamp_s;timestamp_us;emg_raw;imu1_timestamp_us;imu1_ax;imu1_ay;imu1_az;imu1_gx;imu1_gy;imu1_gz;imu2_timestamp_us;imu2_ax;imu2_ay;imu2_az;imu2_gx;imu2_gy;imu2_gz
0.000432;6814134;;6814134;73.67;-651.223;800.286;442.289;-146.691;55.712;6813702;33.166;-116.881;1008.946;1320.947;-168.167;-329.308
0.030546;6844248;;6844248;73.677;-651.406;800.184;426.299;-139.357;59.051;6843818;33.069;-116.82;1008.756;1305.65;-172.009;-325.53
0.059202;6872904;;6872904;73.824;-651.16;800.288;439.984;-146.389;49.099;6872473;32.91;-116.64;1008.631;1306.867;-172.158;-328.066
0.080632;6894334;;6894334;73.988;-651.103;800.375;449.048;-150.882;44.456;6893904;32.814;-116.767;1008.354;1310.211;-172.3;-326.975
0.083798;6897500;153;;;;;;;;;;;;;;
0.086298;6900000;328;;;;;;;;;;;;;;
0.088798;6902500;206;;;;;;;;;;;;;;
0.091298;6905000;168;;;;;;;;;;;;;;
0.093798;6907500;156;;;;;;;;;;;;;;
0.096298;6910000;158;;;;;;;;;;;;;;
0.098798;6912500;185;;;;;;;;;;;;;;
0.101298;6915000;175;;;;;;;;;;;;;;
0.103798;6917500;154;6918734;74.113;-650.926;800.555;451.533;-155.588;36.108;6918302;32.833;-116.541;1008.164;1312.076;-172.435;-323.751
0.106298;6920000;0;;;;;;;;;;;;;;
0.108798;6922500;279;;;;;;;;;;;;;;
0.111298;6925000;188;;;;;;;;;;;;;;
0.113798;6927500;169;;;;;;;;;;;;;;
0.116298;6930000;167;;;;;;;;;;;;;;
0.118798;6932500;185;;;;;;;;;;;;;;
0.121298;6935000;183;;;;;;;;;;;;;;
0.123798;6937500;154;;;;;;;;;;;;;;
0.126298;6940000;157;;;;;;;;;;;;;;
0.128798;6942500;138;;;;;;;;;;;;;;
0.131298;6945000;140;6944423;74.214;-650.783;800.482;463.956;-162.246;29.928;6943988;32.881;-116.619;1007.934;1327.41;-167.751;-325.064
0.133798;6947500;167;;;;;;;;;;;;;;
0.136298;6950000;0;;;;;;;;;;;;;;
0.138798;6952500;309;;;;;;;;;;;;;;
0.141298;6955000;236;;;;;;;;;;;;;;
0.143798;6957500;191;;;;;;;;;;;;;;
0.146298;6960000;171;;;;;;;;;;;;;;
0.148798;6962500;140;;;;;;;;;;;;;;
0.151298;6965000;157;;;;;;;;;;;;;;
0.153798;6967500;168;;;;;;;;;;;;;;
0.156298;6970000;154;;;;;;;;;;;;;;
0.158798;6972500;183;;;;;;;;;;;;;;
0.161298;6975000;175;6974536;74.084;-650.745;800.468;449.508;-159.384;28.869;6974104;33.048;-116.723;1007.673;1324.914;-167.676;-323.686
0.163798;6977500;169;;;;;;;;;;;;;;
0.166298;6980000;315;;;;;;;;;;;;;;
0.168798;6982500;215;;;;;;;;;;;;;;
0.171298;6985000;186;;;;;;;;;;;;;;
0.173798;6987500;156;;;;;;;;;;;;;;
0.176298;6990000;176;;;;;;;;;;;;;;
0.178798;6992500;157;;;;;;;;;;;;;;
0.181298;6995000;158;;;;;;;;;;;;;;
0.183798;6997500;170;;;;;;;;;;;;;;
0.186298;7000000;0;;;;;;;;;;;;;;
0.188798;7002500;282;;;;;;;;;;;;;;
0.191298;7005000;208;7004650;74.064;-650.782;800.449;435.783;-154.039;35.301;7004220;33.055;-116.749;1007.48;1315.543;-170.23;-320.189
0.193798;7007500;170;;;;;;;;;;;;;;
0.196298;7010000;166;;;;;;;;;;;;;;
0.198798;7012500;158;;;;;;;;;;;;;;
0.201298;7015000;176;;;;;;;;;;;;;;
0.203798;7017500;153;;;;;;;;;;;;;;
0.206298;7020000;159;;;;;;;;;;;;;;
0.208798;7022500;138;;;;;;;;;;;;;;
0.211298;7025000;366;;;;;;;;;;;;;;
0.213798;7027500;270;;;;;;;;;;;;;;
0.216298;7030000;204;;;;;;;;;;;;;;
0.218798;7032500;185;7033485;74.155;-650.646;800.515;434.119;-156.4;34.848;7033046;33.104;-116.701;1007.407;1315.391;-170.468;-319.492
0.221298;7035000;170;;;;;;;;;;;;;;
0.223798;7037500;154;;;;;;;;;;;;;;
0.226298;7040000;159;;;;;;;;;;;;;;
0.228798;7042500;136;;;;;;;;;;;;;;
0.231298;7045000;138;;;;;;;;;;;;;;
0.233798;7047500;152;;;;;;;;;;;;;;
0.236298;7050000;0;;;;;;;;;;;;;;
0.238798;7052500;312;;;;;;;;;;;;;;
0.241298;7055000;217;7054900;74.187;-650.7;800.426;432.538;-155.58;31.793;7054478;32.98;-116.783;1007.325;1316.559;-170.257;-320.58
0.243798;7057500;174;;;;;;;;;;;;;;
0.246298;7060000;151;;;;;;;;;;;;;;
0.248798;7062500;139;;;;;;;;;;;;;;
0.251298;7065000;157;;;;;;;;;;;;;;
0.253798;7067500;142;;;;;;;;;;;;;;
0.256298;7070000;170;;;;;;;;;;;;;;
0.258798;7072500;158;;;;;;;;;;;;;;
0.261298;7075000;157;;;;;;;;;;;;;;
0.263798;7077500;167;;;;;;;;;;;;;;
0.266298;7080000;0;;;;;;;;;;;;;;
0.268798;7082500;294;;;;;;;;;;;;;;
0.271298;7085000;190;7085202;73.985;-650.781;800.464;431.911;-152.613;35.454;7084768;32.899;-116.885;1006.997;1319.419;-168.745;-318.551
0.273798;7087500;169;;;;;;;;;;;;;;
0.276298;7090000;185;;;;;;;;;;;;;;
0.278798;7092500;184;;;;;;;;;;;;;;
0.281298;7095000;172;;;;;;;;;;;;;;
0.283798;7097500;168;;;;;;;;;;;;;;
0.286298;7100000;156;;;;;;;;;;;;;;
0.288798;7102500;136;;;;;;;;;;;;;;
0.291298;7105000;138;;;;;;;;;;;;;;
0.293798;7107500;169;;;;;;;;;;;;;;
0.296298;7110000;170;;;;;;;;;;;;;;
0.298798;7112500;317;;;;;;;;7113595;32.834;-116.933;1006.753;1326.948;-168.182;-317.498
0.301298;7115000;220;7114022;74.055;-650.755;800.383;428.253;-153.295;33.243;;;;;;;
0.303798;7117500;191;;;;;;;;;;;;;;
0.306298;7120000;170;;;;;;;;;;;;;;
0.308798;7122500;137;;;;;;;;;;;;;;
0.311298;7125000;155;;;;;;;;;;;;;;
0.313798;7127500;142;;;;;;;;;;;;;;
0.316298;7130000;156;;;;;;;;;;;;;;
0.318798;7132500;183;;;;;;;;;;;;;;
0.321298;7135000;181;7135459;73.994;-650.718;800.392;430.465;-157.006;29.831;7135025;32.803;-117.022;1006.654;1339.788;-168.086;-320.436
0.323798;7137500;171;;;;;;;;;;;;;;
0.326298;7140000;348;;;;;;;;;;;;;;
0.328798;7142500;234;;;;;;;;;;;;;;
0.331298;7145000;200;;;;;;;;;;;;;;
0.333798;7147500;186;;;;;;;;;;;;;;
0.336298;7150000;186;;;;;;;;;;;;;;
0.338798;7152500;167;;;;;;;;;;;;;;
0.341298;7155000;184;;;;;;;;;;;;;;
0.343798;7157500;172;;;;;;;;;;;;;;
0.346298;7160000;138;;;;;;;;;;;;;;
0.348798;7162500;315;;;;;;;;;;;;;;
0.351298;7165000;204;7165564;74.107;-650.805;800.431;424.692;-157.468;32.277;7165141;32.901;-116.996;1006.427;1337.548;-171.494;-320.164
0.353798;7167500;190;;;;;;;;;;;;;;
0.356298;7170000;187;;;;;;;;;;;;;;
0.358798;7172500;185;;;;;;;;;;;;;;
0.361298;7175000;174;;;;;;;;;;;;;;
0.363798;7177500;151;;;;;;;;;;;;;;
0.366298;7180000;157;;;;;;;;;;;;;;
0.368798;7182500;136;;;;;;;;;;;;;;
0.371298;7185000;154;;;;;;;;;;;;;;
0.373798;7187500;141;;;;;;;;;;;;;;
0.376298;7190000;144;;;;;;;;;;;;;;
0.378798;7192500;336;;;;;;;;;;;;;;
0.381298;7195000;232;7194407;74.318;-650.644;800.414;424.457;-158.344;31.538;7193969;32.897;-116.801;1006.309;1336.733;-169.482;-320.343
0.383798;7197500;175;;;;;;;;;;;;;;
0.386298;7200000;153;;;;;;;;;;;;;;
0.388798;7202500;136;;;;;;;;;;;;;;
0.391298;7205000;155;;;;;;;;;;;;;;
0.393798;7207500;168;;;;;;;;;;;;;;
0.396298;7210000;153;;;;;;;;;;;;;;
0.398798;7212500;155;;;;;;;;;;;;;;
0.401298;7215000;154;7215822;74.25;-650.948;800.58;422.922;-159.177;30.399;7215399;32.856;-116.945;1006.19;1333.334;-171.508;-319.639
0.403798;7217500;168;;;;;;;;;;;;;;
0.406298;7220000;0;;;;;;;;;;;;;;
0.408798;7222500;249;;;;;;;;;;;;;;
0.411298;7225000;184;;;;;;;;;;;;;;
0.413798;7227500;158;;;;;;;;;;;;;;
0.416298;7230000;182;;;;;;;;;;;;;;
0.418798;7232500;158;;;;;;;;;;;;;;
0.421298;7235000;154;;;;;;;;;;;;;;
0.423798;7237500;150;;;;;;;;;;;;;;
0.426298;7240000;138;;;;;;;;;;;;;;
0.428798;7242500;334;;;;;;;;;;;;;;
0.431298;7245000;218;7246122;74.161;-650.932;800.542;424.088;-159.093;29.316;7245688;32.799;-117.088;1006.035;1323.98;-171.245;-319.844
0.433798;7247500;184;;;;;;;;;;;;;;
0.436298;7250000;171;;;;;;;;;;;;;;
0.438798;7252500;168;;;;;;;;;;;;;;
0.441298;7255000;183;;;;;;;;;;;;;;
0.443798;7257500;169;;;;;;;;;;;;;;
0.446298;7260000;140;;;;;;;;;;;;;;
0.448798;7262500;136;;;;;;;;;;;;;;
0.451298;7265000;139;;;;;;;;;;;;;;
0.453798;7267500;169;;;;;;;;;;;;;;
0.456298;7270000;173;;;;;;;;;;;;;;
0.458798;7272500;335;;;;;;;;;;;;;;
0.461298;7275000;263;7274944;74.168;-650.807;800.635;421.696;-159.889;27.413;7274516;32.709;-116.937;1005.692;1317.281;-173.183;-317.414
0.463798;7277500;203;;;;;;;;;;;;;;
0.466298;7280000;154;;;;;;;;;;;;;;
0.468798;7282500;158;;;;;;;;;;;;;;
0.471298;7285000;156;;;;;;;;;;;;;;
0.473798;7287500;140;;;;;;;;;;;;;;
0.476298;7290000;172;;;;;;;;;;;;;;
0.478798;7292500;154;;;;;;;;;;;;;;
0.481298;7295000;172;;;;;;;;7295947;32.733;-116.934;1005.617;1332.354;-171.086;-318.606
0.483798;7297500;143;7296381;74.223;-650.84;800.57;432.549;-167.644;19.48;;;;;;;
0.486298;7300000;166;;;;;;;;;;;;;;
0.488798;7302500;283;;;;;;;;;;;;;;
0.491298;7305000;205;;;;;;;;;;;;;;
0.493798;7307500;185;;;;;;;;;;;;;;
0.496298;7310000;176;;;;;;;;;;;;;;
0.498798;7312500;155;;;;;;;;;;;;;;
0.501298;7315000;172;;;;;;;;;;;;;;
0.503798;7317500;142;;;;;;;;;;;;;;
0.506298;7320000;155;7320767;74.135;-650.884;800.515;415.297;-161.887;22.006;7320345;33.024;-117.114;1005.411;1312.987;-175.219;-316.238
0.508798;7322500;344;;;;;;;;;;;;;;
0.511298;7325000;249;;;;;;;;;;;;;;
0.513798;7327500;204;;;;;;;;;;;;;;
0.516298;7330000;170;;;;;;;;;;;;;;
0.518798;7332500;186;;;;;;;;;;;;;;
0.521298;7335000;158;;;;;;;;;;;;;;
0.523798;7337500;151;;;;;;;;;;;;;;
0.526298;7340000;156;;;;;;;;;;;;;;
0.528798;7342500;137;;;;;;;;;;;;;;
0.531298;7345000;138;;;;;;;;7346118;32.8;-116.974;1005.307;1314.712;-174.333;-313.114
0.533798;7347500;142;7346557;74.198;-650.628;800.609;415.532;-161.668;20.468;;;;;;;
0.536298;7350000;174;;;;;;;;;;;;;;
0.538798;7352500;374;;;;;;;;;;;;;;
0.541298;7355000;255;;;;;;;;;;;;;;
0.543798;7357500;215;;;;;;;;;;;;;;
0.546298;7360000;156;;;;;;;;;;;;;;
0.548798;7362500;158;;;;;;;;;;;;;;
0.551298;7365000;139;;;;;;;;;;;;;;
0.553798;7367500;152;;;;;;;;;;;;;;
0.556298;7370000;174;;;;;;;;;;;;;;
0.558798;7372500;182;;;;;;;;;;;;;;
0.561298;7375000;156;;;;;;;;;;;;;;
0.563798;7377500;142;7376743;74.167;-650.524;800.717;424.505;-165.834;21.195;7376321;32.801;-116.908;1005.116;1339.977;-169.554;-315.396
0.566298;7380000;138;;;;;;;;;;;;;;
0.568798;7382500;296;;;;;;;;;;;;;;
0.571298;7385000;222;;;;;;;;;;;;;;
0.573798;7387500;174;;;;;;;;;;;;;;
0.576298;7390000;170;;;;;;;;;;;;;;
0.578798;7392500;170;;;;;;;;;;;;;;
0.581298;7395000;184;;;;;;;;;;;;;;
0.583798;7397500;171;;;;;;;;;;;;;;
0.586298;7400000;158;;;;;;;;;;;;;;
0.588798;7402500;60;;;;;;;;;;;;;;
0.591298;7405000;251;;;;;;;;;;;;;;
0.593798;7407500;217;7407049;74.216;-650.572;800.685;431.717;-170.23;16.198;7406610;32.82;-116.901;1004.868;1343.853;-168.514;-318.438
0.596298;7410000;201;;;;;;;;;;;;;;
0.598798;7412500;171;;;;;;;;;;;;;;
0.601298;7415000;157;;;;;;;;;;;;;;
0.603798;7417500;144;;;;;;;;;;;;;;
0.606298;7420000;155;;;;;;;;;;;;;;
0.608798;7422500;155;;;;;;;;;;;;;;
0.611298;7425000;138;;;;;;;;;;;;;;
0.613798;7427500;347;;;;;;;;;;;;;;
0.616298;7430000;250;;;;;;;;;;;;;;
0.618798;7432500;218;;;;;;;;;;;;;;
0.621298;7435000;173;7435693;74.208;-650.532;800.672;423.257;-168.281;16.7;7435263;32.844;-117.082;1004.614;1328.285;-172.776;-315.642
0.623798;7437500;170;;;;;;;;;;;;;;
0.626298;7440000;155;;;;;;;;;;;;;;
0.628798;7442500;153;;;;;;;;;;;;;;
0.631298;7445000;136;;;;;;;;;;;;;;
0.633798;7447500;166;;;;;;;;;;;;;;
0.636298;7450000;171;;;;;;;;;;;;;;
0.638798;7452500;28;;;;;;;;;;;;;;
0.641298;7455000;288;;;;;;;;;;;;;;
0.643798;7457500;201;;;;;;;;;;;;;;
0.646298;7460000;158;;;;;;;;;;;;;;
0.648798;7462500;158;;;;;;;;;;;;;;
0.651298;7465000;140;7465985;74.109;-650.475;800.874;424.844;-167.742;18.49;7465553;32.751;-116.907;1004.562;1327.058;-172.012;-315.609
0.653798;7467500;168;;;;;;;;;;;;;;
0.656298;7470000;154;;;;;;;;;;;;;;
0.658798;7472500;182;;;;;;;;;;;;;;
0.661298;7475000;154;;;;;;;;;;;;;;
0.663798;7477500;150;;;;;;;;;;;;;;
0.666298;7480000;158;;;;;;;;;;;;;;
0.668798;7482500;345;;;;;;;;;;;;;;
0.671298;7485000;285;;;;;;;;;;;;;;
0.673798;7487500;219;7487414;74.057;-650.538;800.834;427.664;-168.542;19.316;7486984;32.694;-117.052;1004.378;1328.518;-169.974;-311.204
0.676298;7490000;201;;;;;;;;;;;;;;
0.678798;7492500;188;;;;;;;;;;;;;;
0.681298;7495000;167;;;;;;;;;;;;;;
0.683798;7497500;173;;;;;;;;;;;;;;
0.686298;7500000;157;;;;;;;;;;;;;;
0.688798;7502500;155;;;;;;;;;;;;;;
0.691298;7505000;157;;;;;;;;;;;;;;
0.693798;7507500;168;;;;;;;;;;;;;;
0.696298;7510000;172;;;;;;;;;;;;;;
0.698798;7512500;0;;;;;;;;;;;;;;
0.701298;7515000;312;7516243;74.039;-650.536;800.925;415.031;-161.865;24.912;7515811;32.59;-117.202;1004.198;1317.217;-171.975;-308.769
0.703798;7517500;222;;;;;;;;;;;;;;
0.706298;7520000;157;;;;;;;;;;;;;;
0.708798;7522500;159;;;;;;;;;;;;;;
0.711298;7525000;140;;;;;;;;;;;;;;
0.713798;7527500;153;;;;;;;;;;;;;;
0.716298;7530000;157;;;;;;;;;;;;;;
0.718798;7532500;165;;;;;;;;;;;;;;
0.721298;7535000;175;;;;;;;;;;;;;;
0.723798;7537500;170;;;;;;;;;;;;;;
0.726298;7540000;138;;;;;;;;;;;;;;
0.728798;7542500;333;;;;;;;;;;;;;;
0.731298;7545000;232;;;;;;;;7546101;32.675;-117.045;1004.057;1305.169;-176.939;-307.768
0.733798;7547500;206;7546536;74.18;-650.559;801.004;413.529;-160.772;24.979;;;;;;;
0.736298;7550000;173;;;;;;;;;;;;;;
0.738798;7552500;170;;;;;;;;;;;;;;
0.741298;7555000;159;;;;;;;;;;;;;;
0.743798;7557500;144;;;;;;;;;;;;;;
0.746298;7560000;157;;;;;;;;;;;;;;
0.748798;7562500;154;;;;;;;;;;;;;;
0.751298;7565000;138;;;;;;;;;;;;;;
0.753798;7567500;143;7567963;74.265;-650.41;801.043;426.54;-163.233;23.293;7567532;32.67;-117.043;1003.965;1319.973;-175.092;-312.067
0.756298;7570000;154;;;;;;;;;;;;;;
0.758798;7572500;377;;;;;;;;;;;;;;
0.761298;7575000;269;;;;;;;;;;;;;;
0.763798;7577500;189;;;;;;;;;;;;;;
0.766298;7580000;154;;;;;;;;;;;;;;
0.768798;7582500;141;;;;;;;;;;;;;;
0.771298;7585000;159;;;;;;;;;;;;;;
0.773798;7587500;152;;;;;;;;;;;;;;
0.776298;7590000;174;;;;;;;;;;;;;;
0.778798;7592500;158;;;;;;;;;;;;;;
0.781298;7595000;302;;;;;;;;;;;;;;
0.783798;7597500;235;7596789;74.297;-650.384;800.995;420.526;-160.759;24.753;7596359;32.677;-117.047;1003.787;1310.849;-172.462;-311.776
0.786298;7600000;166;;;;;;;;;;;;;;
0.788798;7602500;141;;;;;;;;;;;;;;
0.791298;7605000;140;;;;;;;;;;;;;;
0.793798;7607500;143;;;;;;;;;;;;;;
0.796298;7610000;173;;;;;;;;;;;;;;
0.798798;7612500;183;;;;;;;;;;;;;;
0.801298;7615000;173;;;;;;;;;;;;;;
0.803798;7617500;170;;;;;;;;;;;;;;
0.806298;7620000;157;7619705;74.334;-650.371;801.083;418.312;-158.846;25.265;7619273;32.641;-116.996;1003.612;1311.369;-169.964;-314.562
0.808798;7622500;382;;;;;;;;;;;;;;
0.811298;7625000;266;;;;;;;;;;;;;;
0.813798;7627500;190;;;;;;;;;;;;;;
0.816298;7630000;174;;;;;;;;;;;;;;
0.818798;7632500;190;;;;;;;;;;;;;;
0.821298;7635000;159;;;;;;;;;;;;;;
0.823798;7637500;152;;;;;;;;;;;;;;
0.826298;7640000;139;;;;;;;;;;;;;;
0.828798;7642500;138;;;;;;;;;;;;;;
0.831298;7645000;157;;;;;;;;;;;;;;
0.833798;7647500;155;7648336;74.35;-650.378;801.155;422.334;-161.841;24.44;7647906;32.705;-116.959;1003.671;1319.301;-168.466;-314.147
0.836298;7650000;166;;;;;;;;;;;;;;
0.838798;7652500;272;;;;;;;;;;;;;;
0.841298;7655000;269;;;;;;;;;;;;;;
0.843798;7657500;219;;;;;;;;;;;;;;
0.846298;7660000;159;;;;;;;;;;;;;;
0.848798;7662500;144;;;;;;;;;;;;;;
0.851298;7665000;169;;;;;;;;;;;;;;
0.853798;7667500;173;;;;;;;;;;;;;;
0.856298;7670000;184;;;;;;;;;;;;;;
0.858798;7672500;168;;;;;;;;;;;;;;
0.861298;7675000;349;;;;;;;;;;;;;;
0.863798;7677500;249;7677164;74.293;-650.488;801.088;416.53;-157.687;31.093;7676733;32.754;-117.077;1003.562;1314.148;-168.793;-309.814
0.866298;7680000;199;;;;;;;;;;;;;;
0.868798;7682500;170;;;;;;;;;;;;;;
0.871298;7685000;152;;;;;;;;;;;;;;
0.873798;7687500;172;;;;;;;;;;;;;;
0.876298;7690000;185;;;;;;;;;;;;;;
0.878798;7692500;168;;;;;;;;;;;;;;
0.881298;7695000;183;;;;;;;;;;;;;;
0.883798;7697500;152;;;;;;;;;;;;;;
0.886298;7700000;140;;;;;;;;;;;;;;
0.888798;7702500;0;;;;;;;;;;;;;;
0.891298;7705000;270;;;;;;;;;;;;;;
0.893798;7707500;207;7707452;74.22;-650.391;801.148;411.016;-153.303;31.726;7707022;32.684;-117.183;1003.428;1308.378;-171.728;-310.074
0.896298;7710000;185;;;;;;;;;;;;;;
0.898798;7712500;192;;;;;;;;;;;;;;
0.901298;7715000;188;;;;;;;;;;;;;;
0.903798;7717500;171;;;;;;;;;;;;;;
0.906298;7720000;141;;;;;;;;;;;;;;
0.908798;7722500;138;;;;;;;;;;;;;;
0.911298;7725000;158;;;;;;;;;;;;;;
0.913798;7727500;297;;;;;;;;;;;;;;
0.916298;7730000;248;;;;;;;;;;;;;;
0.918798;7732500;190;;;;;;;;;;;;;;
0.921298;7735000;173;;;;;;;;;;;;;;
0.923798;7737500;172;7737745;74.199;-650.232;801.076;412.777;-153.075;28.827;7737311;32.745;-117.064;1003.411;1310.772;-169.267;-312.507
0.926298;7740000;140;;;;;;;;;;;;;;
0.928798;7742500;138;;;;;;;;;;;;;;
0.931298;7745000;142;;;;;;;;;;;;;;
0.933798;7747500;153;;;;;;;;;;;;;;
0.936298;7750000;158;;;;;;;;;;;;;;
0.938798;7752500;186;;;;;;;;;;;;;;
0.941298;7755000;347;;;;;;;;;;;;;;
0.943798;7757500;236;;;;;;;;;;;;;;
0.946298;7760000;173;;;;;;;;;;;;;;
0.948798;7762500;171;;;;;;;;;;;;;;
0.951298;7765000;144;;;;;;;;;;;;;;
0.953798;7767500;152;7768035;74.235;-650.16;801.038;414.889;-154.609;28.698;7767600;32.834;-116.969;1003.34;1314.796;-166.053;-312.632
0.956298;7770000;157;;;;;;;;;;;;;;
0.958798;7772500;159;;;;;;;;;;;;;;
0.961298;7775000;175;;;;;;;;;;;;;;
0.963798;7777500;171;;;;;;;;;;;;;;
0.966298;7780000;158;;;;;;;;;;;;;;
0.968798;7782500;137;;;;;;;;;;;;;;
0.971298;7785000;287;;;;;;;;;;;;;;
0.973798;7787500;218;;;;;;;;;;;;;;
0.976298;7790000;205;;;;;;;;;;;;;;
0.978798;7792500;190;;;;;;;;;;;;;;
0.981298;7795000;176;;;;;;;;;;;;;;
0.983798;7797500;169;7798323;74.22;-650.196;801.057;416.457;-150.816;29.451;7797889;32.833;-117.074;1003.272;1315.556;-166.063;-311.0
0.986298;7800000;140;;;;;;;;;;;;;;
0.988798;7802500;139;;;;;;;;;;;;;;
0.991298;7805000;159;;;;;;;;;;;;;;
0.993798;7807500;171;;;;;;;;;;;;;;
0.996298;7810000;174;;;;;;;;;;;;;;
0.998798;7812500;159;;;;;;;;;;;;;;
1.001298;7815000;310;;;;;;;;;;;;;;
1.003798;7817500;235;;;;;;;;;;;;;;
1.006298;7820000;168;;;;;;;;;;;;;;
1.008798;7822500;168;;;;;;;;;;;;;;
1.011298;7825000;151;;;;;;;;;;;;;;
1.013798;7827500;172;7827152;74.156;-650.108;801.167;414.446;-151.15;30.603;7826716;32.857;-116.954;1003.25;1312.778;-165.635;-311.638
1.016298;7830000;183;;;;;;;;;;;;;;
1.018798;7832500;186;;;;;;;;;;;;;;
1.021298;7835000;182;;;;;;;;;;;;;;
1.023798;7837500;143;;;;;;;;;;;;;;
1.026298;7840000;157;;;;;;;;;;;;;;
1.028798;7842500;156;;;;;;;;;;;;;;
1.031298;7845000;332;;;;;;;;;;;;;;
1.033798;7847500;250;7848580;74.176;-649.957;801.216;419.536;-152.78;30.385;7848149;32.873;-116.963;1003.236;1318.014;-163.478;-312.681
1.036298;7850000;218;;;;;;;;;;;;;;
1.038798;7852500;201;;;;;;;;;;;;;;
1.041298;7855000;169;;;;;;;;;;;;;;
1.043798;7857500;172;;;;;;;;;;;;;;
1.046298;7860000;159;;;;;;;;;;;;;;
1.048798;7862500;139;;;;;;;;;;;;;;
1.051298;7865000;159;;;;;;;;;;;;;;
1.053798;7867500;171;;;;;;;;;;;;;;
1.056298;7870000;156;;;;;;;;;;;;;;
1.058798;7872500;184;;;;;;;;;;;;;;
1.061298;7875000;333;;;;;;;;;;;;;;
1.063798;7877500;249;;;;;;;;7878437;32.797;-116.946;1003.076;1312.926;-163.179;-312.797
1.066298;7880000;198;7878872;74.145;-649.886;801.22;416.497;-152.141;28.866;;;;;;;
1.068798;7882500;156;;;;;;;;;;;;;;
1.071298;7885000;153;;;;;;;;;;;;;;
1.073798;7887500;155;;;;;;;;;;;;;;
1.076298;7890000;185;;;;;;;;;;;;;;
1.078798;7892500;168;;;;;;;;;;;;;;
1.081298;7895000;157;;;;;;;;;;;;;;
1.083798;7897500;143;;;;;;;;;;;;;;
1.086298;7900000;138;;;;;;;;;;;;;;
1.088798;7902500;156;;;;;;;;;;;;;;
1.091298;7905000;346;;;;;;;;;;;;;;
1.093798;7907500;248;7907612;74.147;-649.911;801.224;413.61;-150.659;26.11;7907178;32.75;-117.016;1003.095;1312.03;-163.333;-314.657
1.096298;7910000;203;;;;;;;;;;;;;;
1.098798;7912500;184;;;;;;;;;;;;;;
1.101298;7915000;159;;;;;;;;;;;;;;
1.103798;7917500;151;;;;;;;;;;;;;;
1.106298;7920000;156;;;;;;;;;;;;;;
1.108798;7922500;137;;;;;;;;;;;;;;
1.111298;7925000;140;;;;;;;;;;;;;;
1.113798;7927500;151;;;;;;;;7928609;32.674;-117.027;1003.015;1314.678;-160.854;-311.174
1.116298;7930000;157;7929037;74.142;-649.959;801.282;416.554;-151.876;23.93;;;;;;;
1.118798;7932500;167;;;;;;;;;;;;;;
1.121298;7935000;296;;;;;;;;;;;;;;
1.123798;7937500;204;;;;;;;;;;;;;;
1.126298;7940000;175;;;;;;;;;;;;;;
1.128798;7942500;141;;;;;;;;;;;;;;
1.131298;7945000;141;;;;;;;;;;;;;;
1.133798;7947500;153;;;;;;;;;;;;;;
1.136298;7950000;155;;;;;;;;;;;;;;
1.138798;7952500;176;;;;;;;;;;;;;;
1.141298;7955000;379;;;;;;;;;;;;;;
1.143798;7957500;238;;;;;;;;;;;;;;
1.146298;7960000;175;7959245;74.186;-649.919;801.356;418.039;-152.595;24.921;7958811;32.535;-116.837;1002.841;1314.569;-161.123;-311.365
1.148798;7962500;170;;;;;;;;;;;;;;
1.151298;7965000;142;;;;;;;;;;;;;;
1.153798;7967500;153;;;;;;;;;;;;;;
1.156298;7970000;158;;;;;;;;;;;;;;
1.158798;7972500;176;;;;;;;;;;;;;;
1.161298;7975000;174;;;;;;;;;;;;;;
1.163798;7977500;151;;;;;;;;;;;;;;
1.166298;7980000;158;;;;;;;;;;;;;;
1.168798;7982500;138;;;;;;;;;;;;;;
1.171298;7985000;43;;;;;;;;;;;;;;
1.173798;7987500;286;7988073;74.204;-649.967;801.457;416.825;-149.34;23.237;7987638;32.561;-116.82;1002.695;1311.403;-161.38;-309.36
1.176298;7990000;215;;;;;;;;;;;;;;
1.178798;7992500;186;;;;;;;;;;;;;;
1.181298;7995000;187;;;;;;;;;;;;;;
1.183798;7997500;172;;;;;;;;;;;;;;
1.186298;8000000;159;;;;;;;;;;;;;;
1.188798;8002500;138;;;;;;;;;;;;;;
1.191298;8005000;151;;;;;;;;;;;;;;
1.193798;8007500;155;;;;;;;;;;;;;;
1.196298;8010000;183;8009502;74.203;-649.963;801.436;419.608;-148.435;25.575;8009070;32.513;-116.768;1002.562;1316.708;-160.311;-311.829
1.198798;8012500;185;;;;;;;;;;;;;;
1.201298;8015000;313;;;;;;;;;;;;;;
1.203798;8017500;237;;;;;;;;;;;;;;
1.206298;8020000;189;;;;;;;;;;;;;;
1.208798;8022500;153;;;;;;;;;;;;;;
1.211298;8025000;171;;;;;;;;;;;;;;
1.213798;8027500;155;;;;;;;;;;;;;;
1.216298;8030000;183;;;;;;;;;;;;;;
1.218798;8032500;167;;;;;;;;;;;;;;
1.221298;8035000;29;;;;;;;;;;;;;;
1.223798;8037500;281;;;;;;;;;;;;;;
1.226298;8040000;188;8039620;74.043;-650.387;800.331;395.128;-151.076;36.109;8039185;32.766;-116.816;1002.716;1333.998;-149.233;-315.488
1.228798;8042500;156;;;;;;;;;;;;;;
1.231298;8045000;172;;;;;;;;;;;;;;
1.233798;8047500;173;;;;;;;;;;;;;;
1.236298;8050000;158;;;;;;;;;;;;;;
1.238798;8052500;159;;;;;;;;;;;;;;
1.241298;8055000;174;;;;;;;;;;;;;;
1.243798;8057500;151;;;;;;;;;;;;;;
1.246298;8060000;143;;;;;;;;;;;;;;
1.248798;8062500;144;;;;;;;;;;;;;;
1.251298;8065000;347;;;;;;;;;;;;;;
1.253798;8067500;300;8068272;74.202;-650.148;800.111;380.621;-152.71;41.741;8067838;32.799;-116.398;1002.753;1355.673;-157.521;-321.151
1.256298;8070000;218;;;;;;;;;;;;;;
1.258798;8072500;207;;;;;;;;;;;;;;
1.261298;8075000;170;;;;;;;;;;;;;;
1.263798;8077500;154;;;;;;;;;;;;;;
1.266298;8080000;169;;;;;;;;;;;;;;
1.268798;8082500;158;;;;;;;;;;;;;;
1.271298;8085000;143;;;;;;;;;;;;;;
1.273798;8087500;155;;;;;;;;;;;;;;
1.276298;8090000;168;8089698;74.103;-650.245;799.89;367.278;-148.574;40.967;8089270;32.782;-116.703;1002.562;1367.952;-150.958;-324.343
1.278798;8092500;184;;;;;;;;;;;;;;
1.281298;8095000;333;;;;;;;;;;;;;;
1.283798;8097500;232;;;;;;;;;;;;;;
1.286298;8100000;175;;;;;;;;;;;;;;
1.288798;8102500;156;;;;;;;;;;;;;;
1.291298;8105000;173;;;;;;;;;;;;;;
1.293798;8107500;158;;;;;;;;;;;;;;
1.296298;8110000;159;;;;;;;;;;;;;;
1.298798;8112500;158;;;;;;;;8113667;32.594;-116.553;1002.374;1362.991;-163.972;-317.751
1.301298;8115000;0;8114101;74.125;-649.966;799.911;360.289;-138.958;40.668;;;;;;;
1.303798;8117500;297;;;;;;;;;;;;;;
1.306298;8120000;215;;;;;;;;;;;;;;
1.308798;8122500;159;;;;;;;;;;;;;;
1.311298;8125000;156;;;;;;;;;;;;;;
1.313798;8127500;159;;;;;;;;;;;;;;
1.316298;8130000;188;;;;;;;;;;;;;;
1.318798;8132500;169;;;;;;;;;;;;;;
1.321298;8135000;158;;;;;;;;;;;;;;
1.323798;8137500;152;;;;;;;;;;;;;;
1.326298;8140000;168;8139782;73.975;-649.864;799.974;380.775;-138.573;32.947;8139355;32.484;-116.252;1002.117;1378.404;-163.211;-318.489
1.328798;8142500;142;;;;;;;;;;;;;;
1.331298;8145000;0;;;;;;;;;;;;;;
1.333798;8147500;315;;;;;;;;;;;;;;
1.336298;8150000;239;;;;;;;;;;;;;;
1.338798;8152500;207;;;;;;;;;;;;;;
1.341298;8155000;170;;;;;;;;;;;;;;
1.343798;8157500;169;;;;;;;;;;;;;;
1.346298;8160000;142;;;;;;;;;;;;;;
1.348798;8162500;159;;;;;;;;;;;;;;
1.351298;8165000;169;;;;;;;;;;;;;;
1.353798;8167500;155;;;;;;;;;;;;;;
1.356298;8170000;168;8170084;73.949;-649.878;800.071;384.048;-136.894;31.737;8169644;32.427;-116.307;1002.141;1381.672;-163.801;-319.189
1.358798;8172500;170;;;;;;;;;;;;;;
1.361298;8175000;363;;;;;;;;;;;;;;
1.363798;8177500;254;;;;;;;;;;;;;;
1.366298;8180000;183;;;;;;;;;;;;;;
1.368798;8182500;174;;;;;;;;;;;;;;
1.371298;8185000;152;;;;;;;;;;;;;;
1.373798;8187500;157;;;;;;;;;;;;;;
1.376298;8190000;184;;;;;;;;;;;;;;
1.378798;8192500;160;;;;;;;;;;;;;;
1.381298;8195000;174;;;;;;;;;;;;;;
1.383798;8197500;302;;;;;;;;;;;;;;
1.386298;8200000;220;8200363;73.997;-649.739;800.065;386.721;-137.049;26.651;8199933;32.434;-116.33;1002.029;1377.338;-166.548;-318.98
1.388798;8202500;186;;;;;;;;;;;;;;
1.391298;8205000;159;;;;;;;;;;;;;;
1.393798;8207500;158;;;;;;;;;;;;;;
1.396298;8210000;184;;;;;;;;;;;;;;
1.398798;8212500;159;;;;;;;;;;;;;;
1.401298;8215000;176;;;;;;;;;;;;;;
1.403798;8217500;170;;;;;;;;;;;;;;
1.406298;8220000;0;;;;;;;;;;;;;;
1.408798;8222500;265;;;;;;;;;;;;;;
1.411298;8225000;201;;;;;;;;;;;;;;
1.413798;8227500;183;;;;;;;;;;;;;;
1.416298;8230000;170;8229198;74.091;-649.679;800.273;388.822;-135.884;24.443;8228760;32.49;-116.32;1001.954;1371.034;-172.221;-318.781
1.418798;8232500;186;;;;;;;;;;;;;;
1.421298;8235000;174;;;;;;;;;;;;;;
1.423798;8237500;144;;;;;;;;;;;;;;
1.426298;8240000;139;;;;;;;;;;;;;;
1.428798;8242500;141;;;;;;;;;;;;;;
1.431298;8245000;169;;;;;;;;;;;;;;
1.433798;8247500;317;;;;;;;;;;;;;;
1.436298;8250000;222;8250614;74.162;-649.714;800.355;393.881;-140.903;17.971;8250192;32.513;-116.409;1001.76;1374.669;-167.11;-314.654
1.438798;8252500;187;;;;;;;;;;;;;;
1.441298;8255000;168;;;;;;;;;;;;;;
1.443798;8257500;169;;;;;;;;;;;;;;
1.446298;8260000;140;;;;;;;;;;;;;;
1.448798;8262500;141;;;;;;;;;;;;;;
1.451298;8265000;141;;;;;;;;;;;;;;
1.453798;8267500;154;;;;;;;;;;;;;;
1.456298;8270000;183;;;;;;;;;;;;;;
1.458798;8272500;159;;;;;;;;;;;;;;
1.461298;8275000;153;;;;;;;;;;;;;;
1.463798;8277500;302;;;;;;;;;;;;;;
1.466298;8280000;215;8280919;74.261;-649.742;800.408;393.437;-140.42;18.385;8280480;32.504;-116.378;1001.644;1370.248;-167.067;-313.796
1.468798;8282500;189;;;;;;;;;;;;;;
1.471298;8285000;184;;;;;;;;;;;;;;
1.473798;8287500;168;;;;;;;;;;;;;;
1.476298;8290000;167;;;;;;;;;;;;;;
1.478798;8292500;168;;;;;;;;;;;;;;
1.481298;8295000;173;;;;;;;;;;;;;;
1.483798;8297500;168;;;;;;;;;;;;;;
1.486298;8300000;141;;;;;;;;;;;;;;
1.488798;8302500;151;;;;;;;;;;;;;;
1.491298;8305000;150;;;;;;;;;;;;;;
1.493798;8307500;331;;;;;;;;;;;;;;
1.496298;8310000;255;8309737;74.415;-649.664;800.47;396.515;-140.837;19.216;8309307;32.58;-116.287;1001.52;1371.736;-165.713;-312.544
1.498798;8312500;208;;;;;;;;;;;;;;
1.501298;8315000;170;;;;;;;;;;;;;;
1.503798;8317500;171;;;;;;;;;;;;;;
1.506298;8320000;140;;;;;;;;;;;;;;
1.508798;8322500;142;;;;;;;;;;;;;;
1.511298;8325000;168;;;;;;;;;;;;;;
1.513798;8327500;155;;;;;;;;;;;;;;
1.516298;8330000;176;8331171;74.403;-649.706;800.438;398.565;-139.92;14.317;8330739;32.568;-116.286;1001.318;1378.837;-163.99;-312.667
1.518798;8332500;183;;;;;;;;;;;;;;
1.521298;8335000;167;;;;;;;;;;;;;;
1.523798;8337500;267;;;;;;;;;;;;;;
1.526298;8340000;190;;;;;;;;;;;;;;
1.528798;8342500;186;;;;;;;;;;;;;;
1.531298;8345000;157;;;;;;;;;;;;;;
1.533798;8347500;184;;;;;;;;;;;;;;
1.536298;8350000;159;;;;;;;;;;;;;;
1.538798;8352500;185;;;;;;;;;;;;;;
1.541298;8355000;173;;;;;;;;;;;;;;
1.543798;8357500;331;;;;;;;;;;;;;;
1.546298;8360000;221;;;;;;;;8361028;32.769;-116.388;1001.309;1379.895;-163.666;-315.846
1.548798;8362500;199;8361458;74.459;-649.697;800.463;406.199;-143.424;11.414;;;;;;;
1.551298;8365000;158;;;;;;;;;;;;;;
1.553798;8367500;175;;;;;;;;;;;;;;
1.556298;8370000;160;;;;;;;;;;;;;;
1.558798;8372500;174;;;;;;;;;;;;;;
1.561298;8375000;172;;;;;;;;;;;;;;
1.563798;8377500;159;;;;;;;;;;;;;;
1.566298;8380000;159;;;;;;;;;;;;;;
1.568798;8382500;140;;;;;;;;;;;;;;
1.571298;8385000;170;;;;;;;;;;;;;;
1.573798;8387500;360;;;;;;;;;;;;;;
1.576298;8390000;279;8390127;74.475;-649.658;800.401;414.764;-148.94;7.343;8389688;32.808;-116.462;1001.312;1381.338;-161.607;-322.366
1.578798;8392500;222;;;;;;;;;;;;;;
1.581298;8395000;173;;;;;;;;;;;;;;
1.583798;8397500;154;;;;;;;;;;;;;;
1.586298;8400000;141;;;;;;;;;;;;;;
1.588798;8402500;158;;;;;;;;;;;;;;
1.591298;8405000;142;;;;;;;;;;;;;;
1.593798;8407500;153;;;;;;;;;;;;;;
1.596298;8410000;156;;;;;;;;8411027;32.736;-116.787;1000.992;1374.396;-160.527;-384.998
1.598798;8412500;154;8411449;74.46;-650.091;800.098;473.213;-171.681;-10.961;;;;;;;
1.601298;8415000;144;;;;;;;;;;;;;;
1.603798;8417500;282;;;;;;;;;;;;;;
1.606298;8420000;200;;;;;;;;;;;;;;
1.608798;8422500;184;;;;;;;;;;;;;;
1.611298;8425000;173;;;;;;;;;;;;;;
1.613798;8427500;174;;;;;;;;;;;;;;
1.616298;8430000;160;;;;;;;;;;;;;;
1.618798;8432500;156;;;;;;;;;;;;;;
1.621298;8435000;170;;;;;;;;;;;;;;
1.623798;8437500;362;;;;;;;;;;;;;;
1.626298;8440000;237;;;;;;;;;;;;;;
1.628798;8442500;185;8441749;74.702;-649.758;799.822;480.615;-161.784;-9.101;8441315;32.685;-116.407;1000.859;1369.113;-162.563;-382.811
1.631298;8445000;167;;;;;;;;;;;;;;
1.633798;8447500;157;;;;;;;;;;;;;;
1.636298;8450000;158;;;;;;;;;;;;;;
1.638798;8452500;157;;;;;;;;;;;;;;
1.641298;8455000;153;;;;;;;;;;;;;;
1.643798;8457500;149;;;;;;;;;;;;;;
1.646298;8460000;156;;;;;;;;;;;;;;
1.648798;8462500;140;;;;;;;;;;;;;;
1.651298;8465000;152;;;;;;;;;;;;;;
1.653798;8467500;0;;;;;;;;;;;;;;
1.656298;8470000;271;8470577;74.749;-649.526;799.597;498.147;-176.007;-18.708;8470142;32.49;-116.333;1000.726;1398.22;-146.997;-378.983
1.658798;8472500;231;;;;;;;;;;;;;;
1.661298;8475000;172;;;;;;;;;;;;;;
1.663798;8477500;155;;;;;;;;;;;;;;
1.666298;8480000;142;;;;;;;;;;;;;;
1.668798;8482500;159;;;;;;;;;;;;;;
1.671298;8485000;152;;;;;;;;;;;;;;
1.673798;8487500;155;;;;;;;;;;;;;;
1.676298;8490000;185;;;;;;;;;;;;;;
1.678798;8492500;183;8492092;74.72;-649.386;799.438;492.489;-176.394;-18.648;8491661;32.409;-116.379;1000.697;1382.997;-144.46;-369.658
1.681298;8495000;171;;;;;;;;;;;;;;
1.683798;8497500;300;;;;;;;;;;;;;;
1.686298;8500000;232;;;;;;;;;;;;;;
1.688798;8502500;168;;;;;;;;;;;;;;
1.691298;8505000;156;;;;;;;;;;;;;;
1.693798;8507500;183;;;;;;;;;;;;;;
1.696298;8510000;159;;;;;;;;;;;;;;
1.698798;8512500;174;;;;;;;;;;;;;;
1.701298;8515000;151;;;;;;;;8515970;32.405;-116.385;1000.628;1390.847;-137.675;-357.738
1.703798;8517500;44;8516400;74.919;-649.345;799.263;512.49;-190.762;-27.34;;;;;;;
1.706298;8520000;266;;;;;;;;;;;;;;
1.708798;8522500;186;;;;;;;;;;;;;;
1.711298;8525000;168;;;;;;;;;;;;;;
1.713798;8527500;159;;;;;;;;;;;;;;
1.716298;8530000;158;;;;;;;;;;;;;;
1.718798;8532500;173;;;;;;;;;;;;;;
1.721298;8535000;152;;;;;;;;;;;;;;
1.723798;8537500;140;;;;;;;;;;;;;;
1.726298;8540000;137;;;;;;;;;;;;;;
1.728798;8542500;156;8542262;75.016;-649.226;799.108;555.99;-207.474;-42.161;8541831;32.401;-116.428;1000.653;1403.554;-134.728;-365.664
1.731298;8545000;168;;;;;;;;;;;;;;
1.733798;8547500;347;;;;;;;;;;;;;;
1.736298;8550000;299;;;;;;;;;;;;;;
1.738798;8552500;232;;;;;;;;;;;;;;
1.741298;8555000;170;;;;;;;;;;;;;;
1.743798;8557500;169;;;;;;;;;;;;;;
1.746298;8560000;139;;;;;;;;;;;;;;
1.748798;8562500;157;;;;;;;;;;;;;;
1.751298;8565000;168;;;;;;;;;;;;;;
1.753798;8567500;154;;;;;;;;;;;;;;
1.756298;8570000;157;;;;;;;;;;;;;;
1.758798;8572500;154;8572638;74.998;-649.027;799.065;591.628;-209.35;-47.053;8572208;31.898;-116.444;999.902;1426.127;-112.242;-381.943
1.761298;8575000;171;;;;;;;;;;;;;;
1.763798;8577500;328;;;;;;;;;;;;;;
1.766298;8580000;218;;;;;;;;;;;;;;
1.768798;8582500;172;;;;;;;;;;;;;;
1.771298;8585000;156;;;;;;;;;;;;;;
1.773798;8587500;182;;;;;;;;;;;;;;
1.776298;8590000;159;;;;;;;;;;;;;;
1.778798;8592500;174;;;;;;;;;;;;;;
1.781298;8595000;151;;;;;;;;;;;;;;
1.783798;8597500;0;;;;;;;;;;;;;;
1.786298;8600000;297;;;;;;;;;;;;;;
1.788798;8602500;218;8602929;74.445;-649.638;798.847;961.922;-315.258;-160.638;8602498;32.011;-117.125;999.866;1703.07;-62.005;-516.408
1.791298;8605000;169;;;;;;;;;;;;;;
1.793798;8607500;170;;;;;;;;;;;;;;
1.796298;8610000;167;;;;;;;;;;;;;;
1.798798;8612500;175;;;;;;;;;;;;;;
1.801298;8615000;152;;;;;;;;;;;;;;
1.803798;8617500;139;;;;;;;;;;;;;;
1.806298;8620000;139;;;;;;;;;;;;;;
1.808798;8622500;22;;;;;;;;;;;;;;
1.811298;8625000;282;;;;;;;;;;;;;;
1.813798;8627500;230;;;;;;;;;;;;;;
1.816298;8630000;205;;;;;;;;;;;;;;
1.818798;8632500;170;8631759;74.486;-650.072;798.219;1671.576;-522.62;-327.606;8631324;32.539;-117.814;999.874;2108.792;109.533;-803.838
1.821298;8635000;154;;;;;;;;;;;;;;
1.823798;8637500;165;;;;;;;;;;;;;;
1.826298;8640000;155;;;;;;;;;;;;;;
1.828798;8642500;139;;;;;;;;;;;;;;
1.831298;8645000;144;;;;;;;;;;;;;;
1.833798;8647500;153;;;;;;;;;;;;;;
1.836298;8650000;298;;;;;;;;;;;;;;
1.838798;8652500;216;8653274;76.77;-648.648;798.855;2074.497;-622.489;-419.288;8652842;33.797;-117.078;999.852;2585.665;417.306;-992.021
1.841298;8655000;189;;;;;;;;;;;;;;
1.843798;8657500;170;;;;;;;;;;;;;;
1.846298;8660000;156;;;;;;;;;;;;;;
1.848798;8662500;138;;;;;;;;;;;;;;
1.851298;8665000;169;;;;;;;;;;;;;;
1.853798;8667500;154;;;;;;;;;;;;;;
1.856298;8670000;175;;;;;;;;;;;;;;
1.858798;8672500;173;;;;;;;;;;;;;;
1.861298;8675000;143;;;;;;;;;;;;;;
1.863798;8677500;138;;;;;;;;;;;;;;
1.866298;8680000;328;;;;;;;;;;;;;;
1.868798;8682500;216;8683475;77.422;-647.362;799.855;1959.397;-589.615;-386.074;8683045;31.4;-114.774;1000.709;2344.819;533.378;-977.42
1.871298;8685000;201;;;;;;;;;;;;;;
1.873798;8687500;166;;;;;;;;;;;;;;
1.876298;8690000;176;;;;;;;;;;;;;;
1.878798;8692500;154;;;;;;;;;;;;;;
1.881298;8695000;170;;;;;;;;;;;;;;
1.883798;8697500;167;;;;;;;;;;;;;;
1.886298;8700000;140;;;;;;;;;;;;;;
1.888798;8702500;167;;;;;;;;;;;;;;
1.891298;8705000;151;;;;;;;;;;;;;;
1.893798;8707500;152;;;;;;;;;;;;;;
1.896298;8710000;346;;;;;;;;;;;;;;
1.898798;8712500;232;8712477;77.497;-647.153;800.275;1878.49;-568.446;-363.27;8712046;30.696;-114.025;1000.968;2247.265;496.21;-952.174
1.901298;8715000;176;;;;;;;;;;;;;;
1.903798;8717500;156;;;;;;;;;;;;;;
1.906298;8720000;143;;;;;;;;;;;;;;
1.908798;8722500;167;;;;;;;;;;;;;;
1.911298;8725000;170;;;;;;;;;;;;;;
1.913798;8727500;171;;;;;;;;;;;;;;
1.916298;8730000;171;;;;;;;;;;;;;;
1.918798;8732500;175;;;;;;;;8733650;30.631;-113.283;1000.909;2019.84;395.712;-937.815
1.921298;8735000;169;8734081;77.801;-646.552;800.564;1746.503;-513.337;-323.231;;;;;;;
1.923798;8737500;0;;;;;;;;;;;;;;
1.926298;8740000;284;;;;;;;;;;;;;;
1.928798;8742500;200;;;;;;;;;;;;;;
1.931298;8745000;189;;;;;;;;;;;;;;
1.933798;8747500;159;;;;;;;;;;;;;;
1.936298;8750000;155;;;;;;;;;;;;;;
1.938798;8752500;171;;;;;;;;;;;;;;
1.941298;8755000;143;;;;;;;;;;;;;;
1.943798;8757500;158;;;;;;;;;;;;;;
1.946298;8760000;344;;;;;;;;;;;;;;
1.948798;8762500;233;;;;;;;;;;;;;;
1.951298;8765000;203;8764545;78.004;-646.219;800.503;1706.428;-509.982;-324.57;8764113;30.417;-112.993;1000.749;2024.723;376.363;-913.237
1.953798;8767500;170;;;;;;;;;;;;;;
1.956298;8770000;184;;;;;;;;;;;;;;
1.958798;8772500;156;;;;;;;;;;;;;;
1.961298;8775000;151;;;;;;;;;;;;;;
1.963798;8777500;159;;;;;;;;;;;;;;
1.966298;8780000;155;;;;;;;;;;;;;;
1.968798;8782500;142;;;;;;;;;;;;;;
1.971298;8785000;153;;;;;;;;;;;;;;
1.973798;8787500;157;;;;;;;;;;;;;;
1.976298;8790000;377;;;;;;;;;;;;;;
1.978798;8792500;264;8793376;78.142;-645.756;800.878;1638.169;-486.671;-318.404;8792941;30.153;-112.04;1000.701;1995.236;362.358;-893.825
1.981298;8795000;188;;;;;;;;;;;;;;
1.983798;8797500;157;;;;;;;;;;;;;;
1.986298;8800000;141;;;;;;;;;;;;;;
1.988798;8802500;167;;;;;;;;;;;;;;
1.991298;8805000;156;;;;;;;;;;;;;;
1.993798;8807500;160;;;;;;;;;;;;;;
1.996298;8810000;171;;;;;;;;;;;;;;
1.998798;8812500;168;;;;;;;;;;;;;;
2.001298;8815000;170;8814977;78.615;-645.036;801.436;1474.448;-395.837;-263.109;8814545;30.537;-112.215;1000.839;1694.662;287.365;-876.259
2.003798;8817500;156;;;;;;;;;;;;;;
2.006298;8820000;310;;;;;;;;;;;;;;
2.008798;8822500;205;;;;;;;;;;;;;;
2.011298;8825000;185;;;;;;;;;;;;;;
2.013798;8827500;171;;;;;;;;;;;;;;
2.016298;8830000;173;;;;;;;;;;;;;;
2.018798;8832500;184;;;;;;;;;;;;;;
2.021298;8835000;142;;;;;;;;;;;;;;
2.023798;8837500;155;;;;;;;;;;;;;;
2.026298;8840000;333;;;;;;;;;;;;;;
2.028798;8842500;279;;;;;;;;;;;;;;
2.031298;8845000;216;;;;;;;;8846050;30.163;-111.747;1001.207;1881.616;339.934;-866.571
2.033798;8847500;203;8846480;78.814;-644.492;801.862;1542.475;-432.045;-302.891;;;;;;;
2.036298;8850000;202;;;;;;;;;;;;;;
2.038798;8852500;171;;;;;;;;;;;;;;
2.041298;8855000;182;;;;;;;;;;;;;;
2.043798;8857500;171;;;;;;;;;;;;;;
2.046298;8860000;167;;;;;;;;;;;;;;
2.048798;8862500;168;;;;;;;;;;;;;;
2.051298;8865000;170;;;;;;;;;;;;;;
2.053798;8867500;183;;;;;;;;;;;;;;
2.056298;8870000;0;;;;;;;;;;;;;;
2.058798;8872500;283;;;;;;;;;;;;;;
2.061298;8875000;222;;;;;;;;8876093;30.509;-112.442;1001.02;1882.036;332.125;-827.617
2.063798;8877500;158;8876525;78.691;-644.524;801.718;1473.664;-428.38;-287.746;;;;;;;
2.066298;8880000;167;;;;;;;;;;;;;;
2.068798;8882500;152;;;;;;;;;;;;;;
2.071298;8885000;158;;;;;;;;;;;;;;
2.073798;8887500;198;;;;;;;;;;;;;;
2.076298;8890000;187;;;;;;;;;;;;;;
2.078798;8892500;172;;;;;;;;;;;;;;
2.081298;8895000;166;;;;;;;;;;;;;;
2.083798;8897500;511;;;;;;;;;;;;;;
2.086298;8900000;1680;;;;;;;;;;;;;;
2.088798;8902500;2123;;;;;;;;;;;;;;
2.091298;8905000;2574;;;;;;;;;;;;;;
2.093798;8907500;3098;8908115;78.838;-644.237;801.52;1469.106;-442.836;-277.734;8907685;29.844;-111.834;1001.252;1839.121;432.769;-846.611
2.096298;8910000;3498;;;;;;;;;;;;;;
2.098798;8912500;3343;;;;;;;;;;;;;;
2.101298;8915000;2893;;;;;;;;;;;;;;
2.103798;8917500;2542;;;;;;;;;;;;;;
2.106298;8920000;2426;;;;;;;;;;;;;;
2.108798;8922500;2492;;;;;;;;;;;;;;
2.111298;8925000;2925;;;;;;;;;;;;;;
2.113798;8927500;3341;;;;;;;;;;;;;;
2.116298;8930000;3416;;;;;;;;;;;;;;
2.118798;8932500;3368;;;;;;;;;;;;;;
2.121298;8935000;2975;;;;;;;;;;;;;;
2.123798;8937500;2951;;;;;;;;;;;;;;
2.126298;8940000;2888;8939709;79.038;-643.806;802.039;1517.276;-437.757;-266.035;8939275;28.986;-110.891;1001.697;1911.665;510.88;-849.781
2.128798;8942500;2969;;;;;;;;;;;;;;
2.131298;8945000;3342;;;;;;;;;;;;;;
2.133798;8947500;3647;;;;;;;;;;;;;;
2.136298;8950000;3642;;;;;;;;;;;;;;
2.138798;8952500;2103;;;;;;;;;;;;;;
2.141298;8955000;3262;;;;;;;;;;;;;;
2.143798;8957500;3037;;;;;;;;;;;;;;
2.146298;8960000;2935;;;;;;;;;;;;;;
2.148798;8962500;3069;;;;;;;;;;;;;;
2.151298;8965000;3322;;;;;;;;;;;;;;
2.153798;8967500;3613;;;;;;;;;;;;;;
2.156298;8970000;3672;;;;;;;;8970867;28.476;-110.275;1001.894;1931.145;440.711;-856.729
2.158798;8972500;3629;8971295;79.173;-643.123;802.46;1549.912;-444.744;-275.483;;;;;;;
2.161298;8975000;3194;;;;;;;;;;;;;;
2.163798;8977500;2925;;;;;;;;;;;;;;
2.166298;8980000;2892;;;;;;;;;;;;;;
2.168798;8982500;1865;;;;;;;;;;;;;;
2.171298;8985000;3258;;;;;;;;;;;;;;
2.173798;8987500;3552;;;;;;;;;;;;;;
2.176298;8990000;3610;;;;;;;;;;;;;;
2.178798;8992500;3517;;;;;;;;;;;;;;
2.181298;8995000;3145;;;;;;;;;;;;;;
2.183798;8997500;2874;;;;;;;;;;;;;;
2.186298;9000000;2816;;;;;;;;;;;;;;
2.188798;9002500;2956;9002893;78.88;-643.37;802.218;1569.979;-478.507;-280.521;9002459;28.705;-111.557;1001.442;2075.65;411.238;-834.455
2.191298;9005000;3230;;;;;;;;;;;;;;
2.193798;9007500;3471;;;;;;;;;;;;;;
2.196298;9010000;3529;;;;;;;;;;;;;;
2.198798;9012500;3501;;;;;;;;;;;;;;
2.201298;9015000;2968;;;;;;;;;;;;;;
2.203798;9017500;2890;;;;;;;;;;;;;;
2.206298;9020000;2859;;;;;;;;;;;;;;
2.208798;9022500;2986;;;;;;;;;;;;;;
2.211298;9025000;3240;;;;;;;;;;;;;;
2.213798;9027500;3470;;;;;;;;;;;;;;
2.216298;9030000;3531;;;;;;;;;;;;;;
2.218798;9032500;3438;9032930;79.084;-643.214;802.13;1808.667;-568.769;-314.62;9032500;27.971;-110.31;1001.591;2219.055;410.801;-843.045
2.221298;9035000;3114;;;;;;;;;;;;;;
2.223798;9037500;2909;;;;;;;;;;;;;;
2.226298;9040000;2796;;;;;;;;;;;;;;
2.228798;9042500;2939;;;;;;;;;;;;;;
2.231298;9045000;3241;;;;;;;;;;;;;;
2.233798;9047500;3422;;;;;;;;;;;;;;
2.236298;9050000;3624;;;;;;;;;;;;;;
2.238798;9052500;3431;;;;;;;;;;;;;;
2.241298;9055000;3127;9055145;80.102;-641.895;802.021;2041.109;-623.018;-346.139;9054713;28.08;-109.632;1001.324;2336.04;480.386;-893.205
2.243798;9057500;2943;;;;;;;;;;;;;;
2.246298;9060000;2919;;;;;;;;;;;;;;
2.248798;9062500;2987;;;;;;;;;;;;;;
2.251298;9065000;3311;;;;;;;;;;;;;;
2.253798;9067500;3560;;;;;;;;;;;;;;
2.256298;9070000;3536;;;;;;;;;;;;;;
2.258798;9072500;3420;;;;;;;;;;;;;;
2.261298;9075000;3208;;;;;;;;;;;;;;
2.263798;9077500;2491;;;;;;;;;;;;;;
2.266298;9080000;2955;;;;;;;;;;;;;;
2.268798;9082500;3063;;;;;;;;;;;;;;
2.271298;9085000;3307;;;;;;;;;;;;;;
2.273798;9087500;3385;9086735;80.928;-641.734;801.576;2030.491;-616.805;-366.02;9086305;27.084;-109.341;1001.662;2382.863;699.617;-943.92
2.276298;9090000;3368;;;;;;;;;;;;;;
2.278798;9092500;3289;;;;;;;;;;;;;;
2.281298;9095000;2991;;;;;;;;;;;;;;
2.283798;9097500;2828;;;;;;;;;;;;;;
2.286298;9100000;2812;;;;;;;;;;;;;;
2.288798;9102500;2813;;;;;;;;;;;;;;
2.291298;9105000;3081;;;;;;;;;;;;;;
2.293798;9107500;3255;;;;;;;;;;;;;;
2.296298;9110000;3072;;;;;;;;;;;;;;
2.298798;9112500;3100;;;;;;;;;;;;;;
2.301298;9115000;2842;;;;;;;;;;;;;;
2.303798;9117500;2507;9116779;81.023;-641.233;801.842;1984.966;-594.714;-341.594;9116347;26.913;-109.151;1001.629;2521.844;866.761;-1015.724
2.306298;9120000;2472;;;;;;;;;;;;;;
2.308798;9122500;2461;;;;;;;;;;;;;;
2.311298;9125000;2667;;;;;;;;;;;;;;
2.313798;9127500;2750;;;;;;;;;;;;;;
2.316298;9130000;2733;;;;;;;;;;;;;;
2.318798;9132500;2554;;;;;;;;;;;;;;
2.321298;9135000;2364;;;;;;;;;;;;;;
2.323798;9137500;2235;;;;;;;;;;;;;;
2.326298;9140000;2157;;;;;;;;;;;;;;
2.328798;9142500;2280;;;;;;;;;;;;;;
2.331298;9145000;2486;;;;;;;;;;;;;;
2.333798;9147500;2553;9148460;80.711;-640.019;802.059;1960.968;-535.666;-314.014;9148025;26.117;-108.957;1001.629;2619.752;1110.86;-1078.688
2.336298;9150000;2539;;;;;;;;;;;;;;
2.338798;9152500;2535;;;;;;;;;;;;;;
2.341298;9155000;2363;;;;;;;;;;;;;;
2.343798;9157500;2280;;;;;;;;;;;;;;
2.346298;9160000;2231;;;;;;;;;;;;;;
2.348798;9162500;2265;;;;;;;;;;;;;;
2.351298;9165000;2270;;;;;;;;;;;;;;
2.353798;9167500;2382;;;;;;;;;;;;;;
2.356298;9170000;2348;;;;;;;;;;;;;;
2.358798;9172500;2287;;;;;;;;;;;;;;
2.361298;9175000;2152;;;;;;;;;;;;;;
2.363798;9177500;2094;;;;;;;;;;;;;;
2.366298;9180000;2062;9180222;81.043;-639.415;802.369;1959.17;-532.07;-304.001;9179790;25.641;-107.987;1001.946;2979.64;1269.255;-1156.003
2.368798;9182500;2107;;;;;;;;;;;;;;
2.371298;9185000;2224;;;;;;;;;;;;;;
2.373798;9187500;2282;;;;;;;;;;;;;;
2.376298;9190000;2221;;;;;;;;;;;;;;
2.378798;9192500;1928;;;;;;;;;;;;;;
2.381298;9195000;2009;;;;;;;;;;;;;;
2.383798;9197500;1933;;;;;;;;;;;;;;
2.386298;9200000;1944;;;;;;;;;;;;;;
2.388798;9202500;1961;;;;;;;;;;;;;;
2.391298;9205000;2118;;;;;;;;;;;;;;
2.393798;9207500;2031;;;;;;;;;;;;;;
2.396298;9210000;2074;;;;;;;;;;;;;;
2.398798;9212500;2042;9211985;81.231;-638.828;802.754;1912.399;-508.529;-276.113;9211555;24.755;-107.175;1002.295;3170.158;1437.23;-1176.953
2.401298;9215000;1898;;;;;;;;;;;;;;
2.403798;9217500;1855;;;;;;;;;;;;;;
2.406298;9220000;1831;;;;;;;;;;;;;;
2.408798;9222500;1066;;;;;;;;;;;;;;
2.411298;9225000;1990;;;;;;;;;;;;;;
2.413798;9227500;2061;;;;;;;;;;;;;;
2.416298;9230000;2106;;;;;;;;;;;;;;
2.418798;9232500;2009;;;;;;;;;;;;;;
2.421298;9235000;1915;;;;;;;;;;;;;;
2.423798;9237500;1807;;;;;;;;;;;;;;
2.426298;9240000;1802;;;;;;;;;;;;;;
2.428798;9242500;1854;;;;;;;;9243319;23.334;-107.574;1002.414;3234.775;1469.056;-1232.293
2.431298;9245000;1990;9243757;79.53;-636.618;803.029;1818.529;-500.603;-177.433;;;;;;;
2.433798;9247500;2088;;;;;;;;;;;;;;
2.436298;9250000;2042;;;;;;;;;;;;;;
2.438798;9252500;1993;;;;;;;;;;;;;;
2.441298;9255000;1802;;;;;;;;;;;;;;
2.443798;9257500;1804;;;;;;;;;;;;;;
2.446298;9260000;1805;;;;;;;;;;;;;;
2.448798;9262500;1868;;;;;;;;;;;;;;
2.451298;9265000;1963;;;;;;;;;;;;;;
2.453798;9267500;1980;;;;;;;;;;;;;;
2.456298;9270000;2013;;;;;;;;;;;;;;
2.458798;9272500;1966;;;;;;;;9273537;21.478;-108.32;1002.71;3479.474;1413.54;-1265.178
2.461298;9275000;1864;9273959;79.128;-635.696;804.107;1747.727;-476.885;-148.874;;;;;;;
2.463798;9277500;1805;;;;;;;;;;;;;;
2.466298;9280000;1789;;;;;;;;;;;;;;
2.468798;9282500;1834;;;;;;;;;;;;;;
2.471298;9285000;1931;;;;;;;;;;;;;;
2.473798;9287500;1916;;;;;;;;;;;;;;
2.476298;9290000;1928;;;;;;;;;;;;;;
2.478798;9292500;1930;;;;;;;;;;;;;;
2.481298;9295000;1819;;;;;;;;9295922;20.386;-106.973;1002.887;3947.312;1265.863;-1271.919
2.483798;9297500;1799;9296356;79.509;-635.637;804.491;1759.653;-529.604;-131.367;;;;;;;
2.486298;9300000;1736;;;;;;;;;;;;;;
2.488798;9302500;1820;;;;;;;;;;;;;;
2.491298;9305000;1870;;;;;;;;;;;;;;
2.493798;9307500;1903;;;;;;;;;;;;;;
2.496298;9310000;1912;;;;;;;;;;;;;;
2.498798;9312500;1868;;;;;;;;;;;;;;
2.501298;9315000;1741;;;;;;;;;;;;;;
2.503798;9317500;1485;;;;;;;;;;;;;;
2.506298;9320000;1694;;;;;;;;;;;;;;
2.508798;9322500;1739;9321876;79.157;-635.289;804.801;1784.983;-592.373;-92.861;9321448;18.848;-105.76;1002.757;4552.322;1010.07;-1337.823
2.511298;9325000;1832;;;;;;;;;;;;;;
2.513798;9327500;1886;;;;;;;;;;;;;;
2.516298;9330000;1881;;;;;;;;;;;;;;
2.518798;9332500;1850;;;;;;;;;;;;;;
2.521298;9335000;1769;;;;;;;;;;;;;;
2.523798;9337500;1712;;;;;;;;;;;;;;
2.526298;9340000;1727;;;;;;;;;;;;;;
2.528798;9342500;1757;;;;;;;;;;;;;;
2.531298;9345000;1851;;;;;;;;;;;;;;
2.533798;9347500;1881;;;;;;;;9348350;19.437;-103.546;1003.023;5116.581;791.129;-1459.495
2.536298;9350000;1773;9348784;80.622;-634.402;804.894;1727.672;-673.88;2.344;;;;;;;
2.538798;9352500;1853;;;;;;;;;;;;;;
2.541298;9355000;1805;;;;;;;;;;;;;;
2.543798;9357500;1727;;;;;;;;;;;;;;
2.546298;9360000;1785;;;;;;;;;;;;;;
2.548798;9362500;1790;;;;;;;;;;;;;;
2.551298;9365000;1886;;;;;;;;;;;;;;
2.553798;9367500;1926;;;;;;;;;;;;;;
2.556298;9370000;1962;;;;;;;;;;;;;;
2.558798;9372500;1944;;;;;;;;;;;;;;
2.561298;9375000;1865;;;;;;;;;;;;;;
2.563798;9377500;1850;;;;;;;;;;;;;;
2.566298;9380000;1278;9380190;80.873;-633.957;804.934;1681.1;-673.873;-6.961;9379768;18.965;-101.431;1003.24;5306.564;721.823;-1439.895
2.568798;9382500;1849;;;;;;;;;;;;;;
2.571298;9385000;1936;;;;;;;;;;;;;;
2.573798;9387500;2010;;;;;;;;;;;;;;
2.576298;9390000;2012;;;;;;;;;;;;;;
2.578798;9392500;1976;;;;;;;;;;;;;;
2.581298;9395000;1927;;;;;;;;;;;;;;
2.583798;9397500;1896;;;;;;;;;;;;;;
2.586298;9400000;1912;;;;;;;;;;;;;;
2.588798;9402500;999;;;;;;;;;;;;;;
2.591298;9405000;1999;;;;;;;;;;;;;;
2.593798;9407500;2058;;;;;;;;;;;;;;
2.596298;9410000;2042;;;;;;;;;;;;;;
2.598798;9412500;2058;9411711;81.166;-633.991;805.082;1632.483;-636.68;-1.363;9411272;18.59;-99.062;1003.458;5388.611;682.232;-1415.588
2.601298;9415000;1962;;;;;;;;;;;;;;
2.603798;9417500;1929;;;;;;;;;;;;;;
2.606298;9420000;1911;;;;;;;;;;;;;;
2.608798;9422500;1966;;;;;;;;;;;;;;
2.611298;9425000;2030;;;;;;;;;;;;;;
2.613798;9427500;1242;;;;;;;;;;;;;;
2.616298;9430000;2058;;;;;;;;;;;;;;
2.618798;9432500;2043;;;;;;;;;;;;;;
2.621298;9435000;1999;;;;;;;;;;;;;;
2.623798;9437500;1993;;;;;;;;;;;;;;
2.626298;9440000;2042;;;;;;;;9441140;18.149;-96.945;1003.518;5203.18;634.995;-1359.246
2.628798;9442500;2024;9441570;81.238;-633.658;805.441;1567.921;-593.471;12.706;;;;;;;
2.631298;9445000;2119;;;;;;;;;;;;;;
2.633798;9447500;2169;;;;;;;;;;;;;;
2.636298;9450000;2173;;;;;;;;;;;;;;
2.638798;9452500;2125;;;;;;;;;;;;;;
2.641298;9455000;1927;;;;;;;;;;;;;;
2.643798;9457500;2023;;;;;;;;;;;;;;
2.646298;9460000;2048;;;;;;;;;;;;;;
2.648798;9462500;2126;;;;;;;;;;;;;;
2.651298;9465000;2142;;;;;;;;;;;;;;
2.653798;9467500;2184;;;;;;;;;;;;;;
2.656298;9470000;2200;;;;;;;;;;;;;;
2.658798;9472500;2192;9472990;81.537;-633.347;805.643;1496.088;-560.734;17.32;9472559;17.827;-94.727;1003.68;4995.958;552.058;-1317.534
2.661298;9475000;2121;;;;;;;;;;;;;;
2.663798;9477500;2091;;;;;;;;;;;;;;
2.666298;9480000;2103;;;;;;;;;;;;;;
2.668798;9482500;2139;;;;;;;;;;;;;;
2.671298;9485000;2217;;;;;;;;;;;;;;
2.673798;9487500;2221;;;;;;;;;;;;;;
2.676298;9490000;2264;;;;;;;;;;;;;;
2.678798;9492500;2235;;;;;;;;;;;;;;
2.681298;9495000;2216;;;;;;;;;;;;;;
2.683798;9497500;2217;;;;;;;;;;;;;;
2.686298;9500000;2218;;;;;;;;;;;;;;
2.688798;9502500;2233;;;;;;;;;;;;;;
2.691298;9505000;2300;9504407;81.871;-633.199;805.822;1446.658;-528.323;24.329;9503977;17.594;-92.205;1003.833;4863.411;304.392;-1378.969
2.693798;9507500;2293;;;;;;;;;;;;;;
2.696298;9510000;2345;;;;;;;;;;;;;;
2.698798;9512500;2314;;;;;;;;;;;;;;
2.701298;9515000;2253;;;;;;;;;;;;;;
2.703798;9517500;1612;;;;;;;;;;;;;;
2.706298;9520000;2252;;;;;;;;;;;;;;
2.708798;9522500;2295;;;;;;;;;;;;;;
2.711298;9525000;2315;;;;;;;;;;;;;;
2.713798;9527500;2377;;;;;;;;;;;;;;
2.716298;9530000;2376;;;;;;;;;;;;;;
2.718798;9532500;2319;;;;;;;;;;;;;;
2.721298;9535000;2312;9535832;81.193;-632.417;807.011;1378.7;-424.032;43.238;9535393;17.923;-91.523;1003.948;4534.928;49.423;-1397.958
2.723798;9537500;2296;;;;;;;;;;;;;;
2.726298;9540000;2301;;;;;;;;;;;;;;
2.728798;9542500;2329;;;;;;;;;;;;;;
2.731298;9545000;2350;;;;;;;;;;;;;;
2.733798;9547500;1259;;;;;;;;;;;;;;
2.736298;9550000;2392;;;;;;;;;;;;;;
2.738798;9552500;2398;;;;;;;;;;;;;;
2.741298;9555000;2319;;;;;;;;;;;;;;
2.743798;9557500;2303;;;;;;;;;;;;;;
2.746298;9560000;2310;;;;;;;;;;;;;;
2.748798;9562500;2319;;;;;;;;;;;;;;
2.751298;9565000;2393;;;;;;;;;;;;;;
2.753798;9567500;2426;9567148;81.446;-632.089;807.14;1287.015;-377.455;56.388;9566725;18.24;-90.253;1004.021;4085.494;74.077;-1321.498
2.756298;9570000;2446;;;;;;;;;;;;;;
2.758798;9572500;2395;;;;;;;;;;;;;;
2.761298;9575000;2365;;;;;;;;;;;;;;
2.763798;9577500;2351;;;;;;;;;;;;;;
2.766298;9580000;2285;;;;;;;;;;;;;;
2.768798;9582500;2382;;;;;;;;;;;;;;
2.771298;9585000;2423;;;;;;;;;;;;;;
2.773798;9587500;2461;;;;;;;;;;;;;;
2.776298;9590000;2447;;;;;;;;;;;;;;
2.778798;9592500;2398;;;;;;;;;;;;;;
2.781298;9595000;2367;;;;;;;;;;;;;;
2.783798;9597500;2329;9596942;81.845;-631.692;807.33;1172.789;-273.707;75.006;9596508;18.798;-88.437;1004.279;3407.844;275.123;-1230.923
2.786298;9600000;2349;;;;;;;;;;;;;;
2.788798;9602500;2349;;;;;;;;;;;;;;
2.791298;9605000;2399;;;;;;;;;;;;;;
2.793798;9607500;2441;;;;;;;;;;;;;;
2.796298;9610000;1339;;;;;;;;;;;;;;
2.798798;9612500;2395;;;;;;;;;;;;;;
2.801298;9615000;2363;;;;;;;;;;;;;;
2.803798;9617500;2348;;;;;;;;;;;;;;
2.806298;9620000;2317;9620544;83.151;-632.797;807.125;855.587;-201.397;187.631;9620116;18.249;-87.498;1004.432;2411.014;778.054;-1146.189
2.808798;9622500;2382;;;;;;;;;;;;;;
2.811298;9625000;2426;;;;;;;;;;;;;;
2.813798;9627500;2462;;;;;;;;;;;;;;
2.816298;9630000;2446;;;;;;;;;;;;;;
2.818798;9632500;2445;;;;;;;;;;;;;;
2.821298;9635000;2383;;;;;;;;;;;;;;
2.823798;9637500;2361;;;;;;;;;;;;;;
2.826298;9640000;2364;;;;;;;;;;;;;;
2.828798;9642500;2303;;;;;;;;;;;;;;
2.831298;9645000;2427;;;;;;;;;;;;;;
2.833798;9647500;2461;;;;;;;;;;;;;;
2.836298;9650000;2476;9650398;83.069;-632.835;808.225;558.183;100.485;308.187;9649964;16.946;-86.57;1004.646;1329.276;1199.839;-1053.442
2.838798;9652500;2424;;;;;;;;;;;;;;
2.841298;9655000;2393;;;;;;;;;;;;;;
2.843798;9657500;2345;;;;;;;;;;;;;;
2.846298;9660000;2350;;;;;;;;;;;;;;
2.848798;9662500;2376;;;;;;;;;;;;;;
2.851298;9665000;2443;;;;;;;;;;;;;;
2.853798;9667500;2474;;;;;;;;;;;;;;
2.856298;9670000;2461;;;;;;;;;;;;;;
2.858798;9672500;2430;;;;;;;;;;;;;;
2.861298;9675000;2381;;;;;;;;;;;;;;
2.863798;9677500;2334;;;;;;;;;;;;;;
2.866298;9680000;2335;9680260;81.569;-633.804;807.622;404.711;203.086;368.028;9679832;15.367;-88.256;1004.202;911.5;1401.909;-972.77
2.868798;9682500;2430;;;;;;;;;;;;;;
2.871298;9685000;2471;;;;;;;;;;;;;;
2.873798;9687500;2506;;;;;;;;;;;;;;
2.876298;9690000;2520;;;;;;;;;;;;;;
2.878798;9692500;2493;;;;;;;;;;;;;;
2.881298;9695000;2413;;;;;;;;;;;;;;
2.883798;9697500;2398;;;;;;;;;;;;;;
2.886298;9700000;2426;;;;;;;;;;;;;;
2.888798;9702500;1403;;;;;;;;;;;;;;
2.891298;9705000;2502;;;;;;;;;;;;;;
2.893798;9707500;2619;;;;;;;;;;;;;;
2.896298;9710000;2604;;;;;;;;9711077;14.629;-88.625;1004.304;747.362;1325.251;-938.569
2.898798;9712500;2543;9711511;81.626;-633.327;807.605;386.663;240.182;319.439;;;;;;;
2.901298;9715000;2542;;;;;;;;;;;;;;
2.903798;9717500;2526;;;;;;;;;;;;;;
2.906298;9720000;2519;;;;;;;;;;;;;;
2.908798;9722500;2572;;;;;;;;;;;;;;
2.911298;9725000;2701;;;;;;;;;;;;;;
2.913798;9727500;2702;;;;;;;;;;;;;;
2.916298;9730000;2749;;;;;;;;;;;;;;
2.918798;9732500;2766;;;;;;;;;;;;;;
2.921298;9735000;2780;;;;;;;;;;;;;;
2.923798;9737500;2734;;;;;;;;;;;;;;
2.926298;9740000;2906;;;;;;;;;;;;;;
2.928798;9742500;3067;9742750;81.284;-633.485;807.338;369.955;243.048;295.154;9742320;14.105;-89.208;1004.341;682.431;1229.239;-896.016
2.931298;9745000;3194;;;;;;;;;;;;;;
2.933798;9747500;3290;;;;;;;;;;;;;;
2.936298;9750000;3287;;;;;;;;;;;;;;
2.938798;9752500;3243;;;;;;;;;;;;;;
2.941298;9755000;3358;;;;;;;;;;;;;;
2.943798;9757500;3294;;;;;;;;;;;;;;
2.946298;9760000;3434;;;;;;;;;;;;;;
2.948798;9762500;3479;;;;;;;;;;;;;;
2.951298;9765000;3671;;;;;;;;;;;;;;
2.953798;9767500;3754;;;;;;;;;;;;;;
2.956298;9770000;3229;;;;;;;;;;;;;;
2.958798;9772500;2988;;;;;;;;9773565;13.577;-89.933;1004.247;641.31;1162.964;-861.715
2.961298;9775000;2951;9773997;81.13;-633.671;807.091;351.895;239.208;282.147;;;;;;;
2.963798;9777500;2904;;;;;;;;;;;;;;
2.966298;9780000;2921;;;;;;;;;;;;;;
2.968798;9782500;2921;;;;;;;;;;;;;;
2.971298;9785000;2903;;;;;;;;;;;;;;
2.973798;9787500;2728;;;;;;;;;;;;;;
2.976298;9790000;2856;;;;;;;;;;;;;;
2.978798;9792500;2904;;;;;;;;;;;;;;
2.981298;9795000;2895;;;;;;;;;;;;;;
2.983798;9797500;2872;;;;;;;;;;;;;;
2.986298;9800000;2864;;;;;;;;;;;;;;
2.988798;9802500;2873;;;;;;;;;;;;;;
2.991298;9805000;2894;9805239;80.99;-633.591;806.99;358.8;217.185;270.227;9804809;13.032;-90.237;1004.354;674.869;1099.129;-833.504
2.993798;9807500;2894;;;;;;;;;;;;;;
2.996298;9810000;2874;;;;;;;;;;;;;;
2.998798;9812500;2862;;;;;;;;;;;;;;
3.001298;9815000;2857;;;;;;;;;;;;;;
3.003798;9817500;2214;;;;;;;;;;;;;;
3.006298;9820000;2782;;;;;;;;;;;;;;
3.008798;9822500;2830;;;;;;;;;;;;;;
3.011298;9825000;2846;;;;;;;;;;;;;;
3.013798;9827500;2857;;;;;;;;;;;;;;
3.016298;9830000;2874;;;;;;;;;;;;;;
3.018798;9832500;2845;;;;;;;;;;;;;;
3.021298;9835000;2858;9834937;80.814;-633.595;806.773;370.173;195.388;256.278;9834503;12.508;-90.703;1004.394;711.563;1037.61;-808.454
3.023798;9837500;2828;;;;;;;;;;;;;;
3.026298;9840000;2825;;;;;;;;;;;;;;
3.028798;9842500;2846;;;;;;;;;;;;;;
3.031298;9845000;2855;;;;;;;;;;;;;;
3.033798;9847500;2840;;;;;;;;;;;;;;
3.036298;9850000;2655;;;;;;;;;;;;;;
3.038798;9852500;2780;;;;;;;;;;;;;;
3.041298;9855000;2827;;;;;;;;;;;;;;
3.043798;9857500;2826;9856797;80.579;-633.495;806.578;363.914;181.244;250.027;9856369;11.95;-91.157;1004.377;717.548;979.167;-781.594
3.046298;9860000;2827;;;;;;;;;;;;;;
3.048798;9862500;2810;;;;;;;;;;;;;;
3.051298;9865000;2810;;;;;;;;;;;;;;
3.053798;9867500;2831;;;;;;;;;;;;;;
3.056298;9870000;2811;;;;;;;;;;;;;;
3.058798;9872500;2799;;;;;;;;;;;;;;
3.061298;9875000;2811;;;;;;;;;;;;;;
3.063798;9877500;2808;;;;;;;;;;;;;;
3.066298;9880000;2024;;;;;;;;;;;;;;
3.068798;9882500;2697;;;;;;;;;;;;;;
3.071298;9885000;2765;;;;;;;;;;;;;;
3.073798;9887500;2807;9887961;80.454;-633.552;806.338;353.593;174.369;237.963;9887526;11.444;-91.388;1004.52;698.295;915.771;-759.577
3.076298;9890000;2808;;;;;;;;;;;;;;
3.078798;9892500;2778;;;;;;;;;;;;;;
3.081298;9895000;2791;;;;;;;;;;;;;;
3.083798;9897500;2759;;;;;;;;;;;;;;
3.086298;9900000;2779;;;;;;;;;;;;;;
3.088798;9902500;2780;;;;;;;;;;;;;;
3.091298;9905000;2764;;;;;;;;;;;;;;
3.093798;9907500;2764;;;;;;;;;;;;;;
3.096298;9910000;2763;;;;;;;;;;;;;;
3.098798;9912500;2602;;;;;;;;;;;;;;
3.101298;9915000;2719;;;;;;;;;;;;;;
3.103798;9917500;2727;9917558;79.213;-633.729;805.915;344.226;173.088;229.565;9917135;9.634;-95.231;1003.729;957.818;753.607;-742.16
3.106298;9920000;2730;;;;;;;;;;;;;;
3.108798;9922500;2733;;;;;;;;;;;;;;
3.111298;9925000;2762;;;;;;;;;;;;;;
3.113798;9927500;2763;;;;;;;;;;;;;;
3.116298;9930000;2735;;;;;;;;;;;;;;
3.118798;9932500;2730;;;;;;;;;;;;;;
3.121298;9935000;2717;;;;;;;;;;;;;;
3.123798;9937500;2734;;;;;;;;;;;;;;
3.126298;9940000;2731;;;;;;;;;;;;;;
3.128798;9942500;2555;;;;;;;;;;;;;;
3.131298;9945000;2671;;;;;;;;;;;;;;
3.133798;9947500;2702;;;;;;;;;;;;;;
3.136298;9950000;2732;9949691;78.98;-634.202;805.367;221.14;163.559;257.899;9949247;9.676;-96.532;1003.806;1210.927;623.177;-742.677
3.138798;9952500;2730;;;;;;;;;;;;;;
3.141298;9955000;2698;;;;;;;;;;;;;;
3.143798;9957500;2712;;;;;;;;;;;;;;
3.146298;9960000;2685;;;;;;;;;;;;;;
3.148798;9962500;2536;;;;;;;;;;;;;;
3.151298;9965000;2588;;;;;;;;;;;;;;
3.153798;9967500;2667;;;;;;;;;;;;;;
3.156298;9970000;2683;;;;;;;;;;;;;;
3.158798;9972500;2683;;;;;;;;;;;;;;
3.161298;9975000;2679;;;;;;;;;;;;;;
3.163798;9977500;2668;;;;;;;;;;;;;;
3.166298;9980000;2665;9980827;79.282;-633.589;805.273;238.083;139.631;245.441;9980405;9.363;-95.628;1004.008;1356.006;647.581;-743.168
3.168798;9982500;2696;;;;;;;;;;;;;;
3.171298;9985000;2679;;;;;;;;;;;;;;
3.173798;9987500;2681;;;;;;;;;;;;;;
3.176298;9990000;2681;;;;;;;;;;;;;;
3.178798;9992500;2669;;;;;;;;;;;;;;
3.181298;9995000;2463;;;;;;;;;;;;;;
3.183798;9997500;2602;;;;;;;;;;;;;;
3.186298;10000000;2637;;;;;;;;;;;;;;
3.188798;10002500;2655;;;;;;;;;;;;;;
3.191298;10005000;2668;;;;;;;;;;;;;;
3.193798;10007500;2699;;;;;;;;;;;;;;
3.196298;10010000;2701;;;;;;;;;;;;;;
3.198798;10012500;2679;10012431;78.923;-633.746;805.16;264.679;120.837;234.044;10011997;8.871;-95.714;1003.956;1507.393;647.139;-720.447
3.201298;10015000;2668;;;;;;;;;;;;;;
3.203798;10017500;2672;;;;;;;;;;;;;;
3.206298;10020000;2683;;;;;;;;;;;;;;
3.208798;10022500;2384;;;;;;;;;;;;;;
3.211298;10025000;1495;;;;;;;;;;;;;;
3.213798;10027500;1177;;;;;;;;;;;;;;
3.216298;10030000;971;;;;;;;;;;;;;;
3.218798;10032500;954;;;;;;;;;;;;;;
3.221298;10035000;811;;;;;;;;;;;;;;
3.223798;10037500;651;;;;;;;;;;;;;;
3.226298;10040000;598;;;;;;;;;;;;;;
3.228798;10042500;668;;;;;;;;;;;;;;
3.231298;10045000;765;10044891;78.771;-633.888;805.083;297.82;88.107;211.842;10044455;8.433;-95.424;1003.912;1643.773;548.72;-713.737
3.233798;10047500;781;;;;;;;;;;;;;;
3.236298;10050000;813;;;;;;;;;;;;;;
3.238798;10052500;759;;;;;;;;;;;;;;
3.241298;10055000;702;;;;;;;;;;;;;;
3.243798;10057500;632;;;;;;;;;;;;;;
3.246298;10060000;668;;;;;;;;;;;;;;
3.248798;10062500;760;;;;;;;;;;;;;;
3.251298;10065000;830;;;;;;;;;;;;;;
3.253798;10067500;894;;;;;;;;;;;;;;
3.256298;10070000;874;;;;;;;;;;;;;;
3.258798;10072500;826;;;;;;;;;;;;;;
3.261298;10075000;715;10075625;78.755;-633.56;805.046;334.554;39.952;189.875;10075193;8.152;-95.277;1003.919;1817.522;365.534;-716.113
3.263798;10077500;650;;;;;;;;;;;;;;
3.266298;10080000;732;;;;;;;;;;;;;;
3.268798;10082500;942;;;;;;;;;;;;;;
3.271298;10085000;1040;;;;;;;;;;;;;;
3.273798;10087500;1144;;;;;;;;;;;;;;
3.276298;10090000;1259;;;;;;;;;;;;;;
3.278798;10092500;1240;;;;;;;;;;;;;;
3.281298;10095000;1134;;;;;;;;;;;;;;
3.283798;10097500;1128;;;;;;;;;;;;;;
3.286298;10100000;1148;;;;;;;;;;;;;;
3.288798;10102500;1230;;;;;;;;;;;;;;
3.291298;10105000;1354;;;;;;;;;;;;;;
3.293798;10107500;1391;10107996;78.728;-633.376;804.84;356.764;-12.358;170.756;10107566;8.47;-95.289;1003.926;2017.583;191.944;-744.62
3.296298;10110000;1400;;;;;;;;;;;;;;
3.298798;10112500;1386;;;;;;;;;;;;;;
3.301298;10115000;1336;;;;;;;;;;;;;;
3.303798;10117500;1303;;;;;;;;;;;;;;
3.306298;10120000;1294;;;;;;;;;;;;;;
3.308798;10122500;1373;;;;;;;;;;;;;;
3.311298;10125000;1466;;;;;;;;;;;;;;
3.313798;10127500;1498;;;;;;;;;;;;;;
3.316298;10130000;1499;;;;;;;;;;;;;;
3.318798;10132500;1453;;;;;;;;;;;;;;
3.321298;10135000;1372;;;;;;;;;;;;;;
3.323798;10137500;1351;;;;;;;;;;;;;;
3.326298;10140000;1373;10140463;78.988;-633.202;804.748;413.738;-41.928;140.781;10140024;8.614;-94.618;1003.841;2343.267;79.535;-790.951
3.328798;10142500;1433;;;;;;;;;;;;;;
3.331298;10145000;1481;;;;;;;;;;;;;;
3.333798;10147500;1530;;;;;;;;;;;;;;
3.336298;10150000;1528;;;;;;;;;;;;;;
3.338798;10152500;1498;;;;;;;;;;;;;;
3.341298;10155000;1450;;;;;;;;;;;;;;
3.343798;10157500;1418;;;;;;;;;;;;;;
3.346298;10160000;1467;;;;;;;;;;;;;;
3.348798;10162500;1518;;;;;;;;;;;;;;
3.351298;10165000;1581;;;;;;;;;;;;;;
3.353798;10167500;1609;;;;;;;;;;;;;;
3.356298;10170000;1642;;;;;;;;;;;;;;
3.358798;10172500;1596;10172820;79.107;-632.963;804.807;445.113;-39.831;114.492;10172398;8.958;-93.883;1003.846;2694.666;-8.442;-858.591
3.361298;10175000;1513;;;;;;;;;;;;;;
3.363798;10177500;1497;;;;;;;;;;;;;;
3.366298;10180000;1512;;;;;;;;;;;;;;
3.368798;10182500;1533;;;;;;;;;;;;;;
3.371298;10185000;1639;;;;;;;;;;;;;;
3.373798;10187500;1663;;;;;;;;;;;;;;
3.376298;10190000;1647;;;;;;;;;;;;;;
3.378798;10192500;1581;;;;;;;;;;;;;;
3.381298;10195000;1561;;;;;;;;;;;;;;
3.383798;10197500;1531;;;;;;;;;;;;;;
3.386298;10200000;1547;;;;;;;;;;;;;;
3.388798;10202500;1611;;;;;;;;;;;;;;
3.391298;10205000;1675;10205204;79.318;-633.035;804.748;289.42;44.41;153.83;10204770;9.218;-92.598;1004.003;3105.495;-48.27;-871.662
3.393798;10207500;1696;;;;;;;;;;;;;;
3.396298;10210000;1709;;;;;;;;;;;;;;
3.398798;10212500;1662;;;;;;;;;;;;;;
3.401298;10215000;1594;;;;;;;;;;;;;;
3.403798;10217500;1578;;;;;;;;;;;;;;
3.406298;10220000;1591;;;;;;;;;;;;;;
3.408798;10222500;1663;;;;;;;;;;;;;;
3.411298;10225000;1704;;;;;;;;;;;;;;
3.413798;10227500;1742;;;;;;;;;;;;;;
3.416298;10230000;1722;;;;;;;;;;;;;;
3.418798;10232500;1703;;;;;;;;;;;;;;
3.421298;10235000;1628;10235941;79.098;-633.64;804.008;274.074;74.565;141.326;10235506;9.135;-91.72;1004.061;3377.22;-45.856;-881.016
3.423798;10237500;1625;;;;;;;;;;;;;;
3.426298;10240000;1631;;;;;;;;;;;;;;
3.428798;10242500;1674;;;;;;;;;;;;;;
3.431298;10245000;1738;;;;;;;;;;;;;;
3.433798;10247500;1736;;;;;;;;;;;;;;
3.436298;10250000;1742;;;;;;;;;;;;;;
3.438798;10252500;1737;;;;;;;;;;;;;;
3.441298;10255000;1742;;;;;;;;;;;;;;
3.443798;10257500;1726;;;;;;;;;;;;;;
3.446298;10260000;1771;;;;;;;;;;;;;;
3.448798;10262500;1789;;;;;;;;;;;;;;
3.451298;10265000;1872;;;;;;;;;;;;;;
3.453798;10267500;1864;10268311;79.181;-633.513;803.909;231.496;135.149;151.322;10267880;9.099;-89.995;1004.36;3464.296;-115.314;-910.028
3.456298;10270000;1900;;;;;;;;;;;;;;
3.458798;10272500;1868;;;;;;;;;;;;;;
3.461298;10275000;1821;;;;;;;;;;;;;;
3.463798;10277500;1803;;;;;;;;;;;;;;
3.466298;10280000;1784;;;;;;;;;;;;;;
3.468798;10282500;1871;;;;;;;;;;;;;;
3.471298;10285000;1961;;;;;;;;;;;;;;
3.473798;10287500;1983;;;;;;;;;;;;;;
3.476298;10290000;1945;;;;;;;;;;;;;;
3.478798;10292500;1910;;;;;;;;;;;;;;
3.481298;10295000;1868;;;;;;;;;;;;;;
3.483798;10297500;1866;;;;;;;;;;;;;;
3.486298;10300000;1854;10300856;78.912;-633.637;803.76;312.233;145.017;144.193;10300426;9.053;-88.698;1004.552;3585.519;-175.173;-927.526
3.488798;10302500;1919;;;;;;;;;;;;;;
3.491298;10305000;2009;;;;;;;;;;;;;;
3.493798;10307500;2031;;;;;;;;;;;;;;
3.496298;10310000;2075;;;;;;;;;;;;;;
3.498798;10312500;2040;;;;;;;;;;;;;;
3.501298;10315000;1982;;;;;;;;;;;;;;
3.503798;10317500;1952;;;;;;;;;;;;;;
3.506298;10320000;1993;;;;;;;;;;;;;;
3.508798;10322500;2060;;;;;;;;;;;;;;
3.511298;10325000;2105;;;;;;;;;;;;;;
3.513798;10327500;2136;;;;;;;;;;;;;;
3.516298;10330000;2125;;;;;;;;;;;;;;
3.518798;10332500;2073;10333409;79.017;-633.51;803.984;322.872;196.828;148.359;10332971;9.436;-87.148;1004.631;3689.743;-190.039;-919.213
3.521298;10335000;2046;;;;;;;;;;;;;;
3.523798;10337500;2056;;;;;;;;;;;;;;
3.526298;10340000;2047;;;;;;;;;;;;;;
3.528798;10342500;2064;;;;;;;;;;;;;;
3.531298;10345000;2175;;;;;;;;;;;;;;
3.533798;10347500;2188;;;;;;;;;;;;;;
3.536298;10350000;2169;;;;;;;;;;;;;;
3.538798;10352500;2157;;;;;;;;;;;;;;
3.541298;10355000;2094;;;;;;;;;;;;;;
3.543798;10357500;2061;;;;;;;;;;;;;;
3.546298;10360000;2104;;;;;;;;;;;;;;
3.548798;10362500;2141;;;;;;;;;;;;;;
3.551298;10365000;2189;10365941;78.452;-633.799;803.6;269.978;224.612;154.066;10365518;9.105;-85.804;1004.792;3813.693;-246.6;-922.252
3.553798;10367500;2247;;;;;;;;;;;;;;
3.556298;10370000;2201;;;;;;;;;;;;;;
3.558798;10372500;2158;;;;;;;;;;;;;;
3.561298;10375000;2091;;;;;;;;;;;;;;
3.563798;10377500;2107;;;;;;;;;;;;;;
3.566298;10380000;2111;;;;;;;;;;;;;;
3.568798;10382500;2236;;;;;;;;;;;;;;
3.571298;10385000;2285;;;;;;;;;;;;;;
3.573798;10387500;2304;;;;;;;;;;;;;;
3.576298;10390000;2348;;;;;;;;;;;;;;
3.578798;10392500;2346;;;;;;;;;;;;;;
3.581298;10395000;2270;;;;;;;;;;;;;;
3.583798;10397500;2284;10396863;78.348;-633.67;803.546;311.604;191.069;132.363;10396429;9.473;-84.003;1005.024;3879.384;-344.082;-922.077
3.586298;10400000;2269;;;;;;;;;;;;;;
3.588798;10402500;2313;;;;;;;;;;;;;;
3.591298;10405000;2382;;;;;;;;;;;;;;
3.593798;10407500;2315;;;;;;;;;;;;;;
3.596298;10410000;2380;;;;;;;;;;;;;;
3.598798;10412500;2330;;;;;;;;;;;;;;
3.601298;10415000;2298;;;;;;;;;;;;;;
3.603798;10417500;2295;;;;;;;;;;;;;;
3.606298;10420000;2316;10421159;78.023;-633.829;803.342;307.399;179.765;124.869;10420732;9.359;-82.548;1004.988;3871.789;-395.128;-917.535
3.608798;10422500;2348;;;;;;;;;;;;;;
3.611298;10425000;2396;;;;;;;;;;;;;;
3.613798;10427500;2424;;;;;;;;;;;;;;
3.616298;10430000;2391;;;;;;;;;;;;;;
3.618798;10432500;2365;;;;;;;;;;;;;;
3.621298;10435000;2335;;;;;;;;;;;;;;
3.623798;10437500;2300;;;;;;;;;;;;;;
3.626298;10440000;2311;;;;;;;;;;;;;;
3.628798;10442500;2364;;;;;;;;;;;;;;
3.631298;10445000;2394;;;;;;;;;;;;;;
3.633798;10447500;2455;;;;;;;;;;;;;;
3.636298;10450000;2414;;;;;;;;;;;;;;
3.638798;10452500;2381;10452055;77.386;-634.18;803.154;287.654;201.402;119.501;10451620;9.343;-81.507;1005.008;4189.637;-608.122;-957.846
3.641298;10455000;2329;;;;;;;;;;;;;;
3.643798;10457500;2329;;;;;;;;;;;;;;
3.646298;10460000;2331;;;;;;;;;;;;;;
3.648798;10462500;2392;;;;;;;;;;;;;;
3.651298;10465000;2442;;;;;;;;;;;;;;
3.653798;10467500;2445;;;;;;;;;;;;;;
3.656298;10470000;2430;;;;;;;;;;;;;;
3.658798;10472500;2345;;;;;;;;;;;;;;
3.661298;10475000;2377;;;;;;;;;;;;;;
3.663798;10477500;2328;;;;;;;;;;;;;;
3.666298;10480000;2382;;;;;;;;;;;;;;
3.668798;10482500;2408;10482958;77.384;-633.819;803.305;299.959;193.957;110.026;10482531;9.76;-79.292;1005.309;4492.468;-745.716;-1012.766
3.671298;10485000;2424;;;;;;;;;;;;;;
3.673798;10487500;2457;;;;;;;;;;;;;;
3.676298;10490000;2460;;;;;;;;;;;;;;
3.678798;10492500;2410;;;;;;;;;;;;;;
3.681298;10495000;2361;;;;;;;;;;;;;;
3.683798;10497500;2347;;;;;;;;;;;;;;
3.686298;10500000;2365;;;;;;;;;;;;;;
3.688798;10502500;2056;;;;;;;;;;;;;;
3.691298;10505000;2444;;;;;;;;;;;;;;
3.693798;10507500;2461;;;;;;;;;;;;;;
3.696298;10510000;2429;;;;;;;;;;;;;;
3.698798;10512500;2397;;;;;;;;;;;;;;
3.701298;10515000;2396;10515598;77.602;-633.665;803.388;316.898;188.197;80.9;10515164;10.199;-76.846;1005.582;4624.407;-803.367;-1046.128
3.703798;10517500;2377;;;;;;;;;;;;;;
3.706298;10520000;2393;;;;;;;;;;;;;;
3.708798;10522500;2427;;;;;;;;;;;;;;
3.711298;10525000;2463;;;;;;;;;;;;;;
3.713798;10527500;2396;;;;;;;;;;;;;;
3.716298;10530000;2472;;;;;;;;;;;;;;
3.718798;10532500;2411;;;;;;;;;;;;;;
3.721298;10535000;2394;;;;;;;;;;;;;;
3.723798;10537500;2382;;;;;;;;;;;;;;
3.726298;10540000;2408;;;;;;;;;;;;;;
3.728798;10542500;2440;;;;;;;;;;;;;;
3.731298;10545000;2474;;;;;;;;;;;;;;
3.733798;10547500;2508;10548231;77.272;-633.8;803.368;314.616;187.537;64.605;10547796;10.531;-75.2;1005.731;4478.062;-747.886;-1023.572
3.736298;10550000;2488;;;;;;;;;;;;;;
3.738798;10552500;2440;;;;;;;;;;;;;;
3.741298;10555000;2426;;;;;;;;;;;;;;
3.743798;10557500;1706;;;;;;;;;;;;;;
3.746298;10560000;2394;;;;;;;;;;;;;;
3.748798;10562500;2457;;;;;;;;;;;;;;
3.751298;10565000;2503;;;;;;;;;;;;;;
3.753798;10567500;2519;;;;;;;;;;;;;;
3.756298;10570000;2492;;;;;;;;;;;;;;
3.758798;10572500;2472;;;;;;;;;;;;;;
3.761298;10575000;2428;;;;;;;;;;;;;;
3.763798;10577500;2397;;;;;;;;;;;;;;
3.766298;10580000;2441;10580862;77.208;-633.781;803.265;293.635;179.035;66.187;10580430;10.889;-73.41;1006.069;4157.471;-613.805;-962.331
3.768798;10582500;2527;;;;;;;;;;;;;;
3.771298;10585000;2553;;;;;;;;;;;;;;
3.773798;10587500;2543;;;;;;;;;;;;;;
3.776298;10590000;2527;;;;;;;;;;;;;;
3.778798;10592500;2507;;;;;;;;;;;;;;
3.781298;10595000;2478;;;;;;;;;;;;;;
3.783798;10597500;2491;;;;;;;;;;;;;;
3.786298;10600000;2521;;;;;;;;;;;;;;
3.788798;10602500;2507;;;;;;;;;;;;;;
3.791298;10605000;2541;;;;;;;;;;;;;;
3.793798;10607500;2572;;;;;;;;;;;;;;
3.796298;10610000;2572;;;;;;;;;;;;;;
3.798798;10612500;2536;10613411;78.564;-634.007;803.002;178.766;240.958;58.503;10612976;12.845;-70.191;1006.956;2991.91;-30.552;-770.714
3.801298;10615000;2504;;;;;;;;;;;;;;
3.803798;10617500;2505;;;;;;;;;;;;;;
3.806298;10620000;2527;;;;;;;;;;;;;;
3.808798;10622500;2509;;;;;;;;;;;;;;
3.811298;10625000;2590;;;;;;;;;;;;;;
3.813798;10627500;2617;;;;;;;;;;;;;;
3.816298;10630000;2568;;;;;;;;;;;;;;
3.818798;10632500;2556;;;;;;;;;;;;;;
3.821298;10635000;2527;;;;;;;;;;;;;;
3.823798;10637500;2519;;;;;;;;;;;;;;
3.826298;10640000;2541;;;;;;;;;;;;;;
3.828798;10642500;2585;;;;;;;;;;;;;;
3.831298;10645000;2607;;;;;;;;;;;;;;
3.833798;10647500;2606;;;;;;;;;;;;;;
3.836298;10650000;2575;;;;;;;;;;;;;;
3.838798;10652500;2570;;;;;;;;;;;;;;
3.841298;10655000;2488;10655769;78.137;-633.209;803.49;-65.11;236.348;-12.235;10655334;12.13;-71.897;1007.354;1231.877;699.851;-391.366
3.843798;10657500;2524;;;;;;;;;;;;;;
3.846298;10660000;2539;;;;;;;;;;;;;;
3.848798;10662500;2598;;;;;;;;;;;;;;
3.851298;10665000;2600;;;;;;;;;;;;;;
3.853798;10667500;2616;;;;;;;;;;;;;;
3.856298;10670000;2584;;;;;;;;;;;;;;
3.858798;10672500;2551;;;;;;;;;;;;;;
3.861298;10675000;2538;;;;;;;;;;;;;;
3.863798;10677500;2537;;;;;;;;;;;;;;
3.866298;10680000;2538;;;;;;;;;;;;;;
3.868798;10682500;2574;;;;;;;;;;;;;;
3.871298;10685000;2606;;;;;;;;;;;;;;
3.873798;10687500;2585;10688309;77.042;-634.324;802.422;-279.729;262.593;69.752;10687882;7.449;-70.87;1004.512;-218.342;572.546;-262.86
3.876298;10690000;2589;;;;;;;;;;;;;;
3.878798;10692500;2583;;;;;;;;;;;;;;
3.881298;10695000;2557;;;;;;;;;;;;;;
3.883798;10697500;2539;;;;;;;;;;;;;;
3.886298;10700000;2536;;;;;;;;;;;;;;
3.888798;10702500;2606;;;;;;;;;;;;;;
3.891298;10705000;2617;;;;;;;;;;;;;;
3.893798;10707500;2633;;;;;;;;;;;;;;
3.896298;10710000;2631;;;;;;;;;;;;;;
3.898798;10712500;2557;;;;;;;;;;;;;;
3.901298;10715000;2539;;;;;;;;;;;;;;
3.903798;10717500;2526;;;;;;;;10718706;6.356;-70.914;1004.758;-183.363;518.981;-261.967
3.906298;10720000;2475;10719140;77.204;-633.7;803.196;-130.993;215.776;33.014;;;;;;;
3.908798;10722500;2570;;;;;;;;;;;;;;
3.911298;10725000;2621;;;;;;;;;;;;;;
3.913798;10727500;2623;;;;;;;;;;;;;;
3.916298;10730000;2588;;;;;;;;;;;;;;
3.918798;10732500;2569;;;;;;;;;;;;;;
3.921298;10735000;2540;;;;;;;;;;;;;;
3.923798;10737500;2522;;;;;;;;;;;;;;
3.926298;10740000;2536;;;;;;;;;;;;;;
3.928798;10742500;2586;;;;;;;;;;;;;;
3.931298;10745000;2607;;;;;;;;;;;;;;
3.933798;10747500;2570;;;;;;;;;;;;;;
3.936298;10750000;2494;;;;;;;;10751165;6.264;-73.053;1004.57;-347.007;443.594;-251.056
3.938798;10752500;2456;10751587;76.772;-634.082;802.71;-79.818;201.924;9.926;;;;;;;
3.941298;10755000;2313;;;;;;;;;;;;;;
3.943798;10757500;2287;;;;;;;;;;;;;;
3.946298;10760000;2297;;;;;;;;;;;;;;
3.948798;10762500;2237;;;;;;;;;;;;;;
3.951298;10765000;2268;;;;;;;;;;;;;;
3.953798;10767500;2297;;;;;;;;;;;;;;
3.956298;10770000;2327;;;;;;;;;;;;;;
3.958798;10772500;2304;;;;;;;;;;;;;;
3.961298;10775000;2039;;;;;;;;;;;;;;
3.963798;10777500;2220;;;;;;;;;;;;;;
3.966298;10780000;2381;;;;;;;;;;;;;;
3.968798;10782500;2542;;;;;;;;10783450;5.921;-74.433;1004.551;-295.532;445.915;-252.066
3.971298;10785000;2783;10783889;76.557;-634.434;802.511;-43.015;177.828;15.117;;;;;;;
3.973798;10787500;3582;;;;;;;;;;;;;;
3.976298;10790000;3383;;;;;;;;;;;;;;
3.978798;10792500;3319;;;;;;;;;;;;;;
3.981298;10795000;2903;;;;;;;;;;;;;;
3.983798;10797500;3323;;;;;;;;;;;;;;
3.986298;10800000;3373;;;;;;;;;;;;;;
3.988798;10802500;3390;;;;;;;;;;;;;;
3.991298;10805000;3403;;;;;;;;;;;;;;
3.993798;10807500;3417;;;;;;;;;;;;;;
3.996298;10810000;3417;;;;;;;;;;;;;;
3.998798;10812500;3391;;;;;;;;;;;;;;
4.001298;10815000;3422;10816245;76.358;-634.603;802.554;30.448;140.937;8.674;10815823;5.643;-75.713;1004.532;-187.13;432.369;-255.65
4.003798;10817500;3436;;;;;;;;;;;;;;
4.006298;10820000;3448;;;;;;;;;;;;;;
4.008798;10822500;3451;;;;;;;;;;;;;;
4.011298;10825000;2285;;;;;;;;;;;;;;
4.013798;10827500;3419;;;;;;;;;;;;;;
4.016298;10830000;3450;;;;;;;;;;;;;;
4.018798;10832500;3449;;;;;;;;;;;;;;
4.021298;10835000;3480;;;;;;;;;;;;;;
4.023798;10837500;3454;;;;;;;;;;;;;;
4.026298;10840000;3464;;;;;;;;;;;;;;
4.028798;10842500;3470;;;;;;;;;;;;;;
4.031298;10845000;3502;;;;;;;;;;;;;;
4.033798;10847500;3485;10848455;76.084;-634.635;802.455;59.988;117.702;7.803;10848021;5.373;-76.612;1004.582;-72.336;401.125;-258.618
4.036298;10850000;3484;;;;;;;;;;;;;;
4.038798;10852500;3486;;;;;;;;;;;;;;
4.041298;10855000;3485;;;;;;;;;;;;;;
4.043798;10857500;2359;;;;;;;;;;;;;;
4.046298;10860000;3484;;;;;;;;;;;;;;
4.048798;10862500;3511;;;;;;;;;;;;;;
4.051298;10865000;3514;;;;;;;;;;;;;;
4.053798;10867500;3514;;;;;;;;;;;;;;
4.056298;10870000;3544;;;;;;;;;;;;;;
4.058798;10872500;3543;;;;;;;;;;;;;;
4.061298;10875000;3544;;;;;;;;;;;;;;
4.063798;10877500;3517;;;;;;;;10878498;5.001;-77.662;1004.605;4.781;385.882;-260.999
4.066298;10880000;3518;10878926;76.026;-634.843;802.36;84.989;99.13;5.662;;;;;;;
4.068798;10882500;3551;;;;;;;;;;;;;;
4.071298;10885000;3533;;;;;;;;;;;;;;
4.073798;10887500;3533;;;;;;;;;;;;;;
4.076298;10890000;2200;;;;;;;;;;;;;;
4.078798;10892500;3532;;;;;;;;;;;;;;
4.081298;10895000;3562;;;;;;;;;;;;;;
4.083798;10897500;3543;;;;;;;;;;;;;;
4.086298;10900000;3544;;;;;;;;;;;;;;
4.088798;10902500;3546;;;;;;;;;;;;;;
4.091298;10905000;3547;;;;;;;;;;;;;;
4.093798;10907500;3577;;;;;;;;;;;;;;
4.096298;10910000;3547;10910784;75.756;-635.016;802.124;96.49;87.173;7.567;10910350;4.781;-78.75;1004.486;51.354;354.338;-263.699
4.098798;10912500;3579;;;;;;;;;;;;;;
4.101298;10915000;3548;;;;;;;;;;;;;;
4.103798;10917500;3577;;;;;;;;;;;;;;
4.106298;10920000;3551;;;;;;;;;;;;;;
4.108798;10922500;2841;;;;;;;;;;;;;;
4.111298;10925000;3563;;;;;;;;;;;;;;
4.113798;10927500;3594;;;;;;;;;;;;;;
4.116298;10930000;3595;;;;;;;;;;;;;;
4.118798;10932500;3561;;;;;;;;;;;;;;
4.121298;10935000;3591;;;;;;;;;;;;;;
4.123798;10937500;3562;;;;;;;;;;;;;;
4.126298;10940000;3564;;;;;;;;;;;;;;
4.128798;10942500;3596;10942718;75.708;-635.138;801.912;95.603;80.19;12.438;10942287;4.402;-79.839;1004.477;91.224;318.683;-263.202
4.131298;10945000;3564;;;;;;;;;;;;;;
4.133798;10947500;3598;;;;;;;;;;;;;;
4.136298;10950000;3568;;;;;;;;;;;;;;
4.138798;10952500;3565;;;;;;;;;;;;;;
4.141298;10955000;3165;;;;;;;;;;;;;;
4.143798;10957500;3566;;;;;;;;;;;;;;
4.146298;10960000;3577;;;;;;;;;;;;;;
4.148798;10962500;3578;;;;;;;;;;;;;;
4.151298;10965000;3610;;;;;;;;;;;;;;
4.153798;10967500;3610;;;;;;;;;;;;;;
4.156298;10970000;3578;;;;;;;;;;;;;;
4.158798;10972500;3607;;;;;;;;;;;;;;
4.161298;10975000;3598;10974746;75.582;-635.247;801.783;98.26;75.743;15.754;10974314;4.237;-80.819;1004.511;125.6;300.124;-265.354
4.163798;10977500;3576;;;;;;;;;;;;;;
4.166298;10980000;3609;;;;;;;;;;;;;;
4.168798;10982500;3580;;;;;;;;;;;;;;
4.171298;10985000;2732;;;;;;;;;;;;;;
4.173798;10987500;3592;;;;;;;;;;;;;;
4.176298;10990000;3613;;;;;;;;;;;;;;
4.178798;10992500;3611;;;;;;;;;;;;;;
4.181298;10995000;3577;;;;;;;;;;;;;;
4.183798;10997500;3608;;;;;;;;;;;;;;
4.186298;11000000;3579;;;;;;;;;;;;;;
4.188798;11002500;3581;;;;;;;;;;;;;;
4.191298;11005000;3582;;;;;;;;;;;;;;
4.193798;11007500;3582;11006856;75.347;-635.571;801.655;106.034;71.081;21.091;11006426;4.013;-81.932;1004.488;153.883;273.305;-266.086
4.196298;11010000;3609;;;;;;;;;;;;;;
4.198798;11012500;3610;;;;;;;;;;;;;;
4.201298;11015000;3578;;;;;;;;;;;;;;
4.203798;11017500;3304;;;;;;;;;;;;;;
4.206298;11020000;3582;;;;;;;;;;;;;;
4.208798;11022500;3582;;;;;;;;;;;;;;
4.211298;11025000;3611;;;;;;;;;;;;;;
4.213798;11027500;3613;;;;;;;;;;;;;;
4.216298;11030000;3580;;;;;;;;;;;;;;
4.218798;11032500;3578;;;;;;;;;;;;;;
4.221298;11035000;3606;;;;;;;;;;;;;;
4.223798;11037500;3567;11037422;75.148;-635.537;801.589;119.545;61.402;24.412;11036988;3.696;-82.691;1004.516;205.251;248.265;-264.595
4.226298;11040000;3576;;;;;;;;;;;;;;
4.228798;11042500;3578;;;;;;;;;;;;;;
4.231298;11045000;3579;;;;;;;;;;;;;;
4.233798;11047500;3579;;;;;;;;;;;;;;
4.236298;11050000;3496;;;;;;;;;;;;;;
4.238798;11052500;3610;;;;;;;;;;;;;;
4.241298;11055000;3576;;;;;;;;;;;;;;
4.243798;11057500;3576;;;;;;;;;;;;;;
4.246298;11060000;3600;;;;;;;;;;;;;;
4.248798;11062500;3576;;;;;;;;;;;;;;
4.251298;11065000;3575;;;;;;;;;;;;;;
4.253798;11067500;3576;;;;;;;;;;;;;;
4.256298;11070000;3575;11069616;75.124;-635.449;801.549;126.255;57.456;26.691;11069188;3.548;-83.4;1004.584;250.551;224.039;-264.927
4.258798;11072500;3597;;;;;;;;;;;;;;
4.261298;11075000;3594;;;;;;;;;;;;;;
4.263798;11077500;3595;;;;;;;;;;;;;;
4.266298;11080000;3563;;;;;;;;;;;;;;
4.268798;11082500;3545;;;;;;;;;;;;;;
4.271298;11085000;3577;;;;;;;;;;;;;;
4.273798;11087500;3607;;;;;;;;;;;;;;
4.276298;11090000;3565;;;;;;;;;;;;;;
4.278798;11092500;3562;;;;;;;;;;;;;;
4.281298;11095000;3592;;;;;;;;;;;;;;
4.283798;11097500;3562;;;;;;;;;;;;;;
4.286298;11100000;3581;;;;;;;;;;;;;;
4.288798;11102500;3593;11101822;75.016;-635.623;801.336;142.255;47.584;25.357;11101387;3.389;-84.183;1004.619;294.899;199.275;-265.681
4.291298;11105000;3593;;;;;;;;;;;;;;
4.293798;11107500;3593;;;;;;;;;;;;;;
4.296298;11110000;3560;;;;;;;;;;;;;;
4.298798;11112500;2684;;;;;;;;;;;;;;
4.301298;11115000;3547;;;;;;;;;;;;;;
4.303798;11117500;3563;;;;;;;;;;;;;;
4.306298;11120000;3582;;;;;;;;;;;;;;
4.308798;11122500;3561;;;;;;;;;;;;;;
4.311298;11125000;3561;;;;;;;;;;;;;;
4.313798;11127500;3581;;;;;;;;;;;;;;
4.316298;11130000;3581;;;;;;;;;;;;;;
4.318798;11132500;3578;;;;;;;;11133585;3.207;-85.08;1004.512;326.091;180.999;-269.459
4.321298;11135000;3548;11134015;74.84;-635.842;801.187;146.517;42.579;31.089;;;;;;;
4.323798;11137500;3548;;;;;;;;;;;;;;
4.326298;11140000;3549;;;;;;;;;;;;;;
4.328798;11142500;3580;;;;;;;;;;;;;;
4.331298;11145000;3543;;;;;;;;;;;;;;
4.333798;11147500;3592;;;;;;;;;;;;;;
4.336298;11150000;3551;;;;;;;;;;;;;;
4.338798;11152500;3578;;;;;;;;;;;;;;
4.341298;11155000;3547;;;;;;;;;;;;;;
4.343798;11157500;3568;;;;;;;;;;;;;;
4.346298;11160000;3548;;;;;;;;;;;;;;
4.348798;11162500;3567;;;;;;;;;;;;;;
4.351298;11165000;3551;11166217;73.403;-636.807;800.308;207.879;-13.8;11.159;11165785;2.174;-87.572;1003.867;836.537;92.761;-298.861
4.353798;11167500;3578;;;;;;;;;;;;;;
4.356298;11170000;3577;;;;;;;;;;;;;;
4.358798;11172500;3545;;;;;;;;;;;;;;
4.361298;11175000;3547;;;;;;;;;;;;;;
4.363798;11177500;3528;;;;;;;;;;;;;;
4.366298;11180000;3550;;;;;;;;;;;;;;
4.368798;11182500;3560;;;;;;;;;;;;;;
4.371298;11185000;3558;;;;;;;;;;;;;;
4.373798;11187500;3580;;;;;;;;;;;;;;
4.376298;11190000;3550;;;;;;;;;;;;;;
4.378798;11192500;3547;;;;;;;;;;;;;;
4.381298;11195000;3548;;;;;;;;11196174;2.81;-86.469;1004.359;1637.772;-68.939;-302.731
4.383798;11197500;3550;11196604;73.765;-637.346;800.37;277.548;-122.485;5.351;;;;;;;
4.386298;11200000;3548;;;;;;;;;;;;;;
4.388798;11202500;3559;;;;;;;;;;;;;;
4.391298;11205000;3582;;;;;;;;;;;;;;
4.393798;11207500;2685;;;;;;;;;;;;;;
4.396298;11210000;3549;;;;;;;;;;;;;;
4.398798;11212500;3583;;;;;;;;;;;;;;
4.401298;11215000;3550;;;;;;;;;;;;;;
4.403798;11217500;3551;;;;;;;;;;;;;;
4.406298;11220000;3550;11220041;74.024;-636.729;801.002;341.108;-165.798;6.396;11219609;2.773;-85.233;1004.862;1822.759;7.133;-295.032
4.408798;11222500;3560;;;;;;;;;;;;;;
4.411298;11225000;3581;;;;;;;;;;;;;;
4.413798;11227500;3561;;;;;;;;;;;;;;
4.416298;11230000;3562;;;;;;;;;;;;;;
4.418798;11232500;3559;;;;;;;;;;;;;;
4.421298;11235000;3559;;;;;;;;;;;;;;
4.423798;11237500;3560;;;;;;;;;;;;;;
4.426298;11240000;2431;;;;;;;;;;;;;;
4.428798;11242500;3567;;;;;;;;;;;;;;
4.431298;11245000;3579;;;;;;;;;;;;;;
4.433798;11247500;3577;;;;;;;;;;;;;;
4.436298;11250000;3599;11250073;73.995;-637.131;801.01;359.49;-174.57;6.514;11249631;2.049;-86.052;1004.554;1877.746;-80.287;-299.093
4.438798;11252500;3597;;;;;;;;;;;;;;
4.441298;11255000;3575;;;;;;;;;;;;;;
4.443798;11257500;3578;;;;;;;;;;;;;;
4.446298;11260000;3610;;;;;;;;;;;;;;
4.448798;11262500;3583;;;;;;;;;;;;;;
4.451298;11265000;3625;;;;;;;;;;;;;;
4.453798;11267500;3598;;;;;;;;;;;;;;
4.456298;11270000;3609;;;;;;;;;;;;;;
4.458798;11272500;1117;;;;;;;;;;;;;;
4.461298;11275000;715;;;;;;;;;;;;;;
4.463798;11277500;510;;;;;;;;;;;;;;
4.466298;11280000;525;11280451;74.083;-636.909;801.299;367.765;-311.967;-16.562;11280020;2.221;-86.129;1004.584;2270.796;-386.46;-350.638
4.468798;11282500;649;;;;;;;;;;;;;;
4.471298;11285000;701;;;;;;;;;;;;;;
4.473798;11287500;698;;;;;;;;;;;;;;
4.476298;11290000;651;;;;;;;;;;;;;;
4.478798;11292500;568;;;;;;;;;;;;;;
4.481298;11295000;525;;;;;;;;;;;;;;
4.483798;11297500;526;;;;;;;;;;;;;;
4.486298;11300000;681;;;;;;;;;;;;;;
4.488798;11302500;824;;;;;;;;;;;;;;
4.491298;11305000;1020;;;;;;;;;;;;;;
4.493798;11307500;1037;;;;;;;;;;;;;;
4.496298;11310000;1036;;;;;;;;;;;;;;
4.498798;11312500;936;11313089;74.216;-636.936;801.28;435.565;-402.244;-37.171;11312654;2.5;-85.495;1004.802;2601.756;-588.512;-424.981
4.501298;11315000;894;;;;;;;;;;;;;;
4.503798;11317500;909;;;;;;;;;;;;;;
4.506298;11320000;950;;;;;;;;;;;;;;
4.508798;11322500;1016;;;;;;;;;;;;;;
4.511298;11325000;1068;;;;;;;;;;;;;;
4.513798;11327500;1067;;;;;;;;;;;;;;
4.516298;11330000;1052;;;;;;;;;;;;;;
4.518798;11332500;1007;;;;;;;;;;;;;;
4.521298;11335000;972;;;;;;;;;;;;;;
4.523798;11337500;976;;;;;;;;;;;;;;
4.526298;11340000;1005;;;;;;;;;;;;;;
4.528798;11342500;1095;;;;;;;;;;;;;;
4.531298;11345000;1128;11345720;74.684;-636.614;801.373;580.474;-448.631;-73.375;11345285;2.503;-84.362;1004.935;2908.293;-630.836;-450.982
4.533798;11347500;1114;;;;;;;;;;;;;;
4.536298;11350000;1099;;;;;;;;;;;;;;
4.538798;11352500;1049;;;;;;;;;;;;;;
4.541298;11355000;985;;;;;;;;;;;;;;
4.543798;11357500;987;;;;;;;;;;;;;;
4.546298;11360000;1017;;;;;;;;;;;;;;
4.548798;11362500;1095;;;;;;;;;;;;;;
4.551298;11365000;1148;;;;;;;;;;;;;;
4.553798;11367500;1130;;;;;;;;;;;;;;
4.556298;11370000;1181;;;;;;;;;;;;;;
4.558798;11372500;1180;;;;;;;;;;;;;;
4.561298;11375000;1241;;;;;;;;;;;;;;
4.563798;11377500;1195;11378347;74.89;-636.405;801.351;593.45;-447.637;-74.956;11377920;2.762;-83.981;1004.861;3174.128;-699.482;-486.183
4.566298;11380000;1216;;;;;;;;;;;;;;
4.568798;11382500;1321;;;;;;;;;;;;;;
4.571298;11385000;1389;;;;;;;;;;;;;;
4.573798;11387500;1341;;;;;;;;;;;;;;
4.576298;11390000;1358;;;;;;;;;;;;;;
4.578798;11392500;1273;;;;;;;;;;;;;;
4.581298;11395000;1223;;;;;;;;;;;;;;
4.583798;11397500;1256;;;;;;;;;;;;;;
4.586298;11400000;1288;;;;;;;;;;;;;;
4.588798;11402500;1341;;;;;;;;;;;;;;
4.591298;11405000;1407;;;;;;;;;;;;;;
4.593798;11407500;1403;;;;;;;;;;;;;;
4.596298;11410000;1385;11410987;75.391;-636.281;801.336;642.528;-458.505;-87.834;11410553;3.07;-82.996;1004.992;3571.047;-766.883;-523.561
4.598798;11412500;1307;;;;;;;;;;;;;;
4.601298;11415000;1288;;;;;;;;;;;;;;
4.603798;11417500;1264;;;;;;;;;;;;;;
4.606298;11420000;1273;;;;;;;;;;;;;;
4.608798;11422500;1368;;;;;;;;;;;;;;
4.611298;11425000;1434;;;;;;;;;;;;;;
4.613798;11427500;1420;;;;;;;;;;;;;;
4.616298;11430000;1388;;;;;;;;;;;;;;
4.618798;11432500;1343;;;;;;;;;;;;;;
4.621298;11435000;1310;;;;;;;;;;;;;;
4.623798;11437500;1320;;;;;;;;;;;;;;
4.626298;11440000;1355;;;;;;;;;;;;;;
4.628798;11442500;1418;11441984;75.391;-636.174;801.236;670.776;-463.143;-90.004;11441549;3.581;-82.061;1004.909;3912.244;-820.414;-514.883
4.631298;11445000;1511;;;;;;;;;;;;;;
4.633798;11447500;1496;;;;;;;;;;;;;;
4.636298;11450000;1501;;;;;;;;;;;;;;
4.638798;11452500;1390;;;;;;;;;;;;;;
4.641298;11455000;1422;;;;;;;;;;;;;;
4.643798;11457500;1423;;;;;;;;;;;;;;
4.646298;11460000;1463;;;;;;;;;;;;;;
4.648798;11462500;1503;;;;;;;;;;;;;;
4.651298;11465000;1562;;;;;;;;;;;;;;
4.653798;11467500;1534;;;;;;;;;;;;;;
4.656298;11470000;1560;;;;;;;;;;;;;;
4.658798;11472500;1480;;;;;;;;;;;;;;
4.661298;11475000;1422;11474614;75.605;-636.031;801.263;707.237;-458.798;-89.879;11474183;4.049;-80.478;1004.927;4296.319;-903.205;-537.264
4.663798;11477500;1448;;;;;;;;;;;;;;
4.666298;11480000;1481;;;;;;;;;;;;;;
4.668798;11482500;1501;;;;;;;;;;;;;;
4.671298;11485000;1513;;;;;;;;;;;;;;
4.673798;11487500;1528;;;;;;;;;;;;;;
4.676298;11490000;1515;;;;;;;;;;;;;;
4.678798;11492500;1467;;;;;;;;;;;;;;
4.681298;11495000;1453;;;;;;;;;;;;;;
4.683798;11497500;1437;;;;;;;;;;;;;;
4.686298;11500000;1406;;;;;;;;;;;;;;
4.688798;11502500;1499;;;;;;;;;;;;;;
4.691298;11505000;1590;;;;;;;;;;;;;;
4.693798;11507500;1548;11507251;75.759;-636.065;801.271;709.063;-449.858;-89.76;11506816;4.456;-79.034;1005.048;4443.753;-930.67;-547.588
4.696298;11510000;1500;;;;;;;;;;;;;;
4.698798;11512500;1495;;;;;;;;;;;;;;
4.701298;11515000;1421;;;;;;;;;;;;;;
4.703798;11517500;1375;;;;;;;;;;;;;;
4.706298;11520000;1481;;;;;;;;;;;;;;
4.708798;11522500;1519;;;;;;;;;;;;;;
4.711298;11525000;1548;;;;;;;;;;;;;;
4.713798;11527500;1566;;;;;;;;;;;;;;
4.716298;11530000;1561;;;;;;;;;;;;;;
4.718798;11532500;1467;;;;;;;;;;;;;;
4.721298;11535000;1456;;;;;;;;;;;;;;
4.723798;11537500;1468;;;;;;;;;;;;;;
4.726298;11540000;1484;;;;;;;;;;;;;;
4.728798;11542500;1528;;;;;;;;;;;;;;
4.731298;11545000;1564;;;;;;;;;;;;;;
4.733798;11547500;1112;;;;;;;;;;;;;;
4.736298;11550000;1566;11549782;75.979;-635.921;801.291;720.422;-454.49;-82.21;11549348;4.868;-77.046;1005.261;4618.378;-969.449;-568.334
4.738798;11552500;1501;;;;;;;;;;;;;;
4.741298;11555000;1482;;;;;;;;;;;;;;
4.743798;11557500;1480;;;;;;;;;;;;;;
4.746298;11560000;1502;;;;;;;;;;;;;;
4.748798;11562500;1561;;;;;;;;;;;;;;
4.751298;11565000;1614;;;;;;;;;;;;;;
4.753798;11567500;1581;;;;;;;;;;;;;;
4.756298;11570000;1549;;;;;;;;;;;;;;
4.758798;11572500;1528;;;;;;;;;;;;;;
4.761298;11575000;1529;;;;;;;;;;;;;;
4.763798;11577500;1487;;;;;;;;;;;;;;
4.766298;11580000;1417;;;;;;;;;;;;;;
4.768798;11582500;1546;11582409;76.182;-635.607;801.468;778.026;-465.453;-96.474;11581982;5.35;-75.256;1005.403;4630.272;-988.789;-581.48
4.771298;11585000;1599;;;;;;;;;;;;;;
4.773798;11587500;1608;;;;;;;;;;;;;;
4.776298;11590000;1594;;;;;;;;;;;;;;
4.778798;11592500;1566;;;;;;;;;;;;;;
4.781298;11595000;1512;;;;;;;;;;;;;;
4.783798;11597500;1533;;;;;;;;;;;;;;
4.786298;11600000;1645;;;;;;;;;;;;;;
4.788798;11602500;1689;;;;;;;;;;;;;;
4.791298;11605000;1737;;;;;;;;;;;;;;
4.793798;11607500;1739;;;;;;;;;;;;;;
4.796298;11610000;1702;;;;;;;;;;;;;;
4.798798;11612500;1663;;;;;;;;;;;;;;
4.801298;11615000;1629;11615049;76.35;-635.321;801.648;767.125;-451.806;-90.338;11614615;5.729;-73.433;1005.579;4460.446;-962.1;-573.406
4.803798;11617500;1660;;;;;;;;;;;;;;
4.806298;11620000;1658;;;;;;;;;;;;;;
4.808798;11622500;1722;;;;;;;;;;;;;;
4.811298;11625000;1741;;;;;;;;;;;;;;
4.813798;11627500;1768;;;;;;;;;;;;;;
4.816298;11630000;1739;;;;;;;;;;;;;;
4.818798;11632500;1720;;;;;;;;;;;;;;
4.821298;11635000;1656;;;;;;;;;;;;;;
4.823798;11637500;1673;;;;;;;;;;;;;;
4.826298;11640000;1696;;;;;;;;;;;;;;
4.828798;11642500;1742;;;;;;;;;;;;;;
4.831298;11645000;1784;;;;;;;;;;;;;;
4.833798;11647500;1783;11647677;76.534;-635.22;801.704;725.269;-426.153;-77.946;11647247;6.266;-71.963;1005.723;4187.111;-908.307;-557.861
4.836298;11650000;1738;;;;;;;;;;;;;;
4.838798;11652500;1688;;;;;;;;;;;;;;
4.841298;11655000;1663;;;;;;;;;;;;;;
4.843798;11657500;1656;;;;;;;;;;;;;;
4.846298;11660000;1689;;;;;;;;;;;;;;
4.848798;11662500;1722;;;;;;;;;;;;;;
4.851298;11665000;1741;;;;;;;;;;;;;;
4.853798;11667500;1758;;;;;;;;;;;;;;
4.856298;11670000;1710;;;;;;;;;;;;;;
4.858798;11672500;1691;;;;;;;;;;;;;;
4.861298;11675000;1642;;;;;;;;;;;;;;
4.863798;11677500;1672;11678676;76.837;-634.85;801.867;702.568;-407.033;-70.549;11678245;6.648;-70.317;1005.792;3923.943;-785.892;-531.718
4.866298;11680000;1676;;;;;;;;;;;;;;
4.868798;11682500;1740;;;;;;;;;;;;;;
4.871298;11685000;1773;;;;;;;;;;;;;;
4.873798;11687500;1771;;;;;;;;;;;;;;
4.876298;11690000;1723;;;;;;;;;;;;;;
4.878798;11692500;1678;;;;;;;;;;;;;;
4.881298;11695000;1674;;;;;;;;;;;;;;
4.883798;11697500;1689;;;;;;;;;;;;;;
4.886298;11700000;1708;;;;;;;;;;;;;;
4.888798;11702500;1723;;;;;;;;;;;;;;
4.891298;11705000;1789;;;;;;;;;;;;;;
4.893798;11707500;1758;;;;;;;;;;;;;;
4.896298;11710000;1726;;;;;;;;11710878;7.06;-68.967;1005.755;3712.433;-635.472;-493.757
4.898798;11712500;1704;11711308;76.942;-634.845;801.948;691.939;-386.681;-69.209;;;;;;;
4.901298;11715000;1691;;;;;;;;;;;;;;
4.903798;11717500;1688;;;;;;;;;;;;;;
4.906298;11720000;1686;;;;;;;;;;;;;;
4.908798;11722500;1740;;;;;;;;;;;;;;
4.911298;11725000;1773;;;;;;;;;;;;;;
4.913798;11727500;1770;;;;;;;;;;;;;;
4.916298;11730000;1726;;;;;;;;;;;;;;
4.918798;11732500;1704;;;;;;;;;;;;;;
4.921298;11735000;1643;;;;;;;;;;;;;;
4.923798;11737500;1673;;;;;;;;;;;;;;
4.926298;11740000;1704;;;;;;;;;;;;;;
4.928798;11742500;1725;;;;;;;;11743509;7.439;-67.745;1005.767;3524.186;-602.386;-478.256
4.931298;11745000;1774;11743943;77.096;-634.646;802.086;674.842;-370.409;-64.873;;;;;;;
4.933798;11747500;1767;;;;;;;;;;;;;;
4.936298;11750000;1751;;;;;;;;;;;;;;
4.938798;11752500;1693;;;;;;;;;;;;;;
4.941298;11755000;1640;;;;;;;;;;;;;;
4.943798;11757500;1657;;;;;;;;;;;;;;
4.946298;11760000;1704;;;;;;;;;;;;;;
4.948798;11762500;1736;;;;;;;;;;;;;;
4.951298;11765000;1768;;;;;;;;;;;;;;
4.953798;11767500;1736;;;;;;;;;;;;;;
4.956298;11770000;1741;;;;;;;;;;;;;;
4.958798;11772500;1702;;;;;;;;;;;;;;
4.961298;11775000;1630;;;;;;;;11776144;7.616;-66.773;1005.871;3205.789;-504.017;-440.781
4.963798;11777500;1659;11776571;77.164;-634.573;802.181;599.1;-320.826;-39.317;;;;;;;
4.966298;11780000;1678;;;;;;;;;;;;;;
4.968798;11782500;1720;;;;;;;;;;;;;;
4.971298;11785000;1644;;;;;;;;;;;;;;
4.973798;11787500;1739;;;;;;;;;;;;;;
4.976298;11790000;1722;;;;;;;;;;;;;;
4.978798;11792500;1659;;;;;;;;;;;;;;
4.981298;11795000;1629;;;;;;;;;;;;;;
4.983798;11797500;1630;;;;;;;;;;;;;;
4.986298;11800000;1646;;;;;;;;;;;;;;
4.988798;11802500;1707;;;;;;;;;;;;;;
4.991298;11805000;1756;;;;;;;;;;;;;;
4.993798;11807500;1738;;;;;;;;;;;;;;
4.996298;11810000;1740;11809211;77.338;-634.369;802.234;555.583;-294.285;-28.601;11808777;7.76;-65.448;1005.994;2888.437;-400.066;-416.117
4.998798;11812500;1676;;;;;;;;;;;;;;
5.001298;11815000;1612;;;;;;;;;;;;;;
5.003798;11817500;1517;;;;;;;;;;;;;;
5.006298;11820000;1657;;;;;;;;;;;;;;
5.008798;11822500;1704;;;;;;;;;;;;;;
5.011298;11825000;1771;;;;;;;;;;;;;;
5.013798;11827500;1753;;;;;;;;;;;;;;
5.016298;11830000;1705;;;;;;;;;;;;;;
5.018798;11832500;1661;;;;;;;;;;;;;;
5.021298;11835000;1640;;;;;;;;;;;;;;
5.023798;11837500;1624;;;;;;;;;;;;;;
5.026298;11840000;1647;11840203;77.253;-634.517;802.285;477.491;-249.383;-4.421;11839773;8.074;-65.622;1005.879;2613.203;-399.75;-396.624
5.028798;11842500;1708;;;;;;;;;;;;;;
5.031298;11845000;1723;;;;;;;;;;;;;;
5.033798;11847500;1753;;;;;;;;;;;;;;
5.036298;11850000;1142;;;;;;;;;;;;;;
5.038798;11852500;1660;;;;;;;;;;;;;;
5.041298;11855000;1613;;;;;;;;;;;;;;
5.043798;11857500;1658;;;;;;;;;;;;;;
5.046298;11860000;1656;;;;;;;;;;;;;;
5.048798;11862500;1707;;;;;;;;;;;;;;
5.051298;11865000;1742;;;;;;;;;;;;;;
5.053798;11867500;1737;;;;;;;;;;;;;;
5.056298;11870000;1707;;;;;;;;;;;;;;
5.058798;11872500;1692;11872752;77.508;-634.511;802.211;529.742;-273.664;-23.45;11872320;8.567;-64.604;1005.935;2670.668;-420.888;-400.855
5.061298;11875000;1659;;;;;;;;;;;;;;
5.063798;11877500;1638;;;;;;;;;;;;;;
5.066298;11880000;1673;;;;;;;;;;;;;;
5.068798;11882500;1358;;;;;;;;;;;;;;
5.071298;11885000;1722;;;;;;;;;;;;;;
5.073798;11887500;1737;;;;;;;;;;;;;;
5.076298;11890000;1720;;;;;;;;;;;;;;
5.078798;11892500;1647;;;;;;;;;;;;;;
5.081298;11895000;1639;;;;;;;;;;;;;;
5.083798;11897500;1641;;;;;;;;;;;;;;
5.086298;11900000;1679;;;;;;;;;;;;;;
5.088798;11902500;1719;;;;;;;;;;;;;;
5.091298;11905000;1751;11905383;77.481;-634.652;802.165;449.442;-225.418;-1.278;11904953;8.706;-63.722;1006.03;2651.322;-339.906;-385.187
5.093798;11907500;1743;;;;;;;;;;;;;;
5.096298;11910000;1703;;;;;;;;;;;;;;
5.098798;11912500;1693;;;;;;;;;;;;;;
5.101298;11915000;1392;;;;;;;;;;;;;;
5.103798;11917500;1610;;;;;;;;;;;;;;
5.106298;11920000;1689;;;;;;;;;;;;;;
5.108798;11922500;1707;;;;;;;;;;;;;;
5.111298;11925000;1727;;;;;;;;;;;;;;
5.113798;11927500;1752;;;;;;;;;;;;;;
5.116298;11930000;1706;;;;;;;;;;;;;;
5.118798;11932500;1676;;;;;;;;;;;;;;
5.121298;11935000;1674;;;;;;;;;;;;;;
5.123798;11937500;1629;11937936;77.566;-634.536;802.17;405.97;-196.21;9.286;11937498;8.728;-62.836;1006.218;2522.256;-306.285;-368.99
5.126298;11940000;1660;;;;;;;;;;;;;;
5.128798;11942500;1737;;;;;;;;;;;;;;
5.131298;11945000;1755;;;;;;;;;;;;;;
5.133798;11947500;1710;;;;;;;;;;;;;;
5.136298;11950000;1735;;;;;;;;;;;;;;
5.138798;11952500;1675;;;;;;;;;;;;;;
5.141298;11955000;1641;;;;;;;;;;;;;;
5.143798;11957500;1675;;;;;;;;;;;;;;
5.146298;11960000;1710;;;;;;;;;;;;;;
5.148798;11962500;1737;;;;;;;;;;;;;;
5.151298;11965000;1751;;;;;;;;;;;;;;
5.153798;11967500;1800;;;;;;;;;;;;;;
5.156298;11970000;1737;11970381;77.33;-634.627;802.108;430.296;-202.587;2.259;11969958;8.804;-62.543;1006.244;2507.705;-352.659;-375.041
5.158798;11972500;1704;;;;;;;;;;;;;;
5.161298;11975000;1705;;;;;;;;;;;;;;
5.163798;11977500;1659;;;;;;;;;;;;;;
5.166298;11980000;1674;;;;;;;;;;;;;;
5.168798;11982500;1742;;;;;;;;;;;;;;
5.171298;11985000;1785;;;;;;;;;;;;;;
5.173798;11987500;1784;;;;;;;;;;;;;;
5.176298;11990000;1769;;;;;;;;;;;;;;
5.178798;11992500;1705;;;;;;;;;;;;;;
5.181298;11995000;1689;;;;;;;;;;;;;;
5.183798;11997500;1688;;;;;;;;;;;;;;
5.186298;12000000;1724;12001221;77.318;-634.511;802.031;558.406;-268.145;-36.354;12000782;8.949;-62.197;1006.367;2646.57;-484.213;-410.976
5.188798;12002500;1757;;;;;;;;;;;;;;
5.191298;12005000;1805;;;;;;;;;;;;;;
5.193798;12007500;1815;;;;;;;;;;;;;;
5.196298;12010000;1787;;;;;;;;;;;;;;
5.198798;12012500;1737;;;;;;;;;;;;;;
5.201298;12015000;1724;;;;;;;;;;;;;;
5.203798;12017500;1709;;;;;;;;;;;;;;
5.206298;12020000;1743;;;;;;;;;;;;;;
5.208798;12022500;1837;;;;;;;;;;;;;;
5.211298;12025000;1898;12025594;77.216;-634.75;801.964;674.424;-368.488;-68.661;12025172;8.923;-61.533;1006.435;2862.491;-642.003;-493.677
5.213798;12027500;1959;;;;;;;;;;;;;;
5.216298;12030000;1912;;;;;;;;;;;;;;
5.218798;12032500;1866;;;;;;;;;;;;;;
5.221298;12035000;1854;;;;;;;;;;;;;;
5.223798;12037500;1836;;;;;;;;;;;;;;
5.226298;12040000;1850;;;;;;;;;;;;;;
5.228798;12042500;1911;;;;;;;;;;;;;;
5.231298;12045000;1928;;;;;;;;;;;;;;
5.233798;12047500;1933;;;;;;;;;;;;;;
5.236298;12050000;1903;;;;;;;;;;;;;;
5.238798;12052500;1870;;;;;;;;;;;;;;
5.241298;12055000;1818;;;;;;;;12056148;9.215;-60.799;1006.621;3238.679;-868.027;-609.869
5.243798;12057500;1848;12056586;76.308;-634.623;802.15;964.89;-500.126;-136.103;;;;;;;
5.246298;12060000;1886;;;;;;;;;;;;;;
5.248798;12062500;1900;;;;;;;;;;;;;;
5.251298;12065000;1962;;;;;;;;;;;;;;
5.253798;12067500;1946;;;;;;;;;;;;;;
5.256298;12070000;1928;;;;;;;;;;;;;;
5.258798;12072500;1867;;;;;;;;;;;;;;
5.261298;12075000;1848;;;;;;;;;;;;;;
5.263798;12077500;1790;;;;;;;;;;;;;;
5.266298;12080000;1899;;;;;;;;;;;;;;
5.268798;12082500;1951;;;;;;;;;;;;;;
5.271298;12085000;1960;;;;;;;;;;;;;;
5.273798;12087500;1962;12087654;75.872;-633.721;802.425;982.708;-552.557;-75.048;12087232;9.028;-60.339;1006.755;3807.808;-1069.626;-697.938
5.276298;12090000;1932;;;;;;;;;;;;;;
5.278798;12092500;1868;;;;;;;;;;;;;;
5.281298;12095000;1865;;;;;;;;;;;;;;
5.283798;12097500;1897;;;;;;;;;;;;;;
5.286298;12100000;1910;;;;;;;;;;;;;;
5.288798;12102500;1944;;;;;;;;;;;;;;
5.291298;12105000;1991;;;;;;;;;;;;;;
5.293798;12107500;1864;;;;;;;;;;;;;;
5.296298;12110000;1912;;;;;;;;;;;;;;
5.298798;12112500;1902;;;;;;;;;;;;;;
5.301298;12115000;1851;;;;;;;;;;;;;;
5.303798;12117500;1871;;;;;;;;;;;;;;
5.306298;12120000;1919;12120386;75.793;-633.712;802.216;940.135;-618.554;51.642;12119951;9.51;-59.024;1006.937;4509.917;-1349.082;-739.166
5.308798;12122500;1951;;;;;;;;;;;;;;
5.311298;12125000;2024;;;;;;;;;;;;;;
5.313798;12127500;2000;;;;;;;;;;;;;;
5.316298;12130000;1959;;;;;;;;;;;;;;
5.318798;12132500;1899;;;;;;;;;;;;;;
5.321298;12135000;1886;;;;;;;;;;;;;;
5.323798;12137500;1897;;;;;;;;;;;;;;
5.326298;12140000;1929;;;;;;;;;;;;;;
5.328798;12142500;1990;;;;;;;;;;;;;;
5.331298;12145000;2015;;;;;;;;;;;;;;
5.333798;12147500;1996;;;;;;;;;;;;;;
5.336298;12150000;1965;;;;;;;;;;;;;;
5.338798;12152500;1911;;;;;;;;;;;;;;
5.341298;12155000;1915;;;;;;;;;;;;;;
5.343798;12157500;1902;;;;;;;;;;;;;;
5.346298;12160000;1935;;;;;;;;;;;;;;
5.348798;12162500;1182;12162918;76.231;-633.887;802.005;896.191;-614.752;108.56;12162483;10.023;-56.531;1006.97;4809.859;-1346.816;-722.332
5.351298;12165000;2012;;;;;;;;;;;;;;
5.353798;12167500;1998;;;;;;;;;;;;;;
5.356298;12170000;1962;;;;;;;;;;;;;;
5.358798;12172500;1933;;;;;;;;;;;;;;
5.361298;12175000;1950;;;;;;;;;;;;;;
5.363798;12177500;1926;;;;;;;;;;;;;;
5.366298;12180000;1980;;;;;;;;;;;;;;
5.368798;12182500;2029;;;;;;;;;;;;;;
5.371298;12185000;2056;;;;;;;;;;;;;;
5.373798;12187500;2088;;;;;;;;;;;;;;
5.376298;12190000;2009;;;;;;;;;;;;;;
5.378798;12192500;1982;;;;;;;;;;;;;;
5.381298;12195000;1977;12195723;76.982;-632.54;802.348;996.194;-760.327;190.632;12195291;10.461;-54.759;1007.13;4907.116;-1360.412;-630.653
5.383798;12197500;1978;;;;;;;;;;;;;;
5.386298;12200000;2009;;;;;;;;;;;;;;
5.388798;12202500;2063;;;;;;;;;;;;;;
5.391298;12205000;2108;;;;;;;;;;;;;;
5.393798;12207500;2094;;;;;;;;;;;;;;
5.396298;12210000;2094;;;;;;;;;;;;;;
5.398798;12212500;2075;;;;;;;;;;;;;;
5.401298;12215000;2058;;;;;;;;;;;;;;
5.403798;12217500;2092;;;;;;;;;;;;;;
5.406298;12220000;2121;;;;;;;;;;;;;;
5.408798;12222500;2138;;;;;;;;;;;;;;
5.411298;12225000;2176;12225240;77.378;-632.12;802.82;1015.509;-774.373;174.975;12224805;11.61;-52.54;1007.037;4866.51;-1317.767;-536.121
5.413798;12227500;2168;;;;;;;;;;;;;;
5.416298;12230000;2137;;;;;;;;;;;;;;
5.418798;12232500;2093;;;;;;;;;;;;;;
5.421298;12235000;2110;;;;;;;;;;;;;;
5.423798;12237500;2095;;;;;;;;;;;;;;
5.426298;12240000;2140;;;;;;;;;;;;;;
5.428798;12242500;2199;;;;;;;;;;;;;;
5.431298;12245000;2233;;;;;;;;;;;;;;
5.433798;12247500;2214;;;;;;;;;;;;;;
5.436298;12250000;2205;;;;;;;;;;;;;;
5.438798;12252500;2156;;;;;;;;;;;;;;
5.441298;12255000;2136;;;;;;;;;;;;;;
5.443798;12257500;2139;;;;;;;;;;;;;;
5.446298;12260000;2157;;;;;;;;12260991;12.737;-50.816;1007.517;4600.872;-851.128;-509.315
5.448798;12262500;2184;12261423;77.511;-630.606;802.677;917.921;-684.029;192.914;;;;;;;
5.451298;12265000;2253;;;;;;;;;;;;;;
5.453798;12267500;2238;;;;;;;;;;;;;;
5.456298;12270000;2159;;;;;;;;;;;;;;
5.458798;12272500;2184;;;;;;;;;;;;;;
5.461298;12275000;2143;;;;;;;;;;;;;;
5.463798;12277500;2187;;;;;;;;;;;;;;
5.466298;12280000;2235;;;;;;;;;;;;;;
5.468798;12282500;2287;;;;;;;;;;;;;;
5.471298;12285000;2285;;;;;;;;;;;;;;
5.473798;12287500;2313;;;;;;;;;;;;;;
5.476298;12290000;2281;;;;;;;;;;;;;;
5.478798;12292500;2249;;;;;;;;12293711;15.955;-50.154;1007.984;4611.016;-870.259;-703.474
5.481298;12295000;2220;12294146;78.552;-630.112;802.827;868.087;-624.015;160.081;;;;;;;
5.483798;12297500;2253;;;;;;;;;;;;;;
5.486298;12300000;2296;;;;;;;;;;;;;;
5.488798;12302500;2314;;;;;;;;;;;;;;
5.491298;12305000;2346;;;;;;;;;;;;;;
5.493798;12307500;2364;;;;;;;;;;;;;;
5.496298;12310000;2312;;;;;;;;;;;;;;
5.498798;12312500;2284;;;;;;;;;;;;;;
5.501298;12315000;2264;;;;;;;;;;;;;;
5.503798;12317500;2249;;;;;;;;;;;;;;
5.506298;12320000;2299;;;;;;;;;;;;;;
5.508798;12322500;2376;;;;;;;;;;;;;;
5.511298;12325000;2392;12325226;78.425;-630.748;803.537;930.558;-308.877;127.139;12324795;15.884;-50.062;1009.094;5145.215;-1888.996;-1393.238
5.513798;12327500;2408;;;;;;;;;;;;;;
5.516298;12330000;2380;;;;;;;;;;;;;;
5.518798;12332500;2312;;;;;;;;;;;;;;
5.521298;12335000;2314;;;;;;;;;;;;;;
5.523798;12337500;2334;;;;;;;;;;;;;;
5.526298;12340000;2376;;;;;;;;;;;;;;
5.528798;12342500;2426;;;;;;;;;;;;;;
5.531298;12345000;2477;;;;;;;;;;;;;;
5.533798;12347500;2413;;;;;;;;;;;;;;
5.536298;12350000;2379;;;;;;;;;;;;;;
5.538798;12352500;2376;;;;;;;;;;;;;;
5.541298;12355000;2351;;;;;;;;;;;;;;
5.543798;12357500;2299;12358118;75.84;-630.033;804.078;1103.218;-234.808;-96.218;12357688;14.138;-47.613;1008.506;5085.704;-2660.796;-1345.888
5.546298;12360000;2360;;;;;;;;;;;;;;
5.548798;12362500;2399;;;;;;;;;;;;;;
5.551298;12365000;2392;;;;;;;;;;;;;;
5.553798;12367500;1740;;;;;;;;;;;;;;
5.556298;12370000;2365;;;;;;;;;;;;;;
5.558798;12372500;2334;;;;;;;;;;;;;;
5.561298;12375000;2303;;;;;;;;;;;;;;
5.563798;12377500;2315;;;;;;;;;;;;;;
5.566298;12380000;2378;;;;;;;;;;;;;;
5.568798;12382500;2428;;;;;;;;;;;;;;
5.571298;12385000;2487;;;;;;;;;;;;;;
5.573798;12387500;2440;;;;;;;;;;;;;;
5.576298;12390000;2425;12391100;80.777;-631.521;803.207;1052.432;-332.005;-66.469;12390668;16.688;-47.319;1009.181;3655.856;-2402.632;-752.281
5.578798;12392500;2399;;;;;;;;;;;;;;
5.581298;12395000;2367;;;;;;;;;;;;;;
5.583798;12397500;2352;;;;;;;;;;;;;;
5.586298;12400000;1321;;;;;;;;;;;;;;
5.588798;12402500;2460;;;;;;;;;;;;;;
5.591298;12405000;2447;;;;;;;;;;;;;;
5.593798;12407500;2471;;;;;;;;;;;;;;
5.596298;12410000;2431;;;;;;;;;;;;;;
5.598798;12412500;2365;;;;;;;;;;;;;;
5.601298;12415000;2379;;;;;;;;;;;;;;
5.603798;12417500;2377;;;;;;;;;;;;;;
5.606298;12420000;2364;;;;;;;;;;;;;;
5.608798;12422500;2471;;;;;;;;12423562;17.104;-45.429;1008.809;1349.001;-1255.688;-113.98
5.611298;12425000;2488;12423992;81.032;-632.018;804.386;756.56;-188.967;-2.771;;;;;;;
5.613798;12427500;2399;;;;;;;;;;;;;;
5.616298;12430000;2349;;;;;;;;;;;;;;
5.618798;12432500;2218;;;;;;;;;;;;;;
5.621298;12435000;2153;;;;;;;;;;;;;;
5.623798;12437500;2122;;;;;;;;;;;;;;
5.626298;12440000;2140;;;;;;;;;;;;;;
5.628798;12442500;2140;;;;;;;;;;;;;;
5.631298;12445000;2138;;;;;;;;;;;;;;
5.633798;12447500;2109;;;;;;;;;;;;;;
5.636298;12450000;2063;;;;;;;;;;;;;;
5.638798;12452500;1960;;;;;;;;;;;;;;
5.641298;12455000;1929;;;;;;;;;;;;;;
5.643798;12457500;1899;12456714;83.971;-630.381;804.451;-13.643;46.231;123.368;12456280;22.666;-47.549;1008.077;-605.387;-267.591;263.157
5.646298;12460000;1898;;;;;;;;;;;;;;
5.648798;12462500;1912;;;;;;;;;;;;;;
5.651298;12465000;1869;;;;;;;;;;;;;;
5.653798;12467500;1904;;;;;;;;;;;;;;
5.656298;12470000;1854;;;;;;;;;;;;;;
5.658798;12472500;1838;;;;;;;;;;;;;;
5.661298;12475000;1759;;;;;;;;;;;;;;
5.663798;12477500;1740;;;;;;;;;;;;;;
5.666298;12480000;1802;;;;;;;;;;;;;;
5.668798;12482500;1854;;;;;;;;;;;;;;
5.671298;12485000;1911;;;;;;;;;;;;;;
5.673798;12487500;1912;12487446;86.141;-631.375;808.094;-487.211;555.357;7.387;12487018;24.26;-50.875;1010.201;-2806.805;2011.601;789.874
5.676298;12490000;1855;;;;;;;;;;;;;;
5.678798;12492500;1800;;;;;;;;;;;;;;
5.681298;12495000;1806;;;;;;;;;;;;;;
5.683798;12497500;1790;;;;;;;;;;;;;;
5.686298;12500000;1855;;;;;;;;;;;;;;
5.688798;12502500;1995;;;;;;;;;;;;;;
5.691298;12505000;1999;;;;;;;;;;;;;;
5.693798;12507500;1961;;;;;;;;;;;;;;
5.696298;12510000;1933;;;;;;;;;;;;;;
5.698798;12512500;1900;;;;;;;;;;;;;;
5.701298;12515000;1850;;;;;;;;;;;;;;
5.703798;12517500;1886;;;;;;;;;;;;;;
5.706298;12520000;1989;12520004;86.683;-631.965;808.938;-1102.038;802.777;111.143;12519564;26.109;-53.053;1013.596;-5573.652;4054.771;1834.505
5.708798;12522500;2015;;;;;;;;;;;;;;
5.711298;12525000;2092;;;;;;;;;;;;;;
5.713798;12527500;2094;;;;;;;;;;;;;;
5.716298;12530000;1334;;;;;;;;;;;;;;
5.718798;12532500;1992;;;;;;;;;;;;;;
5.721298;12535000;2056;;;;;;;;;;;;;;
5.723798;12537500;2139;;;;;;;;;;;;;;
5.726298;12540000;2250;;;;;;;;;;;;;;
5.728798;12542500;2507;;;;;;;;;;;;;;
5.731298;12545000;2651;;;;;;;;;;;;;;
5.733798;12547500;2653;;;;;;;;;;;;;;
5.736298;12550000;3022;;;;;;;;;;;;;;
5.738798;12552500;2313;;;;;;;;;;;;;;
5.741298;12555000;762;;;;;;;;;;;;;;
5.743798;12557500;3437;;;;;;;;;;;;;;
5.746298;12560000;3562;;;;;;;;;;;;;;
5.748798;12562500;2378;12562787;82.026;-635.307;808.427;-1049.561;491.825;386.46;12562357;18.386;-55.842;1011.558;-7099.657;5070.908;2337.342
5.751298;12565000;3577;;;;;;;;;;;;;;
5.753798;12567500;3595;;;;;;;;;;;;;;
5.756298;12570000;3598;;;;;;;;;;;;;;
5.758798;12572500;3609;;;;;;;;;;;;;;
5.761298;12575000;3613;;;;;;;;;;;;;;
5.763798;12577500;3625;;;;;;;;;;;;;;
5.766298;12580000;3630;;;;;;;;;;;;;;
5.768798;12582500;3673;;;;;;;;;;;;;;
5.771298;12585000;3646;;;;;;;;;;;;;;
5.773798;12587500;3648;;;;;;;;;;;;;;
5.776298;12590000;3656;;;;;;;;;;;;;;
5.778798;12592500;3662;;;;;;;;;;;;;;
5.781298;12595000;3657;12595683;80.377;-633.865;805.405;-1276.645;1185.609;452.887;12595251;16.68;-67.092;1015.862;-8363.861;7324.675;2533.288
5.783798;12597500;3704;;;;;;;;;;;;;;
5.786298;12600000;3679;;;;;;;;;;;;;;
5.788798;12602500;3688;;;;;;;;;;;;;;
5.791298;12605000;3692;;;;;;;;;;;;;;
5.793798;12607500;3722;;;;;;;;;;;;;;
5.796298;12610000;3723;;;;;;;;;;;;;;
5.798798;12612500;3721;;;;;;;;;;;;;;
5.801298;12615000;3693;;;;;;;;;;;;;;
5.803798;12617500;3691;;;;;;;;;;;;;;
5.806298;12620000;3705;;;;;;;;;;;;;;
5.808798;12622500;3706;;;;;;;;;;;;;;
5.811298;12625000;3709;12625368;80.14;-633.599;805.145;-1667.375;1772.516;178.243;12624938;11.082;-69.276;1014.033;-9480.855;11280.941;2046.998
5.813798;12627500;3673;;;;;;;;;;;;;;
5.816298;12630000;3710;;;;;;;;;;;;;;
5.818798;12632500;3740;;;;;;;;;;;;;;
5.821298;12635000;3708;;;;;;;;;;;;;;
5.823798;12637500;3707;;;;;;;;;;;;;;
5.826298;12640000;3709;;;;;;;;;;;;;;
5.828798;12642500;3710;;;;;;;;;;;;;;
5.831298;12645000;3742;;;;;;;;;;;;;;
5.833798;12647500;3742;;;;;;;;;;;;;;
5.836298;12650000;3708;;;;;;;;;;;;;;
5.838798;12652500;3707;;;;;;;;;;;;;;
5.841298;12655000;3737;;;;;;;;;;;;;;
5.843798;12657500;3707;;;;;;;;;;;;;;
5.846298;12660000;3741;;;;;;;;;;;;;;
5.848798;12662500;3709;12661730;77.371;-637.366;804.117;-665.694;1601.203;12.268;12661298;1.427;-74.706;1012.034;-8393.875;12328.207;1413.961
5.851298;12665000;3740;;;;;;;;;;;;;;
5.853798;12667500;3738;;;;;;;;;;;;;;
5.856298;12670000;3625;;;;;;;;;;;;;;
5.858798;12672500;3708;;;;;;;;;;;;;;
5.861298;12675000;3708;;;;;;;;;;;;;;
5.863798;12677500;3711;;;;;;;;;;;;;;
5.866298;12680000;3742;;;;;;;;;;;;;;
5.868798;12682500;3711;;;;;;;;;;;;;;
5.871298;12685000;3710;;;;;;;;;;;;;;
5.873798;12687500;3740;;;;;;;;;;;;;;
5.876298;12690000;3710;;;;;;;;;;;;;;
5.878798;12692500;3740;;;;;;;;;;;;;;
5.881298;12695000;3709;12694535;73.387;-638.279;805.867;880.903;1306.767;-662.97;12694105;-6.001;-78.297;1015.844;-7505.619;14821.984;855.888
5.883798;12697500;3710;;;;;;;;;;;;;;
5.886298;12700000;3743;;;;;;;;;;;;;;
5.888798;12702500;3495;;;;;;;;;;;;;;
5.891298;12705000;3753;;;;;;;;;;;;;;
5.893798;12707500;3711;;;;;;;;;;;;;;
5.896298;12710000;3741;;;;;;;;;;;;;;
5.898798;12712500;3728;;;;;;;;;;;;;;
5.901298;12715000;3706;;;;;;;;;;;;;;
5.903798;12717500;3737;;;;;;;;;;;;;;
5.906298;12720000;3706;;;;;;;;;;;;;;
5.908798;12722500;3706;;;;;;;;;;;;;;
5.911298;12725000;3707;12725794;72.829;-636.762;807.938;1093.233;1192.867;-848.572;12725362;-16.498;-83.379;1008.63;-6161.275;20050.135;-802.594
5.913798;12727500;3705;;;;;;;;;;;;;;
5.916298;12730000;3736;;;;;;;;;;;;;;
5.918798;12732500;3582;;;;;;;;;;;;;;
5.921298;12735000;3737;;;;;;;;;;;;;;
5.923798;12737500;3726;;;;;;;;;;;;;;
5.926298;12740000;3693;;;;;;;;;;;;;;
5.928798;12742500;3692;;;;;;;;;;;;;;
5.931298;12745000;3691;;;;;;;;;;;;;;
5.933798;12747500;3719;;;;;;;;;;;;;;
5.936298;12750000;3687;;;;;;;;;;;;;;
5.938798;12752500;3712;;;;;;;;;;;;;;
5.941298;12755000;3677;;;;;;;;;;;;;;
5.943798;12757500;3676;;;;;;;;12758516;-26.958;-94.973;1014.996;-7084.336;24893.064;4.036
5.946298;12760000;3677;12758946;70.297;-639.291;809.899;1217.946;844.911;-1019.205;;;;;;;
5.948798;12762500;3674;;;;;;;;;;;;;;
5.951298;12765000;3676;;;;;;;;;;;;;;
5.953798;12767500;2956;;;;;;;;;;;;;;
5.956298;12770000;3671;;;;;;;;;;;;;;
5.958798;12772500;3703;;;;;;;;;;;;;;
5.961298;12775000;3703;;;;;;;;;;;;;;
5.963798;12777500;3663;;;;;;;;;;;;;;
5.966298;12780000;3672;;;;;;;;;;;;;;
5.968798;12782500;3672;;;;;;;;;;;;;;
5.971298;12785000;3695;;;;;;;;;;;;;;
5.973798;12787500;3664;;;;;;;;;;;;;;
5.976298;12790000;3703;;;;;;;;;;;;;;
5.978798;12792500;3662;12791841;67.441;-638.235;810.945;1235.799;406.728;-923.62;12791409;-43.02;-102.064;1008.3;-8263.119;30929.723;1308.021
5.981298;12795000;3662;;;;;;;;;;;;;;
5.983798;12797500;3694;;;;;;;;;;;;;;
5.986298;12800000;2926;;;;;;;;;;;;;;
5.988798;12802500;3690;;;;;;;;;;;;;;
5.991298;12805000;3676;;;;;;;;;;;;;;
5.993798;12807500;3676;;;;;;;;;;;;;;
5.996298;12810000;3704;;;;;;;;;;;;;;
5.998798;12812500;3674;;;;;;;;;;;;;;
6.001298;12815000;3675;;;;;;;;;;;;;;
6.003798;12817500;3675;;;;;;;;;;;;;;
6.006298;12820000;3677;;;;;;;;;;;;;;
6.008798;12822500;3709;;;;;;;;;;;;;;
6.011298;12825000;3709;12824993;70.657;-635.134;814.178;2613.384;-355.609;-902.377;12824563;-64.171;-99.651;1001.897;-14569.088;43041.984;3743.37
6.013798;12827500;3708;;;;;;;;;;;;;;
6.016298;12830000;3676;;;;;;;;;;;;;;
6.018798;12832500;3407;;;;;;;;;;;;;;
6.021298;12835000;3678;;;;;;;;;;;;;;
6.023798;12837500;3676;;;;;;;;;;;;;;
6.026298;12840000;3710;;;;;;;;;;;;;;
6.028798;12842500;3674;;;;;;;;;;;;;;
6.031298;12845000;3709;;;;;;;;;;;;;;
6.033798;12847500;3675;;;;;;;;;;;;;;
6.036298;12850000;3674;;;;;;;;;;;;;;
6.038798;12852500;3674;;;;;;;;;;;;;;
6.041298;12855000;3677;;;;;;;;;;;;;;
6.043798;12857500;3707;;;;;;;;;;;;;;
6.046298;12860000;3677;;;;;;;;;;;;;;
6.048798;12862500;3678;;;;;;;;;;;;;;
6.051298;12865000;2603;;;;;;;;;;;;;;
6.053798;12867500;3708;12868142;78.891;-633.035;811.783;3525.715;-886.453;-299.008;12867702;-92.951;-117.287;996.277;-19642.758;52084.633;4355.077
6.056298;12870000;3711;;;;;;;;;;;;;;
6.058798;12872500;3674;;;;;;;;;;;;;;
6.061298;12875000;3708;;;;;;;;;;;;;;
6.063798;12877500;3707;;;;;;;;;;;;;;
6.066298;12880000;3709;;;;;;;;;;;;;;
6.068798;12882500;3710;;;;;;;;;;;;;;
6.071298;12885000;3679;;;;;;;;;;;;;;
6.073798;12887500;3709;;;;;;;;;;;;;;
6.076298;12890000;3706;;;;;;;;;;;;;;
6.078798;12892500;3674;;;;;;;;;;;;;;
6.081298;12895000;3706;;;;;;;;;;;;;;
6.083798;12897500;2573;;;;;;;;;;;;;;
6.086298;12900000;3679;;;;;;;;12900944;-117.644;-132.425;982.423;-22105.057;61031.715;4524.51
6.088798;12902500;3688;12901372;79.741;-629.37;811.368;3223.866;-757.693;-173.37;;;;;;;
6.091298;12905000;3718;;;;;;;;;;;;;;
6.093798;12907500;3676;;;;;;;;;;;;;;
6.096298;12910000;3678;;;;;;;;;;;;;;
6.098798;12912500;3705;;;;;;;;;;;;;;
6.101298;12915000;3675;;;;;;;;;;;;;;
6.103798;12917500;3678;;;;;;;;;;;;;;
6.106298;12920000;3678;;;;;;;;;;;;;;
6.108798;12922500;3678;;;;;;;;;;;;;;
6.111298;12925000;3678;;;;;;;;;;;;;;
6.113798;12927500;3678;12928126;80.494;-629.762;809.657;2468.986;-294.121;-157.701;12927686;-147.953;-143.939;955.188;-23490.928;71987.125;4394.972
6.116298;12930000;3675;;;;;;;;;;;;;;
6.118798;12932500;3641;;;;;;;;;;;;;;
6.121298;12935000;3686;;;;;;;;;;;;;;
6.123798;12937500;3711;;;;;;;;;;;;;;
6.126298;12940000;3678;;;;;;;;;;;;;;
6.128798;12942500;3709;;;;;;;;;;;;;;
6.131298;12945000;3678;;;;;;;;;;;;;;
6.133798;12947500;3675;;;;;;;;;;;;;;
6.136298;12950000;3705;;;;;;;;;;;;;;
6.138798;12952500;3704;;;;;;;;;;;;;;
6.141298;12955000;3672;;;;;;;;;;;;;;
6.143798;12957500;3673;;;;;;;;;;;;;;
6.146298;12960000;3672;;;;;;;;;;;;;;
6.148798;12962500;3703;;;;;;;;;;;;;;
6.151298;12965000;3672;;;;;;;;12965964;-171.452;-155.055;922.777;-21761.193;82660.328;1599.661
6.153798;12967500;3672;12966398;82.52;-628.444;809.062;2556.411;-130.227;176.121;;;;;;;
6.156298;12970000;3664;;;;;;;;;;;;;;
6.158798;12972500;3663;;;;;;;;;;;;;;
6.161298;12975000;3495;;;;;;;;;;;;;;
6.163798;12977500;3675;;;;;;;;;;;;;;
6.166298;12980000;3673;;;;;;;;;;;;;;
6.168798;12982500;3672;;;;;;;;;;;;;;
6.171298;12985000;3663;;;;;;;;;;;;;;
6.173798;12987500;3689;;;;;;;;;;;;;;
6.176298;12990000;3658;;;;;;;;;;;;;;
6.178798;12992500;3654;;;;;;;;;;;;;;
6.181298;12995000;3646;;;;;;;;;;;;;;
6.183798;12997500;3676;;;;;;;;;;;;;;
6.186298;13000000;3644;12999644;69.787;-628.76;800.073;2789.528;75.784;280.628;12999204;-220.805;-152.31;877.614;-19552.258;90485.5;876.991
6.188798;13002500;3675;;;;;;;;;;;;;;
6.191298;13005000;3641;;;;;;;;;;;;;;
6.193798;13007500;2200;;;;;;;;;;;;;;
6.196298;13010000;3662;;;;;;;;;;;;;;
6.198798;13012500;3627;;;;;;;;;;;;;;
6.201298;13015000;3658;;;;;;;;;;;;;;
6.203798;13017500;3625;;;;;;;;;;;;;;
6.206298;13020000;3655;;;;;;;;;;;;;;
6.208798;13022500;3647;;;;;;;;;;;;;;
6.211298;13025000;3614;;;;;;;;;;;;;;
6.213798;13027500;3643;;;;;;;;;;;;;;
6.216298;13030000;3639;13029314;75.82;-631.562;799.688;4533.927;-507.255;-157.341;13028891;-245.608;-160.981;836.088;-18372.957;97340.164;4388.704
6.218798;13032500;3630;;;;;;;;;;;;;;
6.221298;13035000;3401;;;;;;;;;;;;;;
6.223798;13037500;3608;;;;;;;;;;;;;;
6.226298;13040000;3631;;;;;;;;;;;;;;
6.228798;13042500;3630;;;;;;;;;;;;;;
6.231298;13045000;3627;;;;;;;;;;;;;;
6.233798;13047500;3624;;;;;;;;;;;;;;
6.236298;13050000;3581;;;;;;;;;;;;;;
6.238798;13052500;3582;;;;;;;;;;;;;;
6.241298;13055000;3581;;;;;;;;;;;;;;
6.243798;13057500;3580;;;;;;;;;;;;;;
6.246298;13060000;3611;;;;;;;;;;;;;;
6.248798;13062500;3579;;;;;;;;;;;;;;
6.251298;13065000;3578;13065954;80.947;-629.209;803.85;5089.918;-785.955;148.901;13065511;-284.91;-169.884;792.215;-17649.434;102021.156;9897.019
6.253798;13067500;3578;;;;;;;;;;;;;;
6.256298;13070000;3597;;;;;;;;;;;;;;
6.258798;13072500;2585;;;;;;;;;;;;;;
6.261298;13075000;3565;;;;;;;;;;;;;;
6.263798;13077500;3607;;;;;;;;;;;;;;
6.266298;13080000;3576;;;;;;;;;;;;;;
6.268798;13082500;3575;;;;;;;;;;;;;;
6.271298;13085000;3565;;;;;;;;;;;;;;
6.273798;13087500;3563;;;;;;;;;;;;;;
6.276298;13090000;3583;;;;;;;;;;;;;;
6.278798;13092500;3552;;;;;;;;;;;;;;
6.281298;13095000;3550;;;;;;;;;;;;;;
6.283798;13097500;3552;;;;;;;;;;;;;;
6.286298;13100000;3560;13099261;90.899;-625.875;813.994;5742.359;-1058.157;-566.419;13098839;-300.792;-169.509;744.498;-17493.211;94499.844;15727.98
6.288798;13102500;3583;;;;;;;;;;;;;;
6.291298;13105000;3549;;;;;;;;;;;;;;
6.293798;13107500;3519;;;;;;;;;;;;;;
6.296298;13110000;3550;;;;;;;;;;;;;;
6.298798;13112500;3549;;;;;;;;;;;;;;
6.301298;13115000;3576;;;;;;;;;;;;;;
6.303798;13117500;3547;;;;;;;;;;;;;;
6.306298;13120000;3577;;;;;;;;;;;;;;
6.308798;13122500;3547;;;;;;;;;;;;;;
6.311298;13125000;3547;;;;;;;;;;;;;;
6.313798;13127500;3547;;;;;;;;;;;;;;
6.316298;13130000;3543;13131144;81.895;-626.411;817.562;5660.866;-567.312;-1789.786;13130704;-299.892;-165.584;703.991;-15559.801;83103.852;21492.27
6.318798;13132500;3563;;;;;;;;;;;;;;
6.321298;13135000;2572;;;;;;;;;;;;;;
6.323798;13137500;3528;;;;;;;;;;;;;;
6.326298;13140000;3577;;;;;;;;;;;;;;
6.328798;13142500;3546;;;;;;;;;;;;;;
6.331298;13145000;3544;;;;;;;;;;;;;;
6.333798;13147500;3532;;;;;;;;;;;;;;
6.336298;13150000;3529;;;;;;;;;;;;;;
6.338798;13152500;3549;;;;;;;;;;;;;;
6.341298;13155000;3547;;;;;;;;;;;;;;
6.343798;13157500;3518;;;;;;;;;;;;;;
6.346298;13160000;3528;;;;;;;;;;;;;;
6.348798;13162500;3528;;;;;;;;;;;;;;
6.351298;13165000;3547;;;;;;;;;;;;;;
6.353798;13167500;3547;;;;;;;;;;;;;;
6.356298;13170000;3543;;;;;;;;;;;;;;
6.358798;13172500;3071;;;;;;;;;;;;;;
6.361298;13175000;3533;13176168;105.915;-639.139;844.644;6039.323;-3620.259;-2128.609;13175741;-347.471;-106.407;598.434;-13669.248;81743.844;19259.594
6.363798;13177500;3536;;;;;;;;;;;;;;
6.366298;13180000;3543;;;;;;;;;;;;;;
6.368798;13182500;3534;;;;;;;;;;;;;;
6.371298;13185000;3502;;;;;;;;;;;;;;
6.373798;13187500;3529;;;;;;;;;;;;;;
6.376298;13190000;3496;;;;;;;;;;;;;;
6.378798;13192500;3514;;;;;;;;;;;;;;
6.381298;13195000;3514;;;;;;;;;;;;;;
6.383798;13197500;3485;;;;;;;;;;;;;;
6.386298;13200000;3515;;;;;;;;;;;;;;
6.388798;13202500;3495;;;;;;;;;;;;;;
6.391298;13205000;2760;;;;;;;;;;;;;;
6.393798;13207500;3485;13208219;115.376;-630.191;849.87;5214.106;-4018.933;-1478.803;13207779;-377.422;-105.131;567.884;-12711.035;78290.148;18018.363
6.396298;13210000;3482;;;;;;;;;;;;;;
6.398798;13212500;3500;;;;;;;;;;;;;;
6.401298;13215000;3471;;;;;;;;;;;;;;
6.403798;13217500;3498;;;;;;;;;;;;;;
6.406298;13220000;3471;;;;;;;;;;;;;;
6.408798;13222500;3499;;;;;;;;;;;;;;
6.411298;13225000;3495;;;;;;;;;;;;;;
6.413798;13227500;3464;;;;;;;;;;;;;;
6.416298;13230000;3481;;;;;;;;;;;;;;
6.418798;13232500;3448;13233633;115.274;-627.571;851.846;4939.401;-3693.737;-1292.426;13233211;-407.363;-101.832;545.352;-11869.858;74066.766;17295.945
6.421298;13235000;3438;;;;;;;;;;;;;;
6.423798;13237500;2873;;;;;;;;;;;;;;
6.426298;13240000;3421;;;;;;;;;;;;;;
6.428798;13242500;3421;;;;;;;;;;;;;;
6.431298;13245000;3436;;;;;;;;;;;;;;
6.433798;13247500;3392;;;;;;;;;;;;;;
6.436298;13250000;3404;;;;;;;;;;;;;;
6.438798;13252500;3358;;;;;;;;;;;;;;
6.441298;13255000;3373;;;;;;;;;;;;;;
6.443798;13257500;3359;;;;;;;;;;;;;;
6.446298;13260000;3337;;;;;;;;;;;;;;
6.448798;13262500;3336;;;;;;;;;;;;;;
6.451298;13265000;3327;;;;;;;;;;;;;;
6.453798;13267500;3356;;;;;;;;;;;;;;
6.456298;13270000;3321;;;;;;;;;;;;;;
6.458798;13272500;3305;;;;;;;;;;;;;;
6.461298;13275000;3289;13275573;115.903;-622.953;850.935;4562.931;-3549.3;-1214.242;13275128;-441.181;-99.632;521.043;-11188.865;69680.492;16740.023
6.463798;13277500;3274;;;;;;;;;;;;;;
6.466298;13280000;3289;;;;;;;;;;;;;;
6.468798;13282500;2743;;;;;;;;;;;;;;
6.471298;13285000;3225;;;;;;;;;;;;;;
6.473798;13287500;3224;;;;;;;;;;;;;;
6.476298;13290000;3210;;;;;;;;;;;;;;
6.478798;13292500;3195;;;;;;;;;;;;;;
6.481298;13295000;3208;;;;;;;;;;;;;;
6.483798;13297500;3196;;;;;;;;;;;;;;
6.486298;13300000;3176;;;;;;;;;;;;;;
6.488798;13302500;3163;;;;;;;;;;;;;;
6.491298;13305000;3151;;;;;;;;;;;;;;
6.493798;13307500;3134;;;;;;;;;;;;;;
6.496298;13310000;3144;;;;;;;;;;;;;;
6.498798;13312500;3102;;;;;;;;;;;;;;
6.501298;13315000;2766;;;;;;;;;;;;;;
6.503798;13317500;3084;;;;;;;;13318616;-463.146;-95.163;503.451;-9975.797;65095.281;16070.585
6.506298;13320000;3131;13319039;116.842;-617.407;851.216;4219.722;-3428.272;-1076.53;;;;;;;
6.508798;13322500;3146;;;;;;;;;;;;;;
6.511298;13325000;3130;;;;;;;;;;;;;;
6.513798;13327500;3133;;;;;;;;;;;;;;
6.516298;13330000;3160;;;;;;;;;;;;;;
6.518798;13332500;3133;;;;;;;;;;;;;;
6.521298;13335000;3133;;;;;;;;;;;;;;
6.523798;13337500;3135;;;;;;;;;;;;;;
6.526298;13340000;2647;;;;;;;;;;;;;;
6.528798;13342500;3099;;;;;;;;;;;;;;
6.531298;13345000;3134;;;;;;;;;;;;;;
6.533798;13347500;3163;;;;;;;;;;;;;;
6.536298;13350000;3133;;;;;;;;;;;;;;
6.538798;13352500;3148;;;;;;;;;;;;;;
6.541298;13355000;3118;;;;;;;;;;;;;;
6.543798;13357500;3112;;;;;;;;;;;;;;
6.546298;13360000;3101;;;;;;;;;;;;;;
6.548798;13362500;3113;13362456;116.032;-614.201;851.752;4334.235;-3363.171;-913.328;13362016;-491.106;-79.766;475.4;-8431.819;61003.578;16728.305
6.551298;13365000;3099;;;;;;;;;;;;;;
6.553798;13367500;3071;;;;;;;;;;;;;;
6.556298;13370000;3032;;;;;;;;;;;;;;
6.558798;13372500;3022;;;;;;;;;;;;;;
6.561298;13375000;3003;;;;;;;;;;;;;;
6.563798;13377500;2986;;;;;;;;;;;;;;
6.566298;13380000;2953;;;;;;;;;;;;;;
6.568798;13382500;2717;;;;;;;;;;;;;;
6.571298;13385000;2888;;;;;;;;;;;;;;
6.573798;13387500;2924;;;;;;;;;;;;;;
6.576298;13390000;2911;;;;;;;;;;;;;;
6.578798;13392500;2876;;;;;;;;;;;;;;
6.581298;13395000;2863;13395859;117.411;-607.933;853.468;4026.961;-3173.137;-232.849;13395432;-521.048;-65.804;450.489;-6782.603;56981.273;16791.828
6.583798;13397500;2889;;;;;;;;;;;;;;
6.586298;13400000;2861;;;;;;;;;;;;;;
6.588798;13402500;2879;;;;;;;;;;;;;;
6.591298;13405000;2861;;;;;;;;;;;;;;
6.593798;13407500;2856;;;;;;;;;;;;;;
6.596298;13410000;2844;;;;;;;;;;;;;;
6.598798;13412500;2858;;;;;;;;;;;;;;
6.601298;13415000;2856;;;;;;;;;;;;;;
6.603798;13417500;2856;;;;;;;;;;;;;;
6.606298;13420000;2860;;;;;;;;;;;;;;
6.608798;13422500;2862;;;;;;;;;;;;;;
6.611298;13425000;2392;13425992;118.793;-594.061;853.757;2843.863;-3544.73;307.731;13425553;-557.936;-61.386;443.995;-8535.598;50939.773;16666.236
6.613798;13427500;2766;;;;;;;;;;;;;;
6.616298;13430000;2811;;;;;;;;;;;;;;
6.618798;13432500;2843;;;;;;;;;;;;;;
6.621298;13435000;2824;;;;;;;;;;;;;;
6.623798;13437500;2824;;;;;;;;;;;;;;
6.626298;13440000;2827;;;;;;;;;;;;;;
6.628798;13442500;2831;;;;;;;;;;;;;;
6.631298;13445000;2856;;;;;;;;;;;;;;
6.633798;13447500;2847;;;;;;;;;;;;;;
6.636298;13450000;2824;;;;;;;;;;;;;;
6.638798;13452500;2813;;;;;;;;;;;;;;
6.641298;13455000;2813;;;;;;;;;;;;;;
6.643798;13457500;2815;;;;;;;;;;;;;;
6.646298;13460000;2826;;;;;;;;;;;;;;
6.648798;13462500;2829;13462600;122.784;-592.351;853.824;2927.857;-3280.869;300.657;13462173;-564.449;-73.261;438.906;-8056.755;44987.285;14118.799
6.651298;13465000;2830;;;;;;;;;;;;;;
6.653798;13467500;2831;;;;;;;;;;;;;;
6.656298;13470000;2680;;;;;;;;;;;;;;
6.658798;13472500;2794;;;;;;;;;;;;;;
6.661298;13475000;2824;;;;;;;;;;;;;;
6.663798;13477500;2831;;;;;;;;;;;;;;
6.666298;13480000;2845;;;;;;;;;;;;;;
6.668798;13482500;2875;;;;;;;;;;;;;;
6.671298;13485000;2878;;;;;;;;;;;;;;
6.673798;13487500;2859;;;;;;;;;;;;;;
6.676298;13490000;2857;;;;;;;;;;;;;;
6.678798;13492500;2857;;;;;;;;;;;;;;
6.681298;13495000;2879;13495940;122.013;-589.684;855.084;3724.277;-3407.763;105.374;13495500;-585.99;-62.248;426.91;-6351.042;42505.609;13503.421
6.683798;13497500;2871;;;;;;;;;;;;;;
6.686298;13500000;2878;;;;;;;;;;;;;;
6.688798;13502500;2558;;;;;;;;;;;;;;
6.691298;13505000;2843;;;;;;;;;;;;;;
6.693798;13507500;2890;;;;;;;;;;;;;;
6.696298;13510000;2892;;;;;;;;;;;;;;
6.698798;13512500;2892;;;;;;;;;;;;;;
6.701298;13515000;2894;;;;;;;;;;;;;;
6.703798;13517500;2923;;;;;;;;;;;;;;
6.706298;13520000;2910;;;;;;;;;;;;;;
6.708798;13522500;2921;;;;;;;;;;;;;;
6.711298;13525000;2924;;;;;;;;;;;;;;
6.713798;13527500;2925;13527614;122.677;-585.581;856.194;3522.313;-3210.25;126.355;13527192;-605.247;-58.495;416.868;-6014.678;40245.141;12817.312
6.716298;13530000;2943;;;;;;;;;;;;;;
6.718798;13532500;2542;;;;;;;;;;;;;;
6.721298;13535000;2893;;;;;;;;;;;;;;
6.723798;13537500;2941;;;;;;;;;;;;;;
6.726298;13540000;2938;;;;;;;;;;;;;;
6.728798;13542500;2967;;;;;;;;;;;;;;
6.731298;13545000;2939;;;;;;;;;;;;;;
6.733798;13547500;2940;;;;;;;;;;;;;;
6.736298;13550000;2952;;;;;;;;;;;;;;
6.738798;13552500;2940;;;;;;;;;;;;;;
6.741298;13555000;2940;;;;;;;;;;;;;;
6.743798;13557500;2920;;;;;;;;;;;;;;
6.746298;13560000;2941;13560964;122.808;-584.539;855.158;3059.197;-2979.737;205.35;13560519;-619.331;-54.533;411.372;-5673.256;38192.195;12230.696
6.748798;13562500;2922;;;;;;;;;;;;;;
6.751298;13565000;2912;;;;;;;;;;;;;;
6.753798;13567500;2927;;;;;;;;;;;;;;
6.756298;13570000;2714;;;;;;;;;;;;;;
6.758798;13572500;2857;;;;;;;;;;;;;;
6.761298;13575000;2875;;;;;;;;;;;;;;
6.763798;13577500;2903;;;;;;;;;;;;;;
6.766298;13580000;2895;;;;;;;;;;;;;;
6.768798;13582500;2875;;;;;;;;;;;;;;
6.771298;13585000;2871;;;;;;;;;;;;;;
6.773798;13587500;2857;;;;;;;;;;;;;;
6.776298;13590000;2864;;;;;;;;;;;;;;
6.778798;13592500;2859;;;;;;;;;;;;;;
6.781298;13595000;2827;13594269;117.881;-582.378;853.264;3984.237;-3127.375;-207.855;13593846;-632.114;-59.474;407.182;-4733.781;38596.961;11488.349
6.783798;13597500;2826;;;;;;;;;;;;;;
6.786298;13600000;2826;;;;;;;;;;;;;;
6.788798;13602500;2504;;;;;;;;;;;;;;
6.791298;13605000;2762;;;;;;;;;;;;;;
6.793798;13607500;2808;;;;;;;;;;;;;;
6.796298;13610000;2828;;;;;;;;;;;;;;
6.798798;13612500;2824;;;;;;;;;;;;;;
6.801298;13615000;2795;;;;;;;;;;;;;;
6.803798;13617500;2794;;;;;;;;;;;;;;
6.806298;13620000;2795;;;;;;;;;;;;;;
6.808798;13622500;2814;;;;;;;;;;;;;;
6.811298;13625000;2793;;;;;;;;;;;;;;
6.813798;13627500;2809;13627700;120.71;-573.859;855.753;3449.9;-2756.194;468.85;13627261;-647.594;-66.09;393.636;-2872.217;38954.363;10809.368
6.816298;13630000;2778;;;;;;;;;;;;;;
6.818798;13632500;2774;;;;;;;;;;;;;;
6.821298;13635000;2618;;;;;;;;;;;;;;
6.823798;13637500;2730;;;;;;;;;;;;;;
6.826298;13640000;2763;;;;;;;;;;;;;;
6.828798;13642500;2765;;;;;;;;;;;;;;
6.831298;13645000;2764;;;;;;;;;;;;;;
6.833798;13647500;2777;;;;;;;;;;;;;;
6.836298;13650000;2763;;;;;;;;;;;;;;
6.838798;13652500;2733;;;;;;;;;;;;;;
6.841298;13655000;2731;;;;;;;;;;;;;;
6.843798;13657500;2731;;;;;;;;;;;;;;
6.846298;13660000;2750;;;;;;;;;;;;;;
6.848798;13662500;2759;;;;;;;;;;;;;;
6.851298;13665000;2731;;;;;;;;;;;;;;
6.853798;13667500;2415;;;;;;;;;;;;;;
6.856298;13670000;2650;13670922;122.41;-571.841;848.967;3747.28;-2546.634;438.408;13670487;-670.279;-52.049;381.006;-1510.606;34047.395;9642.837
6.858798;13672500;2696;;;;;;;;;;;;;;
6.861298;13675000;2700;;;;;;;;;;;;;;
6.863798;13677500;2700;;;;;;;;;;;;;;
6.866298;13680000;2701;;;;;;;;;;;;;;
6.868798;13682500;2702;;;;;;;;;;;;;;
6.871298;13685000;2728;;;;;;;;;;;;;;
6.873798;13687500;2699;;;;;;;;;;;;;;
6.876298;13690000;2687;;;;;;;;;;;;;;
6.878798;13692500;2683;;;;;;;;;;;;;;
6.881298;13695000;2698;;;;;;;;;;;;;;
6.883798;13697500;2670;;;;;;;;;;;;;;
6.886298;13700000;2104;;;;;;;;;;;;;;
6.888798;13702500;2589;;;;;;;;13703729;-684.162;-49.581;371.612;-2744.076;24830.086;8094.508
6.891298;13705000;2647;13704161;127.8;-568.735;847.084;3376.604;-1728.927;-75.263;;;;;;;
6.893798;13707500;2671;;;;;;;;;;;;;;
6.896298;13710000;2649;;;;;;;;;;;;;;
6.898798;13712500;2653;;;;;;;;;;;;;;
6.901298;13715000;2633;;;;;;;;;;;;;;
6.903798;13717500;2650;;;;;;;;;;;;;;
6.906298;13720000;2651;;;;;;;;;;;;;;
6.908798;13722500;2622;;;;;;;;;;;;;;
6.911298;13725000;2637;;;;;;;;;;;;;;
6.913798;13727500;2633;;;;;;;;;;;;;;
6.916298;13730000;2616;13730814;132.5;-552.742;848.894;1332.648;-608.231;-1343.312;13730383;-698.254;-51.829;372.875;-3720.747;14614.145;5997.532
6.918798;13732500;2600;;;;;;;;;;;;;;
6.921298;13735000;2393;;;;;;;;;;;;;;
6.923798;13737500;2510;;;;;;;;;;;;;;
6.926298;13740000;2552;;;;;;;;;;;;;;
6.928798;13742500;2575;;;;;;;;;;;;;;
6.931298;13745000;2574;;;;;;;;;;;;;;
6.933798;13747500;2543;;;;;;;;;;;;;;
6.936298;13750000;2555;;;;;;;;;;;;;;
6.938798;13752500;2552;;;;;;;;;;;;;;
6.941298;13755000;2540;;;;;;;;;;;;;;
6.943798;13757500;2539;;;;;;;;;;;;;;
6.946298;13760000;2520;;;;;;;;;;;;;;
6.948798;13762500;2512;;;;;;;;;;;;;;
6.951298;13765000;2509;;;;;;;;;;;;;;
6.953798;13767500;2504;;;;;;;;13768661;-708.487;-48.524;374.727;-6580.147;4260.625;2427.343
6.956298;13770000;2512;13769098;127.796;-567.701;850.241;-2437.859;1042.68;-2154.646;;;;;;;
6.958798;13772500;2490;;;;;;;;;;;;;;
6.961298;13775000;2506;;;;;;;;;;;;;;
6.963798;13777500;2220;;;;;;;;;;;;;;
6.966298;13780000;2410;;;;;;;;;;;;;;
6.968798;13782500;2460;;;;;;;;;;;;;;
6.971298;13785000;2474;;;;;;;;;;;;;;
6.973798;13787500;2471;;;;;;;;;;;;;;
6.976298;13790000;2474;;;;;;;;;;;;;;
6.978798;13792500;2443;;;;;;;;;;;;;;
6.981298;13795000;2441;;;;;;;;;;;;;;
6.983798;13797500;2441;;;;;;;;;;;;;;
6.986298;13800000;2471;;;;;;;;;;;;;;
6.988798;13802500;2447;13802418;119.009;-575.989;848.477;-4468.466;1658.609;-2176.414;13801988;-719.63;-47.263;377.414;-9214.327;-4960.969;266.351
6.991298;13805000;2446;;;;;;;;;;;;;;
6.993798;13807500;2443;;;;;;;;;;;;;;
6.996298;13810000;2217;;;;;;;;;;;;;;
6.998798;13812500;2318;;;;;;;;;;;;;;
7.001298;13815000;2392;;;;;;;;;;;;;;
7.003798;13817500;2439;;;;;;;;;;;;;;
7.006298;13820000;2426;;;;;;;;;;;;;;
7.008798;13822500;2429;;;;;;;;;;;;;;
7.011298;13825000;2455;;;;;;;;;;;;;;
7.013798;13827500;2425;;;;;;;;;;;;;;
7.016298;13830000;2439;;;;;;;;;;;;;;
7.018798;13832500;2408;13832455;117.323;-582.051;847.045;-4115.98;985.491;-2054.468;13832023;-723.25;-52.342;387.146;-9159.173;-10924.982;-179.654
7.021298;13835000;2400;;;;;;;;;;;;;;
7.023798;13837500;2174;;;;;;;;;;;;;;
7.026298;13840000;2344;;;;;;;;;;;;;;
7.028798;13842500;2400;;;;;;;;;;;;;;
7.031298;13845000;2395;;;;;;;;;;;;;;
7.033798;13847500;2395;;;;;;;;;;;;;;
7.036298;13850000;2409;;;;;;;;;;;;;;
7.038798;13852500;2396;;;;;;;;;;;;;;
7.041298;13855000;2376;;;;;;;;;;;;;;
7.043798;13857500;2377;;;;;;;;;;;;;;
7.046298;13860000;2380;;;;;;;;;;;;;;
7.048798;13862500;2410;;;;;;;;;;;;;;
7.051298;13865000;2408;;;;;;;;;;;;;;
7.053798;13867500;2399;;;;;;;;13868730;-724.651;-58.204;406.365;-5575.276;-19368.922;-1267.046
7.056298;13870000;2377;13869165;114.805;-583.748;843.781;-1132.931;97.091;-2576.495;;;;;;;
7.058798;13872500;2392;;;;;;;;;;;;;;
7.061298;13875000;2139;;;;;;;;;;;;;;
7.063798;13877500;2280;;;;;;;;;;;;;;
7.066298;13880000;2366;;;;;;;;;;;;;;
7.068798;13882500;2377;;;;;;;;;;;;;;
7.071298;13885000;2411;;;;;;;;;;;;;;
7.073798;13887500;2384;;;;;;;;;;;;;;
7.076298;13890000;2399;;;;;;;;;;;;;;
7.078798;13892500;2378;;;;;;;;;;;;;;
7.081298;13895000;2379;;;;;;;;;;;;;;
7.083798;13897500;2408;;;;;;;;;;;;;;
7.086298;13900000;2394;;;;;;;;;;;;;;
7.088798;13902500;2396;;;;;;;;;;;;;;
7.091298;13905000;2397;;;;;;;;;;;;;;
7.093798;13907500;2415;;;;;;;;;;;;;;
7.096298;13910000;2265;;;;;;;;;;;;;;
7.098798;13912500;2361;13912476;114.787;-577.911;844.878;289.591;-533.388;-2474.795;13912044;-720.865;-58.533;421.653;-3742.075;-24982.662;-1863.881
7.101298;13915000;2367;;;;;;;;;;;;;;
7.103798;13917500;2410;;;;;;;;;;;;;;
7.106298;13920000;2397;;;;;;;;;;;;;;
7.108798;13922500;2428;;;;;;;;;;;;;;
7.111298;13925000;2428;;;;;;;;;;;;;;
7.113798;13927500;2426;;;;;;;;;;;;;;
7.116298;13930000;2395;;;;;;;;;;;;;;
7.118798;13932500;2413;;;;;;;;;;;;;;
7.121298;13935000;2411;;;;;;;;;;;;;;
7.123798;13937500;2424;;;;;;;;;;;;;;
7.126298;13940000;2285;;;;;;;;;;;;;;
7.128798;13942500;2392;;;;;;;;;;;;;;
7.131298;13945000;2398;;;;;;;;;;;;;;
7.133798;13947500;2429;;;;;;;;;;;;;;
7.136298;13950000;2399;;;;;;;;;;;;;;
7.138798;13952500;2423;;;;;;;;;;;;;;
7.141298;13955000;2416;13955787;114.769;-577.484;844.175;-1042.639;-961.719;-1251.618;13955357;-717.676;-60.443;436.322;-1095.346;-30831.092;-1732.187
7.143798;13957500;2399;;;;;;;;;;;;;;
7.146298;13960000;2408;;;;;;;;;;;;;;
7.148798;13962500;2412;;;;;;;;;;;;;;
7.151298;13965000;2432;;;;;;;;;;;;;;
7.153798;13967500;2409;;;;;;;;;;;;;;
7.156298;13970000;2398;;;;;;;;;;;;;;
7.158798;13972500;2394;;;;;;;;;;;;;;
7.161298;13975000;1786;;;;;;;;;;;;;;
7.163798;13977500;2299;;;;;;;;;;;;;;
7.166298;13980000;2377;;;;;;;;;;;;;;
7.168798;13982500;2427;;;;;;;;;;;;;;
7.171298;13985000;2411;;;;;;;;;;;;;;
7.173798;13987500;2410;;;;;;;;;;;;;;
7.176298;13990000;2426;13989384;112.575;-576.719;843.294;-2127.569;-1394.883;60.463;13988946;-704.356;-59.788;461.403;1246.671;-39145.102;-1113.578
7.178798;13992500;2399;;;;;;;;;;;;;;
7.181298;13995000;2400;;;;;;;;;;;;;;
7.183798;13997500;2411;;;;;;;;;;;;;;
7.186298;14000000;2425;;;;;;;;;;;;;;
7.188798;14002500;2439;;;;;;;;;;;;;;
7.191298;14005000;2443;;;;;;;;;;;;;;
7.193798;14007500;2444;;;;;;;;;;;;;;
7.196298;14010000;2444;;;;;;;;;;;;;;
7.198798;14012500;2447;;;;;;;;;;;;;;
7.201298;14015000;2476;;;;;;;;;;;;;;
7.203798;14017500;2488;;;;;;;;;;;;;;
7.206298;14020000;2318;;;;;;;;;;;;;;
7.208798;14022500;2441;14022703;108.483;-578.993;841.523;-3165.253;-2025.576;1523.502;14022273;-677.745;-56.683;477.446;2340.212;-45225.16;-256.399
7.211298;14025000;2475;;;;;;;;;;;;;;
7.213798;14027500;2488;;;;;;;;;;;;;;
7.216298;14030000;2487;;;;;;;;;;;;;;
7.218798;14032500;2502;;;;;;;;;;;;;;
7.221298;14035000;2479;;;;;;;;;;;;;;
7.223798;14037500;2506;;;;;;;;;;;;;;
7.226298;14040000;2490;;;;;;;;;;;;;;
7.228798;14042500;2494;;;;;;;;;;;;;;
7.231298;14045000;2494;;;;;;;;;;;;;;
7.233798;14047500;2511;;;;;;;;;;;;;;
7.236298;14050000;2508;;;;;;;;;;;;;;
7.238798;14052500;2504;;;;;;;;;;;;;;
7.241298;14055000;2496;14056131;106.262;-580.452;841.507;-1615.303;-2420.86;1723.39;14055686;-665.33;-50.86;505.003;1779.139;-51232.652;-16.079
7.243798;14057500;2502;;;;;;;;;;;;;;
7.246298;14060000;2488;;;;;;;;;;;;;;
7.248798;14062500;2286;;;;;;;;;;;;;;
7.251298;14065000;2427;;;;;;;;;;;;;;
7.253798;14067500;2461;;;;;;;;;;;;;;
7.256298;14070000;2491;;;;;;;;;;;;;;
7.258798;14072500;2463;;;;;;;;;;;;;;
7.261298;14075000;2488;;;;;;;;;;;;;;
7.263798;14077500;2472;;;;;;;;;;;;;;
7.266298;14080000;2492;;;;;;;;;;;;;;
7.268798;14082500;2476;;;;;;;;;;;;;;
7.271298;14085000;2502;;;;;;;;;;;;;;
7.273798;14087500;2493;14087801;108.305;-575.323;840.85;939.087;-1677.254;3037.22;14087379;-640.652;-54.154;520.805;2846.495;-60114.707;186.85
7.276298;14090000;2473;;;;;;;;;;;;;;
7.278798;14092500;2461;;;;;;;;;;;;;;
7.281298;14095000;1916;;;;;;;;;;;;;;
7.283798;14097500;2362;;;;;;;;;;;;;;
7.286298;14100000;2472;;;;;;;;;;;;;;
7.288798;14102500;2474;;;;;;;;;;;;;;
7.291298;14105000;2504;;;;;;;;;;;;;;
7.293798;14107500;2477;;;;;;;;;;;;;;
7.296298;14110000;2493;;;;;;;;;;;;;;
7.298798;14112500;2489;;;;;;;;;;;;;;
7.301298;14115000;2463;;;;;;;;;;;;;;
7.303798;14117500;2492;;;;;;;;;;;;;;
7.306298;14120000;2503;14120972;112.516;-574.269;838.836;2232.633;-2355.954;3303.609;14120533;-608.498;-54.1;532.457;4336.482;-66437.344;51.07
7.308798;14122500;2506;;;;;;;;;;;;;;
7.311298;14125000;2489;;;;;;;;;;;;;;
7.313798;14127500;2479;;;;;;;;;;;;;;
7.316298;14130000;2318;;;;;;;;;;;;;;
7.318798;14132500;2443;;;;;;;;;;;;;;
7.321298;14135000;2458;;;;;;;;;;;;;;
7.323798;14137500;2476;;;;;;;;;;;;;;
7.326298;14140000;2490;;;;;;;;;;;;;;
7.328798;14142500;2520;;;;;;;;;;;;;;
7.331298;14145000;2520;;;;;;;;;;;;;;
7.333798;14147500;2493;;;;;;;;;;;;;;
7.336298;14150000;2492;;;;;;;;;;;;;;
7.338798;14152500;2490;;;;;;;;;;;;;;
7.341298;14155000;2510;;;;;;;;;;;;;;
7.343798;14157500;2495;;;;;;;;;;;;;;
7.346298;14160000;2506;;;;;;;;;;;;;;
7.348798;14162500;2231;;;;;;;;14163585;-577.396;-51.279;556.141;6105.471;-69974.164;-179.421
7.351298;14165000;2440;14164021;111.282;-573.927;840.326;2518.251;-2626.656;3505.929;;;;;;;
7.353798;14167500;2491;;;;;;;;;;;;;;
7.356298;14170000;2502;;;;;;;;;;;;;;
7.358798;14172500;2518;;;;;;;;;;;;;;
7.361298;14175000;2503;;;;;;;;;;;;;;
7.363798;14177500;2502;;;;;;;;;;;;;;
7.366298;14180000;2523;;;;;;;;;;;;;;
7.368798;14182500;2506;;;;;;;;;;;;;;
7.371298;14185000;2504;;;;;;;;;;;;;;
7.373798;14187500;2496;;;;;;;;;;;;;;
7.376298;14190000;2488;;;;;;;;;;;;;;
7.378798;14192500;2496;;;;;;;;;;;;;;
7.381298;14195000;2287;;;;;;;;;;;;;;
7.383798;14197500;2425;14197346;115.155;-571.71;841.291;2567.776;-2716.698;3851.257;14196914;-535.057;-50.771;575.822;9032.447;-73632.953;-463.138
7.386298;14200000;2461;;;;;;;;;;;;;;
7.388798;14202500;2477;;;;;;;;;;;;;;
7.391298;14205000;2503;;;;;;;;;;;;;;
7.393798;14207500;2474;;;;;;;;;;;;;;
7.396298;14210000;2487;;;;;;;;;;;;;;
7.398798;14212500;2475;;;;;;;;;;;;;;
7.401298;14215000;2472;;;;;;;;;;;;;;
7.403798;14217500;2447;;;;;;;;;;;;;;
7.406298;14220000;2475;;;;;;;;;;;;;;
7.408798;14222500;2456;;;;;;;;;;;;;;
7.411298;14225000;2474;;;;;;;;;;;;;;
7.413798;14227500;2215;14227384;119.517;-571.868;836.241;2669.074;-2044.051;4023.569;14226949;-479.775;-42.84;589.701;12056.763;-69593.43;-581.293
7.416298;14230000;2352;;;;;;;;;;;;;;
7.418798;14232500;2396;;;;;;;;;;;;;;
7.421298;14235000;2409;;;;;;;;;;;;;;
7.423798;14237500;2429;;;;;;;;;;;;;;
7.426298;14240000;2440;;;;;;;;;;;;;;
7.428798;14242500;2414;;;;;;;;;;;;;;
7.431298;14245000;2430;;;;;;;;;;;;;;
7.433798;14247500;2398;;;;;;;;;;;;;;
7.436298;14250000;2391;;;;;;;;;;;;;;
7.438798;14252500;2398;;;;;;;;;;;;;;
7.441298;14255000;2366;;;;;;;;;;;;;;
7.443798;14257500;2367;;;;;;;;;;;;;;
7.446298;14260000;2376;;;;;;;;;;;;;;
7.448798;14262500;2396;;;;;;;;14263655;-448.051;-27.919;616.83;13276.112;-59707.445;-1468.791
7.451298;14265000;2383;14264087;121.605;-569.554;832.877;2432.808;-978.036;3496.453;;;;;;;
7.453798;14267500;2380;;;;;;;;;;;;;;
7.456298;14270000;2043;;;;;;;;;;;;;;
7.458798;14272500;2267;;;;;;;;;;;;;;
7.461298;14275000;2302;;;;;;;;;;;;;;
7.463798;14277500;2348;;;;;;;;;;;;;;
7.466298;14280000;2334;;;;;;;;;;;;;;
7.468798;14282500;2343;;;;;;;;;;;;;;
7.471298;14285000;2360;;;;;;;;;;;;;;
7.473798;14287500;2349;;;;;;;;;;;;;;
7.476298;14290000;2335;;;;;;;;;;;;;;
7.478798;14292500;2329;;;;;;;;;;;;;;
7.481298;14295000;2318;;;;;;;;;;;;;;
7.483798;14297500;2302;14297505;119.295;-571.185;836.208;2255.168;-239.197;2680.693;14297070;-426.521;-18.544;638.052;12575.119;-51327.262;-1896.726
7.486298;14300000;2302;;;;;;;;;;;;;;
7.488798;14302500;2311;;;;;;;;;;;;;;
7.491298;14305000;2175;;;;;;;;;;;;;;
7.493798;14307500;2267;;;;;;;;;;;;;;
7.496298;14310000;2264;;;;;;;;;;;;;;
7.498798;14312500;2264;;;;;;;;;;;;;;
7.501298;14315000;2263;;;;;;;;;;;;;;
7.503798;14317500;2264;;;;;;;;;;;;;;
7.506298;14320000;2264;;;;;;;;;;;;;;
7.508798;14322500;2286;;;;;;;;;;;;;;
7.511298;14325000;2264;;;;;;;;;;;;;;
7.513798;14327500;2251;;;;;;;;;;;;;;
7.516298;14330000;2237;14329280;118.07;-572.772;833.633;1718.472;-84.174;2667.408;14328848;-409.69;-6.46;658.329;12135.801;-42198.398;-2259.515
7.518798;14332500;2208;;;;;;;;;;;;;;
7.521298;14335000;2127;;;;;;;;;;;;;;
7.523798;14337500;2185;;;;;;;;;;;;;;
7.526298;14340000;2217;;;;;;;;;;;;;;
7.528798;14342500;2224;;;;;;;;;;;;;;
7.531298;14345000;2249;;;;;;;;;;;;;;
7.533798;14347500;2218;;;;;;;;;;;;;;
7.536298;14350000;2205;;;;;;;;;;;;;;
7.538798;14352500;2200;;;;;;;;;;;;;;
7.541298;14355000;2191;;;;;;;;;;;;;;
7.543798;14357500;2200;;;;;;;;;;;;;;
7.546298;14360000;2215;;;;;;;;;;;;;;
7.548798;14362500;2215;14362518;114.161;-571.023;835.628;1853.923;12.347;2336.726;14362088;-401.058;4.624;676.347;11477.823;-34926.414;-2111.539
7.551298;14365000;2207;;;;;;;;;;;;;;
7.553798;14367500;2202;;;;;;;;;;;;;;
7.556298;14370000;1623;;;;;;;;;;;;;;
7.558798;14372500;2094;;;;;;;;;;;;;;
7.561298;14375000;2143;;;;;;;;;;;;;;
7.563798;14377500;2170;;;;;;;;;;;;;;
7.566298;14380000;2186;;;;;;;;;;;;;;
7.568798;14382500;2206;;;;;;;;;;;;;;
7.571298;14385000;2205;;;;;;;;;;;;;;
7.573798;14387500;2191;;;;;;;;;;;;;;
7.576298;14390000;2158;;;;;;;;;;;;;;
7.578798;14392500;2170;;;;;;;;;;;;;;
7.581298;14395000;2139;14395593;114.809;-570.885;837.473;1696.04;179.292;1986.702;14395155;-389.46;12.695;686.932;10889.494;-31364.906;-2308.275
7.583798;14397500;2140;;;;;;;;;;;;;;
7.586298;14400000;2140;;;;;;;;;;;;;;
7.588798;14402500;2168;;;;;;;;;;;;;;
7.591298;14405000;2041;;;;;;;;;;;;;;
7.593798;14407500;2106;;;;;;;;;;;;;;
7.596298;14410000;2119;;;;;;;;;;;;;;
7.598798;14412500;2111;;;;;;;;;;;;;;
7.601298;14415000;2090;;;;;;;;;;;;;;
7.603798;14417500;2111;;;;;;;;;;;;;;
7.606298;14420000;2102;;;;;;;;;;;;;;
7.608798;14422500;2124;;;;;;;;;;;;;;
7.611298;14425000;2120;;;;;;;;;;;;;;
7.613798;14427500;2088;;;;;;;;;;;;;;
7.616298;14430000;2092;14430483;113.454;-568.778;836.763;1438.425;656.827;1499.304;14430053;-377.423;19.801;690.686;10653.457;-28805.723;-3284.861
7.618798;14432500;2058;;;;;;;;;;;;;;
7.621298;14435000;1883;;;;;;;;;;;;;;
7.623798;14437500;1992;;;;;;;;;;;;;;
7.626298;14440000;2025;;;;;;;;;;;;;;
7.628798;14442500;2074;;;;;;;;;;;;;;
7.631298;14445000;2057;;;;;;;;;;;;;;
7.633798;14447500;2072;;;;;;;;;;;;;;
7.636298;14450000;2046;;;;;;;;;;;;;;
7.638798;14452500;2026;;;;;;;;;;;;;;
7.641298;14455000;2042;;;;;;;;;;;;;;
7.643798;14457500;2025;;;;;;;;;;;;;;
7.646298;14460000;2047;;;;;;;;;;;;;;
7.648798;14462500;2056;;;;;;;;;;;;;;
7.651298;14465000;2029;;;;;;;;;;;;;;
7.653798;14467500;2043;;;;;;;;;;;;;;
7.656298;14470000;1897;;;;;;;;;;;;;;
7.658798;14472500;1958;14471969;109.776;-569.07;837.38;1106.629;1153.361;546.714;14471536;-364.89;9.148;708.27;8534.409;-26119.873;-3480.68
7.661298;14475000;1979;;;;;;;;;;;;;;
7.663798;14477500;2012;;;;;;;;;;;;;;
7.666298;14480000;2009;;;;;;;;;;;;;;
7.668798;14482500;2012;;;;;;;;;;;;;;
7.671298;14485000;2013;;;;;;;;;;;;;;
7.673798;14487500;2008;;;;;;;;;;;;;;
7.676298;14490000;2015;;;;;;;;;;;;;;
7.678798;14492500;1992;;;;;;;;;;;;;;
7.681298;14495000;1983;;;;;;;;;;;;;;
7.683798;14497500;2012;;;;;;;;;;;;;;
7.686298;14500000;1999;;;;;;;;;;;;;;
7.688798;14502500;1880;;;;;;;;;;;;;;
7.691298;14505000;1960;14505039;103.366;-591.772;841.286;1059.172;796.443;-185.434;14504603;-346.517;12.04;724.291;6303.001;-28880.441;-3217.396
7.693798;14507500;1982;;;;;;;;;;;;;;
7.696298;14510000;2010;;;;;;;;;;;;;;
7.698798;14512500;1991;;;;;;;;;;;;;;
7.701298;14515000;1990;;;;;;;;;;;;;;
7.703798;14517500;1993;;;;;;;;;;;;;;
7.706298;14520000;2006;;;;;;;;;;;;;;
7.708798;14522500;2030;;;;;;;;;;;;;;
7.711298;14525000;2011;;;;;;;;;;;;;;
7.713798;14527500;2009;;;;;;;;;;;;;;
7.716298;14530000;1995;;;;;;;;14531171;-336.645;12.444;744.819;5089.226;-30263.982;-2882.401
7.718798;14532500;1991;14531603;107.867;-574.298;842.422;5032.526;456.933;-1947.6;;;;;;;
7.721298;14535000;2009;;;;;;;;;;;;;;
7.723798;14537500;1851;;;;;;;;;;;;;;
7.726298;14540000;1943;;;;;;;;;;;;;;
7.728798;14542500;1978;;;;;;;;;;;;;;
7.731298;14545000;1993;;;;;;;;;;;;;;
7.733798;14547500;2015;;;;;;;;;;;;;;
7.736298;14550000;2008;;;;;;;;;;;;;;
7.738798;14552500;1995;;;;;;;;;;;;;;
7.741298;14555000;1966;;;;;;;;;;;;;;
7.743798;14557500;1993;;;;;;;;;;;;;;
7.746298;14560000;1981;;;;;;;;;;;;;;
7.748798;14562500;2007;;;;;;;;;;;;;;
7.751298;14565000;1981;;;;;;;;;;;;;;
7.753798;14567500;1994;;;;;;;;;;;;;;
7.756298;14570000;1982;14569792;114.039;-562.675;849.345;2456.9;1568.524;-3111.533;14569362;-320.094;17.526;763.07;4739.39;-30130.658;-2233.844
7.758798;14572500;1947;;;;;;;;;;;;;;
7.761298;14575000;1962;;;;;;;;;;;;;;
7.763798;14577500;1462;;;;;;;;;;;;;;
7.766298;14580000;1882;;;;;;;;;;;;;;
7.768798;14582500;1943;;;;;;;;;;;;;;
7.771298;14585000;1934;;;;;;;;;;;;;;
7.773798;14587500;1963;;;;;;;;;;;;;;
7.776298;14590000;1961;;;;;;;;;;;;;;
7.778798;14592500;1931;;;;;;;;;;;;;;
7.781298;14595000;1962;;;;;;;;;;;;;;
7.783798;14597500;1943;;;;;;;;;;;;;;
7.786298;14600000;1949;;;;;;;;;;;;;;
7.788798;14602500;1979;14603127;107.581;-576.717;847.967;797.117;1657.66;-5332.019;14602689;-309.134;18.571;773.857;4428.045;-28202.812;-2295.402
7.791298;14605000;1980;;;;;;;;;;;;;;
7.793798;14607500;1976;;;;;;;;;;;;;;
7.796298;14610000;1960;;;;;;;;;;;;;;
7.798798;14612500;1838;;;;;;;;;;;;;;
7.801298;14615000;1898;;;;;;;;;;;;;;
7.803798;14617500;1904;;;;;;;;;;;;;;
7.806298;14620000;1947;;;;;;;;;;;;;;
7.808798;14622500;1936;;;;;;;;;;;;;;
7.811298;14625000;1961;;;;;;;;;;;;;;
7.813798;14627500;1931;;;;;;;;;;;;;;
7.816298;14630000;1916;;;;;;;;;;;;;;
7.818798;14632500;1930;14633067;101.146;-592.435;850.763;5709.324;-3187.41;-6702.542;14632637;-298.008;19.637;783.073;3896.018;-26422.984;-2257.632
7.821298;14635000;1930;;;;;;;;;;;;;;
7.823798;14637500;1776;;;;;;;;;;;;;;
7.826298;14640000;1866;;;;;;;;;;;;;;
7.828798;14642500;1897;;;;;;;;;;;;;;
7.831298;14645000;1911;;;;;;;;;;;;;;
7.833798;14647500;1902;;;;;;;;;;;;;;
7.836298;14650000;1918;;;;;;;;;;;;;;
7.838798;14652500;1886;;;;;;;;;;;;;;
7.841298;14655000;1887;;;;;;;;;;;;;;
7.843798;14657500;1897;;;;;;;;;;;;;;
7.846298;14660000;1901;;;;;;;;;;;;;;
7.848798;14662500;1932;;;;;;;;;;;;;;
7.851298;14665000;1912;;;;;;;;;;;;;;
7.853798;14667500;1901;;;;;;;;;;;;;;
7.856298;14670000;1888;14669776;119.049;-574.525;862.723;9357.857;-10632.664;-9531.415;14669344;-286.609;21.98;794.793;3175.342;-24859.459;-2248.438
7.858798;14672500;1884;;;;;;;;;;;;;;
7.861298;14675000;1903;;;;;;;;;;;;;;
7.863798;14677500;1803;;;;;;;;;;;;;;
7.866298;14680000;1864;;;;;;;;;;;;;;
7.868798;14682500;1895;;;;;;;;;;;;;;
7.871298;14685000;1901;;;;;;;;;;;;;;
7.873798;14687500;1928;;;;;;;;;;;;;;
7.876298;14690000;1897;;;;;;;;;;;;;;
7.878798;14692500;1886;;;;;;;;;;;;;;
7.881298;14695000;1886;;;;;;;;;;;;;;
7.883798;14697500;1898;;;;;;;;;;;;;;
7.886298;14700000;1912;;;;;;;;;;;;;;
7.888798;14702500;1944;;;;;;;;;;;;;;
7.891298;14705000;1916;;;;;;;;;;;;;;
7.893798;14707500;1913;;;;;;;;;;;;;;
7.896298;14710000;1772;;;;;;;;;;;;;;
7.898798;14712500;1856;14713180;121.826;-576.604;862.665;12327.402;-17413.406;-15482.594;14712745;-272.376;25.071;803.945;2064.137;-23323.361;-1927.766
7.901298;14715000;1868;;;;;;;;;;;;;;
7.903798;14717500;1885;;;;;;;;;;;;;;
7.906298;14720000;1899;;;;;;;;;;;;;;
7.908798;14722500;1913;;;;;;;;;;;;;;
7.911298;14725000;1930;;;;;;;;;;;;;;
7.913798;14727500;1929;;;;;;;;;;;;;;
7.916298;14730000;1917;;;;;;;;;;;;;;
7.918798;14732500;1913;;;;;;;;;;;;;;
7.921298;14735000;1912;;;;;;;;;;;;;;
7.923798;14737500;1896;;;;;;;;;;;;;;
7.926298;14740000;1815;;;;;;;;;;;;;;
7.928798;14742500;1863;;;;;;;;;;;;;;
7.931298;14745000;1885;;;;;;;;;;;;;;
7.933798;14747500;1915;;;;;;;;;;;;;;
7.936298;14750000;1887;;;;;;;;;;;;;;
7.938798;14752500;1902;;;;;;;;;;;;;;
7.941298;14755000;1900;;;;;;;;;;;;;;
7.943798;14757500;1912;14756758;131.582;-569.661;860.194;8119.157;-24932.674;-15958.401;14756319;-264.973;24.214;815.037;568.805;-23016.006;-1584.627
7.946298;14760000;1914;;;;;;;;;;;;;;
7.948798;14762500;1900;;;;;;;;;;;;;;
7.951298;14765000;1900;;;;;;;;;;;;;;
7.953798;14767500;1915;;;;;;;;;;;;;;
7.956298;14770000;1883;;;;;;;;;;;;;;
7.958798;14772500;1898;;;;;;;;;;;;;;
7.961298;14775000;1870;;;;;;;;;;;;;;
7.963798;14777500;1817;;;;;;;;;;;;;;
7.966298;14780000;1850;;;;;;;;;;;;;;
7.968798;14782500;1900;;;;;;;;;;;;;;
7.971298;14785000;1904;;;;;;;;;;;;;;
7.973798;14787500;1884;;;;;;;;;;;;;;
7.976298;14790000;1898;14790248;150.806;-562.32;850.399;2699.449;-30417.852;-17887.855;14789821;-254.75;24.4;824.665;-1145.76;-23302.393;-281.271
7.978798;14792500;1867;;;;;;;;;;;;;;
7.981298;14795000;1869;;;;;;;;;;;;;;
7.983798;14797500;1897;;;;;;;;;;;;;;
7.986298;14800000;1900;;;;;;;;;;;;;;
7.988798;14802500;1911;;;;;;;;;;;;;;
7.991298;14805000;1912;;;;;;;;;;;;;;
7.993798;14807500;1880;;;;;;;;;;;;;;
7.996298;14810000;1896;;;;;;;;;;;;;;
7.998798;14812500;1865;;;;;;;;;;;;;;
8.001298;14815000;1855;;;;;;;;;;;;;;
8.003798;14817500;1885;;;;;;;;;;;;;;
8.006298;14820000;1752;;;;;;;;;;;;;;
8.008798;14822500;1831;;;;;;;;14823408;-246.222;22.418;831.902;-2434.66;-24759.211;477.418
8.011298;14825000;1852;14823848;170.088;-558.061;837.391;1712.664;-35142.711;-20624.275;;;;;;;
8.013798;14827500;1881;;;;;;;;;;;;;;
8.016298;14830000;1871;;;;;;;;;;;;;;
8.018798;14832500;1867;;;;;;;;;;;;;;
8.021298;14835000;1847;;;;;;;;;;;;;;
8.023798;14837500;1851;;;;;;;;;;;;;;
8.026298;14840000;1880;;;;;;;;;;;;;;
8.028798;14842500;1884;;;;;;;;;;;;;;
8.031298;14845000;1865;;;;;;;;;;;;;;
8.033798;14847500;1855;;;;;;;;;;;;;;
8.036298;14850000;1839;;;;;;;;;;;;;;
8.038798;14852500;1853;;;;;;;;;;;;;;
8.041298;14855000;1852;;;;;;;;;;;;;;
8.043798;14857500;1836;14857338;184.769;-550.117;824.075;3700.344;-40197.449;-21463.373;14856908;-236.979;15.154;845.811;-2825.677;-25789.25;1009.172
8.046298;14860000;1848;;;;;;;;;;;;;;
8.048798;14862500;1375;;;;;;;;;;;;;;
8.051298;14865000;1775;;;;;;;;;;;;;;
8.053798;14867500;1805;;;;;;;;;;;;;;
8.056298;14870000;1815;;;;;;;;;;;;;;
8.058798;14872500;1816;;;;;;;;;;;;;;
8.061298;14875000;1807;;;;;;;;;;;;;;
8.063798;14877500;1837;;;;;;;;;;;;;;
8.066298;14880000;1823;;;;;;;;;;;;;;
8.068798;14882500;1833;;;;;;;;;;;;;;
8.071298;14885000;1832;;;;;;;;;;;;;;
8.073798;14887500;1818;;;;;;;;;;;;;;
8.076298;14890000;1823;14889299;209.044;-540.302;811.743;2965.389;-44168.203;-22130.58;14888861;-227.155;12.634;854.986;-2863.768;-25766.787;1071.588
8.078798;14892500;1791;;;;;;;;;;;;;;
8.081298;14895000;1791;;;;;;;;;;;;;;
8.083798;14897500;1693;;;;;;;;;;;;;;
8.086298;14900000;1758;;;;;;;;;;;;;;
8.088798;14902500;1806;;;;;;;;;;;;;;
8.091298;14905000;1800;;;;;;;;;;;;;;
8.093798;14907500;1799;;;;;;;;;;;;;;
8.096298;14910000;1804;;;;;;;;;;;;;;
8.098798;14912500;1802;;;;;;;;;;;;;;
8.101298;14915000;1774;;;;;;;;;;;;;;
8.103798;14917500;1802;;;;;;;;;;;;;;
8.106298;14920000;1786;;;;;;;;;;;;;;
8.108798;14922500;1814;14922877;238.889;-526.658;795.671;5150.307;-46676.48;-23302.988;14922449;-216.359;9.519;862.995;-2535.517;-24879.635;1002.696
8.111298;14925000;1814;;;;;;;;;;;;;;
8.113798;14927500;1784;;;;;;;;;;;;;;
8.116298;14930000;1646;;;;;;;;;;;;;;
8.118798;14932500;1724;;;;;;;;;;;;;;
8.121298;14935000;1754;;;;;;;;;;;;;;
8.123798;14937500;1773;;;;;;;;;;;;;;
8.126298;14940000;1769;;;;;;;;;;;;;;
8.128798;14942500;1774;;;;;;;;;;;;;;
8.131298;14945000;1801;;;;;;;;;;;;;;
8.133798;14947500;1789;;;;;;;;;;;;;;
8.136298;14950000;1784;;;;;;;;;;;;;;
8.138798;14952500;1772;;;;;;;;;;;;;;
8.141298;14955000;1772;;;;;;;;;;;;;;
8.143798;14957500;1775;;;;;;;;;;;;;;
8.146298;14960000;1768;;;;;;;;;;;;;;
8.148798;14962500;1800;;;;;;;;;;;;;;
8.151298;14965000;1688;;;;;;;;14965849;-202.271;8.988;869.261;-2018.491;-24334.777;883.436
8.153798;14967500;1725;14966289;264.038;-515.13;780.678;6321.666;-47378.031;-26143.15;;;;;;;
8.156298;14970000;1740;;;;;;;;;;;;;;
8.158798;14972500;1759;;;;;;;;;;;;;;
8.161298;14975000;1769;;;;;;;;;;;;;;
8.163798;14977500;1755;;;;;;;;;;;;;;
8.166298;14980000;1786;;;;;;;;;;;;;;
8.168798;14982500;1770;;;;;;;;;;;;;;
8.171298;14985000;1759;;;;;;;;;;;;;;
8.173798;14987500;1775;;;;;;;;;;;;;;
8.176298;14990000;1750;;;;;;;;;;;;;;
8.178798;14992500;1739;;;;;;;;;;;;;;
8.181298;14995000;1248;;;;;;;;;;;;;;
8.183798;14997500;1679;;;;;;;;;;;;;;
8.186298;15000000;1722;14999693;285.289;-493.893;762.598;11013.207;-48650.004;-27747.555;14999264;-191.242;10.509;873.836;-1756.566;-23187.602;802.952
8.188798;15002500;1744;;;;;;;;;;;;;;
8.191298;15005000;1773;;;;;;;;;;;;;;
8.193798;15007500;1753;;;;;;;;;;;;;;
8.196298;15010000;1768;;;;;;;;;;;;;;
8.198798;15012500;1738;;;;;;;;;;;;;;
8.201298;15015000;1737;;;;;;;;;;;;;;
8.203798;15017500;1759;;;;;;;;;;;;;;
8.206298;15020000;1754;;;;;;;;;;;;;;
8.208798;15022500;1756;;;;;;;;;;;;;;
8.211298;15025000;1754;;;;;;;;;;;;;;
8.213798;15027500;1752;;;;;;;;;;;;;;
8.216298;15030000;1673;15030013;316.653;-478.324;742.127;16526.734;-51932.129;-29204.801;15029559;-180.204;8.032;880.969;-1584.301;-22605.721;625.867
8.218798;15032500;1692;;;;;;;;;;;;;;
8.221298;15035000;1710;;;;;;;;;;;;;;
8.223798;15037500;1727;;;;;;;;;;;;;;
8.226298;15040000;1741;;;;;;;;;;;;;;
8.228798;15042500;1770;;;;;;;;;;;;;;
8.231298;15045000;1753;;;;;;;;;;;;;;
8.233798;15047500;1768;;;;;;;;;;;;;;
8.236298;15050000;1735;;;;;;;;;;;;;;
8.238798;15052500;1725;;;;;;;;;;;;;;
8.241298;15055000;1752;;;;;;;;;;;;;;
8.243798;15057500;1734;;;;;;;;;;;;;;
8.246298;15060000;1740;;;;;;;;;;;;;;
8.248798;15062500;1752;;;;;;;;;;;;;;
8.251298;15065000;1743;;;;;;;;;;;;;;
8.253798;15067500;1758;15066775;350.468;-459.538;722.272;19615.148;-54002.336;-30032.248;15066353;-170.358;7.85;887.331;-1653.398;-21492.059;670.261
8.256298;15070000;1727;;;;;;;;;;;;;;
8.258798;15072500;1591;;;;;;;;;;;;;;
8.261298;15075000;1663;;;;;;;;;;;;;;
8.263798;15077500;1726;;;;;;;;;;;;;;
8.266298;15080000;1723;;;;;;;;;;;;;;
8.268798;15082500;1754;;;;;;;;;;;;;;
8.271298;15085000;1738;;;;;;;;;;;;;;
8.273798;15087500;1753;;;;;;;;;;;;;;
8.276298;15090000;1741;;;;;;;;;;;;;;
8.278798;15092500;1719;;;;;;;;;;;;;;
8.281298;15095000;1719;;;;;;;;;;;;;;
8.283798;15097500;1723;;;;;;;;;;;;;;
8.286298;15100000;1754;;;;;;;;;;;;;;
8.288798;15102500;1756;;;;;;;;;;;;;;
8.291298;15105000;1737;;;;;;;;;;;;;;
8.293798;15107500;1672;;;;;;;;;;;;;;
8.296298;15110000;1704;15110199;388.668;-445.382;695.735;22753.453;-55470.719;-32858.82;15109754;-160.626;-0.784;892.075;-1716.416;-20175.955;650.311
8.298798;15112500;1691;;;;;;;;;;;;;;
8.301298;15115000;1721;;;;;;;;;;;;;;
8.303798;15117500;1708;;;;;;;;;;;;;;
8.306298;15120000;1740;;;;;;;;;;;;;;
8.308798;15122500;1725;;;;;;;;;;;;;;
8.311298;15125000;1723;;;;;;;;;;;;;;
8.313798;15127500;1739;;;;;;;;;;;;;;
8.316298;15130000;1728;;;;;;;;;;;;;;
8.318798;15132500;1721;;;;;;;;;;;;;;
8.321298;15135000;1721;;;;;;;;;;;;;;
8.323798;15137500;1632;;;;;;;;;;;;;;
8.326298;15140000;1702;;;;;;;;;;;;;;
8.328798;15142500;1703;;;;;;;;;;;;;;
8.331298;15145000;1707;;;;;;;;;;;;;;
8.333798;15147500;1706;;;;;;;;;;;;;;
8.336298;15150000;1696;;;;;;;;;;;;;;
8.338798;15152500;1709;15153671;407.89;-428.395;673.905;26671.529;-55040.871;-34493.629;15153241;-152.906;-6.052;898.352;-1471.345;-19381.531;662.857
8.341298;15155000;1690;;;;;;;;;;;;;;
8.343798;15157500;1696;;;;;;;;;;;;;;
8.346298;15160000;1724;;;;;;;;;;;;;;
8.348798;15162500;1728;;;;;;;;;;;;;;
8.351298;15165000;1708;;;;;;;;;;;;;;
8.353798;15167500;1704;;;;;;;;;;;;;;
8.356298;15170000;1691;;;;;;;;;;;;;;
8.358798;15172500;1177;;;;;;;;;;;;;;
8.361298;15175000;1623;;;;;;;;;;;;;;
8.363798;15177500;1659;;;;;;;;;;;;;;
8.366298;15180000;1679;;;;;;;;;;;;;;
8.368798;15182500;1711;;;;;;;;;;;;;;
8.371298;15185000;1693;;;;;;;;;;;;;;
8.373798;15187500;1689;15187268;437.919;-405.798;646.798;27796.266;-56290.641;-34824.758;15186830;-146.932;-9.427;901.862;-1272.215;-18483.33;638.027
8.376298;15190000;1678;;;;;;;;;;;;;;
8.378798;15192500;1674;;;;;;;;;;;;;;
8.381298;15195000;1693;;;;;;;;;;;;;;
8.383798;15197500;1677;;;;;;;;;;;;;;
8.386298;15200000;1709;;;;;;;;;;;;;;
8.388798;15202500;1690;;;;;;;;;;;;;;
8.391298;15205000;1688;;;;;;;;;;;;;;
8.393798;15207500;1703;;;;;;;;;;;;;;
8.396298;15210000;1690;;;;;;;;;;;;;;
8.398798;15212500;1677;;;;;;;;;;;;;;
8.401298;15215000;1659;;;;;;;;;;;;;;
8.403798;15217500;1576;;;;;;;;;;;;;;
8.406298;15220000;1629;15220847;464.816;-376.883;622.052;29916.514;-56876.797;-33417.77;15220417;-138.347;-13.988;905.667;-1470.229;-17399.477;605.688
8.408798;15222500;1657;;;;;;;;;;;;;;
8.411298;15225000;1661;;;;;;;;;;;;;;
8.413798;15227500;1658;;;;;;;;;;;;;;
8.416298;15230000;1648;;;;;;;;;;;;;;
8.418798;15232500;1644;;;;;;;;;;;;;;
8.421298;15235000;1663;;;;;;;;;;;;;;
8.423798;15237500;1646;;;;;;;;;;;;;;
8.426298;15240000;1658;;;;;;;;;;;;;;
8.428798;15242500;1660;;;;;;;;;;;;;;
8.431298;15245000;1679;;;;;;;;;;;;;;
8.433798;15247500;1646;;;;;;;;;;;;;;
8.436298;15250000;1640;;;;;;;;;;;;;;
8.438798;15252500;1629;;;;;;;;;;;;;;
8.441298;15255000;1656;15254536;482.403;-359.436;603.686;28198.0;-56554.27;-32133.631;15254091;-131.735;-12.667;909.946;-1359.53;-16535.627;638.841
8.443798;15257500;1640;;;;;;;;;;;;;;
8.446298;15260000;1548;;;;;;;;;;;;;;
8.448798;15262500;1594;;;;;;;;;;;;;;
8.451298;15265000;1639;;;;;;;;;;;;;;
8.453798;15267500;1643;;;;;;;;;;;;;;
8.456298;15270000;1614;;;;;;;;;;;;;;
8.458798;15272500;1631;;;;;;;;;;;;;;
8.461298;15275000;1611;;;;;;;;;;;;;;
8.463798;15277500;1614;;;;;;;;;;;;;;
8.466298;15280000;1645;;;;;;;;;;;;;;
8.468798;15282500;1655;;;;;;;;;;;;;;
8.471298;15285000;1627;;;;;;;;15286131;-123.873;-13.345;915.048;-1170.804;-15712.346;613.462
8.473798;15287500;1641;15286553;508.614;-342.464;577.095;26708.475;-55016.742;-30667.387;;;;;;;
8.476298;15290000;1628;;;;;;;;;;;;;;
8.478798;15292500;1615;;;;;;;;;;;;;;
8.481298;15295000;1531;;;;;;;;;;;;;;
8.483798;15297500;1594;;;;;;;;;;;;;;
8.486298;15300000;1613;;;;;;;;;;;;;;
8.488798;15302500;1628;;;;;;;;;;;;;;
8.491298;15305000;1630;;;;;;;;;;;;;;
8.493798;15307500;1600;;;;;;;;;;;;;;
8.496298;15310000;1596;;;;;;;;;;;;;;
8.498798;15312500;1608;;;;;;;;;;;;;;
8.501298;15315000;1580;;;;;;;;;;;;;;
8.503798;15317500;1610;;;;;;;;;;;;;;
8.506298;15320000;1596;15320245;532.868;-318.131;556.567;24886.551;-52871.406;-28815.518;15319805;-115.453;-14.001;919.761;-893.951;-15023.854;576.664
8.508798;15322500;1597;;;;;;;;;;;;;;
8.511298;15325000;1597;;;;;;;;;;;;;;
8.513798;15327500;1515;;;;;;;;;;;;;;
8.516298;15330000;1559;;;;;;;;;;;;;;
8.518798;15332500;1565;;;;;;;;;;;;;;
8.521298;15335000;1579;;;;;;;;;;;;;;
8.523798;15337500;1592;;;;;;;;;;;;;;
8.526298;15340000;1579;;;;;;;;;;;;;;
8.528798;15342500;1582;;;;;;;;;;;;;;
8.531298;15345000;1579;;;;;;;;;;;;;;
8.533798;15347500;1593;;;;;;;;;;;;;;
8.536298;15350000;1562;;;;;;;;;;;;;;
8.538798;15352500;1549;;;;;;;;;;;;;;
8.541298;15355000;1550;;;;;;;;;;;;;;
8.543798;15357500;1559;;;;;;;;;;;;;;
8.546298;15360000;1132;;;;;;;;;;;;;;
8.548798;15362500;1503;15363727;555.982;-301.547;533.576;23885.473;-49792.523;-27210.242;15363292;-108.625;-14.521;924.006;-736.816;-14319.036;541.705
8.551298;15365000;1551;;;;;;;;;;;;;;
8.553798;15367500;1534;;;;;;;;;;;;;;
8.556298;15370000;1532;;;;;;;;;;;;;;
8.558798;15372500;1550;;;;;;;;;;;;;;
8.561298;15375000;1529;;;;;;;;;;;;;;
8.563798;15377500;1532;;;;;;;;;;;;;;
8.566298;15380000;1544;;;;;;;;;;;;;;
8.568798;15382500;1545;;;;;;;;;;;;;;
8.571298;15385000;1545;;;;;;;;;;;;;;
8.573798;15387500;1531;;;;;;;;;;;;;;
8.576298;15390000;1545;;;;;;;;;;;;;;
8.578798;15392500;1371;;;;;;;;;;;;;;
8.581298;15395000;1454;;;;;;;;;;;;;;
8.583798;15397500;1503;15397313;578.197;-284.469;515.504;23381.137;-45487.273;-25567.543;15396881;-102.322;-14.527;928.107;-548.163;-13736.959;522.058
8.586298;15400000;1529;;;;;;;;;;;;;;
8.588798;15402500;1516;;;;;;;;;;;;;;
8.591298;15405000;1517;;;;;;;;;;;;;;
8.593798;15407500;1513;;;;;;;;;;;;;;
8.596298;15410000;1517;;;;;;;;;;;;;;
8.598798;15412500;1487;;;;;;;;;;;;;;
8.601298;15415000;1514;;;;;;;;;;;;;;
8.603798;15417500;1495;;;;;;;;;;;;;;
8.606298;15420000;1501;;;;;;;;;;;;;;
8.608798;15422500;1528;;;;;;;;;;;;;;
8.611298;15425000;1501;;;;;;;;;;;;;;
8.613798;15427500;1435;15427611;596.306;-271.026;496.591;21111.768;-39117.91;-23838.541;15427176;-95.345;-13.63;931.599;-470.88;-13080.736;486.767
8.616298;15430000;1446;;;;;;;;;;;;;;
8.618798;15432500;1470;;;;;;;;;;;;;;
8.621298;15435000;1463;;;;;;;;;;;;;;
8.623798;15437500;1495;;;;;;;;;;;;;;
8.626298;15440000;1500;;;;;;;;;;;;;;
8.628798;15442500;1481;;;;;;;;;;;;;;
8.631298;15445000;1499;;;;;;;;;;;;;;
8.633798;15447500;1468;;;;;;;;;;;;;;
8.636298;15450000;1480;;;;;;;;;;;;;;
8.638798;15452500;1449;;;;;;;;;;;;;;
8.641298;15455000;1467;;;;;;;;;;;;;;
8.643798;15457500;1471;;;;;;;;;;;;;;
8.646298;15460000;1463;;;;;;;;;;;;;;
8.648798;15462500;1483;;;;;;;;;;;;;;
8.651298;15465000;1454;15464401;607.757;-274.11;452.833;18173.18;-34031.703;-22732.801;15463969;-90.993;-17.444;936.198;-328.336;-12635.387;444.929
8.653798;15467500;1448;;;;;;;;;;;;;;
8.656298;15470000;1358;;;;;;;;;;;;;;
8.658798;15472500;1374;;;;;;;;;;;;;;
8.661298;15475000;1418;;;;;;;;;;;;;;
8.663798;15477500;1418;;;;;;;;;;;;;;
8.666298;15480000;1449;;;;;;;;;;;;;;
8.668798;15482500;1453;;;;;;;;;;;;;;
8.671298;15485000;1433;;;;;;;;;;;;;;
8.673798;15487500;1439;;;;;;;;;;;;;;
8.676298;15490000;1432;;;;;;;;;;;;;;
8.678798;15492500;1420;;;;;;;;;;;;;;
8.681298;15495000;1418;;;;;;;;;;;;;;
8.683798;15497500;1421;15497906;622.161;-257.403;442.233;14779.082;-29765.055;-21520.91;15497470;-86.644;-18.774;940.025;-127.731;-12256.055;500.995
8.686298;15500000;1404;;;;;;;;;;;;;;
8.688798;15502500;1434;;;;;;;;;;;;;;
8.691298;15505000;1367;;;;;;;;;;;;;;
8.693798;15507500;1386;;;;;;;;;;;;;;
8.696298;15510000;1370;;;;;;;;;;;;;;
8.698798;15512500;1385;;;;;;;;;;;;;;
8.701298;15515000;1386;;;;;;;;;;;;;;
8.703798;15517500;1391;;;;;;;;;;;;;;
8.706298;15520000;1383;;;;;;;;;;;;;;
8.708798;15522500;1385;;;;;;;;;;;;;;
8.711298;15525000;1402;;;;;;;;;;;;;;
8.713798;15527500;1390;;;;;;;;;;;;;;
8.716298;15530000;1357;15529687;644.19;-243.465;431.498;12030.253;-26015.363;-21831.303;15529249;-78.774;-19.165;943.19;-53.095;-11916.689;309.258
8.718798;15532500;1351;;;;;;;;;;;;;;
8.721298;15535000;1279;;;;;;;;;;;;;;
8.723798;15537500;1320;;;;;;;;;;;;;;
8.726298;15540000;1337;;;;;;;;;;;;;;
8.728798;15542500;1352;;;;;;;;;;;;;;
8.731298;15545000;1344;;;;;;;;;;;;;;
8.733798;15547500;1341;;;;;;;;;;;;;;
8.736298;15550000;1335;;;;;;;;;;;;;;
8.738798;15552500;1341;;;;;;;;;;;;;;
8.741298;15555000;1320;;;;;;;;;;;;;;
8.743798;15557500;1324;;;;;;;;;;;;;;
8.746298;15560000;1327;;;;;;;;;;;;;;
8.748798;15562500;1353;15563093;663.276;-235.141;419.555;10875.74;-19609.846;-21262.988;15562663;-72.755;-19.403;946.16;26.123;-11236.854;333.607
8.751298;15565000;1326;;;;;;;;;;;;;;
8.753798;15567500;1321;;;;;;;;;;;;;;
8.756298;15570000;856;;;;;;;;;;;;;;
8.758798;15572500;1245;;;;;;;;;;;;;;
8.761298;15575000;1289;;;;;;;;;;;;;;
8.763798;15577500;1304;;;;;;;;;;;;;;
8.766298;15580000;1291;;;;;;;;;;;;;;
8.768798;15582500;1294;;;;;;;;;;;;;;
8.771298;15585000;1293;;;;;;;;;;;;;;
8.773798;15587500;1305;;;;;;;;;;;;;;
8.776298;15590000;1291;;;;;;;;;;;;;;
8.778798;15592500;1261;;;;;;;;;;;;;;
8.781298;15595000;1260;;;;;;;;;;;;;;
8.783798;15597500;1263;;;;;;;;;;;;;;
8.786298;15600000;1273;;;;;;;;;;;;;;
8.788798;15602500;1292;;;;;;;;;;;;;;
8.791298;15605000;1230;;;;;;;;15605890;-67.678;-19.64;948.591;222.566;-10673.699;333.552
8.793798;15607500;1226;15606328;667.932;-222.359;416.883;11878.516;-12893.729;-18847.525;;;;;;;
8.796298;15610000;1245;;;;;;;;;;;;;;
8.798798;15612500;1226;;;;;;;;;;;;;;
8.801298;15615000;1246;;;;;;;;;;;;;;
8.803798;15617500;1256;;;;;;;;;;;;;;
8.806298;15620000;1260;;;;;;;;;;;;;;
8.808798;15622500;1270;;;;;;;;;;;;;;
8.811298;15625000;1244;;;;;;;;;;;;;;
8.813798;15627500;1230;;;;;;;;;;;;;;
8.816298;15630000;1216;;;;;;;;15631062;-63.593;-19.982;952.475;393.876;-10109.826;288.874
8.818798;15632500;1231;15631492;689.033;-202.909;423.05;12151.715;-6131.042;-16796.086;;;;;;;
8.821298;15635000;1228;;;;;;;;;;;;;;
8.823798;15637500;1176;;;;;;;;;;;;;;
8.826298;15640000;1224;;;;;;;;;;;;;;
8.828798;15642500;1229;;;;;;;;;;;;;;
8.831298;15645000;1230;;;;;;;;;;;;;;
8.833798;15647500;1225;;;;;;;;;;;;;;
8.836298;15650000;1193;;;;;;;;;;;;;;
8.838798;15652500;1208;;;;;;;;;;;;;;
8.841298;15655000;1181;;;;;;;;;;;;;;
8.843798;15657500;1210;;;;;;;;;;;;;;
8.846298;15660000;1213;;;;;;;;;;;;;;
8.848798;15662500;1197;;;;;;;;;;;;;;
8.851298;15665000;1196;;;;;;;;;;;;;;
8.853798;15667500;1182;;;;;;;;;;;;;;
8.856298;15670000;1142;;;;;;;;;;;;;;
8.858798;15672500;1150;15672977;698.702;-187.462;425.895;12902.129;1366.26;-16369.719;15672545;-58.79;-17.879;955.207;584.619;-9520.772;299.806
8.861298;15675000;1145;;;;;;;;;;;;;;
8.863798;15677500;1179;;;;;;;;;;;;;;
8.866298;15680000;1166;;;;;;;;;;;;;;
8.868798;15682500;1194;;;;;;;;;;;;;;
8.871298;15685000;1174;;;;;;;;;;;;;;
8.873798;15687500;1161;;;;;;;;;;;;;;
8.876298;15690000;1176;;;;;;;;;;;;;;
8.878798;15692500;1164;;;;;;;;;;;;;;
8.881298;15695000;1144;;;;;;;;;;;;;;
8.883798;15697500;1148;;;;;;;;;;;;;;
8.886298;15700000;1151;;;;;;;;;;;;;;
8.888798;15702500;1178;;;;;;;;;;;;;;
8.891298;15705000;1151;15706134;706.065;-185.312;436.662;14410.835;8306.26;-15464.17;15705698;-54.612;-16.454;957.649;579.451;-8726.233;348.69
8.893798;15707500;1145;;;;;;;;;;;;;;
8.896298;15710000;1131;;;;;;;;;;;;;;
8.898798;15712500;1068;;;;;;;;;;;;;;
8.901298;15715000;1112;;;;;;;;;;;;;;
8.903798;15717500;1113;;;;;;;;;;;;;;
8.906298;15720000;1145;;;;;;;;;;;;;;
8.908798;15722500;1134;;;;;;;;;;;;;;
8.911298;15725000;1131;;;;;;;;;;;;;;
8.913798;15727500;1146;;;;;;;;;;;;;;
8.916298;15730000;1133;;;;;;;;;;;;;;
8.918798;15732500;1110;15732699;708.85;-175.564;447.268;14639.668;14660.822;-12539.773;15732267;-49.838;-16.126;959.384;385.541;-8093.484;412.631
8.921298;15735000;1103;;;;;;;;;;;;;;
8.923798;15737500;718;;;;;;;;;;;;;;
8.926298;15740000;1110;;;;;;;;;;;;;;
8.928798;15742500;1100;;;;;;;;;;;;;;
8.931298;15745000;1112;;;;;;;;;;;;;;
8.933798;15747500;1103;;;;;;;;;;;;;;
8.936298;15750000;1099;;;;;;;;;;;;;;
8.938798;15752500;1113;;;;;;;;;;;;;;
8.941298;15755000;1112;;;;;;;;;;;;;;
8.943798;15757500;1117;;;;;;;;;;;;;;
8.946298;15760000;1104;;;;;;;;;;;;;;
8.948798;15762500;1112;;;;;;;;;;;;;;
8.951298;15765000;1112;;;;;;;;;;;;;;
8.953798;15767500;1127;;;;;;;;;;;;;;
8.956298;15770000;1086;15770887;720.884;-158.581;465.214;14146.56;20586.531;-9622.472;15770457;-46.645;-16.417;961.697;322.514;-7525.623;424.374
8.958798;15772500;1101;;;;;;;;;;;;;;
8.961298;15775000;1099;;;;;;;;;;;;;;
8.963798;15777500;1085;;;;;;;;;;;;;;
8.966298;15780000;1065;;;;;;;;;;;;;;
8.968798;15782500;1069;;;;;;;;;;;;;;
8.971298;15785000;1097;;;;;;;;;;;;;;
8.973798;15787500;1096;;;;;;;;;;;;;;
8.976298;15790000;1068;;;;;;;;;;;;;;
8.978798;15792500;1085;;;;;;;;;;;;;;
8.981298;15795000;1065;;;;;;;;;;;;;;
8.983798;15797500;1069;;;;;;;;;;;;;;
8.986298;15800000;1101;;;;;;;;;;;;;;
8.988798;15802500;1084;;;;;;;;;;;;;;
8.991298;15805000;1101;;;;;;;;;;;;;;
8.993798;15807500;1072;;;;;;;;;;;;;;
8.996298;15810000;1083;;;;;;;;;;;;;;
8.998798;15812500;1024;;;;;;;;;;;;;;
9.001298;15815000;1024;15815498;708.605;-147.358;481.402;14793.731;25197.018;-6880.785;15815060;-43.562;-16.792;964.462;487.951;-7098.154;467.468
9.003798;15817500;1049;;;;;;;;;;;;;;
9.006298;15820000;1065;;;;;;;;;;;;;;
9.008798;15822500;1068;;;;;;;;;;;;;;
9.011298;15825000;1086;;;;;;;;;;;;;;
9.013798;15827500;1065;;;;;;;;;;;;;;
9.016298;15830000;1068;;;;;;;;;;;;;;
9.018798;15832500;1040;;;;;;;;;;;;;;
9.021298;15835000;1065;;;;;;;;;;;;;;
9.023798;15837500;1068;;;;;;;;;;;;;;
9.026298;15840000;1017;;;;;;;;;;;;;;
9.028798;15842500;1037;;;;;;;;;;;;;;
9.031298;15845000;1065;;;;;;;;;;;;;;
9.033798;15847500;1062;;;;;;;;;;;;;;
9.036298;15850000;1050;;;;;;;;;;;;;;
9.038798;15852500;1024;;;;;;;;;;;;;;
9.041298;15855000;1050;;;;;;;;;;;;;;
9.043798;15857500;1063;15857847;700.131;-141.515;500.855;17240.795;30434.041;-5434.683;15857417;-42.067;-18.252;966.497;665.24;-6763.371;522.407
9.046298;15860000;1040;;;;;;;;;;;;;;
9.048798;15862500;1040;;;;;;;;;;;;;;
9.051298;15865000;1040;;;;;;;;;;;;;;
9.053798;15867500;1036;;;;;;;;;;;;;;
9.056298;15870000;1022;;;;;;;;;;;;;;
9.058798;15872500;1017;;;;;;;;;;;;;;
9.061298;15875000;1017;;;;;;;;;;;;;;
9.063798;15877500;974;;;;;;;;;;;;;;
9.066298;15880000;1023;;;;;;;;;;;;;;
9.068798;15882500;1037;;;;;;;;;;;;;;
9.071298;15885000;1020;;;;;;;;;;;;;;
9.073798;15887500;1016;;;;;;;;;;;;;;
9.076298;15890000;1005;15889968;685.248;-121.648;526.894;19308.254;40173.586;-3903.386;15889530;-38.976;-19.529;969.424;1305.729;-6497.39;504.599
9.078798;15892500;1020;;;;;;;;;;;;;;
9.081298;15895000;1001;;;;;;;;;;;;;;
9.083798;15897500;1005;;;;;;;;;;;;;;
9.086298;15900000;1017;;;;;;;;;;;;;;
9.088798;15902500;1021;;;;;;;;;;;;;;
9.091298;15905000;1038;;;;;;;;;;;;;;
9.093798;15907500;1005;;;;;;;;;;;;;;
9.096298;15910000;1000;;;;;;;;;;;;;;
9.098798;15912500;988;;;;;;;;;;;;;;
9.101298;15915000;988;;;;;;;;;;;;;;
9.103798;15917500;1018;;;;;;;;;;;;;;
9.106298;15920000;1004;15920524;673.409;-110.015;543.877;19248.029;43758.781;-2279.342;15920094;-34.624;-19.431;971.321;2249.754;-6439.396;-126.131
9.108798;15922500;970;;;;;;;;;;;;;;
9.111298;15925000;984;;;;;;;;;;;;;;
9.113798;15927500;984;;;;;;;;;;;;;;
9.116298;15930000;999;;;;;;;;;;;;;;
9.118798;15932500;972;;;;;;;;;;;;;;
9.121298;15935000;992;;;;;;;;;;;;;;
9.123798;15937500;985;;;;;;;;;;;;;;
9.126298;15940000;991;;;;;;;;;;;;;;
9.128798;15942500;1017;;;;;;;;;;;;;;
9.131298;15945000;990;;;;;;;;;;;;;;
9.133798;15947500;985;;;;;;;;;;;;;;
9.136298;15950000;999;;;;;;;;;;;;;;
9.138798;15952500;987;15952730;656.325;-103.337;567.497;20425.877;46254.277;-643.75;15952293;-30.318;-15.977;971.738;3479.954;-6282.801;-1011.449
9.141298;15955000;968;;;;;;;;;;;;;;
9.143798;15957500;998;;;;;;;;;;;;;;
9.146298;15960000;984;;;;;;;;;;;;;;
9.148798;15962500;985;;;;;;;;;;;;;;
9.151298;15965000;968;;;;;;;;;;;;;;
9.153798;15967500;955;;;;;;;;;;;;;;
9.156298;15970000;969;;;;;;;;;;;;;;
9.158798;15972500;951;;;;;;;;;;;;;;
9.161298;15975000;970;;;;;;;;;;;;;;
9.163798;15977500;982;;;;;;;;;;;;;;
9.166298;15980000;989;;;;;;;;;;;;;;
9.168798;15982500;991;;;;;;;;;;;;;;
9.171298;15985000;990;15984922;639.6;-91.277;591.021;20582.332;47265.688;875.063;15984492;-28.119;-12.567;973.457;3757.456;-6078.473;-2094.002
9.173798;15987500;966;;;;;;;;;;;;;;
9.176298;15990000;968;;;;;;;;;;;;;;
9.178798;15992500;967;;;;;;;;;;;;;;
9.181298;15995000;941;;;;;;;;;;;;;;
9.183798;15997500;936;;;;;;;;;;;;;;
9.186298;16000000;957;;;;;;;;;;;;;;
9.188798;16002500;969;;;;;;;;;;;;;;
9.191298;16005000;971;;;;;;;;;;;;;;
9.193798;16007500;968;;;;;;;;;;;;;;
9.196298;16010000;956;;;;;;;;;;;;;;
9.198798;16012500;926;;;;;;;;;;;;;;
9.201298;16015000;952;;;;;;;;;;;;;;
9.203798;16017500;938;16016955;626.927;-85.206;610.367;18369.777;47113.527;1602.622;16016517;-26.982;-10.823;974.518;3772.583;-5816.112;-2837.614
9.206298;16020000;950;;;;;;;;;;;;;;
9.208798;16022500;952;;;;;;;;;;;;;;
9.211298;16025000;967;;;;;;;;;;;;;;
9.213798;16027500;922;;;;;;;;;;;;;;
9.216298;16030000;906;;;;;;;;;;;;;;
9.218798;16032500;906;;;;;;;;;;;;;;
9.221298;16035000;936;;;;;;;;;;;;;;
9.223798;16037500;923;;;;;;;;;;;;;;
9.226298;16040000;927;;;;;;;;;;;;;;
9.228798;16042500;937;;;;;;;;;;;;;;
9.231298;16045000;954;;;;;;;;;;;;;;
9.233798;16047500;942;;;;;;;;16048628;-26.127;-10.202;975.928;3591.829;-5492.931;-3083.796
9.236298;16050000;911;16049058;613.679;-84.917;624.653;14437.789;46115.414;1291.491;;;;;;;
9.238798;16052500;906;;;;;;;;;;;;;;
9.241298;16055000;906;;;;;;;;;;;;;;
9.243798;16057500;936;;;;;;;;;;;;;;
9.246298;16060000;891;;;;;;;;;;;;;;
9.248798;16062500;905;;;;;;;;;;;;;;
9.251298;16065000;908;;;;;;;;;;;;;;
9.253798;16067500;906;;;;;;;;;;;;;;
9.256298;16070000;918;;;;;;;;;;;;;;
9.258798;16072500;890;;;;;;;;;;;;;;
9.261298;16075000;909;;;;;;;;;;;;;;
9.263798;16077500;896;;;;;;;;;;;;;;
9.266298;16080000;908;16079630;592.291;-84.154;633.382;14932.587;45850.582;1796.104;16079192;-20.959;-7.612;977.042;3508.05;-5255.035;-3273.918
9.268798;16082500;911;;;;;;;;;;;;;;
9.271298;16085000;910;;;;;;;;;;;;;;
9.273798;16087500;921;;;;;;;;;;;;;;
9.276298;16090000;890;;;;;;;;;;;;;;
9.278798;16092500;858;;;;;;;;;;;;;;
9.281298;16095000;863;;;;;;;;;;;;;;
9.283798;16097500;878;;;;;;;;;;;;;;
9.286298;16100000;909;;;;;;;;;;;;;;
9.288798;16102500;893;;;;;;;;;;;;;;
9.291298;16105000;892;;;;;;;;;;;;;;
9.293798;16107500;889;;;;;;;;;;;;;;
9.296298;16110000;895;;;;;;;;16111218;-16.251;-2.839;975.617;3514.21;-5102.095;-3664.097
9.298798;16112500;872;16111648;563.793;-71.687;650.848;15419.27;43037.863;3164.049;;;;;;;
9.301298;16115000;872;;;;;;;;;;;;;;
9.303798;16117500;876;;;;;;;;;;;;;;
9.306298;16120000;888;;;;;;;;;;;;;;
9.308798;16122500;800;;;;;;;;;;;;;;
9.311298;16125000;859;;;;;;;;;;;;;;
9.313798;16127500;879;;;;;;;;;;;;;;
9.316298;16130000;874;;;;;;;;;;;;;;
9.318798;16132500;847;;;;;;;;;;;;;;
9.321298;16135000;874;;;;;;;;;;;;;;
9.323798;16137500;878;;;;;;;;;;;;;;
9.326298;16140000;890;;;;;;;;;;;;;;
9.328798;16142500;891;16143682;581.543;-60.142;637.606;7928.306;38939.094;3780.659;16143242;-2.921;9.277;966.285;3282.062;-4702.178;-4057.955
9.331298;16145000;872;;;;;;;;;;;;;;
9.333798;16147500;877;;;;;;;;;;;;;;
9.336298;16150000;871;;;;;;;;;;;;;;
9.338798;16152500;840;;;;;;;;;;;;;;
9.341298;16155000;776;;;;;;;;;;;;;;
9.343798;16157500;829;;;;;;;;;;;;;;
9.346298;16160000;860;;;;;;;;;;;;;;
9.348798;16162500;872;;;;;;;;;;;;;;
9.351298;16165000;847;;;;;;;;;;;;;;
9.353798;16167500;860;;;;;;;;;;;;;;
9.356298;16170000;830;;;;;;;;;;;;;;
9.358798;16172500;844;;;;;;;;;;;;;;
9.361298;16175000;825;16175436;564.629;-66.798;655.117;3890.14;40169.262;5579.188;16175008;-2.501;10.326;967.185;3376.521;-4561.131;-4208.12
9.363798;16177500;854;;;;;;;;;;;;;;
9.366298;16180000;861;;;;;;;;;;;;;;
9.368798;16182500;842;;;;;;;;;;;;;;
9.371298;16185000;840;;;;;;;;;;;;;;
9.373798;16187500;799;;;;;;;;;;;;;;
9.376298;16190000;823;;;;;;;;;;;;;;
9.378798;16192500;815;;;;;;;;;;;;;;
9.381298;16195000;796;;;;;;;;;;;;;;
9.383798;16197500;827;;;;;;;;;;;;;;
9.386298;16200000;840;;;;;;;;;;;;;;
9.388798;16202500;825;;;;;;;;;;;;;;
9.391298;16205000;842;;;;;;;;;;;;;;
9.393798;16207500;810;16207300;548.5;-63.201;672.132;1585.133;39916.922;5531.667;16206860;0.192;10.755;969.34;3268.07;-4378.137;-4359.964
9.396298;16210000;815;;;;;;;;;;;;;;
9.398798;16212500;782;;;;;;;;;;;;;;
9.401298;16215000;791;;;;;;;;;;;;;;
9.403798;16217500;362;;;;;;;;;;;;;;
9.406298;16220000;780;;;;;;;;;;;;;;
9.408798;16222500;814;;;;;;;;;;;;;;
9.411298;16225000;796;;;;;;;;;;;;;;
9.413798;16227500;784;;;;;;;;;;;;;;
9.416298;16230000;777;;;;;;;;;;;;;;
9.418798;16232500;767;;;;;;;;;;;;;;
9.421298;16235000;783;;;;;;;;;;;;;;
9.423798;16237500;775;16237505;536.868;-69.808;692.784;-3313.624;39594.074;5169.771;16237075;-0.256;10.193;972.064;3169.417;-4155.293;-4348.903
9.426298;16240000;798;;;;;;;;;;;;;;
9.428798;16242500;791;;;;;;;;;;;;;;
9.431298;16245000;792;;;;;;;;;;;;;;
9.433798;16247500;778;;;;;;;;;;;;;;
9.436298;16250000;734;;;;;;;;;;;;;;
9.438798;16252500;762;;;;;;;;;;;;;;
9.441298;16255000;744;;;;;;;;;;;;;;
9.443798;16257500;749;;;;;;;;;;;;;;
9.446298;16260000;760;;;;;;;;;;;;;;
9.448798;16262500;782;;;;;;;;;;;;;;
9.451298;16265000;763;;;;;;;;;;;;;;
9.453798;16267500;750;;;;;;;;;;;;;;
9.456298;16270000;742;16269452;523.103;-62.511;715.272;-7116.067;39076.496;4606.782;16269014;-0.909;10.275;974.085;3060.821;-3983.403;-4333.146
9.458798;16272500;748;;;;;;;;;;;;;;
9.461298;16275000;744;;;;;;;;;;;;;;
9.463798;16277500;749;;;;;;;;;;;;;;
9.466298;16280000;743;;;;;;;;;;;;;;
9.468798;16282500;730;;;;;;;;;;;;;;
9.471298;16285000;759;;;;;;;;;;;;;;
9.473798;16287500;747;;;;;;;;;;;;;;
9.476298;16290000;735;;;;;;;;;;;;;;
9.478798;16292500;729;;;;;;;;;;;;;;
9.481298;16295000;727;;;;;;;;;;;;;;
9.483798;16297500;714;;;;;;;;;;;;;;
9.486298;16300000;745;;;;;;;;16300953;-0.991;8.956;976.115;2986.092;-3812.233;-4111.676
9.488798;16302500;747;16301383;512.454;-75.727;723.001;-17617.264;38545.859;4841.067;;;;;;;
9.491298;16305000;745;;;;;;;;;;;;;;
9.493798;16307500;734;;;;;;;;;;;;;;
9.496298;16310000;699;;;;;;;;;;;;;;
9.498798;16312500;713;;;;;;;;;;;;;;
9.501298;16315000;698;;;;;;;;;;;;;;
9.503798;16317500;704;;;;;;;;;;;;;;
9.506298;16320000;718;;;;;;;;;;;;;;
9.508798;16322500;713;;;;;;;;;;;;;;
9.511298;16325000;730;;;;;;;;;;;;;;
9.513798;16327500;716;;;;;;;;;;;;;;
9.516298;16330000;684;;;;;;;;;;;;;;
9.518798;16332500;696;16333330;495.481;-94.261;731.064;-23299.338;39855.629;3338.577;16332890;-5.23;5.275;980.775;2876.6;-3600.621;-4000.592
9.521298;16335000;669;;;;;;;;;;;;;;
9.523798;16337500;699;;;;;;;;;;;;;;
9.526298;16340000;713;;;;;;;;;;;;;;
9.528798;16342500;699;;;;;;;;;;;;;;
9.531298;16345000;700;;;;;;;;;;;;;;
9.533798;16347500;680;;;;;;;;;;;;;;
9.536298;16350000;684;;;;;;;;;;;;;;
9.538798;16352500;679;;;;;;;;;;;;;;
9.541298;16355000;679;;;;;;;;;;;;;;
9.543798;16357500;682;;;;;;;;;;;;;;
9.546298;16360000;672;;;;;;;;;;;;;;
9.548798;16362500;701;;;;;;;;;;;;;;
9.551298;16365000;679;16365258;476.343;-116.601;739.785;-25152.684;39864.41;1923.898;16364830;-6.109;4.09;983.757;2803.208;-3460.403;-3822.0
9.553798;16367500;684;;;;;;;;;;;;;;
9.556298;16370000;669;;;;;;;;;;;;;;
9.558798;16372500;638;;;;;;;;;;;;;;
9.561298;16375000;584;;;;;;;;;;;;;;
9.563798;16377500;636;;;;;;;;;;;;;;
9.566298;16380000;652;;;;;;;;;;;;;;
9.568798;16382500;665;;;;;;;;;;;;;;
9.571298;16385000;665;;;;;;;;;;;;;;
9.573798;16387500;670;;;;;;;;;;;;;;
9.576298;16390000;653;;;;;;;;;;;;;;
9.578798;16392500;623;;;;;;;;;;;;;;
9.581298;16395000;621;16395746;457.418;-137.099;749.296;-28526.861;38124.5;3504.203;16395307;-5.474;4.319;985.157;2732.172;-3382.758;-3635.275
9.583798;16397500;634;;;;;;;;;;;;;;
9.586298;16400000;665;;;;;;;;;;;;;;
9.588798;16402500;669;;;;;;;;;;;;;;
9.591298;16405000;649;;;;;;;;;;;;;;
9.593798;16407500;217;;;;;;;;;;;;;;
9.596298;16410000;618;;;;;;;;;;;;;;
9.598798;16412500;629;;;;;;;;;;;;;;
9.601298;16415000;623;;;;;;;;;;;;;;
9.603798;16417500;632;;;;;;;;;;;;;;
9.606298;16420000;623;16419945;443.941;-156.028;757.276;-30894.08;36196.398;4859.805;16419523;-3.944;5.762;985.669;2713.688;-3290.62;-3473.636
9.608798;16422500;638;;;;;;;;;;;;;;
9.611298;16425000;663;;;;;;;;;;;;;;
9.613798;16427500;624;;;;;;;;;;;;;;
9.616298;16430000;634;;;;;;;;;;;;;;
9.618798;16432500;600;;;;;;;;;;;;;;
9.621298;16435000;602;;;;;;;;;;;;;;
9.623798;16437500;608;;;;;;;;;;;;;;
9.626298;16440000;608;;;;;;;;;;;;;;
9.628798;16442500;620;;;;;;;;;;;;;;
9.631298;16445000;619;;;;;;;;;;;;;;
9.633798;16447500;606;;;;;;;;;;;;;;
9.636298;16450000;600;16450423;429.894;-177.531;763.625;-29299.938;34435.141;4718.752;16449978;-2.594;6.847;986.393;2658.941;-3167.651;-3309.579
9.638798;16452500;584;;;;;;;;;;;;;;
9.641298;16455000;585;;;;;;;;;;;;;;
9.643798;16457500;589;;;;;;;;;;;;;;
9.646298;16460000;602;;;;;;;;;;;;;;
9.648798;16462500;623;;;;;;;;;;;;;;
9.651298;16465000;607;;;;;;;;;;;;;;
9.653798;16467500;619;;;;;;;;;;;;;;
9.656298;16470000;585;;;;;;;;;;;;;;
9.658798;16472500;588;;;;;;;;;;;;;;
9.661298;16475000;573;;;;;;;;;;;;;;
9.663798;16477500;604;;;;;;;;;;;;;;
9.666298;16480000;618;16480877;415.152;-193.439;769.711;-27232.502;32602.695;4379.127;16480454;-1.25;8.054;987.1;2627.932;-3031.144;-3158.975
9.668798;16482500;603;;;;;;;;;;;;;;
9.671298;16485000;620;;;;;;;;;;;;;;
9.673798;16487500;607;;;;;;;;;;;;;;
9.676298;16490000;574;;;;;;;;;;;;;;
9.678798;16492500;586;;;;;;;;;;;;;;
9.681298;16495000;586;;;;;;;;;;;;;;
9.683798;16497500;592;;;;;;;;;;;;;;
9.686298;16500000;586;;;;;;;;;;;;;;
9.688798;16502500;607;;;;;;;;;;;;;;
9.691298;16505000;606;;;;;;;;;;;;;;
9.693798;16507500;600;;;;;;;;;;;;;;
9.696298;16510000;585;;;;;;;;;;;;;;
9.698798;16512500;555;16512925;401.129;-208.307;775.945;-25525.689;30901.248;4111.17;16512480;0.105;8.908;987.954;2569.598;-2892.274;-3018.527
9.701298;16515000;572;;;;;;;;;;;;;;
9.703798;16517500;585;;;;;;;;;;;;;;
9.706298;16520000;599;;;;;;;;;;;;;;
9.708798;16522500;603;;;;;;;;;;;;;;
9.711298;16525000;584;;;;;;;;;;;;;;
9.713798;16527500;589;;;;;;;;;;;;;;
9.716298;16530000;574;;;;;;;;;;;;;;
9.718798;16532500;569;;;;;;;;;;;;;;
9.721298;16535000;568;;;;;;;;;;;;;;
9.723798;16537500;556;;;;;;;;;;;;;;
9.726298;16540000;589;;;;;;;;;;;;;;
9.728798;16542500;572;;;;;;;;;;;;;;
9.731298;16545000;570;16544847;387.721;-222.628;781.635;-24229.279;29338.686;3909.987;16544417;1.351;9.792;988.68;2509.368;-2764.723;-2881.6
9.733798;16547500;583;;;;;;;;;;;;;;
9.736298;16550000;542;;;;;;;;;;;;;;
9.738798;16552500;555;;;;;;;;;;;;;;
9.741298;16555000;537;;;;;;;;;;;;;;
9.743798;16557500;553;;;;;;;;;;;;;;
9.746298;16560000;558;;;;;;;;;;;;;;
9.748798;16562500;571;;;;;;;;;;;;;;
9.751298;16565000;587;;;;;;;;;;;;;;
9.753798;16567500;555;;;;;;;;;;;;;;
9.756298;16570000;557;;;;;;;;;;;;;;
9.758798;16572500;525;;;;;;;;;;;;;;
9.761298;16575000;525;;;;;;;;;;;;;;
9.763798;16577500;556;16576794;375.143;-236.555;786.919;-22986.314;27860.812;3715.8;16576357;2.436;10.492;989.43;2461.337;-2638.299;-2751.958
9.766298;16580000;569;;;;;;;;;;;;;;
9.768798;16582500;558;;;;;;;;;;;;;;
9.771298;16585000;556;;;;;;;;;;;;;;
9.773798;16587500;553;;;;;;;;;;;;;;
9.776298;16590000;553;;;;;;;;;;;;;;
9.778798;16592500;542;;;;;;;;;;;;;;
9.781298;16595000;522;;;;;;;;;;;;;;
9.783798;16597500;526;;;;;;;;;;;;;;
9.786298;16600000;539;;;;;;;;;;;;;;
9.788798;16602500;569;;;;;;;;;;;;;;
9.791298;16605000;551;;;;;;;;;;;;;;
9.793798;16607500;555;;;;;;;;16608382;3.589;11.151;990.04;2403.895;-2517.759;-2629.235
9.796298;16610000;512;16608812;363.138;-249.725;791.773;-21830.436;26457.709;3534.385;;;;;;;
9.798798;16612500;508;;;;;;;;;;;;;;
9.801298;16615000;536;;;;;;;;;;;;;;
9.803798;16617500;523;;;;;;;;;;;;;;
9.806298;16620000;541;;;;;;;;;;;;;;
9.808798;16622500;549;;;;;;;;;;;;;;
9.811298;16625000;542;;;;;;;;;;;;;;
9.813798;16627500;544;;;;;;;;;;;;;;
9.816298;16630000;509;;;;;;;;;;;;;;
9.818798;16632500;523;;;;;;;;;;;;;;
9.821298;16635000;505;;;;;;;;;;;;;;
9.823798;16637500;510;;;;;;;;;;;;;;
9.826298;16640000;527;16639303;351.6;-262.322;796.434;-20720.539;25123.885;3365.978;16638858;4.697;11.947;990.668;2349.325;-2405.434;-2514.836
9.828798;16642500;536;;;;;;;;;;;;;;
9.831298;16645000;536;;;;;;;;;;;;;;
9.833798;16647500;512;;;;;;;;;;;;;;
9.836298;16650000;523;;;;;;;;;;;;;;
9.838798;16652500;504;;;;;;;;;;;;;;
9.841298;16655000;504;;;;;;;;;;;;;;
9.843798;16657500;510;;;;;;;;;;;;;;
9.846298;16660000;525;;;;;;;;;;;;;;
9.848798;16662500;554;;;;;;;;;;;;;;
9.851298;16665000;527;;;;;;;;;;;;;;
9.853798;16667500;537;;;;;;;;;;;;;;
9.856298;16670000;495;;;;;;;;16670884;5.737;12.655;991.417;2305.796;-2299.162;-2403.969
9.858798;16672500;509;16671306;340.797;-274.234;800.874;-19661.324;23857.189;3202.929;;;;;;;
9.861298;16675000;510;;;;;;;;;;;;;;
9.863798;16677500;503;;;;;;;;;;;;;;
9.866298;16680000;536;;;;;;;;;;;;;;
9.868798;16682500;507;;;;;;;;;;;;;;
9.871298;16685000;541;;;;;;;;;;;;;;
9.873798;16687500;535;;;;;;;;;;;;;;
9.876298;16690000;492;;;;;;;;;;;;;;
9.878798;16692500;507;;;;;;;;;;;;;;
9.881298;16695000;480;;;;;;;;;;;;;;
9.883798;16697500;494;;;;;;;;;;;;;;
9.886298;16700000;526;;;;;;;;;;;;;;
9.888798;16702500;511;16703349;330.467;-285.545;805.104;-18651.57;22658.643;3045.845;16702909;6.585;13.432;992.0;2260.944;-2193.829;-2301.708
9.891298;16705000;508;;;;;;;;;;;;;;
9.893798;16707500;503;;;;;;;;;;;;;;
9.896298;16710000;507;;;;;;;;;;;;;;
9.898798;16712500;494;;;;;;;;;;;;;;
9.901298;16715000;490;;;;;;;;;;;;;;
9.903798;16717500;504;;;;;;;;;;;;;;
9.906298;16720000;507;;;;;;;;;;;;;;
9.908798;16722500;534;;;;;;;;;;;;;;
9.911298;16725000;526;;;;;;;;;;;;;;
9.913798;16727500;493;;;;;;;;;;;;;;
9.916298;16730000;496;;;;;;;;;;;;;;
9.918798;16732500;473;;;;;;;;;;;;;;
9.921298;16735000;490;16735369;320.642;-296.381;809.025;-17701.93;21518.711;2897.053;16734934;7.481;14.108;992.621;2216.584;-2092.887;-2200.623
9.923798;16737500;478;;;;;;;;;;;;;;
9.926298;16740000;491;;;;;;;;;;;;;;
9.928798;16742500;521;;;;;;;;;;;;;;
9.931298;16745000;138;;;;;;;;;;;;;;
9.933798;16747500;490;;;;;;;;;;;;;;
9.936298;16750000;473;;;;;;;;;;;;;;
9.938798;16752500;461;;;;;;;;;;;;;;
9.941298;16755000;487;;;;;;;;;;;;;;
9.943798;16757500;474;;;;;;;;;;;;;;
9.946298;16760000;507;;;;;;;;;;;;;;
9.948798;16762500;492;;;;;;;;;;;;;;
9.951298;16765000;489;;;;;;;;;;;;;;
9.953798;16767500;472;16767392;311.368;-306.786;812.725;-16802.832;20434.463;2758.325;16766960;8.205;14.745;993.138;2177.067;-2000.056;-2104.154
9.956298;16770000;459;;;;;;;;;;;;;;
9.958798;16772500;448;;;;;;;;;;;;;;
9.961298;16775000;456;;;;;;;;;;;;;;
9.963798;16777500;475;;;;;;;;;;;;;;
9.966298;16780000;488;;;;;;;;;;;;;;
9.968798;16782500;490;;;;;;;;;;;;;;
9.971298;16785000;488;;;;;;;;;;;;;;
9.973798;16787500;472;;;;;;;;;;;;;;
9.976298;16790000;458;;;;;;;;;;;;;;
9.978798;16792500;470;;;;;;;;;;;;;;
9.981298;16795000;445;;;;;;;;;;;;;;
9.983798;16797500;477;16797866;302.522;-316.511;816.271;-15942.565;19403.99;2623.034;16797436;9.204;15.423;993.69;2143.901;-1910.99;-2011.634
9.986298;16800000;472;;;;;;;;;;;;;;
9.988798;16802500;476;;;;;;;;;;;;;;
9.991298;16805000;491;;;;;;;;;;;;;;
9.993798;16807500;461;;;;;;;;;;;;;;
9.996298;16810000;461;;;;;;;;;;;;;;
9.998798;16812500;448;;;;;;;;;;;;;;
10.001298;16815000;472;;;;;;;;;;;;;;
10.003798;16817500;459;;;;;;;;;;;;;;
10.006298;16820000;488;;;;;;;;;;;;;;
10.008798;16822500;472;16822090;294.179;-325.787;819.811;-15122.687;18427.666;2492.757;16821653;10.062;15.994;994.136;2105.831;-1825.503;-1926.802
10.011298;16825000;488;;;;;;;;;;;;;;
10.013798;16827500;472;;;;;;;;;;;;;;
10.016298;16830000;441;;;;;;;;;;;;;;
10.018798;16832500;455;;;;;;;;;;;;;;
10.021298;16835000;438;;;;;;;;;;;;;;
10.023798;16837500;444;;;;;;;;;;;;;;
10.026298;16840000;476;;;;;;;;;;;;;;
10.028798;16842500;495;;;;;;;;;;;;;;
10.031298;16845000;489;;;;;;;;;;;;;;
10.033798;16847500;447;;;;;;;;;;;;;;
10.036298;16850000;439;;;;;;;;;;;;;;
10.038798;16852500;447;16852537;286.229;-334.599;823.125;-14349.052;17500.596;2372.932;16852107;10.852;16.432;994.559;2071.852;-1743.416;-1847.087
10.041298;16855000;430;;;;;;;;;;;;;;
10.043798;16857500;443;;;;;;;;;;;;;;
10.046298;16860000;447;;;;;;;;;;;;;;
10.048798;16862500;476;;;;;;;;;;;;;;
10.051298;16865000;473;;;;;;;;;;;;;;
10.053798;16867500;442;;;;;;;;;;;;;;
10.056298;16870000;427;;;;;;;;;;;;;;
10.058798;16872500;441;;;;;;;;;;;;;;
10.061298;16875000;441;;;;;;;;;;;;;;
10.063798;16877500;461;;;;;;;;;;;;;;
10.066298;16880000;455;;;;;;;;;;;;;;
10.068798;16882500;457;16883103;278.634;-342.892;826.224;-13616.724;16621.191;2258.66;16882671;11.676;16.928;994.857;2036.509;-1669.37;-1771.357
10.071298;16885000;473;;;;;;;;;;;;;;
10.073798;16887500;458;;;;;;;;;;;;;;
10.076298;16890000;443;;;;;;;;;;;;;;
10.078798;16892500;414;;;;;;;;;;;;;;
10.081298;16895000;441;;;;;;;;;;;;;;
10.083798;16897500;429;;;;;;;;;;;;;;
10.086298;16900000;443;;;;;;;;;;;;;;
10.088798;16902500;446;;;;;;;;;;;;;;
10.091298;16905000;460;;;;;;;;;;;;;;
10.093798;16907500;460;;;;;;;;;;;;;;
10.096298;16910000;427;;;;;;;;;;;;;;
10.098798;16912500;416;;;;;;;;;;;;;;
10.101298;16915000;423;16915218;271.522;-350.714;829.034;-12912.7;15780.069;2145.727;16914783;12.287;17.412;995.232;2008.621;-1595.964;-1698.54
10.103798;16917500;427;;;;;;;;;;;;;;
10.106298;16920000;441;;;;;;;;;;;;;;
10.108798;16922500;445;;;;;;;;;;;;;;
10.111298;16925000;442;;;;;;;;;;;;;;
10.113798;16927500;73;;;;;;;;;;;;;;
10.116298;16930000;429;;;;;;;;;;;;;;
10.118798;16932500;422;;;;;;;;;;;;;;
10.121298;16935000;422;;;;;;;;;;;;;;
10.123798;16937500;426;;;;;;;;;;;;;;
10.126298;16940000;440;;;;;;;;;;;;;;
10.128798;16942500;443;;;;;;;;;;;;;;
10.131298;16945000;457;;;;;;;;;;;;;;
10.133798;16947500;423;16947334;264.729;-358.219;831.954;-12236.878;14981.878;2035.378;16946894;12.893;17.907;995.667;1978.19;-1526.666;-1630.238
10.136298;16950000;410;;;;;;;;;;;;;;
10.138798;16952500;397;;;;;;;;;;;;;;
10.141298;16955000;409;;;;;;;;;;;;;;
10.143798;16957500;440;;;;;;;;;;;;;;
10.146298;16960000;471;;;;;;;;;;;;;;
10.148798;16962500;470;;;;;;;;;;;;;;
10.151298;16965000;440;;;;;;;;;;;;;;
10.153798;16967500;427;;;;;;;;;;;;;;
10.156298;16970000;426;;;;;;;;;;;;;;
10.158798;16972500;416;;;;;;;;;;;;;;
10.161298;16975000;405;;;;;;;;;;;;;;
10.163798;16977500;414;;;;;;;;;;;;;;
10.166298;16980000;426;16979435;258.245;-365.373;834.593;-11600.097;14224.034;1934.484;16979008;13.383;18.299;995.995;1945.781;-1459.082;-1564.913
10.168798;16982500;431;;;;;;;;;;;;;;
10.171298;16985000;445;;;;;;;;;;;;;;
10.173798;16987500;431;;;;;;;;;;;;;;
10.176298;16990000;448;;;;;;;;;;;;;;
10.178798;16992500;430;;;;;;;;;;;;;;
10.181298;16995000;427;;;;;;;;;;;;;;
10.183798;16997500;414;;;;;;;;;;;;;;
10.186298;17000000;425;;;;;;;;;;;;;;
10.188798;17002500;445;;;;;;;;;;;;;;
10.191298;17005000;440;;;;;;;;;;;;;;
10.193798;17007500;408;;;;;;;;;;;;;;
10.196298;17010000;412;;;;;;;;17011120;13.909;18.775;996.362;1916.742;-1394.878;-1505.48
10.198798;17012500;409;17011559;252.104;-372.31;837.125;-11006.092;13507.145;1841.26;;;;;;;
10.201298;17015000;410;;;;;;;;;;;;;;
10.203798;17017500;427;;;;;;;;;;;;;;
10.206298;17020000;415;;;;;;;;;;;;;;
10.208798;17022500;445;;;;;;;;;;;;;;
10.211298;17025000;455;;;;;;;;;;;;;;
10.213798;17027500;439;;;;;;;;;;;;;;
10.216298;17030000;415;;;;;;;;;;;;;;
10.218798;17032500;392;;;;;;;;;;;;;;
10.221298;17035000;413;;;;;;;;;;;;;;
10.223798;17037500;426;;;;;;;;;;;;;;
10.226298;17040000;414;;;;;;;;;;;;;;
10.228798;17042500;442;17042029;246.288;-378.613;839.433;-10440.475;12820.412;1753.135;17041594;14.318;19.129;996.68;1891.78;-1335.634;-1446.393
10.231298;17045000;413;;;;;;;;;;;;;;
10.233798;17047500;425;;;;;;;;;;;;;;
10.236298;17050000;410;;;;;;;;;;;;;;
10.238798;17052500;381;;;;;;;;;;;;;;
10.241298;17055000;442;;;;;;;;;;;;;;
10.243798;17057500;423;;;;;;;;;;;;;;
10.246298;17060000;444;;;;;;;;;;;;;;
10.248798;17062500;442;;;;;;;;;;;;;;
10.251298;17065000;439;;;;;;;;;;;;;;
10.253798;17067500;416;;;;;;;;;;;;;;
10.256298;17070000;391;;;;;;;;;;;;;;
10.258798;17072500;379;;;;;;;;17073622;14.761;19.552;996.963;1861.941;-1279.353;-1388.074
10.261298;17075000;382;17074054;240.738;-384.668;841.711;-9898.326;12170.642;1668.103;;;;;;;
10.263798;17077500;394;;;;;;;;;;;;;;
10.266298;17080000;409;;;;;;;;;;;;;;
10.268798;17082500;414;;;;;;;;;;;;;;
10.271298;17085000;236;;;;;;;;;;;;;;
10.273798;17087500;413;;;;;;;;;;;;;;
10.276298;17090000;396;;;;;;;;;;;;;;
10.278798;17092500;383;;;;;;;;;;;;;;
10.281298;17095000;383;;;;;;;;;;;;;;
10.283798;17097500;413;;;;;;;;;;;;;;
10.286298;17100000;409;;;;;;;;;;;;;;
10.288798;17102500;411;;;;;;;;;;;;;;
10.291298;17105000;409;17106082;235.473;-390.42;843.917;-9373.223;11553.797;1585.135;17105647;15.335;19.971;997.361;1846.281;-1227.197;-1334.42
10.293798;17107500;395;;;;;;;;;;;;;;
10.296298;17110000;400;;;;;;;;;;;;;;
10.298798;17112500;395;;;;;;;;;;;;;;
10.301298;17115000;380;;;;;;;;;;;;;;
10.303798;17117500;62;;;;;;;;;;;;;;
10.306298;17120000;428;;;;;;;;;;;;;;
10.308798;17122500;444;;;;;;;;;;;;;;
10.311298;17125000;429;;;;;;;;;;;;;;
10.313798;17127500;394;;;;;;;;;;;;;;
10.316298;17130000;382;;;;;;;;;;;;;;
10.318798;17132500;377;;;;;;;;;;;;;;
10.321298;17135000;397;;;;;;;;;;;;;;
10.323798;17137500;394;;;;;;;;;;;;;;
10.326298;17140000;424;;;;;;;;;;;;;;
10.328798;17142500;410;;;;;;;;;;;;;;
10.331298;17145000;398;;;;;;;;;;;;;;
10.333798;17147500;39;17147490;230.372;-395.884;846.081;-8879.624;10966.481;1508.066;17147050;15.946;20.333;997.659;1823.967;-1175.025;-1281.699
10.336298;17150000;408;;;;;;;;;;;;;;
10.338798;17152500;410;;;;;;;;;;;;;;
10.341298;17155000;393;;;;;;;;;;;;;;
10.343798;17157500;396;;;;;;;;;;;;;;
10.346298;17160000;426;;;;;;;;;;;;;;
10.348798;17162500;426;;;;;;;;;;;;;;
10.351298;17165000;397;;;;;;;;;;;;;;
10.353798;17167500;383;;;;;;;;;;;;;;
10.356298;17170000;393;;;;;;;;;;;;;;
10.358798;17172500;376;;;;;;;;;;;;;;
10.361298;17175000;376;;;;;;;;;;;;;;
10.363798;17177500;383;;;;;;;;;;;;;;
10.366298;17180000;319;17179505;225.6;-401.155;848.081;-8410.268;10411.595;1432.225;17179077;16.4;20.689;997.997;1803.206;-1127.211;-1233.364
10.368798;17182500;446;;;;;;;;;;;;;;
10.371298;17185000;412;;;;;;;;;;;;;;
10.373798;17187500;396;;;;;;;;;;;;;;
10.376298;17190000;398;;;;;;;;;;;;;;
10.378798;17192500;379;;;;;;;;;;;;;;
10.381298;17195000;398;;;;;;;;;;;;;;
10.383798;17197500;393;;;;;;;;;;;;;;
10.386298;17200000;425;;;;;;;;;;;;;;
10.388798;17202500;426;;;;;;;;;;;;;;
10.391298;17205000;415;;;;;;;;;;;;;;
10.393798;17207500;409;;;;;;;;;;;;;;
10.396298;17210000;376;;;;;;;;17211102;16.848;21.1;998.313;1778.671;-1080.913;-1187.446
10.398798;17212500;440;17211542;221.104;-406.217;849.957;-7970.941;9884.452;1364.989;;;;;;;
10.401298;17215000;426;;;;;;;;;;;;;;
10.403798;17217500;426;;;;;;;;;;;;;;
10.406298;17220000;429;;;;;;;;;;;;;;
10.408798;17222500;410;;;;;;;;;;;;;;
10.411298;17225000;426;;;;;;;;;;;;;;
10.413798;17227500;392;;;;;;;;;;;;;;
10.416298;17230000;397;;;;;;;;;;;;;;
10.418798;17232500;392;;;;;;;;;;;;;;
10.421298;17235000;377;;;;;;;;;;;;;;
10.423798;17237500;393;;;;;;;;;;;;;;
10.426298;17240000;424;;;;;;;;;;;;;;
10.428798;17242500;424;17243383;216.74;-410.983;851.678;-7557.957;9385.417;1300.677;17242953;17.263;21.448;998.545;1761.925;-1037.368;-1143.386
10.431298;17245000;415;;;;;;;;;;;;;;
10.433798;17247500;390;;;;;;;;;;;;;;
10.436298;17250000;376;;;;;;;;;;;;;;
10.438798;17252500;392;;;;;;;;;;;;;;
10.441298;17255000;430;;;;;;;;;;;;;;
10.443798;17257500;410;;;;;;;;;;;;;;
10.446298;17260000;411;;;;;;;;;;;;;;
10.448798;17262500;411;;;;;;;;;;;;;;
10.451298;17265000;398;;;;;;;;;;;;;;
10.453798;17267500;392;;;;;;;;;;;;;;
10.456298;17270000;377;;;;;;;;;;;;;;
10.458798;17272500;375;;;;;;;;17273344;17.595;21.772;998.723;1740.328;-997.312;-1099.342
10.461298;17275000;395;17273781;212.631;-415.408;853.331;-7164.746;8907.396;1237.83;;;;;;;
10.463798;17277500;409;;;;;;;;;;;;;;
10.466298;17280000;397;;;;;;;;;;;;;;
10.468798;17282500;399;;;;;;;;;;;;;;
10.471298;17285000;312;;;;;;;;;;;;;;
10.473798;17287500;428;;;;;;;;;;;;;;
10.476298;17290000;408;;;;;;;;;;;;;;
10.478798;17292500;378;;;;;;;;;;;;;;
10.481298;17295000;380;17296246;208.728;-419.812;855.085;-6766.259;8458.526;1179.439;17295816;17.948;22.068;999.045;1728.124;-954.009;-1061.0
10.483798;17297500;384;;;;;;;;;;;;;;
10.486298;17300000;424;;;;;;;;;;;;;;
10.488798;17302500;426;;;;;;;;;;;;;;
10.491298;17305000;399;;;;;;;;;;;;;;
10.493798;17307500;382;;;;;;;;;;;;;;
10.496298;17310000;376;;;;;;;;;;;;;;
10.498798;17312500;366;;;;;;;;;;;;;;
10.501298;17315000;395;;;;;;;;;;;;;;
10.503798;17317500;41;;;;;;;;;;;;;;
10.506298;17320000;425;;;;;;;;;;;;;;
10.508798;17322500;423;17321862;204.953;-424.069;856.592;-6417.008;8033.85;1130.092;17321430;18.191;22.246;999.29;1703.843;-912.871;-1021.512
10.511298;17325000;409;;;;;;;;;;;;;;
10.513798;17327500;411;;;;;;;;;;;;;;
10.516298;17330000;396;;;;;;;;;;;;;;
10.518798;17332500;375;;;;;;;;;;;;;;
10.521298;17335000;396;;;;;;;;;;;;;;
10.523798;17337500;392;;;;;;;;;;;;;;
10.526298;17340000;425;;;;;;;;;;;;;;
10.528798;17342500;424;;;;;;;;;;;;;;
10.531298;17345000;414;;;;;;;;;;;;;;
10.533798;17347500;407;;;;;;;;17348591;18.593;22.592;999.431;1690.401;-878.165;-985.312
10.536298;17350000;415;17349027;201.421;-427.656;858.042;-6075.595;7617.72;1070.525;;;;;;;
10.538798;17352500;413;;;;;;;;;;;;;;
10.541298;17355000;409;;;;;;;;;;;;;;
10.543798;17357500;395;;;;;;;;;;;;;;
10.546298;17360000;427;;;;;;;;;;;;;;
10.548798;17362500;408;;;;;;;;;;;;;;
10.551298;17365000;416;;;;;;;;;;;;;;
10.553798;17367500;407;;;;;;;;;;;;;;
10.556298;17370000;367;;;;;;;;;;;;;;
10.558798;17372500;381;;;;;;;;;;;;;;
10.561298;17375000;374;;;;;;;;;;;;;;
10.563798;17377500;406;;;;;;;;;;;;;;
10.566298;17380000;432;17380614;197.938;-431.021;859.615;-5724.128;7223.271;1007.811;17380181;18.871;22.902;999.9;1682.443;-842.131;-953.983
10.568798;17382500;443;;;;;;;;;;;;;;
10.571298;17385000;427;;;;;;;;;;;;;;
10.573798;17387500;392;;;;;;;;;;;;;;
10.576298;17390000;394;;;;;;;;;;;;;;
10.578798;17392500;366;;;;;;;;;;;;;;
10.581298;17395000;395;;;;;;;;;;;;;;
10.583798;17397500;409;;;;;;;;;;;;;;
10.586298;17400000;395;;;;;;;;;;;;;;
10.588798;17402500;446;;;;;;;;;;;;;;
10.591298;17405000;439;;;;;;;;;;;;;;
10.593798;17407500;396;;;;;;;;;;;;;;
10.596298;17410000;398;;;;;;;;;;;;;;
10.598798;17412500;378;17412383;194.831;-434.645;860.963;-5411.234;6849.42;956.983;17411948;19.221;22.885;1000.212;1660.884;-816.212;-919.409
10.601298;17415000;397;;;;;;;;;;;;;;
10.603798;17417500;394;;;;;;;;;;;;;;
10.606298;17420000;407;;;;;;;;;;;;;;
10.608798;17422500;411;;;;;;;;;;;;;;
10.611298;17425000;408;;;;;;;;;;;;;;
10.613798;17427500;18;;;;;;;;;;;;;;
10.616298;17430000;429;;;;;;;;;;;;;;
10.618798;17432500;411;;;;;;;;;;;;;;
10.621298;17435000;394;;;;;;;;;;;;;;
10.623798;17437500;397;;;;;;;;;;;;;;
10.626298;17440000;428;;;;;;;;;;;;;;
10.628798;17442500;410;17442602;191.695;-438.234;862.164;-5117.922;6503.012;912.634;17442162;19.528;23.095;1000.392;1644.777;-782.402;-891.376
10.631298;17445000;425;;;;;;;;;;;;;;
10.633798;17447500;392;;;;;;;;;;;;;;
10.636298;17450000;379;;;;;;;;;;;;;;
10.638798;17452500;397;;;;;;;;;;;;;;
10.641298;17455000;21;;;;;;;;;;;;;;
10.643798;17457500;425;;;;;;;;;;;;;;
10.646298;17460000;423;;;;;;;;;;;;;;
10.648798;17462500;416;;;;;;;;;;;;;;
10.651298;17465000;428;;;;;;;;;;;;;;
10.653798;17467500;413;;;;;;;;;;;;;;
10.656298;17470000;379;;;;;;;;;;;;;;
10.658798;17472500;378;;;;;;;;;;;;;;
10.661298;17475000;379;17474356;188.985;-441.326;863.025;-4857.214;6176.111;876.19;17473929;19.876;23.331;1000.435;1627.288;-754.656;-860.807
10.663798;17477500;411;;;;;;;;;;;;;;
10.666298;17480000;407;;;;;;;;;;;;;;
10.668798;17482500;408;;;;;;;;;;;;;;
10.671298;17485000;396;;;;;;;;;;;;;;
10.673798;17487500;423;;;;;;;;;;;;;;
10.676298;17490000;413;;;;;;;;;;;;;;
10.678798;17492500;382;;;;;;;;;;;;;;
10.681298;17495000;391;;;;;;;;;;;;;;
10.683798;17497500;396;;;;;;;;;;;;;;
10.686298;17500000;410;;;;;;;;;;;;;;
10.688798;17502500;410;;;;;;;;;;;;;;
10.691298;17505000;398;17506047;185.972;-443.977;864.087;-4611.728;5854.618;830.63;17505607;20.187;23.561;1000.714;1621.611;-731.361;-834.83
10.693798;17507500;391;;;;;;;;;;;;;;
10.696298;17510000;379;;;;;;;;;;;;;;
10.698798;17512500;396;;;;;;;;;;;;;;
10.701298;17515000;408;;;;;;;;;;;;;;
10.703798;17517500;413;;;;;;;;;;;;;;
10.706298;17520000;455;;;;;;;;;;;;;;
10.708798;17522500;427;;;;;;;;;;;;;;
10.711298;17525000;429;;;;;;;;;;;;;;
10.713798;17527500;414;;;;;;;;;;;;;;
10.716298;17530000;379;;;;;;;;;;;;;;
10.718798;17532500;378;;;;;;;;;;;;;;
10.721298;17535000;408;;;;;;;;;;;;;;
10.723798;17537500;414;;;;;;;;;;;;;;
10.726298;17540000;409;;;;;;;;;;;;;;
10.728798;17542500;429;;;;;;;;;;;;;;
10.731298;17545000;423;;;;;;;;;;;;;;
10.733798;17547500;390;;;;;;;;;;;;;;
10.736298;17550000;428;;;;;;;;;;;;;;
10.738798;17552500;396;;;;;;;;;;;;;;
10.741298;17555000;413;;;;;;;;;;;;;;
10.743798;17557500;416;;;;;;;;;;;;;;
10.746298;17560000;410;;;;;;;;;;;;;;
10.748798;17562500;428;;;;;;;;;;;;;;
10.751298;17565000;400;;;;;;;;;;;;;;
10.753798;17567500;409;;;;;;;;;;;;;;
10.756298;17570000;397;;;;;;;;;;;;;;
10.758798;17572500;395;;;;;;;;;;;;;;
10.761298;17575000;398;;;;;;;;;;;;;;
10.763798;17577500;394;;;;;;;;;;;;;;
10.766298;17580000;23;;;;;;;;;;;;;;
10.768798;17582500;454;;;;;;;;;;;;;;
10.771298;17585000;440;;;;;;;;;;;;;;
10.773798;17587500;422;;;;;;;;;;;;;;
