timestamp_s;timestamp_us;emg_raw;imu1_timestamp_us;imu1_ax;imu1_ay;imu1_az;imu1_gx;imu1_gy;imu1_gz;imu2_timestamp_us;imu2_ax;imu2_ay;imu2_az;imu2_gx;imu2_gy;imu2_gz
0.00045;62447916;;62447916;130.418;-460.579;130.418;611.316;-169.706;611.316;62447466;-25.18;-136.543;-25.18;1546.016;-211.69;1546.016
0.030657;62478123;;62478123;130.43;-460.327;130.43;614.0;-175.221;614.0;62477683;-25.129;-136.462;-25.129;1540.465;-246.605;1540.465
0.06243;62509896;;62509896;130.472;-460.381;130.472;661.175;-172.585;661.175;62509448;-25.062;-136.349;-25.062;1550.505;-224.65;1550.505
0.072534;62520000;154;;;;;;;;;;;;;;
0.075034;62522500;40;;;;;;;;;;;;;;
0.077534;62525000;269;;;;;;;;;;;;;;
0.080034;62527500;219;;;;;;;;;;;;;;
0.082534;62530000;169;;;;;;;;;;;;;;
0.085034;62532500;172;;;;;;;;;;;;;;
0.087534;62535000;142;;;;;;;;;;;;;;
0.090034;62537500;137;;;;;;;;;;;;;;
0.092534;62540000;154;;;;;;;;62541212;-24.992;-136.327;-24.992;1535.542;-219.105;1535.542
0.095034;62542500;139;62541653;130.219;-460.749;130.219;631.616;-157.393;631.616;;;;;;;
0.097534;62545000;142;;;;;;;;;;;;;;
0.100034;62547500;153;;;;;;;;;;;;;;
0.102534;62550000;154;;;;;;;;;;;;;;
0.105034;62552500;169;;;;;;;;;;;;;;
0.107534;62555000;379;;;;;;;;;;;;;;
0.110034;62557500;216;;;;;;;;;;;;;;
0.112534;62560000;158;;;;;;;;;;;;;;
0.115034;62562500;142;;;;;;;;;;;;;;
0.117534;62565000;168;;;;;;;;;;;;;;
0.120034;62567500;172;;;;;;;;;;;;;;
0.122534;62570000;158;;;;;;;;;;;;;;
0.125034;62572500;153;62573251;130.187;-460.398;130.187;600.035;-159.586;600.035;62572804;-25.225;-136.05;-25.225;1550.202;-216.025;1550.202
0.127534;62575000;142;;;;;;;;;;;;;;
0.130034;62577500;155;;;;;;;;;;;;;;
0.132534;62580000;136;;;;;;;;;;;;;;
0.135034;62582500;138;;;;;;;;;;;;;;
0.137534;62585000;399;;;;;;;;;;;;;;
0.140034;62587500;270;;;;;;;;;;;;;;
0.142534;62590000;208;;;;;;;;;;;;;;
0.145034;62592500;159;;;;;;;;;;;;;;
0.147534;62595000;166;;;;;;;;;;;;;;
0.150034;62597500;137;;;;;;;;;;;;;;
0.152534;62600000;153;;;;;;;;;;;;;;
0.155034;62602500;137;;;;;;;;;;;;;;
0.157534;62605000;168;62605009;130.174;-460.21;130.174;610.721;-163.419;610.721;62604569;-25.013;-135.957;-25.013;1574.192;-230.161;1574.192
0.160034;62607500;156;;;;;;;;;;;;;;
0.162534;62610000;156;;;;;;;;;;;;;;
0.165034;62612500;171;;;;;;;;;;;;;;
0.167534;62615000;140;;;;;;;;;;;;;;
0.170034;62617500;332;;;;;;;;;;;;;;
0.172534;62620000;200;;;;;;;;;;;;;;
0.175034;62622500;154;;;;;;;;;;;;;;
0.177534;62625000;170;;;;;;;;;;;;;;
0.180034;62627500;154;;;;;;;;;;;;;;
0.182534;62630000;172;;;;;;;;;;;;;;
0.185034;62632500;171;;;;;;;;;;;;;;
0.187534;62635000;140;62635232;130.131;-460.557;130.131;618.247;-165.311;618.247;62634785;-24.97;-136.065;-24.97;1577.295;-219.091;1577.295
0.190034;62637500;154;;;;;;;;;;;;;;
0.192534;62640000;134;;;;;;;;;;;;;;
0.195034;62642500;137;;;;;;;;;;;;;;
0.197534;62645000;142;;;;;;;;;;;;;;
0.200034;62647500;0;;;;;;;;;;;;;;
0.202534;62650000;315;;;;;;;;;;;;;;
0.205034;62652500;203;;;;;;;;;;;;;;
0.207534;62655000;157;;;;;;;;;;;;;;
0.210034;62657500;136;;;;;;;;;;;;;;
0.212534;62660000;153;;;;;;;;;;;;;;
0.215034;62662500;152;;;;;;;;;;;;;;
0.217534;62665000;141;;;;;;;;;;;;;;
0.220034;62667500;176;62666990;130.103;-460.892;130.103;610.085;-160.108;610.085;62666550;-25.167;-136.148;-25.167;1576.305;-209.011;1576.305
0.222534;62670000;158;;;;;;;;;;;;;;
0.225034;62672500;156;;;;;;;;;;;;;;
0.227534;62675000;144;;;;;;;;;;;;;;
0.230034;62677500;137;;;;;;;;;;;;;;
0.232534;62680000;410;;;;;;;;;;;;;;
0.235034;62682500;234;;;;;;;;;;;;;;
0.237534;62685000;183;;;;;;;;;;;;;;
0.240034;62687500;170;;;;;;;;;;;;;;
0.242534;62690000;159;;;;;;;;;;;;;;
0.245034;62692500;171;;;;;;;;;;;;;;
0.247534;62695000;158;;;;;;;;;;;;;;
0.250034;62697500;128;;;;;;;;62698315;-25.239;-136.191;-25.239;1577.115;-221.748;1577.115
0.252534;62700000;127;62698762;130.045;-461.18;130.045;603.206;-154.29;603.206;;;;;;;
0.255034;62702500;138;;;;;;;;;;;;;;
0.257534;62705000;168;;;;;;;;;;;;;;
0.260034;62707500;171;;;;;;;;;;;;;;
0.262534;62710000;154;;;;;;;;;;;;;;
0.265034;62712500;342;;;;;;;;;;;;;;
0.267534;62715000;215;;;;;;;;;;;;;;
0.270034;62717500;172;;;;;;;;;;;;;;
0.272534;62720000;158;;;;;;;;;;;;;;
0.275034;62722500;136;;;;;;;;;;;;;;
0.277534;62725000;143;;;;;;;;;;;;;;
0.280034;62727500;153;;;;;;;;;;;;;;
0.282534;62730000;173;62730433;130.021;-461.099;130.021;583.108;-147.013;583.108;62729993;-25.288;-135.994;-25.288;1580.072;-202.348;1580.072
0.285034;62732500;152;;;;;;;;;;;;;;
0.287534;62735000;157;;;;;;;;;;;;;;
0.290034;62737500;134;;;;;;;;;;;;;;
0.292534;62740000;127;;;;;;;;;;;;;;
0.295034;62742500;346;;;;;;;;;;;;;;
0.297534;62745000;221;;;;;;;;;;;;;;
0.300034;62747500;200;;;;;;;;;;;;;;
0.302534;62750000;168;;;;;;;;;;;;;;
0.305034;62752500;171;;;;;;;;;;;;;;
0.307534;62755000;140;;;;;;;;;;;;;;
0.310034;62757500;128;;;;;;;;;;;;;;
0.312534;62760000;152;;;;;;;;;;;;;;
0.315034;62762500;136;62762205;130.151;-461.103;130.151;587.203;-152.35;587.203;62761758;-25.189;-135.923;-25.189;1584.631;-203.606;1584.631
0.317534;62765000;160;;;;;;;;;;;;;;
0.320034;62767500;153;;;;;;;;;;;;;;
0.322534;62770000;172;;;;;;;;;;;;;;
0.325034;62772500;336;;;;;;;;;;;;;;
0.327534;62775000;298;;;;;;;;;;;;;;
0.330034;62777500;205;;;;;;;;;;;;;;
0.332534;62780000;152;;;;;;;;;;;;;;
0.335034;62782500;158;;;;;;;;;;;;;;
0.337534;62785000;144;;;;;;;;;;;;;;
0.340034;62787500;154;;;;;;;;;;;;;;
0.342534;62790000;172;;;;;;;;;;;;;;
0.345034;62792500;154;62792414;130.115;-461.252;130.115;603.78;-156.107;603.78;62791974;-25.174;-136.05;-25.174;1601.649;-205.675;1601.649
0.347534;62795000;140;;;;;;;;;;;;;;
0.350034;62797500;153;;;;;;;;;;;;;;
0.352534;62800000;128;;;;;;;;;;;;;;
0.355034;62802500;157;;;;;;;;;;;;;;
0.357534;62805000;44;;;;;;;;;;;;;;
0.360034;62807500;281;;;;;;;;;;;;;;
0.362534;62810000;221;;;;;;;;;;;;;;
0.365034;62812500;171;;;;;;;;;;;;;;
0.367534;62815000;168;62814807;130.076;-461.229;130.076;586.716;-152.239;586.716;62814360;-25.093;-136.043;-25.093;1598.567;-212.454;1598.567
0.370034;62817500;137;;;;;;;;;;;;;;
0.372534;62820000;153;;;;;;;;;;;;;;
0.375034;62822500;156;;;;;;;;;;;;;;
0.377534;62825000;141;;;;;;;;;;;;;;
0.380034;62827500;172;;;;;;;;;;;;;;
0.382534;62830000;173;;;;;;;;;;;;;;
0.385034;62832500;172;;;;;;;;;;;;;;
0.387534;62835000;158;;;;;;;;;;;;;;
0.390034;62837500;380;;;;;;;;;;;;;;
0.392534;62840000;219;;;;;;;;;;;;;;
0.395034;62842500;159;;;;;;;;;;;;;;
0.397534;62845000;173;;;;;;;;62846125;-25.04;-135.957;-25.04;1609.201;-212.331;1609.201
0.400034;62847500;155;62846565;130.178;-461.171;130.178;591.505;-150.752;591.505;;;;;;;
0.402534;62850000;155;;;;;;;;;;;;;;
0.405034;62852500;152;;;;;;;;;;;;;;
0.407534;62855000;139;;;;;;;;;;;;;;
0.410034;62857500;155;;;;;;;;;;;;;;
0.412534;62860000;151;;;;;;;;;;;;;;
0.415034;62862500;136;;;;;;;;;;;;;;
0.417534;62865000;142;;;;;;;;;;;;;;
0.420034;62867500;154;;;;;;;;;;;;;;
0.422534;62870000;344;;;;;;;;;;;;;;
0.425034;62872500;235;;;;;;;;;;;;;;
0.427534;62875000;158;;;;;;;;;;;;;;
0.430034;62877500;137;62876789;130.038;-461.213;130.038;596.492;-151.965;596.492;62876341;-24.983;-135.961;-24.983;1605.303;-203.465;1605.303
0.432534;62880000;126;;;;;;;;;;;;;;
0.435034;62882500;155;;;;;;;;;;;;;;
0.437534;62885000;141;;;;;;;;;;;;;;
0.440034;62887500;153;;;;;;;;;;;;;;
0.442534;62890000;155;;;;;;;;;;;;;;
0.445034;62892500;155;;;;;;;;;;;;;;
0.447534;62895000;142;;;;;;;;;;;;;;
0.450034;62897500;136;;;;;;;;;;;;;;
0.452534;62900000;318;;;;;;;;;;;;;;
0.455034;62902500;204;;;;;;;;;;;;;;
0.457534;62905000;169;;;;;;;;;;;;;;
0.460034;62907500;158;62908459;130.02;-461.399;130.02;592.043;-150.929;592.043;62908019;-25.082;-135.995;-25.082;1610.351;-208.604;1610.351
0.462534;62910000;173;;;;;;;;;;;;;;
0.465034;62912500;153;;;;;;;;;;;;;;
0.467534;62915000;141;;;;;;;;;;;;;;
0.470034;62917500;135;;;;;;;;;;;;;;
0.472534;62920000;153;;;;;;;;;;;;;;
0.475034;62922500;335;;;;;;;;;;;;;;
0.477534;62925000;234;;;;;;;;;;;;;;
0.480034;62927500;183;;;;;;;;;;;;;;
0.482534;62930000;175;;;;;;;;;;;;;;
0.485034;62932500;153;;;;;;;;;;;;;;
0.487534;62935000;138;;;;;;;;;;;;;;
0.490034;62937500;152;;;;;;;;;;;;;;
0.492534;62940000;126;62940232;130.083;-461.589;130.083;588.253;-148.195;588.253;62939784;-24.92;-136.027;-24.92;1614.708;-209.549;1614.708
0.495034;62942500;153;;;;;;;;;;;;;;
0.497534;62945000;142;;;;;;;;;;;;;;
0.500034;62947500;153;;;;;;;;;;;;;;
0.502534;62950000;172;;;;;;;;;;;;;;
0.505034;62952500;361;;;;;;;;;;;;;;
0.507534;62955000;296;;;;;;;;;;;;;;
0.510034;62957500;176;;;;;;;;;;;;;;
0.512534;62960000;142;;;;;;;;;;;;;;
0.515034;62962500;156;;;;;;;;;;;;;;
0.517534;62965000;166;;;;;;;;;;;;;;
0.520034;62967500;171;;;;;;;;;;;;;;
0.522534;62970000;155;;;;;;;;;;;;;;
0.525034;62972500;153;62971989;130.075;-461.75;130.075;575.903;-142.098;575.903;62971549;-25.071;-136.094;-25.071;1612.285;-203.009;1612.285
0.527534;62975000;140;;;;;;;;;;;;;;
0.530034;62977500;137;;;;;;;;;;;;;;
0.532534;62980000;152;;;;;;;;;;;;;;
0.535034;62982500;27;;;;;;;;;;;;;;
0.537534;62985000;316;;;;;;;;;;;;;;
0.540034;62987500;206;;;;;;;;;;;;;;
0.542534;62990000;175;;;;;;;;;;;;;;
0.545034;62992500;175;;;;;;;;;;;;;;
0.547534;62995000;143;;;;;;;;;;;;;;
0.550034;62997500;153;;;;;;;;;;;;;;
0.552534;63000000;135;;;;;;;;;;;;;;
0.555034;63002500;155;63003587;130.086;-461.757;130.086;561.108;-140.68;561.108;63003140;-25.08;-136.06;-25.08;1611.733;-212.546;1611.733
0.557534;63005000;168;;;;;;;;;;;;;;
0.560034;63007500;153;;;;;;;;;;;;;;
0.562534;63010000;174;;;;;;;;;;;;;;
0.565034;63012500;152;;;;;;;;;;;;;;
0.567534;63015000;407;;;;;;;;;;;;;;
0.570034;63017500;237;;;;;;;;;;;;;;
0.572534;63020000;166;;;;;;;;;;;;;;
0.575034;63022500;168;;;;;;;;;;;;;;
0.577534;63025000;171;;;;;;;;;;;;;;
0.580034;63027500;156;;;;;;;;;;;;;;
0.582534;63030000;155;;;;;;;;;;;;;;
0.585034;63032500;152;;;;;;;;63033356;-25.064;-136.108;-25.064;1618.647;-213.294;1618.647
0.587534;63035000;168;63033797;130.023;-461.691;130.023;570.24;-142.834;570.24;;;;;;;
0.590034;63037500;134;;;;;;;;;;;;;;
0.592534;63040000;135;;;;;;;;;;;;;;
0.595034;63042500;139;;;;;;;;;;;;;;
0.597534;63045000;142;;;;;;;;;;;;;;
0.600034;63047500;360;;;;;;;;;;;;;;
0.602534;63050000;236;;;;;;;;;;;;;;
0.605034;63052500;176;;;;;;;;;;;;;;
0.607534;63055000;144;63056189;130.122;-461.975;130.122;558.79;-139.192;558.79;63055742;-25.117;-136.177;-25.117;1618.214;-210.504;1618.214
0.610034;63057500;128;;;;;;;;;;;;;;
0.612534;63060000;151;;;;;;;;;;;;;;
0.615034;63062500;153;;;;;;;;;;;;;;
0.617534;63065000;140;;;;;;;;;;;;;;
0.620034;63067500;154;;;;;;;;;;;;;;
0.622534;63070000;155;;;;;;;;;;;;;;
0.625034;63072500;170;;;;;;;;;;;;;;
0.627534;63075000;140;;;;;;;;;;;;;;
0.630034;63077500;0;;;;;;;;;;;;;;
0.632534;63080000;296;;;;;;;;;;;;;;
0.635034;63082500;191;;;;;;;;;;;;;;
0.637534;63085000;187;;;;;;;;;;;;;;
0.640034;63087500;157;63087860;130.186;-462.014;130.186;544.413;-136.608;544.413;63087420;-25.111;-136.2;-25.111;1623.491;-206.541;1623.491
0.642534;63090000;156;;;;;;;;;;;;;;
0.645034;63092500;154;;;;;;;;;;;;;;
0.647534;63095000;140;;;;;;;;;;;;;;
0.650034;63097500;135;;;;;;;;;;;;;;
0.652534;63100000;136;;;;;;;;;;;;;;
0.655034;63102500;156;;;;;;;;;;;;;;
0.657534;63105000;169;;;;;;;;;;;;;;
0.660034;63107500;174;;;;;;;;;;;;;;
0.662534;63110000;349;;;;;;;;;;;;;;
0.665034;63112500;265;;;;;;;;;;;;;;
0.667534;63115000;183;;;;;;;;;;;;;;
0.670034;63117500;142;63118085;130.155;-461.935;130.155;546.068;-137.652;546.068;63117636;-25.021;-136.186;-25.021;1634.192;-202.339;1634.192
0.672534;63120000;153;;;;;;;;;;;;;;
0.675034;63122500;136;;;;;;;;;;;;;;
0.677534;63125000;160;;;;;;;;;;;;;;
0.680034;63127500;153;;;;;;;;;;;;;;
0.682534;63130000;173;;;;;;;;;;;;;;
0.685034;63132500;168;;;;;;;;;;;;;;
0.687534;63135000;139;;;;;;;;;;;;;;
0.690034;63137500;151;;;;;;;;;;;;;;
0.692534;63140000;348;;;;;;;;;;;;;;
0.695034;63142500;280;;;;;;;;;;;;;;
0.697534;63145000;205;;;;;;;;;;;;;;
0.700034;63147500;170;;;;;;;;;;;;;;
0.702534;63150000;175;63149841;130.186;-461.859;130.186;550.702;-140.395;550.702;63149401;-25.148;-136.251;-25.148;1635.607;-208.847;1635.607
0.705034;63152500;168;;;;;;;;;;;;;;
0.707534;63155000;139;;;;;;;;;;;;;;
0.710034;63157500;153;;;;;;;;;;;;;;
0.712534;63160000;125;;;;;;;;;;;;;;
0.715034;63162500;26;;;;;;;;;;;;;;
0.717534;63165000;285;;;;;;;;;;;;;;
0.720034;63167500;216;;;;;;;;;;;;;;
0.722534;63170000;188;;;;;;;;;;;;;;
0.725034;63172500;155;;;;;;;;;;;;;;
0.727534;63175000;160;;;;;;;;;;;;;;
0.730034;63177500;154;;;;;;;;;;;;;;
0.732534;63180000;152;;;;;;;;63181166;-25.154;-136.307;-25.154;1640.889;-197.53;1640.889
0.735034;63182500;154;63181613;130.174;-462.074;130.174;547.667;-138.625;547.667;;;;;;;
0.737534;63185000;141;;;;;;;;;;;;;;
0.740034;63187500;171;;;;;;;;;;;;;;
0.742534;63190000;157;;;;;;;;;;;;;;
0.745034;63192500;152;;;;;;;;;;;;;;
0.747534;63195000;351;;;;;;;;;;;;;;
0.750034;63197500;216;;;;;;;;;;;;;;
0.752534;63200000;173;;;;;;;;;;;;;;
0.755034;63202500;140;;;;;;;;;;;;;;
0.757534;63205000;143;;;;;;;;;;;;;;
0.760034;63207500;154;;;;;;;;;;;;;;
0.762534;63210000;155;;;;;;;;;;;;;;
0.765034;63212500;168;63213371;130.155;-462.212;130.155;542.158;-136.506;542.158;63212931;-25.275;-136.159;-25.275;1638.907;-196.403;1638.907
0.767534;63215000;138;;;;;;;;;;;;;;
0.770034;63217500;153;;;;;;;;;;;;;;
0.772534;63220000;135;;;;;;;;;;;;;;
0.775034;63222500;137;;;;;;;;;;;;;;
0.777534;63225000;379;;;;;;;;;;;;;;
0.780034;63227500;253;;;;;;;;;;;;;;
0.782534;63230000;216;;;;;;;;;;;;;;
0.785034;63232500;166;;;;;;;;;;;;;;
0.787534;63235000;140;;;;;;;;;;;;;;
0.790034;63237500;153;;;;;;;;;;;;;;
0.792534;63240000;153;;;;;;;;;;;;;;
0.795034;63242500;138;;;;;;;;;;;;;;
0.797534;63245000;141;63245143;130.144;-462.263;130.144;534.3;-133.618;534.3;63244696;-25.365;-136.281;-25.365;1640.524;-195.771;1640.524
0.800034;63247500;153;;;;;;;;;;;;;;
0.802534;63250000;172;;;;;;;;;;;;;;
0.805034;63252500;168;;;;;;;;;;;;;;
0.807534;63255000;156;;;;;;;;;;;;;;
0.810034;63257500;314;;;;;;;;;;;;;;
0.812534;63260000;200;;;;;;;;;;;;;;
0.815034;63262500;173;;;;;;;;;;;;;;
0.817534;63265000;171;;;;;;;;;;;;;;
0.820034;63267500;157;;;;;;;;;;;;;;
0.822534;63270000;158;;;;;;;;;;;;;;
0.825034;63272500;171;;;;;;;;;;;;;;
0.827534;63275000;141;63275352;130.182;-462.263;130.182;555.71;-129.562;555.71;63274912;-25.256;-136.195;-25.256;1651.686;-182.482;1651.686
0.830034;63277500;152;;;;;;;;;;;;;;
0.832534;63280000;153;;;;;;;;;;;;;;
0.835034;63282500;157;;;;;;;;;;;;;;
0.837534;63285000;168;;;;;;;;;;;;;;
0.840034;63287500;329;;;;;;;;;;;;;;
0.842534;63290000;314;;;;;;;;;;;;;;
0.845034;63292500;229;;;;;;;;;;;;;;
0.847534;63295000;185;;;;;;;;;;;;;;
0.850034;63297500;155;;;;;;;;;;;;;;
0.852534;63300000;136;;;;;;;;;;;;;;
0.855034;63302500;155;;;;;;;;;;;;;;
0.857534;63305000;160;;;;;;;;;;;;;;
0.860034;63307500;154;63307124;130.029;-462.396;130.029;500.362;-134.897;500.362;63306677;-25.378;-136.296;-25.378;1638.664;-189.108;1638.664
0.862534;63310000;173;;;;;;;;;;;;;;
0.865034;63312500;152;;;;;;;;;;;;;;
0.867534;63315000;157;;;;;;;;;;;;;;
0.870034;63317500;154;;;;;;;;;;;;;;
0.872534;63320000;422;;;;;;;;;;;;;;
0.875034;63322500;263;;;;;;;;;;;;;;
0.877534;63325000;183;;;;;;;;;;;;;;
0.880034;63327500;186;;;;;;;;;;;;;;
0.882534;63330000;183;;;;;;;;;;;;;;
0.885034;63332500;172;;;;;;;;;;;;;;
0.887534;63335000;159;;;;;;;;;;;;;;
0.890034;63337500;136;;;;;;;;63338355;-25.506;-136.173;-25.506;1636.793;-207.653;1636.793
0.892534;63340000;154;63338795;130.262;-461.81;130.262;500.282;-140.402;500.282;;;;;;;
0.895034;63342500;156;;;;;;;;;;;;;;
0.897534;63345000;143;;;;;;;;;;;;;;
0.900034;63347500;172;;;;;;;;;;;;;;
0.902534;63350000;155;;;;;;;;;;;;;;
0.905034;63352500;346;;;;;;;;;;;;;;
0.907534;63355000;234;;;;;;;;;;;;;;
0.910034;63357500;173;;;;;;;;;;;;;;
0.912534;63360000;137;;;;;;;;;;;;;;
0.915034;63362500;135;;;;;;;;;;;;;;
0.917534;63365000;165;;;;;;;;;;;;;;
0.920034;63367500;172;;;;;;;;;;;;;;
0.922534;63370000;157;63370395;130.264;-461.942;130.264;549.205;-143.444;549.205;63369946;-25.255;-136.27;-25.255;1653.391;-194.208;1653.391
0.925034;63372500;155;;;;;;;;;;;;;;
0.927534;63375000;141;;;;;;;;;;;;;;
0.930034;63377500;155;;;;;;;;;;;;;;
0.932534;63380000;135;;;;;;;;;;;;;;
0.935034;63382500;359;;;;;;;;;;;;;;
0.937534;63385000;224;;;;;;;;;;;;;;
0.940034;63387500;184;;;;;;;;;;;;;;
0.942534;63390000;186;;;;;;;;;;;;;;
0.945034;63392500;153;;;;;;;;;;;;;;
0.947534;63395000;158;;;;;;;;;;;;;;
0.950034;63397500;136;;;;;;;;;;;;;;
0.952534;63400000;135;;;;;;;;;;;;;;
0.955034;63402500;155;63402151;130.143;-462.22;130.143;497.682;-136.71;497.682;63401711;-25.243;-136.24;-25.243;1626.721;-191.935;1626.721
0.957534;63405000;141;;;;;;;;;;;;;;
0.960034;63407500;155;;;;;;;;;;;;;;
0.962534;63410000;154;;;;;;;;;;;;;;
0.965034;63412500;38;;;;;;;;;;;;;;
0.967534;63415000;328;;;;;;;;;;;;;;
0.970034;63417500;190;;;;;;;;;;;;;;
0.972534;63420000;169;;;;;;;;;;;;;;
0.975034;63422500;140;;;;;;;;;;;;;;
0.977534;63425000;142;;;;;;;;;;;;;;
0.980034;63427500;172;;;;;;;;;;;;;;
0.982534;63430000;154;;;;;;;;;;;;;;
0.985034;63432500;168;63432374;130.041;-462.18;130.041;516.111;-134.687;516.111;63431927;-25.384;-136.077;-25.384;1644.26;-184.963;1644.26
0.987534;63435000;138;;;;;;;;;;;;;;
0.990034;63437500;135;;;;;;;;;;;;;;
0.992534;63440000;153;;;;;;;;;;;;;;
0.995034;63442500;137;;;;;;;;;;;;;;
0.997534;63445000;4;;;;;;;;;;;;;;
1.000034;63447500;299;;;;;;;;;;;;;;
1.002534;63450000;219;;;;;;;;;;;;;;
1.005034;63452500;169;;;;;;;;;;;;;;
1.007534;63455000;159;63454753;130.03;-462.549;130.03;492.493;-134.077;492.493;63454313;-25.31;-136.141;-25.31;1640.36;-197.152;1640.36
1.010034;63457500;153;;;;;;;;;;;;;;
1.012534;63460000;153;;;;;;;;;;;;;;
1.015034;63462500;156;;;;;;;;;;;;;;
1.017534;63465000;152;;;;;;;;;;;;;;
1.020034;63467500;173;;;;;;;;;;;;;;
1.022534;63470000;174;;;;;;;;;;;;;;
1.025034;63472500;172;;;;;;;;;;;;;;
1.027534;63475000;167;;;;;;;;;;;;;;
1.030034;63477500;358;;;;;;;;;;;;;;
1.032534;63480000;235;;;;;;;;;;;;;;
1.035034;63482500;186;;;;;;;;;;;;;;
1.037534;63485000;173;;;;;;;;63486078;-25.289;-136.069;-25.289;1646.717;-189.045;1646.717
1.040034;63487500;173;63486525;130.092;-462.541;130.092;486.681;-130.873;486.681;;;;;;;
1.042534;63490000;157;;;;;;;;;;;;;;
1.045034;63492500;156;;;;;;;;;;;;;;
1.047534;63495000;141;;;;;;;;;;;;;;
1.050034;63497500;155;;;;;;;;;;;;;;
1.052534;63500000;153;;;;;;;;;;;;;;
1.055034;63502500;138;;;;;;;;;;;;;;
1.057534;63505000;168;;;;;;;;;;;;;;
1.060034;63507500;172;;;;;;;;;;;;;;
1.062534;63510000;318;;;;;;;;;;;;;;
1.065034;63512500;235;;;;;;;;;;;;;;
1.067534;63515000;166;;;;;;;;63516121;-25.354;-136.103;-25.354;1650.131;-183.967;1650.131
1.070034;63517500;157;63516561;129.962;-462.765;129.962;505.659;-130.455;505.659;;;;;;;
1.072534;63520000;153;;;;;;;;;;;;;;
1.075034;63522500;139;;;;;;;;;;;;;;
1.077534;63525000;169;;;;;;;;;;;;;;
1.080034;63527500;154;;;;;;;;;;;;;;
1.082534;63530000;155;;;;;;;;;;;;;;
1.085034;63532500;152;;;;;;;;;;;;;;
1.087534;63535000;138;;;;;;;;;;;;;;
1.090034;63537500;126;;;;;;;;;;;;;;
1.092534;63540000;318;;;;;;;;;;;;;;
1.095034;63542500;206;;;;;;;;;;;;;;
1.097534;63545000;171;;;;;;;;;;;;;;
1.100034;63547500;166;63548247;130.009;-462.965;130.009;470.314;-126.12;470.314;63547799;-25.551;-136.057;-25.551;1636.312;-186.582;1636.312
1.102534;63550000;159;;;;;;;;;;;;;;
1.105034;63552500;155;;;;;;;;;;;;;;
1.107534;63555000;158;;;;;;;;;;;;;;
1.110034;63557500;134;;;;;;;;;;;;;;
1.112534;63560000;126;;;;;;;;;;;;;;
1.115034;63562500;315;;;;;;;;;;;;;;
1.117534;63565000;216;;;;;;;;;;;;;;
1.120034;63567500;200;;;;;;;;;;;;;;
1.122534;63570000;160;;;;;;;;;;;;;;
1.125034;63572500;172;;;;;;;;;;;;;;
1.127534;63575000;139;;;;;;;;;;;;;;
1.130034;63577500;126;;;;;;;;;;;;;;
1.132534;63580000;152;63579999;130.029;-462.771;130.029;464.735;-123.751;464.735;63579564;-25.676;-136.104;-25.676;1639.371;-181.19;1639.371
1.135034;63582500;153;;;;;;;;;;;;;;
1.137534;63585000;140;;;;;;;;;;;;;;
1.140034;63587500;153;;;;;;;;;;;;;;
1.142534;63590000;156;;;;;;;;;;;;;;
1.145034;63592500;8;;;;;;;;;;;;;;
1.147534;63595000;295;;;;;;;;;;;;;;
1.150034;63597500;183;;;;;;;;;;;;;;
1.152534;63600000;143;;;;;;;;;;;;;;
1.155034;63602500;140;;;;;;;;;;;;;;
1.157534;63605000;168;;;;;;;;;;;;;;
1.160034;63607500;172;;;;;;;;;;;;;;
1.162534;63610000;157;;;;;;;;;;;;;;
1.165034;63612500;155;63611776;130.024;-462.623;130.024;487.874;-126.751;487.874;63611329;-25.74;-136.326;-25.74;1638.778;-171.693;1638.778
1.167534;63615000;141;;;;;;;;;;;;;;
1.170034;63617500;138;;;;;;;;;;;;;;
1.172534;63620000;154;;;;;;;;;;;;;;
1.175034;63622500;46;;;;;;;;;;;;;;
1.177534;63625000;285;;;;;;;;;;;;;;
1.180034;63627500;224;;;;;;;;;;;;;;
1.182534;63630000;201;;;;;;;;;;;;;;
1.185034;63632500;157;;;;;;;;;;;;;;
1.187534;63635000;142;;;;;;;;;;;;;;
1.190034;63637500;136;;;;;;;;;;;;;;
1.192534;63640000;152;;;;;;;;;;;;;;
1.195034;63642500;139;63643447;129.928;-462.739;129.928;475.73;-125.226;475.73;63643007;-25.704;-136.354;-25.704;1639.964;-174.483;1639.964
1.197534;63645000;169;;;;;;;;;;;;;;
1.200034;63647500;156;;;;;;;;;;;;;;
1.202534;63650000;156;;;;;;;;;;;;;;
1.205034;63652500;172;;;;;;;;;;;;;;
1.207534;63655000;382;;;;;;;;;;;;;;
1.210034;63657500;250;;;;;;;;;;;;;;
1.212534;63660000;184;;;;;;;;;;;;;;
1.215034;63662500;143;;;;;;;;;;;;;;
1.217534;63665000;171;;;;;;;;;;;;;;
1.220034;63667500;157;;;;;;;;;;;;;;
1.222534;63670000;156;;;;;;;;;;;;;;
1.225034;63672500;170;63673672;129.995;-462.825;129.995;481.694;-127.277;481.694;63673223;-25.651;-136.277;-25.651;1646.341;-175.822;1646.341
1.227534;63675000;158;;;;;;;;;;;;;;
1.230034;63677500;153;;;;;;;;;;;;;;
1.232534;63680000;135;;;;;;;;;;;;;;
1.235034;63682500;136;;;;;;;;;;;;;;
1.237534;63685000;168;;;;;;;;;;;;;;
1.240034;63687500;364;;;;;;;;;;;;;;
1.242534;63690000;250;;;;;;;;;;;;;;
1.245034;63692500;173;;;;;;;;;;;;;;
1.247534;63695000;152;63696049;129.974;-462.864;129.974;473.359;-128.788;473.359;63695609;-25.716;-136.265;-25.716;1646.711;-168.343;1646.711
1.250034;63697500;153;;;;;;;;;;;;;;
1.252534;63700000;152;;;;;;;;;;;;;;
1.255034;63702500;156;;;;;;;;;;;;;;
1.257534;63705000;142;;;;;;;;;;;;;;
1.260034;63707500;174;;;;;;;;;;;;;;
1.262534;63710000;158;;;;;;;;;;;;;;
1.265034;63712500;172;;;;;;;;;;;;;;
1.267534;63715000;140;;;;;;;;;;;;;;
1.270034;63717500;19;;;;;;;;;;;;;;
1.272534;63720000;298;;;;;;;;63721048;-25.724;-136.351;-25.724;1654.938;-166.926;1654.938
1.275034;63722500;187;63721495;129.99;-462.943;129.99;483.816;-128.911;483.816;;;;;;;
1.277534;63725000;185;;;;;;;;;;;;;;
1.280034;63727500;166;;;;;;;;;;;;;;
1.282534;63730000;159;;;;;;;;;;;;;;
1.285034;63732500;172;;;;;;;;;;;;;;
1.287534;63735000;141;;;;;;;;;;;;;;
1.290034;63737500;128;;;;;;;;;;;;;;
1.292534;63740000;126;;;;;;;;;;;;;;
1.295034;63742500;138;;;;;;;;;;;;;;
1.297534;63745000;168;;;;;;;;;;;;;;
1.300034;63747500;156;63748476;130.017;-462.988;130.017;471.0;-127.278;471.0;63748036;-25.7;-136.383;-25.7;1647.879;-173.455;1647.879
1.302534;63750000;408;;;;;;;;;;;;;;
1.305034;63752500;254;;;;;;;;;;;;;;
1.307534;63755000;175;;;;;;;;;;;;;;
1.310034;63757500;167;;;;;;;;;;;;;;
1.312534;63760000;155;;;;;;;;;;;;;;
1.315034;63762500;140;;;;;;;;;;;;;;
1.317534;63765000;151;;;;;;;;;;;;;;
1.320034;63767500;156;;;;;;;;;;;;;;
1.322534;63770000;172;;;;;;;;;;;;;;
1.325034;63772500;152;;;;;;;;;;;;;;
1.327534;63775000;159;;;;;;;;;;;;;;
1.330034;63777500;136;;;;;;;;;;;;;;
1.332534;63780000;43;63780161;130.098;-462.854;130.098;457.513;-126.602;457.513;63779714;-25.709;-136.195;-25.709;1652.547;-177.469;1652.547
1.335034;63782500;252;;;;;;;;;;;;;;
1.337534;63785000;186;;;;;;;;;;;;;;
1.340034;63787500;189;;;;;;;;;;;;;;
1.342534;63790000;167;;;;;;;;;;;;;;
1.345034;63792500;173;;;;;;;;;;;;;;
1.347534;63795000;140;;;;;;;;;;;;;;
1.350034;63797500;154;;;;;;;;;;;;;;
1.352534;63800000;152;;;;;;;;;;;;;;
1.355034;63802500;55;;;;;;;;;;;;;;
1.357534;63805000;282;;;;;;;;;;;;;;
1.360034;63807500;198;;;;;;;;;;;;;;
1.362534;63810000;187;;;;;;;;;;;;;;
1.365034;63812500;154;63811920;130.114;-462.879;130.114;466.574;-126.834;466.574;63811479;-25.613;-136.26;-25.613;1662.67;-176.471;1662.67
1.367534;63815000;166;;;;;;;;;;;;;;
1.370034;63817500;156;;;;;;;;;;;;;;
1.372534;63820000;134;;;;;;;;;;;;;;
1.375034;63822500;157;;;;;;;;;;;;;;
1.377534;63825000;167;;;;;;;;;;;;;;
1.380034;63827500;20;;;;;;;;;;;;;;
1.382534;63830000;311;;;;;;;;;;;;;;
1.385034;63832500;199;;;;;;;;;;;;;;
1.387534;63835000;156;;;;;;;;;;;;;;
1.390034;63837500;136;;;;;;;;;;;;;;
1.392534;63840000;154;;;;;;;;;;;;;;
1.395034;63842500;156;63841967;130.166;-462.885;130.166;465.121;-125.305;465.121;63841520;-25.65;-136.431;-25.65;1654.349;-177.71;1654.349
1.397534;63845000;148;;;;;;;;;;;;;;
1.400034;63847500;173;;;;;;;;;;;;;;
1.402534;63850000;157;;;;;;;;;;;;;;
1.405034;63852500;172;;;;;;;;;;;;;;
1.407534;63855000;361;;;;;;;;;;;;;;
1.410034;63857500;238;;;;;;;;;;;;;;
1.412534;63860000;187;;;;;;;;;;;;;;
1.415034;63862500;152;;;;;;;;;;;;;;
1.417534;63865000;172;;;;;;;;;;;;;;
1.420034;63867500;174;;;;;;;;;;;;;;
1.422534;63870000;159;;;;;;;;;;;;;;
1.425034;63872500;172;63873727;130.057;-462.884;130.057;468.99;-124.29;468.99;63873287;-25.575;-136.356;-25.575;1662.194;-179.762;1662.194
1.427534;63875000;142;;;;;;;;;;;;;;
1.430034;63877500;155;;;;;;;;;;;;;;
1.432534;63880000;137;;;;;;;;;;;;;;
1.435034;63882500;138;;;;;;;;;;;;;;
1.437534;63885000;170;;;;;;;;;;;;;;
1.440034;63887500;378;;;;;;;;;;;;;;
1.442534;63890000;238;;;;;;;;;;;;;;
1.445034;63892500;184;;;;;;;;;;;;;;
1.447534;63895000;152;;;;;;;;;;;;;;
1.450034;63897500;155;;;;;;;;;;;;;;
1.452534;63900000;135;;;;;;;;;;;;;;
1.455034;63902500;139;;;;;;;;;;;;;;
1.457534;63905000;151;63905499;130.032;-463.091;130.032;473.54;-125.513;473.54;63905052;-25.522;-136.334;-25.522;1657.397;-178.649;1657.397
1.460034;63907500;156;;;;;;;;;;;;;;
1.462534;63910000;175;;;;;;;;;;;;;;
1.465034;63912500;154;;;;;;;;;;;;;;
1.467534;63915000;166;;;;;;;;;;;;;;
1.470034;63917500;1;;;;;;;;;;;;;;
1.472534;63920000;284;;;;;;;;;;;;;;
1.475034;63922500;215;;;;;;;;;;;;;;
1.477534;63925000;187;;;;;;;;;;;;;;
1.480034;63927500;185;;;;;;;;;;;;;;
1.482534;63930000;156;;;;;;;;;;;;;;
1.485034;63932500;151;;;;;;;;;;;;;;
1.487534;63935000;157;;;;;;;;;;;;;;
1.490034;63937500;153;63937257;130.1;-463.189;130.1;475.238;-125.8;475.238;63936817;-25.619;-136.374;-25.619;1656.339;-181.529;1656.339
1.492534;63940000;144;;;;;;;;;;;;;;
1.495034;63942500;137;;;;;;;;;;;;;;
1.497534;63945000;143;;;;;;;;;;;;;;
1.500034;63947500;168;;;;;;;;;;;;;;
1.502534;63950000;313;;;;;;;;;;;;;;
1.505034;63952500;231;;;;;;;;;;;;;;
1.507534;63955000;159;;;;;;;;;;;;;;
1.510034;63957500;139;;;;;;;;;;;;;;
1.512534;63960000;155;;;;;;;;;;;;;;
1.515034;63962500;159;;;;;;;;;;;;;;
1.517534;63965000;152;;;;;;;;;;;;;;
1.520034;63967500;156;;;;;;;;63968582;-25.564;-136.332;-25.564;1655.772;-186.452;1655.772
1.522534;63970000;174;63969029;130.0;-463.192;130.0;479.476;-126.072;479.476;;;;;;;
1.525034;63972500;151;;;;;;;;;;;;;;
1.527534;63975000;159;;;;;;;;;;;;;;
1.530034;63977500;154;;;;;;;;;;;;;;
1.532534;63980000;335;;;;;;;;;;;;;;
1.535034;63982500;280;;;;;;;;;;;;;;
1.537534;63985000;187;;;;;;;;;;;;;;
1.540034;63987500;189;;;;;;;;;;;;;;
1.542534;63990000;183;;;;;;;;;;;;;;
1.545034;63992500;172;;;;;;;;;;;;;;
1.547534;63995000;158;;;;;;;;;;;;;;
1.550034;63997500;134;;;;;;;;;;;;;;
1.552534;64000000;127;63999238;129.985;-463.096;129.985;482.627;-126.331;482.627;63998798;-25.475;-136.287;-25.475;1656.984;-185.88;1656.984
1.555034;64002500;137;;;;;;;;;;;;;;
1.557534;64005000;149;;;;;;;;;;;;;;
1.560034;64007500;173;;;;;;;;;;;;;;
1.562534;64010000;156;;;;;;;;;;;;;;
1.565034;64012500;363;;;;;;;;;;;;;;
1.567534;64015000;230;;;;;;;;;;;;;;
1.570034;64017500;157;;;;;;;;;;;;;;
1.572534;64020000;157;;;;;;;;;;;;;;
1.575034;64022500;140;64023203;129.982;-463.091;129.982;477.309;-126.14;477.309;64022754;-25.385;-136.335;-25.385;1652.01;-192.336;1652.01
1.577534;64025000;170;;;;;;;;;;;;;;
1.580034;64027500;173;;;;;;;;;;;;;;
1.582534;64030000;154;;;;;;;;;;;;;;
1.585034;64032500;171;;;;;;;;;;;;;;
1.587534;64035000;157;;;;;;;;;;;;;;
1.590034;64037500;153;;;;;;;;;;;;;;
1.592534;64040000;153;;;;;;;;;;;;;;
1.595034;64042500;138;;;;;;;;;;;;;;
1.597534;64045000;345;;;;;;;;;;;;;;
1.600034;64047500;239;;;;;;;;;;;;;;
1.602534;64050000;201;;;;;;;;;;;;;;
1.605034;64052500;155;64053389;129.912;-463.086;129.912;486.693;-126.395;486.693;64052948;-25.293;-136.204;-25.293;1656.909;-187.532;1656.909
1.607534;64055000;158;;;;;;;;;;;;;;
1.610034;64057500;128;;;;;;;;;;;;;;
1.612534;64060000;127;;;;;;;;;;;;;;
1.615034;64062500;157;;;;;;;;;;;;;;
1.617534;64065000;167;;;;;;;;;;;;;;
1.620034;64067500;156;;;;;;;;;;;;;;
1.622534;64070000;155;;;;;;;;;;;;;;
1.625034;64072500;152;;;;;;;;;;;;;;
1.627534;64075000;265;;;;;;;;;;;;;;
1.630034;64077500;283;;;;;;;;;;;;;;
1.632534;64080000;173;;;;;;;;;;;;;;
1.635034;64082500;155;64083613;129.913;-463.331;129.913;483.358;-124.45;483.358;64083165;-25.456;-136.201;-25.456;1655.439;-186.467;1655.439
1.637534;64085000;153;;;;;;;;;;;;;;
1.640034;64087500;172;;;;;;;;;;;;;;
1.642534;64090000;173;;;;;;;;;;;;;;
1.645034;64092500;152;;;;;;;;;;;;;;
1.647534;64095000;141;;;;;;;;;;;;;;
1.650034;64097500;136;;;;;;;;;;;;;;
1.652534;64100000;136;;;;;;;;;;;;;;
1.655034;64102500;141;;;;;;;;;;;;;;
1.657534;64105000;361;;;;;;;;;;;;;;
1.660034;64107500;301;;;;;;;;;;;;;;
1.662534;64110000;216;;;;;;;;;;;;;;
1.665034;64112500;172;;;;;;;;;;;;;;
1.667534;64115000;153;64115281;130.03;-463.357;130.03;476.253;-124.79;476.253;64114841;-25.494;-136.125;-25.494;1655.354;-188.082;1655.354
1.670034;64117500;139;;;;;;;;;;;;;;
1.672534;64120000;137;;;;;;;;;;;;;;
1.675034;64122500;139;;;;;;;;;;;;;;
1.677534;64125000;169;;;;;;;;;;;;;;
1.680034;64127500;154;;;;;;;;;;;;;;
1.682534;64130000;391;;;;;;;;;;;;;;
1.685034;64132500;239;;;;;;;;;;;;;;
1.687534;64135000;170;;;;;;;;;;;;;;
1.690034;64137500;156;;;;;;;;;;;;;;
1.692534;64140000;137;;;;;;;;;;;;;;
1.695034;64142500;154;;;;;;;;;;;;;;
1.697534;64145000;141;;;;;;;;;;;;;;
1.700034;64147500;171;64147056;130.11;-463.381;130.11;480.44;-125.988;480.44;64146607;-25.671;-136.035;-25.671;1661.399;-180.427;1661.399
1.702534;64150000;153;;;;;;;;;;;;;;
1.705034;64152500;143;;;;;;;;;;;;;;
1.707534;64155000;137;;;;;;;;;;;;;;
1.710034;64157500;153;;;;;;;;;;;;;;
1.712534;64160000;422;;;;;;;;;;;;;;
1.715034;64162500;246;;;;;;;;;;;;;;
1.717534;64165000;185;;;;;;;;;;;;;;
1.720034;64167500;169;;;;;;;;;;;;;;
1.722534;64170000;183;;;;;;;;;;;;;;
1.725034;64172500;170;;;;;;;;;;;;;;
1.727534;64175000;138;;;;;;;;;;;;;;
1.730034;64177500;136;64178639;130.016;-463.496;130.016;483.543;-126.251;483.543;64178199;-25.541;-136.169;-25.541;1663.642;-180.156;1663.642
1.732534;64180000;153;;;;;;;;;;;;;;
1.735034;64182500;155;;;;;;;;;;;;;;
1.737534;64185000;168;;;;;;;;;;;;;;
1.740034;64187500;155;;;;;;;;;;;;;;
1.742534;64190000;73;;;;;;;;;;;;;;
1.745034;64192500;286;;;;;;;;;;;;;;
1.747534;64195000;200;;;;;;;;;;;;;;
1.750034;64197500;167;;;;;;;;;;;;;;
1.752534;64200000;138;;;;;;;;;;;;;;
1.755034;64202500;158;;;;;;;;;;;;;;
1.757534;64205000;153;;;;;;;;;;;;;;
1.760034;64207500;172;;;;;;;;;;;;;;
1.762534;64210000;172;64210237;129.95;-463.464;129.95;477.741;-124.751;477.741;64209790;-25.539;-136.083;-25.539;1660.084;-185.148;1660.084
1.765034;64212500;152;;;;;;;;;;;;;;
1.767534;64215000;157;;;;;;;;;;;;;;
1.770034;64217500;135;;;;;;;;;;;;;;
1.772534;64220000;128;;;;;;;;;;;;;;
1.775034;64222500;377;;;;;;;;;;;;;;
1.777534;64225000;232;;;;;;;;;;;;;;
1.780034;64227500;204;;;;;;;;;;;;;;
1.782534;64230000;170;;;;;;;;;;;;;;
1.785034;64232500;155;;;;;;;;;;;;;;
1.787534;64235000;141;;;;;;;;;;;;;;
1.790034;64237500;134;;;;;;;;;;;;;;
1.792534;64240000;152;64240447;130.059;-463.447;130.059;485.792;-127.264;485.792;64240007;-25.543;-136.141;-25.543;1660.205;-188.141;1660.205
1.795034;64242500;137;;;;;;;;;;;;;;
1.797534;64245000;150;;;;;;;;;;;;;;
1.800034;64247500;155;;;;;;;;;;;;;;
1.802534;64250000;156;;;;;;;;;;;;;;
1.805034;64252500;0;;;;;;;;;;;;;;
1.807534;64255000;302;;;;;;;;;;;;;;
1.810034;64257500;188;;;;;;;;;;;;;;
1.812534;64260000;143;;;;;;;;;;;;;;
1.815034;64262500;141;;;;;;;;;;;;;;
1.817534;64265000;169;;;;;;;;;;;;;;
1.820034;64267500;182;;;;;;;;;;;;;;
1.822534;64270000;155;;;;;;;;;;;;;;
1.825034;64272500;143;64272220;130.102;-463.595;130.102;489.94;-129.213;489.94;64271771;-25.553;-136.239;-25.553;1659.007;-187.046;1659.007
1.827534;64275000;140;;;;;;;;;;;;;;
1.830034;64277500;153;;;;;;;;;;;;;;
1.832534;64280000;126;;;;;;;;;;;;;;
1.835034;64282500;137;;;;;;;;;;;;;;
1.837534;64285000;8;;;;;;;;;;;;;;
1.840034;64287500;270;;;;;;;;;;;;;;
1.842534;64290000;218;;;;;;;;;;;;;;
1.845034;64292500;168;;;;;;;;;;;;;;
1.847534;64295000;168;;;;;;;;;;;;;;
1.850034;64297500;135;;;;;;;;;;;;;;
1.852534;64300000;133;;;;;;;;;;;;;;
1.855034;64302500;156;;;;;;;;64303536;-25.452;-136.412;-25.452;1656.557;-191.257;1656.557
1.857534;64305000;168;64303976;129.934;-463.686;129.934;481.193;-128.002;481.193;;;;;;;
1.860034;64307500;155;;;;;;;;;;;;;;
1.862534;64310000;157;;;;;;;;;;;;;;
1.865034;64312500;171;;;;;;;;;;;;;;
1.867534;64315000;140;;;;;;;;;;;;;;
1.870034;64317500;346;;;;;;;;;;;;;;
1.872534;64320000;206;;;;;;;;;;;;;;
1.875034;64322500;157;;;;;;;;;;;;;;
1.877534;64325000;172;;;;;;;;;;;;;;
1.880034;64327500;159;;;;;;;;;;;;;;
1.882534;64330000;166;;;;;;;;;;;;;;
1.885034;64332500;156;;;;;;;;;;;;;;
1.887534;64335000;142;64335663;129.83;-463.609;129.83;487.758;-126.852;487.758;64335215;-25.546;-136.399;-25.546;1655.979;-192.631;1655.979
1.890034;64337500;155;;;;;;;;;;;;;;
1.892534;64340000;138;;;;;;;;;;;;;;
1.895034;64342500;168;;;;;;;;;;;;;;
1.897534;64345000;154;;;;;;;;;;;;;;
1.900034;64347500;394;;;;;;;;;;;;;;
1.902534;64350000;266;;;;;;;;;;;;;;
1.905034;64352500;185;;;;;;;;;;;;;;
1.907534;64355000;171;;;;;;;;;;;;;;
1.910034;64357500;138;;;;;;;;;;;;;;
1.912534;64360000;136;;;;;;;;;;;;;;
1.915034;64362500;158;;;;;;;;;;;;;;
1.917534;64365000;151;;;;;;;;;;;;;;
1.920034;64367500;156;64367419;129.86;-463.724;129.86;487.433;-127.947;487.433;64366979;-25.562;-136.283;-25.562;1657.18;-193.937;1657.18
1.922534;64370000;183;;;;;;;;;;;;;;
1.925034;64372500;151;;;;;;;;;;;;;;
1.927534;64375000;158;;;;;;;;;;;;;;
1.930034;64377500;135;;;;;;;;;;;;;;
1.932534;64380000;329;;;;;;;;;;;;;;
1.935034;64382500;220;;;;;;;;;;;;;;
1.937534;64385000;170;;;;;;;;;;;;;;
1.940034;64387500;185;;;;;;;;;;;;;;
1.942534;64390000;158;;;;;;;;;;;;;;
1.945034;64392500;173;;;;;;;;;;;;;;
1.947534;64395000;159;;;;;;;;;;;;;;
1.950034;64397500;156;64397644;129.827;-463.749;129.827;479.686;-125.487;479.686;64397195;-25.437;-136.179;-25.437;1657.884;-190.365;1657.884
1.952534;64400000;138;;;;;;;;;;;;;;
1.955034;64402500;140;;;;;;;;;;;;;;
1.957534;64405000;153;;;;;;;;;;;;;;
1.960034;64407500;156;;;;;;;;;;;;;;
1.962534;64410000;47;;;;;;;;;;;;;;
1.965034;64412500;282;;;;;;;;;;;;;;
1.967534;64415000;188;;;;;;;;;;;;;;
1.970034;64417500;144;;;;;;;;;;;;;;
1.972534;64420000;139;;;;;;;;64421151;-25.446;-136.159;-25.446;1660.302;-190.035;1660.302
1.975034;64422500;159;64421592;129.771;-463.68;129.771;485.014;-125.775;485.014;;;;;;;
1.977534;64425000;153;;;;;;;;;;;;;;
1.980034;64427500;155;;;;;;;;;;;;;;
1.982534;64430000;183;;;;;;;;;;;;;;
1.985034;64432500;171;;;;;;;;;;;;;;
1.987534;64435000;142;;;;;;;;;;;;;;
1.990034;64437500;137;;;;;;;;;;;;;;
1.992534;64440000;137;;;;;;;;;;;;;;
1.995034;64442500;407;;;;;;;;;;;;;;
1.997534;64445000;247;;;;;;;;;;;;;;
2.000034;64447500;190;;;;;;;;;;;;;;
2.002534;64450000;171;;;;;;;;64451170;-25.51;-136.183;-25.51;1660.412;-190.158;1660.412
2.005034;64452500;158;64451617;129.828;-463.81;129.828;478.701;-126.924;478.701;;;;;;;
2.007534;64455000;169;;;;;;;;;;;;;;
2.010034;64457500;154;;;;;;;;;;;;;;
2.012534;64460000;156;;;;;;;;;;;;;;
2.015034;64462500;140;;;;;;;;;;;;;;
2.017534;64465000;152;;;;;;;;;;;;;;
2.020034;64467500;173;;;;;;;;;;;;;;
2.022534;64470000;158;;;;;;;;;;;;;;
2.025034;64472500;154;;;;;;;;;;;;;;
2.027534;64475000;318;;;;;;;;;;;;;;
2.030034;64477500;200;;;;;;;;;;;;;;
2.032534;64480000;171;;;;;;;;64481213;-25.509;-136.163;-25.509;1662.704;-192.025;1662.704
2.035034;64482500;140;64481653;129.79;-463.861;129.79;471.828;-128.89;471.828;;;;;;;
2.037534;64485000;151;;;;;;;;;;;;;;
2.040034;64487500;172;;;;;;;;;;;;;;
2.042534;64490000;173;;;;;;;;;;;;;;
2.045034;64492500;152;;;;;;;;;;;;;;
2.047534;64495000;156;;;;;;;;;;;;;;
2.050034;64497500;152;;;;;;;;;;;;;;
2.052534;64500000;154;;;;;;;;;;;;;;
2.055034;64502500;157;;;;;;;;;;;;;;
2.057534;64505000;350;;;;;;;;;;;;;;
2.060034;64507500;253;;;;;;;;;;;;;;
2.062534;64510000;205;;;;;;;;;;;;;;
2.065034;64512500;183;64513427;129.742;-463.872;129.742;475.799;-132.946;475.799;64512980;-25.588;-136.12;-25.588;1666.194;-188.986;1666.194
2.067534;64515000;169;;;;;;;;;;;;;;
2.070034;64517500;136;;;;;;;;;;;;;;
2.072534;64520000;136;;;;;;;;;;;;;;
2.075034;64522500;156;;;;;;;;;;;;;;
2.077534;64525000;151;;;;;;;;;;;;;;
2.080034;64527500;8;;;;;;;;;;;;;;
2.082534;64530000;296;;;;;;;;;;;;;;
2.085034;64532500;220;;;;;;;;;;;;;;
2.087534;64535000;174;;;;;;;;;;;;;;
2.090034;64537500;138;;;;;;;;;;;;;;
2.092534;64540000;154;;;;;;;;;;;;;;
2.095034;64542500;139;;;;;;;;;;;;;;
2.097534;64545000;150;64545185;129.617;-464.048;129.617;472.134;-131.549;472.134;64544745;-25.656;-136.042;-25.656;1663.821;-189.599;1663.821
2.100034;64547500;172;;;;;;;;;;;;;;
2.102534;64550000;173;;;;;;;;;;;;;;
2.105034;64552500;173;;;;;;;;;;;;;;
2.107534;64555000;141;;;;;;;;;;;;;;
2.110034;64557500;0;;;;;;;;;;;;;;
2.112534;64560000;268;;;;;;;;;;;;;;
2.115034;64562500;205;;;;;;;;;;;;;;
2.117534;64565000;186;;;;;;;;;;;;;;
2.120034;64567500;159;;;;;;;;;;;;;;
2.122534;64570000;159;;;;;;;;;;;;;;
2.125034;64572500;155;;;;;;;;;;;;;;
2.127534;64575000;141;;;;;;;;;;;;;;
2.130034;64577500;128;64576957;129.792;-463.031;129.792;354.465;-122.784;354.465;64576510;-26.137;-135.944;-26.137;1432.318;-373.057;1432.318
2.132534;64580000;136;;;;;;;;;;;;;;
2.135034;64582500;137;;;;;;;;;;;;;;
2.137534;64585000;150;;;;;;;;;;;;;;
2.140034;64587500;144;;;;;;;;;;;;;;
2.142534;64590000;296;;;;;;;;;;;;;;
2.145034;64592500;201;;;;;;;;;;;;;;
2.147534;64595000;155;;;;;;;;;;;;;;
2.150034;64597500;137;;;;;;;;;;;;;;
2.152534;64600000;136;;;;;;;;;;;;;;
2.155034;64602500;139;;;;;;;;;;;;;;
2.157534;64605000;152;;;;;;;;;;;;;;
2.160034;64607500;173;64608541;129.677;-463.438;129.677;206.804;-110.957;206.804;64608101;-25.702;-136.156;-25.702;1169.952;-588.467;1169.952
2.162534;64610000;156;;;;;;;;;;;;;;
2.165034;64612500;151;;;;;;;;;;;;;;
2.167534;64615000;140;;;;;;;;;;;;;;
2.170034;64617500;136;;;;;;;;;;;;;;
2.172534;64620000;426;;;;;;;;;;;;;;
2.175034;64622500;247;;;;;;;;;;;;;;
2.177534;64625000;185;;;;;;;;;;;;;;
2.180034;64627500;171;;;;;;;;;;;;;;
2.182534;64630000;167;;;;;;;;;;;;;;
2.185034;64632500;172;;;;;;;;;;;;;;
2.187534;64635000;141;;;;;;;;;;;;;;
2.190034;64637500;135;64638679;129.805;-463.665;129.805;217.464;-73.472;217.464;64638230;-24.575;-135.582;-24.575;660.392;-586.606;660.392
2.192534;64640000;136;;;;;;;;;;;;;;
2.195034;64642500;140;;;;;;;;;;;;;;
2.197534;64645000;170;;;;;;;;;;;;;;
2.200034;64647500;174;;;;;;;;;;;;;;
2.202534;64650000;158;;;;;;;;;;;;;;
2.205034;64652500;346;;;;;;;;;;;;;;
2.207534;64655000;216;;;;;;;;;;;;;;
2.210034;64657500;173;;;;;;;;;;;;;;
2.212534;64660000;139;;;;;;;;;;;;;;
2.215034;64662500;158;;;;;;;;;;;;;;
2.217534;64665000;168;;;;;;;;;;;;;;
2.220034;64667500;171;;;;;;;;;;;;;;
2.222534;64670000;153;64670095;130.025;-462.241;130.025;-89.159;36.952;-89.159;64669648;-24.731;-138.813;-24.731;-1489.253;-218.65;-1489.253
2.225034;64672500;168;;;;;;;;;;;;;;
2.227534;64675000;156;;;;;;;;;;;;;;
2.230034;64677500;155;;;;;;;;;;;;;;
2.232534;64680000;154;;;;;;;;;;;;;;
2.235034;64682500;0;;;;;;;;;;;;;;
2.237534;64685000;329;;;;;;;;;;;;;;
2.240034;64687500;237;;;;;;;;;;;;;;
2.242534;64690000;183;;;;;;;;;;;;;;
2.245034;64692500;183;;;;;;;;;;;;;;
2.247534;64695000;141;;;;;;;;;;;;;;
2.250034;64697500;135;;;;;;;;;;;;;;
2.252534;64700000;153;;;;;;;;;;;;;;
2.255034;64702500;138;64701860;130.191;-462.779;130.191;-721.701;112.542;-721.701;64701413;-22.854;-148.709;-22.854;-2223.728;727.22;-2223.728
2.257534;64705000;168;;;;;;;;;;;;;;
2.260034;64707500;155;;;;;;;;;;;;;;
2.262534;64710000;173;;;;;;;;;;;;;;
2.265034;64712500;172;;;;;;;;;;;;;;
2.267534;64715000;26;;;;;;;;;;;;;;
2.270034;64717500;263;;;;;;;;;;;;;;
2.272534;64720000;168;;;;;;;;;;;;;;
2.275034;64722500;170;;;;;;;;;;;;;;
2.277534;64725000;155;;;;;;;;;;;;;;
2.280034;64727500;156;;;;;;;;;;;;;;
2.282534;64730000;174;;;;;;;;;;;;;;
2.285034;64732500;154;64733618;135.375;-465.186;135.375;-698.303;-243.523;-698.303;64733178;-30.014;-145.872;-30.014;-2337.854;2600.546;-2337.854
2.287534;64735000;158;;;;;;;;;;;;;;
2.290034;64737500;154;;;;;;;;;;;;;;
2.292534;64740000;136;;;;;;;;;;;;;;
2.295034;64742500;160;;;;;;;;;;;;;;
2.297534;64745000;16;;;;;;;;;;;;;;
2.300034;64747500;280;;;;;;;;;;;;;;
2.302534;64750000;219;;;;;;;;;;;;;;
2.305034;64752500;158;;;;;;;;;;;;;;
2.307534;64755000;143;;;;;;;;;;;;;;
2.310034;64757500;137;;;;;;;;;;;;;;
2.312534;64760000;152;;;;;;;;;;;;;;
2.315034;64762500;140;;;;;;;;;;;;;;
2.317534;64765000;168;64765651;135.609;-467.974;135.609;-1005.951;-419.472;-1005.951;64765204;-30.148;-150.852;-30.148;-2993.149;4183.332;-2993.149
2.320034;64767500;155;;;;;;;;;;;;;;
2.322534;64770000;155;;;;;;;;;;;;;;
2.325034;64772500;152;;;;;;;;;;;;;;
2.327534;64775000;139;;;;;;;;;;;;;;
2.330034;64777500;333;;;;;;;;;;;;;;
2.332534;64780000;203;;;;;;;;;;;;;;
2.335034;64782500;166;;;;;;;;;;;;;;
2.337534;64785000;154;;;;;;;;;;;;;;
2.340034;64787500;156;;;;;;;;;;;;;;
2.342534;64790000;157;;;;;;;;;;;;;;
2.345034;64792500;154;;;;;;;;;;;;;;
2.347534;64795000;140;;;;;;;;64795940;-33.435;-156.65;-33.435;-2479.054;6079.415;-2479.054
2.350034;64797500;153;64796381;135.014;-469.378;135.014;-926.778;-469.811;-926.778;;;;;;;
2.352534;64800000;128;;;;;;;;;;;;;;
2.355034;64802500;142;;;;;;;;;;;;;;
2.357534;64805000;151;;;;;;;;;;;;;;
2.360034;64807500;9;;;;;;;;;;;;;;
2.362534;64810000;327;;;;;;;;;;;;;;
2.365034;64812500;205;;;;;;;;;;;;;;
2.367534;64815000;155;;;;;;;;;;;;;;
2.370034;64817500;137;;;;;;;;;;;;;;
2.372534;64820000;136;64820690;134.174;-469.919;134.174;-462.189;-654.133;-462.189;64820243;-38.052;-158.803;-38.052;-1295.039;8248.194;-1295.039
2.375034;64822500;157;;;;;;;;;;;;;;
2.377534;64825000;152;;;;;;;;;;;;;;
2.380034;64827500;155;;;;;;;;;;;;;;
2.382534;64830000;159;;;;;;;;;;;;;;
2.385034;64832500;154;;;;;;;;;;;;;;
2.387534;64835000;141;;;;;;;;;;;;;;
2.390034;64837500;156;;;;;;;;;;;;;;
2.392534;64840000;44;;;;;;;;;;;;;;
2.395034;64842500;269;;;;;;;;;;;;;;
2.397534;64845000;208;;;;;;;;;;;;;;
2.400034;64847500;172;;;;;;;;;;;;;;
2.402534;64850000;159;64851225;135.89;-469.176;135.89;-3.33;-590.363;-3.33;64850785;-39.913;-157.842;-39.913;-1166.412;10660.722;-1166.412
2.405034;64852500;172;;;;;;;;;;;;;;
2.407534;64855000;141;;;;;;;;;;;;;;
2.410034;64857500;152;;;;;;;;;;;;;;
2.412534;64860000;136;;;;;;;;;;;;;;
2.415034;64862500;155;;;;;;;;;;;;;;
2.417534;64865000;168;;;;;;;;;;;;;;
2.420034;64867500;156;;;;;;;;;;;;;;
2.422534;64870000;173;;;;;;;;;;;;;;
2.425034;64872500;379;;;;;;;;;;;;;;
2.427534;64875000;250;;;;;;;;;;;;;;
2.430034;64877500;183;;;;;;;;;;;;;;
2.432534;64880000;139;;;;;;;;64881088;-42.34;-159.484;-42.34;-597.091;13380.498;-597.091
2.435034;64882500;158;64881537;138.69;-467.305;138.69;532.774;-553.408;532.774;;;;;;;
2.437534;64885000;151;;;;;;;;;;;;;;
2.440034;64887500;171;;;;;;;;;;;;;;
2.442534;64890000;171;;;;;;;;;;;;;;
2.445034;64892500;168;;;;;;;;;;;;;;
2.447534;64895000;155;;;;;;;;;;;;;;
2.450034;64897500;126;;;;;;;;;;;;;;
2.452534;64900000;152;;;;;;;;;;;;;;
2.455034;64902500;220;;;;;;;;;;;;;;
2.457534;64905000;297;;;;;;;;;;;;;;
2.460034;64907500;219;;;;;;;;;;;;;;
2.462534;64910000;170;;;;;;;;;;;;;;
2.465034;64912500;174;64913293;138.991;-468.132;138.991;170.135;-534.487;170.135;64912853;-49.489;-163.636;-49.489;616.638;17857.348;616.638
2.467534;64915000;159;;;;;;;;;;;;;;
2.470034;64917500;136;;;;;;;;;;;;;;
2.472534;64920000;137;;;;;;;;;;;;;;
2.475034;64922500;139;;;;;;;;;;;;;;
2.477534;64925000;170;;;;;;;;;;;;;;
2.480034;64927500;411;;;;;;;;;;;;;;
2.482534;64930000;272;;;;;;;;;;;;;;
2.485034;64932500;185;;;;;;;;;;;;;;
2.487534;64935000;154;;;;;;;;;;;;;;
2.490034;64937500;154;;;;;;;;;;;;;;
2.492534;64940000;152;;;;;;;;;;;;;;
2.495034;64942500;139;;;;;;;;;;;;;;
2.497534;64945000;152;64944978;133.7;-473.457;133.7;383.004;-740.076;383.004;64944531;-67.517;-160.377;-67.517;1800.307;20351.168;1800.307
2.500034;64947500;155;;;;;;;;;;;;;;
2.502534;64950000;173;;;;;;;;;;;;;;
2.505034;64952500;152;;;;;;;;;;;;;;
2.507534;64955000;140;;;;;;;;;;;;;;
2.510034;64957500;255;;;;;;;;;;;;;;
2.512534;64960000;250;;;;;;;;;;;;;;
2.515034;64962500;200;;;;;;;;;;;;;;
2.517534;64965000;166;;;;;;;;;;;;;;
2.520034;64967500;159;;;;;;;;;;;;;;
2.522534;64970000;157;;;;;;;;;;;;;;
2.525034;64972500;154;;;;;;;;;;;;;;
2.527534;64975000;169;;;;;;;;;;;;;;
2.530034;64977500;136;64976823;134.061;-475.074;134.061;1685.541;-1260.447;1685.541;64976383;-71.01;-162.667;-71.01;2057.666;17224.422;2057.666
2.532534;64980000;137;;;;;;;;;;;;;;
2.535034;64982500;140;;;;;;;;;;;;;;
2.537534;64985000;152;;;;;;;;;;;;;;
2.540034;64987500;56;;;;;;;;;;;;;;
2.542534;64990000;304;;;;;;;;;;;;;;
2.545034;64992500;201;;;;;;;;;;;;;;
2.547534;64995000;156;;;;;;;;;;;;;;
2.550034;64997500;138;;;;;;;;;;;;;;
2.552534;65000000;152;;;;;;;;;;;;;;
2.555034;65002500;139;;;;;;;;;;;;;;
2.557534;65005000;152;;;;;;;;;;;;;;
2.560034;65007500;156;;;;;;;;65008495;-80.904;-162.763;-80.904;3992.658;19651.451;3992.658
2.562534;65010000;172;65008942;134.275;-473.439;134.275;2736.576;-857.049;2736.576;;;;;;;
2.565034;65012500;152;;;;;;;;;;;;;;
2.567534;65015000;157;;;;;;;;;;;;;;
2.570034;65017500;152;;;;;;;;;;;;;;
2.572534;65020000;412;;;;;;;;;;;;;;
2.575034;65022500;255;;;;;;;;;;;;;;
2.577534;65025000;184;;;;;;;;;;;;;;
2.580034;65027500;186;;;;;;;;;;;;;;
2.582534;65030000;157;;;;;;;;;;;;;;
2.585034;65032500;151;;;;;;;;;;;;;;
2.587534;65035000;156;;;;;;;;;;;;;;
2.590034;65037500;125;;;;;;;;;;;;;;
2.592534;65040000;152;65039325;131.465;-472.661;131.465;3818.623;-1211.447;3818.623;65038885;-91.053;-163.104;-91.053;5872.9;21648.691;5872.9
2.595034;65042500;155;;;;;;;;;;;;;;
2.597534;65045000;167;;;;;;;;;;;;;;
2.600034;65047500;171;;;;;;;;;;;;;;
2.602534;65050000;155;;;;;;;;;;;;;;
2.605034;65052500;357;;;;;;;;;;;;;;
2.607534;65055000;223;;;;;;;;;;;;;;
2.610034;65057500;171;;;;;;;;;;;;;;
2.612534;65060000;154;;;;;;;;;;;;;;
2.615034;65062500;137;;;;;;;;;;;;;;
2.617534;65065000;168;;;;;;;;;;;;;;
2.620034;65067500;173;;;;;;;;;;;;;;
2.622534;65070000;172;;;;;;;;65070997;-103.245;-162.5;-103.245;8509.63;24537.445;8509.63
2.625034;65072500;169;65071444;131.059;-468.682;131.059;5161.129;-1661.0;5161.129;;;;;;;
2.627534;65075000;136;;;;;;;;;;;;;;
2.630034;65077500;126;;;;;;;;;;;;;;
2.632534;65080000;127;;;;;;;;;;;;;;
2.635034;65082500;248;;;;;;;;;;;;;;
2.637534;65085000;317;;;;;;;;;;;;;;
2.640034;65087500;207;;;;;;;;;;;;;;
2.642534;65090000;171;;;;;;;;;;;;;;
2.645034;65092500;155;;;;;;;;;;;;;;
2.647534;65095000;139;;;;;;;;;;;;;;
2.650034;65097500;127;;;;;;;;;;;;;;
2.652534;65100000;127;;;;;;;;;;;;;;
2.655034;65102500;157;65103636;127.751;-467.037;127.751;5907.135;-2312.95;5907.135;65103196;-117.743;-161.744;-117.743;11725.023;28538.697;11725.023
2.657534;65105000;170;;;;;;;;;;;;;;
2.660034;65107500;158;;;;;;;;;;;;;;
2.662534;65110000;158;;;;;;;;;;;;;;
2.665034;65112500;152;;;;;;;;;;;;;;
2.667534;65115000;43;;;;;;;;;;;;;;
2.670034;65117500;280;;;;;;;;;;;;;;
2.672534;65120000;172;;;;;;;;;;;;;;
2.675034;65122500;154;;;;;;;;;;;;;;
2.677534;65125000;156;;;;;;;;;;;;;;
2.680034;65127500;174;;;;;;;;;;;;;;
2.682534;65130000;173;;;;;;;;;;;;;;
2.685034;65132500;153;;;;;;;;;;;;;;
2.687534;65135000;137;65136016;128.812;-462.15;128.812;7835.59;-2924.427;7835.59;65135569;-132.047;-144.519;-132.047;15904.897;34495.012;15904.897
2.690034;65137500;127;;;;;;;;;;;;;;
2.692534;65140000;152;;;;;;;;;;;;;;
2.695034;65142500;138;;;;;;;;;;;;;;
2.697534;65145000;311;;;;;;;;;;;;;;
2.700034;65147500;302;;;;;;;;;;;;;;
2.702534;65150000;216;;;;;;;;;;;;;;
2.705034;65152500;186;;;;;;;;;;;;;;
2.707534;65155000;142;;;;;;;;;;;;;;
2.710034;65157500;153;;;;;;;;;;;;;;
2.712534;65160000;135;;;;;;;;;;;;;;
2.715034;65162500;138;;;;;;;;;;;;;;
2.717534;65165000;169;;;;;;;;;;;;;;
2.720034;65167500;174;65168468;135.474;-451.157;135.474;8145.999;-3214.831;8145.999;65168028;-150.979;-129.064;-150.979;16828.152;40017.012;16828.152
2.722534;65170000;154;;;;;;;;;;;;;;
2.725034;65172500;143;;;;;;;;;;;;;;
2.727534;65175000;138;;;;;;;;;;;;;;
2.730034;65177500;19;;;;;;;;;;;;;;
2.732534;65180000;256;;;;;;;;;;;;;;
2.735034;65182500;184;;;;;;;;;;;;;;
2.737534;65185000;169;;;;;;;;;;;;;;
2.740034;65187500;183;;;;;;;;;;;;;;
2.742534;65190000;157;;;;;;;;;;;;;;
2.745034;65192500;170;;;;;;;;;;;;;;
2.747534;65195000;156;;;;;;;;;;;;;;
2.750034;65197500;134;;;;;;;;;;;;;;
2.752534;65200000;153;65199385;140.467;-443.544;140.467;8434.323;-2227.214;8434.323;65198938;-172.936;-120.281;-172.936;15862.933;44894.535;15862.933
2.755034;65202500;140;;;;;;;;;;;;;;
2.757534;65205000;169;;;;;;;;;;;;;;
2.760034;65207500;172;;;;;;;;;;;;;;
2.762534;65210000;25;;;;;;;;;;;;;;
2.765034;65212500;283;;;;;;;;;;;;;;
2.767534;65215000;175;;;;;;;;;;;;;;
2.770034;65217500;168;;;;;;;;;;;;;;
2.772534;65220000;139;;;;;;;;;;;;;;
2.775034;65222500;157;;;;;;;;65223588;-198.827;-113.645;-198.827;15736.974;48648.809;15736.974
2.777534;65225000;168;65224029;138.58;-438.624;138.58;7456.544;-1357.229;7456.544;;;;;;;
2.780034;65227500;155;;;;;;;;;;;;;;
2.782534;65230000;182;;;;;;;;;;;;;;
2.785034;65232500;171;;;;;;;;;;;;;;
2.787534;65235000;140;;;;;;;;;;;;;;
2.790034;65237500;153;;;;;;;;;;;;;;
2.792534;65240000;135;;;;;;;;;;;;;;
2.795034;65242500;166;;;;;;;;;;;;;;
2.797534;65245000;280;;;;;;;;;;;;;;
2.800034;65247500;217;;;;;;;;;;;;;;
2.802534;65250000;189;;;;;;;;;;;;;;
2.805034;65252500;174;;;;;;;;;;;;;;
2.807534;65255000;158;65254751;137.641;-443.831;137.641;7064.03;-1907.117;7064.03;65254304;-224.412;-99.764;-224.412;16030.75;51943.242;16030.75
2.810034;65257500;136;;;;;;;;;;;;;;
2.812534;65260000;135;;;;;;;;;;;;;;
2.815034;65262500;156;;;;;;;;;;;;;;
2.817534;65265000;152;;;;;;;;;;;;;;
2.820034;65267500;171;;;;;;;;;;;;;;
2.822534;65270000;154;;;;;;;;;;;;;;
2.825034;65272500;150;;;;;;;;;;;;;;
2.827534;65275000;405;;;;;;;;;;;;;;
2.830034;65277500;233;;;;;;;;;;;;;;
2.832534;65280000;187;;;;;;;;;;;;;;
2.835034;65282500;150;;;;;;;;;;;;;;
2.837534;65285000;143;65285481;139.824;-437.597;139.824;8055.266;-2097.886;8055.266;65285041;-247.907;-85.071;-247.907;16038.15;55618.078;16038.15
2.840034;65287500;154;;;;;;;;;;;;;;
2.842534;65290000;156;;;;;;;;;;;;;;
2.845034;65292500;170;;;;;;;;;;;;;;
2.847534;65295000;158;;;;;;;;;;;;;;
2.850034;65297500;136;;;;;;;;;;;;;;
2.852534;65300000;127;;;;;;;;;;;;;;
2.855034;65302500;138;;;;;;;;;;;;;;
2.857534;65305000;6;;;;;;;;;;;;;;
2.860034;65307500;328;;;;;;;;;;;;;;
2.862534;65310000;216;;;;;;;;;;;;;;
2.865034;65312500;173;;;;;;;;;;;;;;
2.867534;65315000;152;;;;;;;;;;;;;;
2.870034;65317500;155;65317860;141.269;-429.558;141.269;8179.69;-2033.242;8179.69;65317413;-272.862;-71.856;-272.862;15455.431;59754.051;15455.431
2.872534;65320000;135;;;;;;;;;;;;;;
2.875034;65322500;157;;;;;;;;;;;;;;
2.877534;65325000;142;;;;;;;;;;;;;;
2.880034;65327500;154;;;;;;;;;;;;;;
2.882534;65330000;17;;;;;;;;;;;;;;
2.885034;65332500;300;;;;;;;;;;;;;;
2.887534;65335000;187;;;;;;;;;;;;;;
2.890034;65337500;143;;;;;;;;;;;;;;
2.892534;65340000;136;;;;;;;;;;;;;;
2.895034;65342500;158;;;;;;;;;;;;;;
2.897534;65345000;169;;;;;;;;;;;;;;
2.900034;65347500;152;;;;;;;;;;;;;;
2.902534;65350000;155;;;;;;;;;;;;;;
2.905034;65352500;143;;;;;;;;;;;;;;
2.907534;65355000;135;;;;;;;;;;;;;;
2.910034;65357500;150;;;;;;;;;;;;;;
2.912534;65360000;152;65359605;142.721;-423.904;142.721;6172.956;-1388.642;6172.956;65359165;-298.1;-63.518;-298.1;15583.034;61471.223;15583.034
2.915034;65362500;333;;;;;;;;;;;;;;
2.917534;65365000;232;;;;;;;;;;;;;;
2.920034;65367500;173;;;;;;;;;;;;;;
2.922534;65370000;184;;;;;;;;;;;;;;
2.925034;65372500;144;;;;;;;;;;;;;;
2.927534;65375000;135;;;;;;;;;;;;;;
2.930034;65377500;153;;;;;;;;;;;;;;
2.932534;65380000;128;;;;;;;;;;;;;;
2.935034;65382500;158;;;;;;;;;;;;;;
2.937534;65385000;172;;;;;;;;;;;;;;
2.940034;65387500;157;;;;;;;;;;;;;;
2.942534;65390000;176;;;;;;;;;;;;;;
2.945034;65392500;375;65391811;139.239;-419.892;139.239;4721.995;-638.46;4721.995;65391364;-323.296;-51.027;-323.296;15604.508;62803.723;15604.508
2.947534;65395000;249;;;;;;;;;;;;;;
2.950034;65397500;184;;;;;;;;;;;;;;
2.952534;65400000;158;;;;;;;;;;;;;;
2.955034;65402500;168;;;;;;;;;;;;;;
2.957534;65405000;153;;;;;;;;;;;;;;
2.960034;65407500;183;;;;;;;;;;;;;;
2.962534;65410000;175;;;;;;;;;;;;;;
2.965034;65412500;170;;;;;;;;;;;;;;
2.967534;65415000;158;;;;;;;;;;;;;;
2.970034;65417500;128;;;;;;;;;;;;;;
2.972534;65420000;153;65420971;139.737;-420.962;139.737;3936.395;-115.225;3936.395;65420531;-349.1;-35.379;-349.1;14104.157;64772.66;14104.157
2.975034;65422500;139;;;;;;;;;;;;;;
2.977534;65425000;380;;;;;;;;;;;;;;
2.980034;65427500;263;;;;;;;;;;;;;;
2.982534;65430000;189;;;;;;;;;;;;;;
2.985034;65432500;183;;;;;;;;;;;;;;
2.987534;65435000;143;;;;;;;;;;;;;;
2.990034;65437500;138;;;;;;;;;;;;;;
2.992534;65440000;156;;;;;;;;;;;;;;
2.995034;65442500;141;;;;;;;;;;;;;;
2.997534;65445000;171;;;;;;;;;;;;;;
3.000034;65447500;155;;;;;;;;;;;;;;
3.002534;65450000;174;;;;;;;;;;;;;;
3.005034;65452500;153;;;;;;;;;;;;;;
3.007534;65455000;139;;;;;;;;65455936;-374.863;-27.919;-374.863;11868.574;67936.836;11868.574
3.010034;65457500;137;65456384;140.473;-419.549;140.473;2439.763;-284.463;2439.763;;;;;;;
3.012534;65460000;136;;;;;;;;;;;;;;
3.015034;65462500;142;;;;;;;;;;;;;;
3.017534;65465000;0;;;;;;;;;;;;;;
3.020034;65467500;319;;;;;;;;;;;;;;
3.022534;65470000;219;;;;;;;;;;;;;;
3.025034;65472500;173;;;;;;;;;;;;;;
3.027534;65475000;151;;;;;;;;;;;;;;
3.030034;65477500;137;;;;;;;;;;;;;;
3.032534;65480000;138;;;;;;;;;;;;;;
3.035034;65482500;167;;;;;;;;;;;;;;
3.037534;65485000;154;;;;;;;;;;;;;;
3.040034;65487500;173;65488575;137.744;-418.769;137.744;912.087;175.572;912.087;65488135;-400.894;-25.876;-400.894;9583.333;71047.805;9583.333
3.042534;65490000;157;;;;;;;;;;;;;;
3.045034;65492500;152;;;;;;;;;;;;;;
3.047534;65495000;159;;;;;;;;;;;;;;
3.050034;65497500;249;;;;;;;;;;;;;;
3.052534;65500000;284;;;;;;;;;;;;;;
3.055034;65502500;192;;;;;;;;;;;;;;
3.057534;65505000;167;;;;;;;;;;;;;;
3.060034;65507500;174;;;;;;;;;;;;;;
3.062534;65510000;173;;;;;;;;;;;;;;
3.065034;65512500;152;;;;;;;;;;;;;;
3.067534;65515000;140;;;;;;;;;;;;;;
3.070034;65517500;137;;;;;;;;65518437;-428.301;-23.167;-428.301;8041.042;73331.664;8041.042
3.072534;65520000;154;65518884;137.597;-421.767;137.597;40.045;94.606;40.045;;;;;;;
3.075034;65522500;139;;;;;;;;;;;;;;
3.077534;65525000;141;;;;;;;;;;;;;;
3.080034;65527500;410;;;;;;;;;;;;;;
3.082534;65530000;283;;;;;;;;;;;;;;
3.085034;65532500;187;;;;;;;;;;;;;;
3.087534;65535000;172;;;;;;;;;;;;;;
3.090034;65537500;157;;;;;;;;;;;;;;
3.092534;65540000;138;;;;;;;;;;;;;;
3.095034;65542500;157;;;;;;;;;;;;;;
3.097534;65545000;143;;;;;;;;;;;;;;
3.100034;65547500;170;;;;;;;;;;;;;;
3.102534;65550000;152;65550382;137.409;-422.718;137.409;149.606;90.751;149.606;65549942;-451.331;-21.948;-451.331;6578.052;74930.391;6578.052
3.105034;65552500;169;;;;;;;;;;;;;;
3.107534;65555000;156;;;;;;;;;;;;;;
3.110034;65557500;136;;;;;;;;;;;;;;
3.112534;65560000;153;;;;;;;;;;;;;;
3.115034;65562500;38;;;;;;;;;;;;;;
3.117534;65565000;296;;;;;;;;;;;;;;
3.120034;65567500;219;;;;;;;;;;;;;;
3.122534;65570000;171;;;;;;;;;;;;;;
3.125034;65572500;175;;;;;;;;;;;;;;
3.127534;65575000;159;;;;;;;;;;;;;;
3.130034;65577500;135;;;;;;;;;;;;;;
3.132534;65580000;154;;;;;;;;;;;;;;
3.135034;65582500;138;65582154;137.255;-421.535;137.255;299.625;94.088;299.625;65581707;-475.911;-18.197;-475.911;5590.274;77109.812;5590.274
3.137534;65585000;151;;;;;;;;;;;;;;
3.140034;65587500;154;;;;;;;;;;;;;;
3.142534;65590000;171;;;;;;;;;;;;;;
3.145034;65592500;170;;;;;;;;;;;;;;
3.147534;65595000;335;;;;;;;;;;;;;;
3.150034;65597500;248;;;;;;;;;;;;;;
3.152534;65600000;171;;;;;;;;;;;;;;
3.155034;65602500;155;;;;;;;;;;;;;;
3.157534;65605000;173;;;;;;;;;;;;;;
3.160034;65607500;155;;;;;;;;;;;;;;
3.162534;65610000;173;;;;;;;;;;;;;;
3.165034;65612500;172;;;;;;;;65613472;-498.451;-16.592;-498.451;4609.011;79308.445;4609.011
3.167534;65615000;141;65613912;136.016;-419.679;136.016;-67.106;327.384;-67.106;;;;;;;
3.170034;65617500;140;;;;;;;;;;;;;;
3.172534;65620000;138;;;;;;;;;;;;;;
3.175034;65622500;159;;;;;;;;;;;;;;
3.177534;65625000;58;;;;;;;;;;;;;;
3.180034;65627500;284;;;;;;;;;;;;;;
3.182534;65630000;204;;;;;;;;;;;;;;
3.185034;65632500;168;;;;;;;;;;;;;;
3.187534;65635000;170;;;;;;;;;;;;;;
3.190034;65637500;138;;;;;;;;;;;;;;
3.192534;65640000;165;;;;;;;;;;;;;;
3.195034;65642500;142;;;;;;;;;;;;;;
3.197534;65645000;152;65645771;137.2;-420.1;137.2;-125.001;745.89;-125.001;65645324;-526.8;-9.345;-526.8;3894.685;80969.711;3894.685
3.200034;65647500;174;;;;;;;;;;;;;;
3.202534;65650000;174;;;;;;;;;;;;;;
3.205034;65652500;150;;;;;;;;;;;;;;
3.207534;65655000;139;;;;;;;;;;;;;;
3.210034;65657500;352;;;;;;;;;;;;;;
3.212534;65660000;236;;;;;;;;;;;;;;
3.215034;65662500;187;;;;;;;;;;;;;;
3.217534;65665000;154;;;;;;;;;;;;;;
3.220034;65667500;153;;;;;;;;;;;;;;
3.222534;65670000;153;;;;;;;;;;;;;;
3.225034;65672500;168;;;;;;;;;;;;;;
3.227534;65675000;140;65676154;134.037;-422.959;134.037;1217.374;640.783;1217.374;65675713;-552.359;-4.742;-552.359;3793.138;82439.852;3793.138
3.230034;65677500;136;;;;;;;;;;;;;;
3.232534;65680000;138;;;;;;;;;;;;;;
3.235034;65682500;139;;;;;;;;;;;;;;
3.237534;65685000;170;;;;;;;;;;;;;;
3.240034;65687500;174;;;;;;;;;;;;;;
3.242534;65690000;318;;;;;;;;;;;;;;
3.245034;65692500;216;;;;;;;;;;;;;;
3.247534;65695000;165;;;;;;;;;;;;;;
3.250034;65697500;159;;;;;;;;;;;;;;
3.252534;65700000;138;;;;;;;;;;;;;;
3.255034;65702500;141;;;;;;;;;;;;;;
3.257534;65705000;153;;;;;;;;;;;;;;
3.260034;65707500;174;65708014;135.338;-421.916;135.338;1581.756;746.994;1581.756;65707565;-575.81;1.309;-575.81;3735.169;81973.172;3735.169
3.262534;65710000;155;;;;;;;;;;;;;;
3.265034;65712500;170;;;;;;;;;;;;;;
3.267534;65715000;167;;;;;;;;;;;;;;
3.270034;65717500;137;;;;;;;;;;;;;;
3.272534;65720000;349;;;;;;;;;;;;;;
3.275034;65722500;268;;;;;;;;;;;;;;
3.277534;65725000;217;;;;;;;;;;;;;;
3.280034;65727500;189;;;;;;;;;;;;;;
3.282534;65730000;156;;;;;;;;;;;;;;
3.285034;65732500;168;;;;;;;;;;;;;;
3.287534;65735000;139;;;;;;;;;;;;;;
3.290034;65737500;136;;;;;;;;;;;;;;
3.292534;65740000;155;65739857;136.568;-421.207;136.568;1241.48;1030.769;1241.48;65739417;-596.991;7.343;-596.991;3113.535;80364.328;3113.535
3.295034;65742500;159;;;;;;;;;;;;;;
3.297534;65745000;170;;;;;;;;;;;;;;
3.300034;65747500;154;;;;;;;;;;;;;;
3.302534;65750000;153;;;;;;;;;;;;;;
3.305034;65752500;412;;;;;;;;;;;;;;
3.307534;65755000;255;;;;;;;;;;;;;;
3.310034;65757500;186;;;;;;;;;;;;;;
3.312534;65760000;143;;;;;;;;;;;;;;
3.315034;65762500;168;;;;;;;;;;;;;;
3.317534;65765000;151;;;;;;;;;;;;;;
3.320034;65767500;156;;;;;;;;;;;;;;
3.322534;65770000;171;;;;;;;;;;;;;;
3.325034;65772500;151;65771804;136.773;-423.271;136.773;-1624.969;1455.668;-1624.969;65771356;-614.941;14.607;-614.941;2018.546;78244.859;2018.546
3.327534;65775000;157;;;;;;;;;;;;;;
3.330034;65777500;157;;;;;;;;;;;;;;
3.332534;65780000;140;;;;;;;;;;;;;;
3.335034;65782500;26;;;;;;;;;;;;;;
3.337534;65785000;284;;;;;;;;;;;;;;
3.340034;65787500;218;;;;;;;;;;;;;;
3.342534;65790000;173;;;;;;;;;;;;;;
3.345034;65792500;174;;;;;;;;;;;;;;
3.347534;65795000;141;;;;;;;;;;;;;;
3.350034;65797500;137;;;;;;;;;;;;;;
3.352534;65800000;156;;;;;;;;;;;;;;
3.355034;65802500;142;;;;;;;;65803468;-635.916;20.599;-635.916;1282.369;75876.555;1282.369
3.357534;65805000;153;65803908;135.022;-423.72;135.022;-2201.283;1714.509;-2201.283;;;;;;;
3.360034;65807500;156;;;;;;;;;;;;;;
3.362534;65810000;157;;;;;;;;;;;;;;
3.365034;65812500;171;;;;;;;;;;;;;;
3.367534;65815000;392;;;;;;;;;;;;;;
3.370034;65817500;221;;;;;;;;;;;;;;
3.372534;65820000;171;;;;;;;;;;;;;;
3.375034;65822500;153;;;;;;;;;;;;;;
3.377534;65825000;183;;;;;;;;;;;;;;
3.380034;65827500;156;;;;;;;;;;;;;;
3.382534;65830000;154;;;;;;;;;;;;;;
3.385034;65832500;151;;;;;;;;;;;;;;
3.387534;65835000;141;65834567;132.834;-424.037;132.834;-2454.344;1855.846;-2454.344;65834118;-654.914;25.718;-654.914;586.938;73190.039;586.938
3.390034;65837500;139;;;;;;;;;;;;;;
3.392534;65840000;138;;;;;;;;;;;;;;
3.395034;65842500;143;;;;;;;;;;;;;;
3.397534;65845000;156;;;;;;;;;;;;;;
3.400034;65847500;331;;;;;;;;;;;;;;
3.402534;65850000;221;;;;;;;;;;;;;;
3.405034;65852500;172;;;;;;;;;;;;;;
3.407534;65855000;154;;;;;;;;;;;;;;
3.410034;65857500;139;65857204;130.419;-426.192;130.419;-4411.064;1843.992;-4411.064;65856764;-674.318;31.557;-674.318;-176.096;69950.102;-176.096
3.412534;65860000;139;;;;;;;;;;;;;;
3.415034;65862500;169;;;;;;;;;;;;;;
3.417534;65865000;156;;;;;;;;;;;;;;
3.420034;65867500;158;;;;;;;;;;;;;;
3.422534;65870000;158;;;;;;;;;;;;;;
3.425034;65872500;153;;;;;;;;;;;;;;
3.427534;65875000;141;;;;;;;;;;;;;;
3.430034;65877500;18;;;;;;;;;;;;;;
3.432534;65880000;287;;;;;;;;;;;;;;
3.435034;65882500;201;;;;;;;;;;;;;;
3.437534;65885000;188;;;;;;;;;;;;;;
3.440034;65887500;166;;;;;;;;;;;;;;
3.442534;65890000;175;65889411;127.827;-433.125;127.827;-6794.948;1757.042;-6794.948;65888963;-694.916;37.372;-694.916;-551.417;65822.594;-551.417
3.445034;65892500;142;;;;;;;;;;;;;;
3.447534;65895000;140;;;;;;;;;;;;;;
3.450034;65897500;156;;;;;;;;;;;;;;
3.452534;65900000;137;;;;;;;;;;;;;;
3.455034;65902500;167;;;;;;;;;;;;;;
3.457534;65905000;171;;;;;;;;;;;;;;
3.460034;65907500;181;;;;;;;;;;;;;;
3.462534;65910000;234;;;;;;;;;;;;;;
3.465034;65912500;269;;;;;;;;;;;;;;
3.467534;65915000;204;;;;;;;;;;;;;;
3.470034;65917500;169;;;;;;;;;;;;;;
3.472534;65920000;141;65920060;121.155;-437.906;121.155;-11528.014;776.252;-11528.014;65919613;-712.618;43.44;-712.618;-83.283;61132.777;-83.283
3.475034;65922500;167;;;;;;;;;;;;;;
3.477534;65925000;152;;;;;;;;;;;;;;
3.480034;65927500;172;;;;;;;;;;;;;;
3.482534;65930000;153;;;;;;;;;;;;;;
3.485034;65932500;143;;;;;;;;;;;;;;
3.487534;65935000;157;;;;;;;;;;;;;;
3.490034;65937500;136;;;;;;;;;;;;;;
3.492534;65940000;239;;;;;;;;;;;;;;
3.495034;65942500;302;;;;;;;;;;;;;;
3.497534;65945000;206;;;;;;;;;;;;;;
3.500034;65947500;190;;;;;;;;;;;;;;
3.502534;65950000;158;;;;;;;;;;;;;;
3.505034;65952500;171;65952172;96.846;-461.73;96.846;-14543.051;-574.185;-14543.051;65951725;-721.828;40.938;-721.828;235.006;54995.699;235.006
3.507534;65955000;159;;;;;;;;;;;;;;
3.510034;65957500;139;;;;;;;;;;;;;;
3.512534;65960000;157;;;;;;;;;;;;;;
3.515034;65962500;142;;;;;;;;;;;;;;
3.517534;65965000;345;;;;;;;;;;;;;;
3.520034;65967500;249;;;;;;;;;;;;;;
3.522534;65970000;175;;;;;;;;;;;;;;
3.525034;65972500;153;;;;;;;;;;;;;;
3.527534;65975000;141;;;;;;;;;;;;;;
3.530034;65977500;153;;;;;;;;;;;;;;
3.532534;65980000;138;;;;;;;;;;;;;;
3.535034;65982500;166;;;;;;;;;;;;;;
3.537534;65985000;152;65984190;91.375;-466.832;91.375;-14447.211;-2213.664;-14447.211;65983750;-735.257;43.149;-735.257;1178.318;49358.852;1178.318
3.540034;65987500;154;;;;;;;;;;;;;;
3.542534;65990000;172;;;;;;;;;;;;;;
3.545034;65992500;144;;;;;;;;;;;;;;
3.547534;65995000;233;;;;;;;;;;;;;;
3.550034;65997500;287;;;;;;;;;;;;;;
3.552534;66000000;191;;;;;;;;;;;;;;
3.555034;66002500;184;;;;;;;;;;;;;;
3.557534;66005000;156;;;;;;;;;;;;;;
3.560034;66007500;159;;;;;;;;;;;;;;
3.562534;66010000;155;;;;;;;;;;;;;;
3.565034;66012500;157;;;;;;;;;;;;;;
3.567534;66015000;157;;;;;;;;66015862;-744.329;44.359;-744.329;2365.84;45161.035;2365.84
3.570034;66017500;155;66016311;89.167;-472.594;89.167;-14356.601;-2412.73;-14356.601;;;;;;;
3.572534;66020000;155;;;;;;;;;;;;;;
3.575034;66022500;140;;;;;;;;;;;;;;
3.577534;66025000;151;;;;;;;;;;;;;;
3.580034;66027500;364;;;;;;;;;;;;;;
3.582534;66030000;231;;;;;;;;;;;;;;
3.585034;66032500;189;;;;;;;;;;;;;;
3.587534;66035000;152;;;;;;;;;;;;;;
3.590034;66037500;138;;;;;;;;;;;;;;
3.592534;66040000;157;;;;;;;;;;;;;;
3.595034;66042500;141;;;;;;;;;;;;;;
3.597534;66045000;171;;;;;;;;;;;;;;
3.600034;66047500;155;66048501;87.545;-471.198;87.545;-15502.521;-1679.594;-15502.521;66048061;-762.263;78.771;-762.263;-274.202;42355.234;-274.202
3.602534;66050000;172;;;;;;;;;;;;;;
3.605034;66052500;151;;;;;;;;;;;;;;
3.607534;66055000;156;;;;;;;;;;;;;;
3.610034;66057500;155;;;;;;;;;;;;;;
3.612534;66060000;330;;;;;;;;;;;;;;
3.615034;66062500;233;;;;;;;;;;;;;;
3.617534;66065000;173;;;;;;;;;;;;;;
3.620034;66067500;185;;;;;;;;;;;;;;
3.622534;66070000;156;;;;;;;;;;;;;;
3.625034;66072500;152;;;;;;;;;;;;;;
3.627534;66075000;158;;;;;;;;;;;;;;
3.630034;66077500;136;;;;;;;;66078711;-769.186;74.546;-769.186;140.695;39668.285;140.695
3.632534;66080000;157;66079159;84.998;-481.493;84.998;-19749.02;-1374.677;-19749.02;;;;;;;
3.635034;66082500;141;;;;;;;;;;;;;;
3.637534;66085000;172;;;;;;;;;;;;;;
3.640034;66087500;174;;;;;;;;;;;;;;
3.642534;66090000;0;;;;;;;;;;;;;;
3.645034;66092500;301;;;;;;;;;;;;;;
3.647534;66095000;207;;;;;;;;;;;;;;
3.650034;66097500;171;;;;;;;;;;;;;;
3.652534;66100000;156;;;;;;;;;;;;;;
3.655034;66102500;142;;;;;;;;;;;;;;
3.657534;66105000;170;;;;;;;;;;;;;;
3.660034;66107500;153;;;;;;;;;;;;;;
3.662534;66110000;153;;;;;;;;66110823;-774.781;71.551;-774.781;966.223;37418.871;966.223
3.665034;66112500;169;66111263;80.992;-495.184;80.992;-20499.318;76.995;-20499.318;;;;;;;
3.667534;66115000;140;;;;;;;;;;;;;;
3.670034;66117500;136;;;;;;;;;;;;;;
3.672534;66120000;138;;;;;;;;;;;;;;
3.675034;66122500;22;;;;;;;;;;;;;;
3.677534;66125000;287;;;;;;;;;;;;;;
3.680034;66127500;196;;;;;;;;;;;;;;
3.682534;66130000;183;;;;;;;;;;;;;;
3.685034;66132500;168;;;;;;;;;;;;;;
3.687534;66135000;157;;;;;;;;;;;;;;
3.690034;66137500;138;;;;;;;;;;;;;;
3.692534;66140000;137;;;;;;;;;;;;;;
3.695034;66142500;158;66143122;75.247;-510.483;75.247;-18853.977;2646.082;-18853.977;66142675;-785.757;71.542;-785.757;1203.599;34248.988;1203.599
3.697534;66145000;168;;;;;;;;;;;;;;
3.700034;66147500;150;;;;;;;;;;;;;;
3.702534;66150000;154;;;;;;;;;;;;;;
3.705034;66152500;144;;;;;;;;;;;;;;
3.707534;66155000;27;;;;;;;;;;;;;;
3.710034;66157500;264;;;;;;;;;;;;;;
3.712534;66160000;189;;;;;;;;;;;;;;
3.715034;66162500;154;;;;;;;;;;;;;;
3.717534;66165000;153;;;;;;;;;;;;;;
3.720034;66167500;174;;;;;;;;;;;;;;
3.722534;66170000;171;;;;;;;;;;;;;;
3.725034;66172500;154;;;;;;;;;;;;;;
3.727534;66175000;141;66175314;67.501;-522.615;67.501;-15594.277;4985.653;-15594.277;66174874;-795.147;72.607;-795.147;1353.857;31375.414;1353.857
3.730034;66177500;138;;;;;;;;;;;;;;
3.732534;66180000;138;;;;;;;;;;;;;;
3.735034;66182500;141;;;;;;;;;;;;;;
3.737534;66185000;318;;;;;;;;;;;;;;
3.740034;66187500;295;;;;;;;;;;;;;;
3.742534;66190000;202;;;;;;;;;;;;;;
3.745034;66192500;168;;;;;;;;;;;;;;
3.747534;66195000;150;;;;;;;;;;;;;;
3.750034;66197500;139;;;;;;;;;;;;;;
3.752534;66200000;139;;;;;;;;;;;;;;
3.755034;66202500;141;;;;;;;;;;;;;;
3.757534;66205000;169;;;;;;;;;;;;;;
3.760034;66207500;173;66207520;58.862;-529.753;58.862;-12284.063;7704.371;-12284.063;66207073;-804.318;74.204;-804.318;1868.039;29171.83;1868.039
3.762534;66210000;154;;;;;;;;;;;;;;
3.765034;66212500;153;;;;;;;;;;;;;;
3.767534;66215000;141;;;;;;;;;;;;;;
3.770034;66217500;375;;;;;;;;;;;;;;
3.772534;66220000;281;;;;;;;;;;;;;;
3.775034;66222500;204;;;;;;;;;;;;;;
3.777534;66225000;169;;;;;;;;;;;;;;
3.780034;66227500;184;;;;;;;;;;;;;;
3.782534;66230000;155;;;;;;;;;;;;;;
3.785034;66232500;169;;;;;;;;;;;;;;
3.787534;66235000;141;;;;;;;;;;;;;;
3.790034;66237500;135;66238163;50.459;-535.833;50.459;-9159.048;10416.215;-9159.048;66237723;-816.159;73.855;-816.159;2458.012;26846.551;2458.012
3.792534;66240000;155;;;;;;;;;;;;;;
3.795034;66242500;159;;;;;;;;;;;;;;
3.797534;66245000;151;;;;;;;;;;;;;;
3.800034;66247500;172;;;;;;;;;;;;;;
3.802534;66250000;407;;;;;;;;;;;;;;
3.805034;66252500;255;;;;;;;;;;;;;;
3.807534;66255000;191;;;;;;;;;;;;;;
3.810034;66257500;152;;;;;;;;;;;;;;
3.812534;66260000;167;;;;;;;;;;;;;;
3.815034;66262500;149;;;;;;;;;;;;;;
3.817534;66265000;171;;;;;;;;;;;;;;
3.820034;66267500;155;;;;;;;;;;;;;;
3.822534;66270000;153;66270282;40.018;-539.414;40.018;-6296.596;13642.592;-6296.596;66269835;-828.074;78.233;-828.074;2542.049;23957.223;2542.049
3.825034;66272500;168;;;;;;;;;;;;;;
3.827534;66275000;140;;;;;;;;;;;;;;
3.830034;66277500;156;;;;;;;;;;;;;;
3.832534;66280000;139;;;;;;;;;;;;;;
3.835034;66282500;352;;;;;;;;;;;;;;
3.837534;66285000;251;;;;;;;;;;;;;;
3.840034;66287500;186;;;;;;;;;;;;;;
3.842534;66290000;186;;;;;;;;;;;;;;
3.845034;66292500;153;;;;;;;;;;;;;;
3.847534;66295000;157;;;;;;;;;;;;;;
3.850034;66297500;153;;;;;;;;;;;;;;
3.852534;66300000;154;;;;;;;;;;;;;;
3.855034;66302500;157;66302388;28.715;-540.405;28.715;-4259.766;17163.088;-4259.766;66301948;-837.434;78.865;-837.434;2462.197;21087.236;2462.197
3.857534;66305000;142;;;;;;;;;;;;;;
3.860034;66307500;172;;;;;;;;;;;;;;
3.862534;66310000;168;;;;;;;;;;;;;;
3.865034;66312500;151;;;;;;;;;;;;;;
3.867534;66315000;331;;;;;;;;;;;;;;
3.870034;66317500;206;;;;;;;;;;;;;;
3.872534;66320000;182;;;;;;;;;;;;;;
3.875034;66322500;170;;;;;;;;;;;;;;
3.877534;66325000;171;;;;;;;;;;;;;;
3.880034;66327500;154;;;;;;;;;;;;;;
3.882534;66330000;154;;;;;;;;;;;;;;
3.885034;66332500;170;;;;;;;;;;;;;;
3.887534;66335000;140;66334508;14.122;-546.526;14.122;-1294.903;21170.371;-1294.903;66334060;-845.101;79.741;-845.101;2873.712;19175.812;2873.712
3.890034;66337500;139;;;;;;;;;;;;;;
3.892534;66340000;141;;;;;;;;;;;;;;
3.895034;66342500;143;;;;;;;;;;;;;;
3.897534;66345000;409;;;;;;;;;;;;;;
3.900034;66347500;249;;;;;;;;;;;;;;
3.902534;66350000;186;;;;;;;;;;;;;;
3.905034;66352500;156;;;;;;;;;;;;;;
3.907534;66355000;142;;;;;;;;;;;;;;
3.910034;66357500;157;;;;;;;;;;;;;;
3.912534;66360000;157;;;;;;;;;;;;;;
3.915034;66362500;166;;;;;;;;;;;;;;
3.917534;66365000;152;;;;;;;;66366172;-854.946;81.58;-854.946;2815.776;17058.521;2815.776
3.920034;66367500;153;66366612;-2.506;-546.912;-2.506;3144.842;25623.477;3144.842;;;;;;;
3.922534;66370000;172;;;;;;;;;;;;;;
3.925034;66372500;168;;;;;;;;;;;;;;
3.927534;66375000;139;;;;;;;;;;;;;;
3.930034;66377500;346;;;;;;;;;;;;;;
3.932534;66380000;217;;;;;;;;;;;;;;
3.935034;66382500;187;;;;;;;;;;;;;;
3.937534;66385000;175;;;;;;;;;;;;;;
3.940034;66387500;156;;;;;;;;;;;;;;
3.942534;66390000;154;;;;;;;;;;;;;;
3.945034;66392500;153;;;;;;;;;;;;;;
3.947534;66395000;167;;;;;;;;;;;;;;
3.950034;66397500;140;66397010;-21.937;-547.572;-21.937;6817.475;30131.303;6817.475;66396561;-861.45;82.393;-861.45;2279.487;14320.408;2279.487
3.952534;66400000;138;;;;;;;;;;;;;;
3.955034;66402500;142;;;;;;;;;;;;;;
3.957534;66405000;172;;;;;;;;;;;;;;
3.960034;66407500;156;;;;;;;;;;;;;;
3.962534;66410000;350;;;;;;;;;;;;;;
3.965034;66412500;219;;;;;;;;;;;;;;
3.967534;66415000;167;;;;;;;;;;;;;;
3.970034;66417500;168;;;;;;;;;;;;;;
3.972534;66420000;141;;;;;;;;66420865;-866.769;80.738;-866.769;2226.325;11479.45;2226.325
3.975034;66422500;167;66421305;-41.293;-543.544;-41.293;8042.852;34235.238;8042.852;;;;;;;
3.977534;66425000;152;;;;;;;;;;;;;;
3.980034;66427500;155;;;;;;;;;;;;;;
3.982534;66430000;174;;;;;;;;;;;;;;
3.985034;66432500;155;;;;;;;;;;;;;;
3.987534;66435000;168;;;;;;;;;;;;;;
3.990034;66437500;139;;;;;;;;;;;;;;
3.992534;66440000;271;;;;;;;;;;;;;;
3.995034;66442500;328;;;;;;;;;;;;;;
3.997534;66445000;207;;;;;;;;;;;;;;
4.000034;66447500;200;;;;;;;;;;;;;;
4.002534;66450000;159;;;;;;;;66451233;-868.973;77.152;-868.973;2387.134;9286.728;2387.134
4.005034;66452500;155;66451680;-66.575;-533.361;-66.575;7343.209;37994.852;7343.209;;;;;;;
4.007534;66455000;166;;;;;;;;;;;;;;
4.010034;66457500;139;;;;;;;;;;;;;;
4.012534;66460000;140;;;;;;;;;;;;;;
4.015034;66462500;141;;;;;;;;;;;;;;
4.017534;66465000;152;;;;;;;;;;;;;;
4.020034;66467500;172;;;;;;;;;;;;;;
4.022534;66470000;154;;;;;;;;;;;;;;
4.025034;66472500;333;;;;;;;;;;;;;;
4.027534;66475000;279;;;;;;;;;;;;;;
4.030034;66477500;185;;;;;;;;;;;;;;
4.032534;66480000;173;;;;;;;;;;;;;;
4.035034;66482500;142;66482149;-91.459;-527.891;-91.459;10483.049;41927.859;10483.049;66481709;-870.865;73.13;-870.865;1997.403;8155.641;1997.403
4.037534;66485000;172;;;;;;;;;;;;;;
4.040034;66487500;157;;;;;;;;;;;;;;
4.042534;66490000;174;;;;;;;;;;;;;;
4.045034;66492500;154;;;;;;;;;;;;;;
4.047534;66495000;143;;;;;;;;;;;;;;
4.050034;66497500;159;;;;;;;;;;;;;;
4.052534;66500000;142;;;;;;;;;;;;;;
4.055034;66502500;0;;;;;;;;;;;;;;
4.057534;66505000;313;;;;;;;;;;;;;;
4.060034;66507500;217;;;;;;;;;;;;;;
4.062534;66510000;190;;;;;;;;;;;;;;
4.065034;66512500;155;;;;;;;;;;;;;;
4.067534;66515000;169;66514357;-126.078;-498.806;-126.078;19769.396;47024.402;19769.396;66513908;-866.978;71.383;-866.978;1341.032;7168.171;1341.032
4.070034;66517500;139;;;;;;;;;;;;;;
4.072534;66520000;139;;;;;;;;;;;;;;
4.075034;66522500;159;;;;;;;;;;;;;;
4.077534;66525000;152;;;;;;;;;;;;;;
4.080034;66527500;139;;;;;;;;;;;;;;
4.082534;66530000;269;;;;;;;;;;;;;;
4.085034;66532500;188;;;;;;;;;;;;;;
4.087534;66535000;173;;;;;;;;;;;;;;
4.090034;66537500;158;;;;;;;;;;;;;;
4.092534;66540000;158;;;;;;;;;;;;;;
4.095034;66542500;143;;;;;;;;;;;;;;
4.097534;66545000;151;;;;;;;;66546194;-868.513;66.862;-868.513;1300.231;6421.263;1300.231
4.100034;66547500;175;66546634;-162.334;-471.639;-162.334;24739.676;50425.434;24739.676;;;;;;;
4.102534;66550000;154;;;;;;;;;;;;;;
4.105034;66552500;152;;;;;;;;;;;;;;
4.107534;66555000;141;;;;;;;;;;;;;;
4.110034;66557500;314;;;;;;;;;;;;;;
4.112534;66560000;300;;;;;;;;;;;;;;
4.115034;66562500;191;;;;;;;;;;;;;;
4.117534;66565000;168;;;;;;;;;;;;;;
4.120034;66567500;159;;;;;;;;;;;;;;
4.122534;66570000;174;;;;;;;;;;;;;;
4.125034;66572500;152;;;;;;;;;;;;;;
4.127534;66575000;159;;;;;;;;;;;;;;
4.130034;66577500;157;;;;;;;;66578480;-867.83;64.019;-867.83;1564.219;4935.575;1564.219
4.132534;66580000;156;66578927;-200.809;-448.875;-200.809;24746.066;51210.785;24746.066;;;;;;;
4.135034;66582500;159;;;;;;;;;;;;;;
4.137534;66585000;154;;;;;;;;;;;;;;
4.140034;66587500;154;;;;;;;;;;;;;;
4.142534;66590000;315;;;;;;;;;;;;;;
4.145034;66592500;233;;;;;;;;;;;;;;
4.147534;66595000;185;;;;;;;;;;;;;;
4.150034;66597500;152;;;;;;;;;;;;;;
4.152534;66600000;168;;;;;;;;;;;;;;
4.155034;66602500;143;;;;;;;;;;;;;;
4.157534;66605000;155;;;;;;;;;;;;;;
4.160034;66607500;172;;;;;;;;;;;;;;
4.162534;66610000;155;66611206;-234.628;-425.632;-234.628;22488.514;49496.371;22488.514;66610765;-870.86;63.502;-870.86;2399.508;3527.233;2399.508
4.165034;66612500;169;;;;;;;;;;;;;;
4.167534;66615000;167;;;;;;;;;;;;;;
4.170034;66617500;140;;;;;;;;;;;;;;
4.172534;66620000;26;;;;;;;;;;;;;;
4.175034;66622500;297;;;;;;;;;;;;;;
4.177534;66625000;231;;;;;;;;;;;;;;
4.180034;66627500;191;;;;;;;;;;;;;;
4.182534;66630000;159;;;;;;;;;;;;;;
4.185034;66632500;171;;;;;;;;;;;;;;
4.187534;66635000;140;;;;;;;;;;;;;;
4.190034;66637500;156;;;;;;;;;;;;;;
4.192534;66640000;138;;;;;;;;;;;;;;
4.195034;66642500;158;66641950;-264.614;-407.028;-264.614;20459.338;46503.551;20459.338;66641501;-873.048;63.316;-873.048;3153.22;1526.934;3153.22
4.197534;66645000;169;;;;;;;;;;;;;;
4.200034;66647500;154;;;;;;;;;;;;;;
4.202534;66650000;173;;;;;;;;;;;;;;
4.205034;66652500;29;;;;;;;;;;;;;;
4.207534;66655000;299;;;;;;;;;;;;;;
4.210034;66657500;187;;;;;;;;;;;;;;
4.212534;66660000;153;;;;;;;;;;;;;;
4.215034;66662500;169;;;;;;;;;;;;;;
4.217534;66665000;171;;;;;;;;;;;;;;
4.220034;66667500;154;;;;;;;;;;;;;;
4.222534;66670000;154;;;;;;;;;;;;;;
4.225034;66672500;150;;;;;;;;66673701;-877.44;66.714;-877.44;3546.372;-355.413;3546.372
4.227534;66675000;140;66674141;-293.028;-391.325;-293.028;20420.746;43266.188;20420.746;;;;;;;
4.230034;66677500;136;;;;;;;;;;;;;;
4.232534;66680000;158;;;;;;;;;;;;;;
4.235034;66682500;141;;;;;;;;;;;;;;
4.237534;66685000;42;;;;;;;;;;;;;;
4.240034;66687500;282;;;;;;;;;;;;;;
4.242534;66690000;202;;;;;;;;;;;;;;
4.245034;66692500;186;;;;;;;;;;;;;;
4.247534;66695000;143;;;;;;;;;;;;;;
4.250034;66697500;137;;;;;;;;;;;;;;
4.252534;66700000;157;;;;;;;;;;;;;;
4.255034;66702500;139;;;;;;;;;;;;;;
4.257534;66705000;152;;;;;;;;66705900;-882.002;71.442;-882.002;3088.178;-2595.579;3088.178
4.260034;66707500;154;66706349;-321.4;-373.363;-321.4;21188.209;40652.691;21188.209;;;;;;;
4.262534;66710000;155;;;;;;;;;;;;;;
4.265034;66712500;169;;;;;;;;;;;;;;
4.267534;66715000;139;;;;;;;;;;;;;;
4.270034;66717500;25;;;;;;;;;;;;;;
4.272534;66720000;262;;;;;;;;;;;;;;
4.275034;66722500;187;;;;;;;;;;;;;;
4.277534;66725000;187;;;;;;;;;;;;;;
4.280034;66727500;174;;;;;;;;;;;;;;
4.282534;66730000;154;;;;;;;;;;;;;;
4.285034;66732500;152;;;;;;;;;;;;;;
4.287534;66735000;142;;;;;;;;;;;;;;
4.290034;66737500;158;;;;;;;;;;;;;;
4.292534;66740000;166;;;;;;;;;;;;;;
4.295034;66742500;152;;;;;;;;;;;;;;
4.297534;66745000;173;;;;;;;;;;;;;;
4.300034;66747500;0;66748179;-348.384;-352.835;-348.384;23645.861;38352.309;23645.861;66747739;-885.469;74.653;-885.469;2203.144;-4439.363;2203.144
4.302534;66750000;301;;;;;;;;;;;;;;
4.305034;66752500;202;;;;;;;;;;;;;;
4.307534;66755000;184;;;;;;;;;;;;;;
4.310034;66757500;159;;;;;;;;;;;;;;
4.312534;66760000;157;;;;;;;;;;;;;;
4.315034;66762500;140;;;;;;;;;;;;;;
4.317534;66765000;170;;;;;;;;;;;;;;
4.320034;66767500;152;;;;;;;;;;;;;;
4.322534;66770000;169;;;;;;;;;;;;;;
4.325034;66772500;159;;;;;;;;;;;;;;
4.327534;66775000;138;;;;;;;;;;;;;;
4.330034;66777500;155;;;;;;;;;;;;;;
4.332534;66780000;5;66780647;-370.401;-330.758;-370.401;23526.693;36461.379;23526.693;66780198;-888.928;76.716;-888.928;1452.05;-6712.895;1452.05
4.335034;66782500;300;;;;;;;;;;;;;;
4.337534;66785000;217;;;;;;;;;;;;;;
4.340034;66787500;168;;;;;;;;;;;;;;
4.342534;66790000;175;;;;;;;;;;;;;;
4.345034;66792500;168;;;;;;;;;;;;;;
4.347534;66795000;157;;;;;;;;;;;;;;
4.350034;66797500;155;;;;;;;;;;;;;;
4.352534;66800000;139;;;;;;;;;;;;;;
4.355034;66802500;141;;;;;;;;;;;;;;
4.357534;66805000;152;;;;;;;;;;;;;;
4.360034;66807500;172;;;;;;;;;;;;;;
4.362534;66810000;171;;;;;;;;;;;;;;
4.365034;66812500;392;66813098;-393.996;-312.195;-393.996;25494.672;35495.371;25494.672;66812658;-892.251;80.224;-892.251;481.697;-9306.75;481.697
4.367534;66815000;263;;;;;;;;;;;;;;
4.370034;66817500;183;;;;;;;;;;;;;;
4.372534;66820000;171;;;;;;;;;;;;;;
4.375034;66822500;171;;;;;;;;;;;;;;
4.377534;66825000;154;;;;;;;;;;;;;;
4.380034;66827500;174;;;;;;;;;;;;;;
4.382534;66830000;153;;;;;;;;;;;;;;
4.385034;66832500;142;;;;;;;;;;;;;;
4.387534;66835000;141;;;;;;;;;;;;;;
4.390034;66837500;138;;;;;;;;;;;;;;
4.392534;66840000;158;;;;;;;;;;;;;;
4.395034;66842500;152;;;;;;;;;;;;;;
4.397534;66845000;154;66845390;-420.997;-289.881;-420.997;30760.125;34957.414;30760.125;66844943;-893.218;84.424;-893.218;-357.888;-11305.85;-357.888
4.400034;66847500;155;;;;;;;;;;;;;;
4.402534;66850000;154;;;;;;;;;;;;;;
4.405034;66852500;168;;;;;;;;;;;;;;
4.407534;66855000;381;;;;;;;;;;;;;;
4.410034;66857500;233;;;;;;;;;;;;;;
4.412534;66860000;173;;;;;;;;;;;;;;
4.415034;66862500;157;;;;;;;;;;;;;;
4.417534;66865000;173;;;;;;;;;;;;;;
4.420034;66867500;154;;;;;;;;;;;;;;
4.422534;66870000;172;;;;;;;;;;;;;;
4.425034;66872500;144;;;;;;;;;;;;;;
4.427534;66875000;141;;;;;;;;66875941;-896.131;89.511;-896.131;-632.681;-12304.182;-632.681
4.430034;66877500;157;66876381;-443.434;-270.757;-443.434;34064.367;33475.105;34064.367;;;;;;;
4.432534;66880000;157;;;;;;;;;;;;;;
4.435034;66882500;141;;;;;;;;;;;;;;
4.437534;66885000;152;;;;;;;;;;;;;;
4.440034;66887500;391;;;;;;;;;;;;;;
4.442534;66890000;267;;;;;;;;;;;;;;
4.445034;66892500;202;;;;;;;;;;;;;;
4.447534;66895000;154;;;;;;;;;;;;;;
4.450034;66897500;141;;;;;;;;;;;;;;
4.452534;66900000;141;;;;;;;;;;;;;;
4.455034;66902500;167;;;;;;;;;;;;;;
4.457534;66905000;172;;;;;;;;;;;;;;
4.460034;66907500;172;;;;;;;;66908400;-898.776;97.199;-898.776;166.766;-12874.16;166.766
4.462534;66910000;154;66908849;-470.343;-249.613;-470.343;35555.336;31385.287;35555.336;;;;;;;
4.465034;66912500;152;;;;;;;;;;;;;;
4.467534;66915000;168;;;;;;;;;;;;;;
4.470034;66917500;165;;;;;;;;;;;;;;
4.472534;66920000;397;;;;;;;;;;;;;;
4.475034;66922500;237;;;;;;;;;;;;;;
4.477534;66925000;206;;;;;;;;;;;;;;
4.480034;66927500;170;;;;;;;;;;;;;;
4.482534;66930000;174;;;;;;;;;;;;;;
4.485034;66932500;169;;;;;;;;;;;;;;
4.487534;66935000;160;;;;;;;;;;;;;;
4.490034;66937500;158;;;;;;;;;;;;;;
4.492534;66940000;139;66941213;-487.477;-231.813;-487.477;38304.82;29972.648;38304.82;66940772;-905.553;103.77;-905.553;756.49;-13546.89;756.49
4.495034;66942500;168;;;;;;;;;;;;;;
4.497534;66945000;172;;;;;;;;;;;;;;
4.500034;66947500;156;;;;;;;;;;;;;;
4.502534;66950000;172;;;;;;;;;;;;;;
4.505034;66952500;381;;;;;;;;;;;;;;
4.507534;66955000;246;;;;;;;;;;;;;;
4.510034;66957500;183;;;;;;;;;;;;;;
4.512534;66960000;152;;;;;;;;;;;;;;
4.515034;66962500;168;;;;;;;;;;;;;;
4.517534;66965000;153;;;;;;;;;;;;;;
4.520034;66967500;172;;;;;;;;;;;;;;
4.522534;66970000;155;;;;;;;;;;;;;;
4.525034;66972500;168;66973679;-506.858;-215.702;-506.858;38360.516;29058.078;38360.516;66973232;-907.136;108.421;-907.136;961.915;-13899.42;961.915
4.527534;66975000;158;;;;;;;;;;;;;;
4.530034;66977500;138;;;;;;;;;;;;;;
4.532534;66980000;156;;;;;;;;;;;;;;
4.535034;66982500;24;;;;;;;;;;;;;;
4.537534;66985000;298;;;;;;;;;;;;;;
4.540034;66987500;218;;;;;;;;;;;;;;
4.542534;66990000;172;;;;;;;;;;;;;;
4.545034;66992500;182;;;;;;;;;;;;;;
4.547534;66995000;168;;;;;;;;;;;;;;
4.550034;66997500;139;;;;;;;;;;;;;;
4.552534;67000000;159;;;;;;;;;;;;;;
4.555034;67002500;141;;;;;;;;;;;;;;
4.557534;67005000;152;67006044;-523.928;-203.795;-523.928;39083.238;29124.611;39083.238;67005604;-905.888;113.309;-905.888;827.632;-13947.324;827.632
4.560034;67007500;156;;;;;;;;;;;;;;
4.562534;67010000;153;;;;;;;;;;;;;;
4.565034;67012500;151;;;;;;;;;;;;;;
4.567534;67015000;391;;;;;;;;;;;;;;
4.570034;67017500;263;;;;;;;;;;;;;;
4.572534;67020000;175;;;;;;;;;;;;;;
4.575034;67022500;182;;;;;;;;;;;;;;
4.577534;67025000;156;;;;;;;;;;;;;;
4.580034;67027500;158;;;;;;;;;;;;;;
4.582534;67030000;173;;;;;;;;;;;;;;
4.585034;67032500;143;;;;;;;;;;;;;;
4.587534;67035000;140;;;;;;;;;;;;;;
4.590034;67037500;140;67036964;-545.184;-194.239;-545.184;40625.141;29178.193;40625.141;67036515;-903.879;116.159;-903.879;492.251;-14071.583;492.251
4.592534;67040000;140;;;;;;;;;;;;;;
4.595034;67042500;169;;;;;;;;;;;;;;
4.597534;67045000;173;;;;;;;;;;;;;;
4.600034;67047500;265;;;;;;;;;;;;;;
4.602534;67050000;270;;;;;;;;;;;;;;
4.605034;67052500;187;;;;;;;;;;;;;;
4.607534;67055000;175;;;;;;;;;;;;;;
4.610034;67057500;167;;;;;;;;;;;;;;
4.612534;67060000;158;;;;;;;;;;;;;;
4.615034;67062500;140;;;;;;;;;;;;;;
4.617534;67065000;151;;;;;;;;;;;;;;
4.620034;67067500;170;;;;;;;;;;;;;;
4.622534;67070000;152;67069414;-563.022;-184.582;-563.022;43318.445;28602.596;43318.445;67068974;-905.936;121.533;-905.936;1.701;-14742.191;1.701
4.625034;67072500;151;;;;;;;;;;;;;;
4.627534;67075000;141;;;;;;;;;;;;;;
4.630034;67077500;139;;;;;;;;;;;;;;
4.632534;67080000;26;;;;;;;;;;;;;;
4.635034;67082500;264;;;;;;;;;;;;;;
4.637534;67085000;205;;;;;;;;;;;;;;
4.640034;67087500;168;;;;;;;;;;;;;;
4.642534;67090000;175;;;;;;;;;;;;;;
4.645034;67092500;153;;;;;;;;;;;;;;
4.647534;67095000;167;;;;;;;;;;;;;;
4.650034;67097500;157;;;;;;;;;;;;;;
4.652534;67100000;139;;;;;;;;67100913;-903.601;126.369;-903.601;-1313.072;-16524.207;-1313.072
4.655034;67102500;167;67101361;-578.657;-174.737;-578.657;44810.023;27193.904;44810.023;;;;;;;
4.657534;67105000;152;;;;;;;;;;;;;;
4.660034;67107500;174;;;;;;;;;;;;;;
4.662534;67110000;155;;;;;;;;;;;;;;
4.665034;67112500;346;;;;;;;;;;;;;;
4.667534;67115000;267;;;;;;;;;;;;;;
4.670034;67117500;172;;;;;;;;;;;;;;
4.672534;67120000;170;;;;;;;;;;;;;;
4.675034;67122500;153;;;;;;;;;;;;;;
4.677534;67125000;174;;;;;;;;;;;;;;
4.680034;67127500;173;;;;;;;;;;;;;;
4.682534;67130000;155;;;;;;;;;;;;;;
4.685034;67132500;169;;;;;;;;67133719;-901.591;130.158;-901.591;-3395.981;-19530.934;-3395.981
4.687534;67135000;167;67134159;-597.371;-159.784;-597.371;48157.273;25069.459;48157.273;;;;;;;
4.690034;67137500;167;;;;;;;;;;;;;;
4.692534;67140000;159;;;;;;;;;;;;;;
4.695034;67142500;268;;;;;;;;;;;;;;
4.697534;67145000;330;;;;;;;;;;;;;;
4.700034;67147500;235;;;;;;;;;;;;;;
4.702534;67150000;175;;;;;;;;;;;;;;
4.705034;67152500;180;;;;;;;;;;;;;;
4.707534;67155000;151;;;;;;;;;;;;;;
4.710034;67157500;141;;;;;;;;;;;;;;
4.712534;67160000;140;;;;;;;;;;;;;;
4.715034;67162500;170;;;;;;;;;;;;;;
4.717534;67165000;172;;;;;;;;;;;;;;
4.720034;67167500;155;67166886;-607.744;-141.254;-607.744;51474.535;22706.486;51474.535;67166439;-897.503;133.569;-897.503;-5545.807;-22629.262;-5545.807
4.722534;67170000;174;;;;;;;;;;;;;;
4.725034;67172500;152;;;;;;;;;;;;;;
4.727534;67175000;0;;;;;;;;;;;;;;
4.730034;67177500;296;;;;;;;;;;;;;;
4.732534;67180000;199;;;;;;;;;;;;;;
4.735034;67182500;186;;;;;;;;;;;;;;
4.737534;67185000;156;;;;;;;;;;;;;;
4.740034;67187500;156;;;;;;;;;;;;;;
4.742534;67190000;157;;;;;;;;;;;;;;
4.745034;67192500;152;;;;;;;;;;;;;;
4.747534;67195000;158;;;;;;;;;;;;;;
4.750034;67197500;158;67198137;-615.695;-125.932;-615.695;50973.684;20312.037;50973.684;67197697;-893.26;136.589;-893.26;-8327.517;-27600.049;-8327.517
4.752534;67200000;139;;;;;;;;;;;;;;
4.755034;67202500;143;;;;;;;;;;;;;;
4.757534;67205000;152;;;;;;;;;;;;;;
4.760034;67207500;412;;;;;;;;;;;;;;
4.762534;67210000;298;;;;;;;;;;;;;;
4.765034;67212500;189;;;;;;;;;;;;;;
4.767534;67215000;154;;;;;;;;;;;;;;
4.770034;67217500;141;;;;;;;;;;;;;;
4.772534;67220000;157;;;;;;;;;;;;;;
4.775034;67222500;143;67223141;-623.335;-111.132;-623.335;49288.188;18160.686;49288.188;67222694;-886.728;135.652;-886.728;-11825.891;-33912.172;-11825.891
4.777534;67225000;171;;;;;;;;;;;;;;
4.780034;67227500;154;;;;;;;;;;;;;;
4.782534;67230000;155;;;;;;;;;;;;;;
4.785034;67232500;169;;;;;;;;;;;;;;
4.787534;67235000;140;;;;;;;;;;;;;;
4.790034;67237500;138;;;;;;;;;;;;;;
4.792534;67240000;24;;;;;;;;;;;;;;
4.795034;67242500;283;;;;;;;;;;;;;;
4.797534;67245000;220;;;;;;;;;;;;;;
4.800034;67247500;173;;;;;;;;;;;;;;
4.802534;67250000;159;;;;;;;;;;;;;;
4.805034;67252500;152;;;;;;;;;;;;;;
4.807534;67255000;141;67254544;-629.579;-97.859;-629.579;47377.652;15547.714;47377.652;67254104;-873.075;129.529;-873.075;-15295.033;-39793.188;-15295.033
4.810034;67257500;157;;;;;;;;;;;;;;
4.812534;67260000;153;;;;;;;;;;;;;;
4.815034;67262500;165;;;;;;;;;;;;;;
4.817534;67265000;152;;;;;;;;;;;;;;
4.820034;67267500;172;;;;;;;;;;;;;;
4.822534;67270000;155;;;;;;;;;;;;;;
4.825034;67272500;331;;;;;;;;;;;;;;
4.827534;67275000;288;;;;;;;;;;;;;;
4.830034;67277500;188;;;;;;;;;;;;;;
4.832534;67280000;173;;;;;;;;;;;;;;
4.835034;67282500;152;;;;;;;;;;;;;;
4.837534;67285000;173;67285895;-627.899;-86.579;-627.899;45386.77;13893.578;45386.77;67285448;-860.379;126.724;-860.379;-16360.781;-42654.965;-16360.781
4.840034;67287500;173;;;;;;;;;;;;;;
4.842534;67290000;152;;;;;;;;;;;;;;
4.845034;67292500;169;;;;;;;;;;;;;;
4.847534;67295000;140;;;;;;;;;;;;;;
4.850034;67297500;137;;;;;;;;;;;;;;
4.852534;67300000;156;;;;;;;;;;;;;;
4.855034;67302500;160;;;;;;;;;;;;;;
4.857534;67305000;407;;;;;;;;;;;;;;
4.860034;67307500;249;;;;;;;;;;;;;;
4.862534;67310000;187;;;;;;;;;;;;;;
4.865034;67312500;176;;;;;;;;;;;;;;
4.867534;67315000;142;;;;;;;;;;;;;;
4.870034;67317500;158;67318608;-637.441;-72.765;-637.441;37810.555;12967.024;37810.555;67318168;-850.208;128.288;-850.208;-18674.805;-45327.715;-18674.805
4.872534;67320000;142;;;;;;;;;;;;;;
4.875034;67322500;167;;;;;;;;;;;;;;
4.877534;67325000;153;;;;;;;;;;;;;;
4.880034;67327500;174;;;;;;;;;;;;;;
4.882534;67330000;399;;;;;;;;;;;;;;
4.885034;67332500;236;;;;;;;;;;;;;;
4.887534;67335000;172;;;;;;;;;;;;;;
4.890034;67337500;167;;;;;;;;;;;;;;
4.892534;67340000;138;;;;;;;;;;;;;;
4.895034;67342500;157;;;;;;;;;;;;;;
4.897534;67345000;151;;;;;;;;;;;;;;
4.900034;67347500;171;;;;;;;;;;;;;;
4.902534;67350000;169;;;;;;;;;;;;;;
4.905034;67352500;140;;;;;;;;;;;;;;
4.907534;67355000;139;;;;;;;;;;;;;;
4.910034;67357500;136;;;;;;;;;;;;;;
4.912534;67360000;0;67360716;-644.359;-68.986;-644.359;29344.402;11007.485;29344.402;67360267;-831.207;117.341;-831.207;-19569.377;-47840.141;-19569.377
4.915034;67362500;303;;;;;;;;;;;;;;
4.917534;67365000;207;;;;;;;;;;;;;;
4.920034;67367500;170;;;;;;;;;;;;;;
4.922534;67370000;155;;;;;;;;;;;;;;
4.925034;67372500;170;;;;;;;;;;;;;;
4.927534;67375000;157;;;;;;;;;;;;;;
4.930034;67377500;136;;;;;;;;;;;;;;
4.932534;67380000;138;;;;;;;;;;;;;;
4.935034;67382500;140;;;;;;;;;;;;;;
4.937534;67385000;151;;;;;;;;;;;;;;
4.940034;67387500;153;;;;;;;;;;;;;;
4.942534;67390000;172;;;;;;;;;;;;;;
4.945034;67392500;408;67393601;-656.622;-74.199;-656.622;20468.119;6734.861;20468.119;67393161;-815.895;108.522;-815.895;-20560.096;-49080.258;-20560.096
4.947534;67395000;248;;;;;;;;;;;;;;
4.950034;67397500;173;;;;;;;;;;;;;;
4.952534;67400000;152;;;;;;;;;;;;;;
4.955034;67402500;152;;;;;;;;;;;;;;
4.957534;67405000;151;;;;;;;;;;;;;;
4.960034;67407500;153;;;;;;;;;;;;;;
4.962534;67410000;171;;;;;;;;;;;;;;
4.965034;67412500;168;;;;;;;;;;;;;;
4.967534;67415000;140;;;;;;;;;;;;;;
4.970034;67417500;140;;;;;;;;;;;;;;
4.972534;67420000;141;;;;;;;;;;;;;;
4.975034;67422500;143;67423297;-665.557;-70.337;-665.557;18493.15;2060.306;18493.15;67422848;-801.007;103.175;-801.007;-21029.217;-49954.309;-21029.217
4.977534;67425000;9;;;;;;;;;;;;;;
4.980034;67427500;267;;;;;;;;;;;;;;
4.982534;67430000;192;;;;;;;;;;;;;;
4.985034;67432500;160;;;;;;;;;;;;;;
4.987534;67435000;142;;;;;;;;;;;;;;
4.990034;67437500;156;;;;;;;;;;;;;;
4.992534;67440000;157;;;;;;;;;;;;;;
4.995034;67442500;152;;;;;;;;;;;;;;
4.997534;67445000;170;;;;;;;;;;;;;;
5.000034;67447500;157;;;;;;;;;;;;;;
5.002534;67450000;173;;;;;;;;;;;;;;
5.005034;67452500;168;;;;;;;;;;;;;;
5.007534;67455000;167;;;;;;;;;;;;;;
5.010034;67457500;157;;;;;;;;67458687;-782.618;95.948;-782.618;-20836.131;-50373.844;-20836.131
5.012534;67460000;138;67459127;-671.771;-60.445;-671.771;16378.056;-2319.272;16378.056;;;;;;;
5.015034;67462500;168;;;;;;;;;;;;;;
5.017534;67465000;171;;;;;;;;;;;;;;
5.020034;67467500;411;;;;;;;;;;;;;;
5.022534;67470000;269;;;;;;;;;;;;;;
5.025034;67472500;200;;;;;;;;;;;;;;
5.027534;67475000;172;;;;;;;;;;;;;;
5.030034;67477500;158;;;;;;;;;;;;;;
5.032534;67480000;158;;;;;;;;;;;;;;
5.035034;67482500;169;;;;;;;;;;;;;;
5.037534;67485000;152;;;;;;;;;;;;;;
5.040034;67487500;154;;;;;;;;;;;;;;
5.042534;67490000;171;;;;;;;;;;;;;;
5.045034;67492500;168;67491940;-675.874;-55.142;-675.874;14171.403;-5800.871;14171.403;67491493;-764.465;89.961;-764.465;-20301.387;-50692.777;-20301.387
5.047534;67495000;157;;;;;;;;;;;;;;
5.050034;67497500;138;;;;;;;;;;;;;;
5.052534;67500000;26;;;;;;;;;;;;;;
5.055034;67502500;281;;;;;;;;;;;;;;
5.057534;67505000;188;;;;;;;;;;;;;;
5.060034;67507500;185;;;;;;;;;;;;;;
5.062534;67510000;154;;;;;;;;;;;;;;
5.065034;67512500;168;;;;;;;;;;;;;;
5.067534;67515000;167;;;;;;;;;;;;;;
5.070034;67517500;157;;;;;;;;;;;;;;
5.072534;67520000;157;;;;;;;;;;;;;;
5.075034;67522500;150;67523015;-674.984;-49.566;-674.984;9298.271;-7074.89;9298.271;67522575;-742.15;81.876;-742.15;-19850.691;-50847.449;-19850.691
5.077534;67525000;172;;;;;;;;;;;;;;
5.080034;67527500;172;;;;;;;;;;;;;;
5.082534;67530000;422;;;;;;;;;;;;;;
5.085034;67532500;248;;;;;;;;;;;;;;
5.087534;67535000;172;;;;;;;;;;;;;;
5.090034;67537500;171;;;;;;;;;;;;;;
5.092534;67540000;141;;;;;;;;;;;;;;
5.095034;67542500;150;;;;;;;;;;;;;;
5.097534;67545000;154;;;;;;;;;;;;;;
5.100034;67547500;155;;;;;;;;;;;;;;
5.102534;67550000;172;;;;;;;;;;;;;;
5.105034;67552500;170;;;;;;;;;;;;;;
5.107534;67555000;141;67555657;-676.999;-49.979;-676.999;5912.169;-7072.021;5912.169;67555210;-717.444;72.073;-717.444;-19297.844;-50543.766;-19297.844
5.110034;67557500;137;;;;;;;;;;;;;;
5.112534;67560000;138;;;;;;;;;;;;;;
5.115034;67562500;159;;;;;;;;;;;;;;
5.117534;67565000;364;;;;;;;;;;;;;;
5.120034;67567500;294;;;;;;;;;;;;;;
5.122534;67570000;205;;;;;;;;;;;;;;
5.125034;67572500;159;;;;;;;;;;;;;;
5.127534;67575000;168;;;;;;;;;;;;;;
5.130034;67577500;157;;;;;;;;;;;;;;
5.132534;67580000;138;;;;;;;;;;;;;;
5.135034;67582500;142;;;;;;;;;;;;;;
5.137534;67585000;153;;;;;;;;;;;;;;
5.140034;67587500;171;67588284;-677.931;-49.054;-677.931;4769.999;-6328.607;4769.999;67587844;-691.283;58.74;-691.283;-18405.576;-49547.828;-18405.576
5.142534;67590000;152;;;;;;;;;;;;;;
5.145034;67592500;150;;;;;;;;;;;;;;
5.147534;67595000;138;;;;;;;;;;;;;;
5.150034;67597500;0;;;;;;;;;;;;;;
5.152534;67600000;313;;;;;;;;;;;;;;
5.155034;67602500;200;;;;;;;;;;;;;;
5.157534;67605000;169;;;;;;;;;;;;;;
5.160034;67607500;157;;;;;;;;;;;;;;
5.162534;67610000;155;;;;;;;;;;;;;;
5.165034;67612500;143;;;;;;;;;;;;;;
5.167534;67615000;170;;;;;;;;;;;;;;
5.170034;67617500;156;;;;;;;;;;;;;;
5.172534;67620000;139;67620925;-675.041;-50.024;-675.041;3692.811;-5138.927;3692.811;67620476;-667.931;45.073;-667.931;-16635.234;-47276.938;-16635.234
5.175034;67622500;169;;;;;;;;;;;;;;
5.177534;67625000;152;;;;;;;;;;;;;;
5.180034;67627500;172;;;;;;;;;;;;;;
5.182534;67630000;376;;;;;;;;;;;;;;
5.185034;67632500;253;;;;;;;;;;;;;;
5.187534;67635000;188;;;;;;;;;;;;;;
5.190034;67637500;143;;;;;;;;;;;;;;
5.192534;67640000;169;;;;;;;;;;;;;;
5.195034;67642500;153;;;;;;;;;;;;;;
5.197534;67645000;155;;;;;;;;;;;;;;
5.200034;67647500;176;;;;;;;;;;;;;;
5.202534;67650000;155;;;;;;;;;;;;;;
5.205034;67652500;171;67653549;-682.44;-45.552;-682.44;4468.92;-3396.23;4468.92;67653109;-646.521;34.474;-646.521;-14428.41;-44273.902;-14428.41
5.207534;67655000;168;;;;;;;;;;;;;;
5.210034;67657500;138;;;;;;;;;;;;;;
5.212534;67660000;157;;;;;;;;;;;;;;
5.215034;67662500;381;;;;;;;;;;;;;;
5.217534;67665000;269;;;;;;;;;;;;;;
5.220034;67667500;207;;;;;;;;;;;;;;
5.222534;67670000;168;;;;;;;;;;;;;;
5.225034;67672500;172;;;;;;;;;;;;;;
5.227534;67675000;142;;;;;;;;;;;;;;
5.230034;67677500;158;;;;;;;;;;;;;;
5.232534;67680000;158;;;;;;;;;;;;;;
5.235034;67682500;168;;;;;;;;;;;;;;
5.237534;67685000;170;67684640;-688.596;-45.123;-688.596;5739.975;-1846.106;5739.975;67684193;-630.738;28.774;-630.738;-12337.177;-41078.895;-12337.177
5.240034;67687500;156;;;;;;;;;;;;;;
5.242534;67690000;173;;;;;;;;;;;;;;
5.245034;67692500;170;;;;;;;;;;;;;;
5.247534;67695000;410;;;;;;;;;;;;;;
5.250034;67697500;234;;;;;;;;;;;;;;
5.252534;67700000;173;;;;;;;;;;;;;;
5.255034;67702500;174;;;;;;;;;;;;;;
5.257534;67705000;155;;;;;;;;;;;;;;
5.260034;67707500;157;;;;;;;;;;;;;;
5.262534;67710000;152;;;;;;;;;;;;;;
5.265034;67712500;152;;;;;;;;;;;;;;
5.267534;67715000;168;;;;;;;;;;;;;;
5.270034;67717500;140;67717180;-687.1;-45.813;-687.1;6737.039;390.386;6737.039;67716740;-612.566;22.241;-612.566;-10619.568;-37867.762;-10619.568
5.272534;67720000;142;;;;;;;;;;;;;;
5.275034;67722500;151;;;;;;;;;;;;;;
5.277534;67725000;154;;;;;;;;;;;;;;
5.280034;67727500;427;;;;;;;;;;;;;;
5.282534;67730000;254;;;;;;;;;;;;;;
5.285034;67732500;186;;;;;;;;;;;;;;
5.287534;67735000;154;;;;;;;;;;;;;;
5.290034;67737500;143;;;;;;;;;;;;;;
5.292534;67740000;157;;;;;;;;;;;;;;
5.295034;67742500;167;;;;;;;;;;;;;;
5.297534;67745000;171;;;;;;;;;;;;;;
5.300034;67747500;156;;;;;;;;;;;;;;
5.302534;67750000;157;67749648;-691.614;-39.984;-691.614;6666.187;2766.179;6666.187;67749199;-602.757;19.537;-602.757;-9015.84;-34322.375;-9015.84
5.305034;67752500;173;;;;;;;;;;;;;;
5.307534;67755000;142;;;;;;;;;;;;;;
5.310034;67757500;140;;;;;;;;;;;;;;
5.312534;67760000;18;;;;;;;;;;;;;;
5.315034;67762500;255;;;;;;;;;;;;;;
5.317534;67765000;214;;;;;;;;;;;;;;
5.320034;67767500;168;;;;;;;;;;;;;;
5.322534;67770000;156;;;;;;;;;;;;;;
5.325034;67772500;143;;;;;;;;;;;;;;
5.327534;67775000;137;;;;;;;;;;;;;;
5.330034;67777500;157;;;;;;;;;;;;;;
5.332534;67780000;135;;;;;;;;;;;;;;
5.335034;67782500;158;67782019;-700.441;-31.245;-700.441;8509.877;5610.746;8509.877;67781571;-596.562;19.841;-596.562;-7756.11;-31076.318;-7756.11
5.337534;67785000;169;;;;;;;;;;;;;;
5.340034;67787500;173;;;;;;;;;;;;;;
5.342534;67790000;151;;;;;;;;;;;;;;
5.345034;67792500;332;;;;;;;;;;;;;;
5.347534;67795000;217;;;;;;;;;;;;;;
5.350034;67797500;174;;;;;;;;;;;;;;
5.352534;67800000;167;;;;;;;;;;;;;;
5.355034;67802500;150;;;;;;;;;;;;;;
5.357534;67805000;152;;;;;;;;;;;;;;
5.360034;67807500;173;;;;;;;;;;;;;;
5.362534;67810000;153;;;;;;;;;;;;;;
5.365034;67812500;170;;;;;;;;;;;;;;
5.367534;67815000;158;67814215;-701.495;-21.301;-701.495;7997.758;7760.958;7997.758;67813768;-592.915;24.132;-592.915;-6920.742;-28955.064;-6920.742
5.370034;67817500;138;;;;;;;;;;;;;;
5.372534;67820000;158;;;;;;;;;;;;;;
5.375034;67822500;169;;;;;;;;;;;;;;
5.377534;67825000;334;;;;;;;;;;;;;;
5.380034;67827500;235;;;;;;;;;;;;;;
5.382534;67830000;170;;;;;;;;;;;;;;
5.385034;67832500;170;;;;;;;;;;;;;;
5.387534;67835000;168;;;;;;;;;;;;;;
5.390034;67837500;158;;;;;;;;;;;;;;
5.392534;67840000;158;;;;;;;;;;;;;;
5.395034;67842500;168;;;;;;;;;;;;;;
5.397534;67845000;170;;;;;;;;;;;;;;
5.400034;67847500;171;;;;;;;;;;;;;;
5.402534;67850000;169;;;;;;;;;;;;;;
5.405034;67852500;142;;;;;;;;;;;;;;
5.407534;67855000;139;67855875;-704.764;-19.266;-704.764;4860.433;9614.223;4860.433;67855435;-588.291;25.091;-588.291;-7092.705;-27510.811;-7092.705
5.410034;67857500;310;;;;;;;;;;;;;;
5.412534;67860000;220;;;;;;;;;;;;;;
5.415034;67862500;186;;;;;;;;;;;;;;
5.417534;67865000;155;;;;;;;;;;;;;;
5.420034;67867500;176;;;;;;;;;;;;;;
5.422534;67870000;152;;;;;;;;;;;;;;
5.425034;67872500;143;;;;;;;;;;;;;;
5.427534;67875000;141;;;;;;;;;;;;;;
5.430034;67877500;138;;;;;;;;;;;;;;
5.432534;67880000;157;;;;;;;;;;;;;;
5.435034;67882500;141;;;;;;;;;;;;;;
5.437534;67885000;169;;;;;;;;;;;;;;
5.440034;67887500;0;67888257;-706.498;-17.711;-706.498;1034.724;10819.637;1034.724;67887808;-582.093;25.422;-582.093;-7729.882;-26462.957;-7729.882
5.442534;67890000;312;;;;;;;;;;;;;;
5.445034;67892500;224;;;;;;;;;;;;;;
5.447534;67895000;159;;;;;;;;;;;;;;
5.450034;67897500;143;;;;;;;;;;;;;;
5.452534;67900000;138;;;;;;;;;;;;;;
5.455034;67902500;140;;;;;;;;;;;;;;
5.457534;67905000;171;;;;;;;;;;;;;;
5.460034;67907500;156;;;;;;;;;;;;;;
5.462534;67910000;167;;;;;;;;;;;;;;
5.465034;67912500;140;;;;;;;;;;;;;;
5.467534;67915000;137;;;;;;;;;;;;;;
5.470034;67917500;156;;;;;;;;67918718;-573.155;24.676;-573.155;-8385.514;-25792.996;-8385.514
5.472534;67920000;31;67919158;-710.768;-9.42;-710.768;113.675;11357.53;113.675;;;;;;;
5.475034;67922500;287;;;;;;;;;;;;;;
5.477534;67925000;202;;;;;;;;;;;;;;
5.480034;67927500;173;;;;;;;;;;;;;;
5.482534;67930000;175;;;;;;;;;;;;;;
5.485034;67932500;153;;;;;;;;;;;;;;
5.487534;67935000;167;;;;;;;;;;;;;;
5.490034;67937500;139;;;;;;;;;;;;;;
5.492534;67940000;141;;;;;;;;;;;;;;
5.495034;67942500;170;;;;;;;;;;;;;;
5.497534;67945000;153;;;;;;;;;;;;;;
5.500034;67947500;155;;;;;;;;;;;;;;
5.502534;67950000;152;;;;;;;;67950917;-568.879;22.637;-568.879;-9693.488;-25645.221;-9693.488
5.505034;67952500;142;67951364;-715.46;4.05;-715.46;-3221.384;11291.903;-3221.384;;;;;;;
5.507534;67955000;157;;;;;;;;;;;;;;
5.510034;67957500;157;;;;;;;;;;;;;;
5.512534;67960000;156;;;;;;;;;;;;;;
5.515034;67962500;398;;;;;;;;;;;;;;
5.517534;67965000;270;;;;;;;;;;;;;;
5.520034;67967500;189;;;;;;;;;;;;;;
5.522534;67970000;186;;;;;;;;;;;;;;
5.525034;67972500;171;;;;;;;;;;;;;;
5.527534;67975000;158;;;;;;;;;;;;;;
5.530034;67977500;155;;;;;;;;;;;;;;
5.532534;67980000;140;;;;;;;;;;;;;;
5.535034;67982500;169;;;;;;;;67983377;-560.943;19.675;-560.943;-11079.126;-26040.334;-11079.126
5.537534;67985000;151;67983817;-717.769;10.362;-717.769;-8449.439;11048.434;-8449.439;;;;;;;
5.540034;67987500;173;;;;;;;;;;;;;;
5.542534;67990000;172;;;;;;;;;;;;;;
5.545034;67992500;150;;;;;;;;;;;;;;
5.547534;67995000;408;;;;;;;;;;;;;;
5.550034;67997500;253;;;;;;;;;;;;;;
5.552534;68000000;188;;;;;;;;;;;;;;
5.555034;68002500;172;;;;;;;;;;;;;;
5.557534;68005000;152;;;;;;;;;;;;;;
5.560034;68007500;174;;;;;;;;;;;;;;
5.562534;68010000;171;;;;;;;;;;;;;;
5.565034;68012500;143;;;;;;;;;;;;;;
5.567534;68015000;159;;;;;;;;68016010;-550.043;14.134;-550.043;-12881.545;-26632.254;-12881.545
5.570034;68017500;122;68016457;-724.507;19.324;-724.507;-12654.843;10877.074;-12654.843;;;;;;;
5.572534;68020000;140;;;;;;;;;;;;;;
5.575034;68022500;142;;;;;;;;;;;;;;
5.577534;68025000;349;;;;;;;;;;;;;;
5.580034;68027500;314;;;;;;;;;;;;;;
5.582534;68030000;204;;;;;;;;;;;;;;
5.585034;68032500;168;;;;;;;;;;;;;;
5.587534;68035000;153;;;;;;;;;;;;;;
5.590034;68037500;141;;;;;;;;;;;;;;
5.592534;68040000;159;;;;;;;;;;;;;;
5.595034;68042500;150;;;;;;;;;;;;;;
5.597534;68045000;173;;;;;;;;;;;;;;
5.600034;68047500;155;;;;;;;;;;;;;;
5.602534;68050000;152;68049256;-731.378;20.151;-731.378;-17287.414;10670.971;-17287.414;68048816;-543.483;10.152;-543.483;-14412.28;-27426.453;-14412.28
5.605034;68052500;152;;;;;;;;;;;;;;
5.607534;68055000;143;;;;;;;;;;;;;;
5.610034;68057500;363;;;;;;;;;;;;;;
5.612534;68060000;266;;;;;;;;;;;;;;
5.615034;68062500;189;;;;;;;;;;;;;;
5.617534;68065000;169;;;;;;;;;;;;;;
5.620034;68067500;157;;;;;;;;;;;;;;
5.622534;68070000;171;;;;;;;;;;;;;;
5.625034;68072500;141;;;;;;;;;;;;;;
5.627534;68075000;137;;;;;;;;;;;;;;
5.630034;68077500;137;;;;;;;;;;;;;;
5.632534;68080000;139;68080608;-735.93;26.018;-735.93;-21272.73;9925.672;-21272.73;68080161;-533.108;4.081;-533.108;-15636.354;-28162.568;-15636.354
5.635034;68082500;158;;;;;;;;;;;;;;
5.637534;68085000;152;;;;;;;;;;;;;;
5.640034;68087500;153;;;;;;;;;;;;;;
5.642534;68090000;29;;;;;;;;;;;;;;
5.645034;68092500;266;;;;;;;;;;;;;;
5.647534;68095000;202;;;;;;;;;;;;;;
5.650034;68097500;153;;;;;;;;;;;;;;
5.652534;68100000;143;;;;;;;;;;;;;;
5.655034;68102500;152;;;;;;;;;;;;;;
5.657534;68105000;153;;;;;;;;;;;;;;
5.660034;68107500;173;;;;;;;;;;;;;;
5.662534;68110000;171;;;;;;;;;;;;;;
5.665034;68112500;141;68113320;-738.862;27.493;-738.862;-24901.281;8946.826;-24901.281;68112880;-524.411;-2.625;-524.411;-16728.785;-28574.439;-16728.785
5.667534;68115000;139;;;;;;;;;;;;;;
5.670034;68117500;137;;;;;;;;;;;;;;
5.672534;68120000;158;;;;;;;;;;;;;;
5.675034;68122500;56;;;;;;;;;;;;;;
5.677534;68125000;282;;;;;;;;;;;;;;
5.680034;68127500;201;;;;;;;;;;;;;;
5.682534;68130000;172;;;;;;;;;;;;;;
5.685034;68132500;152;;;;;;;;;;;;;;
5.687534;68135000;157;;;;;;;;;;;;;;
5.690034;68137500;158;;;;;;;;;;;;;;
5.692534;68140000;141;;;;;;;;;;;;;;
5.695034;68142500;168;;;;;;;;;;;;;;
5.697534;68145000;153;68146134;-743.997;30.034;-743.997;-27042.904;7021.172;-27042.904;68145687;-515.039;-8.137;-515.039;-17257.783;-28784.154;-17257.783
5.700034;68147500;172;;;;;;;;;;;;;;
5.702534;68150000;169;;;;;;;;;;;;;;
5.705034;68152500;168;;;;;;;;;;;;;;
5.707534;68155000;392;;;;;;;;;;;;;;
5.710034;68157500;282;;;;;;;;;;;;;;
5.712534;68160000;215;;;;;;;;;;;;;;
5.715034;68162500;167;;;;;;;;;;;;;;
5.717534;68165000;156;;;;;;;;;;;;;;
5.720034;68167500;175;;;;;;;;;;;;;;
5.722534;68170000;158;;;;;;;;;;;;;;
5.725034;68172500;169;;;;;;;;;;;;;;
5.727534;68175000;158;;;;;;;;;;;;;;
5.730034;68177500;139;;;;;;;;68178407;-506.397;-13.586;-506.397;-17695.582;-28715.635;-17695.582
5.732534;68180000;158;68178847;-747.13;29.167;-747.13;-28065.072;4663.301;-28065.072;;;;;;;
5.735034;68182500;152;;;;;;;;;;;;;;
5.737534;68185000;170;;;;;;;;;;;;;;
5.740034;68187500;398;;;;;;;;;;;;;;
5.742534;68190000;268;;;;;;;;;;;;;;
5.745034;68192500;202;;;;;;;;;;;;;;
5.747534;68195000;152;;;;;;;;;;;;;;
5.750034;68197500;167;;;;;;;;;;;;;;
5.752534;68200000;141;;;;;;;;;;;;;;
5.755034;68202500;152;;;;;;;;;;;;;;
5.757534;68205000;171;;;;;;;;;;;;;;
5.760034;68207500;155;;;;;;;;;;;;;;
5.762534;68210000;174;;;;;;;;;;;;;;
5.765034;68212500;144;68211749;-750.26;26.976;-750.26;-29405.381;2167.824;-29405.381;68211300;-498.688;-18.561;-498.688;-18138.615;-28535.041;-18138.615
5.767534;68215000;138;;;;;;;;;;;;;;
5.770034;68217500;157;;;;;;;;;;;;;;
5.772534;68220000;394;;;;;;;;;;;;;;
5.775034;68222500;266;;;;;;;;;;;;;;
5.777534;68225000;204;;;;;;;;;;;;;;
5.780034;68227500;160;;;;;;;;;;;;;;
5.782534;68230000;153;;;;;;;;;;;;;;
5.785034;68232500;152;;;;;;;;;;;;;;
5.787534;68235000;157;;;;;;;;;;;;;;
5.790034;68237500;139;;;;;;;;;;;;;;
5.792534;68240000;158;;;;;;;;;;;;;;
5.795034;68242500;142;;;;;;;;;;;;;;
5.797534;68245000;152;;;;;;;;;;;;;;
5.800034;68247500;172;;;;;;;;;;;;;;
5.802534;68250000;169;;;;;;;;;;;;;;
5.805034;68252500;41;;;;;;;;68253573;-486.161;-24.557;-486.161;-18358.684;-28916.477;-18358.684
5.807534;68255000;249;68254013;-750.134;19.766;-750.134;-28218.611;224.12;-28218.611;;;;;;;
5.810034;68257500;170;;;;;;;;;;;;;;
5.812534;68260000;168;;;;;;;;;;;;;;
5.815034;68262500;167;;;;;;;;;;;;;;
5.817534;68265000;168;;;;;;;;;;;;;;
5.820034;68267500;152;;;;;;;;;;;;;;
5.822534;68270000;143;;;;;;;;;;;;;;
5.825034;68272500;156;;;;;;;;;;;;;;
5.827534;68275000;157;;;;;;;;;;;;;;
5.830034;68277500;136;;;;;;;;;;;;;;
5.832534;68280000;137;;;;;;;;;;;;;;
5.835034;68282500;142;;;;;;;;;;;;;;
5.837534;68285000;413;;;;;;;;;;;;;;
5.840034;68287500;298;68286826;-748.001;13.171;-748.001;-27134.057;-958.273;-27134.057;68286379;-469.905;-34.12;-469.905;-18390.125;-29015.902;-18390.125
5.842534;68290000;190;;;;;;;;;;;;;;
5.845034;68292500;156;;;;;;;;;;;;;;
5.847534;68295000;139;;;;;;;;;;;;;;
5.850034;68297500;153;;;;;;;;;;;;;;
5.852534;68300000;139;;;;;;;;;;;;;;
5.855034;68302500;141;;;;;;;;;;;;;;
5.857534;68305000;149;;;;;;;;;;;;;;
5.860034;68307500;169;;;;;;;;;;;;;;
5.862534;68310000;143;;;;;;;;;;;;;;
5.865034;68312500;141;;;;;;;;;;;;;;
5.867534;68315000;140;;;;;;;;;;;;;;
5.870034;68317500;364;68318164;-747.146;8.883;-747.146;-25637.354;-961.11;-25637.354;68317724;-454.754;-43.693;-454.754;-18134.307;-28948.045;-18134.307
5.872534;68320000;301;;;;;;;;;;;;;;
5.875034;68322500;199;;;;;;;;;;;;;;
5.877534;68325000;168;;;;;;;;;;;;;;
5.880034;68327500;157;;;;;;;;;;;;;;
5.882534;68330000;153;;;;;;;;;;;;;;
5.885034;68332500;160;;;;;;;;;;;;;;
5.887534;68335000;136;;;;;;;;;;;;;;
5.890034;68337500;154;;;;;;;;;;;;;;
5.892534;68340000;154;;;;;;;;;;;;;;
5.895034;68342500;158;;;;;;;;;;;;;;
5.897534;68345000;158;;;;;;;;;;;;;;
5.900034;68347500;153;;;;;;;;;;;;;;
5.902534;68350000;152;68350977;-751.0;17.004;-751.0;-23637.111;-676.367;-23637.111;68350530;-439.971;-50.689;-439.971;-17284.467;-28391.393;-17284.467
5.905034;68352500;168;;;;;;;;;;;;;;
5.907534;68355000;157;;;;;;;;;;;;;;
5.910034;68357500;155;;;;;;;;;;;;;;
5.912534;68360000;180;;;;;;;;;;;;;;
5.915034;68362500;280;;;;;;;;;;;;;;
5.917534;68365000;208;;;;;;;;;;;;;;
5.920034;68367500;186;;;;;;;;;;;;;;
5.922534;68370000;173;;;;;;;;;;;;;;
5.925034;68372500;142;;;;;;;;;;;;;;
5.927534;68375000;155;;;;;;;;;;;;;;
5.930034;68377500;128;;;;;;;;;;;;;;
5.932534;68380000;154;;;;;;;;;;;;;;
5.935034;68382500;157;;;;;;;;68383337;-423.676;-63.709;-423.676;-16589.119;-27706.385;-16589.119
5.937534;68385000;152;68383777;-744.164;16.849;-744.164;-20524.131;-1066.048;-20524.131;;;;;;;
5.940034;68387500;153;;;;;;;;;;;;;;
5.942534;68390000;169;;;;;;;;;;;;;;
5.945034;68392500;347;;;;;;;;;;;;;;
5.947534;68395000;285;;;;;;;;;;;;;;
5.950034;68397500;185;;;;;;;;;;;;;;
5.952534;68400000;154;;;;;;;;;;;;;;
5.955034;68402500;152;;;;;;;;;;;;;;
5.957534;68405000;152;;;;;;;;;;;;;;
5.960034;68407500;155;;;;;;;;;;;;;;
5.962534;68410000;152;;;;;;;;;;;;;;
5.965034;68412500;166;;;;;;;;;;;;;;
5.967534;68415000;138;;;;;;;;68416230;-408.916;-72.907;-408.916;-15320.413;-27163.691;-15320.413
5.970034;68417500;136;68416677;-737.651;7.93;-737.651;-19850.549;221.441;-19850.549;;;;;;;
5.972534;68420000;139;;;;;;;;;;;;;;
5.975034;68422500;152;;;;;;;;;;;;;;
5.977534;68425000;408;;;;;;;;;;;;;;
5.980034;68427500;250;;;;;;;;;;;;;;
5.982534;68430000;189;;;;;;;;;;;;;;
5.985034;68432500;155;;;;;;;;;;;;;;
5.987534;68435000;140;;;;;;;;;;;;;;
5.990034;68437500;155;;;;;;;;;;;;;;
5.992534;68440000;156;;;;;;;;;;;;;;
5.995034;68442500;166;;;;;;;;;;;;;;
5.997534;68445000;150;;;;;;;;;;;;;;
6.000034;68447500;151;;;;;;;;;;;;;;
6.002534;68450000;168;68449303;-740.491;6.374;-740.491;-22248.209;1876.807;-22248.209;68448863;-393.74;-82.102;-393.74;-13850.893;-26208.008;-13850.893
6.005034;68452500;139;;;;;;;;;;;;;;
6.007534;68455000;137;;;;;;;;;;;;;;
6.010034;68457500;56;;;;;;;;;;;;;;
6.012534;68460000;248;;;;;;;;;;;;;;
6.015034;68462500;202;;;;;;;;;;;;;;
6.017534;68465000;157;;;;;;;;;;;;;;
6.020034;68467500;155;;;;;;;;;;;;;;
6.022534;68470000;152;;;;;;;;;;;;;;
6.025034;68472500;139;;;;;;;;;;;;;;
6.027534;68475000;154;;;;;;;;;;;;;;
6.030034;68477500;135;;;;;;;;;;;;;;
6.032534;68480000;155;68480569;-745.294;1.896;-745.294;-17354.924;2682.467;-17354.924;68480121;-379.58;-90.002;-379.58;-12087.785;-24862.607;-12087.785
6.035034;68482500;141;;;;;;;;;;;;;;
6.037534;68485000;170;;;;;;;;;;;;;;
6.040034;68487500;154;;;;;;;;;;;;;;
6.042534;68490000;24;;;;;;;;;;;;;;
6.045034;68492500;282;;;;;;;;;;;;;;
6.047534;68495000;184;;;;;;;;;;;;;;
6.050034;68497500;170;;;;;;;;;;;;;;
6.052534;68500000;141;;;;;;;;;;;;;;
6.055034;68502500;142;;;;;;;;;;;;;;
6.057534;68505000;143;;;;;;;;;;;;;;
6.060034;68507500;169;;;;;;;;;;;;;;
6.062534;68510000;168;;;;;;;;;;;;;;
6.065034;68512500;141;68513367;-745.307;-10.314;-745.307;-9519.115;3278.531;-9519.115;68512927;-368.702;-94.395;-368.702;-10332.771;-23850.477;-10332.771
6.067534;68515000;154;;;;;;;;;;;;;;
6.070034;68517500;135;;;;;;;;;;;;;;
6.072534;68520000;136;;;;;;;;;;;;;;
6.075034;68522500;42;;;;;;;;;;;;;;
6.077534;68525000;286;;;;;;;;;;;;;;
6.080034;68527500;221;;;;;;;;;;;;;;
6.082534;68530000;186;;;;;;;;;;;;;;
6.085034;68532500;149;;;;;;;;;;;;;;
6.087534;68535000;155;;;;;;;;;;;;;;
6.090034;68537500;136;;;;;;;;;;;;;;
6.092534;68540000;153;;;;;;;;;;;;;;
6.095034;68542500;157;;;;;;;;;;;;;;
6.097534;68545000;141;68546180;-752.059;-15.331;-752.059;-5267.097;3199.479;-5267.097;68545733;-357.08;-98.417;-357.08;-8955.132;-23046.891;-8955.132
6.100034;68547500;168;;;;;;;;;;;;;;
6.102534;68550000;144;;;;;;;;;;;;;;
6.105034;68552500;167;;;;;;;;;;;;;;
6.107534;68555000;272;;;;;;;;;;;;;;
6.110034;68557500;286;;;;;;;;;;;;;;
6.112534;68560000;206;;;;;;;;;;;;;;
6.115034;68562500;167;;;;;;;;;;;;;;
6.117534;68565000;174;;;;;;;;;;;;;;
6.120034;68567500;156;;;;;;;;;;;;;;
6.122534;68570000;172;;;;;;;;;;;;;;
6.125034;68572500;144;;;;;;;;;;;;;;
6.127534;68575000;140;;;;;;;;;;;;;;
6.130034;68577500;156;;;;;;;;68578366;-346.266;-103.305;-346.266;-7512.938;-22302.734;-7512.938
6.132534;68580000;139;68578807;-753.258;-23.495;-753.258;-3260.305;1347.693;-3260.305;;;;;;;
6.135034;68582500;153;;;;;;;;;;;;;;
6.137534;68585000;154;;;;;;;;;;;;;;
6.140034;68587500;381;;;;;;;;;;;;;;
6.142534;68590000;264;;;;;;;;;;;;;;
6.145034;68592500;174;;;;;;;;;;;;;;
6.147534;68595000;172;;;;;;;;;;;;;;
6.150034;68597500;140;;;;;;;;;;;;;;
6.152534;68600000;137;;;;;;;;;;;;;;
6.155034;68602500;169;;;;;;;;;;;;;;
6.157534;68605000;171;;;;;;;;;;;;;;
6.160034;68607500;154;;;;;;;;;;;;;;
6.162534;68610000;152;;;;;;;;68611087;-333.442;-109.608;-333.442;-6248.291;-21463.223;-6248.291
6.165034;68612500;142;68611535;-756.038;-29.817;-756.038;-1041.914;-1728.379;-1041.914;;;;;;;
6.167534;68615000;157;;;;;;;;;;;;;;
6.170034;68617500;137;;;;;;;;;;;;;;
6.172534;68620000;394;;;;;;;;;;;;;;
6.175034;68622500;248;;;;;;;;;;;;;;
6.177534;68625000;184;;;;;;;;;;;;;;
6.180034;68627500;184;;;;;;;;;;;;;;
6.182534;68630000;153;;;;;;;;;;;;;;
6.185034;68632500;143;;;;;;;;;;;;;;
6.187534;68635000;139;;;;;;;;;;;;;;
6.190034;68637500;137;;;;;;;;;;;;;;
6.192534;68640000;155;;;;;;;;;;;;;;
6.195034;68642500;144;68642784;-752.726;-37.677;-752.726;351.556;-5678.773;351.556;68642344;-321.607;-115.681;-321.607;-4954.126;-20719.062;-4954.126
6.197534;68645000;153;;;;;;;;;;;;;;
6.200034;68647500;152;;;;;;;;;;;;;;
6.202534;68650000;152;;;;;;;;;;;;;;
6.205034;68652500;203;;;;;;;;;;;;;;
6.207534;68655000;248;;;;;;;;;;;;;;
6.210034;68657500;171;;;;;;;;;;;;;;
6.212534;68660000;143;;;;;;;;;;;;;;
6.215034;68662500;168;;;;;;;;;;;;;;
6.217534;68665000;151;;;;;;;;;;;;;;
6.220034;68667500;153;;;;;;;;;;;;;;
6.222534;68670000;170;;;;;;;;;;;;;;
6.225034;68672500;139;;;;;;;;;;;;;;
6.227534;68675000;153;68675252;-751.683;-49.83;-751.683;836.229;-9384.396;836.229;68674803;-311.663;-115.38;-311.663;-3662.982;-20392.734;-3662.982
6.230034;68677500;128;;;;;;;;;;;;;;
6.232534;68680000;155;;;;;;;;;;;;;;
6.235034;68682500;140;;;;;;;;;;;;;;
6.237534;68685000;363;;;;;;;;;;;;;;
6.240034;68687500;296;;;;;;;;;;;;;;
6.242534;68690000;190;;;;;;;;;;;;;;
6.245034;68692500;174;;;;;;;;;;;;;;
6.247534;68695000;140;;;;;;;;;;;;;;
6.250034;68697500;152;;;;;;;;;;;;;;
6.252534;68700000;153;;;;;;;;;;;;;;
6.255034;68702500;140;;;;;;;;;;;;;;
6.257534;68705000;151;;;;;;;;;;;;;;
6.260034;68707500;171;68707703;-748.113;-68.139;-748.113;4839.979;-12394.614;4839.979;68707263;-301.308;-118.048;-301.308;-3155.208;-20395.973;-3155.208
6.262534;68710000;151;;;;;;;;;;;;;;
6.265034;68712500;157;;;;;;;;;;;;;;
6.267534;68715000;137;;;;;;;;;;;;;;
6.270034;68717500;347;;;;;;;;;;;;;;
6.272534;68720000;285;;;;;;;;;;;;;;
6.275034;68722500;189;;;;;;;;;;;;;;
6.277534;68725000;184;;;;;;;;;;;;;;
6.280034;68727500;156;;;;;;;;;;;;;;
6.282534;68730000;152;;;;;;;;;;;;;;
6.285034;68732500;140;;;;;;;;;;;;;;
6.287534;68735000;156;;;;;;;;;;;;;;
6.290034;68737500;154;;;;;;;;;;;;;;
6.292534;68740000;137;;;;;;;;;;;;;;
6.295034;68742500;158;;;;;;;;;;;;;;
6.297534;68745000;168;;;;;;;;;;;;;;
6.300034;68747500;153;;;;;;;;;;;;;;
6.302534;68750000;359;68749811;-740.39;-68.057;-740.39;4277.73;-16029.134;4277.73;68749362;-290.201;-121.625;-290.201;-3473.448;-20409.986;-3473.448
6.305034;68752500;220;;;;;;;;;;;;;;
6.307534;68755000;185;;;;;;;;;;;;;;
6.310034;68757500;159;;;;;;;;;;;;;;
6.312534;68760000;154;;;;;;;;;;;;;;
6.315034;68762500;142;;;;;;;;;;;;;;
6.317534;68765000;152;;;;;;;;;;;;;;
6.320034;68767500;170;;;;;;;;;;;;;;
6.322534;68770000;152;;;;;;;;;;;;;;
6.325034;68772500;158;;;;;;;;;;;;;;
6.327534;68775000;135;;;;;;;;;;;;;;
6.330034;68777500;137;;;;;;;;;;;;;;
6.332534;68780000;155;;;;;;;;;;;;;;
6.335034;68782500;359;68782521;-726.227;-72.34;-726.227;-108.594;-20486.428;-108.594;68782081;-275.667;-126.066;-275.667;-3205.275;-20835.424;-3205.275
6.337534;68785000;233;;;;;;;;;;;;;;
6.340034;68787500;175;;;;;;;;;;;;;;
6.342534;68790000;155;;;;;;;;;;;;;;
6.345034;68792500;158;;;;;;;;;;;;;;
6.347534;68795000;138;;;;;;;;;;;;;;
6.350034;68797500;153;;;;;;;;;;;;;;
6.352534;68800000;135;;;;;;;;;;;;;;
6.355034;68802500;139;;;;;;;;;;;;;;
6.357534;68805000;168;;;;;;;;;;;;;;
6.360034;68807500;153;;;;;;;;;;;;;;
6.362534;68810000;171;;;;;;;;;;;;;;
6.365034;68812500;141;;;;;;;;;;;;;;
6.367534;68815000;344;68815250;-707.691;-83.009;-707.691;-6329.227;-24553.73;-6329.227;68814801;-262.152;-132.255;-262.152;-2175.261;-20611.34;-2175.261
6.370034;68817500;232;;;;;;;;;;;;;;
6.372534;68820000;157;;;;;;;;;;;;;;
6.375034;68822500;168;;;;;;;;;;;;;;
6.377534;68825000;153;;;;;;;;;;;;;;
6.380034;68827500;170;;;;;;;;;;;;;;
6.382534;68830000;143;;;;;;;;;;;;;;
6.385034;68832500;141;;;;;;;;;;;;;;
6.387534;68835000;136;;;;;;;;;;;;;;
6.390034;68837500;126;;;;;;;;;;;;;;
6.392534;68840000;154;;;;;;;;;;;;;;
6.395034;68842500;139;;;;;;;;;;;;;;
6.397534;68845000;160;;;;;;;;;;;;;;
6.400034;68847500;168;68848135;-693.541;-98.476;-693.541;-14792.516;-28724.355;-14792.516;68847695;-247.135;-135.994;-247.135;-536.998;-19841.961;-536.998
6.402534;68850000;151;;;;;;;;;;;;;;
6.405034;68852500;158;;;;;;;;;;;;;;
6.407534;68855000;126;;;;;;;;;;;;;;
6.410034;68857500;331;;;;;;;;;;;;;;
6.412534;68860000;217;;;;;;;;;;;;;;
6.415034;68862500;158;;;;;;;;;;;;;;
6.417534;68865000;172;;;;;;;;;;;;;;
6.420034;68867500;152;;;;;;;;;;;;;;
6.422534;68870000;168;;;;;;;;;;;;;;
6.425034;68872500;139;;;;;;;;;;;;;;
6.427534;68875000;154;;;;;;;;;;;;;;
6.430034;68877500;153;;;;;;;;;;;;;;
6.432534;68880000;136;68879486;-671.692;-128.06;-671.692;-23170.391;-30792.512;-23170.391;68879039;-231.661;-136.972;-231.661;1342.664;-18819.238;1342.664
6.435034;68882500;157;;;;;;;;;;;;;;
6.437534;68885000;167;;;;;;;;;;;;;;
6.440034;68887500;152;;;;;;;;;;;;;;
6.442534;68890000;361;;;;;;;;;;;;;;
6.445034;68892500;217;;;;;;;;;;;;;;
6.447534;68895000;175;;;;;;;;;;;;;;
6.450034;68897500;158;;;;;;;;;;;;;;
6.452534;68900000;155;;;;;;;;;;;;;;
6.455034;68902500;157;;;;;;;;;;;;;;
6.457534;68905000;142;;;;;;;;;;;;;;
6.460034;68907500;170;;;;;;;;;;;;;;
6.462534;68910000;169;;;;;;;;;;;;;;
6.465034;68912500;140;68912459;-648.368;-163.015;-648.368;-29560.496;-34570.262;-29560.496;68912019;-214.918;-136.956;-214.918;2164.531;-18106.215;2164.531
6.467534;68915000;136;;;;;;;;;;;;;;
6.470034;68917500;136;;;;;;;;;;;;;;
6.472534;68920000;157;;;;;;;;;;;;;;
6.475034;68922500;349;;;;;;;;;;;;;;
6.477534;68925000;233;;;;;;;;;;;;;;
6.480034;68927500;184;;;;;;;;;;;;;;
6.482534;68930000;155;;;;;;;;;;;;;;
6.485034;68932500;159;;;;;;;;;;;;;;
6.487534;68935000;136;;;;;;;;;;;;;;
6.490034;68937500;153;;;;;;;;;;;;;;
6.492534;68940000;135;;;;;;;;;;;;;;
6.495034;68942500;140;;;;;;;;;;;;;;
6.497534;68945000;169;68945446;-621.494;-188.945;-621.494;-34275.285;-38574.312;-34275.285;68944999;-202.018;-143.07;-202.018;3097.992;-17588.967;3097.992
6.500034;68947500;170;;;;;;;;;;;;;;
6.502534;68950000;144;;;;;;;;;;;;;;
6.505034;68952500;138;;;;;;;;;;;;;;
6.507534;68955000;375;;;;;;;;;;;;;;
6.510034;68957500;240;;;;;;;;;;;;;;
6.512534;68960000;184;;;;;;;;;;;;;;
6.515034;68962500;152;;;;;;;;;;;;;;
6.517534;68965000;153;;;;;;;;;;;;;;
6.520034;68967500;154;;;;;;;;;;;;;;
6.522534;68970000;169;;;;;;;;;;;;;;
6.525034;68972500;141;;;;;;;;;;;;;;
6.527534;68975000;154;;;;;;;;;;;;;;
6.530034;68977500;126;68978419;-581.94;-218.593;-581.94;-38930.207;-42155.035;-38930.207;68977979;-189.691;-144.896;-189.691;4828.717;-16769.018;4828.717
6.532534;68980000;137;;;;;;;;;;;;;;
6.535034;68982500;158;;;;;;;;;;;;;;
6.537534;68985000;314;;;;;;;;;;;;;;
6.540034;68987500;304;;;;;;;;;;;;;;
6.542534;68990000;204;;;;;;;;;;;;;;
6.545034;68992500;156;;;;;;;;;;;;;;
6.547534;68995000;155;;;;;;;;;;;;;;
6.550034;68997500;154;;;;;;;;;;;;;;
6.552534;69000000;155;;;;;;;;;;;;;;
6.555034;69002500;142;;;;;;;;;;;;;;
6.557534;69005000;168;;;;;;;;;;;;;;
6.560034;69007500;152;;;;;;;;;;;;;;
6.562534;69010000;151;;;;;;;;69010959;-178.12;-143.037;-178.12;5312.656;-17349.379;5312.656
6.565034;69012500;139;69011406;-527.547;-286.573;-527.547;-34587.945;-40009.66;-34587.945;;;;;;;
6.567534;69015000;154;;;;;;;;;;;;;;
6.570034;69017500;153;;;;;;;;;;;;;;
6.572534;69020000;328;;;;;;;;;;;;;;
6.575034;69022500;216;;;;;;;;;;;;;;
6.577534;69025000;170;;;;;;;;;;;;;;
6.580034;69027500;174;;;;;;;;;;;;;;
6.582534;69030000;171;;;;;;;;;;;;;;
6.585034;69032500;140;;;;;;;;;;;;;;
6.587534;69035000;138;;;;;;;;;;;;;;
6.590034;69037500;134;;;;;;;;;;;;;;
6.592534;69040000;138;;;;;;;;;;;;;;
6.595034;69042500;159;69042743;-489.524;-304.879;-489.524;-26702.924;-42366.238;-26702.924;69042303;-162.925;-146.908;-162.925;6239.648;-17674.535;6239.648
6.597534;69045000;151;;;;;;;;;;;;;;
6.600034;69047500;172;;;;;;;;;;;;;;
6.602534;69050000;143;;;;;;;;;;;;;;
6.605034;69052500;379;;;;;;;;;;;;;;
6.607534;69055000;235;;;;;;;;;;;;;;
6.610034;69057500;157;;;;;;;;;;;;;;
6.612534;69060000;157;;;;;;;;;;;;;;
6.615034;69062500;140;;;;;;;;;;;;;;
6.617534;69065000;143;;;;;;;;;;;;;;
6.620034;69067500;168;;;;;;;;;;;;;;
6.622534;69070000;142;;;;;;;;;;;;;;
6.625034;69072500;139;;;;;;;;;;;;;;
6.627534;69075000;135;69075731;-462.053;-325.338;-462.053;-15988.652;-42607.363;-15988.652;69075284;-149.167;-149.86;-149.167;6952.729;-16309.996;6952.729
6.630034;69077500;153;;;;;;;;;;;;;;
6.632534;69080000;155;;;;;;;;;;;;;;
6.635034;69082500;159;;;;;;;;;;;;;;
6.637534;69085000;409;;;;;;;;;;;;;;
6.640034;69087500;272;;;;;;;;;;;;;;
6.642534;69090000;187;;;;;;;;;;;;;;
6.645034;69092500;155;;;;;;;;;;;;;;
6.647534;69095000;138;;;;;;;;;;;;;;
6.650034;69097500;153;;;;;;;;;;;;;;
6.652534;69100000;153;;;;;;;;;;;;;;
6.655034;69102500;141;;;;;;;;;;;;;;
6.657534;69105000;152;;;;;;;;;;;;;;
6.660034;69107500;152;69108705;-428.324;-344.872;-428.324;-6213.907;-43618.684;-6213.907;69108264;-139.732;-158.867;-139.732;8155.155;-15347.059;8155.155
6.662534;69110000;168;;;;;;;;;;;;;;
6.665034;69112500;157;;;;;;;;;;;;;;
6.667534;69115000;153;;;;;;;;;;;;;;
6.670034;69117500;40;;;;;;;;;;;;;;
6.672534;69120000;265;;;;;;;;;;;;;;
6.675034;69122500;206;;;;;;;;;;;;;;
6.677534;69125000;186;;;;;;;;;;;;;;
6.680034;69127500;174;;;;;;;;;;;;;;
6.682534;69130000;153;;;;;;;;;;;;;;
6.685034;69132500;142;;;;;;;;;;;;;;
6.687534;69135000;156;;;;;;;;;;;;;;
6.690034;69137500;154;;;;;;;;;;;;;;
6.692534;69140000;157;;;;;;;;;;;;;;
6.695034;69142500;141;;;;;;;;;;;;;;
6.697534;69145000;151;;;;;;;;;;;;;;
6.700034;69147500;170;;;;;;;;;;;;;;
6.702534;69150000;374;69150899;-397.392;-353.041;-397.392;-1123.962;-43499.25;-1123.962;69150450;-129.769;-155.67;-129.769;9285.21;-13726.144;9285.21
6.705034;69152500;217;;;;;;;;;;;;;;
6.707534;69155000;156;;;;;;;;;;;;;;
6.710034;69157500;139;;;;;;;;;;;;;;
6.712534;69160000;157;;;;;;;;;;;;;;
6.715034;69162500;141;;;;;;;;;;;;;;
6.717534;69165000;144;;;;;;;;;;;;;;
6.720034;69167500;152;;;;;;;;;;;;;;
6.722534;69170000;150;;;;;;;;;;;;;;
6.725034;69172500;158;;;;;;;;;;;;;;
6.727534;69175000;127;;;;;;;;;;;;;;
6.730034;69177500;128;;;;;;;;;;;;;;
6.732534;69180000;136;;;;;;;;;;;;;;
6.735034;69182500;409;69183697;-367.738;-361.924;-367.738;1568.174;-42811.352;1568.174;69183257;-121.499;-150.521;-121.499;10770.012;-12569.523;10770.012
6.737534;69185000;250;;;;;;;;;;;;;;
6.740034;69187500;187;;;;;;;;;;;;;;
6.742534;69190000;165;;;;;;;;;;;;;;
6.745034;69192500;141;;;;;;;;;;;;;;
6.747534;69195000;155;;;;;;;;;;;;;;
6.750034;69197500;135;;;;;;;;;;;;;;
6.752534;69200000;155;;;;;;;;;;;;;;
6.755034;69202500;168;;;;;;;;;;;;;;
6.757534;69205000;171;;;;;;;;;;;;;;
6.760034;69207500;172;;;;;;;;;;;;;;
6.762534;69210000;153;;;;;;;;;;;;;;
6.765034;69212500;140;;;;;;;;;;;;;;
6.767534;69215000;399;;;;;;;;69216063;-113.582;-145.057;-113.582;12418.136;-11258.109;12418.136
6.770034;69217500;265;69216512;-341.494;-362.183;-341.494;4374.203;-40794.16;4374.203;;;;;;;
6.772534;69220000;189;;;;;;;;;;;;;;
6.775034;69222500;156;;;;;;;;;;;;;;
6.777534;69225000;157;;;;;;;;;;;;;;
6.780034;69227500;173;;;;;;;;;;;;;;
6.782534;69230000;152;;;;;;;;;;;;;;
6.785034;69232500;158;;;;;;;;;;;;;;
6.787534;69235000;138;;;;;;;;;;;;;;
6.790034;69237500;135;;;;;;;;;;;;;;
6.792534;69240000;157;;;;;;;;;;;;;;
6.795034;69242500;168;;;;;;;;;;;;;;
6.797534;69245000;172;;;;;;;;;;;;;;
6.800034;69247500;155;;;;;;;;69248696;-107.018;-138.536;-107.018;13914.729;-9433.892;13914.729
6.802534;69250000;153;69249136;-317.319;-364.68;-317.319;7641.055;-39039.266;7641.055;;;;;;;
6.805034;69252500;158;;;;;;;;;;;;;;
6.807534;69255000;153;;;;;;;;;;;;;;
6.810034;69257500;423;;;;;;;;;;;;;;
6.812534;69260000;237;;;;;;;;;;;;;;
6.815034;69262500;182;;;;;;;;;;;;;;
6.817534;69265000;168;;;;;;;;;;;;;;
6.820034;69267500;158;;;;;;;;;;;;;;
6.822534;69270000;155;;;;;;;;;;;;;;
6.825034;69272500;142;;;;;;;;;;;;;;
6.827534;69275000;157;;;;;;;;;;;;;;
6.830034;69277500;155;;;;;;;;;;;;;;
6.832534;69280000;154;69280227;-291.852;-366.277;-291.852;9228.189;-37008.988;9228.189;69279780;-105.632;-130.45;-105.632;15241.992;-7740.697;15241.992
6.835034;69282500;142;;;;;;;;;;;;;;
6.837534;69285000;154;;;;;;;;;;;;;;
6.840034;69287500;154;;;;;;;;;;;;;;
6.842534;69290000;347;;;;;;;;;;;;;;
6.845034;69292500;269;;;;;;;;;;;;;;
6.847534;69295000;170;;;;;;;;;;;;;;
6.850034;69297500;140;;;;;;;;;;;;;;
6.852534;69300000;137;;;;;;;;;;;;;;
6.855034;69302500;167;;;;;;;;;;;;;;
6.857534;69305000;153;;;;;;;;;;;;;;
6.860034;69307500;154;;;;;;;;;;;;;;
6.862534;69310000;152;;;;;;;;;;;;;;
6.865034;69312500;138;69312940;-268.396;-369.014;-268.396;9058.593;-34453.727;9058.593;69312500;-98.1;-124.776;-98.1;16931.643;-6235.413;16931.643
6.867534;69315000;136;;;;;;;;;;;;;;
6.870034;69317500;154;;;;;;;;;;;;;;
6.872534;69320000;136;;;;;;;;;;;;;;
6.875034;69322500;0;;;;;;;;;;;;;;
6.877534;69325000;283;;;;;;;;;;;;;;
6.880034;69327500;203;;;;;;;;;;;;;;
6.882534;69330000;187;;;;;;;;;;;;;;
6.885034;69332500;144;;;;;;;;;;;;;;
6.887534;69335000;136;;;;;;;;;;;;;;
6.890034;69337500;151;;;;;;;;;;;;;;
6.892534;69340000;138;;;;;;;;;;;;;;
6.895034;69342500;152;;;;;;;;;;;;;;
6.897534;69345000;155;69345493;-245.478;-370.974;-245.478;9773.351;-32207.791;9773.351;69345046;-93.445;-117.714;-93.445;20116.623;-2855.892;20116.623
6.900034;69347500;173;;;;;;;;;;;;;;
6.902534;69350000;155;;;;;;;;;;;;;;
6.905034;69352500;158;;;;;;;;;;;;;;
6.907534;69355000;43;;;;;;;;;;;;;;
6.910034;69357500;288;;;;;;;;;;;;;;
6.912534;69360000;203;;;;;;;;;;;;;;
6.915034;69362500;183;;;;;;;;;;;;;;
6.917534;69365000;174;;;;;;;;;;;;;;
6.920034;69367500;175;;;;;;;;;;;;;;
6.922534;69370000;172;;;;;;;;;;;;;;
6.925034;69372500;166;;;;;;;;;;;;;;
6.927534;69375000;136;;;;;;;;;;;;;;
6.930034;69377500;136;69378032;-227.769;-365.455;-227.769;7796.746;-29942.902;7796.746;69377592;-98.472;-98.011;-98.472;21729.666;-409.66;21729.666
6.932534;69380000;138;;;;;;;;;;;;;;
6.935034;69382500;169;;;;;;;;;;;;;;
6.937534;69385000;171;;;;;;;;;;;;;;
6.940034;69387500;378;;;;;;;;;;;;;;
6.942534;69390000;232;;;;;;;;;;;;;;
6.945034;69392500;170;;;;;;;;;;;;;;
6.947534;69395000;141;;;;;;;;;;;;;;
6.950034;69397500;154;;;;;;;;;;;;;;
6.952534;69400000;138;;;;;;;;;;;;;;
6.955034;69402500;159;;;;;;;;;;;;;;
6.957534;69405000;143;;;;;;;;;;;;;;
6.960034;69407500;152;;;;;;;;;;;;;;
6.962534;69410000;171;69410414;-214.777;-364.774;-214.777;3248.471;-26459.07;3248.471;69409965;-101.899;-85.876;-101.899;21571.121;-404.489;21571.121
6.965034;69412500;140;;;;;;;;;;;;;;
6.967534;69415000;153;;;;;;;;;;;;;;
6.970034;69417500;152;;;;;;;;;;;;;;
6.972534;69420000;379;;;;;;;;;;;;;;
6.975034;69422500;248;;;;;;;;;;;;;;
6.977534;69425000;184;;;;;;;;;;;;;;
6.980034;69427500;184;;;;;;;;;;;;;;
6.982534;69430000;155;;;;;;;;;;;;;;
6.985034;69432500;142;;;;;;;;;;;;;;
6.987534;69435000;136;;;;;;;;;;;;;;
6.990034;69437500;126;;;;;;;;;;;;;;
6.992534;69440000;154;;;;;;;;69440962;-97.475;-72.75;-97.475;22911.064;574.735;22911.064
6.995034;69442500;143;69441402;-200.945;-376.536;-200.945;227.422;-23760.18;227.422;;;;;;;
6.997534;69445000;152;;;;;;;;;;;;;;
7.000034;69447500;156;;;;;;;;;;;;;;
7.002534;69450000;153;;;;;;;;;;;;;;
7.005034;69452500;363;;;;;;;;;;;;;;
7.007534;69455000;216;;;;;;;;;;;;;;
7.010034;69457500;156;;;;;;;;;;;;;;
7.012534;69460000;141;;;;;;;;;;;;;;
7.015034;69462500;142;;;;;;;;;;;;;;
7.017534;69465000;172;;;;;;;;;;;;;;
7.020034;69467500;172;;;;;;;;;;;;;;
7.022534;69470000;154;;;;;;;;;;;;;;
7.025034;69472500;141;69473523;-189.794;-383.701;-189.794;650.489;-22195.92;650.489;69473074;-98.994;-57.071;-98.994;26924.512;2140.248;26924.512
7.027534;69475000;136;;;;;;;;;;;;;;
7.030034;69477500;134;;;;;;;;;;;;;;
7.032534;69480000;135;;;;;;;;;;;;;;
7.035034;69482500;142;;;;;;;;;;;;;;
7.037534;69485000;377;;;;;;;;;;;;;;
7.040034;69487500;248;;;;;;;;;;;;;;
7.042534;69490000;184;;;;;;;;;;;;;;
7.045034;69492500;152;;;;;;;;;;;;;;
7.047534;69495000;136;;;;;;;;;;;;;;
7.050034;69497500;127;;;;;;;;;;;;;;
7.052534;69500000;136;;;;;;;;;;;;;;
7.055034;69502500;168;;;;;;;;;;;;;;
7.057534;69505000;171;69505713;-175.137;-391.716;-175.137;395.714;-21166.623;395.714;69505273;-101.773;-34.728;-101.773;28009.473;1888.861;28009.473
7.060034;69507500;153;;;;;;;;;;;;;;
7.062534;69510000;153;;;;;;;;;;;;;;
7.065034;69512500;142;;;;;;;;;;;;;;
7.067534;69515000;154;;;;;;;;;;;;;;
7.070034;69517500;359;;;;;;;;;;;;;;
7.072534;69520000;218;;;;;;;;;;;;;;
7.075034;69522500;170;;;;;;;;;;;;;;
7.077534;69525000;185;;;;;;;;;;;;;;
7.080034;69527500;157;;;;;;;;;;;;;;
7.082534;69530000;173;;;;;;;;;;;;;;
7.085034;69532500;140;;;;;;;;;;;;;;
7.087534;69535000;156;;;;;;;;;;;;;;
7.090034;69537500;153;;;;;;;;;;;;;;
7.092534;69540000;137;;;;;;;;;;;;;;
7.095034;69542500;141;;;;;;;;;;;;;;
7.097534;69545000;152;;;;;;;;;;;;;;
7.100034;69547500;378;69547474;-162.007;-395.182;-162.007;387.741;-20143.729;387.741;69547025;-104.45;-14.905;-104.45;23399.062;-1101.395;23399.062
7.102534;69550000;297;;;;;;;;;;;;;;
7.105034;69552500;187;;;;;;;;;;;;;;
7.107534;69555000;151;;;;;;;;;;;;;;
7.110034;69557500;154;;;;;;;;;;;;;;
7.112534;69560000;137;;;;;;;;;;;;;;
7.115034;69562500;167;;;;;;;;;;;;;;
7.117534;69565000;156;;;;;;;;;;;;;;
7.120034;69567500;154;;;;;;;;;;;;;;
7.122534;69570000;168;;;;;;;;;;;;;;
7.125034;69572500;139;;;;;;;;;;;;;;
7.127534;69575000;153;;;;;;;;;;;;;;
7.130034;69577500;152;;;;;;;;;;;;;;
7.132534;69580000;304;69579924;-150.307;-403.123;-150.307;104.541;-19122.98;104.541;69579484;-103.131;-3.033;-103.131;18496.359;-4840.325;18496.359
7.135034;69582500;271;;;;;;;;;;;;;;
7.137534;69585000;216;;;;;;;;;;;;;;
7.140034;69587500;186;;;;;;;;;;;;;;
7.142534;69590000;174;;;;;;;;;;;;;;
7.145034;69592500;141;;;;;;;;;;;;;;
7.147534;69595000;154;;;;;;;;;;;;;;
7.150034;69597500;152;;;;;;;;;;;;;;
7.152534;69600000;154;;;;;;;;;;;;;;
7.155034;69602500;142;;;;;;;;;;;;;;
7.157534;69605000;153;;;;;;;;;;;;;;
7.160034;69607500;156;;;;;;;;;;;;;;
7.162534;69610000;169;;;;;;;;;;;;;;
7.165034;69612500;391;69612304;-137.674;-407.666;-137.674;333.377;-18589.457;333.377;69611857;-98.457;5.665;-98.457;14577.729;-8843.809;14577.729
7.167534;69615000;219;;;;;;;;;;;;;;
7.170034;69617500;154;;;;;;;;;;;;;;
7.172534;69620000;138;;;;;;;;;;;;;;
7.175034;69622500;141;;;;;;;;;;;;;;
7.177534;69625000;152;;;;;;;;;;;;;;
7.180034;69627500;155;;;;;;;;;;;;;;
7.182534;69630000;169;;;;;;;;;;;;;;
7.185034;69632500;155;;;;;;;;;;;;;;
7.187534;69635000;128;;;;;;;;;;;;;;
7.190034;69637500;127;;;;;;;;;;;;;;
7.192534;69640000;136;;;;;;;;;;;;;;
7.195034;69642500;168;;;;;;;;;;;;;;
7.197534;69645000;172;69644409;-127.094;-412.597;-127.094;514.021;-18074.734;514.021;69643969;-87.391;0.776;-87.391;12651.404;-14145.118;12651.404
7.200034;69647500;155;;;;;;;;;;;;;;
7.202534;69650000;153;;;;;;;;;;;;;;
7.205034;69652500;139;;;;;;;;;;;;;;
7.207534;69655000;344;;;;;;;;;;;;;;
7.210034;69657500;216;;;;;;;;;;;;;;
7.212534;69660000;153;;;;;;;;;;;;;;
7.215034;69662500;152;;;;;;;;;;;;;;
7.217534;69665000;157;;;;;;;;;;;;;;
7.220034;69667500;173;;;;;;;;;;;;;;
7.222534;69670000;170;;;;;;;;;;;;;;
7.225034;69672500;141;;;;;;;;;;;;;;
7.227534;69675000;127;69674892;-111.101;-416.929;-111.101;1033.882;-17672.373;1033.882;69674445;-73.451;8.496;-73.451;12687.334;-16623.736;12687.334
7.230034;69677500;126;;;;;;;;;;;;;;
7.232534;69680000;154;;;;;;;;;;;;;;
7.235034;69682500;141;;;;;;;;;;;;;;
7.237534;69685000;153;;;;;;;;;;;;;;
7.240034;69687500;334;;;;;;;;;;;;;;
7.242534;69690000;221;;;;;;;;;;;;;;
7.245034;69692500;185;;;;;;;;;;;;;;
7.247534;69695000;139;;;;;;;;;;;;;;
7.250034;69697500;153;;;;;;;;;;;;;;
7.252534;69700000;154;;;;;;;;;;;;;;
7.255034;69702500;167;;;;;;;;;;;;;;
7.257534;69705000;154;;;;;;;;;;;;;;
7.260034;69707500;174;69707258;-95.524;-420.598;-95.524;1170.75;-17094.129;1170.75;69706818;-60.872;14.489;-60.872;12626.967;-16827.236;12626.967
7.262534;69710000;170;;;;;;;;;;;;;;
7.265034;69712500;140;;;;;;;;;;;;;;
7.267534;69715000;151;;;;;;;;;;;;;;
7.270034;69717500;132;;;;;;;;;;;;;;
7.272534;69720000;335;;;;;;;;;;;;;;
7.275034;69722500;233;;;;;;;;;;;;;;
7.277534;69725000;174;;;;;;;;;;;;;;
7.280034;69727500;185;;;;;;;;;;;;;;
7.282534;69730000;155;;;;;;;;;;;;;;
7.285034;69732500;160;;;;;;;;;;;;;;
7.287534;69735000;154;;;;;;;;;;;;;;
7.290034;69737500;150;;;;;;;;;;;;;;
7.292534;69740000;152;69739553;-81.787;-424.749;-81.787;1311.275;-16104.235;1311.275;69739104;-51.192;22.072;-51.192;12878.056;-16233.938;12878.056
7.295034;69742500;138;;;;;;;;;;;;;;
7.297534;69745000;174;;;;;;;;;;;;;;
7.300034;69747500;175;;;;;;;;;;;;;;
7.302534;69750000;0;;;;;;;;;;;;;;
7.305034;69752500;313;;;;;;;;;;;;;;
7.307534;69755000;186;;;;;;;;;;;;;;
7.310034;69757500;158;;;;;;;;;;;;;;
7.312534;69760000;155;;;;;;;;;;;;;;
7.315034;69762500;168;;;;;;;;;;;;;;
7.317534;69765000;173;;;;;;;;;;;;;;
7.320034;69767500;156;;;;;;;;;;;;;;
7.322534;69770000;173;;;;;;;;69771216;-43.179;29.942;-43.179;12995.841;-15628.303;12995.841
7.325034;69772500;141;69771656;-72.641;-428.686;-72.641;1210.274;-15369.898;1210.274;;;;;;;
7.327534;69775000;127;;;;;;;;;;;;;;
7.330034;69777500;144;;;;;;;;;;;;;;
7.332534;69780000;125;;;;;;;;;;;;;;
7.335034;69782500;349;;;;;;;;;;;;;;
7.337534;69785000;221;;;;;;;;;;;;;;
7.340034;69787500;174;;;;;;;;;;;;;;
7.342534;69790000;157;;;;;;;;;;;;;;
7.345034;69792500;139;;;;;;;;;;;;;;
7.347534;69795000;152;;;;;;;;;;;;;;
7.350034;69797500;125;;;;;;;;;;;;;;
7.352534;69800000;127;;;;;;;;;;;;;;
7.355034;69802500;140;;;;;;;;69803502;-36.774;37.699;-36.774;12897.299;-15542.075;12897.299
7.357534;69805000;152;69803949;-64.775;-431.64;-64.775;902.573;-14759.778;902.573;;;;;;;
7.360034;69807500;174;;;;;;;;;;;;;;
7.362534;69810000;153;;;;;;;;;;;;;;
7.365034;69812500;141;;;;;;;;;;;;;;
7.367534;69815000;302;;;;;;;;;;;;;;
7.370034;69817500;188;;;;;;;;;;;;;;
7.372534;69820000;170;;;;;;;;;;;;;;
7.375034;69822500;152;;;;;;;;;;;;;;
7.377534;69825000;173;;;;;;;;;;;;;;
7.380034;69827500;156;;;;;;;;;;;;;;
7.382534;69830000;154;;;;;;;;;;;;;;
7.385034;69832500;157;;;;;;;;;;;;;;
7.387534;69835000;127;69834505;-56.473;-434.378;-56.473;720.507;-14334.602;720.507;69834065;-28.994;44.817;-28.994;12580.559;-15769.909;12580.559
7.390034;69837500;125;;;;;;;;;;;;;;
7.392534;69840000;135;;;;;;;;;;;;;;
7.395034;69842500;142;;;;;;;;;;;;;;
7.397534;69845000;0;;;;;;;;;;;;;;
7.400034;69847500;315;;;;;;;;;;;;;;
7.402534;69850000;206;;;;;;;;;;;;;;
7.405034;69852500;156;;;;;;;;;;;;;;
7.407534;69855000;138;;;;;;;;;;;;;;
7.410034;69857500;153;69857245;-47.269;-435.718;-47.269;749.669;-13710.621;749.669;69856798;-25.55;56.1;-25.55;11820.718;-15701.977;11820.718
7.412534;69860000;152;;;;;;;;;;;;;;
7.415034;69862500;144;;;;;;;;;;;;;;
7.417534;69865000;155;;;;;;;;;;;;;;
7.420034;69867500;171;;;;;;;;;;;;;;
7.422534;69870000;152;;;;;;;;;;;;;;
7.425034;69872500;139;;;;;;;;;;;;;;
7.427534;69875000;126;;;;;;;;;;;;;;
7.430034;69877500;361;;;;;;;;;;;;;;
7.432534;69880000;296;;;;;;;;;;;;;;
7.435034;69882500;198;;;;;;;;;;;;;;
7.437534;69885000;171;;;;;;;;;;;;;;
7.440034;69887500;158;;;;;;;;;;;;;;
7.442534;69890000;155;69889350;-33.785;-439.71;-33.785;839.498;-13158.965;839.498;69888910;-9.596;62.341;-9.596;11279.119;-15059.503;11279.119
7.445034;69892500;157;;;;;;;;;;;;;;
7.447534;69895000;135;;;;;;;;;;;;;;
7.450034;69897500;151;;;;;;;;;;;;;;
7.452534;69900000;128;;;;;;;;;;;;;;
7.455034;69902500;142;;;;;;;;;;;;;;
7.457534;69905000;174;;;;;;;;;;;;;;
7.460034;69907500;156;;;;;;;;;;;;;;
7.462534;69910000;312;;;;;;;;;;;;;;
7.465034;69912500;264;;;;;;;;;;;;;;
7.467534;69915000;170;;;;;;;;;;;;;;
7.470034;69917500;157;;;;;;;;;;;;;;
7.472534;69920000;135;69919748;-27.35;-440.636;-27.35;1177.711;-12383.329;1177.711;69919299;0.937;70.015;0.937;10054.976;-13378.152;10054.976
7.475034;69922500;141;;;;;;;;;;;;;;
7.477534;69925000;172;;;;;;;;;;;;;;
7.480034;69927500;155;;;;;;;;;;;;;;
7.482534;69930000;171;;;;;;;;;;;;;;
7.485034;69932500;137;;;;;;;;;;;;;;
7.487534;69935000;143;;;;;;;;;;;;;;
7.490034;69937500;126;;;;;;;;;;;;;;
7.492534;69940000;283;;;;;;;;;;;;;;
7.495034;69942500;329;;;;;;;;;;;;;;
7.497534;69945000;218;;;;;;;;;;;;;;
7.500034;69947500;202;;;;;;;;;;;;;;
7.502534;69950000;167;;;;;;;;69951238;8.948;71.834;8.948;8822.477;-11976.433;8822.477
7.505034;69952500;168;69951678;-17.132;-437.734;-17.132;1768.075;-11832.851;1768.075;;;;;;;
7.507534;69955000;136;;;;;;;;;;;;;;
7.510034;69957500;127;;;;;;;;;;;;;;
7.512534;69960000;153;;;;;;;;;;;;;;
7.515034;69962500;143;;;;;;;;;;;;;;
7.517534;69965000;348;;;;;;;;;;;;;;
7.520034;69967500;222;;;;;;;;;;;;;;
7.522534;69970000;175;;;;;;;;;;;;;;
7.525034;69972500;169;;;;;;;;;;;;;;
7.527534;69975000;137;;;;;;;;;;;;;;
7.530034;69977500;127;;;;;;;;;;;;;;
7.532534;69980000;136;;;;;;;;;;;;;;
7.535034;69982500;140;69983365;-9.608;-438.216;-9.608;1333.171;-10857.521;1333.171;69982916;13.783;77.355;13.783;7696.228;-10784.361;7696.228
7.537534;69985000;170;;;;;;;;;;;;;;
7.540034;69987500;175;;;;;;;;;;;;;;
7.542534;69990000;154;;;;;;;;;;;;;;
7.545034;69992500;140;;;;;;;;;;;;;;
7.547534;69995000;347;;;;;;;;;;;;;;
7.550034;69997500;300;;;;;;;;;;;;;;
7.552534;70000000;204;;;;;;;;;;;;;;
7.555034;70002500;159;;;;;;;;;;;;;;
7.557534;70005000;157;;;;;;;;;;;;;;
7.560034;70007500;158;;;;;;;;;;;;;;
7.562534;70010000;174;;;;;;;;;;;;;;
7.565034;70012500;139;;;;;;;;;;;;;;
7.567534;70015000;128;70015121;-3.015;-442.621;-3.015;1226.7;-10152.77;1226.7;70014681;19.92;80.155;19.92;6706.354;-9594.144;6706.354
7.570034;70017500;127;;;;;;;;;;;;;;
7.572534;70020000;135;;;;;;;;;;;;;;
7.575034;70022500;167;;;;;;;;;;;;;;
7.577534;70025000;155;;;;;;;;;;;;;;
7.580034;70027500;329;;;;;;;;;;;;;;
7.582534;70030000;219;;;;;;;;;;;;;;
7.585034;70032500;158;;;;;;;;;;;;;;
7.587534;70035000;158;;;;;;;;;;;;;;
7.590034;70037500;144;;;;;;;;;;;;;;
7.592534;70040000;136;;;;;;;;;;;;;;
7.595034;70042500;159;;;;;;;;;;;;;;
7.597534;70045000;171;;;;;;;;;;;;;;
7.600034;70047500;157;70046808;1.741;-444.377;1.741;1273.865;-9583.006;1273.865;70046360;22.206;79.874;22.206;6021.911;-8827.874;6021.911
7.602534;70050000;170;;;;;;;;;;;;;;
7.605034;70052500;157;;;;;;;;;;;;;;
7.607534;70055000;127;;;;;;;;;;;;;;
7.610034;70057500;41;;;;;;;;;;;;;;
7.612534;70060000;279;;;;;;;;;;;;;;
7.615034;70062500;217;;;;;;;;;;;;;;
7.617534;70065000;188;;;;;;;;;;;;;;
7.620034;70067500;158;;;;;;;;;;;;;;
7.622534;70070000;174;;;;;;;;;;;;;;
7.625034;70072500;139;;;;;;;;;;;;;;
7.627534;70075000;153;;;;;;;;70076228;27.342;82.365;27.342;5513.44;-8412.293;5513.44
7.630034;70077500;150;70076668;8.114;-446.394;8.114;1169.922;-9122.23;1169.922;;;;;;;
7.632534;70080000;136;;;;;;;;;;;;;;
7.635034;70082500;171;;;;;;;;;;;;;;
7.637534;70085000;155;;;;;;;;;;;;;;
7.640034;70087500;155;;;;;;;;;;;;;;
7.642534;70090000;424;;;;;;;;;;;;;;
7.645034;70092500;238;;;;;;;;;;;;;;
7.647534;70095000;184;;;;;;;;;;;;;;
7.650034;70097500;140;;;;;;;;;;;;;;
7.652534;70100000;156;;;;;;;;;;;;;;
7.655034;70102500;167;;;;;;;;;;;;;;
7.657534;70105000;154;;;;;;;;;;;;;;
7.660034;70107500;175;70108094;16.889;-450.145;16.889;1430.801;-8514.744;1430.801;70107646;20.357;72.543;20.357;5752.706;-8437.491;5752.706
7.662534;70110000;153;;;;;;;;;;;;;;
7.665034;70112500;158;;;;;;;;;;;;;;
7.667534;70115000;153;;;;;;;;;;;;;;
7.670034;70117500;151;;;;;;;;;;;;;;
7.672534;70120000;155;;;;;;;;;;;;;;
7.675034;70122500;347;;;;;;;;;;;;;;
7.677534;70125000;252;;;;;;;;;;;;;;
7.680034;70127500;204;;;;;;;;;;;;;;
7.682534;70130000;160;;;;;;;;;;;;;;
7.685034;70132500;141;;;;;;;;;;;;;;
7.687534;70135000;126;;;;;;;;;;;;;;
7.690034;70137500;144;;;;;;;;;;;;;;
7.692534;70140000;136;70139683;22.071;-449.592;22.071;1088.886;-8072.382;1088.886;70139237;25.177;75.065;25.177;5036.32;-7744.804;5036.32
7.695034;70142500;159;;;;;;;;;;;;;;
7.697534;70145000;153;;;;;;;;;;;;;;
7.700034;70147500;155;;;;;;;;;;;;;;
7.702534;70150000;171;;;;;;;;;;;;;;
7.705034;70152500;335;;;;;;;;;;;;;;
7.707534;70155000;280;;;;;;;;;;;;;;
7.710034;70157500;176;;;;;;;;;;;;;;
7.712534;70160000;142;;;;;;;;;;;;;;
7.715034;70162500;169;;;;;;;;;;;;;;
7.717534;70165000;174;;;;;;;;;;;;;;
7.720034;70167500;174;;;;;;;;;;;;;;
7.722534;70170000;153;;;;;;;;70170829;30.908;77.893;30.908;4539.942;-7200.501;4539.942
7.725034;70172500;139;70171276;28.239;-452.421;28.239;861.192;-7594.825;861.192;;;;;;;
7.727534;70175000;152;;;;;;;;;;;;;;
7.730034;70177500;126;;;;;;;;;;;;;;
7.732534;70180000;126;;;;;;;;;;;;;;
7.735034;70182500;327;;;;;;;;;;;;;;
7.737534;70185000;298;;;;;;;;;;;;;;
7.740034;70187500;223;;;;;;;;;;;;;;
7.742534;70190000;170;;;;;;;;;;;;;;
7.745034;70192500;141;;;;;;;;;;;;;;
7.747534;70195000;126;;;;;;;;;;;;;;
7.750034;70197500;126;;;;;;;;;;;;;;
7.752534;70200000;154;;;;;;;;;;;;;;
7.755034;70202500;168;70202687;32.994;-454.225;32.994;651.882;-7268.459;651.882;70202246;32.95;80.587;32.95;3949.382;-6671.164;3949.382
7.757534;70205000;154;;;;;;;;;;;;;;
7.760034;70207500;156;;;;;;;;;;;;;;
7.762534;70210000;152;;;;;;;;;;;;;;
7.765034;70212500;158;;;;;;;;;;;;;;
7.767534;70215000;365;;;;;;;;;;;;;;
7.770034;70217500;217;;;;;;;;;;;;;;
7.772534;70220000;176;;;;;;;;;;;;;;
7.775034;70222500;169;;;;;;;;;;;;;;
7.777534;70225000;157;;;;;;;;;;;;;;
7.780034;70227500;157;;;;;;;;;;;;;;
7.782534;70230000;154;;;;;;;;;;;;;;
7.785034;70232500;155;70232564;38.683;-456.871;38.683;657.35;-6859.536;657.35;70232116;37.701;83.194;37.701;3688.913;-5775.856;3688.913
7.787534;70235000;144;;;;;;;;;;;;;;
7.790034;70237500;143;;;;;;;;;;;;;;
7.792534;70240000;127;;;;;;;;;;;;;;
7.795034;70242500;142;;;;;;;;;;;;;;
7.797534;70245000;174;;;;;;;;;;;;;;
7.800034;70247500;345;;;;;;;;;;;;;;
7.802534;70250000;236;;;;;;;;;;;;;;
7.805034;70252500;158;;;;;;;;;;;;;;
7.807534;70255000;136;70254594;43.385;-458.361;43.385;918.045;-6463.622;918.045;70254154;41.282;83.811;41.282;3660.218;-4969.5;3660.218
7.810034;70257500;125;;;;;;;;;;;;;;
7.812534;70260000;153;;;;;;;;;;;;;;
7.815034;70262500;142;;;;;;;;;;;;;;
7.817534;70265000;174;;;;;;;;;;;;;;
7.820034;70267500;181;;;;;;;;;;;;;;
7.822534;70270000;155;;;;;;;;;;;;;;
7.825034;70272500;157;;;;;;;;;;;;;;
7.827534;70275000;123;;;;;;;;;;;;;;
7.830034;70277500;391;;;;;;;;;;;;;;
7.832534;70280000;270;;;;;;;;;;;;;;
7.835034;70282500;184;;;;;;;;;;;;;;
7.837534;70285000;189;70286019;47.969;-460.599;47.969;868.206;-6106.753;868.206;70285572;43.408;84.506;43.408;3559.894;-4437.525;3559.894
7.840034;70287500;168;;;;;;;;;;;;;;
7.842534;70290000;174;;;;;;;;;;;;;;
7.845034;70292500;157;;;;;;;;;;;;;;
7.847534;70295000;126;;;;;;;;;;;;;;
7.850034;70297500;143;;;;;;;;;;;;;;
7.852534;70300000;135;;;;;;;;;;;;;;
7.855034;70302500;168;;;;;;;;;;;;;;
7.857534;70305000;182;;;;;;;;;;;;;;
7.860034;70307500;159;;;;;;;;;;;;;;
7.862534;70310000;347;;;;;;;;;;;;;;
7.865034;70312500;216;;;;;;;;;;;;;;
7.867534;70315000;171;70315794;51.932;-462.53;51.932;906.17;-5799.666;906.17;70315354;46.514;85.728;46.514;3792.274;-4054.212;3792.274
7.870034;70317500;153;;;;;;;;;;;;;;
7.872534;70320000;157;;;;;;;;;;;;;;
7.875034;70322500;152;;;;;;;;;;;;;;
7.877534;70325000;156;;;;;;;;;;;;;;
7.880034;70327500;184;;;;;;;;;;;;;;
7.882534;70330000;156;;;;;;;;;;;;;;
7.885034;70332500;158;;;;;;;;;;;;;;
7.887534;70335000;123;;;;;;;;;;;;;;
7.890034;70337500;123;;;;;;;;;;;;;;
7.892534;70340000;359;;;;;;;;;;;;;;
7.895034;70342500;239;;;;;;;;;;;;;;
7.897534;70345000;204;;;;;;;;;;;;;;
7.900034;70347500;172;70347220;55.912;-463.785;55.912;993.862;-5608.557;993.862;70346771;49.538;87.743;49.538;4206.848;-3940.751;4206.848
7.902534;70350000;155;;;;;;;;;;;;;;
7.905034;70352500;158;;;;;;;;;;;;;;
7.907534;70355000;124;;;;;;;;;;;;;;
7.910034;70357500;124;;;;;;;;;;;;;;
7.912534;70360000;172;;;;;;;;;;;;;;
7.915034;70362500;315;;;;;;;;;;;;;;
7.917534;70365000;230;;;;;;;;;;;;;;
7.920034;70367500;186;;;;;;;;;;;;;;
7.922534;70370000;187;70369859;59.771;-464.874;59.771;1188.294;-5372.317;1188.294;70369418;53.235;88.919;53.235;4642.693;-3682.463;4642.693
7.925034;70372500;141;;;;;;;;;;;;;;
7.927534;70375000;124;;;;;;;;;;;;;;
7.930034;70377500;140;;;;;;;;;;;;;;
7.932534;70380000;144;;;;;;;;;;;;;;
7.935034;70382500;234;;;;;;;;;;;;;;
7.937534;70385000;207;;;;;;;;;;;;;;
7.940034;70387500;185;;;;;;;;;;;;;;
7.942534;70390000;174;;;;;;;;;;;;;;
7.945034;70392500;27;;;;;;;;;;;;;;
7.947534;70395000;264;;;;;;;;;;;;;;
7.950034;70397500;173;;;;;;;;;;;;;;
7.952534;70400000;169;70400950;63.072;-466.714;63.072;1436.004;-5174.139;1436.004;70400503;56.771;90.86;56.771;5202.434;-3179.403;5202.434
7.955034;70402500;169;;;;;;;;;;;;;;
7.957534;70405000;171;;;;;;;;;;;;;;
7.960034;70407500;171;;;;;;;;;;;;;;
7.962534;70410000;144;;;;;;;;;;;;;;
7.965034;70412500;159;;;;;;;;;;;;;;
7.967534;70415000;138;;;;;;;;;;;;;;
7.970034;70417500;157;;;;;;;;;;;;;;
7.972534;70420000;158;;;;;;;;;;;;;;
7.975034;70422500;393;;;;;;;;;;;;;;
7.977534;70425000;268;70425419;65.03;-468.821;65.03;2368.704;-4950.432;2368.704;70424979;58.995;96.48;58.995;6781.125;-2942.558;6781.125
7.980034;70427500;185;;;;;;;;;;;;;;
7.982534;70430000;184;;;;;;;;;;;;;;
7.985034;70432500;1292;;;;;;;;;;;;;;
7.987534;70435000;1530;;;;;;;;;;;;;;
7.990034;70437500;1631;;;;;;;;;;;;;;
7.992534;70440000;1719;;;;;;;;;;;;;;
7.995034;70442500;1804;;;;;;;;;;;;;;
7.997534;70445000;1867;;;;;;;;;;;;;;
8.000034;70447500;1820;;;;;;;;;;;;;;
8.002534;70450000;1869;;;;;;;;;;;;;;
8.005034;70452500;1818;;;;;;;;;;;;;;
8.007534;70455000;1768;;;;;;;;70456042;59.199;97.804;59.199;7555.943;-2790.18;7555.943
8.010034;70457500;1801;70456489;69.751;-465.51;69.751;2088.831;-4850.348;2088.831;;;;;;;
8.012534;70460000;1835;;;;;;;;;;;;;;
8.015034;70462500;1865;;;;;;;;;;;;;;
8.017534;70465000;1897;;;;;;;;;;;;;;
8.020034;70467500;1885;;;;;;;;;;;;;;
8.022534;70470000;1856;;;;;;;;;;;;;;
8.025034;70472500;1804;;;;;;;;;;;;;;
8.027534;70475000;1801;;;;;;;;;;;;;;
8.030034;70477500;1818;;;;;;;;;;;;;;
8.032534;70480000;1851;;;;;;;;;;;;;;
8.035034;70482500;1899;;;;;;;;;;;;;;
8.037534;70485000;1943;;;;;;;;;;;;;;
8.040034;70487500;1964;70487566;73.01;-464.127;73.01;1626.952;-4526.018;1626.952;70487126;63.034;100.875;63.034;7417.021;-2396.483;7417.021
8.042534;70490000;1943;;;;;;;;;;;;;;
8.045034;70492500;1929;;;;;;;;;;;;;;
8.047534;70495000;1902;;;;;;;;;;;;;;
8.050034;70497500;1913;;;;;;;;;;;;;;
8.052534;70500000;1945;;;;;;;;;;;;;;
8.055034;70502500;1960;;;;;;;;;;;;;;
8.057534;70505000;1967;;;;;;;;;;;;;;
8.060034;70507500;1931;;;;;;;;;;;;;;
8.062534;70510000;1913;;;;;;;;;;;;;;
8.065034;70512500;1866;;;;;;;;;;;;;;
8.067534;70515000;1849;;;;;;;;;;;;;;
8.070034;70517500;1880;;;;;;;;;;;;;;
8.072534;70520000;1898;70520381;77.711;-468.353;77.711;1549.104;-4273.467;1549.104;70519933;63.128;101.406;63.128;7631.107;-1851.846;7631.107
8.075034;70522500;1943;;;;;;;;;;;;;;
8.077534;70525000;1961;;;;;;;;;;;;;;
8.080034;70527500;1926;;;;;;;;;;;;;;
8.082534;70530000;1852;;;;;;;;;;;;;;
8.085034;70532500;1814;;;;;;;;;;;;;;
8.087534;70535000;1802;;;;;;;;;;;;;;
8.090034;70537500;1870;;;;;;;;;;;;;;
8.092534;70540000;1917;;;;;;;;;;;;;;
8.095034;70542500;1967;;;;;;;;;;;;;;
8.097534;70545000;1998;;;;;;;;;;;;;;
8.100034;70547500;2074;;;;;;;;;;;;;;
8.102534;70550000;2073;;;;;;;;;;;;;;
8.105034;70552500;2030;;;;;;;;;;;;;;
8.107534;70555000;2016;;;;;;;;;;;;;;
8.110034;70557500;2029;;;;;;;;;;;;;;
8.112534;70560000;2091;;;;;;;;;;;;;;
8.115034;70562500;2042;70563079;80.529;-469.506;80.529;1663.712;-4115.793;1663.712;70562639;64.766;104.797;64.766;7393.49;-1647.254;7393.49
8.117534;70565000;2158;;;;;;;;;;;;;;
8.120034;70567500;2136;;;;;;;;;;;;;;
8.122534;70570000;2138;;;;;;;;;;;;;;
8.125034;70572500;2119;;;;;;;;;;;;;;
8.127534;70575000;2093;;;;;;;;;;;;;;
8.130034;70577500;2110;;;;;;;;;;;;;;
8.132534;70580000;2137;;;;;;;;;;;;;;
8.135034;70582500;2168;;;;;;;;;;;;;;
8.137534;70585000;2189;;;;;;;;;;;;;;
8.140034;70587500;2190;;;;;;;;;;;;;;
8.142534;70590000;2172;;;;;;;;;;;;;;
8.145034;70592500;2139;;;;;;;;;;;;;;
8.147534;70595000;2093;70595894;84.146;-469.375;84.146;1808.026;-3947.629;1808.026;70595446;66.835;107.048;66.835;7394.815;-1627.016;7394.815
8.150034;70597500;2120;;;;;;;;;;;;;;
8.152534;70600000;2169;;;;;;;;;;;;;;
8.155034;70602500;2216;;;;;;;;;;;;;;
8.157534;70605000;2270;;;;;;;;;;;;;;
8.160034;70607500;2269;;;;;;;;;;;;;;
8.162534;70610000;2270;;;;;;;;;;;;;;
8.165034;70612500;2238;;;;;;;;;;;;;;
8.167534;70615000;2218;;;;;;;;;;;;;;
8.170034;70617500;2255;;;;;;;;;;;;;;
8.172534;70620000;2283;;;;;;;;;;;;;;
8.175034;70622500;2312;;;;;;;;;;;;;;
8.177534;70625000;2333;70625399;86.514;-469.526;86.514;2399.687;-3920.873;2399.687;70624959;69.764;112.907;69.764;7881.7;-1540.416;7881.7
8.180034;70627500;2296;;;;;;;;;;;;;;
8.182534;70630000;2282;;;;;;;;;;;;;;
8.185034;70632500;2269;;;;;;;;;;;;;;
8.187534;70635000;2265;;;;;;;;;;;;;;
8.190034;70637500;2269;;;;;;;;;;;;;;
8.192534;70640000;2287;;;;;;;;;;;;;;
8.195034;70642500;2349;;;;;;;;;;;;;;
8.197534;70645000;2349;;;;;;;;;;;;;;
8.200034;70647500;2347;;;;;;;;;;;;;;
8.202534;70650000;2332;;;;;;;;;;;;;;
8.205034;70652500;2270;;;;;;;;;;;;;;
8.207534;70655000;2247;;;;;;;;;;;;;;
8.210034;70657500;2267;;;;;;;;;;;;;;
8.212534;70660000;2283;;;;;;;;70661059;72.138;114.576;72.138;8866.177;-902.52;8866.177
8.215034;70662500;2313;70661507;91.339;-472.17;91.339;3046.64;-4104.142;3046.64;;;;;;;
8.217534;70665000;2330;;;;;;;;;;;;;;
8.220034;70667500;2332;;;;;;;;;;;;;;
8.222534;70670000;2263;;;;;;;;;;;;;;
8.225034;70672500;2254;;;;;;;;;;;;;;
8.227534;70675000;2222;;;;;;;;;;;;;;
8.230034;70677500;2222;;;;;;;;;;;;;;
8.232534;70680000;2265;;;;;;;;;;;;;;
8.235034;70682500;2282;;;;;;;;;;;;;;
8.237534;70685000;2300;;;;;;;;;;;;;;
8.240034;70687500;2311;;;;;;;;;;;;;;
8.242534;70690000;2284;;;;;;;;;;;;;;
8.245034;70692500;2239;;;;;;;;;;;;;;
8.247534;70695000;2223;70694219;93.829;-470.021;93.829;2651.496;-4532.872;2651.496;70693778;71.361;118.967;71.361;9492.118;-48.019;9492.118
8.250034;70697500;2220;;;;;;;;;;;;;;
8.252534;70700000;2255;;;;;;;;;;;;;;
8.255034;70702500;2186;;;;;;;;;;;;;;
8.257534;70705000;2313;;;;;;;;;;;;;;
8.260034;70707500;2316;;;;;;;;;;;;;;
8.262534;70710000;2319;;;;;;;;;;;;;;
8.265034;70712500;2297;;;;;;;;;;;;;;
8.267534;70715000;2265;;;;;;;;;;;;;;
8.270034;70717500;2268;;;;;;;;;;;;;;
8.272534;70720000;2296;;;;;;;;;;;;;;
8.275034;70722500;2315;;;;;;;;;;;;;;
8.277534;70725000;2336;70725223;96.848;-468.925;96.848;2598.984;-4283.041;2598.984;70724776;70.197;119.881;70.197;9161.45;-228.93;9161.45
8.280034;70727500;2331;;;;;;;;;;;;;;
8.282534;70730000;2300;;;;;;;;;;;;;;
8.285034;70732500;2236;;;;;;;;;;;;;;
8.287534;70735000;2267;;;;;;;;;;;;;;
8.290034;70737500;2256;;;;;;;;;;;;;;
8.292534;70740000;2284;;;;;;;;;;;;;;
8.295034;70742500;2328;;;;;;;;;;;;;;
8.297534;70745000;2351;;;;;;;;;;;;;;
8.300034;70747500;2351;;;;;;;;;;;;;;
8.302534;70750000;2345;;;;;;;;;;;;;;
8.305034;70752500;2317;;;;;;;;;;;;;;
8.307534;70755000;2302;;;;;;;;;;;;;;
8.310034;70757500;2298;70757936;99.283;-469.165;99.283;2458.534;-4132.764;2458.534;70757495;71.695;123.897;71.695;8765.94;-434.046;8765.94
8.312534;70760000;2330;;;;;;;;;;;;;;
8.315034;70762500;2377;;;;;;;;;;;;;;
8.317534;70765000;2392;;;;;;;;;;;;;;
8.320034;70767500;2040;;;;;;;;;;;;;;
8.322534;70770000;2382;;;;;;;;;;;;;;
8.325034;70772500;2393;;;;;;;;;;;;;;
8.327534;70775000;2378;;;;;;;;;;;;;;
8.330034;70777500;2396;;;;;;;;;;;;;;
8.332534;70780000;2426;;;;;;;;;;;;;;
8.335034;70782500;2473;;;;;;;;;;;;;;
8.337534;70785000;2504;;;;;;;;;;;;;;
8.340034;70787500;2506;;;;;;;;;;;;;;
8.342534;70790000;2495;70790662;100.925;-468.661;100.925;2270.42;-3916.501;2270.42;70790215;72.496;128.365;72.496;8380.581;-718.594;8380.581
8.345034;70792500;2458;;;;;;;;;;;;;;
8.347534;70795000;2443;;;;;;;;;;;;;;
8.350034;70797500;2441;;;;;;;;;;;;;;
8.352534;70800000;2140;;;;;;;;;;;;;;
8.355034;70802500;2488;;;;;;;;;;;;;;
8.357534;70805000;2506;;;;;;;;;;;;;;
8.360034;70807500;2496;;;;;;;;;;;;;;
8.362534;70810000;2474;;;;;;;;;;;;;;
8.365034;70812500;2441;;;;;;;;;;;;;;
8.367534;70815000;2430;;;;;;;;;;;;;;
8.370034;70817500;2424;;;;;;;;;;;;;;
8.372534;70820000;2448;;;;;;;;;;;;;;
8.375034;70822500;2502;70823549;103.339;-468.927;103.339;2083.837;-3604.301;2083.837;70823109;74.306;131.103;74.306;8032.864;-679.164;8032.864
8.377534;70825000;2521;;;;;;;;;;;;;;
8.380034;70827500;2509;;;;;;;;;;;;;;
8.382534;70830000;2488;;;;;;;;;;;;;;
8.385034;70832500;2429;;;;;;;;;;;;;;
8.387534;70835000;2427;;;;;;;;;;;;;;
8.390034;70837500;2440;;;;;;;;;;;;;;
8.392534;70840000;2442;;;;;;;;;;;;;;
8.395034;70842500;2474;;;;;;;;;;;;;;
8.397534;70845000;2494;;;;;;;;;;;;;;
8.400034;70847500;2504;;;;;;;;;;;;;;
8.402534;70850000;2476;;;;;;;;;;;;;;
8.405034;70852500;2456;;;;;;;;;;;;;;
8.407534;70855000;2442;;;;;;;;70856002;76.227;134.155;76.227;7724.846;-235.269;7724.846
8.410034;70857500;2440;70856449;105.828;-467.19;105.828;1640.145;-3274.023;1640.145;;;;;;;
8.412534;70860000;2445;;;;;;;;;;;;;;
8.415034;70862500;2475;;;;;;;;;;;;;;
8.417534;70865000;2460;;;;;;;;;;;;;;
8.420034;70867500;2493;;;;;;;;;;;;;;
8.422534;70870000;2462;;;;;;;;;;;;;;
8.425034;70872500;2442;;;;;;;;;;;;;;
8.427534;70875000;2410;;;;;;;;;;;;;;
8.430034;70877500;2424;;;;;;;;;;;;;;
8.432534;70880000;2442;;;;;;;;;;;;;;
8.435034;70882500;2474;;;;;;;;;;;;;;
8.437534;70885000;2489;;;;;;;;;;;;;;
8.440034;70887500;2489;70887700;108.222;-466.443;108.222;1370.013;-2905.572;1370.013;70887259;76.802;136.579;76.802;7375.792;679.932;7375.792
8.442534;70890000;2461;;;;;;;;;;;;;;
8.445034;70892500;2440;;;;;;;;;;;;;;
8.447534;70895000;2414;;;;;;;;;;;;;;
8.450034;70897500;2365;;;;;;;;;;;;;;
8.452534;70900000;2428;;;;;;;;;;;;;;
8.455034;70902500;2457;;;;;;;;;;;;;;
8.457534;70905000;2478;;;;;;;;;;;;;;
8.460034;70907500;2472;;;;;;;;;;;;;;
8.462534;70910000;2458;;;;;;;;;;;;;;
8.465034;70912500;2425;;;;;;;;;;;;;;
8.467534;70915000;2408;;;;;;;;;;;;;;
8.470034;70917500;2399;;;;;;;;;;;;;;
8.472534;70920000;2430;70920513;108.954;-467.936;108.954;885.012;-2609.794;885.012;70920066;76.195;140.413;76.195;6309.627;1559.436;6309.627
8.475034;70922500;2458;;;;;;;;;;;;;;
8.477534;70925000;2488;;;;;;;;;;;;;;
8.480034;70927500;2464;;;;;;;;;;;;;;
8.482534;70930000;2103;;;;;;;;;;;;;;
8.485034;70932500;2428;;;;;;;;;;;;;;
8.487534;70935000;2410;;;;;;;;;;;;;;
8.490034;70937500;2415;;;;;;;;;;;;;;
8.492534;70940000;2439;;;;;;;;;;;;;;
8.495034;70942500;2458;;;;;;;;;;;;;;
8.497534;70945000;2475;;;;;;;;;;;;;;
8.500034;70947500;2479;;;;;;;;;;;;;;
8.502534;70950000;2457;;;;;;;;;;;;;;
8.505034;70952500;2431;;;;;;;;;;;;;;
8.507534;70955000;2410;;;;;;;;;;;;;;
8.510034;70957500;2412;;;;;;;;;;;;;;
8.512534;70960000;2426;;;;;;;;;;;;;;
8.515034;70962500;2317;70962778;109.448;-469.342;109.448;504.324;-2293.366;504.324;70962337;75.435;143.439;75.435;5621.833;1658.651;5621.833
8.517534;70965000;2470;;;;;;;;;;;;;;
8.520034;70967500;2472;;;;;;;;;;;;;;
8.522534;70970000;2457;;;;;;;;;;;;;;
8.525034;70972500;2425;;;;;;;;;;;;;;
8.527534;70975000;2346;;;;;;;;;;;;;;
8.530034;70977500;2359;;;;;;;;;;;;;;
8.532534;70980000;2378;;;;;;;;;;;;;;
8.535034;70982500;2376;;;;;;;;;;;;;;
8.537534;70985000;2312;;;;;;;;;;;;;;
8.540034;70987500;2297;;;;;;;;;;;;;;
8.542534;70990000;2249;;;;;;;;;;;;;;
8.545034;70992500;2218;;;;;;;;;;;;;;
8.547534;70995000;2189;70994378;110.124;-469.256;110.124;706.17;-2066.698;706.17;70993929;75.153;144.734;75.153;5070.804;1846.531;5070.804
8.550034;70997500;2168;;;;;;;;;;;;;;
8.552534;71000000;2184;;;;;;;;;;;;;;
8.555034;71002500;2188;;;;;;;;;;;;;;
8.557534;71005000;2205;;;;;;;;;;;;;;
8.560034;71007500;2153;;;;;;;;;;;;;;
8.562534;71010000;2096;;;;;;;;;;;;;;
8.565034;71012500;2094;;;;;;;;;;;;;;
8.567534;71015000;2091;;;;;;;;;;;;;;
8.570034;71017500;2094;;;;;;;;;;;;;;
8.572534;71020000;2174;;;;;;;;;;;;;;
8.575034;71022500;2236;71022841;112.999;-471.773;112.999;1017.799;-1870.613;1017.799;71022401;75.159;143.835;75.159;4754.264;1825.517;4754.264
8.577534;71025000;1960;;;;;;;;;;;;;;
8.580034;71027500;1303;;;;;;;;;;;;;;
8.582534;71030000;863;;;;;;;;;;;;;;
8.585034;71032500;524;;;;;;;;;;;;;;
8.587534;71035000;297;;;;;;;;;;;;;;
8.590034;71037500;216;;;;;;;;;;;;;;
8.592534;71040000;188;;;;;;;;;;;;;;
8.595034;71042500;172;;;;;;;;;;;;;;
8.597534;71045000;185;;;;;;;;;;;;;;
8.600034;71047500;187;;;;;;;;;;;;;;
8.602534;71050000;173;;;;;;;;;;;;;;
8.605034;71052500;155;;;;;;;;;;;;;;
8.607534;71055000;158;;;;;;;;;;;;;;
8.610034;71057500;138;71057559;113.309;-473.75;113.309;679.909;-1707.083;679.909;71057112;74.567;144.464;74.567;4332.8;1921.929;4332.8
8.612534;71060000;144;;;;;;;;;;;;;;
8.615034;71062500;186;;;;;;;;;;;;;;
8.617534;71065000;191;;;;;;;;;;;;;;
8.620034;71067500;201;;;;;;;;;;;;;;
8.622534;71070000;361;;;;;;;;;;;;;;
8.625034;71072500;222;;;;;;;;;;;;;;
8.627534;71075000;185;;;;;;;;;;;;;;
8.630034;71077500;167;;;;;;;;;;;;;;
8.632534;71080000;170;;;;;;;;;;;;;;
8.635034;71082500;156;;;;;;;;;;;;;;
8.637534;71085000;190;;;;;;;;;;;;;;
8.640034;71087500;175;;;;;;;;71088703;74.413;145.39;74.413;3999.785;2011.77;3999.785
8.642534;71090000;169;71089143;114.067;-474.194;114.067;736.039;-1621.291;736.039;;;;;;;
8.645034;71092500;153;;;;;;;;;;;;;;
8.647534;71095000;157;;;;;;;;;;;;;;
8.650034;71097500;154;;;;;;;;;;;;;;
8.652534;71100000;0;;;;;;;;;;;;;;
8.655034;71102500;313;;;;;;;;;;;;;;
8.657534;71105000;232;;;;;;;;;;;;;;
8.660034;71107500;216;;;;;;;;;;;;;;
8.662534;71110000;191;;;;;;;;;;;;;;
8.665034;71112500;154;;;;;;;;;;;;;;
8.667534;71115000;156;;;;;;;;;;;;;;
8.670034;71117500;157;;;;;;;;71118745;72.882;146.337;72.882;3675.546;2249.369;3675.546
8.672534;71120000;141;71119193;114.641;-474.884;114.641;822.174;-1567.789;822.174;;;;;;;
8.675034;71122500;182;;;;;;;;;;;;;;
8.677534;71125000;171;;;;;;;;;;;;;;
8.680034;71127500;187;;;;;;;;;;;;;;
8.682534;71130000;382;;;;;;;;;;;;;;
8.685034;71132500;232;;;;;;;;;;;;;;
8.687534;71135000;185;;;;;;;;;;;;;;
8.690034;71137500;141;;;;;;;;;;;;;;
8.692534;71140000;171;;;;;;;;;;;;;;
8.695034;71142500;173;;;;;;;;;;;;;;
8.697534;71145000;187;;;;;;;;;;;;;;
8.700034;71147500;187;;;;;;;;;;;;;;
8.702534;71150000;160;71150777;115.936;-475.156;115.936;1123.628;-1569.025;1123.628;71150337;72.178;146.212;72.178;3469.019;2053.338;3469.019
8.705034;71152500;168;;;;;;;;;;;;;;
8.707534;71155000;137;;;;;;;;;;;;;;
8.710034;71157500;137;;;;;;;;;;;;;;
8.712534;71160000;167;;;;;;;;;;;;;;
8.715034;71162500;157;;;;;;;;;;;;;;
8.717534;71165000;379;;;;;;;;;;;;;;
8.720034;71167500;249;;;;;;;;;;;;;;
8.722534;71170000;188;;;;;;;;;;;;;;
8.725034;71172500;158;;;;;;;;;;;;;;
8.727534;71175000;140;;;;;;;;;;;;;;
8.730034;71177500;154;;;;;;;;;;;;;;
8.732534;71180000;142;;;;;;;;;;;;;;
8.735034;71182500;172;71182550;117.258;-475.2;117.258;1020.197;-1491.886;1020.197;71182102;74.895;146.02;74.895;3988.568;1137.796;3988.568
8.737534;71185000;170;;;;;;;;;;;;;;
8.740034;71187500;170;;;;;;;;;;;;;;
8.742534;71190000;166;;;;;;;;;;;;;;
8.745034;71192500;143;;;;;;;;;;;;;;
8.747534;71195000;136;;;;;;;;;;;;;;
8.750034;71197500;269;;;;;;;;;;;;;;
8.752534;71200000;188;;;;;;;;;;;;;;
8.755034;71202500;170;;;;;;;;;;;;;;
8.757534;71205000;170;;;;;;;;;;;;;;
8.760034;71207500;170;;;;;;;;;;;;;;
8.762534;71210000;159;;;;;;;;;;;;;;
8.765034;71212500;152;;;;;;;;;;;;;;
8.767534;71215000;156;71215176;118.538;-475.279;118.538;1220.749;-1537.167;1220.749;71214736;75.243;147.186;75.243;4168.889;946.156;4168.889
8.770034;71217500;136;;;;;;;;;;;;;;
8.772534;71220000;139;;;;;;;;;;;;;;
8.775034;71222500;153;;;;;;;;;;;;;;
8.777534;71225000;264;;;;;;;;;;;;;;
8.780034;71227500;328;;;;;;;;;;;;;;
8.782534;71230000;234;;;;;;;;;;;;;;
8.785034;71232500;168;;;;;;;;;;;;;;
8.787534;71235000;140;;;;;;;;;;;;;;
8.790034;71237500;137;;;;;;;;;;;;;;
8.792534;71240000;165;;;;;;;;;;;;;;
8.795034;71242500;157;;;;;;;;;;;;;;
8.797534;71245000;190;;;;;;;;;;;;;;
8.800034;71247500;171;71247991;119.272;-475.805;119.272;1285.274;-1457.683;1285.274;71247542;75.33;148.904;75.33;4290.757;772.848;4290.757
8.802534;71250000;167;;;;;;;;;;;;;;
8.805034;71252500;169;;;;;;;;;;;;;;
8.807534;71255000;152;;;;;;;;;;;;;;
8.810034;71257500;399;;;;;;;;;;;;;;
8.812534;71260000;220;;;;;;;;;;;;;;
8.815034;71262500;207;;;;;;;;;;;;;;
8.817534;71265000;1899;;;;;;;;;;;;;;
8.820034;71267500;1182;;;;;;;;;;;;;;
8.822534;71270000;1063;;;;;;;;;;;;;;
8.825034;71272500;956;;;;;;;;;;;;;;
8.827534;71275000;889;;;;;;;;;;;;;;
8.830034;71277500;874;;;;;;;;71278713;75.315;151.145;75.315;4296.282;679.081;4296.282
8.832534;71280000;1001;71279154;120.202;-475.677;120.202;1394.698;-1439.487;1394.698;;;;;;;
8.835034;71282500;1066;;;;;;;;;;;;;;
8.837534;71285000;1144;;;;;;;;;;;;;;
8.840034;71287500;1145;;;;;;;;;;;;;;
8.842534;71290000;1225;;;;;;;;;;;;;;
8.845034;71292500;1208;;;;;;;;;;;;;;
8.847534;71295000;1175;;;;;;;;;;;;;;
8.850034;71297500;1231;;;;;;;;;;;;;;
8.852534;71300000;1262;;;;;;;;;;;;;;
8.855034;71302500;1385;;;;;;;;;;;;;;
8.857534;71305000;1480;;;;;;;;;;;;;;
8.860034;71307500;1462;;;;;;;;;;;;;;
8.862534;71310000;1439;;;;;;;;;;;;;;
8.865034;71312500;1404;71311969;120.865;-475.524;120.865;1362.151;-1383.7;1362.151;71311520;75.1;152.805;75.1;4188.655;503.815;4188.655
8.867534;71315000;1374;;;;;;;;;;;;;;
8.870034;71317500;1430;;;;;;;;;;;;;;
8.872534;71320000;1511;;;;;;;;;;;;;;
8.875034;71322500;1535;;;;;;;;;;;;;;
8.877534;71325000;1627;;;;;;;;;;;;;;
8.880034;71327500;1627;;;;;;;;;;;;;;
8.882534;71330000;1575;;;;;;;;;;;;;;
8.885034;71332500;1558;;;;;;;;;;;;;;
8.887534;71335000;1559;;;;;;;;;;;;;;
8.890034;71337500;1548;;;;;;;;;;;;;;
8.892534;71340000;1610;;;;;;;;;;;;;;
8.895034;71342500;1660;;;;;;;;;;;;;;
8.897534;71345000;1688;71344767;122.184;-475.581;122.184;1358.793;-1341.202;1358.793;71344327;76.036;154.614;76.036;4058.41;306.249;4058.41
8.900034;71347500;1695;;;;;;;;;;;;;;
8.902534;71350000;1626;;;;;;;;;;;;;;
8.905034;71352500;1594;;;;;;;;;;;;;;
8.907534;71355000;1519;;;;;;;;;;;;;;
8.910034;71357500;1577;;;;;;;;;;;;;;
8.912534;71360000;1643;;;;;;;;;;;;;;
8.915034;71362500;1708;;;;;;;;;;;;;;
8.917534;71365000;1768;;;;;;;;;;;;;;
8.920034;71367500;1767;;;;;;;;;;;;;;
8.922534;71370000;1710;;;;;;;;;;;;;;
8.925034;71372500;1674;;;;;;;;;;;;;;
8.927534;71375000;1660;;;;;;;;;;;;;;
8.930034;71377500;1659;71377582;123.175;-475.445;123.175;1385.354;-1258.392;1385.354;71377133;76.077;155.539;76.077;3977.115;341.686;3977.115
8.932534;71380000;1705;;;;;;;;;;;;;;
8.935034;71382500;1757;;;;;;;;;;;;;;
8.937534;71385000;1658;;;;;;;;;;;;;;
8.940034;71387500;1784;;;;;;;;;;;;;;
8.942534;71390000;1742;;;;;;;;;;;;;;
8.945034;71392500;1712;;;;;;;;;;;;;;
8.947534;71395000;1694;;;;;;;;;;;;;;
8.950034;71397500;1704;;;;;;;;;;;;;;
8.952534;71400000;1753;;;;;;;;;;;;;;
8.955034;71402500;1785;;;;;;;;;;;;;;
8.957534;71405000;1821;;;;;;;;;;;;;;
8.960034;71407500;1816;;;;;;;;;;;;;;
8.962534;71410000;1774;71410380;124.562;-475.823;124.562;1364.648;-1149.973;1364.648;71409939;76.25;156.912;76.25;3900.759;454.54;3900.759
8.965034;71412500;1740;;;;;;;;;;;;;;
8.967534;71415000;1722;;;;;;;;;;;;;;
8.970034;71417500;1608;;;;;;;;;;;;;;
8.972534;71420000;1737;;;;;;;;;;;;;;
8.975034;71422500;1805;;;;;;;;;;;;;;
8.977534;71425000;1807;;;;;;;;;;;;;;
8.980034;71427500;1833;;;;;;;;;;;;;;
8.982534;71430000;1771;;;;;;;;;;;;;;
8.985034;71432500;1752;;;;;;;;;;;;;;
8.987534;71435000;1721;;;;;;;;;;;;;;
8.990034;71437500;1704;;;;;;;;;;;;;;
8.992534;71440000;1769;;;;;;;;71441110;75.933;158.229;75.933;3799.783;470.75;3799.783
8.995034;71442500;1784;71441559;125.386;-475.498;125.386;1367.728;-1133.161;1367.728;;;;;;;
8.997534;71445000;1834;;;;;;;;;;;;;;
9.000034;71447500;1847;;;;;;;;;;;;;;
9.002534;71450000;1789;;;;;;;;;;;;;;
9.005034;71452500;1739;;;;;;;;;;;;;;
9.007534;71455000;1695;;;;;;;;;;;;;;
9.010034;71457500;1709;;;;;;;;;;;;;;
9.012534;71460000;1767;;;;;;;;;;;;;;
9.015034;71462500;1822;;;;;;;;;;;;;;
9.017534;71465000;1880;;;;;;;;;;;;;;
9.020034;71467500;1895;;;;;;;;;;;;;;
9.022534;71470000;1849;;;;;;;;;;;;;;
9.025034;71472500;1802;;;;;;;;;;;;;;
9.027534;71475000;1769;71474357;125.552;-475.282;125.552;1296.717;-1108.441;1296.717;71473917;76.126;159.919;76.126;3624.669;366.275;3624.669
9.030034;71477500;1774;;;;;;;;;;;;;;
9.032534;71480000;1805;;;;;;;;;;;;;;
9.035034;71482500;1866;;;;;;;;;;;;;;
9.037534;71485000;1850;;;;;;;;;;;;;;
9.040034;71487500;1886;;;;;;;;;;;;;;
9.042534;71490000;1866;;;;;;;;;;;;;;
9.045034;71492500;1832;;;;;;;;;;;;;;
9.047534;71495000;1774;;;;;;;;;;;;;;
9.050034;71497500;1791;;;;;;;;;;;;;;
9.052534;71500000;1836;;;;;;;;;;;;;;
9.055034;71502500;1897;;;;;;;;;;;;;;
9.057534;71505000;1916;;;;;;;;;;;;;;
9.060034;71507500;1914;71507170;126.509;-474.795;126.509;1231.881;-1030.269;1231.881;71506723;76.108;163.061;76.108;3335.811;403.524;3335.811
9.062534;71510000;1853;;;;;;;;;;;;;;
9.065034;71512500;1849;;;;;;;;;;;;;;
9.067534;71515000;1835;;;;;;;;;;;;;;
9.070034;71517500;1757;;;;;;;;;;;;;;
9.072534;71520000;1864;;;;;;;;;;;;;;
9.075034;71522500;1928;;;;;;;;;;;;;;
9.077534;71525000;1948;;;;;;;;;;;;;;
9.080034;71527500;1966;;;;;;;;;;;;;;
9.082534;71530000;1947;;;;;;;;;;;;;;
9.085034;71532500;1882;;;;;;;;;;;;;;
9.087534;71535000;1852;;;;;;;;;;;;;;
9.090034;71537500;1869;;;;;;;;;;;;;;
9.092534;71540000;1899;;;;;;;;;;;;;;
9.095034;71542500;1944;;;;;;;;;;;;;;
9.097534;71545000;1980;;;;;;;;;;;;;;
9.100034;71547500;1724;;;;;;;;;;;;;;
9.102534;71550000;1931;71549870;126.485;-474.833;126.485;1164.162;-971.755;1164.162;71549430;75.578;162.856;75.578;3204.02;177.285;3204.02
9.105034;71552500;1928;;;;;;;;;;;;;;
9.107534;71555000;1897;;;;;;;;;;;;;;
9.110034;71557500;1911;;;;;;;;;;;;;;
9.112534;71560000;1951;;;;;;;;;;;;;;
9.115034;71562500;1982;;;;;;;;;;;;;;
9.117534;71565000;2011;;;;;;;;;;;;;;
9.120034;71567500;2028;;;;;;;;;;;;;;
9.122534;71570000;1992;;;;;;;;;;;;;;
9.125034;71572500;1946;;;;;;;;;;;;;;
9.127534;71575000;1932;;;;;;;;;;;;;;
9.130034;71577500;1932;;;;;;;;;;;;;;
9.132534;71580000;1608;;;;;;;;;;;;;;
9.135034;71582500;1996;71582597;126.755;-474.68;126.755;1139.641;-917.043;1139.641;71582150;75.819;162.674;75.819;3070.069;-118.142;3070.069
9.137534;71585000;2043;;;;;;;;;;;;;;
9.140034;71587500;2044;;;;;;;;;;;;;;
9.142534;71590000;2015;;;;;;;;;;;;;;
9.145034;71592500;1993;;;;;;;;;;;;;;
9.147534;71595000;1947;;;;;;;;;;;;;;
9.150034;71597500;1981;;;;;;;;;;;;;;
9.152534;71600000;2025;;;;;;;;;;;;;;
9.155034;71602500;2063;;;;;;;;;;;;;;
9.157534;71605000;2125;;;;;;;;;;;;;;
9.160034;71607500;2106;;;;;;;;;;;;;;
9.162534;71610000;2075;;;;;;;;;;;;;;
9.165034;71612500;2043;;;;;;;;;;;;;;
9.167534;71615000;2014;71615396;126.907;-475.145;126.907;1092.284;-882.566;1092.284;71614956;75.981;162.684;75.981;2906.503;-369.485;2906.503
9.170034;71617500;2027;;;;;;;;;;;;;;
9.172534;71620000;2045;;;;;;;;;;;;;;
9.175034;71622500;2103;;;;;;;;;;;;;;
9.177534;71625000;2120;;;;;;;;;;;;;;
9.180034;71627500;2122;;;;;;;;;;;;;;
9.182534;71630000;2110;;;;;;;;;;;;;;
9.185034;71632500;2064;;;;;;;;;;;;;;
9.187534;71635000;2016;;;;;;;;;;;;;;
9.190034;71637500;2043;;;;;;;;;;;;;;
9.192534;71640000;2089;;;;;;;;;;;;;;
9.195034;71642500;2125;;;;;;;;;;;;;;
9.197534;71645000;2155;;;;;;;;;;;;;;
9.200034;71647500;2152;71648210;127.528;-475.251;127.528;1053.42;-857.25;1053.42;71647763;76.989;163.053;76.989;2795.303;-405.698;2795.303
9.202534;71650000;2119;;;;;;;;;;;;;;
9.205034;71652500;2096;;;;;;;;;;;;;;
9.207534;71655000;2074;;;;;;;;;;;;;;
9.210034;71657500;2043;;;;;;;;;;;;;;
9.212534;71660000;2111;;;;;;;;;;;;;;
9.215034;71662500;2153;;;;;;;;;;;;;;
9.217534;71665000;2203;;;;;;;;;;;;;;
9.220034;71667500;2175;;;;;;;;;;;;;;
9.222534;71670000;2136;;;;;;;;;;;;;;
9.225034;71672500;2121;;;;;;;;;;;;;;
9.227534;71675000;2092;;;;;;;;;;;;;;
9.230034;71677500;2105;;;;;;;;;;;;;;
9.232534;71680000;2123;71679374;128.691;-476.59;128.691;1126.749;-860.762;1126.749;71678934;78.538;163.745;78.538;2701.038;-576.163;2701.038
9.235034;71682500;2143;;;;;;;;;;;;;;
9.237534;71685000;2170;;;;;;;;;;;;;;
9.240034;71687500;2190;;;;;;;;;;;;;;
9.242534;71690000;2120;;;;;;;;;;;;;;
9.245034;71692500;2104;;;;;;;;;;;;;;
9.247534;71695000;2090;;;;;;;;;;;;;;
9.250034;71697500;2080;;;;;;;;;;;;;;
9.252534;71700000;2107;;;;;;;;;;;;;;
9.255034;71702500;2157;;;;;;;;;;;;;;
9.257534;71705000;2171;;;;;;;;;;;;;;
9.260034;71707500;2167;;;;;;;;;;;;;;
9.262534;71710000;2144;;;;;;;;;;;;;;
9.265034;71712500;2125;71712189;128.637;-476.337;128.637;1248.912;-892.974;1248.912;71711740;79.131;163.671;79.131;2753.236;-981.792;2753.236
9.267534;71715000;2105;;;;;;;;;;;;;;
9.270034;71717500;2105;;;;;;;;;;;;;;
9.272534;71720000;2140;;;;;;;;;;;;;;
9.275034;71722500;2140;;;;;;;;;;;;;;
9.277534;71725000;2201;;;;;;;;;;;;;;
9.280034;71727500;2204;;;;;;;;;;;;;;
9.282534;71730000;2170;;;;;;;;;;;;;;
9.285034;71732500;2137;;;;;;;;;;;;;;
9.287534;71735000;2110;;;;;;;;;;;;;;
9.290034;71737500;2138;;;;;;;;;;;;;;
9.292534;71740000;2168;;;;;;;;;;;;;;
9.295034;71742500;2203;;;;;;;;;;;;;;
9.297534;71745000;2232;71744987;128.232;-475.419;128.232;1382.904;-873.701;1382.904;71744547;80.115;164.363;80.115;2785.324;-1145.328;2785.324
9.300034;71747500;2232;;;;;;;;;;;;;;
9.302534;71750000;2202;;;;;;;;;;;;;;
9.305034;71752500;2184;;;;;;;;;;;;;;
9.307534;71755000;2077;;;;;;;;;;;;;;
9.310034;71757500;2143;;;;;;;;;;;;;;
9.312534;71760000;2217;;;;;;;;;;;;;;
9.315034;71762500;2220;;;;;;;;;;;;;;
9.317534;71765000;2250;;;;;;;;;;;;;;
9.320034;71767500;2252;;;;;;;;;;;;;;
9.322534;71770000;2216;;;;;;;;;;;;;;
9.325034;71772500;2188;;;;;;;;;;;;;;
9.327534;71775000;2153;;;;;;;;;;;;;;
9.330034;71777500;2168;71777889;127.939;-474.743;127.939;1405.196;-860.641;1405.196;71777440;80.416;166.082;80.416;2773.371;-969.499;2773.371
9.332534;71780000;2216;;;;;;;;;;;;;;
9.335034;71782500;2236;;;;;;;;;;;;;;
9.337534;71785000;1880;;;;;;;;;;;;;;
9.340034;71787500;2237;;;;;;;;;;;;;;
9.342534;71790000;2222;;;;;;;;;;;;;;
9.345034;71792500;2187;;;;;;;;;;;;;;
9.347534;71795000;2170;;;;;;;;;;;;;;
9.350034;71797500;2168;;;;;;;;;;;;;;
9.352534;71800000;2216;;;;;;;;;;;;;;
9.355034;71802500;2222;;;;;;;;;;;;;;
9.357534;71805000;2268;;;;;;;;;;;;;;
9.360034;71807500;2254;;;;;;;;;;;;;;
9.362534;71810000;2220;71810687;128.331;-474.32;128.331;1328.811;-816.296;1328.811;71810247;81.263;166.684;81.263;2709.952;-713.649;2709.952
9.365034;71812500;2205;;;;;;;;;;;;;;
9.367534;71815000;2188;;;;;;;;;;;;;;
9.370034;71817500;2174;;;;;;;;;;;;;;
9.372534;71820000;2205;;;;;;;;;;;;;;
9.375034;71822500;2263;;;;;;;;;;;;;;
9.377534;71825000;2280;;;;;;;;;;;;;;
9.380034;71827500;2280;;;;;;;;;;;;;;
9.382534;71830000;2248;;;;;;;;;;;;;;
9.385034;71832500;2219;;;;;;;;;;;;;;
9.387534;71835000;2205;;;;;;;;;;;;;;
9.390034;71837500;2230;;;;;;;;;;;;;;
9.392534;71840000;2222;;;;;;;;;;;;;;
9.395034;71842500;2266;71841866;128.881;-473.687;128.881;1136.808;-770.669;1136.808;71841418;81.854;167.14;81.854;2624.767;74.971;2624.767
9.397534;71845000;2299;;;;;;;;;;;;;;
9.400034;71847500;2286;;;;;;;;;;;;;;
9.402534;71850000;2265;;;;;;;;;;;;;;
9.405034;71852500;2222;;;;;;;;;;;;;;
9.407534;71855000;2200;;;;;;;;;;;;;;
9.410034;71857500;2233;;;;;;;;;;;;;;
9.412534;71860000;2254;;;;;;;;;;;;;;
9.415034;71862500;2285;;;;;;;;;;;;;;
9.417534;71865000;2301;;;;;;;;;;;;;;
9.420034;71867500;2317;;;;;;;;;;;;;;
9.422534;71870000;2271;;;;;;;;;;;;;;
9.425034;71872500;2253;;;;;;;;;;;;;;
9.427534;71875000;2251;71874491;129.086;-473.329;129.086;975.843;-673.51;975.843;71874050;80.586;170.287;80.586;2388.529;1949.41;2388.529
9.430034;71877500;2237;;;;;;;;;;;;;;
9.432534;71880000;2285;;;;;;;;;;;;;;
9.435034;71882500;2312;;;;;;;;;;;;;;
9.437534;71885000;2284;;;;;;;;;;;;;;
9.440034;71887500;2328;;;;;;;;;;;;;;
9.442534;71890000;2317;;;;;;;;;;;;;;
9.445034;71892500;2282;;;;;;;;;;;;;;
9.447534;71895000;2266;;;;;;;;;;;;;;
9.450034;71897500;2256;;;;;;;;;;;;;;
9.452534;71900000;2297;;;;;;;;;;;;;;
9.455034;71902500;2335;;;;;;;;;;;;;;
9.457534;71905000;2365;;;;;;;;;;;;;;
9.460034;71907500;2364;71907130;131.855;-469.945;131.855;713.551;-619.71;713.551;71906683;80.119;168.422;80.119;1621.165;3535.002;1621.165
9.462534;71910000;2327;;;;;;;;;;;;;;
9.465034;71912500;2315;;;;;;;;;;;;;;
9.467534;71915000;2297;;;;;;;;;;;;;;
9.470034;71917500;2230;;;;;;;;;;;;;;
9.472534;71920000;2329;;;;;;;;;;;;;;
9.475034;71922500;2365;;;;;;;;;;;;;;
9.477534;71925000;2367;;;;;;;;;;;;;;
9.480034;71927500;2367;;;;;;;;;;;;;;
9.482534;71930000;2349;;;;;;;;;;;;;;
9.485034;71932500;2314;;;;;;;;;;;;;;
9.487534;71935000;2298;;;;;;;;;;;;;;
9.490034;71937500;2300;;;;;;;;;;;;;;
9.492534;71940000;2317;;;;;;;;;;;;;;
9.495034;71942500;2359;;;;;;;;;;;;;;
9.497534;71945000;2384;;;;;;;;;;;;;;
9.500034;71947500;2216;;;;;;;;;;;;;;
9.502534;71950000;2330;71949657;134.961;-473.599;134.961;134.936;-348.974;134.936;71949216;76.589;170.865;76.589;987.544;4587.627;987.544
9.505034;71952500;2313;;;;;;;;;;;;;;
9.507534;71955000;2280;;;;;;;;;;;;;;
9.510034;71957500;2280;;;;;;;;;;;;;;
9.512534;71960000;2319;;;;;;;;;;;;;;
9.515034;71962500;2333;;;;;;;;;;;;;;
9.517534;71965000;2346;;;;;;;;;;;;;;
9.520034;71967500;2347;;;;;;;;;;;;;;
9.522534;71970000;2313;;;;;;;;;;;;;;
9.525034;71972500;2271;;;;;;;;;;;;;;
9.527534;71975000;2265;;;;;;;;;;;;;;
9.530034;71977500;2264;;;;;;;;;;;;;;
9.532534;71980000;2172;;;;;;;;;;;;;;
9.535034;71982500;2313;71981775;133.88;-471.714;133.88;116.814;-326.275;116.814;71981328;72.54;170.166;72.54;899.667;4371.808;899.667
9.537534;71985000;2361;;;;;;;;;;;;;;
9.540034;71987500;2331;;;;;;;;;;;;;;
9.542534;71990000;2316;;;;;;;;;;;;;;
9.545034;71992500;2270;;;;;;;;;;;;;;
9.547534;71995000;2264;;;;;;;;;;;;;;
9.550034;71997500;2250;;;;;;;;;;;;;;
9.552534;72000000;2255;;;;;;;;;;;;;;
9.555034;72002500;2298;;;;;;;;;;;;;;
9.557534;72005000;2314;;;;;;;;;;;;;;
9.560034;72007500;2316;;;;;;;;;;;;;;
9.562534;72010000;2264;;;;;;;;;;;;;;
9.565034;72012500;2174;72013012;134.75;-472.54;134.75;244.848;-249.149;244.848;72012571;71.273;169.045;71.273;1001.684;4148.843;1001.684
9.567534;72015000;2104;;;;;;;;;;;;;;
9.570034;72017500;2057;;;;;;;;;;;;;;
9.572534;72020000;2073;;;;;;;;;;;;;;
9.575034;72022500;2095;;;;;;;;;;;;;;
9.577534;72025000;2111;;;;;;;;;;;;;;
9.580034;72027500;2089;;;;;;;;;;;;;;
9.582534;72030000;2044;;;;;;;;;;;;;;
9.585034;72032500;2024;;;;;;;;;;;;;;
9.587534;72035000;1976;;;;;;;;;;;;;;
9.590034;72037500;1934;;;;;;;;;;;;;;
9.592534;72040000;1865;;;;;;;;;;;;;;
9.595034;72042500;1769;;;;;;;;;;;;;;
9.597534;72045000;1802;72044523;134.814;-473.667;134.814;280.293;-189.442;280.293;72044076;69.68;168.462;69.68;1055.724;4027.151;1055.724
9.600034;72047500;2026;;;;;;;;;;;;;;
9.602534;72050000;2007;;;;;;;;;;;;;;
9.605034;72052500;1321;;;;;;;;;;;;;;
9.607534;72055000;808;;;;;;;;;;;;;;
9.610034;72057500;521;;;;;;;;;;;;;;
9.612534;72060000;326;;;;;;;;;;;;;;
9.615034;72062500;238;;;;;;;;;;;;;;
9.617534;72065000;236;;;;;;;;;;;;;;
9.620034;72067500;217;;;;;;;;;;;;;;
9.622534;72070000;174;;;;;;;;;;;;;;
9.625034;72072500;156;;;;;;;;;;;;;;
9.627534;72075000;152;72074472;134.521;-474.756;134.521;329.279;-174.282;329.279;72074032;67.416;167.865;67.416;1186.688;3898.856;1186.688
9.630034;72077500;158;;;;;;;;;;;;;;
9.632534;72080000;172;;;;;;;;;;;;;;
9.635034;72082500;187;;;;;;;;;;;;;;
9.637534;72085000;183;;;;;;;;;;;;;;
9.640034;72087500;19;;;;;;;;;;;;;;
9.642534;72090000;319;;;;;;;;;;;;;;
9.645034;72092500;203;;;;;;;;;;;;;;
9.647534;72095000;184;;;;;;;;72096157;64.289;168.03;64.289;1384.604;3733.225;1384.604
9.650034;72097500;141;72096604;133.968;-475.229;133.968;497.877;-206.693;497.877;;;;;;;
9.652534;72100000;151;;;;;;;;;;;;;;
9.655034;72102500;183;;;;;;;;;;;;;;
9.657534;72105000;170;;;;;;;;;;;;;;
9.660034;72107500;172;;;;;;;;;;;;;;
9.662534;72110000;168;;;;;;;;;;;;;;
9.665034;72112500;153;;;;;;;;;;;;;;
9.667534;72115000;159;;;;;;;;;;;;;;
9.670034;72117500;139;;;;;;;;;;;;;;
9.672534;72120000;376;;;;;;;;;;;;;;
9.675034;72122500;251;72121690;133.821;-474.52;133.821;593.296;-228.733;593.296;72121250;61.734;168.315;61.734;1522.749;3467.376;1522.749
9.677534;72125000;232;;;;;;;;;;;;;;
9.680034;72127500;186;;;;;;;;;;;;;;
9.682534;72130000;186;;;;;;;;;;;;;;
9.685034;72132500;170;;;;;;;;;;;;;;
9.687534;72135000;157;;;;;;;;;;;;;;
9.690034;72137500;155;;;;;;;;;;;;;;
9.692534;72140000;140;;;;;;;;;;;;;;
9.695034;72142500;158;;;;;;;;;;;;;;
9.697534;72145000;171;;;;;;;;;;;;;;
9.700034;72147500;172;72148511;133.511;-474.767;133.511;570.631;-195.859;570.631;72148064;59.599;168.012;59.599;1557.299;3103.695;1557.299
9.702534;72150000;285;;;;;;;;;;;;;;
9.705034;72152500;300;;;;;;;;;;;;;;
9.707534;72155000;189;;;;;;;;;;;;;;
9.710034;72157500;170;;;;;;;;;;;;;;
9.712534;72160000;154;;;;;;;;;;;;;;
9.715034;72162500;183;;;;;;;;;;;;;;
9.717534;72165000;171;;;;;;;;;;;;;;
9.720034;72167500;190;;;;;;;;;;;;;;
9.722534;72170000;158;;;;;;;;;;;;;;
9.725034;72172500;169;;;;;;;;;;;;;;
9.727534;72175000;156;;;;;;;;;;;;;;
9.730034;72177500;138;;;;;;;;;;;;;;
9.732534;72180000;0;72179747;133.875;-475.056;133.875;378.474;-171.629;378.474;72179307;58.571;165.706;58.571;1366.121;2528.51;1366.121
9.735034;72182500;315;;;;;;;;;;;;;;
9.737534;72185000;251;;;;;;;;;;;;;;
9.740034;72187500;216;;;;;;;;;;;;;;
9.742534;72190000;170;;;;;;;;;;;;;;
9.745034;72192500;171;;;;;;;;;;;;;;
9.747534;72195000;139;;;;;;;;;;;;;;
9.750034;72197500;136;;;;;;;;;;;;;;
9.752534;72200000;170;;;;;;;;;;;;;;
9.755034;72202500;152;;;;;;;;;;;;;;
9.757534;72205000;318;;;;;;;;;;;;;;
9.760034;72207500;238;;;;;;;;;;;;;;
9.762534;72210000;202;;;;;;;;72211075;57.216;167.266;57.216;1755.44;980.647;1755.44
9.765034;72212500;156;72211522;132.134;-476.612;132.134;728.363;-323.172;728.363;;;;;;;
9.767534;72215000;139;;;;;;;;;;;;;;
9.770034;72217500;155;;;;;;;;;;;;;;
9.772534;72220000;141;;;;;;;;;;;;;;
9.775034;72222500;174;;;;;;;;;;;;;;
9.777534;72225000;168;;;;;;;;;;;;;;
9.780034;72227500;0;;;;;;;;;;;;;;
9.782534;72230000;315;;;;;;;;;;;;;;
9.785034;72232500;217;;;;;;;;;;;;;;
9.787534;72235000;153;;;;;;;;;;;;;;
9.790034;72237500;139;;;;;;;;;;;;;;
9.792534;72240000;140;;;;;;;;;;;;;;
9.795034;72242500;175;72242425;133.439;-476.114;133.439;763.258;-478.076;763.258;72241985;58.18;165.936;58.18;1962.543;178.24;1962.543
9.797534;72245000;169;;;;;;;;;;;;;;
9.800034;72247500;169;;;;;;;;;;;;;;
9.802534;72250000;155;;;;;;;;;;;;;;
9.805034;72252500;142;;;;;;;;;;;;;;
9.807534;72255000;63;;;;;;;;;;;;;;
9.810034;72257500;237;;;;;;;;;;;;;;
9.812534;72260000;175;;;;;;;;;;;;;;
9.815034;72262500;167;;;;;;;;;;;;;;
9.817534;72265000;171;;;;;;;;;;;;;;
9.820034;72267500;188;;;;;;;;;;;;;;
9.822534;72270000;174;;;;;;;;;;;;;;
9.825034;72272500;141;;;;;;;;;;;;;;
9.827534;72275000;124;72274980;134.538;-476.422;134.538;784.157;-468.61;784.157;72274531;58.595;166.929;58.595;2045.541;65.64;2045.541
9.830034;72277500;122;;;;;;;;;;;;;;
9.832534;72280000;188;;;;;;;;;;;;;;
9.835034;72282500;1336;;;;;;;;;;;;;;
9.837534;72285000;1631;;;;;;;;;;;;;;
9.840034;72287500;1719;;;;;;;;;;;;;;
9.842534;72290000;1689;;;;;;;;;;;;;;
9.845034;72292500;1695;;;;;;;;;;;;;;
9.847534;72295000;1754;;;;;;;;;;;;;;
9.850034;72297500;1736;;;;;;;;;;;;;;
9.852534;72300000;1791;;;;;;;;;;;;;;
9.855034;72302500;1856;;;;;;;;;;;;;;
9.857534;72305000;1901;;;;;;;;;;;;;;
9.860034;72307500;1902;72307431;134.509;-476.366;134.509;746.262;-439.054;746.262;72306991;58.697;167.562;58.697;1995.764;9.858;1995.764
9.862534;72310000;1929;;;;;;;;;;;;;;
9.865034;72312500;1936;;;;;;;;;;;;;;
9.867534;72315000;1902;;;;;;;;;;;;;;
9.870034;72317500;1804;;;;;;;;;;;;;;
9.872534;72320000;1983;;;;;;;;;;;;;;
9.875034;72322500;2040;;;;;;;;;;;;;;
9.877534;72325000;2048;;;;;;;;;;;;;;
9.880034;72327500;2073;;;;;;;;;;;;;;
9.882534;72330000;2043;;;;;;;;;;;;;;
9.885034;72332500;2009;;;;;;;;;;;;;;
9.887534;72335000;2009;;;;;;;;;;;;;;
9.890034;72337500;2026;;;;;;;;;;;;;;
9.892534;72340000;2030;;;;;;;;;;;;;;
9.895034;72342500;2090;;;;;;;;;;;;;;
9.897534;72345000;2126;;;;;;;;;;;;;;
9.900034;72347500;2124;;;;;;;;;;;;;;
9.902534;72350000;2079;72349711;134.299;-476.777;134.299;677.449;-435.477;677.449;72349263;58.928;168.438;58.928;1901.226;-119.697;1901.226
9.905034;72352500;2088;;;;;;;;;;;;;;
9.907534;72355000;2060;;;;;;;;;;;;;;
9.910034;72357500;2047;;;;;;;;;;;;;;
9.912534;72360000;2104;;;;;;;;;;;;;;
9.915034;72362500;2121;;;;;;;;;;;;;;
9.917534;72365000;2137;;;;;;;;;;;;;;
9.920034;72367500;2136;;;;;;;;;;;;;;
9.922534;72370000;2108;;;;;;;;;;;;;;
9.925034;72372500;2064;;;;;;;;;;;;;;
9.927534;72375000;2042;;;;;;;;;;;;;;
9.930034;72377500;2058;;;;;;;;;;;;;;
9.932534;72380000;2091;;;;;;;;;;;;;;
9.935034;72382500;2108;72382336;134.288;-478.101;134.288;673.326;-511.265;673.326;72381896;58.989;167.787;58.989;1948.352;-310.15;1948.352
9.937534;72385000;2135;;;;;;;;;;;;;;
9.940034;72387500;2153;;;;;;;;;;;;;;
9.942534;72390000;2119;;;;;;;;;;;;;;
9.945034;72392500;2094;;;;;;;;;;;;;;
9.947534;72395000;2073;;;;;;;;;;;;;;
9.950034;72397500;2060;;;;;;;;;;;;;;
9.952534;72400000;2075;;;;;;;;;;;;;;
9.955034;72402500;2122;;;;;;;;;;;;;;
9.957534;72405000;2139;;;;;;;;;;;;;;
9.960034;72407500;2126;;;;;;;;;;;;;;
9.962534;72410000;2104;;;;;;;;;;;;;;
9.965034;72412500;2090;;;;;;;;;;;;;;
9.967534;72415000;2061;72414978;134.417;-478.443;134.417;765.222;-537.327;765.222;72414529;59.48;168.139;59.48;2116.059;-568.517;2116.059
9.970034;72417500;2106;;;;;;;;;;;;;;
9.972534;72420000;2135;;;;;;;;;;;;;;
9.975034;72422500;2169;;;;;;;;;;;;;;
9.977534;72425000;2188;;;;;;;;;;;;;;
9.980034;72427500;2184;;;;;;;;;;;;;;
9.982534;72430000;2158;;;;;;;;;;;;;;
9.985034;72432500;2136;;;;;;;;;;;;;;
9.987534;72435000;2123;;;;;;;;;;;;;;
9.990034;72437500;2127;;;;;;;;;;;;;;
9.992534;72440000;2141;;;;;;;;;;;;;;
9.995034;72442500;2172;;;;;;;;;;;;;;
9.997534;72445000;2189;;;;;;;;;;;;;;
10.000034;72447500;2173;72447602;134.315;-478.573;134.315;807.461;-525.336;807.461;72447162;60.325;168.845;60.325;2229.444;-800.841;2229.444
10.002534;72450000;2168;;;;;;;;;;;;;;
10.005034;72452500;2138;;;;;;;;;;;;;;
10.007534;72455000;2107;;;;;;;;;;;;;;
10.010034;72457500;2112;;;;;;;;;;;;;;
10.012534;72460000;2169;;;;;;;;;;;;;;
10.015034;72462500;2190;;;;;;;;;;;;;;
10.017534;72465000;2231;;;;;;;;;;;;;;
10.020034;72467500;2219;;;;;;;;;;;;;;
10.022534;72470000;2217;;;;;;;;;;;;;;
10.025034;72472500;2160;;;;;;;;;;;;;;
10.027534;72475000;2168;;;;;;;;;;;;;;
10.030034;72477500;2153;72478606;134.639;-478.014;134.639;862.463;-492.944;862.463;72478159;60.816;168.968;60.816;2311.347;-941.049;2311.347
10.032534;72480000;2172;;;;;;;;;;;;;;
10.035034;72482500;2215;;;;;;;;;;;;;;
10.037534;72485000;2231;;;;;;;;;;;;;;
10.040034;72487500;2205;;;;;;;;;;;;;;
10.042534;72490000;2184;;;;;;;;;;;;;;
10.045034;72492500;2170;;;;;;;;;;;;;;
10.047534;72495000;2157;;;;;;;;;;;;;;
10.050034;72497500;2172;;;;;;;;;;;;;;
10.052534;72500000;2218;;;;;;;;;;;;;;
10.055034;72502500;2247;;;;;;;;;;;;;;
10.057534;72505000;2265;;;;;;;;;;;;;;
10.060034;72507500;2283;;;;;;;;;;;;;;
10.062534;72510000;2264;72511233;134.763;-477.372;134.763;923.903;-488.422;923.903;72510792;61.496;170.688;61.496;2335.342;-1101.809;2335.342
10.065034;72512500;2255;;;;;;;;;;;;;;
10.067534;72515000;2246;;;;;;;;;;;;;;
10.070034;72517500;2236;;;;;;;;;;;;;;
10.072534;72520000;2287;;;;;;;;;;;;;;
10.075034;72522500;2312;;;;;;;;;;;;;;
10.077534;72525000;2346;;;;;;;;;;;;;;
10.080034;72527500;2327;;;;;;;;;;;;;;
10.082534;72530000;2318;;;;;;;;;;;;;;
10.085034;72532500;2264;;;;;;;;;;;;;;
10.087534;72535000;2234;;;;;;;;;;;;;;
10.090034;72537500;2263;;;;;;;;;;;;;;
10.092534;72540000;2272;;;;;;;;;;;;;;
10.095034;72542500;2317;;;;;;;;72543512;62.264;171.547;62.264;2402.325;-1421.656;2402.325
10.097534;72545000;2343;72543959;135.211;-477.318;135.211;953.395;-534.001;953.395;;;;;;;
10.100034;72547500;2334;;;;;;;;;;;;;;
10.102534;72550000;2298;;;;;;;;;;;;;;
10.105034;72552500;2284;;;;;;;;;;;;;;
10.107534;72555000;2254;;;;;;;;;;;;;;
10.110034;72557500;2296;;;;;;;;;;;;;;
10.112534;72560000;2334;;;;;;;;;;;;;;
10.115034;72562500;2346;;;;;;;;;;;;;;
10.117534;72565000;2379;;;;;;;;;;;;;;
10.120034;72567500;2360;;;;;;;;;;;;;;
10.122534;72570000;2352;;;;;;;;;;;;;;
10.125034;72572500;2333;;;;;;;;;;;;;;
10.127534;72575000;2314;;;;;;;;72576232;63.08;172.126;63.08;2373.646;-1529.074;2373.646
10.130034;72577500;2317;72576672;134.953;-478.157;134.953;922.35;-506.863;922.35;;;;;;;
10.132534;72580000;2332;;;;;;;;;;;;;;
10.135034;72582500;2348;;;;;;;;;;;;;;
10.137534;72585000;2042;;;;;;;;;;;;;;
10.140034;72587500;2365;;;;;;;;;;;;;;
10.142534;72590000;2350;;;;;;;;;;;;;;
10.145034;72592500;2327;;;;;;;;;;;;;;
10.147534;72595000;2316;;;;;;;;;;;;;;
10.150034;72597500;2329;;;;;;;;;;;;;;
10.152534;72600000;2335;;;;;;;;;;;;;;
10.155034;72602500;2351;;;;;;;;;;;;;;
10.157534;72605000;2391;;;;;;;;;;;;;;
10.160034;72607500;2377;;;;;;;;;;;;;;
10.162534;72610000;2348;72609398;135.013;-477.893;135.013;932.67;-513.02;932.67;72608951;63.537;171.749;63.537;2416.839;-1777.682;2416.839
10.165034;72612500;2331;;;;;;;;;;;;;;
10.167534;72615000;2313;;;;;;;;;;;;;;
10.170034;72617500;2156;;;;;;;;;;;;;;
10.172534;72620000;2328;;;;;;;;;;;;;;
10.175034;72622500;2346;;;;;;;;;;;;;;
10.177534;72625000;2347;;;;;;;;;;;;;;
10.180034;72627500;2362;;;;;;;;;;;;;;
10.182534;72630000;2343;;;;;;;;;;;;;;
10.185034;72632500;2303;;;;;;;;;;;;;;
10.187534;72635000;2296;;;;;;;;;;;;;;
10.190034;72637500;2297;;;;;;;;;;;;;;
10.192534;72640000;2331;72640476;134.82;-478.069;134.82;929.349;-513.619;929.349;72640035;64.429;171.884;64.429;2407.559;-2056.298;2407.559
10.195034;72642500;2347;;;;;;;;;;;;;;
10.197534;72645000;2379;;;;;;;;;;;;;;
10.200034;72647500;2380;;;;;;;;;;;;;;
10.202534;72650000;2012;;;;;;;;;;;;;;
10.205034;72652500;2330;;;;;;;;;;;;;;
10.207534;72655000;2343;;;;;;;;;;;;;;
10.210034;72657500;2348;;;;;;;;;;;;;;
10.212534;72660000;2351;;;;;;;;;;;;;;
10.215034;72662500;2378;;;;;;;;;;;;;;
10.217534;72665000;2392;;;;;;;;;;;;;;
10.220034;72667500;2382;;;;;;;;;;;;;;
10.222534;72670000;2363;;;;;;;;;;;;;;
10.225034;72672500;2333;72673204;134.807;-478.169;134.807;927.507;-526.875;927.507;72672755;65.685;172.221;65.685;2440.306;-2221.233;2440.306
10.227534;72675000;2317;;;;;;;;;;;;;;
10.230034;72677500;2335;;;;;;;;;;;;;;
10.232534;72680000;2346;;;;;;;;;;;;;;
10.235034;72682500;2010;;;;;;;;;;;;;;
10.237534;72685000;2363;;;;;;;;;;;;;;
10.240034;72687500;2378;;;;;;;;;;;;;;
10.242534;72690000;2363;;;;;;;;;;;;;;
10.245034;72692500;2327;;;;;;;;;;;;;;
10.247534;72695000;2333;;;;;;;;;;;;;;
10.250034;72697500;2330;;;;;;;;;;;;;;
10.252534;72700000;2346;;;;;;;;;;;;;;
10.255034;72702500;2367;;;;;;;;;;;;;;
10.257534;72705000;2367;72705915;135.076;-478.313;135.076;919.631;-507.094;919.631;72705475;66.988;172.717;66.988;2460.041;-2203.797;2460.041
10.260034;72707500;2377;;;;;;;;;;;;;;
10.262534;72710000;2350;;;;;;;;;;;;;;
10.265034;72712500;2331;;;;;;;;;;;;;;
10.267534;72715000;2215;;;;;;;;;;;;;;
10.270034;72717500;2318;;;;;;;;;;;;;;
10.272534;72720000;2352;;;;;;;;;;;;;;
10.275034;72722500;2364;;;;;;;;;;;;;;
10.277534;72725000;2392;;;;;;;;;;;;;;
10.280034;72727500;2382;;;;;;;;;;;;;;
10.282534;72730000;2361;;;;;;;;;;;;;;
10.285034;72732500;2327;;;;;;;;;;;;;;
10.287534;72735000;2332;;;;;;;;;;;;;;
10.290034;72737500;2326;;;;;;;;;;;;;;
10.292534;72740000;2359;;;;;;;;;;;;;;
10.295034;72742500;2378;;;;;;;;;;;;;;
10.297534;72745000;2381;;;;;;;;;;;;;;
10.300034;72747500;2346;72748544;135.136;-478.248;135.136;940.587;-510.614;940.587;72748095;68.512;173.42;68.512;2485.789;-2243.669;2485.789
10.302534;72750000;2347;;;;;;;;;;;;;;
10.305034;72752500;2328;;;;;;;;;;;;;;
10.307534;72755000;2313;;;;;;;;;;;;;;
10.310034;72757500;2319;;;;;;;;;;;;;;
10.312534;72760000;2347;;;;;;;;;;;;;;
10.315034;72762500;2359;;;;;;;;;;;;;;
10.317534;72765000;2363;;;;;;;;;;;;;;
10.320034;72767500;2363;;;;;;;;;;;;;;
10.322534;72770000;2336;;;;;;;;;;;;;;
10.325034;72772500;2334;;;;;;;;;;;;;;
10.327534;72775000;2314;;;;;;;;;;;;;;
10.330034;72777500;2318;;;;;;;;;;;;;;
10.332534;72780000;2296;;;;;;;;72780815;69.588;173.954;69.588;2483.562;-2240.861;2483.562
10.335034;72782500;2359;72781255;134.973;-478.095;134.973;889.62;-517.896;889.62;;;;;;;
10.337534;72785000;2359;;;;;;;;;;;;;;
10.340034;72787500;2362;;;;;;;;;;;;;;
10.342534;72790000;2350;;;;;;;;;;;;;;
10.345034;72792500;2331;;;;;;;;;;;;;;
10.347534;72795000;2316;;;;;;;;;;;;;;
10.350034;72797500;2331;;;;;;;;;;;;;;
10.352534;72800000;2348;;;;;;;;;;;;;;
10.355034;72802500;2360;;;;;;;;;;;;;;
10.357534;72805000;2375;;;;;;;;;;;;;;
10.360034;72807500;2375;;;;;;;;;;;;;;
10.362534;72810000;2349;;;;;;;;;;;;;;
10.365034;72812500;2271;;;;;;;;72813534;70.891;174.004;70.891;2470.946;-2288.505;2470.946
10.367534;72815000;2329;72813981;135.16;-478.2;135.16;834.202;-516.939;834.202;;;;;;;
10.370034;72817500;2319;;;;;;;;;;;;;;
10.372534;72820000;2343;;;;;;;;;;;;;;
10.375034;72822500;2364;;;;;;;;;;;;;;
10.377534;72825000;2363;;;;;;;;;;;;;;
10.380034;72827500;2348;;;;;;;;;;;;;;
10.382534;72830000;2362;;;;;;;;;;;;;;
10.385034;72832500;2332;;;;;;;;;;;;;;
10.387534;72835000;2327;;;;;;;;;;;;;;
10.390034;72837500;2334;;;;;;;;;;;;;;
10.392534;72840000;2346;;;;;;;;;;;;;;
10.395034;72842500;2366;;;;;;;;;;;;;;
10.397534;72845000;2365;;;;;;;;;;;;;;
10.400034;72847500;2377;72846694;135.38;-478.044;135.38;813.929;-510.779;813.929;72846254;72.038;174.478;72.038;2422.211;-2350.393;2422.211
10.402534;72850000;2362;;;;;;;;;;;;;;
10.405034;72852500;2348;;;;;;;;;;;;;;
10.407534;72855000;1930;;;;;;;;;;;;;;
10.410034;72857500;2315;;;;;;;;;;;;;;
10.412534;72860000;2350;;;;;;;;;;;;;;
10.415034;72862500;2365;;;;;;;;;;;;;;
10.417534;72865000;2375;;;;;;;;;;;;;;
10.420034;72867500;2377;;;;;;;;;;;;;;
10.422534;72870000;2365;;;;;;;;;;;;;;
10.425034;72872500;2344;;;;;;;;;;;;;;
10.427534;72875000;2331;;;;;;;;;;;;;;
10.430034;72877500;2361;72877785;135.321;-478.352;135.321;771.045;-501.428;771.045;72877338;73.676;175.026;73.676;2322.538;-2490.998;2322.538
10.432534;72880000;2348;;;;;;;;;;;;;;
10.435034;72882500;2382;;;;;;;;;;;;;;
10.437534;72885000;2399;;;;;;;;;;;;;;
10.440034;72887500;2251;;;;;;;;;;;;;;
10.442534;72890000;2377;;;;;;;;;;;;;;
10.445034;72892500;2360;;;;;;;;;;;;;;
10.447534;72895000;2342;;;;;;;;;;;;;;
10.450034;72897500;2335;;;;;;;;;;;;;;
10.452534;72900000;2366;;;;;;;;;;;;;;
10.455034;72902500;2381;;;;;;;;;;;;;;
10.457534;72905000;2380;;;;;;;;;;;;;;
10.460034;72907500;2395;;;;;;;;;;;;;;
10.462534;72910000;2361;72910498;135.302;-478.432;135.302;756.556;-489.044;756.556;72910058;74.823;175.242;74.823;2276.411;-2533.136;2276.411
10.465034;72912500;2333;;;;;;;;;;;;;;
10.467534;72915000;2344;;;;;;;;;;;;;;
10.470034;72917500;2345;;;;;;;;;;;;;;
10.472534;72920000;2091;;;;;;;;;;;;;;
10.475034;72922500;2363;;;;;;;;;;;;;;
10.477534;72925000;2367;;;;;;;;;;;;;;
10.480034;72927500;2367;;;;;;;;;;;;;;
10.482534;72930000;2361;;;;;;;;;;;;;;
10.485034;72932500;2344;;;;;;;;;;;;;;
10.487534;72935000;2304;;;;;;;;;;;;;;
10.490034;72937500;2330;;;;;;;;;;;;;;
10.492534;72940000;2348;;;;;;;;;;;;;;
10.495034;72942500;2362;72943226;135.399;-478.642;135.399;755.915;-481.217;755.915;72942778;76.285;175.599;76.285;2245.278;-2586.292;2245.278
10.497534;72945000;2364;;;;;;;;;;;;;;
10.500034;72947500;2365;;;;;;;;;;;;;;
10.502534;72950000;2332;;;;;;;;;;;;;;
10.505034;72952500;2234;;;;;;;;;;;;;;
10.507534;72955000;2327;;;;;;;;;;;;;;
10.510034;72957500;2327;;;;;;;;;;;;;;
10.512534;72960000;2347;;;;;;;;;;;;;;
10.515034;72962500;2366;;;;;;;;;;;;;;
10.517534;72965000;2367;;;;;;;;;;;;;;
10.520034;72967500;2365;;;;;;;;;;;;;;
10.522534;72970000;2345;;;;;;;;;;;;;;
10.525034;72972500;2327;;;;;;;;;;;;;;
10.527534;72975000;2327;72975938;135.181;-478.713;135.181;739.12;-480.344;739.12;72975497;77.827;175.902;77.827;2247.202;-2587.79;2247.202
10.530034;72977500;2345;;;;;;;;;;;;;;
10.532534;72980000;2361;;;;;;;;;;;;;;
10.535034;72982500;2362;;;;;;;;;;;;;;
10.537534;72985000;2344;;;;;;;;;;;;;;
10.540034;72987500;2365;;;;;;;;;;;;;;
10.542534;72990000;2347;;;;;;;;;;;;;;
10.545034;72992500;2319;;;;;;;;;;;;;;
10.547534;72995000;2319;;;;;;;;;;;;;;
10.550034;72997500;2331;;;;;;;;;;;;;;
10.552534;73000000;2335;;;;;;;;;;;;;;
10.555034;73002500;2351;;;;;;;;;;;;;;
10.557534;73005000;2368;;;;;;;;;;;;;;
10.560034;73007500;2364;73008666;135.455;-478.763;135.455;746.789;-464.201;746.789;73008217;79.224;176.202;79.224;2249.904;-2517.463;2249.904
10.562534;73010000;2351;;;;;;;;;;;;;;
10.565034;73012500;2335;;;;;;;;;;;;;;
10.567534;73015000;2316;;;;;;;;;;;;;;
10.570034;73017500;2317;;;;;;;;;;;;;;
10.572534;73020000;2348;;;;;;;;;;;;;;
10.575034;73022500;2363;;;;;;;;;;;;;;
10.577534;73025000;2366;;;;;;;;;;;;;;
10.580034;73027500;2376;;;;;;;;;;;;;;
10.582534;73030000;2344;;;;;;;;;;;;;;
10.585034;73032500;2331;;;;;;;;;;;;;;
10.587534;73035000;2328;;;;;;;;;;;;;;
10.590034;73037500;2332;;;;;;;;;;;;;;
10.592534;73040000;2348;73039741;135.734;-478.962;135.734;722.574;-450.179;722.574;73039301;80.527;176.542;80.527;2231.034;-2455.902;2231.034
10.595034;73042500;2378;;;;;;;;;;;;;;
10.597534;73045000;2378;;;;;;;;;;;;;;
10.600034;73047500;2376;;;;;;;;;;;;;;
10.602534;73050000;2334;;;;;;;;;;;;;;
10.605034;73052500;2344;;;;;;;;;;;;;;
10.607534;73055000;2331;;;;;;;;;;;;;;
10.610034;73057500;2345;;;;;;;;;;;;;;
10.612534;73060000;2359;;;;;;;;;;;;;;
10.615034;73062500;2380;;;;;;;;;;;;;;
10.617534;73065000;2365;;;;;;;;;;;;;;
10.620034;73067500;2380;;;;;;;;;;;;;;
10.622534;73070000;2350;;;;;;;;;;;;;;
10.625034;73072500;2343;73072470;135.962;-479.006;135.962;693.445;-432.045;693.445;73072021;82.046;176.901;82.046;2178.982;-2342.732;2178.982
10.627534;73075000;2334;;;;;;;;;;;;;;
10.630034;73077500;2350;;;;;;;;;;;;;;
10.632534;73080000;2375;;;;;;;;;;;;;;
10.635034;73082500;2335;;;;;;;;;;;;;;
10.637534;73085000;2364;;;;;;;;;;;;;;
10.640034;73087500;2367;;;;;;;;;;;;;;
10.642534;73090000;2360;;;;;;;;;;;;;;
10.645034;73092500;2336;;;;;;;;;;;;;;
10.647534;73095000;2330;;;;;;;;;;;;;;
10.650034;73097500;2349;;;;;;;;;;;;;;
10.652534;73100000;2352;;;;;;;;;;;;;;
10.655034;73102500;2367;;;;;;;;;;;;;;
10.657534;73105000;2383;73105181;135.965;-478.766;135.965;656.148;-393.818;656.148;73104741;83.098;177.09;83.098;2098.908;-2245.283;2098.908
10.660034;73107500;2361;;;;;;;;;;;;;;
10.662534;73110000;2361;;;;;;;;;;;;;;
10.665034;73112500;2349;;;;;;;;;;;;;;
10.667534;73115000;1960;;;;;;;;;;;;;;
10.670034;73117500;2346;;;;;;;;;;;;;;
10.672534;73120000;2360;;;;;;;;;;;;;;
10.675034;73122500;2380;;;;;;;;;;;;;;
10.677534;73125000;2368;;;;;;;;;;;;;;
10.680034;73127500;2379;;;;;;;;;;;;;;
10.682534;73130000;2366;;;;;;;;;;;;;;
10.685034;73132500;2345;;;;;;;;;;;;;;
10.687534;73135000;2333;;;;;;;;;;;;;;
10.690034;73137500;2345;73137908;135.737;-478.923;135.737;629.466;-370.189;629.466;73137460;83.939;177.215;83.939;2028.963;-2200.831;2028.963
10.692534;73140000;2363;;;;;;;;;;;;;;
10.695034;73142500;2383;;;;;;;;;;;;;;
10.697534;73145000;2398;;;;;;;;;;;;;;
10.700034;73147500;2377;;;;;;;;;;;;;;
10.702534;73150000;2360;;;;;;;;;;;;;;
10.705034;73152500;2347;;;;;;;;;;;;;;
10.707534;73155000;2351;;;;;;;;;;;;;;
10.710034;73157500;2350;;;;;;;;;;;;;;
10.712534;73160000;2366;;;;;;;;;;;;;;
10.715034;73162500;2393;;;;;;;;;;;;;;
10.717534;73165000;2378;;;;;;;;;;;;;;
10.720034;73167500;2400;;;;;;;;;;;;;;
10.722534;73170000;2375;73170620;135.733;-479.011;135.733;640.867;-357.805;640.867;73170180;85.055;177.206;85.055;2011.077;-2116.165;2011.077
10.725034;73172500;2361;;;;;;;;;;;;;;
10.727534;73175000;2349;;;;;;;;;;;;;;
10.730034;73177500;2363;;;;;;;;;;;;;;
10.732534;73180000;2346;;;;;;;;;;;;;;
10.735034;73182500;2381;;;;;;;;;;;;;;
10.737534;73185000;2396;;;;;;;;;;;;;;
10.740034;73187500;2381;;;;;;;;;;;;;;
10.742534;73190000;2364;;;;;;;;;;;;;;
10.745034;73192500;2346;;;;;;;;;;;;;;
10.747534;73195000;2343;;;;;;;;;;;;;;
10.750034;73197500;2361;;;;;;;;;;;;;;
10.752534;73200000;2380;;;;;;;;;;;;;;
10.755034;73202500;2378;73201711;135.669;-478.984;135.669;655.199;-349.977;655.199;73201264;86.03;177.392;86.03;2018.148;-1978.419;2018.148
10.757534;73205000;2382;;;;;;;;;;;;;;
10.760034;73207500;2396;;;;;;;;;;;;;;
10.762534;73210000;2366;;;;;;;;;;;;;;
10.765034;73212500;2344;;;;;;;;;;;;;;
10.767534;73215000;2350;;;;;;;;;;;;;;
10.770034;73217500;2347;;;;;;;;;;;;;;
10.772534;73220000;2367;;;;;;;;;;;;;;
10.775034;73222500;2399;;;;;;;;;;;;;;
10.777534;73225000;2392;73226181;135.791;-478.892;135.791;640.814;-336.853;640.814;73225741;86.956;177.593;86.956;2003.866;-1853.248;2003.866
10.780034;73227500;2391;;;;;;;;;;;;;;
10.782534;73230000;2378;;;;;;;;;;;;;;
10.785034;73232500;2362;;;;;;;;;;;;;;
10.787534;73235000;2360;;;;;;;;;;;;;;
10.790034;73237500;2366;;;;;;;;;;;;;;
10.792534;73240000;2382;;;;;;;;;;;;;;
10.795034;73242500;2384;;;;;;;;;;;;;;
10.797534;73245000;2377;;;;;;;;;;;;;;
10.800034;73247500;2384;;;;;;;;;;;;;;
10.802534;73250000;2378;;;;;;;;;;;;;;
10.805034;73252500;2360;;;;;;;;;;;;;;
10.807534;73255000;2364;;;;;;;;;;;;;;
10.810034;73257500;2349;;;;;;;;;;;;;;
10.812534;73260000;2376;;;;;;;;;;;;;;
10.815034;73262500;2393;;;;;;;;;;;;;;
10.817534;73265000;2397;;;;;;;;;;;;;;
10.820034;73267500;2382;;;;;;;;;;;;;;
10.822534;73270000;2382;;;;;;;;;;;;;;
10.825034;73272500;2374;;;;;;;;;;;;;;
10.827534;73275000;2362;;;;;;;;;;;;;;
10.830034;73277500;2331;;;;;;;;;;;;;;
10.832534;73280000;2376;;;;;;;;;;;;;;
10.835034;73282500;2398;;;;;;;;;;;;;;
10.837534;73285000;2397;;;;;;;;;;;;;;
10.840034;73287500;2410;;;;;;;;;;;;;;
10.842534;73290000;2378;;;;;;;;;;;;;;
10.845034;73292500;2360;;;;;;;;;;;;;;
10.847534;73295000;2361;;;;;;;;;;;;;;
10.850034;73297500;2380;;;;;;;;;;;;;;
10.852534;73300000;2378;;;;;;;;;;;;;;
10.855034;73302500;2396;;;;;;;;;;;;;;
10.857534;73305000;2409;;;;;;;;;;;;;;
10.860034;73307500;2329;;;;;;;;;;;;;;
10.862534;73310000;2381;;;;;;;;;;;;;;
10.865034;73312500;2351;;;;;;;;;;;;;;
10.867534;73315000;2347;;;;;;;;;;;;;;
10.870034;73317500;2376;;;;;;;;;;;;;;
