timestamp_s;timestamp_us;emg_raw;imu1_timestamp_us;imu1_ax;imu1_ay;imu1_az;imu1_gx;imu1_gy;imu1_gz;imu2_timestamp_us;imu2_ax;imu2_ay;imu2_az;imu2_gx;imu2_gy;imu2_gz
0.00043;15084659;;15084659;150.883;-476.401;894.172;524.416;-108.261;46.183;15084229;-985.604;-5.814;77.755;1600.783;-161.867;-341.54
0.030387;15114616;;15114616;151.018;-475.542;894.89;519.632;-112.473;49.998;15114185;-985.978;-5.957;77.631;1607.369;-141.523;-348.088
0.052511;15136740;;15136740;151.227;-474.64;895.359;529.963;-111.662;44.436;15136310;-986.064;-5.909;77.477;1609.688;-144.947;-345.996
0.058271;15142500;186;;;;;;;;;;;;;;
0.060771;15145000;185;;;;;;;;;;;;;;
0.063271;15147500;153;;;;;;;;;;;;;;
0.065771;15150000;155;;;;;;;;;;;;;;
0.068271;15152500;143;;;;;;;;;;;;;;
0.070771;15155000;125;;;;;;;;;;;;;;
0.073271;15157500;151;;;;;;;;;;;;;;
0.075771;15160000;344;;;;;;;;;;;;;;
0.078271;15162500;250;;;;;;;;;;;;;;
0.080771;15165000;184;;;;;;;;;;;;;;
0.083271;15167500;157;15168072;151.095;-474.563;895.463;582.652;-103.454;29.089;15167641;-985.921;-5.845;77.519;1607.079;-152.575;-339.196
0.085771;15170000;158;;;;;;;;;;;;;;
0.088271;15172500;138;;;;;;;;;;;;;;
0.090771;15175000;151;;;;;;;;;;;;;;
0.093271;15177500;126;;;;;;;;;;;;;;
0.095771;15180000;138;;;;;;;;;;;;;;
0.098271;15182500;152;;;;;;;;;;;;;;
0.100771;15185000;173;;;;;;;;;;;;;;
0.103271;15187500;151;;;;;;;;;;;;;;
0.105771;15190000;125;;;;;;;;;;;;;;
0.108271;15192500;265;;;;;;;;;;;;;;
0.110771;15195000;168;;;;;;;;;;;;;;
0.113271;15197500;157;15198032;151.141;-474.698;895.336;598.582;-114.469;39.01;15197596;-986.035;-5.87;77.45;1606.787;-144.946;-341.049
0.115771;15200000;142;;;;;;;;;;;;;;
0.118271;15202500;152;;;;;;;;;;;;;;
0.120771;15205000;154;;;;;;;;;;;;;;
0.123271;15207500;168;;;;;;;;;;;;;;
0.125771;15210000;138;;;;;;;;;;;;;;
0.128271;15212500;152;;;;;;;;;;;;;;
0.130771;15215000;127;;;;;;;;;;;;;;
0.133271;15217500;127;;;;;;;;;;;;;;
0.135771;15220000;0;;;;;;;;;;;;;;
0.138271;15222500;288;15221724;151.185;-474.784;895.245;561.216;-117.933;51.497;15221292;-986.113;-5.717;77.475;1605.198;-136.824;-344.122
0.140771;15225000;232;;;;;;;;;;;;;;
0.143271;15227500;171;;;;;;;;;;;;;;
0.145771;15230000;142;;;;;;;;;;;;;;
0.148271;15232500;154;;;;;;;;;;;;;;
0.150771;15235000;151;;;;;;;;;;;;;;
0.153271;15237500;138;;;;;;;;;;;;;;
0.155771;15240000;142;;;;;;;;;;;;;;
0.158271;15242500;366;;;;;;;;;;;;;;
0.160771;15245000;296;;;;;;;;;;;;;;
0.163271;15247500;200;;;;;;;;;;;;;;
0.165771;15250000;174;;;;;;;;15251226;-986.022;-5.693;77.615;1605.438;-151.858;-337.853
0.168271;15252500;136;15251656;151.116;-474.847;895.08;580.405;-111.161;44.109;;;;;;;
0.170771;15255000;155;;;;;;;;;;;;;;
0.173271;15257500;134;;;;;;;;;;;;;;
0.175771;15260000;142;;;;;;;;;;;;;;
0.178271;15262500;174;;;;;;;;;;;;;;
0.180771;15265000;181;;;;;;;;;;;;;;
0.183271;15267500;172;;;;;;;;;;;;;;
0.185771;15270000;140;;;;;;;;;;;;;;
0.188271;15272500;152;;;;;;;;;;;;;;
0.190771;15275000;346;;;;;;;;;;;;;;
0.193271;15277500;220;;;;;;;;;;;;;;
0.195771;15280000;185;;;;;;;;15281182;-986.015;-5.592;77.577;1605.229;-157.39;-334.523
0.198271;15282500;158;15281614;151.033;-474.87;895.027;561.01;-115.228;48.904;;;;;;;
0.200771;15285000;174;;;;;;;;;;;;;;
0.203271;15287500;151;;;;;;;;;;;;;;
0.205771;15290000;157;;;;;;;;;;;;;;
0.208271;15292500;152;;;;;;;;;;;;;;
0.210771;15295000;124;;;;;;;;;;;;;;
0.213271;15297500;128;;;;;;;;;;;;;;
0.215771;15300000;139;;;;;;;;;;;;;;
0.218271;15302500;154;;;;;;;;;;;;;;
0.220771;15305000;364;;;;;;;;;;;;;;
0.223271;15307500;220;;;;;;;;;;;;;;
0.225771;15310000;168;;;;;;;;;;;;;;
0.228271;15312500;136;15312943;151.155;-475.045;895.092;576.709;-109.029;46.896;15312513;-986.051;-5.459;77.688;1602.405;-156.083;-336.609
0.230771;15315000;151;;;;;;;;;;;;;;
0.233271;15317500;151;;;;;;;;;;;;;;
0.235771;15320000;140;;;;;;;;;;;;;;
0.238271;15322500;169;;;;;;;;;;;;;;
0.240771;15325000;154;;;;;;;;;;;;;;
0.243271;15327500;366;;;;;;;;;;;;;;
0.245771;15330000;270;;;;;;;;;;;;;;
0.248271;15332500;167;;;;;;;;;;;;;;
0.250771;15335000;137;;;;;;;;;;;;;;
0.253271;15337500;137;;;;;;;;;;;;;;
0.255771;15340000;160;;;;;;;;;;;;;;
0.258271;15342500;152;;;;;;;;;;;;;;
0.260771;15345000;153;15344455;151.094;-475.418;894.813;564.499;-108.39;49.364;15344016;-986.006;-5.454;77.781;1604.534;-143.904;-340.341
0.263271;15347500;169;;;;;;;;;;;;;;
0.265771;15350000;140;;;;;;;;;;;;;;
0.268271;15352500;126;;;;;;;;;;;;;;
0.270771;15355000;124;;;;;;;;;;;;;;
0.273271;15357500;362;;;;;;;;;;;;;;
0.275771;15360000;282;;;;;;;;;;;;;;
0.278271;15362500;199;;;;;;;;;;;;;;
0.280771;15365000;171;;;;;;;;;;;;;;
0.283271;15367500;154;;;;;;;;;;;;;;
0.285771;15370000;141;;;;;;;;;;;;;;
0.288271;15372500;153;;;;;;;;;;;;;;
0.290771;15375000;126;15375944;150.933;-475.425;894.785;571.711;-106.033;46.896;15375522;-985.841;-5.425;77.942;1601.745;-149.396;-338.637
0.293271;15377500;135;;;;;;;;;;;;;;
0.295771;15380000;143;;;;;;;;;;;;;;
0.298271;15382500;154;;;;;;;;;;;;;;
0.300771;15385000;172;;;;;;;;;;;;;;
0.303271;15387500;0;;;;;;;;;;;;;;
0.305771;15390000;267;;;;;;;;;;;;;;
0.308271;15392500;159;;;;;;;;;;;;;;
0.310771;15395000;138;;;;;;;;;;;;;;
0.313271;15397500;154;;;;;;;;;;;;;;
0.315771;15400000;158;;;;;;;;;;;;;;
0.318271;15402500;172;;;;;;;;;;;;;;
0.320771;15405000;156;;;;;;;;;;;;;;
0.323271;15407500;152;15407461;150.852;-475.541;894.582;557.126;-110.356;47.176;15407027;-985.746;-5.483;78.01;1597.783;-156.364;-336.58
0.325771;15410000;156;;;;;;;;;;;;;;
0.328271;15412500;150;;;;;;;;;;;;;;
0.330771;15415000;125;;;;;;;;;;;;;;
0.333271;15417500;135;;;;;;;;;;;;;;
0.335771;15420000;332;;;;;;;;;;;;;;
0.338271;15422500;239;;;;;;;;;;;;;;
0.340771;15425000;184;;;;;;;;;;;;;;
0.343271;15427500;184;;;;;;;;;;;;;;
0.345771;15430000;166;;;;;;;;;;;;;;
0.348271;15432500;153;;;;;;;;;;;;;;
0.350771;15435000;134;;;;;;;;;;;;;;
0.353271;15437500;155;15437416;150.923;-475.585;894.62;559.894;-110.089;41.755;15436981;-985.826;-5.533;77.977;1593.144;-156.858;-334.188
0.355771;15440000;167;;;;;;;;;;;;;;
0.358271;15442500;173;;;;;;;;;;;;;;
0.360771;15445000;183;;;;;;;;;;;;;;
0.363271;15447500;154;;;;;;;;;;;;;;
0.365771;15450000;218;;;;;;;;;;;;;;
0.368271;15452500;254;;;;;;;;;;;;;;
0.370771;15455000;189;;;;;;;;;;;;;;
0.373271;15457500;169;;;;;;;;;;;;;;
0.375771;15460000;154;;;;;;;;;;;;;;
0.378271;15462500;157;;;;;;;;;;;;;;
0.380771;15465000;158;;;;;;;;;;;;;;
0.383271;15467500;172;;;;;;;;15468487;-985.694;-5.61;78.019;1591.799;-152.077;-335.854
0.385771;15470000;167;15468918;150.867;-475.681;894.548;555.087;-107.647;46.667;;;;;;;
0.388271;15472500;136;;;;;;;;;;;;;;
0.390771;15475000;151;;;;;;;;;;;;;;
0.393271;15477500;137;;;;;;;;;;;;;;
0.395771;15480000;169;;;;;;;;;;;;;;
0.398271;15482500;393;;;;;;;;;;;;;;
0.400771;15485000;240;;;;;;;;;;;;;;
0.403271;15487500;204;;;;;;;;;;;;;;
0.405771;15490000;152;;;;;;;;;;;;;;
0.408271;15492500;153;;;;;;;;;;;;;;
0.410771;15495000;151;;;;;;;;;;;;;;
0.413271;15497500;136;;;;;;;;;;;;;;
0.415771;15500000;141;15500335;150.711;-475.662;894.637;553.583;-110.139;46.521;15499905;-985.673;-5.665;78.089;1591.834;-147.536;-338.749
0.418271;15502500;174;;;;;;;;;;;;;;
0.420771;15505000;174;;;;;;;;;;;;;;
0.423271;15507500;171;;;;;;;;;;;;;;
0.425771;15510000;157;;;;;;;;;;;;;;
0.428271;15512500;152;;;;;;;;;;;;;;
0.430771;15515000;285;;;;;;;;;;;;;;
0.433271;15517500;188;;;;;;;;;;;;;;
0.435771;15520000;158;;;;;;;;;;;;;;
0.438271;15522500;157;;;;;;;;;;;;;;
0.440771;15525000;181;;;;;;;;;;;;;;
0.443271;15527500;170;;;;;;;;;;;;;;
0.445771;15530000;137;;;;;;;;;;;;;;
0.448271;15532500;125;15531847;150.849;-475.706;894.6;550.841;-107.695;47.258;15531408;-985.586;-5.687;78.094;1590.555;-152.847;-335.374
0.450771;15535000;125;;;;;;;;;;;;;;
0.453271;15537500;153;;;;;;;;;;;;;;
0.455771;15540000;141;;;;;;;;;;;;;;
0.458271;15542500;155;;;;;;;;;;;;;;
0.460771;15545000;301;;;;;;;;;;;;;;
0.463271;15547500;205;;;;;;;;;;;;;;
0.465771;15550000;174;;;;;;;;;;;;;;
0.468271;15552500;136;;;;;;;;;;;;;;
0.470771;15555000;127;;;;;;;;;;;;;;
0.473271;15557500;136;;;;;;;;;;;;;;
0.475771;15560000;144;;;;;;;;;;;;;;
0.478271;15562500;172;15563336;150.84;-475.881;894.467;547.799;-109.748;47.957;15562914;-985.558;-5.774;77.996;1590.215;-155.267;-333.48
0.480771;15565000;176;;;;;;;;;;;;;;
0.483271;15567500;153;;;;;;;;;;;;;;
0.485771;15570000;139;;;;;;;;;;;;;;
0.488271;15572500;127;;;;;;;;;;;;;;
0.490771;15575000;19;;;;;;;;;;;;;;
0.493271;15577500;255;;;;;;;;;;;;;;
0.495771;15580000;182;;;;;;;;;;;;;;
0.498271;15582500;160;;;;;;;;;;;;;;
0.500771;15585000;158;;;;;;;;;;;;;;
0.503271;15587500;170;;;;;;;;;;;;;;
0.505771;15590000;139;;;;;;;;;;;;;;
0.508271;15592500;151;15593304;150.801;-475.914;894.499;543.159;-108.635;47.747;15592870;-985.58;-5.687;78.086;1587.704;-159.316;-332.119
0.510771;15595000;125;;;;;;;;;;;;;;
0.513271;15597500;151;;;;;;;;;;;;;;
0.515771;15600000;140;;;;;;;;;;;;;;
0.518271;15602500;170;;;;;;;;;;;;;;
0.520771;15605000;173;;;;;;;;;;;;;;
0.523271;15607500;343;;;;;;;;;;;;;;
0.525771;15610000;220;;;;;;;;;;;;;;
0.528271;15612500;144;;;;;;;;;;;;;;
0.530771;15615000;151;15615422;150.728;-475.975;894.414;541.376;-107.579;47.547;15614995;-985.528;-5.708;78.098;1585.319;-156.6;-333.45
0.533271;15617500;126;;;;;;;;;;;;;;
0.535771;15620000;160;;;;;;;;;;;;;;
0.538271;15622500;171;;;;;;;;;;;;;;
0.540771;15625000;151;;;;;;;;;;;;;;
0.543271;15627500;151;;;;;;;;;;;;;;
0.545771;15630000;157;;;;;;;;;;;;;;
0.548271;15632500;144;;;;;;;;;;;;;;
0.550771;15635000;143;;;;;;;;;;;;;;
0.553271;15637500;315;;;;;;;;;;;;;;
0.555771;15640000;268;;;;;;;;;;;;;;
0.558271;15642500;218;;;;;;;;;;;;;;
0.560771;15645000;188;;;;;;;;;;;;;;
0.563271;15647500;174;15646932;150.755;-475.985;894.303;536.62;-108.325;46.92;15646498;-985.43;-5.672;78.146;1587.428;-159.708;-335.59
0.565771;15650000;138;;;;;;;;;;;;;;
0.568271;15652500;152;;;;;;;;;;;;;;
0.570771;15655000;149;;;;;;;;;;;;;;
0.573271;15657500;134;;;;;;;;;;;;;;
0.575771;15660000;168;;;;;;;;;;;;;;
0.578271;15662500;155;;;;;;;;;;;;;;
0.580771;15665000;172;;;;;;;;;;;;;;
0.583271;15667500;169;;;;;;;;;;;;;;
0.585771;15670000;366;;;;;;;;;;;;;;
0.588271;15672500;222;;;;;;;;;;;;;;
0.590771;15675000;153;;;;;;;;;;;;;;
0.593271;15677500;158;15676883;150.757;-476.085;894.307;531.664;-109.908;44.574;15676455;-985.508;-5.578;78.161;1588.556;-165.285;-333.686
0.595771;15680000;170;;;;;;;;;;;;;;
0.598271;15682500;174;;;;;;;;;;;;;;
0.600771;15685000;157;;;;;;;;;;;;;;
0.603271;15687500;152;;;;;;;;;;;;;;
0.605771;15690000;155;;;;;;;;;;;;;;
0.608271;15692500;143;;;;;;;;;;;;;;
0.610771;15695000;125;;;;;;;;;;;;;;
0.613271;15697500;128;;;;;;;;;;;;;;
0.615771;15700000;349;;;;;;;;;;;;;;
0.618271;15702500;251;;;;;;;;;;;;;;
0.620771;15705000;202;;;;;;;;;;;;;;
0.623271;15707500;155;15708394;150.862;-476.285;894.347;533.081;-108.35;45.407;15707959;-985.563;-5.665;78.218;1590.941;-166.208;-332.314
0.625771;15710000;136;;;;;;;;;;;;;;
0.628271;15712500;124;;;;;;;;;;;;;;
0.630771;15715000;142;;;;;;;;;;;;;;
0.633271;15717500;127;;;;;;;;;;;;;;
0.635771;15720000;158;;;;;;;;;;;;;;
0.638271;15722500;333;;;;;;;;;;;;;;
0.640771;15725000;231;;;;;;;;;;;;;;
0.643271;15727500;199;;;;;;;;;;;;;;
0.645771;15730000;142;;;;;;;;;;;;;;
0.648271;15732500;152;;;;;;;;;;;;;;
0.650771;15735000;126;;;;;;;;;;;;;;
0.653271;15737500;125;;;;;;;;;;;;;;
0.655771;15740000;168;15739893;150.914;-476.376;894.349;528.739;-108.183;44.45;15739463;-985.53;-5.589;78.107;1593.644;-163.585;-335.386
0.658271;15742500;154;;;;;;;;;;;;;;
0.660771;15745000;155;;;;;;;;;;;;;;
0.663271;15747500;153;;;;;;;;;;;;;;
0.665771;15750000;138;;;;;;;;;;;;;;
0.668271;15752500;281;;;;;;;;;;;;;;
0.670771;15755000;253;;;;;;;;;;;;;;
0.673271;15757500;173;;;;;;;;;;;;;;
0.675771;15760000;157;;;;;;;;;;;;;;
0.678271;15762500;157;;;;;;;;;;;;;;
0.680771;15765000;173;;;;;;;;;;;;;;
0.683271;15767500;152;;;;;;;;;;;;;;
0.685771;15770000;156;;;;;;;;15770969;-985.487;-5.578;78.063;1589.649;-164.156;-336.116
0.688271;15772500;142;15771400;151.048;-476.469;894.271;527.677;-108.024;44.415;;;;;;;
0.690771;15775000;141;;;;;;;;;;;;;;
0.693271;15777500;135;;;;;;;;;;;;;;
0.695771;15780000;166;;;;;;;;;;;;;;
0.698271;15782500;106;;;;;;;;;;;;;;
0.700771;15785000;280;;;;;;;;;;;;;;
0.703271;15787500;216;;;;;;;;;;;;;;
0.705771;15790000;155;;;;;;;;;;;;;;
0.708271;15792500;155;;;;;;;;;;;;;;
0.710771;15795000;151;;;;;;;;;;;;;;
0.713271;15797500;138;;;;;;;;;;;;;;
0.715771;15800000;167;;;;;;;;;;;;;;
0.718271;15802500;153;15802903;151.035;-476.479;894.209;525.356;-109.185;44.819;15802473;-985.415;-5.628;78.052;1591.542;-166.448;-337.686
0.720771;15805000;172;;;;;;;;;;;;;;
0.723271;15807500;169;;;;;;;;;;;;;;
0.725771;15810000;156;;;;;;;;;;;;;;
0.728271;15812500;151;;;;;;;;;;;;;;
0.730771;15815000;350;;;;;;;;;;;;;;
0.733271;15817500;232;;;;;;;;;;;;;;
0.735771;15820000;189;;;;;;;;;;;;;;
0.738271;15822500;184;;;;;;;;;;;;;;
0.740771;15825000;182;;;;;;;;;;;;;;
0.743271;15827500;153;;;;;;;;;;;;;;
0.745771;15830000;138;;;;;;;;;;;;;;
0.748271;15832500;152;15832862;150.932;-476.512;894.279;521.838;-113.788;45.64;15832428;-985.389;-5.622;78.004;1594.214;-169.501;-336.114
0.750771;15835000;141;;;;;;;;;;;;;;
0.753271;15837500;154;;;;;;;;;;;;;;
0.755771;15840000;143;;;;;;;;;;;;;;
0.758271;15842500;154;;;;;;;;;;;;;;
0.760771;15845000;156;;;;;;;;;;;;;;
0.763271;15847500;297;;;;;;;;;;;;;;
0.765771;15850000;206;;;;;;;;;;;;;;
0.768271;15852500;152;;;;;;;;;;;;;;
0.770771;15855000;126;15854982;150.815;-476.537;894.223;519.371;-117.286;42.921;15854554;-985.408;-5.603;78.008;1595.441;-169.338;-339.433
0.773271;15857500;155;;;;;;;;;;;;;;
0.775771;15860000;160;;;;;;;;;;;;;;
0.778271;15862500;154;;;;;;;;;;;;;;
0.780771;15865000;154;;;;;;;;;;;;;;
0.783271;15867500;142;;;;;;;;;;;;;;
0.785771;15870000;137;;;;;;;;;;;;;;
0.788271;15872500;126;;;;;;;;;;;;;;
0.790771;15875000;126;;;;;;;;;;;;;;
0.793271;15877500;333;;;;;;;;;;;;;;
0.795771;15880000;249;;;;;;;;;;;;;;
0.798271;15882500;188;;;;;;;;;;;;;;
0.800771;15885000;169;;;;;;;;15886059;-985.413;-5.432;78.054;1594.419;-170.059;-341.711
0.803271;15887500;153;15886493;150.734;-476.61;894.207;513.528;-117.547;42.962;;;;;;;
0.805771;15890000;139;;;;;;;;;;;;;;
0.808271;15892500;150;;;;;;;;;;;;;;
0.810771;15895000;142;;;;;;;;;;;;;;
0.813271;15897500;136;;;;;;;;;;;;;;
0.815771;15900000;142;;;;;;;;;;;;;;
0.818271;15902500;153;;;;;;;;;;;;;;
0.820771;15905000;172;;;;;;;;;;;;;;
0.823271;15907500;151;;;;;;;;;;;;;;
0.825771;15910000;318;;;;;;;;;;;;;;
0.828271;15912500;189;;;;;;;;;;;;;;
0.830771;15915000;140;;;;;;;;15916014;-985.473;-5.484;78.092;1593.886;-173.806;-343.001
0.833271;15917500;153;15916437;150.634;-476.643;894.215;515.414;-117.357;43.002;;;;;;;
0.835771;15920000;168;;;;;;;;;;;;;;
0.838271;15922500;155;;;;;;;;;;;;;;
0.840771;15925000;155;;;;;;;;;;;;;;
0.843271;15927500;142;;;;;;;;;;;;;;
0.845771;15930000;155;;;;;;;;;;;;;;
0.848271;15932500;124;;;;;;;;;;;;;;
0.850771;15935000;143;;;;;;;;;;;;;;
0.853271;15937500;127;;;;;;;;;;;;;;
0.855771;15940000;319;;;;;;;;;;;;;;
0.858271;15942500;247;;;;;;;;;;;;;;
0.860771;15945000;199;;;;;;;;;;;;;;
0.863271;15947500;154;15947784;150.599;-476.723;894.175;518.955;-115.864;40.852;15947345;-985.378;-5.521;78.116;1589.879;-174.741;-342.038
0.865771;15950000;156;;;;;;;;;;;;;;
0.868271;15952500;142;;;;;;;;;;;;;;
0.870771;15955000;151;;;;;;;;;;;;;;
0.873271;15957500;152;;;;;;;;;;;;;;
0.875771;15960000;167;;;;;;;;;;;;;;
0.878271;15962500;327;;;;;;;;;;;;;;
0.880771;15965000;235;;;;;;;;;;;;;;
0.883271;15967500;169;;;;;;;;;;;;;;
0.885771;15970000;141;;;;;;;;;;;;;;
0.888271;15972500;154;;;;;;;;;;;;;;
0.890771;15975000;125;;;;;;;;;;;;;;
0.893271;15977500;155;;;;;;;;;;;;;;
0.895771;15980000;143;15979272;150.608;-476.792;894.21;517.07;-113.571;42.747;15978850;-985.476;-5.568;78.145;1590.447;-173.879;-343.311
0.898271;15982500;156;;;;;;;;;;;;;;
0.900771;15985000;157;;;;;;;;;;;;;;
0.903271;15987500;171;;;;;;;;;;;;;;
0.905771;15990000;157;;;;;;;;;;;;;;
0.908271;15992500;297;;;;;;;;;;;;;;
0.910771;15995000;232;;;;;;;;;;;;;;
0.913271;15997500;168;;;;;;;;;;;;;;
0.915771;16000000;172;;;;;;;;;;;;;;
0.918271;16002500;174;;;;;;;;;;;;;;
0.920771;16005000;158;;;;;;;;;;;;;;
0.923271;16007500;170;;;;;;;;;;;;;;
0.925771;16010000;138;16010615;150.599;-476.767;894.145;515.279;-114.893;43.234;16010181;-985.484;-5.516;78.111;1593.175;-173.935;-339.708
0.928271;16012500;125;;;;;;;;;;;;;;
0.930771;16015000;142;;;;;;;;;;;;;;
0.933271;16017500;153;;;;;;;;;;;;;;
0.935771;16020000;159;;;;;;;;;;;;;;
0.938271;16022500;1;;;;;;;;;;;;;;
0.940771;16025000;264;;;;;;;;;;;;;;
0.943271;16027500;202;;;;;;;;;;;;;;
0.945771;16030000;168;;;;;;;;;;;;;;
0.948271;16032500;153;;;;;;;;;;;;;;
0.950771;16035000;136;;;;;;;;;;;;;;
0.953271;16037500;153;;;;;;;;;;;;;;
0.955771;16040000;150;;;;;;;;;;;;;;
0.958271;16042500;153;16042119;150.621;-476.688;893.998;512.265;-116.148;41.51;16041684;-985.486;-5.465;78.054;1593.579;-174.425;-340.66
0.960771;16045000;173;;;;;;;;;;;;;;
0.963271;16047500;169;;;;;;;;;;;;;;
0.965771;16050000;156;;;;;;;;;;;;;;
0.968271;16052500;123;;;;;;;;;;;;;;
0.970771;16055000;312;;;;;;;;;;;;;;
0.973271;16057500;218;;;;;;;;;;;;;;
0.975771;16060000;168;;;;;;;;;;;;;;
0.978271;16062500;158;;;;;;;;;;;;;;
0.980771;16065000;155;;;;;;;;;;;;;;
0.983271;16067500;151;;;;;;;;;;;;;;
0.985771;16070000;138;;;;;;;;;;;;;;
0.988271;16072500;143;16071900;150.666;-476.644;894.036;515.527;-115.153;43.81;16071466;-985.408;-5.351;78.233;1596.587;-175.329;-340.252
0.990771;16075000;124;;;;;;;;;;;;;;
0.993271;16077500;126;;;;;;;;;;;;;;
0.995771;16080000;140;;;;;;;;;;;;;;
0.998271;16082500;172;;;;;;;;;;;;;;
1.000771;16085000;0;;;;;;;;;;;;;;
1.003271;16087500;264;;;;;;;;;;;;;;
1.005771;16090000;174;;;;;;;;;;;;;;
1.008271;16092500;138;;;;;;;;16093593;-985.462;-5.4;78.194;1595.07;-172.688;-342.927
1.010771;16095000;152;16094020;150.758;-476.712;894.01;512.938;-115.083;44.244;;;;;;;
1.013271;16097500;135;;;;;;;;;;;;;;
1.015771;16100000;160;;;;;;;;;;;;;;
1.018271;16102500;155;;;;;;;;;;;;;;
1.020771;16105000;154;;;;;;;;;;;;;;
1.023271;16107500;171;;;;;;;;;;;;;;
1.025771;16110000;156;;;;;;;;;;;;;;
1.028271;16112500;127;;;;;;;;;;;;;;
1.030771;16115000;124;;;;;;;;;;;;;;
1.033271;16117500;333;;;;;;;;;;;;;;
1.035771;16120000;220;16119293;150.766;-476.776;894.005;510.041;-116.329;46.407;16118859;-985.55;-5.466;78.207;1597.567;-176.303;-344.156
1.038271;16122500;183;;;;;;;;;;;;;;
1.040771;16125000;185;;;;;;;;;;;;;;
1.043271;16127500;170;;;;;;;;;;;;;;
1.045771;16130000;156;;;;;;;;;;;;;;
1.048271;16132500;126;;;;;;;;;;;;;;
1.050771;16135000;125;;;;;;;;;;;;;;
1.053271;16137500;153;;;;;;;;;;;;;;
1.055771;16140000;167;;;;;;;;;;;;;;
1.058271;16142500;172;;;;;;;;;;;;;;
1.060771;16145000;154;16146009;150.615;-476.782;894.03;507.289;-114.887;45.837;16145587;-985.494;-5.327;78.121;1599.501;-179.738;-343.573
1.063271;16147500;0;;;;;;;;;;;;;;
1.065771;16150000;271;;;;;;;;;;;;;;
1.068271;16152500;191;;;;;;;;;;;;;;
1.070771;16155000;167;;;;;;;;;;;;;;
1.073271;16157500;141;;;;;;;;;;;;;;
1.075771;16160000;169;;;;;;;;;;;;;;
1.078271;16162500;172;;;;;;;;;;;;;;
1.080771;16165000;155;;;;;;;;;;;;;;
1.083271;16167500;157;;;;;;;;;;;;;;
1.085771;16170000;157;;;;;;;;;;;;;;
1.088271;16172500;152;;;;;;;;;;;;;;
1.090771;16175000;126;;;;;;;;;;;;;;
1.093271;16177500;137;16177530;150.739;-476.812;894.029;511.675;-113.518;46.17;16177091;-985.434;-5.286;78.144;1599.151;-175.564;-342.144
1.095771;16180000;295;;;;;;;;;;;;;;
1.098271;16182500;202;;;;;;;;;;;;;;
1.100771;16185000;188;;;;;;;;;;;;;;
1.103271;16187500;174;;;;;;;;;;;;;;
1.105771;16190000;138;;;;;;;;;;;;;;
1.108271;16192500;143;;;;;;;;;;;;;;
1.110771;16195000;125;;;;;;;;;;;;;;
1.113271;16197500;154;;;;;;;;;;;;;;
1.115771;16200000;18;;;;;;;;;;;;;;
1.118271;16202500;281;;;;;;;;;;;;;;
1.120771;16205000;190;;;;;;;;;;;;;;
1.123271;16207500;159;;;;;;;;16208596;-985.432;-5.254;78.183;1599.693;-172.036;-342.537
1.125771;16210000;159;16209018;150.833;-476.761;894.071;512.778;-114.842;44.299;;;;;;;
1.128271;16212500;152;;;;;;;;;;;;;;
1.130771;16215000;126;;;;;;;;;;;;;;
1.133271;16217500;135;;;;;;;;;;;;;;
1.135771;16220000;142;;;;;;;;;;;;;;
1.138271;16222500;171;;;;;;;;;;;;;;
1.140771;16225000;316;;;;;;;;;;;;;;
1.143271;16227500;266;;;;;;;;;;;;;;
1.145771;16230000;174;;;;;;;;;;;;;;
1.148271;16232500;139;;;;;;;;;;;;;;
1.150771;16235000;152;;;;;;;;;;;;;;
1.153271;16237500;128;;;;;;;;16238550;-985.454;-5.326;78.141;1594.083;-174.371;-338.535
1.155771;16240000;168;16238989;150.844;-476.726;894.074;509.889;-117.85;46.021;;;;;;;
1.158271;16242500;153;;;;;;;;;;;;;;
1.160771;16245000;155;;;;;;;;;;;;;;
1.163271;16247500;169;;;;;;;;;;;;;;
1.165771;16250000;137;;;;;;;;;;;;;;
1.168271;16252500;363;;;;;;;;;;;;;;
1.170771;16255000;215;;;;;;;;;;;;;;
1.173271;16257500;159;;;;;;;;;;;;;;
1.175771;16260000;172;;;;;;;;;;;;;;
1.178271;16262500;174;;;;;;;;;;;;;;
1.180771;16265000;154;;;;;;;;;;;;;;
1.183271;16267500;151;;;;;;;;;;;;;;
1.185771;16270000;137;16270392;150.774;-476.655;894.084;504.52;-116.332;49.408;16269969;-985.451;-5.341;78.126;1593.567;-176.153;-336.046
1.188271;16272500;151;;;;;;;;;;;;;;
1.190771;16275000;124;;;;;;;;;;;;;;
1.193271;16277500;136;;;;;;;;;;;;;;
1.195771;16280000;143;;;;;;;;;;;;;;
1.198271;16282500;153;;;;;;;;;;;;;;
1.200771;16285000;330;;;;;;;;;;;;;;
1.203271;16287500;204;;;;;;;;;;;;;;
1.205771;16290000;152;;;;;;;;;;;;;;
1.208271;16292500;153;;;;;;;;;;;;;;
1.210771;16295000;151;;;;;;;;;;;;;;
1.213271;16297500;135;;;;;;;;;;;;;;
1.215771;16300000;143;;;;;;;;;;;;;;
1.218271;16302500;171;16301908;150.83;-476.704;894.086;504.231;-117.953;47.375;16301474;-985.558;-5.434;78.142;1592.201;-174.783;-333.244
1.220771;16305000;171;;;;;;;;;;;;;;
1.223271;16307500;171;;;;;;;;;;;;;;
1.225771;16310000;155;;;;;;;;;;;;;;
1.228271;16312500;127;;;;;;;;;;;;;;
1.230771;16315000;347;;;;;;;;;;;;;;
1.233271;16317500;264;;;;;;;;;;;;;;
1.235771;16320000;205;;;;;;;;;;;;;;
1.238271;16322500;187;;;;;;;;;;;;;;
1.240771;16325000;158;;;;;;;;;;;;;;
1.243271;16327500;171;;;;;;;;;;;;;;
1.245771;16330000;155;;;;;;;;;;;;;;
1.248271;16332500;152;16333412;150.919;-476.64;894.113;505.27;-118.181;46.319;16332977;-985.544;-5.473;78.17;1592.216;-174.356;-334.519
1.250771;16335000;126;;;;;;;;;;;;;;
1.253271;16337500;154;;;;;;;;;;;;;;
1.255771;16340000;166;;;;;;;;;;;;;;
1.258271;16342500;170;;;;;;;;;;;;;;
1.260771;16345000;18;;;;;;;;;;;;;;
1.263271;16347500;251;;;;;;;;;;;;;;
1.265771;16350000;200;;;;;;;;;;;;;;
1.268271;16352500;157;;;;;;;;;;;;;;
1.270771;16355000;127;;;;;;;;;;;;;;
1.273271;16357500;151;;;;;;;;;;;;;;
1.275771;16360000;149;;;;;;;;;;;;;;
1.278271;16362500;173;;;;;;;;;;;;;;
1.280771;16365000;156;16364915;150.767;-476.708;894.096;506.694;-114.897;50.128;16364483;-985.567;-5.523;78.153;1592.23;-171.763;-330.481
1.283271;16367500;144;;;;;;;;;;;;;;
1.285771;16370000;156;;;;;;;;;;;;;;
1.288271;16372500;125;;;;;;;;;;;;;;
1.290771;16375000;143;;;;;;;;;;;;;;
1.293271;16377500;315;;;;;;;;;;;;;;
1.295771;16380000;216;;;;;;;;;;;;;;
1.298271;16382500;182;;;;;;;;;;;;;;
1.300771;16385000;160;;;;;;;;;;;;;;
1.303271;16387500;172;;;;;;;;;;;;;;
1.305771;16390000;155;;;;;;;;;;;;;;
1.308271;16392500;125;;;;;;;;;;;;;;
1.310771;16395000;125;16394869;150.902;-476.827;894.117;509.359;-114.839;46.746;16394439;-985.546;-5.466;78.186;1587.431;-169.737;-330.144
1.313271;16397500;139;;;;;;;;;;;;;;
1.315771;16400000;170;;;;;;;;;;;;;;
1.318271;16402500;155;;;;;;;;;;;;;;
1.320771;16405000;184;;;;;;;;;;;;;;
1.323271;16407500;176;;;;;;;;;;;;;;
1.325771;16410000;264;;;;;;;;;;;;;;
1.328271;16412500;190;;;;;;;;;;;;;;
1.330771;16415000;143;;;;;;;;;;;;;;
1.333271;16417500;158;16416995;150.982;-476.751;894.081;511.891;-114.347;41.784;16416564;-985.508;-5.504;78.174;1581.997;-168.251;-328.074
1.335771;16420000;152;;;;;;;;;;;;;;
1.338271;16422500;155;;;;;;;;;;;;;;
1.340771;16425000;173;;;;;;;;;;;;;;
1.343271;16427500;143;;;;;;;;;;;;;;
1.345771;16430000;155;;;;;;;;;;;;;;
1.348271;16432500;124;;;;;;;;;;;;;;
1.350771;16435000;124;;;;;;;;;;;;;;
1.353271;16437500;128;;;;;;;;;;;;;;
1.355771;16440000;390;;;;;;;;;;;;;;
1.358271;16442500;264;;;;;;;;;;;;;;
1.360771;16445000;187;;;;;;;;;;;;;;
1.363271;16447500;156;16448324;150.991;-476.795;894.09;509.484;-116.067;40.132;16447894;-985.319;-5.454;78.103;1580.772;-166.838;-328.733
1.365771;16450000;140;;;;;;;;;;;;;;
1.368271;16452500;125;;;;;;;;;;;;;;
1.370771;16455000;143;;;;;;;;;;;;;;
1.373271;16457500;126;;;;;;;;;;;;;;
1.375771;16460000;144;;;;;;;;;;;;;;
1.378271;16462500;156;;;;;;;;;;;;;;
1.380771;16465000;156;;;;;;;;;;;;;;
1.383271;16467500;170;;;;;;;;;;;;;;
1.385771;16470000;154;;;;;;;;;;;;;;
1.388271;16472500;299;;;;;;;;;;;;;;
1.390771;16475000;182;;;;;;;;;;;;;;
1.393271;16477500;170;16478282;150.981;-476.746;894.105;507.635;-115.077;42.938;16477850;-985.366;-5.371;78.089;1576.983;-167.684;-327.171
1.395771;16480000;172;;;;;;;;;;;;;;
1.398271;16482500;156;;;;;;;;;;;;;;
1.400771;16485000;174;;;;;;;;;;;;;;
1.403271;16487500;153;;;;;;;;;;;;;;
1.405771;16490000;139;;;;;;;;;;;;;;
1.408271;16492500;137;;;;;;;;;;;;;;
1.410771;16495000;128;;;;;;;;;;;;;;
1.413271;16497500;155;;;;;;;;;;;;;;
1.415771;16500000;151;;;;;;;;;;;;;;
1.418271;16502500;326;;;;;;;;;;;;;;
1.420771;16505000;214;;;;;;;;;;;;;;
1.423271;16507500;169;;;;;;;;;;;;;;
1.425771;16510000;159;16509785;150.929;-476.656;894.015;503.691;-117.635;41.666;16509355;-985.404;-5.413;78.101;1580.384;-170.674;-326.563
1.428271;16512500;126;;;;;;;;;;;;;;
1.430771;16515000;150;;;;;;;;;;;;;;
1.433271;16517500;158;;;;;;;;;;;;;;
1.435771;16520000;169;;;;;;;;;;;;;;
1.438271;16522500;0;;;;;;;;;;;;;;
1.440771;16525000;283;;;;;;;;;;;;;;
1.443271;16527500;190;;;;;;;;;;;;;;
1.445771;16530000;154;;;;;;;;;;;;;;
1.448271;16532500;154;;;;;;;;;;;;;;
1.450771;16535000;153;;;;;;;;;;;;;;
1.453271;16537500;136;;;;;;;;;;;;;;
1.455771;16540000;169;;;;;;;;16540858;-985.409;-5.362;78.204;1576.615;-170.453;-325.11
1.458271;16542500;174;16541292;150.965;-476.625;893.997;501.256;-118.753;42.645;;;;;;;
1.460771;16545000;174;;;;;;;;;;;;;;
1.463271;16547500;170;;;;;;;;;;;;;;
1.465771;16550000;137;;;;;;;;;;;;;;
1.468271;16552500;125;;;;;;;;;;;;;;
1.470771;16555000;343;;;;;;;;;;;;;;
1.473271;16557500;222;;;;;;;;;;;;;;
1.475771;16560000;172;;;;;;;;;;;;;;
1.478271;16562500;157;;;;;;;;;;;;;;
1.480771;16565000;156;;;;;;;;;;;;;;
1.483271;16567500;169;;;;;;;;;;;;;;
1.485771;16570000;156;;;;;;;;;;;;;;
1.488271;16572500;125;16572792;150.895;-476.633;893.961;503.318;-115.878;45.326;16572364;-985.518;-5.283;78.21;1581.347;-169.368;-327.229
1.490771;16575000;125;;;;;;;;;;;;;;
1.493271;16577500;138;;;;;;;;;;;;;;
1.495771;16580000;142;;;;;;;;;;;;;;
1.498271;16582500;154;;;;;;;;;;;;;;
1.500771;16585000;359;;;;;;;;;;;;;;
1.503271;16587500;223;;;;;;;;;;;;;;
1.505771;16590000;167;;;;;;;;;;;;;;
1.508271;16592500;138;;;;;;;;;;;;;;
1.510771;16595000;152;;;;;;;;;;;;;;
1.513271;16597500;137;;;;;;;;;;;;;;
1.515771;16600000;142;;;;;;;;;;;;;;
1.518271;16602500;172;;;;;;;;;;;;;;
1.520771;16605000;155;16604303;150.939;-476.682;893.994;502.215;-118.397;48.309;16603869;-985.542;-5.312;78.179;1584.092;-169.65;-327.493
1.523271;16607500;144;;;;;;;;;;;;;;
1.525771;16610000;136;;;;;;;;;;;;;;
1.528271;16612500;125;;;;;;;;;;;;;;
1.530771;16615000;151;;;;;;;;;;;;;;
1.533271;16617500;283;;;;;;;;;;;;;;
1.535771;16620000;201;;;;;;;;;;;;;;
1.538271;16622500;172;;;;;;;;;;;;;;
1.540771;16625000;167;;;;;;;;;;;;;;
1.543271;16627500;170;;;;;;;;;;;;;;
1.545771;16630000;156;;;;;;;;;;;;;;
1.548271;16632500;135;;;;;;;;;;;;;;
1.550771;16635000;138;16634253;151.09;-481.402;881.222;1014.354;197.273;206.019;16633823;-985.48;-5.388;78.192;1595.012;-169.48;-330.806
1.553271;16637500;139;;;;;;;;;;;;;;
1.555771;16640000;154;;;;;;;;;;;;;;
1.558271;16642500;173;;;;;;;;;;;;;;
1.560771;16645000;156;;;;;;;;;;;;;;
1.563271;16647500;410;;;;;;;;;;;;;;
1.565771;16650000;252;;;;;;;;;;;;;;
1.568271;16652500;157;;;;;;;;;;;;;;
1.570771;16655000;158;;;;;;;;16656036;-983.859;-7.455;75.954;1503.011;-32.381;-351.89
1.573271;16657500;139;16656468;142.004;-479.689;885.479;8773.012;484.472;-269.345;;;;;;;
1.575771;16660000;170;;;;;;;;;;;;;;
1.578271;16662500;173;;;;;;;;;;;;;;
1.580771;16665000;155;;;;;;;;;;;;;;
1.583271;16667500;152;;;;;;;;;;;;;;
1.585771;16670000;156;;;;;;;;;;;;;;
1.588271;16672500;135;;;;;;;;;;;;;;
1.590771;16675000;154;;;;;;;;;;;;;;
1.593271;16677500;137;;;;;;;;;;;;;;
1.595771;16680000;320;;;;;;;;;;;;;;
1.598271;16682500;238;;;;;;;;;;;;;;
1.600771;16685000;185;;;;;;;;;;;;;;
1.603271;16687500;186;16688058;143.06;-464.659;890.029;14168.424;400.311;123.435;16687628;-981.777;-6.515;75.957;1013.548;-139.699;-297.108
1.605771;16690000;141;;;;;;;;;;;;;;
1.608271;16692500;154;;;;;;;;;;;;;;
1.610771;16695000;153;;;;;;;;;;;;;;
1.613271;16697500;138;;;;;;;;;;;;;;
1.615771;16700000;170;;;;;;;;;;;;;;
1.618271;16702500;157;;;;;;;;;;;;;;
1.620771;16705000;157;;;;;;;;;;;;;;
1.623271;16707500;170;;;;;;;;;;;;;;
1.625771;16710000;240;;;;;;;;;;;;;;
1.628271;16712500;266;;;;;;;;;;;;;;
1.630771;16715000;169;;;;;;;;;;;;;;
1.633271;16717500;143;16718189;142.794;-462.477;898.342;15591.503;403.045;108.513;16717757;-978.23;-7.879;77.063;639.996;-352.339;-251.628
1.635771;16720000;170;;;;;;;;;;;;;;
1.638271;16722500;156;;;;;;;;;;;;;;
1.640771;16725000;173;;;;;;;;;;;;;;
1.643271;16727500;143;;;;;;;;;;;;;;
1.645771;16730000;155;;;;;;;;;;;;;;
1.648271;16732500;124;;;;;;;;;;;;;;
1.650771;16735000;150;;;;;;;;;;;;;;
1.653271;16737500;137;;;;;;;;;;;;;;
1.655771;16740000;334;;;;;;;;;;;;;;
1.658271;16742500;296;;;;;;;;;;;;;;
1.660771;16745000;200;;;;;;;;;;;;;;
1.663271;16747500;184;;;;;;;;;;;;;;
1.665771;16750000;141;16749784;145.64;-448.522;902.889;11397.24;-512.67;1351.275;16749348;-978.174;-9.29;78.962;879.684;-366.222;-231.172
1.668271;16752500;136;;;;;;;;;;;;;;
1.670771;16755000;153;;;;;;;;;;;;;;
1.673271;16757500;156;;;;;;;;;;;;;;
1.675771;16760000;142;;;;;;;;;;;;;;
1.678271;16762500;272;;;;;;;;;;;;;;
1.680771;16765000;264;;;;;;;;;;;;;;
1.683271;16767500;207;;;;;;;;;;;;;;
1.685771;16770000;153;;;;;;;;;;;;;;
1.688271;16772500;137;;;;;;;;;;;;;;
1.690771;16775000;126;;;;;;;;;;;;;;
1.693271;16777500;136;;;;;;;;;;;;;;
1.695771;16780000;171;;;;;;;;16781113;-976.918;-9.039;78.229;950.324;-413.974;-218.738
1.698271;16782500;156;16781545;145.196;-443.133;907.448;7643.69;-1071.536;1187.899;;;;;;;
1.700771;16785000;156;;;;;;;;;;;;;;
1.703271;16787500;151;;;;;;;;;;;;;;
1.705771;16790000;137;;;;;;;;;;;;;;
1.708271;16792500;152;;;;;;;;;;;;;;
1.710771;16795000;346;;;;;;;;;;;;;;
1.713271;16797500;206;;;;;;;;;;;;;;
1.715771;16800000;170;;;;;;;;;;;;;;
1.718271;16802500;159;;;;;;;;;;;;;;
1.720771;16805000;183;;;;;;;;;;;;;;
1.723271;16807500;153;;;;;;;;;;;;;;
1.725771;16810000;137;;;;;;;;;;;;;;
1.728271;16812500;135;16813308;144.585;-442.9;918.354;6201.881;-4563.459;262.692;16812878;-978.33;-8.136;79.521;1029.683;-439.65;-213.926
1.730771;16815000;152;;;;;;;;;;;;;;
1.733271;16817500;155;;;;;;;;;;;;;;
1.735771;16820000;169;;;;;;;;;;;;;;
1.738271;16822500;154;;;;;;;;;;;;;;
1.740771;16825000;351;;;;;;;;;;;;;;
1.743271;16827500;248;;;;;;;;;;;;;;
1.745771;16830000;182;;;;;;;;;;;;;;
1.748271;16832500;152;;;;;;;;;;;;;;
1.750771;16835000;154;;;;;;;;;;;;;;
1.753271;16837500;137;;;;;;;;;;;;;;
1.755771;16840000;168;;;;;;;;;;;;;;
1.758271;16842500;156;;;;;;;;;;;;;;
1.760771;16845000;174;16845081;145.829;-444.478;923.481;4609.912;-10132.162;-1917.381;16844642;-979.556;-8.297;79.235;1109.886;-411.542;-201.917
1.763271;16847500;170;;;;;;;;;;;;;;
1.765771;16850000;139;;;;;;;;;;;;;;
1.768271;16852500;153;;;;;;;;;;;;;;
1.770771;16855000;127;;;;;;;;;;;;;;
1.773271;16857500;302;;;;;;;;;;;;;;
1.775771;16860000;219;;;;;;;;;;;;;;
1.778271;16862500;172;;;;;;;;;;;;;;
1.780771;16865000;182;;;;;;;;;;;;;;
1.783271;16867500;152;;;;;;;;;;;;;;
1.785771;16870000;154;;;;;;;;;;;;;;
1.788271;16872500;143;;;;;;;;;;;;;;
1.790771;16875000;151;16875542;151.829;-442.988;923.948;2544.541;-16758.117;-4466.637;16875120;-978.127;-8.51;79.153;1151.955;-462.715;-195.321
1.793271;16877500;154;;;;;;;;;;;;;;
1.795771;16880000;144;;;;;;;;;;;;;;
1.798271;16882500;154;;;;;;;;;;;;;;
1.800771;16885000;170;;;;;;;;;;;;;;
1.803271;16887500;317;;;;;;;;;;;;;;
1.805771;16890000;264;;;;;;;;;;;;;;
1.808271;16892500;158;;;;;;;;;;;;;;
1.810771;16895000;137;;;;;;;;;;;;;;
1.813271;16897500;156;;;;;;;;;;;;;;
1.815771;16900000;153;;;;;;;;;;;;;;
1.818271;16902500;157;;;;;;;;;;;;;;
1.820771;16905000;155;;;;;;;;;;;;;;
1.823271;16907500;169;16907579;163.989;-444.207;921.432;327.814;-24554.273;-7410.805;16907145;-979.766;-8.713;78.782;1549.357;-296.954;-216.618
1.825771;16910000;157;;;;;;;;;;;;;;
1.828271;16912500;152;;;;;;;;;;;;;;
1.830771;16915000;135;;;;;;;;;;;;;;
1.833271;16917500;138;;;;;;;;;;;;;;
1.835771;16920000;378;;;;;;;;;;;;;;
1.838271;16922500;254;;;;;;;;;;;;;;
1.840771;16925000;204;;;;;;;;;;;;;;
1.843271;16927500;154;;;;;;;;;;;;;;
1.845771;16930000;138;;;;;;;;;;;;;;
1.848271;16932500;150;;;;;;;;;;;;;;
1.850771;16935000;144;;;;;;;;;;;;;;
1.853271;16937500;135;;;;;;;;;;;;;;
1.855771;16940000;142;16939518;177.329;-441.871;914.425;-1632.827;-33270.934;-10089.201;16939082;-977.394;-5.441;81.266;2447.951;-195.044;-291.974
1.858271;16942500;154;;;;;;;;;;;;;;
1.860771;16945000;174;;;;;;;;;;;;;;
1.863271;16947500;152;;;;;;;;;;;;;;
1.865771;16950000;137;;;;;;;;;;;;;;
1.868271;16952500;296;;;;;;;;;;;;;;
1.870771;16955000;186;;;;;;;;;;;;;;
1.873271;16957500;172;;;;;;;;;;;;;;
1.875771;16960000;153;;;;;;;;;;;;;;
1.878271;16962500;156;;;;;;;;;;;;;;
1.880771;16965000;154;;;;;;;;;;;;;;
1.883271;16967500;144;;;;;;;;;;;;;;
1.885771;16970000;155;;;;;;;;;;;;;;
1.888271;16972500;144;16971715;196.138;-435.832;906.249;-2553.061;-41235.449;-12790.304;16971283;-976.824;-5.846;80.711;2460.304;68.895;-365.313
1.890771;16975000;152;;;;;;;;;;;;;;
1.893271;16977500;137;;;;;;;;;;;;;;
1.895771;16980000;139;;;;;;;;;;;;;;
1.898271;16982500;344;;;;;;;;;;;;;;
1.900771;16985000;224;;;;;;;;;;;;;;
1.903271;16987500;189;;;;;;;;;;;;;;
1.905771;16990000;160;;;;;;;;;;;;;;
1.908271;16992500;155;;;;;;;;;;;;;;
1.910771;16995000;128;;;;;;;;;;;;;;
1.913271;16997500;138;;;;;;;;;;;;;;
1.915771;17000000;151;;;;;;;;;;;;;;
1.918271;17002500;174;17003651;216.502;-433.927;895.073;-3869.595;-48058.426;-16016.976;17003221;-977.935;-5.956;76.358;2104.101;113.576;-364.11
1.920771;17005000;174;;;;;;;;;;;;;;
1.923271;17007500;151;;;;;;;;;;;;;;
1.925771;17010000;138;;;;;;;;;;;;;;
1.928271;17012500;124;;;;;;;;;;;;;;
1.930771;17015000;316;;;;;;;;;;;;;;
1.933271;17017500;218;;;;;;;;;;;;;;
1.935771;17020000;170;;;;;;;;;;;;;;
1.938271;17022500;159;;;;;;;;;;;;;;
1.940771;17025000;174;;;;;;;;;;;;;;
1.943271;17027500;168;;;;;;;;;;;;;;
1.945771;17030000;155;;;;;;;;;;;;;;
1.948271;17032500;124;;;;;;;;;;;;;;
1.950771;17035000;152;17034228;237.787;-420.526;881.551;-4370.865;-53557.629;-18136.439;17033783;-979.742;-3.901;73.18;959.396;77.272;-270.655
1.953271;17037500;156;;;;;;;;;;;;;;
1.955771;17040000;171;;;;;;;;;;;;;;
1.958271;17042500;172;;;;;;;;;;;;;;
1.960771;17045000;121;;;;;;;;;;;;;;
1.963271;17047500;296;;;;;;;;;;;;;;
1.965771;17050000;202;;;;;;;;;;;;;;
1.968271;17052500;158;;;;;;;;;;;;;;
1.970771;17055000;154;;;;;;;;;;;;;;
1.973271;17057500;137;17056766;269.019;-422.082;860.013;-4424.009;-58039.434;-19688.805;17056344;-978.841;-4.475;70.534;296.301;102.283;-198.497
1.975771;17060000;144;;;;;;;;;;;;;;
1.978271;17062500;174;;;;;;;;;;;;;;
1.980771;17065000;173;;;;;;;;;;;;;;
1.983271;17067500;169;;;;;;;;;;;;;;
1.985771;17070000;136;;;;;;;;;;;;;;
1.988271;17072500;127;;;;;;;;;;;;;;
1.990771;17075000;124;;;;;;;;;;;;;;
1.993271;17077500;19;;;;;;;;;;;;;;
1.995771;17080000;265;;;;;;;;;;;;;;
1.998271;17082500;199;;;;;;;;;;;;;;
2.000771;17085000;168;;;;;;;;;;;;;;
2.003271;17087500;152;;;;;;;;17088369;-977.985;-6.649;70.759;-16.014;11.857;-188.572
2.005771;17090000;138;17088809;291.564;-416.759;844.303;-1526.621;-63264.461;-20803.926;;;;;;;
2.008271;17092500;125;;;;;;;;;;;;;;
2.010771;17095000;126;;;;;;;;;;;;;;
2.013271;17097500;157;;;;;;;;;;;;;;
2.015771;17100000;168;;;;;;;;;;;;;;
2.018271;17102500;154;;;;;;;;;;;;;;
2.020771;17105000;153;;;;;;;;;;;;;;
2.023271;17107500;150;;;;;;;;;;;;;;
2.025771;17110000;394;;;;;;;;;;;;;;
2.028271;17112500;235;;;;;;;;;;;;;;
2.030771;17115000;174;;;;;;;;;;;;;;
2.033271;17117500;140;;;;;;;;;;;;;;
2.035771;17120000;151;17119186;309.45;-406.816;822.029;539.46;-67449.484;-22643.791;17118758;-978.16;-6.249;68.008;375.474;194.139;-220.268
2.038271;17122500;172;;;;;;;;;;;;;;
2.040771;17125000;152;;;;;;;;;;;;;;
2.043271;17127500;143;;;;;;;;;;;;;;
2.045771;17130000;137;;;;;;;;;;;;;;
2.048271;17132500;124;;;;;;;;;;;;;;
2.050771;17135000;123;;;;;;;;;;;;;;
2.053271;17137500;137;;;;;;;;;;;;;;
2.055771;17140000;368;;;;;;;;;;;;;;
2.058271;17142500;268;;;;;;;;;;;;;;
2.060771;17145000;201;;;;;;;;;;;;;;
2.063271;17147500;157;;;;;;;;;;;;;;
2.065771;17150000;140;17150876;335.775;-399.736;794.11;560.174;-71181.57;-22436.477;17150437;-979.309;-6.473;65.772;-428.612;414.557;-199.63
2.068271;17152500;151;;;;;;;;;;;;;;
2.070771;17155000;126;;;;;;;;;;;;;;
2.073271;17157500;137;;;;;;;;;;;;;;
2.075771;17160000;142;;;;;;;;;;;;;;
2.078271;17162500;254;;;;;;;;;;;;;;
2.080771;17165000;267;;;;;;;;;;;;;;
2.083271;17167500;205;;;;;;;;;;;;;;
2.085771;17170000;170;;;;;;;;;;;;;;
2.088271;17172500;136;;;;;;;;;;;;;;
2.090771;17175000;152;;;;;;;;;;;;;;
2.093271;17177500;140;;;;;;;;;;;;;;
2.095771;17180000;151;;;;;;;;;;;;;;
2.098271;17182500;174;17182798;364.675;-391.638;759.242;355.853;-73846.805;-21633.59;17182375;-978.57;-6.113;58.726;-1860.994;452.891;-134.961
2.100771;17185000;173;;;;;;;;;;;;;;
2.103271;17187500;169;;;;;;;;;;;;;;
2.105771;17190000;139;;;;;;;;;;;;;;
2.108271;17192500;155;;;;;;;;;;;;;;
2.110771;17195000;410;;;;;;;;;;;;;;
2.113271;17197500;255;;;;;;;;;;;;;;
2.115771;17200000;203;;;;;;;;;;;;;;
2.118271;17202500;168;;;;;;;;;;;;;;
2.120771;17205000;175;;;;;;;;;;;;;;
2.123271;17207500;169;;;;;;;;;;;;;;
2.125771;17210000;138;;;;;;;;;;;;;;
2.128271;17212500;134;;;;;;;;;;;;;;
2.130771;17215000;152;17214846;397.23;-384.897;722.365;1278.248;-74893.023;-21222.16;17214401;-977.722;-6.137;62.152;-3883.257;440.747;-119.025
2.133271;17217500;156;;;;;;;;;;;;;;
2.135771;17220000;169;;;;;;;;;;;;;;
2.138271;17222500;153;;;;;;;;;;;;;;
2.140771;17225000;0;;;;;;;;;;;;;;
2.143271;17227500;281;;;;;;;;;;;;;;
2.145771;17230000;190;;;;;;;;;;;;;;
2.148271;17232500;158;;;;;;;;;;;;;;
2.150771;17235000;137;;;;;;;;;;;;;;
2.153271;17237500;156;;;;;;;;;;;;;;
2.155771;17240000;151;;;;;;;;;;;;;;
2.158271;17242500;171;;;;;;;;;;;;;;
2.160771;17245000;172;;;;;;;;;;;;;;
2.163271;17247500;141;17246942;424.277;-378.962;691.023;1395.898;-77398.5;-20289.24;17246511;-977.556;-8.41;64.724;-3882.469;327.71;-4.574
2.165771;17250000;155;;;;;;;;;;;;;;
2.168271;17252500;125;;;;;;;;;;;;;;
2.170771;17255000;127;;;;;;;;;;;;;;
2.173271;17257500;360;;;;;;;;;;;;;;
2.175771;17260000;234;;;;;;;;;;;;;;
2.178271;17262500;203;;;;;;;;;;;;;;
2.180771;17265000;167;;;;;;;;;;;;;;
2.183271;17267500;151;;;;;;;;;;;;;;
2.185771;17270000;137;;;;;;;;;;;;;;
2.188271;17272500;125;;;;;;;;;;;;;;
2.190771;17275000;153;;;;;;;;;;;;;;
2.193271;17277500;155;17277166;450.467;-377.32;662.944;1153.728;-77706.258;-19447.152;17276729;-979.022;-7.929;65.678;-3349.283;367.324;-9.158
2.195771;17280000;144;;;;;;;;;;;;;;
2.198271;17282500;155;;;;;;;;;;;;;;
2.200771;17285000;154;;;;;;;;;;;;;;
2.203271;17287500;169;;;;;;;;;;;;;;
2.205771;17290000;332;;;;;;;;;;;;;;
2.208271;17292500;188;;;;;;;;;;;;;;
2.210771;17295000;152;;;;;;;;;;;;;;
2.213271;17297500;141;;;;;;;;;;;;;;
2.215771;17300000;171;;;;;;;;;;;;;;
2.218271;17302500;172;;;;;;;;;;;;;;
2.220771;17305000;153;;;;;;;;;;;;;;
2.223271;17307500;141;;;;;;;;17308668;-979.591;-8.106;64.731;-3242.631;462.27;-33.638
2.225771;17310000;137;17309098;477.646;-371.715;626.967;1320.479;-77573.82;-17701.295;;;;;;;
2.228271;17312500;125;;;;;;;;;;;;;;
2.230771;17315000;126;;;;;;;;;;;;;;
2.233271;17317500;138;;;;;;;;;;;;;;
2.235771;17320000;144;;;;;;;;;;;;;;
2.238271;17322500;300;;;;;;;;;;;;;;
2.240771;17325000;205;;;;;;;;;;;;;;
2.243271;17327500;168;;;;;;;;;;;;;;
2.245771;17330000;141;;;;;;;;;;;;;;
2.248271;17332500;127;;;;;;;;;;;;;;
2.250771;17335000;153;;;;;;;;;;;;;;
2.253271;17337500;138;;;;;;;;;;;;;;
2.255771;17340000;168;17340958;499.117;-365.512;595.161;2063.83;-77860.562;-15650.73;17340518;-980.845;-8.823;65.02;-3124.687;367.844;9.169
2.258271;17342500;154;;;;;;;;;;;;;;
2.260771;17345000;171;;;;;;;;;;;;;;
2.263271;17347500;169;;;;;;;;;;;;;;
2.265771;17350000;136;;;;;;;;;;;;;;
2.268271;17352500;1;;;;;;;;;;;;;;
2.270771;17355000;255;;;;;;;;;;;;;;
2.273271;17357500;200;;;;;;;;;;;;;;
2.275771;17360000;173;;;;;;;;;;;;;;
2.278271;17362500;154;;;;;;;;;;;;;;
2.280771;17365000;154;;;;;;;;;;;;;;
2.283271;17367500;143;;;;;;;;;;;;;;
2.285771;17370000;138;;;;;;;;;;;;;;
2.288271;17372500;152;17372799;516.288;-365.519;570.978;2077.451;-77572.969;-14544.006;17372371;-980.242;-8.046;66.228;-2661.328;321.452;19.211
2.290771;17375000;128;;;;;;;;;;;;;;
2.293271;17377500;155;;;;;;;;;;;;;;
2.295771;17380000;165;;;;;;;;;;;;;;
2.298271;17382500;153;;;;;;;;;;;;;;
2.300771;17385000;304;;;;;;;;;;;;;;
2.303271;17387500;190;;;;;;;;;;;;;;
2.305771;17390000;167;;;;;;;;;;;;;;
2.308271;17392500;153;;;;;;;;;;;;;;
2.310771;17395000;150;;;;;;;;;;;;;;
2.313271;17397500;154;;;;;;;;;;;;;;
2.315771;17400000;142;;;;;;;;;;;;;;
2.318271;17402500;170;;;;;;;;;;;;;;
2.320771;17405000;152;17404750;542.256;-368.062;534.725;2276.766;-76101.008;-13143.056;17404310;-981.043;-5.966;63.972;-2582.074;376.692;-24.625
2.323271;17407500;141;;;;;;;;;;;;;;
2.325771;17410000;154;;;;;;;;;;;;;;
2.328271;17412500;125;;;;;;;;;;;;;;
2.330771;17415000;6;;;;;;;;;;;;;;
2.333271;17417500;269;;;;;;;;;;;;;;
2.335771;17420000;186;;;;;;;;;;;;;;
2.338271;17422500;169;;;;;;;;;;;;;;
2.340771;17425000;157;;;;;;;;;;;;;;
2.343271;17427500;169;;;;;;;;;;;;;;
2.345771;17430000;137;;;;;;;;;;;;;;
2.348271;17432500;143;;;;;;;;;;;;;;
2.350771;17435000;126;17435215;556.794;-363.28;505.219;2113.49;-75867.266;-11002.777;17434785;-980.193;-7.846;64.561;-2606.532;151.795;20.357
2.353271;17437500;137;;;;;;;;;;;;;;
2.355771;17440000;168;;;;;;;;;;;;;;
2.358271;17442500;157;;;;;;;;;;;;;;
2.360771;17445000;174;;;;;;;;;;;;;;
2.363271;17447500;363;;;;;;;;;;;;;;
2.365771;17450000;218;;;;;;;;;;;;;;
2.368271;17452500;173;;;;;;;;;;;;;;
2.370771;17455000;140;;;;;;;;;;;;;;
2.373271;17457500;138;;;;;;;;;;;;;;
2.375771;17460000;143;;;;;;;;;;;;;;
2.378271;17462500;153;;;;;;;;;;;;;;
2.380771;17465000;171;;;;;;;;;;;;;;
2.383271;17467500;167;17467162;574.686;-357.273;472.858;2145.628;-73991.898;-9485.326;17466724;-979.825;-8.466;64.945;-2512.081;220.768;4.901
2.385771;17470000;137;;;;;;;;;;;;;;
2.388271;17472500;124;;;;;;;;;;;;;;
2.390771;17475000;126;;;;;;;;;;;;;;
2.393271;17477500;155;;;;;;;;;;;;;;
2.395771;17480000;344;;;;;;;;;;;;;;
2.398271;17482500;222;;;;;;;;;;;;;;
2.400771;17485000;173;;;;;;;;;;;;;;
2.403271;17487500;153;;;;;;;;;;;;;;
2.405771;17490000;156;;;;;;;;;;;;;;
2.408271;17492500;152;;;;;;;;;;;;;;
2.410771;17495000;135;;;;;;;;;;;;;;
2.413271;17497500;139;;;;;;;;17498490;-978.956;-9.568;66.742;-2156.352;135.792;12.531
2.415771;17500000;152;17498920;591.037;-353.775;434.02;2009.034;-71102.992;-8954.622;;;;;;;
2.418271;17502500;155;;;;;;;;;;;;;;
2.420771;17505000;155;;;;;;;;;;;;;;
2.423271;17507500;149;;;;;;;;;;;;;;
2.425771;17510000;154;;;;;;;;;;;;;;
2.428271;17512500;288;;;;;;;;;;;;;;
2.430771;17515000;200;;;;;;;;;;;;;;
2.433271;17517500;170;;;;;;;;;;;;;;
2.435771;17520000;152;;;;;;;;;;;;;;
2.438271;17522500;174;;;;;;;;;;;;;;
2.440771;17525000;170;;;;;;;;;;;;;;
2.443271;17527500;143;;;;;;;;;;;;;;
2.445771;17530000;154;17530693;607.638;-349.561;402.211;1786.52;-67504.531;-9228.766;17530253;-978.87;-11.298;68.925;-1799.159;7.377;15.405
2.448271;17532500;125;;;;;;;;;;;;;;
2.450771;17535000;124;;;;;;;;;;;;;;
2.453271;17537500;153;;;;;;;;;;;;;;
2.455771;17540000;142;;;;;;;;;;;;;;
2.458271;17542500;317;;;;;;;;;;;;;;
2.460771;17545000;216;;;;;;;;;;;;;;
2.463271;17547500;185;;;;;;;;;;;;;;
2.465771;17550000;158;;;;;;;;;;;;;;
2.468271;17552500;127;;;;;;;;;;;;;;
2.470771;17555000;142;;;;;;;;;;;;;;
2.473271;17557500;154;;;;;;;;;;;;;;
2.475771;17560000;168;;;;;;;;;;;;;;
2.478271;17562500;171;17562454;627.221;-348.309;373.854;1419.819;-61399.742;-9363.64;17562018;-977.201;-11.129;70.506;-1579.701;39.821;-40.053
2.480771;17565000;171;;;;;;;;;;;;;;
2.483271;17567500;140;;;;;;;;;;;;;;
2.485771;17570000;154;;;;;;;;;;;;;;
2.488271;17572500;142;;;;;;;;;;;;;;
2.490771;17575000;286;;;;;;;;;;;;;;
2.493271;17577500;201;;;;;;;;;;;;;;
2.495771;17580000;158;;;;;;;;;;;;;;
2.498271;17582500;174;;;;;;;;;;;;;;
2.500771;17585000;171;;;;;;;;;;;;;;
2.503271;17587500;159;;;;;;;;;;;;;;
2.505771;17590000;135;;;;;;;;;;;;;;
2.508271;17592500;142;17592848;642.726;-347.937;345.913;-92.735;-50714.629;-9832.146;17592408;-978.3;-12.018;69.859;-1472.279;14.205;-51.175
2.510771;17595000;142;;;;;;;;;;;;;;
2.513271;17597500;135;;;;;;;;;;;;;;
2.515771;17600000;142;;;;;;;;;;;;;;
2.518271;17602500;154;;;;;;;;;;;;;;
2.520771;17605000;19;;;;;;;;;;;;;;
2.523271;17607500;266;;;;;;;;;;;;;;
2.525771;17610000;170;;;;;;;;;;;;;;
2.528271;17612500;139;;;;;;;;;;;;;;
2.530771;17615000;135;17615309;662.123;-346.437;316.46;-4114.41;-37950.148;-10360.788;17614881;-981.833;-8.727;61.444;-1156.727;117.62;-146.179
2.533271;17617500;157;;;;;;;;;;;;;;
2.535771;17620000;144;;;;;;;;;;;;;;
2.538271;17622500;172;;;;;;;;;;;;;;
2.540771;17625000;152;;;;;;;;;;;;;;
2.543271;17627500;141;;;;;;;;;;;;;;
2.545771;17630000;136;;;;;;;;;;;;;;
2.548271;17632500;126;;;;;;;;;;;;;;
2.550771;17635000;127;;;;;;;;;;;;;;
2.553271;17637500;345;;;;;;;;;;;;;;
2.555771;17640000;222;;;;;;;;;;;;;;
2.558271;17642500;183;;;;;;;;;;;;;;
2.560771;17645000;166;;;;;;;;;;;;;;
2.563271;17647500;144;17647519;682.398;-337.808;294.665;-3752.502;-22640.203;-11246.249;17647079;-980.144;-7.321;59.238;-1593.266;-128.886;-121.808
2.565771;17650000;137;;;;;;;;;;;;;;
2.568271;17652500;125;;;;;;;;;;;;;;
2.570771;17655000;144;;;;;;;;;;;;;;
2.573271;17657500;137;;;;;;;;;;;;;;
2.575771;17660000;150;;;;;;;;;;;;;;
2.578271;17662500;154;;;;;;;;;;;;;;
2.580771;17665000;154;;;;;;;;;;;;;;
2.583271;17667500;169;;;;;;;;;;;;;;
2.585771;17670000;285;;;;;;;;;;;;;;
2.588271;17672500;183;;;;;;;;;;;;;;
2.590771;17675000;151;;;;;;;;;;;;;;
2.593271;17677500;142;17678245;694.54;-339.919;295.853;-1065.002;-7194.943;-10925.874;17677817;-982.664;-5.589;63.053;-2102.915;327.308;-52.717
2.595771;17680000;169;;;;;;;;;;;;;;
2.598271;17682500;171;;;;;;;;;;;;;;
2.600771;17685000;174;;;;;;;;;;;;;;
2.603271;17687500;151;;;;;;;;;;;;;;
2.605771;17690000;157;;;;;;;;;;;;;;
2.608271;17692500;125;;;;;;;;;;;;;;
2.610771;17695000;152;;;;;;;;;;;;;;
2.613271;17697500;138;;;;;;;;;;;;;;
2.615771;17700000;348;;;;;;;;;;;;;;
2.618271;17702500;246;;;;;;;;;;;;;;
2.620771;17705000;176;;;;;;;;;;;;;;
2.623271;17707500;173;;;;;;;;;;;;;;
2.625771;17710000;139;17710282;691.838;-339.924;304.93;2117.686;5426.179;-9736.455;17709842;-985.045;-10.293;69.758;-1904.144;494.692;-302.081
2.628271;17712500;126;;;;;;;;;;;;;;
2.630771;17715000;152;;;;;;;;;;;;;;
2.633271;17717500;138;;;;;;;;;;;;;;
2.635771;17720000;168;;;;;;;;;;;;;;
2.638271;17722500;345;;;;;;;;;;;;;;
2.640771;17725000;218;;;;;;;;;;;;;;
2.643271;17727500;184;;;;;;;;;;;;;;
2.645771;17730000;137;;;;;;;;;;;;;;
2.648271;17732500;141;;;;;;;;;;;;;;
2.650771;17735000;142;;;;;;;;;;;;;;
2.653271;17737500;155;;;;;;;;;;;;;;
2.655771;17740000;157;;;;;;;;;;;;;;
2.658271;17742500;153;17742210;695.554;-348.846;320.269;5645.676;16053.869;-5512.944;17741780;-984.532;-9.052;71.986;-1786.625;542.145;-301.415
2.660771;17745000;169;;;;;;;;;;;;;;
2.663271;17747500;142;;;;;;;;;;;;;;
2.665771;17750000;153;;;;;;;;;;;;;;
2.668271;17752500;141;;;;;;;;;;;;;;
2.670771;17755000;288;;;;;;;;;;;;;;
2.673271;17757500;214;;;;;;;;;;;;;;
2.675771;17760000;157;;;;;;;;;;;;;;
2.678271;17762500;174;;;;;;;;;;;;;;
2.680771;17765000;172;;;;;;;;;;;;;;
2.683271;17767500;140;;;;;;;;;;;;;;
2.685771;17770000;155;;;;;;;;;;;;;;
2.688271;17772500;144;;;;;;;;17773720;-985.167;-9.082;72.98;-1603.668;330.413;-246.532
2.690771;17775000;127;17774157;701.305;-347.258;338.311;12422.018;26972.238;943.266;;;;;;;
2.693271;17777500;138;;;;;;;;;;;;;;
2.695771;17780000;153;;;;;;;;;;;;;;
2.698271;17782500;173;;;;;;;;;;;;;;
2.700771;17785000;350;;;;;;;;;;;;;;
2.703271;17787500;220;;;;;;;;;;;;;;
2.705771;17790000;157;;;;;;;;;;;;;;
2.708271;17792500;137;;;;;;;;;;;;;;
2.710771;17795000;155;;;;;;;;;;;;;;
2.713271;17797500;158;;;;;;;;;;;;;;
2.715771;17800000;170;;;;;;;;;;;;;;
2.718271;17802500;153;;;;;;;;;;;;;;
2.720771;17805000;152;17806002;694.965;-335.025;350.505;22617.668;36649.062;5988.603;17805571;-980.286;-11.379;73.711;-1307.36;12.017;-120.018
2.723271;17807500;158;;;;;;;;;;;;;;
2.725771;17810000;136;;;;;;;;;;;;;;
2.728271;17812500;122;;;;;;;;;;;;;;
2.730771;17815000;126;;;;;;;;;;;;;;
2.733271;17817500;316;;;;;;;;;;;;;;
2.735771;17820000;233;;;;;;;;;;;;;;
2.738271;17822500;175;;;;;;;;;;;;;;
2.740771;17825000;156;;;;;;;;;;;;;;
2.743271;17827500;142;;;;;;;;;;;;;;
2.745771;17830000;126;;;;;;;;;;;;;;
2.748271;17832500;124;;;;;;;;;;;;;;
2.750771;17835000;125;;;;;;;;17835960;-980.255;-17.367;80.474;-1282.242;-166.208;-92.142
2.753271;17837500;137;17836400;684.927;-317.755;380.981;31019.473;42265.484;9215.422;;;;;;;
2.755771;17840000;143;;;;;;;;;;;;;;
2.758271;17842500;153;;;;;;;;;;;;;;
2.760771;17845000;170;;;;;;;;;;;;;;
2.763271;17847500;141;;;;;;;;;;;;;;
2.765771;17850000;272;;;;;;;;;;;;;;
2.768271;17852500;173;;;;;;;;;;;;;;
2.770771;17855000;157;;;;;;;;;;;;;;
2.773271;17857500;141;;;;;;;;;;;;;;
2.775771;17860000;171;;;;;;;;;;;;;;
2.778271;17862500;158;;;;;;;;;;;;;;
2.780771;17865000;155;;;;;;;;;;;;;;
2.783271;17867500;167;17868327;670.591;-308.077;417.088;37377.188;47707.836;12029.775;17867900;-982.976;-17.475;90.365;1246.308;-188.523;-362.285
2.785771;17870000;135;;;;;;;;;;;;;;
2.788271;17872500;144;;;;;;;;;;;;;;
2.790771;17875000;151;;;;;;;;;;;;;;
2.793271;17877500;140;;;;;;;;;;;;;;
2.795771;17880000;285;;;;;;;;;;;;;;
2.798271;17882500;268;;;;;;;;;;;;;;
2.800771;17885000;216;;;;;;;;;;;;;;
2.803271;17887500;175;;;;;;;;;;;;;;
2.805771;17890000;137;;;;;;;;;;;;;;
2.808271;17892500;143;;;;;;;;;;;;;;
2.810771;17895000;126;;;;;;;;;;;;;;
2.813271;17897500;155;;;;;;;;;;;;;;
2.815771;17900000;140;17900452;654.654;-293.052;456.203;42865.328;52208.695;17378.285;17900012;-982.828;-15.491;94.094;4466.555;416.778;-710.358
2.818271;17902500;171;;;;;;;;;;;;;;
2.820771;17905000;170;;;;;;;;;;;;;;
2.823271;17907500;141;;;;;;;;;;;;;;
2.825771;17910000;128;;;;;;;;;;;;;;
2.828271;17912500;362;;;;;;;;;;;;;;
2.830771;17915000;236;;;;;;;;;;;;;;
2.833271;17917500;185;;;;;;;;;;;;;;
2.835771;17920000;154;;;;;;;;;;;;;;
2.838271;17922500;153;;;;;;;;;;;;;;
2.840771;17925000;155;;;;;;;;;;;;;;
2.843271;17927500;142;;;;;;;;;;;;;;
2.845771;17930000;153;;;;;;;;;;;;;;
2.848271;17932500;124;17932466;634.018;-275.374;472.628;45755.062;55018.887;23151.059;17932036;-982.688;-12.703;98.082;7118.477;500.502;-985.465
2.850771;17935000;153;;;;;;;;;;;;;;
2.853271;17937500;157;;;;;;;;;;;;;;
2.855771;17940000;169;;;;;;;;;;;;;;
2.858271;17942500;41;;;;;;;;;;;;;;
2.860771;17945000;252;;;;;;;;;;;;;;
2.863271;17947500;202;;;;;;;;;;;;;;
2.865771;17950000;168;;;;;;;;;;;;;;
2.868271;17952500;128;;;;;;;;;;;;;;
2.870771;17955000;136;;;;;;;;;;;;;;
2.873271;17957500;140;;;;;;;;;;;;;;
2.875771;17960000;170;;;;;;;;;;;;;;
2.878271;17962500;154;;;;;;;;;;;;;;
2.880771;17965000;175;17964500;614.181;-253.638;486.957;49373.559;55680.441;31164.381;17964062;-984.019;-13.056;93.812;7987.991;758.977;-1197.379
2.883271;17967500;143;;;;;;;;;;;;;;
2.885771;17970000;128;;;;;;;;;;;;;;
2.888271;17972500;125;;;;;;;;;;;;;;
2.890771;17975000;367;;;;;;;;;;;;;;
2.893271;17977500;235;;;;;;;;;;;;;;
2.895771;17980000;173;;;;;;;;;;;;;;
2.898271;17982500;158;;;;;;;;;;;;;;
2.900771;17985000;158;;;;;;;;;;;;;;
2.903271;17987500;167;;;;;;;;;;;;;;
2.905771;17990000;153;;;;;;;;;;;;;;
2.908271;17992500;125;;;;;;;;;;;;;;
2.910771;17995000;125;17995056;596.179;-228.878;509.932;47770.254;52803.668;35643.227;17994626;-984.46;-10.342;80.331;6707.466;908.715;-1113.448
2.913271;17997500;155;;;;;;;;;;;;;;
2.915771;18000000;170;;;;;;;;;;;;;;
2.918271;18002500;172;;;;;;;;;;;;;;
2.920771;18005000;153;;;;;;;;;;;;;;
2.923271;18007500;328;;;;;;;;;;;;;;
2.925771;18010000;222;;;;;;;;;;;;;;
2.928271;18012500;169;;;;;;;;;;;;;;
2.930771;18015000;154;;;;;;;;;;;;;;
2.933271;18017500;138;;;;;;;;;;;;;;
2.935771;18020000;151;18019361;573.629;-208.858;537.0;43453.68;47932.234;39218.691;18018929;-987.008;-5.506;76.491;3280.718;1092.092;-772.088
2.938271;18022500;154;;;;;;;;;;;;;;
2.940771;18025000;153;;;;;;;;;;;;;;
2.943271;18027500;139;;;;;;;;;;;;;;
2.945771;18030000;151;;;;;;;;;;;;;;
2.948271;18032500;143;;;;;;;;;;;;;;
2.950771;18035000;150;;;;;;;;;;;;;;
2.953271;18037500;137;;;;;;;;;;;;;;
2.955771;18040000;303;;;;;;;;;;;;;;
2.958271;18042500;234;;;;;;;;;;;;;;
2.960771;18045000;201;;;;;;;;;;;;;;
2.963271;18047500;167;;;;;;;;;;;;;;
2.965771;18050000;153;18049645;547.796;-212.421;564.946;35288.559;41981.371;46959.32;18049210;-1001.805;-0.808;76.431;-469.068;1389.237;-447.796
2.968271;18052500;124;;;;;;;;;;;;;;
2.970771;18055000;150;;;;;;;;;;;;;;
2.973271;18057500;156;;;;;;;;;;;;;;
2.975771;18060000;143;;;;;;;;;;;;;;
2.978271;18062500;153;;;;;;;;;;;;;;
2.980771;18065000;170;;;;;;;;;;;;;;
2.983271;18067500;143;;;;;;;;;;;;;;
2.985771;18070000;153;;;;;;;;;;;;;;
2.988271;18072500;262;;;;;;;;;;;;;;
2.990771;18075000;171;;;;;;;;;;;;;;
2.993271;18077500;152;;;;;;;;;;;;;;
2.995771;18080000;153;18080209;539.383;-204.429;590.799;30680.379;37558.738;54919.293;18079774;-1005.193;0.05;74.549;-2731.115;1367.463;-252.156
2.998271;18082500;174;;;;;;;;;;;;;;
3.000771;18085000;155;;;;;;;;;;;;;;
3.003271;18087500;166;;;;;;;;;;;;;;
3.005771;18090000;154;;;;;;;;;;;;;;
3.008271;18092500;142;;;;;;;;;;;;;;
3.010771;18095000;153;;;;;;;;;;;;;;
3.013271;18097500;155;;;;;;;;;;;;;;
3.015771;18100000;168;;;;;;;;;;;;;;
3.018271;18102500;315;;;;;;;;;;;;;;
3.020771;18105000;233;;;;;;;;;;;;;;
3.023271;18107500;185;;;;;;;;;;;;;;
3.025771;18110000;157;;;;;;;;;;;;;;
3.028271;18112500;152;18112321;523.034;-199.606;613.421;26808.797;33811.363;61055.016;18111886;-1005.076;1.944;71.34;-5252.372;1304.777;-37.861
3.030771;18115000;126;;;;;;;;;;;;;;
3.033271;18117500;139;;;;;;;;;;;;;;
3.035771;18120000;151;;;;;;;;;;;;;;
3.038271;18122500;154;;;;;;;;;;;;;;
3.040771;18125000;8;;;;;;;;;;;;;;
3.043271;18127500;282;;;;;;;;;;;;;;
3.045771;18130000;171;;;;;;;;;;;;;;
3.048271;18132500;139;;;;;;;;;;;;;;
3.050771;18135000;128;;;;;;;;;;;;;;
3.053271;18137500;157;;;;;;;;;;;;;;
3.055771;18140000;170;;;;;;;;;;;;;;
3.058271;18142500;155;;;;;;;;;;;;;;
3.060771;18145000;154;18144350;515.689;-199.916;630.781;23597.17;31233.545;63929.078;18143910;-1004.207;0.231;67.785;-7147.065;1133.226;187.157
3.063271;18147500;143;;;;;;;;;;;;;;
3.065771;18150000;157;;;;;;;;;;;;;;
3.068271;18152500;153;;;;;;;;;;;;;;
3.070771;18155000;124;;;;;;;;;;;;;;
3.073271;18157500;282;;;;;;;;;;;;;;
3.075771;18160000;200;;;;;;;;;;;;;;
3.078271;18162500;188;;;;;;;;;;;;;;
3.080771;18165000;173;;;;;;;;;;;;;;
3.083271;18167500;142;;;;;;;;;;;;;;
3.085771;18170000;135;;;;;;;;;;;;;;
3.088271;18172500;124;;;;;;;;;;;;;;
3.090771;18175000;152;;;;;;;;18175937;-1005.103;-0.086;61.907;-8705.524;1277.377;260.487
3.093271;18177500;139;18176364;502.251;-197.838;647.188;19070.873;29756.742;66561.0;;;;;;;
3.095771;18180000;152;;;;;;;;;;;;;;
3.098271;18182500;155;;;;;;;;;;;;;;
3.100771;18185000;154;;;;;;;;;;;;;;
3.103271;18187500;313;;;;;;;;;;;;;;
3.105771;18190000;189;;;;;;;;;;;;;;
3.108271;18192500;150;;;;;;;;;;;;;;
3.110771;18195000;137;;;;;;;;;;;;;;
3.113271;18197500;141;;;;;;;;;;;;;;
3.115771;18200000;168;;;;;;;;;;;;;;
3.118271;18202500;155;;;;;;;;;;;;;;
3.120771;18205000;170;;;;;;;;;;;;;;
3.123271;18207500;158;18208489;487.203;-206.185;654.332;16320.08;27995.029;68370.078;18208049;-1004.654;-1.497;60.257;-8565.998;1561.758;244.4
3.125771;18210000;155;;;;;;;;;;;;;;
3.128271;18212500;126;;;;;;;;;;;;;;
3.130771;18215000;136;;;;;;;;;;;;;;
3.133271;18217500;138;;;;;;;;;;;;;;
3.135771;18220000;317;;;;;;;;;;;;;;
3.138271;18222500;230;;;;;;;;;;;;;;
3.140771;18225000;169;;;;;;;;;;;;;;
3.143271;18227500;151;;;;;;;;;;;;;;
3.145771;18230000;156;;;;;;;;;;;;;;
3.148271;18232500;152;;;;;;;;;;;;;;
3.150771;18235000;153;;;;;;;;;;;;;;
3.153271;18237500;141;;;;;;;;18238611;-1002.264;0.31;56.866;-8439.136;1076.358;415.055
3.155771;18240000;142;18239041;480.332;-219.367;664.163;15858.451;26835.027;68922.766;;;;;;;
3.158271;18242500;155;;;;;;;;;;;;;;
3.160771;18245000;169;;;;;;;;;;;;;;
3.163271;18247500;167;;;;;;;;;;;;;;
3.165771;18250000;361;;;;;;;;;;;;;;
3.168271;18252500;250;;;;;;;;;;;;;;
3.170771;18255000;171;;;;;;;;;;;;;;
3.173271;18257500;170;;;;;;;;;;;;;;
3.175771;18260000;172;;;;;;;;;;;;;;
3.178271;18262500;157;;;;;;;;;;;;;;
3.180771;18265000;173;;;;;;;;;;;;;;
3.183271;18267500;142;;;;;;;;;;;;;;
3.185771;18270000;153;18271075;468.32;-223.49;674.899;14982.403;26921.713;67990.5;18270637;-1001.652;1.301;60.221;-9592.616;717.602;701.427
3.188271;18272500;152;;;;;;;;;;;;;;
3.190771;18275000;135;;;;;;;;;;;;;;
3.193271;18277500;140;;;;;;;;;;;;;;
3.195771;18280000;169;;;;;;;;;;;;;;
3.198271;18282500;208;;;;;;;;;;;;;;
3.200771;18285000;271;;;;;;;;;;;;;;
3.203271;18287500;182;;;;;;;;;;;;;;
3.205771;18290000;167;;;;;;;;;;;;;;
3.208271;18292500;136;;;;;;;;;;;;;;
3.210771;18295000;136;;;;;;;;;;;;;;
3.213271;18297500;140;;;;;;;;;;;;;;
3.215771;18300000;141;;;;;;;;;;;;;;
3.218271;18302500;172;18303006;453.56;-234.044;686.715;12887.971;25758.502;66839.719;18302576;-1000.687;0.742;63.212;-10428.548;600.347;778.793
3.220771;18305000;152;;;;;;;;;;;;;;
3.223271;18307500;167;;;;;;;;;;;;;;
3.225771;18310000;127;;;;;;;;;;;;;;
3.228271;18312500;125;;;;;;;;;;;;;;
3.230771;18315000;380;;;;;;;;;;;;;;
3.233271;18317500;222;;;;;;;;;;;;;;
3.235771;18320000;173;;;;;;;;;;;;;;
3.238271;18322500;159;;;;;;;;;;;;;;
3.240771;18325000;153;;;;;;;;;;;;;;
3.243271;18327500;166;;;;;;;;;;;;;;
3.245771;18330000;135;;;;;;;;;;;;;;
3.248271;18332500;125;;;;;;;;;;;;;;
3.250771;18335000;138;18335040;449.231;-239.995;701.466;11607.447;24581.701;64948.043;18334600;-998.165;0.333;64.224;-10650.433;626.767;796.729
3.253271;18337500;139;;;;;;;;;;;;;;
3.255771;18340000;150;;;;;;;;;;;;;;
3.258271;18342500;173;;;;;;;;;;;;;;
3.260771;18345000;319;;;;;;;;;;;;;;
3.263271;18347500;248;;;;;;;;;;;;;;
3.265771;18350000;171;;;;;;;;;;;;;;
3.268271;18352500;139;;;;;;;;;;;;;;
3.270771;18355000;153;;;;;;;;;;;;;;
3.273271;18357500;140;;;;;;;;;;;;;;
3.275771;18360000;144;;;;;;;;;;;;;;
3.278271;18362500;152;;;;;;;;;;;;;;
3.280771;18365000;170;;;;;;;;;;;;;;
3.283271;18367500;155;18366967;429.868;-248.827;712.57;10807.45;23161.865;62450.078;18366540;-995.184;-2.319;64.325;-11412.036;565.242;871.08
3.285771;18370000;126;;;;;;;;;;;;;;
3.288271;18372500;124;;;;;;;;;;;;;;
3.290771;18375000;152;;;;;;;;;;;;;;
3.293271;18377500;378;;;;;;;;;;;;;;
3.295771;18380000;238;;;;;;;;;;;;;;
3.298271;18382500;207;;;;;;;;;;;;;;
3.300771;18385000;167;;;;;;;;;;;;;;
3.303271;18387500;169;;;;;;;;;;;;;;
3.305771;18390000;137;;;;;;;;;;;;;;
3.308271;18392500;152;;;;;;;;;;;;;;
3.310771;18395000;153;;;;;;;;;;;;;;
3.313271;18397500;158;18397456;410.936;-259.205;721.203;9030.265;20904.771;59349.449;18397016;-1003.558;-2.972;66.574;-11909.81;1846.417;715.526
3.315771;18400000;168;;;;;;;;;;;;;;
3.318271;18402500;174;;;;;;;;;;;;;;
3.320771;18405000;171;;;;;;;;;;;;;;
3.323271;18407500;141;;;;;;;;;;;;;;
3.325771;18410000;318;;;;;;;;;;;;;;
3.328271;18412500;216;;;;;;;;;;;;;;
3.330771;18415000;175;;;;;;;;;;;;;;
3.333271;18417500;160;;;;;;;;;;;;;;
3.335771;18420000;144;;;;;;;;;;;;;;
3.338271;18422500;153;18421742;401.303;-271.822;730.24;7576.438;18911.908;56413.914;18421320;-1003.552;-4.409;67.93;-12032.257;1881.846;696.812
3.340771;18425000;171;;;;;;;;;;;;;;
3.343271;18427500;140;;;;;;;;;;;;;;
3.345771;18430000;150;;;;;;;;;;;;;;
3.348271;18432500;151;;;;;;;;;;;;;;
3.350771;18435000;127;;;;;;;;;;;;;;
3.353271;18437500;157;;;;;;;;;;;;;;
3.355771;18440000;152;;;;;;;;;;;;;;
3.358271;18442500;330;;;;;;;;;;;;;;
3.360771;18445000;215;;;;;;;;;;;;;;
3.363271;18447500;159;;;;;;;;;;;;;;
3.365771;18450000;157;;;;;;;;;;;;;;
3.368271;18452500;127;18452306;387.734;-280.862;736.501;7470.617;17955.812;52890.156;18451861;-1000.424;-4.005;68.737;-11894.831;1856.879;659.784
3.370771;18455000;153;;;;;;;;;;;;;;
3.373271;18457500;137;;;;;;;;;;;;;;
3.375771;18460000;151;;;;;;;;;;;;;;
3.378271;18462500;155;;;;;;;;;;;;;;
3.380771;18465000;155;;;;;;;;;;;;;;
3.383271;18467500;158;;;;;;;;;;;;;;
3.385771;18470000;135;;;;;;;;;;;;;;
3.388271;18472500;265;;;;;;;;;;;;;;
3.390771;18475000;256;;;;;;;;;;;;;;
3.393271;18477500;185;;;;;;;;;;;;;;
3.395771;18480000;185;;;;;;;;;;;;;;
3.398271;18482500;156;18482847;374.752;-292.836;739.479;7028.398;15510.146;48459.773;18482424;-1000.734;-4.665;69.204;-11679.402;1991.097;580.857
3.400771;18485000;170;;;;;;;;;;;;;;
3.403271;18487500;141;;;;;;;;;;;;;;
3.405771;18490000;135;;;;;;;;;;;;;;
3.408271;18492500;151;;;;;;;;;;;;;;
3.410771;18495000;152;;;;;;;;;;;;;;
3.413271;18497500;140;;;;;;;;;;;;;;
3.415771;18500000;142;;;;;;;;;;;;;;
3.418271;18502500;153;;;;;;;;;;;;;;
3.420771;18505000;327;;;;;;;;;;;;;;
3.423271;18507500;217;;;;;;;;;;;;;;
3.425771;18510000;144;;;;;;;;;;;;;;
3.428271;18512500;127;;;;;;;;;;;;;;
3.430771;18515000;128;18514981;366.043;-297.372;746.846;5847.041;11885.201;41696.348;18514536;-1000.083;-6.665;75.327;-11277.869;2099.792;536.502
3.433271;18517500;157;;;;;;;;;;;;;;
3.435771;18520000;151;;;;;;;;;;;;;;
3.438271;18522500;170;;;;;;;;;;;;;;
3.440771;18525000;152;;;;;;;;;;;;;;
3.443271;18527500;366;;;;;;;;;;;;;;
3.445771;18530000;264;;;;;;;;;;;;;;
3.448271;18532500;160;;;;;;;;;;;;;;
3.450771;18535000;158;;;;;;;;;;;;;;
3.453271;18537500;139;;;;;;;;;;;;;;
3.455771;18540000;151;;;;;;;;;;;;;;
3.458271;18542500;173;;;;;;;;;;;;;;
3.460771;18545000;152;;;;;;;;;;;;;;
3.463271;18547500;139;18547077;358.989;-296.448;752.051;3523.814;7568.691;34626.219;18546647;-999.849;-12.23;73.86;-10548.163;1270.303;657.989
3.465771;18550000;153;;;;;;;;;;;;;;
3.468271;18552500;143;;;;;;;;;;;;;;
3.470771;18555000;137;;;;;;;;;;;;;;
3.473271;18557500;158;;;;;;;;;;;;;;
3.475771;18560000;297;;;;;;;;;;;;;;
3.478271;18562500;231;;;;;;;;;;;;;;
3.480771;18565000;188;;;;;;;;;;;;;;
3.483271;18567500;144;;;;;;;;;;;;;;
3.485771;18570000;137;;;;;;;;;;;;;;
3.488271;18572500;143;;;;;;;;;;;;;;
3.490771;18575000;152;;;;;;;;;;;;;;
3.493271;18577500;157;;;;;;;;18578500;-994.142;-13.723;71.753;-9950.317;64.913;852.59
3.495771;18580000;153;18578938;366.849;-296.235;766.494;1321.998;2245.194;26793.531;;;;;;;
3.498271;18582500;175;;;;;;;;;;;;;;
3.500771;18585000;154;;;;;;;;;;;;;;
3.503271;18587500;141;;;;;;;;;;;;;;
3.505771;18590000;330;;;;;;;;;;;;;;
3.508271;18592500;190;;;;;;;;;;;;;;
3.510771;18595000;171;;;;;;;;;;;;;;
3.513271;18597500;168;;;;;;;;;;;;;;
3.515771;18600000;152;;;;;;;;;;;;;;
3.518271;18602500;171;;;;;;;;;;;;;;
3.520771;18605000;154;;;;;;;;;;;;;;
3.523271;18607500;159;;;;;;;;;;;;;;
3.525771;18610000;153;18610695;372.467;-311.716;768.234;2404.773;3571.435;20965.979;18610265;-993.876;-10.664;70.868;-9432.677;101.042;779.773
3.528271;18612500;144;;;;;;;;;;;;;;
3.530771;18615000;144;;;;;;;;;;;;;;
3.533271;18617500;156;;;;;;;;;;;;;;
3.535771;18620000;144;;;;;;;;;;;;;;
3.538271;18622500;311;;;;;;;;;;;;;;
3.540771;18625000;223;;;;;;;;;;;;;;
3.543271;18627500;184;;;;;;;;;;;;;;
3.545771;18630000;155;;;;;;;;;;;;;;
3.548271;18632500;144;;;;;;;;;;;;;;
3.550771;18635000;126;;;;;;;;;;;;;;
3.553271;18637500;139;;;;;;;;;;;;;;
3.555771;18640000;152;18641012;375.084;-317.846;773.907;5637.097;4433.238;12344.992;18640567;-991.835;-11.65;71.082;-8868.73;-140.698;749.097
3.558271;18642500;154;;;;;;;;;;;;;;
3.560771;18645000;144;;;;;;;;;;;;;;
3.563271;18647500;139;;;;;;;;;;;;;;
3.565771;18650000;152;;;;;;;;;;;;;;
3.568271;18652500;0;;;;;;;;;;;;;;
3.570771;18655000;266;;;;;;;;;;;;;;
3.573271;18657500;188;;;;;;;;;;;;;;
3.575771;18660000;167;;;;;;;;;;;;;;
3.578271;18662500;175;;;;;;;;;;;;;;
3.580771;18665000;153;;;;;;;;;;;;;;
3.583271;18667500;139;;;;;;;;;;;;;;
3.585771;18670000;153;;;;;;;;;;;;;;
3.588271;18672500;128;18672929;378.095;-310.744;782.541;8759.867;4032.638;3018.867;18672507;-991.312;-12.421;75.135;-7991.731;-96.038;648.642
3.590771;18675000;135;;;;;;;;;;;;;;
3.593271;18677500;139;;;;;;;;;;;;;;
3.595771;18680000;151;;;;;;;;;;;;;;
3.598271;18682500;173;;;;;;;;;;;;;;
3.600771;18685000;381;;;;;;;;;;;;;;
3.603271;18687500;247;;;;;;;;;;;;;;
3.605771;18690000;168;;;;;;;;;;;;;;
3.608271;18692500;140;;;;;;;;;;;;;;
3.610771;18695000;154;;;;;;;;;;;;;;
3.613271;18697500;138;;;;;;;;;;;;;;
3.615771;18700000;169;;;;;;;;;;;;;;
3.618271;18702500;155;;;;;;;;;;;;;;
3.620771;18705000;153;18704717;382.504;-305.931;787.834;8314.874;3816.569;-5787.139;18704272;-990.003;-11.02;76.069;-7050.958;-57.111;572.022
3.623271;18707500;167;;;;;;;;;;;;;;
3.625771;18710000;135;;;;;;;;;;;;;;
3.628271;18712500;128;;;;;;;;;;;;;;
3.630771;18715000;126;;;;;;;;;;;;;;
3.633271;18717500;345;;;;;;;;;;;;;;
3.635771;18720000;249;;;;;;;;;;;;;;
3.638271;18722500;174;;;;;;;;;;;;;;
3.640771;18725000;158;;;;;;;;;;;;;;
3.643271;18727500;139;;;;;;;;;;;;;;
3.645771;18730000;152;;;;;;;;;;;;;;
3.648271;18732500;125;;;;;;;;;;;;;;
3.650771;18735000;144;;;;;;;;18736122;-989.943;-10.182;76.426;-6248.222;-69.13;525.484
3.653271;18737500;138;18736552;385.998;-298.436;795.315;6367.88;2356.99;-15390.969;;;;;;;
3.655771;18740000;138;;;;;;;;;;;;;;
3.658271;18742500;171;;;;;;;;;;;;;;
3.660771;18745000;170;;;;;;;;;;;;;;
3.663271;18747500;381;;;;;;;;;;;;;;
3.665771;18750000;208;;;;;;;;;;;;;;
3.668271;18752500;171;;;;;;;;;;;;;;
3.670771;18755000;154;;;;;;;;;;;;;;
3.673271;18757500;158;;;;;;;;;;;;;;
3.675771;18760000;169;;;;;;;;;;;;;;
3.678271;18762500;171;;;;;;;;;;;;;;
3.680771;18765000;152;;;;;;;;;;;;;;
3.683271;18767500;159;18768413;388.231;-284.649;799.628;3137.924;322.453;-23028.857;18767975;-990.027;-9.002;76.978;-5423.061;6.076;460.272
3.685771;18770000;127;;;;;;;;;;;;;;
3.688271;18772500;126;;;;;;;;;;;;;;
3.690771;18775000;127;;;;;;;;;;;;;;
3.693271;18777500;166;;;;;;;;;;;;;;
3.695771;18780000;351;;;;;;;;;;;;;;
3.698271;18782500;221;;;;;;;;;;;;;;
3.700771;18785000;174;;;;;;;;;;;;;;
3.703271;18787500;152;;;;;;;;;;;;;;
3.705771;18790000;137;;;;;;;;;;;;;;
3.708271;18792500;152;;;;;;;;;;;;;;
3.710771;18795000;128;;;;;;;;;;;;;;
3.713271;18797500;155;18798448;394.561;-273.137;801.322;905.528;-549.419;-28659.977;18798018;-988.673;-9.943;75.349;-4387.595;164.585;359.821
3.715771;18800000;151;;;;;;;;;;;;;;
3.718271;18802500;173;;;;;;;;;;;;;;
3.720771;18805000;172;;;;;;;;;;;;;;
3.723271;18807500;140;;;;;;;;;;;;;;
3.725771;18810000;155;;;;;;;;;;;;;;
3.728271;18812500;269;;;;;;;;;;;;;;
3.730771;18815000;183;;;;;;;;;;;;;;
3.733271;18817500;156;;;;;;;;;;;;;;
3.735771;18820000;154;;;;;;;;;;;;;;
3.738271;18822500;175;18822413;401.826;-258.693;800.979;-211.624;-26.698;-34424.727;18821974;-989.07;-9.116;74.272;-3101.153;157.668;253.017
3.740771;18825000;173;;;;;;;;;;;;;;
3.743271;18827500;141;;;;;;;;;;;;;;
3.745771;18830000;127;;;;;;;;;;;;;;
3.748271;18832500;127;;;;;;;;;;;;;;
3.750771;18835000;155;;;;;;;;;;;;;;
3.753271;18837500;159;;;;;;;;;;;;;;
3.755771;18840000;151;;;;;;;;;;;;;;
3.758271;18842500;26;;;;;;;;;;;;;;
3.760771;18845000;265;;;;;;;;;;;;;;
3.763271;18847500;201;;;;;;;;;;;;;;
3.765771;18850000;168;;;;;;;;;;;;;;
3.768271;18852500;135;18852603;412.655;-252.987;804.313;-2669.417;2128.886;-40106.43;18852168;-989.417;-8.831;74.042;-1715.408;175.16;127.929
3.770771;18855000;128;;;;;;;;;;;;;;
3.773271;18857500;139;;;;;;;;;;;;;;
3.775771;18860000;169;;;;;;;;;;;;;;
3.778271;18862500;171;;;;;;;;;;;;;;
3.780771;18865000;152;;;;;;;;;;;;;;
3.783271;18867500;140;;;;;;;;;;;;;;
3.785771;18870000;135;;;;;;;;;;;;;;
3.788271;18872500;136;;;;;;;;;;;;;;
3.790771;18875000;350;;;;;;;;;;;;;;
3.793271;18877500;223;;;;;;;;;;;;;;
3.795771;18880000;183;;;;;;;;;;;;;;
3.798271;18882500;168;18882990;416.545;-260.358;807.535;-5242.321;2591.192;-47926.484;18882558;-989.167;-9.622;75.146;-673.7;117.839;23.97
3.800771;18885000;156;;;;;;;;;;;;;;
3.803271;18887500;142;;;;;;;;;;;;;;
3.805771;18890000;154;;;;;;;;;;;;;;
3.808271;18892500;126;;;;;;;;;;;;;;
3.810771;18895000;136;;;;;;;;;;;;;;
3.813271;18897500;140;;;;;;;;;;;;;;
3.815771;18900000;171;;;;;;;;;;;;;;
3.818271;18902500;171;;;;;;;;;;;;;;
3.820771;18905000;365;;;;;;;;;;;;;;
3.823271;18907500;248;;;;;;;;;;;;;;
3.825771;18910000;159;;;;;;;;;;;;;;
3.828271;18912500;155;;;;;;;;;;;;;;
3.830771;18915000;151;18914758;404.507;-238.52;809.487;-4198.393;1747.195;-56615.098;18914323;-987.423;-10.995;79.545;516.735;319.76;-159.666
3.833271;18917500;156;;;;;;;;;;;;;;
3.835771;18920000;168;;;;;;;;;;;;;;
3.838271;18922500;153;;;;;;;;;;;;;;
3.840771;18925000;170;;;;;;;;;;;;;;
3.843271;18927500;138;;;;;;;;;;;;;;
3.845771;18930000;283;;;;;;;;;;;;;;
3.848271;18932500;200;;;;;;;;;;;;;;
3.850771;18935000;143;;;;;;;;;;;;;;
3.853271;18937500;143;;;;;;;;;;;;;;
3.855771;18940000;171;;;;;;;;;;;;;;
3.858271;18942500;154;;;;;;;;;;;;;;
3.860771;18945000;171;;;;;;;;;;;;;;
3.863271;18947500;141;18946700;410.012;-212.673;809.48;-3273.598;-327.727;-65690.031;18946260;-984.747;-11.25;81.655;2938.273;-458.353;-94.37
3.865771;18950000;141;;;;;;;;;;;;;;
3.868271;18952500;125;;;;;;;;;;;;;;
3.870771;18955000;151;;;;;;;;;;;;;;
3.873271;18957500;156;;;;;;;;;;;;;;
3.875771;18960000;313;;;;;;;;;;;;;;
3.878271;18962500;235;;;;;;;;;;;;;;
3.880771;18965000;172;;;;;;;;;;;;;;
3.883271;18967500;170;;;;;;;;;;;;;;
3.885771;18970000;154;;;;;;;;;;;;;;
3.888271;18972500;126;;;;;;;;;;;;;;
3.890771;18975000;134;;;;;;;;;;;;;;
3.893271;18977500;157;18978627;414.21;-187.131;809.607;-5627.293;-2266.966;-72099.219;18978200;-985.109;-9.346;78.408;4759.672;-493.185;-290.027
3.895771;18980000;150;;;;;;;;;;;;;;
3.898271;18982500;153;;;;;;;;;;;;;;
3.900771;18985000;153;;;;;;;;;;;;;;
3.903271;18987500;158;;;;;;;;;;;;;;
3.905771;18990000;343;;;;;;;;;;;;;;
3.908271;18992500;191;;;;;;;;;;;;;;
3.910771;18995000;154;;;;;;;;;;;;;;
3.913271;18997500;142;;;;;;;;;;;;;;
3.915771;19000000;170;;;;;;;;;;;;;;
3.918271;19002500;155;;;;;;;;;;;;;;
3.920771;19005000;151;;;;;;;;;;;;;;
3.923271;19007500;139;;;;;;;;;;;;;;
3.925771;19010000;134;19010752;420.248;-171.754;816.085;-6591.491;-4541.055;-79754.633;19010312;-989.448;-5.194;76.891;5397.563;-136.901;-562.088
3.928271;19012500;125;;;;;;;;;;;;;;
3.930771;19015000;127;;;;;;;;;;;;;;
3.933271;19017500;140;;;;;;;;;;;;;;
3.935771;19020000;150;;;;;;;;;;;;;;
3.938271;19022500;296;;;;;;;;;;;;;;
3.940771;19025000;204;;;;;;;;;;;;;;
3.943271;19027500;156;;;;;;;;;;;;;;
3.945771;19030000;134;;;;;;;;;;;;;;
3.948271;19032500;125;;;;;;;;;;;;;;
3.950771;19035000;126;;;;;;;;;;;;;;
3.953271;19037500;155;;;;;;;;;;;;;;
3.955771;19040000;143;;;;;;;;19040874;-990.99;-6.069;78.634;5164.872;14.319;-625.421
3.958271;19042500;151;19041310;427.296;-154.657;816.291;-5819.604;-7329.689;-86201.273;;;;;;;
3.960771;19045000;153;;;;;;;;;;;;;;
3.963271;19047500;140;;;;;;;;;;;;;;
3.965771;19050000;152;;;;;;;;;;;;;;
3.968271;19052500;30;;;;;;;;;;;;;;
3.970771;19055000;265;;;;;;;;;;;;;;
3.973271;19057500;181;;;;;;;;;;;;;;
3.975771;19060000;158;;;;;;;;;;;;;;
3.978271;19062500;174;;;;;;;;;;;;;;
3.980771;19065000;152;;;;;;;;;;;;;;
3.983271;19067500;139;;;;;;;;;;;;;;
3.985771;19070000;135;;;;;;;;;;;;;;
3.988271;19072500;141;19073246;429.892;-121.816;813.998;-5019.373;-11597.205;-91722.711;19072814;-987.88;-8.816;79.461;4931.128;-585.772;-505.775
3.990771;19075000;152;;;;;;;;;;;;;;
3.993271;19077500;139;;;;;;;;;;;;;;
3.995771;19080000;142;;;;;;;;;;;;;;
3.998271;19082500;171;;;;;;;;;;;;;;
4.000771;19085000;397;;;;;;;;;;;;;;
4.003271;19087500;252;;;;;;;;;;;;;;
4.005771;19090000;158;;;;;;;;;;;;;;
4.008271;19092500;138;;;;;;;;;;;;;;
4.010771;19095000;136;;;;;;;;;;;;;;
4.013271;19097500;157;;;;;;;;;;;;;;
4.015771;19100000;143;;;;;;;;;;;;;;
4.018271;19102500;174;;;;;;;;;;;;;;
4.020771;19105000;172;19105448;430.363;-90.825;814.076;-6198.592;-16384.594;-97138.703;19105013;-987.17;-10.223;80.77;4622.009;-510.546;-477.424
4.023271;19107500;159;;;;;;;;;;;;;;
4.025771;19110000;153;;;;;;;;;;;;;;
4.028271;19112500;124;;;;;;;;;;;;;;
4.030771;19115000;136;;;;;;;;;;;;;;
4.033271;19117500;366;;;;;;;;;;;;;;
4.035771;19120000;251;;;;;;;;;;;;;;
4.038271;19122500;201;;;;;;;;;;;;;;
4.040771;19125000;157;;;;;;;;;;;;;;
4.043271;19127500;159;;;;;;;;;;;;;;
4.045771;19130000;144;;;;;;;;;;;;;;
4.048271;19132500;124;;;;;;;;;;;;;;
4.050771;19135000;143;;;;;;;;;;;;;;
4.053271;19137500;142;;;;;;;;;;;;;;
4.055771;19140000;169;;;;;;;;;;;;;;
4.058271;19142500;155;;;;;;;;;;;;;;
4.060771;19145000;171;;;;;;;;;;;;;;
4.063271;19147500;412;19147030;435.661;-58.383;806.465;-5102.037;-20113.613;-101409.766;19146590;-988.746;-9.425;78.745;4610.971;-313.519;-507.365
4.065771;19150000;251;;;;;;;;;;;;;;
4.068271;19152500;182;;;;;;;;;;;;;;
4.070771;19155000;139;;;;;;;;;;;;;;
4.073271;19157500;157;;;;;;;;;;;;;;
4.075771;19160000;153;;;;;;;;;;;;;;
4.078271;19162500;154;;;;;;;;;;;;;;
4.080771;19165000;171;;;;;;;;;;;;;;
4.083271;19167500;158;;;;;;;;;;;;;;
4.085771;19170000;152;;;;;;;;;;;;;;
4.088271;19172500;124;;;;;;;;;;;;;;
4.090771;19175000;128;;;;;;;;;;;;;;
4.093271;19177500;159;;;;;;;;;;;;;;
4.095771;19180000;359;19179218;437.003;-29.453;800.973;-1171.935;-21225.869;-103425.898;19178790;-987.908;-8.704;75.881;3857.172;-275.53;-470.622
4.098271;19182500;236;;;;;;;;;;;;;;
4.100771;19185000;176;;;;;;;;;;;;;;
4.103271;19187500;152;;;;;;;;;;;;;;
4.105771;19190000;153;;;;;;;;;;;;;;
4.108271;19192500;150;;;;;;;;;;;;;;
4.110771;19195000;152;;;;;;;;;;;;;;
4.113271;19197500;139;;;;;;;;;;;;;;
4.115771;19200000;142;;;;;;;;;;;;;;
4.118271;19202500;171;;;;;;;;;;;;;;
4.120771;19205000;169;;;;;;;;;;;;;;
4.123271;19207500;140;;;;;;;;;;;;;;
4.125771;19210000;136;;;;;;;;19210989;-987.416;-9.812;75.735;3827.064;-277.504;-443.153
4.128271;19212500;319;19211429;439.919;7.711;805.039;-733.588;-23912.639;-103876.477;;;;;;;
4.130771;19215000;217;;;;;;;;;;;;;;
4.133271;19217500;176;;;;;;;;;;;;;;
4.135771;19220000;155;;;;;;;;;;;;;;
4.138271;19222500;156;;;;;;;;;;;;;;
4.140771;19225000;154;;;;;;;;;;;;;;
4.143271;19227500;139;;;;;;;;;;;;;;
4.145771;19230000;137;;;;;;;;;;;;;;
4.148271;19232500;127;;;;;;;;;;;;;;
4.150771;19235000;127;;;;;;;;;;;;;;
4.153271;19237500;141;;;;;;;;;;;;;;
4.155771;19240000;154;;;;;;;;;;;;;;
4.158271;19242500;152;19243357;450.46;28.791;798.478;-5276.221;-28274.568;-107063.836;19242927;-988.364;-6.637;73.503;3856.648;-220.316;-383.808
4.160771;19245000;170;;;;;;;;;;;;;;
4.163271;19247500;139;;;;;;;;;;;;;;
4.165771;19250000;153;;;;;;;;;;;;;;
4.168271;19252500;301;;;;;;;;;;;;;;
4.170771;19255000;283;;;;;;;;;;;;;;
4.173271;19257500;204;;;;;;;;;;;;;;
4.175771;19260000;186;;;;;;;;;;;;;;
4.178271;19262500;184;;;;;;;;;;;;;;
4.180771;19265000;155;;;;;;;;;;;;;;
4.183271;19267500;142;;;;;;;;;;;;;;
4.185771;19270000;127;;;;;;;;;;;;;;
4.188271;19272500;151;;;;;;;;19273491;-990.21;-7.361;71.89;3977.94;-141.925;-368.118
4.190771;19275000;154;19273928;458.156;58.437;787.443;-5278.41;-30048.902;-108718.953;;;;;;;
4.193271;19277500;138;;;;;;;;;;;;;;
4.195771;19280000;151;;;;;;;;;;;;;;
4.198271;19282500;153;;;;;;;;;;;;;;
4.200771;19285000;375;;;;;;;;;;;;;;
4.203271;19287500;269;;;;;;;;;;;;;;
4.205771;19290000;168;;;;;;;;;;;;;;
4.208271;19292500;138;;;;;;;;;;;;;;
4.210771;19295000;135;;;;;;;;19296224;-989.61;-7.255;72.218;4307.543;-399.516;-198.337
4.213271;19297500;138;19296654;459.252;81.416;773.966;-3632.427;-31489.082;-108113.008;;;;;;;
4.215771;19300000;167;;;;;;;;;;;;;;
4.218271;19302500;152;;;;;;;;;;;;;;
4.220771;19305000;169;;;;;;;;;;;;;;
4.223271;19307500;137;;;;;;;;;;;;;;
4.225771;19310000;126;;;;;;;;;;;;;;
4.228271;19312500;143;;;;;;;;;;;;;;
4.230771;19315000;126;;;;;;;;;;;;;;
4.233271;19317500;271;;;;;;;;;;;;;;
4.235771;19320000;254;;;;;;;;;;;;;;
4.238271;19322500;188;19322529;457.804;104.057;766.603;-931.681;-33115.812;-105937.859;19322097;-989.088;-7.771;71.108;4546.729;-398.791;-215.107
4.240771;19325000;185;;;;;;;;;;;;;;
4.243271;19327500;143;;;;;;;;;;;;;;
4.245771;19330000;154;;;;;;;;;;;;;;
4.248271;19332500;126;;;;;;;;;;;;;;
4.250771;19335000;152;;;;;;;;;;;;;;
4.253271;19337500;138;;;;;;;;;;;;;;
4.255771;19340000;142;;;;;;;;;;;;;;
4.258271;19342500;152;;;;;;;;;;;;;;
4.260771;19345000;150;;;;;;;;;;;;;;
4.263271;19347500;156;;;;;;;;;;;;;;
4.265771;19350000;351;;;;;;;;;;;;;;
4.268271;19352500;207;;;;;;;;;;;;;;
4.270771;19355000;152;;;;;;;;;;;;;;
4.273271;19357500;143;;;;;;;;;;;;;;
4.275771;19360000;153;19359248;461.382;134.936;759.889;29.716;-34645.461;-102932.594;19358812;-989.318;-7.828;71.975;5175.58;-497.414;-251.164
4.278271;19362500;155;;;;;;;;;;;;;;
4.280771;19365000;153;;;;;;;;;;;;;;
4.283271;19367500;157;;;;;;;;;;;;;;
4.285771;19370000;127;;;;;;;;;;;;;;
4.288271;19372500;126;;;;;;;;;;;;;;
4.290771;19375000;136;;;;;;;;;;;;;;
4.293271;19377500;142;;;;;;;;;;;;;;
4.295771;19380000;333;;;;;;;;;;;;;;
4.298271;19382500;279;;;;;;;;;;;;;;
4.300771;19385000;188;;;;;;;;;;;;;;
4.303271;19387500;153;;;;;;;;;;;;;;
4.305771;19390000;136;19391183;458.363;163.563;750.382;3358.48;-34578.75;-101486.336;19390751;-988.17;-6.783;70.871;5380.113;-440.605;-361.106
4.308271;19392500;152;;;;;;;;;;;;;;
4.310771;19395000;135;;;;;;;;;;;;;;
4.313271;19397500;158;;;;;;;;;;;;;;
4.315771;19400000;142;;;;;;;;;;;;;;
4.318271;19402500;26;;;;;;;;;;;;;;
4.320771;19405000;282;;;;;;;;;;;;;;
4.323271;19407500;173;;;;;;;;;;;;;;
4.325771;19410000;140;;;;;;;;;;;;;;
4.328271;19412500;126;;;;;;;;;;;;;;
4.330771;19415000;128;;;;;;;;;;;;;;
4.333271;19417500;139;;;;;;;;;;;;;;
4.335771;19420000;169;19420174;449.744;205.752;740.575;2655.056;-34909.125;-100388.891;19419744;-988.898;-6.554;70.341;5681.607;-377.45;-418.301
4.338271;19422500;173;;;;;;;;;;;;;;
4.340771;19425000;170;;;;;;;;;;;;;;
4.343271;19427500;157;;;;;;;;;;;;;;
4.345771;19430000;285;;;;;;;;;;;;;;
4.348271;19432500;202;;;;;;;;;;;;;;
4.350771;19435000;151;;;;;;;;;;;;;;
4.353271;19437500;169;;;;;;;;;;;;;;
4.355771;19440000;169;;;;;;;;;;;;;;
4.358271;19442500;154;;;;;;;;;;;;;;
4.360771;19445000;152;;;;;;;;;;;;;;
4.363271;19447500;158;;;;;;;;;;;;;;
4.365771;19450000;153;;;;;;;;;;;;;;
4.368271;19452500;151;;;;;;;;;;;;;;
4.370771;19455000;127;19455413;450.278;227.502;731.222;657.24;-34261.355;-100412.07;19454975;-982.976;-9.264;70.533;6537.652;-86.89;-531.698
4.373271;19457500;158;;;;;;;;;;;;;;
4.375771;19460000;143;;;;;;;;;;;;;;
4.378271;19462500;153;;;;;;;;;;;;;;
4.380771;19465000;382;;;;;;;;;;;;;;
4.383271;19467500;253;;;;;;;;;;;;;;
4.385771;19470000;188;;;;;;;;;;;;;;
4.388271;19472500;139;;;;;;;;;;;;;;
4.390771;19475000;136;;;;;;;;;;;;;;
4.393271;19477500;158;;;;;;;;;;;;;;
4.395771;19480000;153;;;;;;;;;;;;;;
4.398271;19482500;152;;;;;;;;;;;;;;
4.400771;19485000;144;;;;;;;;;;;;;;
4.403271;19487500;157;19487344;447.796;253.514;718.707;205.691;-32225.85;-98766.781;19486914;-989.453;-7.947;69.159;7307.582;643.267;-804.363
4.405771;19490000;152;;;;;;;;;;;;;;
4.408271;19492500;125;;;;;;;;;;;;;;
4.410771;19495000;127;;;;;;;;;;;;;;
4.413271;19497500;380;;;;;;;;;;;;;;
4.415771;19500000;266;;;;;;;;;;;;;;
4.418271;19502500;204;;;;;;;;;;;;;;
4.420771;19505000;159;;;;;;;;;;;;;;
4.423271;19507500;142;;;;;;;;;;;;;;
4.425771;19510000;151;;;;;;;;;;;;;;
4.428271;19512500;142;;;;;;;;;;;;;;
4.430771;19515000;127;;;;;;;;;;;;;;
4.433271;19517500;139;19517649;448.007;283.77;705.201;-1389.656;-30694.182;-93376.938;19517217;-990.098;-5.799;69.032;7296.14;622.479;-861.27
4.435771;19520000;170;;;;;;;;;;;;;;
4.438271;19522500;170;;;;;;;;;;;;;;
4.440771;19525000;152;;;;;;;;;;;;;;
4.443271;19527500;302;;;;;;;;;;;;;;
4.445771;19530000;187;;;;;;;;;;;;;;
4.448271;19532500;168;;;;;;;;;;;;;;
4.450771;19535000;155;;;;;;;;;;;;;;
4.453271;19537500;158;;;;;;;;;;;;;;
4.455771;19540000;152;;;;;;;;;;;;;;
4.458271;19542500;153;;;;;;;;;;;;;;
4.460771;19545000;169;;;;;;;;;;;;;;
4.463271;19547500;139;;;;;;;;;;;;;;
4.465771;19550000;128;19549682;445.529;309.896;697.55;-2794.111;-29214.598;-85826.273;19549242;-989.479;-6.503;74.236;7320.708;235.667;-776.207
4.468271;19552500;135;;;;;;;;;;;;;;
4.470771;19555000;135;;;;;;;;;;;;;;
4.473271;19557500;158;;;;;;;;;;;;;;
4.475771;19560000;152;;;;;;;;;;;;;;
4.478271;19562500;333;;;;;;;;;;;;;;
4.480771;19565000;218;;;;;;;;;;;;;;
4.483271;19567500;159;;;;;;;;;;;;;;
4.485771;19570000;155;;;;;;;;;;;;;;
4.488271;19572500;135;;;;;;;;;;;;;;
4.490771;19575000;136;;;;;;;;;;;;;;
4.493271;19577500;141;;;;;;;;;;;;;;
4.495771;19580000;153;;;;;;;;;;;;;;
4.498271;19582500;173;19581700;442.456;335.521;692.239;-5216.843;-27532.93;-77735.711;19581267;-988.646;-5.898;74.557;7059.234;214.696;-740.021
4.500771;19585000;170;;;;;;;;;;;;;;
4.503271;19587500;139;;;;;;;;;;;;;;
4.505771;19590000;127;;;;;;;;;;;;;;
4.508271;19592500;151;;;;;;;;;;;;;;
4.510771;19595000;282;;;;;;;;;;;;;;
4.513271;19597500;191;;;;;;;;;;;;;;
4.515771;19600000;168;;;;;;;;;;;;;;
4.518271;19602500;156;;;;;;;;;;;;;;
4.520771;19605000;171;;;;;;;;;;;;;;
4.523271;19607500;138;;;;;;;;;;;;;;
4.525771;19610000;144;;;;;;;;;;;;;;
4.528271;19612500;142;19613636;447.984;360.744;694.916;-8867.688;-24773.346;-67305.234;19613206;-989.655;-5.456;73.745;6690.96;139.649;-671.958
4.530771;19615000;126;;;;;;;;;;;;;;
4.533271;19617500;157;;;;;;;;;;;;;;
4.535771;19620000;152;;;;;;;;;;;;;;
4.538271;19622500;171;;;;;;;;;;;;;;
4.540771;19625000;332;;;;;;;;;;;;;;
4.543271;19627500;220;;;;;;;;;;;;;;
4.545771;19630000;170;;;;;;;;;;;;;;
4.548271;19632500;128;;;;;;;;;;;;;;
4.550771;19635000;153;;;;;;;;;;;;;;
4.553271;19637500;139;;;;;;;;;;;;;;
4.555771;19640000;151;;;;;;;;;;;;;;
4.558271;19642500;169;;;;;;;;;;;;;;
4.560771;19645000;143;19645675;442.824;367.814;690.494;-12733.24;-23735.49;-52533.473;19645230;-990.155;-5.812;73.01;6359.475;-248.834;-473.422
4.563271;19647500;139;;;;;;;;;;;;;;
4.565771;19650000;143;;;;;;;;;;;;;;
4.568271;19652500;143;;;;;;;;;;;;;;
4.570771;19655000;154;;;;;;;;;;;;;;
4.573271;19657500;283;;;;;;;;;;;;;;
4.575771;19660000;201;;;;;;;;;;;;;;
4.578271;19662500;189;;;;;;;;;;;;;;
4.580771;19665000;175;;;;;;;;;;;;;;
4.583271;19667500;157;;;;;;;;;;;;;;
4.585771;19670000;126;;;;;;;;;;;;;;
4.588271;19672500;144;;;;;;;;;;;;;;
4.590771;19675000;152;;;;;;;;19675881;-994.029;-9.199;67.151;7964.751;-728.142;-353.064
4.593271;19677500;157;19676304;447.266;374.153;690.288;-16021.828;-24180.152;-38145.047;;;;;;;
4.595771;19680000;151;;;;;;;;;;;;;;
4.598271;19682500;152;;;;;;;;;;;;;;
4.600771;19685000;169;;;;;;;;;;;;;;
4.603271;19687500;40;;;;;;;;;;;;;;
4.605771;19690000;247;;;;;;;;;;;;;;
4.608271;19692500;169;;;;;;;;;;;;;;
4.610771;19695000;141;;;;;;;;;;;;;;
4.613271;19697500;168;;;;;;;;;;;;;;
4.615771;19700000;154;;;;;;;;;;;;;;
4.618271;19702500;173;;;;;;;;;;;;;;
4.620771;19705000;152;;;;;;;;;;;;;;
4.623271;19707500;140;19708520;461.216;388.263;683.772;-17663.736;-21476.207;-23291.73;19708080;-980.329;-9.593;59.231;5415.326;-1502.86;-3.785
4.625771;19710000;136;;;;;;;;;;;;;;
4.628271;19712500;151;;;;;;;;;;;;;;
4.630771;19715000;136;;;;;;;;;;;;;;
4.633271;19717500;141;;;;;;;;;;;;;;
4.635771;19720000;379;;;;;;;;;;;;;;
4.638271;19722500;248;;;;;;;;;;;;;;
4.640771;19725000;204;;;;;;;;;;;;;;
4.643271;19727500;172;;;;;;;;;;;;;;
4.645771;19730000;137;;;;;;;;;;;;;;
4.648271;19732500;136;;;;;;;;;;;;;;
4.650771;19735000;155;;;;;;;;;;;;;;
4.653271;19737500;159;;;;;;;;;;;;;;
4.655771;19740000;153;19740626;474.444;384.21;680.956;-19181.986;-19435.521;-7792.895;19740191;-981.357;-7.76;67.353;2821.872;-1743.592;193.279
4.658271;19742500;155;;;;;;;;;;;;;;
4.660771;19745000;151;;;;;;;;;;;;;;
4.663271;19747500;158;;;;;;;;;;;;;;
4.665771;19750000;128;;;;;;;;;;;;;;
4.668271;19752500;335;;;;;;;;;;;;;;
4.670771;19755000;205;;;;;;;;;;;;;;
4.673271;19757500;169;;;;;;;;;;;;;;
4.675771;19760000;183;;;;;;;;;;;;;;
4.678271;19762500;174;;;;;;;;;;;;;;
4.680771;19765000;152;;;;;;;;;;;;;;
4.683271;19767500;138;;;;;;;;;;;;;;
4.685771;19770000;151;;;;;;;;;;;;;;
4.688271;19772500;126;19772737;475.0;367.805;680.879;-18210.199;-18382.809;6931.0;19772304;-980.229;-8.409;74.916;2274.341;-1770.6;216.427
4.690771;19775000;152;;;;;;;;;;;;;;
4.693271;19777500;140;;;;;;;;;;;;;;
4.695771;19780000;170;;;;;;;;;;;;;;
4.698271;19782500;411;;;;;;;;;;;;;;
4.700771;19785000;268;;;;;;;;;;;;;;
4.703271;19787500;198;;;;;;;;;;;;;;
4.705771;19790000;142;;;;;;;;;;;;;;
4.708271;19792500;153;;;;;;;;;;;;;;
4.710771;19795000;155;;;;;;;;;;;;;;
4.713271;19797500;142;;;;;;;;;;;;;;
4.715771;19800000;172;;;;;;;;;;;;;;
4.718271;19802500;156;;;;;;;;;;;;;;
4.720771;19805000;172;19804760;475.308;349.738;685.448;-18058.314;-16697.605;20918.699;19804330;-981.226;-8.019;74.19;2566.624;-1292.695;91.418
4.723271;19807500;167;;;;;;;;;;;;;;
4.725771;19810000;136;;;;;;;;;;;;;;
4.728271;19812500;127;;;;;;;;;;;;;;
4.730771;19815000;366;;;;;;;;;;;;;;
4.733271;19817500;250;;;;;;;;;;;;;;
4.735771;19820000;203;;;;;;;;;;;;;;
4.738271;19822500;169;;;;;;;;;;;;;;
4.740771;19825000;157;;;;;;;;;;;;;;
4.743271;19827500;168;;;;;;;;;;;;;;
4.745771;19830000;136;;;;;;;;;;;;;;
4.748271;19832500;153;;;;;;;;;;;;;;
4.750771;19835000;134;19835250;482.684;327.927;679.114;-14582.898;-13459.975;34021.953;19834805;-982.593;-5.056;74.232;2695.542;-1306.372;142.848
4.753271;19837500;167;;;;;;;;;;;;;;
4.755771;19840000;171;;;;;;;;;;;;;;
4.758271;19842500;157;;;;;;;;;;;;;;
4.760771;19845000;171;;;;;;;;;;;;;;
4.763271;19847500;333;;;;;;;;;;;;;;
4.765771;19850000;222;;;;;;;;;;;;;;
4.768271;19852500;172;;;;;;;;;;;;;;
4.770771;19855000;139;;;;;;;;;;;;;;
4.773271;19857500;143;;;;;;;;;;;;;;
4.775771;19860000;153;;;;;;;;;;;;;;
4.778271;19862500;174;;;;;;;;;;;;;;
4.780771;19865000;154;;;;;;;;;;;;;;
4.783271;19867500;158;19867341;484.426;304.29;688.645;-8778.315;-13612.538;35684.355;19866919;-980.446;-4.467;76.834;2788.703;-1104.116;107.268
4.785771;19870000;136;;;;;;;;;;;;;;
4.788271;19872500;127;;;;;;;;;;;;;;
4.790771;19875000;136;;;;;;;;;;;;;;
4.793271;19877500;143;;;;;;;;;;;;;;
4.795771;19880000;345;;;;;;;;;;;;;;
4.798271;19882500;220;;;;;;;;;;;;;;
4.800771;19885000;174;;;;;;;;;;;;;;
4.803271;19887500;152;;;;;;;;;;;;;;
4.805771;19890000;137;;;;;;;;;;;;;;
4.808271;19892500;152;;;;;;;;;;;;;;
4.810771;19895000;136;;;;;;;;;;;;;;
4.813271;19897500;142;;;;;;;;;;;;;;
4.815771;19900000;173;19899384;482.036;264.937;705.855;-5159.212;-11699.911;33347.137;19898944;-979.522;-7.367;78.281;2999.705;-1452.286;161.404
4.818271;19902500;156;;;;;;;;;;;;;;
4.820771;19905000;154;;;;;;;;;;;;;;
4.823271;19907500;141;;;;;;;;;;;;;;
4.825771;19910000;137;;;;;;;;;;;;;;
4.828271;19912500;297;;;;;;;;;;;;;;
4.830771;19915000;184;;;;;;;;;;;;;;
4.833271;19917500;156;;;;;;;;;;;;;;
4.835771;19920000;156;;;;;;;;;;;;;;
4.838271;19922500;157;;;;;;;;;;;;;;
4.840771;19925000;173;;;;;;;;;;;;;;
4.843271;19927500;140;;;;;;;;;;;;;;
4.845771;19930000;135;;;;;;;;19930881;-981.957;-4.882;74.312;2927.595;-1463.234;135.397
4.848271;19932500;135;19931316;490.203;229.511;717.502;-843.001;-13766.603;31962.842;;;;;;;
4.850771;19935000;135;;;;;;;;;;;;;;
4.853271;19937500;140;;;;;;;;;;;;;;
4.855771;19940000;170;;;;;;;;;;;;;;
4.858271;19942500;344;;;;;;;;;;;;;;
4.860771;19945000;232;;;;;;;;;;;;;;
4.863271;19947500;175;;;;;;;;;;;;;;
4.865771;19950000;136;;;;;;;;;;;;;;
4.868271;19952500;142;;;;;;;;;;;;;;
4.870771;19955000;144;;;;;;;;;;;;;;
4.873271;19957500;157;;;;;;;;;;;;;;
4.875771;19960000;169;;;;;;;;;;;;;;
4.878271;19962500;152;19963253;493.149;207.342;731.0;1339.836;-19678.398;29133.574;19962821;-983.623;-4.455;74.378;2632.028;-1529.197;164.064
4.880771;19965000;142;;;;;;;;;;;;;;
4.883271;19967500;139;;;;;;;;;;;;;;
4.885771;19970000;126;;;;;;;;;;;;;;
4.888271;19972500;142;;;;;;;;;;;;;;
4.890771;19975000;283;;;;;;;;;;;;;;
4.893271;19977500;190;;;;;;;;;;;;;;
4.895771;19980000;168;;;;;;;;;;;;;;
4.898271;19982500;156;;;;;;;;;;;;;;
4.900771;19985000;170;;;;;;;;;;;;;;
4.903271;19987500;137;;;;;;;;;;;;;;
4.905771;19990000;151;;;;;;;;;;;;;;
4.908271;19992500;143;19993641;498.894;195.127;732.996;-181.843;-28211.416;25780.332;19993211;-982.54;-4.733;74.869;2425.614;-1566.487;153.236
4.910771;19995000;125;;;;;;;;;;;;;;
4.913271;19997500;157;;;;;;;;;;;;;;
4.915771;20000000;151;;;;;;;;;;;;;;
4.918271;20002500;172;;;;;;;;;;;;;;
4.920771;20005000;22;;;;;;;;;;;;;;
4.923271;20007500;266;;;;;;;;;;;;;;
4.925771;20010000;191;;;;;;;;;;;;;;
4.928271;20012500;140;;;;;;;;;;;;;;
4.930771;20015000;155;20016207;509.476;185.883;725.968;-2119.188;-36562.344;22752.689;20015770;-982.488;-6.283;73.077;2267.583;-1727.038;180.574
4.933271;20017500;166;;;;;;;;;;;;;;
4.935771;20020000;151;;;;;;;;;;;;;;
4.938271;20022500;171;;;;;;;;;;;;;;
4.940771;20025000;144;;;;;;;;;;;;;;
4.943271;20027500;138;;;;;;;;;;;;;;
4.945771;20030000;125;;;;;;;;;;;;;;
4.948271;20032500;123;;;;;;;;;;;;;;
4.950771;20035000;126;;;;;;;;;;;;;;
4.953271;20037500;384;;;;;;;;;;;;;;
4.955771;20040000;251;;;;;;;;;;;;;;
4.958271;20042500;187;;;;;;;;;;;;;;
4.960771;20045000;184;;;;;;;;;;;;;;
4.963271;20047500;141;20048224;530.094;170.391;715.613;-2836.604;-43890.664;20528.305;20047794;-983.481;-11.441;74.852;2353.704;-907.436;-420.392
4.965771;20050000;134;;;;;;;;;;;;;;
4.968271;20052500;144;;;;;;;;;;;;;;
4.970771;20055000;136;;;;;;;;;;;;;;
4.973271;20057500;141;;;;;;;;;;;;;;
4.975771;20060000;152;;;;;;;;;;;;;;
4.978271;20062500;154;;;;;;;;;;;;;;
4.980771;20065000;171;;;;;;;;;;;;;;
4.983271;20067500;164;;;;;;;;;;;;;;
4.985771;20070000;363;;;;;;;;;;;;;;
4.988271;20072500;203;;;;;;;;;;;;;;
4.990771;20075000;155;;;;;;;;;;;;;;
4.993271;20077500;159;;;;;;;;20078359;-986.041;-7.752;76.411;3270.706;-104.752;-1108.997
4.995771;20080000;154;20078796;533.936;153.118;679.6;304.289;-47995.691;18719.639;;;;;;;
4.998271;20082500;171;;;;;;;;;;;;;;
5.000771;20085000;152;;;;;;;;;;;;;;
5.003271;20087500;140;;;;;;;;;;;;;;
5.005771;20090000;152;;;;;;;;;;;;;;
5.008271;20092500;127;;;;;;;;;;;;;;
5.010771;20095000;133;;;;;;;;;;;;;;
5.013271;20097500;141;;;;;;;;;;;;;;
5.015771;20100000;382;;;;;;;;;;;;;;
5.018271;20102500;248;;;;;;;;;;;;;;
5.020771;20105000;184;;;;;;;;;;;;;;
5.023271;20107500;151;;;;;;;;;;;;;;
5.025771;20110000;137;20110729;561.926;144.614;666.598;2983.637;-52023.219;17336.969;20110297;-990.755;-0.453;72.712;3354.796;130.173;-1108.673
5.028271;20112500;153;;;;;;;;;;;;;;
5.030771;20115000;135;;;;;;;;;;;;;;
5.033271;20117500;158;;;;;;;;;;;;;;
5.035771;20120000;153;;;;;;;;;;;;;;
5.038271;20122500;391;;;;;;;;;;;;;;
5.040771;20125000;268;;;;;;;;;;;;;;
5.043271;20127500;171;;;;;;;;;;;;;;
5.045771;20130000;166;;;;;;;;;;;;;;
5.048271;20132500;153;;;;;;;;;;;;;;
5.050771;20135000;135;;;;;;;;;;;;;;
5.053271;20137500;157;;;;;;;;;;;;;;
5.055771;20140000;143;;;;;;;;;;;;;;
5.058271;20142500;155;20142677;579.336;134.474;650.977;3020.393;-56857.809;16639.869;20142234;-989.09;-1.376;70.29;1520.181;-88.96;-978.864
5.060771;20145000;143;;;;;;;;;;;;;;
5.063271;20147500;157;;;;;;;;;;;;;;
5.065771;20150000;154;;;;;;;;;;;;;;
5.068271;20152500;126;;;;;;;;;;;;;;
5.070771;20155000;363;;;;;;;;;;;;;;
5.073271;20157500;220;;;;;;;;;;;;;;
5.075771;20160000;200;;;;;;;;;;;;;;
5.078271;20162500;182;;;;;;;;;;;;;;
5.080771;20165000;153;;;;;;;;;;;;;;
5.083271;20167500;157;;;;;;;;;;;;;;
5.085771;20170000;126;;;;;;;;;;;;;;
5.088271;20172500;125;;;;;;;;;;;;;;
5.090771;20175000;153;20174519;599.663;123.285;619.08;2873.748;-61625.23;16468.5;20174087;-986.867;-2.051;73.004;507.047;-357.512;-822.733
5.093271;20177500;141;;;;;;;;;;;;;;
5.095771;20180000;169;;;;;;;;;;;;;;
5.098271;20182500;171;;;;;;;;;;;;;;
5.100771;20185000;393;;;;;;;;;;;;;;
5.103271;20187500;250;;;;;;;;;;;;;;
5.105771;20190000;156;;;;;;;;;;;;;;
5.108271;20192500;154;;;;;;;;;;;;;;
5.110771;20195000;135;;;;;;;;;;;;;;
5.113271;20197500;158;;;;;;;;;;;;;;
5.115771;20200000;154;;;;;;;;;;;;;;
5.118271;20202500;154;;;;;;;;;;;;;;
5.120771;20205000;171;20206210;620.511;110.496;596.819;2125.435;-65664.281;16335.45;20205765;-988.075;-2.662;74.642;400.757;-369.824;-687.534
5.123271;20207500;138;;;;;;;;;;;;;;
5.125771;20210000;127;;;;;;;;;;;;;;
5.128271;20212500;127;;;;;;;;;;;;;;
5.130771;20215000;135;;;;;;;;;;;;;;
5.133271;20217500;377;;;;;;;;;;;;;;
5.135771;20220000;253;;;;;;;;;;;;;;
5.138271;20222500;184;;;;;;;;;;;;;;
5.140771;20225000;156;;;;;;;;;;;;;;
5.143271;20227500;140;;;;;;;;;;;;;;
5.145771;20230000;152;;;;;;;;;;;;;;
5.148271;20232500;126;;;;;;;;;;;;;;
5.150771;20235000;155;;;;;;;;20236067;-989.655;-2.413;73.448;760.469;-372.77;-588.407
5.153271;20237500;140;20236502;642.794;102.147;573.072;2604.101;-68055.875;15975.428;;;;;;;
5.155771;20240000;151;;;;;;;;;;;;;;
5.158271;20242500;172;;;;;;;;;;;;;;
5.160771;20245000;172;;;;;;;;;;;;;;
5.163271;20247500;141;;;;;;;;;;;;;;
5.165771;20250000;310;;;;;;;;;;;;;;
5.168271;20252500;188;;;;;;;;;;;;;;
5.170771;20255000;170;;;;;;;;;;;;;;
5.173271;20257500;168;;;;;;;;;;;;;;
5.175771;20260000;171;;;;;;;;;;;;;;
5.178271;20262500;153;;;;;;;;;;;;;;
5.180771;20265000;144;;;;;;;;;;;;;;
5.183271;20267500;158;20268363;659.838;89.579;545.577;3214.583;-68934.891;14795.156;20267920;-987.606;-2.768;70.806;815.196;-495.444;-476.737
5.185771;20270000;135;;;;;;;;;;;;;;
5.188271;20272500;127;;;;;;;;;;;;;;
5.190771;20275000;136;;;;;;;;;;;;;;
5.193271;20277500;141;;;;;;;;;;;;;;
5.195771;20280000;0;;;;;;;;;;;;;;
5.198271;20282500;285;;;;;;;;;;;;;;
5.200771;20285000;220;;;;;;;;;;;;;;
5.203271;20287500;174;;;;;;;;;;;;;;
5.205771;20290000;155;;;;;;;;;;;;;;
5.208271;20292500;126;;;;;;;;;;;;;;
5.210771;20295000;152;;;;;;;;;;;;;;
5.213271;20297500;143;;;;;;;;;;;;;;
5.215771;20300000;171;20300128;675.518;77.128;518.945;4372.479;-69080.016;13876.898;20299692;-987.648;-2.13;69.682;411.748;-475.922;-373.713
5.218271;20302500;172;;;;;;;;;;;;;;
5.220771;20305000;152;;;;;;;;;;;;;;
5.223271;20307500;141;;;;;;;;;;;;;;
5.225771;20310000;153;;;;;;;;;;;;;;
5.228271;20312500;407;;;;;;;;;;;;;;
5.230771;20315000;250;;;;;;;;;;;;;;
5.233271;20317500;173;;;;;;;;;;;;;;
5.235771;20320000;184;;;;;;;;;;;;;;
5.238271;20322500;187;;;;;;;;;;;;;;
5.240771;20325000;152;;;;;;;;;;;;;;
5.243271;20327500;158;;;;;;;;;;;;;;
5.245771;20330000;126;;;;;;;;;;;;;;
5.248271;20332500;143;20331895;691.488;65.909;488.093;5077.855;-68788.703;13408.366;20331449;-986.26;-3.109;67.918;-356.964;-464.814;-261.84
5.250771;20335000;134;;;;;;;;;;;;;;
5.253271;20337500;159;;;;;;;;;;;;;;
5.255771;20340000;170;;;;;;;;;;;;;;
5.258271;20342500;282;;;;;;;;;;;;;;
5.260771;20345000;264;;;;;;;;;;;;;;
5.263271;20347500;183;;;;;;;;;;;;;;
5.265771;20350000;166;;;;;;;;;;;;;;
5.268271;20352500;154;;;;;;;;;;;;;;
5.270771;20355000;137;;;;;;;;;;;;;;
5.273271;20357500;160;;;;;;;;;;;;;;
5.275771;20360000;170;;;;;;;;;;;;;;
5.278271;20362500;154;20363737;705.579;60.271;456.356;5091.275;-68231.078;14214.51;20363302;-988.602;0.487;70.799;-1035.616;-300.698;25.565
5.280771;20365000;171;;;;;;;;;;;;;;
5.283271;20367500;141;;;;;;;;;;;;;;
5.285771;20370000;154;;;;;;;;;;;;;;
5.288271;20372500;134;;;;;;;;;;;;;;
5.290771;20375000;362;;;;;;;;;;;;;;
5.293271;20377500;231;;;;;;;;;;;;;;
5.295771;20380000;184;;;;;;;;;;;;;;
5.298271;20382500;186;;;;;;;;;;;;;;
5.300771;20385000;153;;;;;;;;;;;;;;
5.303271;20387500;141;;;;;;;;;;;;;;
5.305771;20390000;134;;;;;;;;;;;;;;
5.308271;20392500;125;;;;;;;;20393431;-988.997;0.316;73.572;-1419.147;-313.225;85.099
5.310771;20395000;153;20393878;718.758;50.474;424.602;5272.898;-67019.711;14891.097;;;;;;;
5.313271;20397500;139;;;;;;;;;;;;;;
5.315771;20400000;144;;;;;;;;;;;;;;
5.318271;20402500;156;;;;;;;;;;;;;;
5.320771;20405000;153;;;;;;;;;;;;;;
5.323271;20407500;328;;;;;;;;;;;;;;
5.325771;20410000;190;;;;;;;;;;;;;;
5.328271;20412500;169;;;;;;;;;;;;;;
5.330771;20415000;138;20416160;733.048;45.102;396.247;5460.753;-65579.719;15247.729;20415730;-990.177;-0.176;78.208;-1547.253;-303.689;111.907
5.333271;20417500;142;;;;;;;;;;;;;;
5.335771;20420000;173;;;;;;;;;;;;;;
5.338271;20422500;175;;;;;;;;;;;;;;
5.340771;20425000;154;;;;;;;;;;;;;;
5.343271;20427500;142;;;;;;;;;;;;;;
5.345771;20430000;128;;;;;;;;;;;;;;
5.348271;20432500;144;;;;;;;;;;;;;;
5.350771;20435000;137;;;;;;;;;;;;;;
5.353271;20437500;202;;;;;;;;;;;;;;
5.355771;20440000;282;;;;;;;;;;;;;;
5.358271;20442500;204;;;;;;;;;;;;;;
5.360771;20445000;189;;;;;;;;;;;;;;
5.363271;20447500;144;20448033;744.335;35.337;366.596;4881.466;-64130.355;15320.53;20447580;-990.005;-0.557;80.812;-1347.39;-291.13;87.499
5.365771;20450000;152;;;;;;;;;;;;;;
5.368271;20452500;125;;;;;;;;;;;;;;
5.370771;20455000;128;;;;;;;;;;;;;;
5.373271;20457500;158;;;;;;;;;;;;;;
5.375771;20460000;152;;;;;;;;;;;;;;
5.378271;20462500;172;;;;;;;;;;;;;;
5.380771;20465000;152;;;;;;;;;;;;;;
5.383271;20467500;156;;;;;;;;;;;;;;
5.385771;20470000;391;;;;;;;;;;;;;;
5.388271;20472500;230;;;;;;;;;;;;;;
5.390771;20475000;186;;;;;;;;;;;;;;
5.393271;20477500;154;20478228;755.614;24.597;338.884;4899.455;-62014.086;15046.691;20477798;-989.359;-0.523;81.512;-1122.52;-268.698;58.624
5.395771;20480000;174;;;;;;;;;;;;;;
5.398271;20482500;153;;;;;;;;;;;;;;
5.400771;20485000;172;;;;;;;;;;;;;;
5.403271;20487500;158;;;;;;;;;;;;;;
5.405771;20490000;152;;;;;;;;;;;;;;
5.408271;20492500;153;;;;;;;;;;;;;;
5.410771;20495000;136;;;;;;;;;;;;;;
5.413271;20497500;158;;;;;;;;;;;;;;
5.415771;20500000;216;;;;;;;;;;;;;;
5.418271;20502500;281;;;;;;;;;;;;;;
5.420771;20505000;204;;;;;;;;;;;;;;
5.423271;20507500;153;;;;;;;;;;;;;;
5.425771;20510000;155;20510017;765.816;14.022;312.241;2974.482;-58823.258;14357.794;20509563;-989.338;-0.393;81.346;-995.519;-239.951;39.505
5.428271;20512500;124;;;;;;;;;;;;;;
5.430771;20515000;135;;;;;;;;;;;;;;
5.433271;20517500;158;;;;;;;;;;;;;;
5.435771;20520000;142;;;;;;;;;;;;;;
5.438271;20522500;408;;;;;;;;;;;;;;
5.440771;20525000;264;;;;;;;;;;;;;;
5.443271;20527500;190;;;;;;;;;;;;;;
5.445771;20530000;160;;;;;;;;;;;;;;
5.448271;20532500;127;;;;;;;;;;;;;;
5.450771;20535000;152;;;;;;;;;;;;;;
5.453271;20537500;140;;;;;;;;;;;;;;
5.455771;20540000;142;;;;;;;;20541240;-989.177;0.279;80.737;-916.868;-263.828;34.467
5.458271;20542500;172;20541682;783.029;2.939;280.622;365.258;-53873.531;12987.154;;;;;;;
5.460771;20545000;153;;;;;;;;;;;;;;
5.463271;20547500;138;;;;;;;;;;;;;;
5.465771;20550000;136;;;;;;;;;;;;;;
5.468271;20552500;124;;;;;;;;;;;;;;
5.470771;20555000;333;;;;;;;;;;;;;;
5.473271;20557500;222;;;;;;;;;;;;;;
5.475771;20560000;174;;;;;;;;;;;;;;
5.478271;20562500;166;;;;;;;;;;;;;;
5.480771;20565000;155;;;;;;;;;;;;;;
5.483271;20567500;139;;;;;;;;;;;;;;
5.485771;20570000;125;;;;;;;;;;;;;;
5.488271;20572500;152;20573095;792.97;-2.814;252.146;1263.12;-45540.918;11203.797;20572658;-988.708;-0.534;79.494;-1068.775;-260.699;47.182
5.490771;20575000;135;;;;;;;;;;;;;;
5.493271;20577500;139;;;;;;;;;;;;;;
5.495771;20580000;151;;;;;;;;;;;;;;
5.498271;20582500;154;;;;;;;;;;;;;;
5.500771;20585000;377;;;;;;;;;;;;;;
5.503271;20587500;219;;;;;;;;;;;;;;
5.505771;20590000;156;;;;;;;;;;;;;;
5.508271;20592500;137;;;;;;;;;;;;;;
5.510771;20595000;137;;;;;;;;;;;;;;
5.513271;20597500;157;;;;;;;;;;;;;;
5.515771;20600000;152;;;;;;;;;;;;;;
5.518271;20602500;153;;;;;;;;;;;;;;
5.520771;20605000;153;20604854;805.037;-10.725;228.651;-822.598;-34351.996;10270.419;20604423;-988.243;-0.983;81.546;-419.899;-237.164;56.198
5.523271;20607500;137;;;;;;;;;;;;;;
5.525771;20610000;153;;;;;;;;;;;;;;
5.528271;20612500;150;;;;;;;;;;;;;;
5.530771;20615000;137;;;;;;;;;;;;;;
5.533271;20617500;313;;;;;;;;;;;;;;
5.535771;20620000;216;;;;;;;;;;;;;;
5.538271;20622500;187;;;;;;;;;;;;;;
5.540771;20625000;174;;;;;;;;;;;;;;
5.543271;20627500;157;;;;;;;;;;;;;;
5.545771;20630000;126;;;;;;;;;;;;;;
5.548271;20632500;144;;;;;;;;;;;;;;
5.550771;20635000;134;20635084;819.655;-18.881;218.133;3722.594;-20677.521;5833.835;20634638;-990.687;-4.277;78.616;-116.279;-42.431;-45.925
5.553271;20637500;157;;;;;;;;;;;;;;
5.555771;20640000;153;;;;;;;;;;;;;;
5.558271;20642500;173;;;;;;;;;;;;;;
5.560771;20645000;171;;;;;;;;;;;;;;
5.563271;20647500;250;;;;;;;;;;;;;;
5.565771;20650000;266;;;;;;;;;;;;;;
5.568271;20652500;169;;;;;;;;;;;;;;
5.570771;20655000;167;;;;;;;;;;;;;;
5.573271;20657500;166;;;;;;;;;;;;;;
5.575771;20660000;153;;;;;;;;;;;;;;
5.578271;20662500;172;;;;;;;;;;;;;;
5.580771;20665000;169;;;;;;;;;;;;;;
5.583271;20667500;157;20666740;815.919;-18.682;223.196;6201.277;-9281.457;-1995.544;20666318;-987.976;-1.989;79.309;484.098;38.003;-55.879
5.585771;20670000;153;;;;;;;;;;;;;;
5.588271;20672500;153;;;;;;;;;;;;;;
5.590771;20675000;128;;;;;;;;;;;;;;
5.593271;20677500;141;;;;;;;;;;;;;;
5.595771;20680000;375;;;;;;;;;;;;;;
5.598271;20682500;252;;;;;;;;;;;;;;
5.600771;20685000;202;;;;;;;;;;;;;;
5.603271;20687500;152;;;;;;;;20688443;-987.725;-1.767;79.229;488.33;24.29;-74.522
5.605771;20690000;136;20688883;809.685;-15.314;235.826;5724.088;1728.116;-8799.955;;;;;;;
5.608271;20692500;151;;;;;;;;;;;;;;
5.610771;20695000;144;;;;;;;;;;;;;;
5.613271;20697500;139;;;;;;;;;;;;;;
5.615771;20700000;152;;;;;;;;;;;;;;
5.618271;20702500;155;;;;;;;;;;;;;;
5.620771;20705000;152;;;;;;;;;;;;;;
5.623271;20707500;164;;;;;;;;;;;;;;
5.625771;20710000;128;;;;;;;;;;;;;;
5.628271;20712500;301;;;;;;;;;;;;;;
5.630771;20715000;186;;;;;;;;;;;;;;
5.633271;20717500;157;20718566;844.951;-19.214;251.351;4515.634;14152.897;-11986.395;20718138;-987.987;-4.265;76.128;-394.461;643.888;-253.234
5.635771;20720000;156;;;;;;;;;;;;;;
5.638271;20722500;157;;;;;;;;;;;;;;
5.640771;20725000;169;;;;;;;;;;;;;;
5.643271;20727500;137;;;;;;;;;;;;;;
5.645771;20730000;126;;;;;;;;;;;;;;
5.648271;20732500;126;;;;;;;;;;;;;;
5.650771;20735000;125;;;;;;;;;;;;;;
5.653271;20737500;141;;;;;;;;;;;;;;
5.655771;20740000;153;;;;;;;;;;;;;;
5.658271;20742500;330;;;;;;;;;;;;;;
5.660771;20745000;215;;;;;;;;;;;;;;
5.663271;20747500;157;;;;;;;;;;;;;;
5.665771;20750000;136;20750430;836.772;-14.99;273.724;3166.79;22421.877;-12410.387;20749990;-986.875;-8.743;79.343;-771.113;224.944;-132.072
5.668271;20752500;128;;;;;;;;;;;;;;
5.670771;20755000;155;;;;;;;;;;;;;;
5.673271;20757500;139;;;;;;;;;;;;;;
5.675771;20760000;143;;;;;;;;;;;;;;
5.678271;20762500;172;;;;;;;;;;;;;;
5.680771;20765000;150;;;;;;;;;;;;;;
5.683271;20767500;156;;;;;;;;;;;;;;
5.685771;20770000;126;;;;;;;;;;;;;;
5.688271;20772500;366;;;;;;;;;;;;;;
5.690771;20775000;270;;;;;;;;;;;;;;
5.693271;20777500;184;;;;;;;;;;;;;;
5.695771;20780000;185;;;;;;;;;;;;;;
5.698271;20782500;157;20782264;840.494;4.175;259.233;3125.262;31843.658;-11754.867;20781842;-991.595;-4.957;66.567;-611.37;1263.697;-388.406
5.700771;20785000;152;;;;;;;;;;;;;;
5.703271;20787500;159;;;;;;;;;;;;;;
5.705771;20790000;152;;;;;;;;;;;;;;
5.708271;20792500;125;;;;;;;;;;;;;;
5.710771;20795000;2;;;;;;;;;;;;;;
5.713271;20797500;248;;;;;;;;;;;;;;
5.715771;20800000;207;;;;;;;;;;;;;;
5.718271;20802500;184;;;;;;;;;;;;;;
5.720771;20805000;155;;;;;;;;;;;;;;
5.723271;20807500;139;;;;;;;;;;;;;;
5.725771;20810000;141;;;;;;;;;;;;;;
5.728271;20812500;126;;;;;;;;20813607;-988.004;-3.288;68.845;-522.614;1050.449;-326.548
5.730771;20815000;152;20814052;831.605;-6.495;288.562;2399.374;41056.414;-13205.437;;;;;;;
5.733271;20817500;157;;;;;;;;;;;;;;
5.735771;20820000;152;;;;;;;;;;;;;;
5.738271;20822500;171;;;;;;;;;;;;;;
5.740771;20825000;376;;;;;;;;;;;;;;
5.743271;20827500;221;;;;;;;;;;;;;;
5.745771;20830000;173;;;;;;;;;;;;;;
5.748271;20832500;127;;;;;;;;;;;;;;
5.750771;20835000;152;;;;;;;;;;;;;;
5.753271;20837500;140;;;;;;;;;;;;;;
5.755771;20840000;173;;;;;;;;;;;;;;
5.758271;20842500;173;;;;;;;;;;;;;;
5.760771;20845000;151;20845714;815.669;-1.248;318.859;1910.156;50514.656;-11108.852;20845284;-985.86;-2.514;70.697;-352.108;930.114;-258.596
5.763271;20847500;156;;;;;;;;;;;;;;
5.765771;20850000;124;;;;;;;;;;;;;;
5.768271;20852500;141;;;;;;;;;;;;;;
5.770771;20855000;127;;;;;;;;;;;;;;
5.773271;20857500;348;;;;;;;;;;;;;;
5.775771;20860000;238;;;;;;;;;;;;;;
5.778271;20862500;175;;;;;;;;;;;;;;
5.780771;20865000;181;;;;;;;;;;;;;;
5.783271;20867500;158;;;;;;;;;;;;;;
5.785771;20870000;125;;;;;;;;;;;;;;
5.788271;20872500;140;;;;;;;;;;;;;;
5.790771;20875000;126;20875938;796.577;12.515;337.851;3248.773;60904.359;-9662.222;20875501;-984.794;-3.815;64.881;58.81;665.734;-264.478
5.793271;20877500;157;;;;;;;;;;;;;;
5.795771;20880000;169;;;;;;;;;;;;;;
5.798271;20882500;152;;;;;;;;;;;;;;
5.800771;20885000;170;;;;;;;;;;;;;;
5.803271;20887500;137;;;;;;;;;;;;;;
5.805771;20890000;296;;;;;;;;;;;;;;
5.808271;20892500;172;;;;;;;;;;;;;;
5.810771;20895000;141;;;;;;;;;;;;;;
5.813271;20897500;143;;;;;;;;;;;;;;
5.815771;20900000;153;;;;;;;;;;;;;;
5.818271;20902500;174;;;;;;;;;;;;;;
5.820771;20905000;152;;;;;;;;;;;;;;
5.823271;20907500;156;20907436;765.41;6.967;363.738;4761.521;65760.391;-8911.798;20907005;-982.524;-3.143;67.194;1272.557;587.822;-296.754
5.825771;20910000;124;;;;;;;;;;;;;;
5.828271;20912500;123;;;;;;;;;;;;;;
5.830771;20915000;136;;;;;;;;;;;;;;
5.833271;20917500;155;;;;;;;;;;;;;;
5.835771;20920000;0;;;;;;;;;;;;;;
5.838271;20922500;265;;;;;;;;;;;;;;
5.840771;20925000;188;;;;;;;;;;;;;;
5.843271;20927500;152;;;;;;;;;;;;;;
5.845771;20930000;152;;;;;;;;;;;;;;
5.848271;20932500;123;;;;;;;;;;;;;;
5.850771;20935000;127;;;;;;;;;;;;;;
5.853271;20937500;141;;;;;;;;20938595;-984.028;-2.699;67.403;2943.179;-163.444;-138.854
5.855771;20940000;171;20939035;738.406;4.038;399.17;5923.883;74500.562;-5518.333;;;;;;;
5.858271;20942500;152;;;;;;;;;;;;;;
5.860771;20945000;150;;;;;;;;;;;;;;
5.863271;20947500;139;;;;;;;;;;;;;;
5.865771;20950000;126;;;;;;;;;;;;;;
5.868271;20952500;360;;;;;;;;;;;;;;
5.870771;20955000;206;;;;;;;;;;;;;;
5.873271;20957500;158;;;;;;;;;;;;;;
5.875771;20960000;156;;;;;;;;;;;;;;
5.878271;20962500;153;;;;;;;;;;;;;;
5.880771;20965000;168;;;;;;;;;;;;;;
5.883271;20967500;135;;;;;;;;;;;;;;
5.885771;20970000;122;20970616;702.017;10.729;429.738;6284.813;82872.844;-653.479;20970188;-979.131;-2.283;67.68;3791.77;-727.522;-70.224
5.888271;20972500;123;;;;;;;;;;;;;;
5.890771;20975000;126;;;;;;;;;;;;;;
5.893271;20977500;156;;;;;;;;;;;;;;
5.895771;20980000;152;;;;;;;;;;;;;;
5.898271;20982500;382;;;;;;;;;;;;;;
5.900771;20985000;233;;;;;;;;;;;;;;
5.903271;20987500;186;;;;;;;;;;;;;;
5.905771;20990000;136;;;;;;;;;;;;;;
5.908271;20992500;123;;;;;;;;;;;;;;
5.910771;20995000;144;;;;;;;;;;;;;;
5.913271;20997500;139;;;;;;;;;;;;;;
5.915771;21000000;170;;;;;;;;;;;;;;
5.918271;21002500;154;21002218;661.334;15.585;458.118;3476.823;87836.203;4077.507;21001779;-999.928;6.499;68.652;5006.119;-1227.521;-132.338
5.920771;21005000;143;;;;;;;;;;;;;;
5.923271;21007500;139;;;;;;;;;;;;;;
5.925771;21010000;152;;;;;;;;;;;;;;
5.928271;21012500;140;;;;;;;;;;;;;;
5.930771;21015000;286;;;;;;;;;;;;;;
5.933271;21017500;190;;;;;;;;;;;;;;
5.935771;21020000;170;;;;;;;;;;;;;;
5.938271;21022500;175;;;;;;;;;;;;;;
5.940771;21025000;169;;;;;;;;;;;;;;
5.943271;21027500;136;;;;;;;;;;;;;;
5.945771;21030000;143;;;;;;;;;;;;;;
5.948271;21032500;142;21032343;619.752;14.995;484.263;2413.982;92268.328;6509.132;21031908;-989.886;0.355;74.442;5571.312;-3013.27;268.467
5.950771;21035000;152;;;;;;;;;;;;;;
5.953271;21037500;165;;;;;;;;;;;;;;
5.955771;21040000;169;;;;;;;;;;;;;;
5.958271;21042500;152;;;;;;;;;;;;;;
5.960771;21045000;16;;;;;;;;;;;;;;
5.963271;21047500;266;;;;;;;;;;;;;;
5.965771;21050000;183;;;;;;;;;;;;;;
5.968271;21052500;152;;;;;;;;;;;;;;
5.970771;21055000;137;21054553;576.918;11.793;507.684;2621.407;95803.352;8543.551;21054121;-992.468;13.812;68.012;6147.184;-5346.294;567.856
5.973271;21057500;155;;;;;;;;;;;;;;
5.975771;21060000;151;;;;;;;;;;;;;;
5.978271;21062500;172;;;;;;;;;;;;;;
5.980771;21065000;151;;;;;;;;;;;;;;
5.983271;21067500;157;;;;;;;;;;;;;;
5.985771;21070000;126;;;;;;;;;;;;;;
5.988271;21072500;135;;;;;;;;;;;;;;
5.990771;21075000;134;;;;;;;;;;;;;;
5.993271;21077500;344;;;;;;;;;;;;;;
5.995771;21080000;250;;;;;;;;;;;;;;
5.998271;21082500;204;;;;;;;;;;;;;;
6.000771;21085000;155;21086229;539.331;11.6;536.956;2278.15;99088.117;11764.686;21085799;-1004.631;19.886;76.799;5613.637;-7197.354;830.838
6.003271;21087500;139;;;;;;;;;;;;;;
6.005771;21090000;126;;;;;;;;;;;;;;
6.008271;21092500;123;;;;;;;;;;;;;;
6.010771;21095000;150;;;;;;;;;;;;;;
6.013271;21097500;136;;;;;;;;;;;;;;
6.015771;21100000;152;;;;;;;;;;;;;;
6.018271;21102500;153;;;;;;;;;;;;;;
6.020771;21105000;168;;;;;;;;;;;;;;
6.023271;21107500;136;;;;;;;;;;;;;;
6.025771;21110000;266;;;;;;;;;;;;;;
6.028271;21112500;171;;;;;;;;;;;;;;
6.030771;21115000;140;;;;;;;;21116102;-1003.523;16.336;87.453;6089.83;-11341.111;1155.921
6.033271;21117500;168;21116540;495.223;15.601;561.031;4189.867;102450.148;13560.389;;;;;;;
6.035771;21120000;169;;;;;;;;;;;;;;
6.038271;21122500;155;;;;;;;;;;;;;;
6.040771;21125000;144;;;;;;;;;;;;;;
6.043271;21127500;138;;;;;;;;;;;;;;
6.045771;21130000;124;;;;;;;;;;;;;;
6.048271;21132500;124;;;;;;;;;;;;;;
6.050771;21135000;128;;;;;;;;;;;;;;
6.053271;21137500;141;;;;;;;;;;;;;;
6.055771;21140000;301;;;;;;;;;;;;;;
6.058271;21142500;207;;;;;;;;;;;;;;
6.060771;21145000;169;;;;;;;;;;;;;;
6.063271;21147500;143;21148557;446.093;20.732;575.966;5437.249;105888.203;14601.307;21148127;-1002.623;16.696;93.054;6272.713;-15824.556;1549.188
6.065771;21150000;135;;;;;;;;;;;;;;
6.068271;21152500;142;;;;;;;;;;;;;;
6.070771;21155000;133;;;;;;;;;;;;;;
6.073271;21157500;138;;;;;;;;;;;;;;
6.075771;21160000;249;;;;;;;;;;;;;;
6.078271;21162500;283;;;;;;;;;;;;;;
6.080771;21165000;215;;;;;;;;;;;;;;
6.083271;21167500;152;;;;;;;;;;;;;;
6.085771;21170000;151;;;;;;;;;;;;;;
6.088271;21172500;126;;;;;;;;;;;;;;
6.090771;21175000;155;;;;;;;;;;;;;;
6.093271;21177500;160;;;;;;;;;;;;;;
6.095771;21180000;154;21180671;396.021;26.582;584.622;7533.137;109028.789;14608.866;21180239;-999.76;17.551;97.691;5938.078;-19781.078;2216.791
6.098271;21182500;154;;;;;;;;;;;;;;
6.100771;21185000;170;;;;;;;;;;;;;;
6.103271;21187500;157;;;;;;;;;;;;;;
6.105771;21190000;151;;;;;;;;;;;;;;
6.108271;21192500;381;;;;;;;;;;;;;;
6.110771;21195000;231;;;;;;;;;;;;;;
6.113271;21197500;190;;;;;;;;;;;;;;
6.115771;21200000;184;;;;;;;;;;;;;;
6.118271;21202500;174;;;;;;;;;;;;;;
6.120771;21205000;151;;;;;;;;;;;;;;
6.123271;21207500;153;;;;;;;;;;;;;;
6.125771;21210000;124;;;;;;;;;;;;;;
6.128271;21212500;142;21212700;351.698;32.128;594.107;9636.23;110107.914;13718.735;21212265;-995.791;17.235;100.761;5089.049;-22310.836;2754.764
6.130771;21215000;151;;;;;;;;;;;;;;
6.133271;21217500;158;;;;;;;;;;;;;;
6.135771;21220000;142;;;;;;;;;;;;;;
6.138271;21222500;28;;;;;;;;;;;;;;
6.140771;21225000;280;;;;;;;;;;;;;;
6.143271;21227500;190;;;;;;;;;;;;;;
6.145771;21230000;157;;;;;;;;;;;;;;
6.148271;21232500;125;;;;;;;;;;;;;;
6.150771;21235000;154;;;;;;;;;;;;;;
6.153271;21237500;156;;;;;;;;;;;;;;
6.155771;21240000;153;;;;;;;;;;;;;;
6.158271;21242500;153;;;;;;;;;;;;;;
6.160771;21245000;144;21244816;309.347;40.739;603.168;11121.419;109399.703;12933.924;21244376;-990.025;16.69;110.796;4350.721;-23752.043;3421.588
6.163271;21247500;138;;;;;;;;;;;;;;
6.165771;21250000;152;;;;;;;;;;;;;;
6.168271;21252500;125;;;;;;;;;;;;;;
6.170771;21255000;375;;;;;;;;;;;;;;
6.173271;21257500;234;;;;;;;;;;;;;;
6.175771;21260000;184;;;;;;;;;;;;;;
6.178271;21262500;186;;;;;;;;;;;;;;
6.180771;21265000;154;;;;;;;;;;;;;;
6.183271;21267500;140;;;;;;;;;;;;;;
6.185771;21270000;150;;;;;;;;;;;;;;
6.188271;21272500;124;;;;;;;;;;;;;;
6.190771;21275000;135;21275455;267.961;44.552;613.208;11750.973;107733.344;11952.54;21275027;-985.005;18.375;125.197;3784.498;-24353.816;3689.321
6.193271;21277500;140;;;;;;;;;;;;;;
6.195771;21280000;153;;;;;;;;;;;;;;
6.198271;21282500;174;;;;;;;;;;;;;;
6.200771;21285000;154;;;;;;;;;;;;;;
6.203271;21287500;335;;;;;;;;;;;;;;
6.205771;21290000;203;;;;;;;;;;;;;;
6.208271;21292500;152;;;;;;;;;;;;;;
6.210771;21295000;159;;;;;;;;;;;;;;
6.213271;21297500;168;;;;;;;;;;;;;;
6.215771;21300000;173;;;;;;;;;;;;;;
6.218271;21302500;155;;;;;;;;;;;;;;
6.220771;21305000;152;;;;;;;;;;;;;;
6.223271;21307500;156;21307666;228.046;51.755;618.221;12079.986;105976.172;11193.038;21307226;-979.778;22.892;138.402;2840.148;-24143.688;4094.167
6.225771;21310000;126;;;;;;;;;;;;;;
6.228271;21312500;143;;;;;;;;;;;;;;
6.230771;21315000;134;;;;;;;;;;;;;;
6.233271;21317500;140;;;;;;;;;;;;;;
6.235771;21320000;327;;;;;;;;;;;;;;
6.238271;21322500;218;;;;;;;;;;;;;;
6.240771;21325000;188;;;;;;;;;;;;;;
6.243271;21327500;142;;;;;;;;;;;;;;
6.245771;21330000;153;;;;;;;;;;;;;;
6.248271;21332500;126;;;;;;;;;;;;;;
6.250771;21335000;127;;;;;;;;;;;;;;
6.253271;21337500;159;;;;;;;;;;;;;;
6.255771;21340000;170;21339854;185.363;61.367;624.837;12001.862;103674.234;10470.636;21339424;-975.155;24.687;150.283;1762.328;-23196.377;4375.521
6.258271;21342500;174;;;;;;;;;;;;;;
6.260771;21345000;152;;;;;;;;;;;;;;
6.263271;21347500;140;;;;;;;;;;;;;;
6.265771;21350000;136;;;;;;;;;;;;;;
6.268271;21352500;296;;;;;;;;;;;;;;
6.270771;21355000;207;;;;;;;;;;;;;;
6.273271;21357500;157;;;;;;;;;;;;;;
6.275771;21360000;155;;;;;;;;;;;;;;
6.278271;21362500;172;;;;;;;;;;;;;;
6.280771;21365000;169;;;;;;;;;;;;;;
6.283271;21367500;155;;;;;;;;;;;;;;
6.285771;21370000;125;;;;;;;;;;;;;;
6.288271;21372500;142;21372062;137.238;60.47;640.687;11194.395;100145.148;8578.604;21371624;-971.769;25.094;165.277;398.461;-21799.434;4659.433
6.290771;21375000;152;;;;;;;;;;;;;;
6.293271;21377500;139;;;;;;;;;;;;;;
6.295771;21380000;170;;;;;;;;;;;;;;
6.298271;21382500;331;;;;;;;;;;;;;;
6.300771;21385000;235;;;;;;;;;;;;;;
6.303271;21387500;174;;;;;;;;;;;;;;
6.305771;21390000;136;;;;;;;;;;;;;;
6.308271;21392500;152;;;;;;;;;;;;;;
6.310771;21395000;136;;;;;;;;;;;;;;
6.313271;21397500;157;;;;;;;;;;;;;;
6.315771;21400000;170;;;;;;;;;;;;;;
6.318271;21402500;171;;;;;;;;21403475;-963.593;25.169;179.596;-278.149;-20939.586;4646.961
6.320771;21405000;160;21403906;92.318;78.888;666.651;8431.425;94585.766;7804.923;;;;;;;
6.323271;21407500;136;;;;;;;;;;;;;;
6.325771;21410000;125;;;;;;;;;;;;;;
6.328271;21412500;124;;;;;;;;;;;;;;
6.330771;21415000;309;;;;;;;;;;;;;;
6.333271;21417500;205;;;;;;;;;;;;;;
6.335771;21420000;172;;;;;;;;;;;;;;
6.338271;21422500;156;;;;;;;;;;;;;;
6.340771;21425000;152;;;;;;;;;;;;;;
6.343271;21427500;137;;;;;;;;;;;;;;
6.345771;21430000;126;;;;;;;;;;;;;;
6.348271;21432500;123;;;;;;;;;;;;;;
6.350771;21435000;152;21434217;51.175;81.013;672.95;7502.354;88876.914;6901.927;21433777;-959.156;26.716;188.989;-335.992;-19944.668;4244.863
6.353271;21437500;160;;;;;;;;;;;;;;
6.355771;21440000;151;;;;;;;;;;;;;;
6.358271;21442500;154;;;;;;;;;;;;;;
6.360771;21445000;142;;;;;;;;;;;;;;
6.363271;21447500;302;;;;;;;;;;;;;;
6.365771;21450000;200;;;;;;;;;;;;;;
6.368271;21452500;138;;;;;;;;;;;;;;
6.370771;21455000;136;;;;;;;;;;;;;;
6.373271;21457500;139;21456678;11.815;85.198;675.586;5978.798;82751.32;5873.456;21456251;-955.759;26.369;198.803;-595.692;-19083.934;4263.182
6.375771;21460000;170;;;;;;;;;;;;;;
6.378271;21462500;154;;;;;;;;;;;;;;
6.380771;21465000;168;;;;;;;;;;;;;;
6.383271;21467500;137;;;;;;;;;;;;;;
6.385771;21470000;125;;;;;;;;;;;;;;
6.388271;21472500;144;;;;;;;;;;;;;;
6.390771;21475000;127;;;;;;;;;;;;;;
6.393271;21477500;0;;;;;;;;;;;;;;
6.395771;21480000;284;;;;;;;;;;;;;;
6.398271;21482500;203;;;;;;;;;;;;;;
6.400771;21485000;185;;;;;;;;;;;;;;
6.403271;21487500;141;21488542;-23.698;87.465;676.381;4369.546;76686.562;5463.845;21488102;-953.355;27.448;206.913;-712.032;-18192.299;4358.023
6.405771;21490000;126;;;;;;;;;;;;;;
6.408271;21492500;126;;;;;;;;;;;;;;
6.410771;21495000;136;;;;;;;;;;;;;;
6.413271;21497500;159;;;;;;;;;;;;;;
6.415771;21500000;169;;;;;;;;;;;;;;
6.418271;21502500;155;;;;;;;;;;;;;;
6.420771;21505000;171;;;;;;;;;;;;;;
6.423271;21507500;156;;;;;;;;;;;;;;
6.425771;21510000;331;;;;;;;;;;;;;;
6.428271;21512500;250;;;;;;;;;;;;;;
6.430771;21515000;168;;;;;;;;;;;;;;
6.433271;21517500;153;;;;;;;;21518492;-949.266;25.227;227.007;-643.618;-17548.684;4315.122
6.435771;21520000;173;21518920;-50.884;83.293;685.097;2201.568;71463.172;6616.028;;;;;;;
6.438271;21522500;156;;;;;;;;;;;;;;
6.440771;21525000;153;;;;;;;;;;;;;;
6.443271;21527500;139;;;;;;;;;;;;;;
6.445771;21530000;152;;;;;;;;;;;;;;
6.448271;21532500;151;;;;;;;;;;;;;;
6.450771;21535000;138;;;;;;;;;;;;;;
6.453271;21537500;168;;;;;;;;;;;;;;
6.455771;21540000;311;;;;;;;;;;;;;;
6.458271;21542500;287;;;;;;;;;;;;;;
6.460771;21545000;206;;;;;;;;;;;;;;
6.463271;21547500;144;;;;;;;;;;;;;;
6.465771;21550000;153;21550784;-74.82;80.287;692.859;328.365;66241.516;10760.852;21550344;-941.257;29.547;237.958;-567.687;-16224.125;3881.928
6.468271;21552500;142;;;;;;;;;;;;;;
6.470771;21555000;153;;;;;;;;;;;;;;
6.473271;21557500;158;;;;;;;;;;;;;;
6.475771;21560000;153;;;;;;;;;;;;;;
6.478271;21562500;106;;;;;;;;;;;;;;
6.480771;21565000;280;;;;;;;;;;;;;;
6.483271;21567500;173;;;;;;;;;;;;;;
6.485771;21570000;157;;;;;;;;;;;;;;
6.488271;21572500;125;;;;;;;;;;;;;;
6.490771;21575000;153;;;;;;;;;;;;;;
6.493271;21577500;141;;;;;;;;;;;;;;
6.495771;21580000;170;;;;;;;;;;;;;;
6.498271;21582500;172;21582705;-104.965;76.334;699.044;-1390.803;62230.75;18326.184;21582282;-939.072;26.704;242.225;-1494.365;-14304.731;3618.269
6.500771;21585000;151;;;;;;;;;;;;;;
6.503271;21587500;156;;;;;;;;;;;;;;
6.505771;21590000;125;;;;;;;;;;;;;;
6.508271;21592500;125;;;;;;;;;;;;;;
6.510771;21595000;367;;;;;;;;;;;;;;
6.513271;21597500;233;;;;;;;;;;;;;;
6.515771;21600000;202;;;;;;;;;;;;;;
6.518271;21602500;169;;;;;;;;;;;;;;
6.520771;21605000;152;;;;;;;;;;;;;;
6.523271;21607500;140;;;;;;;;;;;;;;
6.525771;21610000;127;;;;;;;;;;;;;;
6.528271;21612500;142;;;;;;;;;;;;;;
6.530771;21615000;136;21615013;-131.912;91.854;697.666;-534.201;58725.023;29758.312;21614568;-934.904;26.003;249.548;-742.835;-12861.933;3527.48
6.533271;21617500;141;;;;;;;;;;;;;;
6.535771;21620000;153;;;;;;;;;;;;;;
6.538271;21622500;153;;;;;;;;;;;;;;
6.540771;21625000;19;;;;;;;;;;;;;;
6.543271;21627500;255;;;;;;;;;;;;;;
6.545771;21630000;158;;;;;;;;;;;;;;
6.548271;21632500;137;;;;;;;;;;;;;;
6.550771;21635000;138;;;;;;;;;;;;;;
6.553271;21637500;168;;;;;;;;;;;;;;
6.555771;21640000;172;;;;;;;;;;;;;;
6.558271;21642500;154;;;;;;;;;;;;;;
6.560771;21645000;143;;;;;;;;;;;;;;
6.563271;21647500;138;21647109;-154.883;105.006;701.963;-160.116;55696.461;37425.523;21646679;-934.201;23.336;254.395;-427.88;-11353.898;3223.356
6.565771;21650000;126;;;;;;;;;;;;;;
6.568271;21652500;126;;;;;;;;;;;;;;
6.570771;21655000;152;;;;;;;;;;;;;;
6.573271;21657500;352;;;;;;;;;;;;;;
6.575771;21660000;234;;;;;;;;;;;;;;
6.578271;21662500;185;;;;;;;;;;;;;;
6.580771;21665000;159;;;;;;;;;;;;;;
6.583271;21667500;159;;;;;;;;;;;;;;
6.585771;21670000;128;;;;;;;;;;;;;;
6.588271;21672500;127;;;;;;;;;;;;;;
6.590771;21675000;137;;;;;;;;;;;;;;
6.593271;21677500;141;21677768;-171.899;118.373;706.454;1363.828;53447.137;41639.871;21677331;-934.126;23.713;260.146;314.951;-10277.828;2792.251
6.595771;21680000;154;;;;;;;;;;;;;;
6.598271;21682500;155;;;;;;;;;;;;;;
6.600771;21685000;168;;;;;;;;;;;;;;
6.603271;21687500;137;;;;;;;;;;;;;;
6.605771;21690000;301;;;;;;;;;;;;;;
6.608271;21692500;188;;;;;;;;;;;;;;
6.610771;21695000;155;;;;;;;;;;;;;;
6.613271;21697500;170;;;;;;;;;;;;;;
6.615771;21700000;155;;;;;;;;;;;;;;
6.618271;21702500;155;;;;;;;;;;;;;;
6.620771;21705000;169;;;;;;;;;;;;;;
6.623271;21707500;159;;;;;;;;;;;;;;
6.625771;21710000;152;21709873;-190.772;136.287;708.829;3747.386;51908.34;43512.441;21709443;-933.334;26.37;265.402;1571.016;-9840.062;2516.576
6.628271;21712500;124;;;;;;;;;;;;;;
6.630771;21715000;153;;;;;;;;;;;;;;
6.633271;21717500;159;;;;;;;;;;;;;;
6.635771;21720000;153;;;;;;;;;;;;;;
6.638271;21722500;331;;;;;;;;;;;;;;
6.640771;21725000;205;;;;;;;;;;;;;;
6.643271;21727500;174;;;;;;;;;;;;;;
6.645771;21730000;153;;;;;;;;;;;;;;
6.648271;21732500;126;;;;;;;;;;;;;;
6.650771;21735000;154;;;;;;;;;;;;;;
6.653271;21737500;158;;;;;;;;;;;;;;
6.655771;21740000;171;;;;;;;;;;;;;;
6.658271;21742500;172;21741993;-208.214;150.64;708.194;6447.954;51012.609;45009.195;21741554;-931.905;26.644;270.17;2473.34;-9410.184;2227.997
6.660771;21745000;168;;;;;;;;;;;;;;
6.663271;21747500;156;;;;;;;;;;;;;;
6.665771;21750000;127;;;;;;;;;;;;;;
6.668271;21752500;157;;;;;;;;;;;;;;
6.670771;21755000;270;;;;;;;;;;;;;;
6.673271;21757500;207;;;;;;;;;;;;;;
6.675771;21760000;168;;;;;;;;;;;;;;
6.678271;21762500;156;;;;;;;;;;;;;;
6.680771;21765000;170;;;;;;;;;;;;;;
6.683271;21767500;136;;;;;;;;;;;;;;
6.685771;21770000;126;;;;;;;;;;;;;;
6.688271;21772500;124;;;;;;;;21773493;-931.304;27.831;271.021;2719.361;-8662.736;1788.909
6.690771;21775000;136;21773921;-222.655;168.569;705.121;9108.869;50618.852;46249.547;;;;;;;
6.693271;21777500;167;;;;;;;;;;;;;;
6.695771;21780000;170;;;;;;;;;;;;;;
6.698271;21782500;156;;;;;;;;;;;;;;
6.700771;21785000;316;;;;;;;;;;;;;;
6.703271;21787500;201;;;;;;;;;;;;;;
6.705771;21790000;170;;;;;;;;;;;;;;
6.708271;21792500;153;;;;;;;;;;;;;;
6.710771;21795000;155;;;;;;;;;;;;;;
6.713271;21797500;143;;;;;;;;;;;;;;
6.715771;21800000;153;;;;;;;;;;;;;;
6.718271;21802500;172;;;;;;;;;;;;;;
6.720771;21805000;168;21806045;-235.214;182.4;704.61;11359.801;50148.098;47142.195;21805606;-930.001;31.319;272.683;2446.018;-7426.35;1622.026
6.723271;21807500;156;;;;;;;;;;;;;;
6.725771;21810000;125;;;;;;;;;;;;;;
6.728271;21812500;124;;;;;;;;;;;;;;
6.730771;21815000;153;;;;;;;;;;;;;;
6.733271;21817500;298;;;;;;;;;;;;;;
6.735771;21820000;223;;;;;;;;;;;;;;
6.738271;21822500;172;;;;;;;;;;;;;;
6.740771;21825000;153;;;;;;;;;;;;;;
6.743271;21827500;158;;;;;;;;;;;;;;
6.745771;21830000;151;;;;;;;;;;;;;;
6.748271;21832500;124;;;;;;;;;;;;;;
6.750771;21835000;136;;;;;;;;;;;;;;
6.753271;21837500;140;21836684;-251.685;201.779;703.777;13152.123;49246.754;48021.711;21836254;-929.976;35.469;275.696;1201.967;-6324.407;1708.488
6.755771;21840000;170;;;;;;;;;;;;;;
6.758271;21842500;154;;;;;;;;;;;;;;
6.760771;21845000;144;;;;;;;;;;;;;;
6.763271;21847500;0;;;;;;;;;;;;;;
6.765771;21850000;272;;;;;;;;;;;;;;
6.768271;21852500;170;;;;;;;;;;;;;;
6.770771;21855000;167;;;;;;;;;;;;;;
6.773271;21857500;151;;;;;;;;;;;;;;
6.775771;21860000;154;;;;;;;;;;;;;;
6.778271;21862500;174;;;;;;;;;;;;;;
6.780771;21865000;153;;;;;;;;;;;;;;
6.783271;21867500;156;21868718;-268.874;221.598;704.298;14273.392;47697.914;47665.062;21868281;-931.21;34.385;279.644;-209.132;-5418.875;1955.126
6.785771;21870000;153;;;;;;;;;;;;;;
6.788271;21872500;151;;;;;;;;;;;;;;
6.790771;21875000;155;;;;;;;;;;;;;;
6.793271;21877500;143;;;;;;;;;;;;;;
6.795771;21880000;395;;;;;;;;;;;;;;
6.798271;21882500;281;;;;;;;;;;;;;;
6.800771;21885000;205;;;;;;;;;;;;;;
6.803271;21887500;171;;;;;;;;;;;;;;
6.805771;21890000;137;;;;;;;;;;;;;;
6.808271;21892500;152;;;;;;;;;;;;;;
6.810771;21895000;153;;;;;;;;;;;;;;
6.813271;21897500;144;;;;;;;;;;;;;;
6.815771;21900000;173;21900910;-280.849;237.932;705.317;14395.784;45346.27;46868.184;21900480;-930.589;32.849;285.987;-326.862;-5398.618;1989.057
6.818271;21902500;156;;;;;;;;;;;;;;
6.820771;21905000;168;;;;;;;;;;;;;;
6.823271;21907500;156;;;;;;;;;;;;;;
6.825771;21910000;143;;;;;;;;;;;;;;
6.828271;21912500;382;;;;;;;;;;;;;;
6.830771;21915000;221;;;;;;;;;;;;;;
6.833271;21917500;191;;;;;;;;;;;;;;
6.835771;21920000;168;;;;;;;;;;;;;;
6.838271;21922500;183;;;;;;;;;;;;;;
6.840771;21925000;172;;;;;;;;;;;;;;
6.843271;21927500;139;;;;;;;;;;;;;;
6.845771;21930000;152;;;;;;;;;;;;;;
6.848271;21932500;152;21933117;-291.555;257.139;702.521;13926.245;42841.832;45303.086;21932677;-928.65;34.531;290.487;-412.457;-5196.062;1988.042
6.850771;21935000;136;;;;;;;;;;;;;;
6.853271;21937500;142;;;;;;;;;;;;;;
6.855771;21940000;154;;;;;;;;;;;;;;
6.858271;21942500;7;;;;;;;;;;;;;;
6.860771;21945000;265;;;;;;;;;;;;;;
6.863271;21947500;182;;;;;;;;;;;;;;
6.865771;21950000;141;;;;;;;;;;;;;;
6.868271;21952500;135;;;;;;;;;;;;;;
6.870771;21955000;155;;;;;;;;;;;;;;
6.873271;21957500;143;;;;;;;;;;;;;;
6.875771;21960000;154;;;;;;;;;;;;;;
6.878271;21962500;155;;;;;;;;;;;;;;
6.880771;21965000;150;21965305;-300.907;271.818;700.256;13032.183;40484.926;43073.367;21964878;-927.522;34.518;294.043;-540.584;-5154.134;2003.702
6.883271;21967500;157;;;;;;;;;;;;;;
6.885771;21970000;142;;;;;;;;;;;;;;
6.888271;21972500;122;;;;;;;;;;;;;;
6.890771;21975000;381;;;;;;;;;;;;;;
6.893271;21977500;238;;;;;;;;;;;;;;
6.895771;21980000;204;;;;;;;;;;;;;;
6.898271;21982500;168;;;;;;;;;;;;;;
6.900771;21985000;153;;;;;;;;;;;;;;
6.903271;21987500;138;;;;;;;;;;;;;;
6.905771;21990000;125;;;;;;;;;;;;;;
6.908271;21992500;141;;;;;;;;;;;;;;
6.910771;21995000;153;21995968;-309.963;287.019;697.171;11987.698;38305.367;40358.387;21995528;-926.957;35.775;296.885;-571.742;-4983.927;1901.329
6.913271;21997500;141;;;;;;;;;;;;;;
6.915771;22000000;152;;;;;;;;;;;;;;
6.918271;22002500;153;;;;;;;;;;;;;;
6.920771;22005000;141;;;;;;;;;;;;;;
6.923271;22007500;375;;;;;;;;;;;;;;
6.925771;22010000;206;;;;;;;;;;;;;;
6.928271;22012500;154;;;;;;;;;;;;;;
6.930771;22015000;139;;;;;;;;;;;;;;
6.933271;22017500;142;;;;;;;;;;;;;;
6.935771;22020000;144;22020340;-318.883;301.862;694.996;11038.751;36151.66;37288.281;22019918;-927.171;36.512;299.169;-639.405;-4913.668;1823.763
6.938271;22022500;152;;;;;;;;;;;;;;
6.940771;22025000;168;;;;;;;;;;;;;;
6.943271;22027500;154;;;;;;;;;;;;;;
6.945771;22030000;124;;;;;;;;;;;;;;
6.948271;22032500;124;;;;;;;;;;;;;;
6.950771;22035000;154;;;;;;;;;;;;;;
6.953271;22037500;166;;;;;;;;;;;;;;
6.955771;22040000;365;;;;;;;;;;;;;;
6.958271;22042500;231;;;;;;;;;;;;;;
6.960771;22045000;172;;;;;;;;;;;;;;
6.963271;22047500;167;;;;;;;;;;;;;;
6.965771;22050000;126;22050991;-330.194;316.251;692.948;10034.876;33842.703;33025.492;22050546;-927.776;37.053;301.535;-850.685;-5060.422;1850.7
6.968271;22052500;142;;;;;;;;;;;;;;
6.970771;22055000;134;;;;;;;;;;;;;;
6.973271;22057500;167;;;;;;;;;;;;;;
6.975771;22060000;155;;;;;;;;;;;;;;
6.978271;22062500;157;;;;;;;;;;;;;;
6.980771;22065000;168;;;;;;;;;;;;;;
6.983271;22067500;136;;;;;;;;;;;;;;
6.985771;22070000;151;;;;;;;;;;;;;;
6.988271;22072500;331;;;;;;;;;;;;;;
6.990771;22075000;200;;;;;;;;;;;;;;
6.993271;22077500;185;;;;;;;;;;;;;;
6.995771;22080000;156;;;;;;;;22081196;-927.65;35.932;306.045;-1052.276;-5328.901;1963.79
6.998271;22082500;174;22081619;-342.08;327.144;692.54;8760.507;31474.631;27851.029;;;;;;;
7.000771;22085000;168;;;;;;;;;;;;;;
7.003271;22087500;138;;;;;;;;;;;;;;
7.005771;22090000;152;;;;;;;;;;;;;;
7.008271;22092500;124;;;;;;;;;;;;;;
7.010771;22095000;152;;;;;;;;;;;;;;
7.013271;22097500;158;;;;;;;;;;;;;;
7.015771;22100000;169;;;;;;;;;;;;;;
7.018271;22102500;391;;;;;;;;;;;;;;
7.020771;22105000;232;;;;;;;;;;;;;;
7.023271;22107500;187;;;;;;;;;;;;;;
7.025771;22110000;136;;;;;;;;;;;;;;
7.028271;22112500;127;;;;;;;;22113395;-929.237;37.241;309.165;-1090.662;-5634.706;2098.788
7.030771;22115000;135;22113840;-352.426;335.339;691.036;7458.419;28927.898;21765.852;;;;;;;
7.033271;22117500;141;;;;;;;;;;;;;;
7.035771;22120000;170;;;;;;;;;;;;;;
7.038271;22122500;153;;;;;;;;;;;;;;
7.040771;22125000;142;;;;;;;;;;;;;;
7.043271;22127500;313;;;;;;;;;;;;;;
7.045771;22130000;188;;;;;;;;;;;;;;
7.048271;22132500;167;;;;;;;;;;;;;;
7.050771;22135000;139;;;;;;;;;;;;;;
7.053271;22137500;142;;;;;;;;;;;;;;
7.055771;22140000;152;;;;;;;;;;;;;;
7.058271;22142500;153;;;;;;;;;;;;;;
7.060771;22145000;169;22146023;-361.669;342.21;693.786;5837.748;25703.066;14742.434;22145593;-927.659;37.203;313.947;-900.504;-6454.596;2222.223
7.063271;22147500;140;;;;;;;;;;;;;;
7.065771;22150000;134;;;;;;;;;;;;;;
7.068271;22152500;126;;;;;;;;;;;;;;
7.070771;22155000;137;;;;;;;;;;;;;;
7.073271;22157500;392;;;;;;;;;;;;;;
7.075771;22160000;248;;;;;;;;;;;;;;
7.078271;22162500;188;;;;;;;;;;;;;;
7.080771;22165000;159;;;;;;;;;;;;;;
7.083271;22167500;142;;;;;;;;;;;;;;
7.085771;22170000;152;;;;;;;;;;;;;;
7.088271;22172500;152;;;;;;;;;;;;;;
7.090771;22175000;137;;;;;;;;;;;;;;
7.093271;22177500;150;22178144;-369.535;345.632;698.551;2776.923;21845.85;5933.874;22177706;-926.368;39.985;318.629;-544.416;-6738.241;2290.487
7.095771;22180000;155;;;;;;;;;;;;;;
7.098271;22182500;155;;;;;;;;;;;;;;
7.100771;22185000;152;;;;;;;;;;;;;;
7.103271;22187500;255;;;;;;;;;;;;;;
7.105771;22190000;238;;;;;;;;;;;;;;
7.108271;22192500;160;;;;;;;;;;;;;;
7.110771;22195000;167;;;;;;;;;;;;;;
7.113271;22197500;168;;;;;;;;;;;;;;
7.115771;22200000;172;;;;;;;;;;;;;;
7.118271;22202500;153;;;;;;;;;;;;;;
7.120771;22205000;170;;;;;;;;;;;;;;
7.123271;22207500;137;;;;;;;;;;;;;;
7.125771;22210000;135;22210162;-378.166;346.138;698.729;-375.423;18506.119;-3337.695;22209732;-926.732;41.401;322.572;-205.695;-6628.829;2288.838
7.128271;22212500;125;;;;;;;;;;;;;;
7.130771;22215000;138;;;;;;;;;;;;;;
7.133271;22217500;169;;;;;;;;;;;;;;
7.135771;22220000;394;;;;;;;;;;;;;;
7.138271;22222500;253;;;;;;;;;;;;;;
7.140771;22225000;184;;;;;;;;;;;;;;
7.143271;22227500;142;;;;;;;;;;;;;;
7.145771;22230000;152;;;;;;;;;;;;;;
7.148271;22232500;124;;;;;;;;;;;;;;
7.150771;22235000;153;;;;;;;;;;;;;;
7.153271;22237500;142;;;;;;;;;;;;;;
7.155771;22240000;153;22240739;-390.356;337.231;704.224;-2187.152;15361.812;-12503.123;22240294;-925.627;42.637;333.6;-471.473;-6431.7;2308.708
7.158271;22242500;172;;;;;;;;;;;;;;
7.160771;22245000;152;;;;;;;;;;;;;;
7.163271;22247500;157;;;;;;;;;;;;;;
7.165771;22250000;152;;;;;;;;;;;;;;
7.168271;22252500;362;;;;;;;;;;;;;;
7.170771;22255000;246;;;;;;;;;;;;;;
7.173271;22257500;173;;;;;;;;;;;;;;
7.175771;22260000;184;;;;;;;;;;;;;;
7.178271;22262500;154;;;;;;;;;;;;;;
7.180771;22265000;150;;;;;;;;;;;;;;
7.183271;22267500;156;;;;;;;;;;;;;;
7.185771;22270000;126;;;;;;;;;;;;;;
7.188271;22272500;144;22273003;-403.754;324.432;714.86;-2863.107;11886.909;-19411.717;22272581;-932.88;50.863;330.224;-1083.149;-5857.677;2218.21
7.190771;22275000;154;;;;;;;;;;;;;;
7.193271;22277500;168;;;;;;;;;;;;;;
7.195771;22280000;172;;;;;;;;;;;;;;
7.198271;22282500;155;;;;;;;;;;;;;;
7.200771;22285000;361;;;;;;;;;;;;;;
7.203271;22287500;206;;;;;;;;;;;;;;
7.205771;22290000;153;;;;;;;;;;;;;;
7.208271;22292500;138;;;;;;;;;;;;;;
7.210771;22295000;136;;;;;;;;;;;;;;
7.213271;22297500;167;;;;;;;;;;;;;;
7.215771;22300000;153;;;;;;;;;;;;;;
7.218271;22302500;155;;;;;;;;;;;;;;
7.220771;22305000;150;22305398;-414.584;316.494;720.396;-4050.389;7764.126;-25045.193;22304953;-929.442;45.673;336.167;-1190.429;-5607.668;2066.175
7.223271;22307500;137;;;;;;;;;;;;;;
7.225771;22310000;143;;;;;;;;;;;;;;
7.228271;22312500;142;;;;;;;;;;;;;;
7.230771;22315000;128;;;;;;;;;;;;;;
7.233271;22317500;315;;;;;;;;;;;;;;
7.235771;22320000;216;;;;;;;;;;;;;;
7.238271;22322500;191;;;;;;;;;;;;;;
7.240771;22325000;173;;;;;;;;;;;;;;
7.243271;22327500;156;;;;;;;;;;;;;;
7.245771;22330000;124;;;;;;;;;;;;;;
7.248271;22332500;125;;;;;;;;;;;;;;
7.250771;22335000;144;;;;;;;;;;;;;;
7.253271;22337500;166;;;;;;;;;;;;;;
7.255771;22340000;152;;;;;;;;;;;;;;
7.258271;22342500;153;;;;;;;;;;;;;;
7.260771;22345000;142;;;;;;;;;;;;;;
7.263271;22347500;361;22347047;-420.171;304.384;726.283;-5823.182;2896.794;-32545.121;22346617;-930.318;46.994;339.22;-966.408;-4935.285;1849.553
7.265771;22350000;203;;;;;;;;;;;;;;
7.268271;22352500;151;;;;;;;;;;;;;;
7.270771;22355000;137;;;;;;;;;;;;;;
7.273271;22357500;142;;;;;;;;;;;;;;
7.275771;22360000;173;;;;;;;;;;;;;;
7.278271;22362500;174;;;;;;;;;;;;;;
7.280771;22365000;168;;;;;;;;;;;;;;
7.283271;22367500;135;;;;;;;;;;;;;;
7.285771;22370000;142;;;;;;;;;;;;;;
7.288271;22372500;142;;;;;;;;;;;;;;
7.290771;22375000;152;;;;;;;;;;;;;;
7.293271;22377500;141;;;;;;;;22378644;-928.924;50.031;338.992;-137.587;-4065.521;1548.388
7.295771;22380000;344;22379081;-421.555;290.049;737.97;-9374.586;-2979.295;-41262.555;;;;;;;
7.298271;22382500;248;;;;;;;;;;;;;;
7.300771;22385000;190;;;;;;;;;;;;;;
7.303271;22387500;159;;;;;;;;;;;;;;
7.305771;22390000;125;;;;;;;;;;;;;;
7.308271;22392500;125;;;;;;;;;;;;;;
7.310771;22395000;153;;;;;;;;;;;;;;
7.313271;22397500;141;;;;;;;;;;;;;;
7.315771;22400000;169;;;;;;;;;;;;;;
7.318271;22402500;153;;;;;;;;;;;;;;
7.320771;22405000;143;;;;;;;;;;;;;;
7.323271;22407500;154;;;;;;;;;;;;;;
7.325771;22410000;124;;;;;;;;22410929;-926.818;49.5;341.873;-1843.521;-3519.245;1585.594
7.328271;22412500;314;22411360;-423.639;266.964;744.759;-12129.356;-8069.393;-49439.988;;;;;;;
7.330771;22415000;201;;;;;;;;;;;;;;
7.333271;22417500;167;;;;;;;;;;;;;;
7.335771;22420000;171;;;;;;;;;;;;;;
7.338271;22422500;156;;;;;;;;;;;;;;
7.340771;22425000;172;;;;;;;;;;;;;;
7.343271;22427500;155;;;;;;;;;;;;;;
7.345771;22430000;124;;;;;;;;;;;;;;
7.348271;22432500;143;;;;;;;;;;;;;;
7.350771;22435000;136;;;;;;;;;;;;;;
7.353271;22437500;158;;;;;;;;;;;;;;
7.355771;22440000;153;;;;;;;;;;;;;;
7.358271;22442500;151;22443741;-423.856;238.683;747.806;-12771.076;-13347.736;-54544.613;22443301;-924.788;48.031;344.153;-3608.532;-2667.782;1707.564
7.360771;22445000;168;;;;;;;;;;;;;;
7.363271;22447500;137;;;;;;;;;;;;;;
7.365771;22450000;143;;;;;;;;;;;;;;
7.368271;22452500;0;;;;;;;;;;;;;;
7.370771;22455000;268;;;;;;;;;;;;;;
7.373271;22457500;189;;;;;;;;;;;;;;
7.375771;22460000;169;;;;;;;;;;;;;;
7.378271;22462500;173;;;;;;;;;;;;;;
7.380771;22465000;150;;;;;;;;;;;;;;
7.383271;22467500;135;;;;;;;;;;;;;;
7.385771;22470000;126;;;;;;;;;;;;;;
7.388271;22472500;123;;;;;;;;;;;;;;
7.390771;22475000;152;22474727;-418.194;217.66;763.278;-13053.897;-19474.725;-59394.445;22474299;-926.513;46.685;345.069;-4811.48;-2005.893;1712.748
7.393271;22477500;141;;;;;;;;;;;;;;
7.395771;22480000;171;;;;;;;;;;;;;;
7.398271;22482500;156;;;;;;;;;;;;;;
7.400771;22485000;152;;;;;;;;;;;;;;
7.403271;22487500;265;;;;;;;;;;;;;;
7.405771;22490000;167;;;;;;;;;;;;;;
7.408271;22492500;137;;;;;;;;;;;;;;
7.410771;22495000;139;;;;;;;;;;;;;;
7.413271;22497500;143;;;;;;;;;;;;;;
7.415771;22500000;170;;;;;;;;;;;;;;
7.418271;22502500;172;;;;;;;;;;;;;;
7.420771;22505000;167;;;;;;;;;;;;;;
7.423271;22507500;138;22507285;-413.87;193.943;770.468;-14267.14;-23061.926;-63905.973;22506845;-926.651;44.528;347.421;-3993.844;-1157.036;1454.298
7.425771;22510000;126;;;;;;;;;;;;;;
7.428271;22512500;142;;;;;;;;;;;;;;
7.430771;22515000;127;;;;;;;;;;;;;;
7.433271;22517500;43;;;;;;;;;;;;;;
7.435771;22520000;263;;;;;;;;;;;;;;
7.438271;22522500;191;;;;;;;;;;;;;;
7.440771;22525000;183;;;;;;;;;;;;;;
7.443271;22527500;139;;;;;;;;;;;;;;
7.445771;22530000;152;;;;;;;;;;;;;;
7.448271;22532500;125;;;;;;;;;;;;;;
7.450771;22535000;136;;;;;;;;;;;;;;
7.453271;22537500;168;;;;;;;;;;;;;;
7.455771;22540000;154;22539820;-396.983;166.97;774.059;-11449.407;-28472.205;-67053.547;22539390;-925.483;39.898;347.66;-1009.902;168.691;766.458
7.458271;22542500;154;;;;;;;;;;;;;;
7.460771;22545000;144;;;;;;;;;;;;;;
7.463271;22547500;154;;;;;;;;;;;;;;
7.465771;22550000;381;;;;;;;;;;;;;;
7.468271;22552500;220;;;;;;;;;;;;;;
7.470771;22555000;185;;;;;;;;;;;;;;
7.473271;22557500;153;;;;;;;;;;;;;;
7.475771;22560000;174;;;;;;;;;;;;;;
7.478271;22562500;154;;;;;;;;;;;;;;
7.480771;22565000;166;;;;;;;;;;;;;;
7.483271;22567500;136;;;;;;;;;;;;;;
7.485771;22570000;122;;;;;;;;;;;;;;
7.488271;22572500;142;22572115;-393.256;143.207;778.891;-9346.124;-36312.219;-69977.68;22571677;-915.003;41.41;334.553;1238.156;1036.569;319.948
7.490771;22575000;125;;;;;;;;;;;;;;
7.493271;22577500;159;;;;;;;;;;;;;;
7.495771;22580000;171;;;;;;;;;;;;;;
7.498271;22582500;314;;;;;;;;;;;;;;
7.500771;22585000;219;;;;;;;;;;;;;;
7.503271;22587500;154;;;;;;;;;;;;;;
7.505771;22590000;154;;;;;;;;;;;;;;
7.508271;22592500;126;;;;;;;;;;;;;;
7.510771;22595000;136;;;;;;;;;;;;;;
7.513271;22597500;168;;;;;;;;;;;;;;
7.515771;22600000;153;;;;;;;;;;;;;;
7.518271;22602500;172;;;;;;;;22603703;-912.716;41.304;341.811;2508.436;4046.365;-298.049
7.520771;22605000;160;22604133;-366.285;121.291;792.639;-8008.63;-41808.543;-67999.109;;;;;;;
7.523271;22607500;136;;;;;;;;;;;;;;
7.525771;22610000;151;;;;;;;;;;;;;;
7.528271;22612500;126;;;;;;;;;;;;;;
7.530771;22615000;302;;;;;;;;;;;;;;
7.533271;22617500;217;;;;;;;;;;;;;;
7.535771;22620000;172;;;;;;;;;;;;;;
7.538271;22622500;183;;;;;;;;;;;;;;
7.540771;22625000;151;;;;;;;;;;;;;;
7.543271;22627500;138;;;;;;;;;;;;;;
7.545771;22630000;150;;;;;;;;;;;;;;
7.548271;22632500;123;;;;;;;;;;;;;;
7.550771;22635000;128;22634791;-346.776;103.313;794.755;-4879.073;-46744.805;-63257.777;22634352;-910.018;37.592;339.183;3614.139;7818.734;-1006.334
7.553271;22637500;141;;;;;;;;;;;;;;
7.555771;22640000;171;;;;;;;;;;;;;;
7.558271;22642500;171;;;;;;;;;;;;;;
7.560771;22645000;168;;;;;;;;;;;;;;
7.563271;22647500;280;;;;;;;;;;;;;;
7.565771;22650000;174;;;;;;;;;;;;;;
7.568271;22652500;158;;;;;;;;;;;;;;
7.570771;22655000;158;;;;;;;;;;;;;;
7.573271;22657500;142;;;;;;;;;;;;;;
7.575771;22660000;153;;;;;;;;;;;;;;
7.578271;22662500;154;;;;;;;;;;;;;;
7.580771;22665000;168;;;;;;;;;;;;;;
7.583271;22667500;136;22667153;-322.159;94.695;801.091;-1003.432;-51260.562;-58795.949;22666725;-931.239;37.304;326.927;5786.744;8973.922;-1225.955
7.585771;22670000;152;;;;;;;;;;;;;;
7.588271;22672500;126;;;;;;;;;;;;;;
7.590771;22675000;136;;;;;;;;;;;;;;
7.593271;22677500;0;;;;;;;;;;;;;;
7.595771;22680000;286;;;;;;;;;;;;;;
7.598271;22682500;221;;;;;;;;;;;;;;
7.600771;22685000;158;;;;;;;;;;;;;;
7.603271;22687500;139;;;;;;;;;;;;;;
7.605771;22690000;151;;;;;;;;;;;;;;
7.608271;22692500;126;;;;;;;;;;;;;;
7.610771;22695000;152;;;;;;;;;;;;;;
7.613271;22697500;141;;;;;;;;;;;;;;
7.615771;22700000;144;22699451;-291.838;92.04;801.839;3904.302;-55281.035;-51487.277;22699011;-921.85;43.18;331.791;8272.469;9733.163;-1397.407
7.618271;22702500;174;;;;;;;;;;;;;;
7.620771;22705000;169;;;;;;;;;;;;;;
7.623271;22707500;136;;;;;;;;;;;;;;
7.625771;22710000;23;;;;;;;;;;;;;;
7.628271;22712500;238;;;;;;;;;;;;;;
7.630771;22715000;171;;;;;;;;;;;;;;
7.633271;22717500;157;;;;;;;;;;;;;;
7.635771;22720000;156;;;;;;;;;;;;;;
7.638271;22722500;155;;;;;;;;;;;;;;
7.640771;22725000;170;;;;;;;;;;;;;;
7.643271;22727500;136;;;;;;;;;;;;;;
7.645771;22730000;143;;;;;;;;22731122;-917.964;48.469;332.842;10462.846;13723.88;-2424.35
7.648271;22732500;124;22731552;-260.386;84.785;796.517;9638.962;-60679.422;-44013.352;;;;;;;
7.650771;22735000;133;;;;;;;;;;;;;;
7.653271;22737500;167;;;;;;;;;;;;;;
7.655771;22740000;154;;;;;;;;;;;;;;
7.658271;22742500;315;;;;;;;;;;;;;;
7.660771;22745000;201;;;;;;;;;;;;;;
7.663271;22747500;152;;;;;;;;;;;;;;
7.665771;22750000;152;;;;;;;;;;;;;;
7.668271;22752500;126;;;;;;;;;;;;;;
7.670771;22755000;153;;;;;;;;;;;;;;
7.673271;22757500;143;;;;;;;;;;;;;;
7.675771;22760000;153;;;;;;;;;;;;;;
7.678271;22762500;172;;;;;;;;22763409;-920.402;50.334;328.162;11971.453;16942.811;-3345.695
7.680771;22765000;168;22763846;-224.297;92.526;803.747;14561.451;-67045.578;-37399.184;;;;;;;
7.683271;22767500;138;;;;;;;;;;;;;;
7.685771;22770000;135;;;;;;;;;;;;;;
7.688271;22772500;150;;;;;;;;;;;;;;
7.690771;22775000;298;;;;;;;;;;;;;;
7.693271;22777500;216;;;;;;;;;;;;;;
7.695771;22780000;170;;;;;;;;;;;;;;
7.698271;22782500;156;;;;;;;;;;;;;;
7.700771;22785000;169;;;;;;;;;;;;;;
7.703271;22787500;155;;;;;;;;;;;;;;
7.705771;22790000;123;;;;;;;;;;;;;;
7.708271;22792500;151;;;;;;;;;;;;;;
7.710771;22795000;153;22794749;-191.232;87.436;810.755;16552.879;-67765.109;-34268.785;22794319;-935.589;56.937;335.16;13048.067;18924.982;-4017.972
7.713271;22797500;143;;;;;;;;;;;;;;
7.715771;22800000;171;;;;;;;;;;;;;;
7.718271;22802500;155;;;;;;;;;;;;;;
7.720771;22805000;23;;;;;;;;;;;;;;
7.723271;22807500;255;;;;;;;;;;;;;;
7.725771;22810000;187;;;;;;;;;;;;;;
7.728271;22812500;137;;;;;;;;;;;;;;
7.730771;22815000;136;;;;;;;;;;;;;;
7.733271;22817500;157;;;;;;;;;;;;;;
7.735771;22820000;171;22819402;-159.844;81.21;814.857;18708.547;-65534.477;-31250.283;22818970;-938.018;57.109;321.568;12719.414;19613.67;-4415.574
7.738271;22822500;153;;;;;;;;;;;;;;
7.740771;22825000;141;;;;;;;;;;;;;;
7.743271;22827500;128;;;;;;;;;;;;;;
7.745771;22830000;150;;;;;;;;;;;;;;
7.748271;22832500;123;;;;;;;;;;;;;;
7.750771;22835000;127;;;;;;;;;;;;;;
7.753271;22837500;29;;;;;;;;;;;;;;
7.755771;22840000;264;;;;;;;;;;;;;;
7.758271;22842500;216;;;;;;;;;;;;;;
7.760771;22845000;182;;;;;;;;;;;;;;
7.763271;22847500;137;;;;;;;;;;;;;;
7.765771;22850000;123;22850127;-127.848;73.263;811.971;19744.932;-61711.316;-26111.645;22849692;-937.599;54.083;303.403;11392.193;20558.861;-4826.545
7.768271;22852500;124;;;;;;;;;;;;;;
7.770771;22855000;154;;;;;;;;;;;;;;
7.773271;22857500;150;;;;;;;;;;;;;;
7.775771;22860000;172;;;;;;;;;;;;;;
7.778271;22862500;154;;;;;;;;;;;;;;
7.780771;22865000;143;;;;;;;;;;;;;;
7.783271;22867500;155;;;;;;;;;;;;;;
7.785771;22870000;411;;;;;;;;;;;;;;
7.788271;22872500;249;;;;;;;;;;;;;;
7.790771;22875000;166;;;;;;;;;;;;;;
7.793271;22877500;153;;;;;;;;;;;;;;
7.795771;22880000;173;22881028;-97.355;70.564;813.157;19010.123;-57587.562;-22227.438;22880596;-948.145;47.066;286.537;9804.959;20623.793;-4779.03
7.798271;22882500;172;;;;;;;;;;;;;;
7.800771;22885000;140;;;;;;;;;;;;;;
7.803271;22887500;135;;;;;;;;;;;;;;
7.805771;22890000;143;;;;;;;;;;;;;;
7.808271;22892500;142;;;;;;;;;;;;;;
7.810771;22895000;152;;;;;;;;;;;;;;
7.813271;22897500;141;;;;;;;;;;;;;;
7.815771;22900000;155;;;;;;;;;;;;;;
7.818271;22902500;315;;;;;;;;;;;;;;
7.820771;22905000;217;;;;;;;;;;;;;;
7.823271;22907500;170;;;;;;;;;;;;;;
7.825771;22910000;125;;;;;;;;;;;;;;
7.828271;22912500;143;22913317;-70.173;61.57;819.817;17820.742;-53316.059;-18795.564;22912881;-948.952;46.494;276.114;8808.086;19263.166;-4476.641
7.830771;22915000;153;;;;;;;;;;;;;;
7.833271;22917500;140;;;;;;;;;;;;;;
7.835771;22920000;171;;;;;;;;;;;;;;
7.838271;22922500;172;;;;;;;;;;;;;;
7.840771;22925000;0;;;;;;;;;;;;;;
7.843271;22927500;272;;;;;;;;;;;;;;
7.845771;22930000;167;;;;;;;;;;;;;;
7.848271;22932500;155;;;;;;;;;;;;;;
7.850771;22935000;155;;;;;;;;;;;;;;
7.853271;22937500;143;;;;;;;;;;;;;;
7.855771;22940000;172;;;;;;;;;;;;;;
7.858271;22942500;152;;;;;;;;;;;;;;
7.860771;22945000;166;22945606;-44.613;55.509;824.857;18162.143;-48734.441;-15927.723;22945166;-951.561;44.523;267.201;8412.744;18433.445;-4275.997
7.863271;22947500;155;;;;;;;;;;;;;;
7.865771;22950000;125;;;;;;;;;;;;;;
7.868271;22952500;141;;;;;;;;;;;;;;
7.870771;22955000;135;;;;;;;;;;;;;;
7.873271;22957500;315;;;;;;;;;;;;;;
7.875771;22960000;236;;;;;;;;;;;;;;
7.878271;22962500;181;;;;;;;;;;;;;;
7.880771;22965000;172;;;;;;;;;;;;;;
7.883271;22967500;137;;;;;;;;;;;;;;
7.885771;22970000;143;;;;;;;;;;;;;;
7.888271;22972500;124;;;;;;;;;;;;;;
7.890771;22975000;153;;;;;;;;;;;;;;
7.893271;22977500;141;22977880;-18.172;49.976;832.633;18407.723;-44539.406;-13638.586;22977453;-957.095;45.89;256.708;7670.982;17072.961;-3999.634
7.895771;22980000;153;;;;;;;;;;;;;;
7.898271;22982500;172;;;;;;;;;;;;;;
7.900771;22985000;139;;;;;;;;;;;;;;
7.903271;22987500;363;;;;;;;;;;;;;;
7.905771;22990000;214;;;;;;;;;;;;;;
7.908271;22992500;153;;;;;;;;;;;;;;
7.910771;22995000;155;;;;;;;;;;;;;;
7.913271;22997500;169;;;;;;;;;;;;;;
7.915771;23000000;156;;;;;;;;;;;;;;
7.918271;23002500;154;;;;;;;;;;;;;;
7.920771;23005000;144;;;;;;;;;;;;;;
7.923271;23007500;155;;;;;;;;;;;;;;
7.925771;23010000;141;23010179;1.342;41.524;841.296;17755.523;-41965.059;-12186.656;23009739;-959.242;43.846;248.844;6982.058;15571.812;-3694.653
7.928271;23012500;142;;;;;;;;;;;;;;
7.930771;23015000;137;;;;;;;;;;;;;;
7.933271;23017500;142;;;;;;;;;;;;;;
7.935771;23020000;380;;;;;;;;;;;;;;
7.938271;23022500;254;;;;;;;;;;;;;;
7.940771;23025000;190;;;;;;;;;;;;;;
7.943271;23027500;141;;;;;;;;;;;;;;
7.945771;23030000;124;;;;;;;;;;;;;;
7.948271;23032500;142;;;;;;;;;;;;;;
7.950771;23035000;136;;;;;;;;;;;;;;
7.953271;23037500;142;;;;;;;;;;;;;;
7.955771;23040000;153;23040736;17.489;27.858;847.983;16921.996;-40132.367;-9810.261;23040300;-957.756;42.635;241.605;6512.205;14490.472;-3471.42
7.958271;23042500;156;;;;;;;;;;;;;;
7.960771;23045000;144;;;;;;;;;;;;;;
7.963271;23047500;155;;;;;;;;;;;;;;
7.965771;23050000;142;;;;;;;;;;;;;;
7.968271;23052500;332;;;;;;;;;;;;;;
7.970771;23055000;207;;;;;;;;;;;;;;
7.973271;23057500;171;;;;;;;;;;;;;;
7.975771;23060000;184;;;;;;;;;;;;;;
7.978271;23062500;157;;;;;;;;;;;;;;
7.980771;23065000;152;;;;;;;;;;;;;;
7.983271;23067500;157;;;;;;;;;;;;;;
7.985771;23070000;125;;;;;;;;;;;;;;
7.988271;23072500;152;23072846;36.671;18.76;850.632;17894.584;-39204.625;-6306.248;23072414;-959.114;32.391;235.619;6834.094;16676.199;-3851.724
7.990771;23075000;138;;;;;;;;;;;;;;
7.993271;23077500;142;;;;;;;;;;;;;;
7.995771;23080000;171;;;;;;;;;;;;;;
7.998271;23082500;156;;;;;;;;;;;;;;
8.000771;23085000;328;;;;;;;;;;;;;;
8.003271;23087500;201;;;;;;;;;;;;;;
8.005771;23090000;142;;;;;;;;;;;;;;
8.008271;23092500;154;;;;;;;;;;;;;;
8.010771;23095000;138;;;;;;;;;;;;;;
8.013271;23097500;169;;;;;;;;;;;;;;
8.015771;23100000;173;;;;;;;;;;;;;;
8.018271;23102500;174;;;;;;;;;;;;;;
8.020771;23105000;170;23104961;57.42;18.274;852.453;19090.23;-39350.52;-3929.436;23104526;-963.362;32.894;224.356;6669.14;15867.326;-3706.825
8.023271;23107500;137;;;;;;;;;;;;;;
8.025771;23110000;152;;;;;;;;;;;;;;
8.028271;23112500;126;;;;;;;;;;;;;;
8.030771;23115000;136;;;;;;;;;;;;;;
8.033271;23117500;333;;;;;;;;;;;;;;
8.035771;23120000;217;;;;;;;;;;;;;;
8.038271;23122500;191;;;;;;;;;;;;;;
8.040771;23125000;152;;;;;;;;;;;;;;
8.043271;23127500;156;;;;;;;;;;;;;;
8.045771;23130000;142;;;;;;;;;;;;;;
8.048271;23132500;124;;;;;;;;;;;;;;
8.050771;23135000;152;;;;;;;;;;;;;;
8.053271;23137500;142;23137077;74.831;18.8;854.562;20915.594;-40738.18;-3046.964;23136637;-962.121;34.22;214.95;6353.62;14906.835;-3530.234
8.055771;23140000;171;;;;;;;;;;;;;;
8.058271;23142500;172;;;;;;;;;;;;;;
8.060771;23145000;142;;;;;;;;;;;;;;
8.063271;23147500;361;;;;;;;;;;;;;;
8.065771;23150000;202;;;;;;;;;;;;;;
8.068271;23152500;152;;;;;;;;;;;;;;
8.070771;23155000;139;;;;;;;;;;;;;;
8.073271;23157500;141;;;;;;;;;;;;;;
8.075771;23160000;170;;;;;;;;;;;;;;
8.078271;23162500;153;;;;;;;;;;;;;;
8.080771;23165000;167;;;;;;;;;;;;;;
8.083271;23167500;127;;;;;;;;23168577;-960.777;32.649;209.339;6009.251;14113.806;-3407.097
8.085771;23170000;125;23169005;95.978;18.976;854.766;22015.752;-42921.832;-2555.99;;;;;;;
8.088271;23172500;142;;;;;;;;;;;;;;
8.090771;23175000;138;;;;;;;;;;;;;;
8.093271;23177500;168;;;;;;;;;;;;;;
8.095771;23180000;328;;;;;;;;;;;;;;
8.098271;23182500;219;;;;;;;;;;;;;;
8.100771;23185000;187;;;;;;;;;;;;;;
8.103271;23187500;141;;;;;;;;;;;;;;
8.105771;23190000;142;;;;;;;;;;;;;;
8.108271;23192500;124;;;;;;;;;;;;;;
8.110771;23195000;137;;;;;;;;;;;;;;
8.113271;23197500;168;;;;;;;;;;;;;;
8.115771;23200000;155;23199493;122.557;12.214;866.848;19414.777;-39972.051;-1942.566;23199053;-960.861;30.071;199.72;5206.102;13132.053;-3166.742
8.118271;23202500;155;;;;;;;;;;;;;;
8.120771;23205000;141;;;;;;;;;;;;;;
8.123271;23207500;137;;;;;;;;;;;;;;
8.125771;23210000;142;;;;;;;;;;;;;;
8.128271;23212500;285;;;;;;;;;;;;;;
8.130771;23215000;189;;;;;;;;;;;;;;
8.133271;23217500;160;;;;;;;;;;;;;;
8.135771;23220000;157;;;;;;;;;;;;;;
8.138271;23222500;172;;;;;;;;23223443;-963.564;31.142;190.874;5663.296;12466.263;-3047.343
8.140771;23225000;171;23223871;140.805;6.29;867.456;16936.852;-36952.762;-2094.812;;;;;;;
8.143271;23227500;136;;;;;;;;;;;;;;
8.145771;23230000;124;;;;;;;;;;;;;;
8.148271;23232500;125;;;;;;;;;;;;;;
8.150771;23235000;128;;;;;;;;;;;;;;
8.153271;23237500;168;;;;;;;;;;;;;;
8.155771;23240000;156;;;;;;;;;;;;;;
8.158271;23242500;0;;;;;;;;;;;;;;
8.160771;23245000;299;;;;;;;;;;;;;;
8.163271;23247500;203;;;;;;;;;;;;;;
8.165771;23250000;158;;;;;;;;;;;;;;
8.168271;23252500;136;;;;;;;;;;;;;;
8.170771;23255000;138;23254336;156.835;5.042;868.638;14910.946;-34043.75;-1943.259;23253898;-965.266;29.774;184.417;5556.006;12021.012;-2983.788
8.173271;23257500;167;;;;;;;;;;;;;;
8.175771;23260000;153;;;;;;;;;;;;;;
8.178271;23262500;155;;;;;;;;;;;;;;
8.180771;23265000;168;;;;;;;;;;;;;;
8.183271;23267500;137;;;;;;;;;;;;;;
8.185771;23270000;152;;;;;;;;;;;;;;
8.188271;23272500;126;;;;;;;;;;;;;;
8.190771;23275000;27;;;;;;;;;;;;;;
8.193271;23277500;252;;;;;;;;;;;;;;
8.195771;23280000;188;;;;;;;;;;;;;;
8.198271;23282500;186;;;;;;;;;;;;;;
8.200771;23285000;152;23284884;171.831;4.748;870.041;12967.523;-31004.125;-1544.221;23284461;-966.132;28.688;179.015;5382.331;11348.648;-2844.223
8.203271;23287500;153;;;;;;;;;;;;;;
8.205771;23290000;141;;;;;;;;;;;;;;
8.208271;23292500;127;;;;;;;;;;;;;;
8.210771;23295000;153;;;;;;;;;;;;;;
8.213271;23297500;166;;;;;;;;;;;;;;
8.215771;23300000;171;;;;;;;;;;;;;;
8.218271;23302500;154;;;;;;;;;;;;;;
8.220771;23305000;60;;;;;;;;;;;;;;
8.223271;23307500;282;;;;;;;;;;;;;;
8.225771;23310000;186;;;;;;;;;;;;;;
8.228271;23312500;156;;;;;;;;;;;;;;
8.230771;23315000;159;;;;;;;;;;;;;;
8.233271;23317500;150;23316932;186.292;2.119;872.716;10103.21;-28282.293;-1236.448;23316487;-967.546;27.449;173.566;5246.214;10786.466;-2720.387
8.235771;23320000;171;;;;;;;;;;;;;;
8.238271;23322500;153;;;;;;;;;;;;;;
8.240771;23325000;167;;;;;;;;;;;;;;
8.243271;23327500;137;;;;;;;;;;;;;;
8.245771;23330000;379;;;;;;;;;;;;;;
8.248271;23332500;232;;;;;;;;;;;;;;
8.250771;23335000;167;;;;;;;;;;;;;;
8.253271;23337500;173;;;;;;;;;;;;;;
8.255771;23340000;158;;;;;;;;;;;;;;
8.258271;23342500;174;;;;;;;;;;;;;;
8.260771;23345000;142;;;;;;;;;;;;;;
8.263271;23347500;136;;;;;;;;23348598;-968.347;27.04;168.127;5183.841;10269.455;-2604.493
8.265771;23350000;143;23349028;197.412;0.201;875.428;6469.05;-25636.615;-472.0;;;;;;;
8.268271;23352500;124;;;;;;;;;;;;;;
8.270771;23355000;138;;;;;;;;;;;;;;
8.273271;23357500;142;;;;;;;;;;;;;;
8.275771;23360000;18;;;;;;;;;;;;;;
8.278271;23362500;297;;;;;;;;;;;;;;
8.280771;23365000;190;;;;;;;;;;;;;;
8.283271;23367500;152;;;;;;;;;;;;;;
8.285771;23370000;135;;;;;;;;;;;;;;
8.288271;23372500;137;;;;;;;;;;;;;;
8.290771;23375000;156;;;;;;;;;;;;;;
8.293271;23377500;151;;;;;;;;;;;;;;
8.295771;23380000;156;23380887;208.507;-3.414;878.45;1721.597;-22881.721;1043.475;23380449;-969.956;26.548;163.203;5104.462;9764.732;-2494.393
8.298271;23382500;156;;;;;;;;;;;;;;
8.300771;23385000;150;;;;;;;;;;;;;;
8.303271;23387500;138;;;;;;;;;;;;;;
8.305771;23390000;126;;;;;;;;;;;;;;
8.308271;23392500;304;;;;;;;;;;;;;;
8.310771;23395000;189;;;;;;;;;;;;;;
8.313271;23397500;168;;;;;;;;;;;;;;
8.315771;23400000;160;;;;;;;;;;;;;;
8.318271;23402500;180;;;;;;;;;;;;;;
8.320771;23405000;169;;;;;;;;;;;;;;
8.323271;23407500;136;;;;;;;;;;;;;;
8.325771;23410000;143;;;;;;;;;;;;;;
8.328271;23412500;124;23412819;218.572;-10.514;880.607;-2364.983;-19637.635;3348.988;23412389;-970.203;26.032;158.148;4966.489;9264.246;-2383.674
8.330771;23415000;154;;;;;;;;;;;;;;
8.333271;23417500;149;;;;;;;;;;;;;;
8.335771;23420000;152;;;;;;;;;;;;;;
8.338271;23422500;347;;;;;;;;;;;;;;
8.340771;23425000;269;;;;;;;;;;;;;;
8.343271;23427500;201;;;;;;;;;;;;;;
8.345771;23430000;139;;;;;;;;;;;;;;
8.348271;23432500;126;;;;;;;;;;;;;;
8.350771;23435000;156;;;;;;;;;;;;;;
8.353271;23437500;152;;;;;;;;;;;;;;
8.355771;23440000;173;;;;;;;;;;;;;;
8.358271;23442500;152;;;;;;;;;;;;;;
8.360771;23445000;167;;;;;;;;;;;;;;
8.363271;23447500;156;;;;;;;;;;;;;;
8.365771;23450000;151;;;;;;;;;;;;;;
8.368271;23452500;125;;;;;;;;;;;;;;
8.370771;23455000;28;23454325;227.108;-20.908;882.625;-6069.171;-16798.127;5634.602;23453879;-970.969;24.797;154.285;4797.789;8765.158;-2278.927
8.373271;23457500;280;;;;;;;;;;;;;;
8.375771;23460000;215;;;;;;;;;;;;;;
8.378271;23462500;186;;;;;;;;;;;;;;
8.380771;23465000;153;;;;;;;;;;;;;;
8.383271;23467500;138;;;;;;;;;;;;;;
8.385771;23470000;123;;;;;;;;;;;;;;
8.388271;23472500;152;;;;;;;;;;;;;;
8.390771;23475000;138;;;;;;;;;;;;;;
8.393271;23477500;170;;;;;;;;;;;;;;
8.395771;23480000;154;;;;;;;;;;;;;;
8.398271;23482500;154;;;;;;;;;;;;;;
8.400771;23485000;168;;;;;;;;23485993;-971.916;23.655;150.176;4643.649;8317.713;-2175.481
8.403271;23487500;350;23486415;233.053;-35.124;884.171;-8447.588;-14370.096;7123.872;;;;;;;
8.405771;23490000;220;;;;;;;;;;;;;;
8.408271;23492500;168;;;;;;;;;;;;;;
8.410771;23495000;140;;;;;;;;;;;;;;
8.413271;23497500;143;;;;;;;;;;;;;;
8.415771;23500000;157;;;;;;;;;;;;;;
8.418271;23502500;171;;;;;;;;;;;;;;
8.420771;23505000;168;;;;;;;;;;;;;;
8.423271;23507500;126;;;;;;;;;;;;;;
8.425771;23510000;124;;;;;;;;;;;;;;
8.428271;23512500;124;;;;;;;;;;;;;;
8.430771;23515000;155;;;;;;;;;;;;;;
8.433271;23517500;142;23516996;236.656;-48.929;888.341;-10152.334;-12487.841;7710.053;23516556;-972.224;23.473;146.15;4477.967;7912.765;-2087.27
8.435771;23520000;329;;;;;;;;;;;;;;
8.438271;23522500;222;;;;;;;;;;;;;;
8.440771;23525000;171;;;;;;;;;;;;;;
8.443271;23527500;158;;;;;;;;;;;;;;
8.445771;23530000;127;;;;;;;;;;;;;;
8.448271;23532500;126;;;;;;;;;;;;;;
8.450771;23535000;135;;;;;;;;;;;;;;
8.453271;23537500;143;;;;;;;;;;;;;;
8.455771;23540000;170;;;;;;;;;;;;;;
8.458271;23542500;172;;;;;;;;;;;;;;
8.460771;23545000;141;;;;;;;;;;;;;;
8.463271;23547500;137;;;;;;;;23548581;-972.962;22.202;142.978;4318.381;7485.626;-1994.281
8.465771;23550000;126;23549009;239.244;-65.082;889.564;-10909.092;-11101.323;7811.925;;;;;;;
8.468271;23552500;149;;;;;;;;;;;;;;
8.470771;23555000;154;;;;;;;;;;;;;;
8.473271;23557500;143;;;;;;;;;;;;;;
8.475771;23560000;252;;;;;;;;;;;;;;
8.478271;23562500;268;;;;;;;;;;;;;;
8.480771;23565000;205;;;;;;;;;;;;;;
8.483271;23567500;168;;;;;;;;;;;;;;
8.485771;23570000;124;;;;;;;;;;;;;;
8.488271;23572500;124;;;;;;;;;;;;;;
8.490771;23575000;136;;;;;;;;;;;;;;
8.493271;23577500;167;;;;;;;;;;;;;;
8.495771;23580000;152;23581133;242.58;-76.937;890.232;-11153.762;-9956.944;8118.266;23580694;-973.62;21.445;139.398;4166.337;7109.595;-1913.817
8.498271;23582500;172;;;;;;;;;;;;;;
8.500771;23585000;142;;;;;;;;;;;;;;
8.503271;23587500;153;;;;;;;;;;;;;;
8.505771;23590000;124;;;;;;;;;;;;;;
8.508271;23592500;398;;;;;;;;;;;;;;
8.510771;23595000;236;;;;;;;;;;;;;;
8.513271;23597500;183;;;;;;;;;;;;;;
8.515771;23600000;175;;;;;;;;;;;;;;
8.518271;23602500;155;;;;;;;;;;;;;;
8.520771;23605000;160;;;;;;;;;;;;;;
8.523271;23607500;137;;;;;;;;;;;;;;
8.525771;23610000;142;;;;;;;;;;;;;;
8.528271;23612500;141;23613228;244.725;-90.28;892.904;-11991.698;-8698.284;8068.915;23612806;-973.751;20.58;136.509;4011.395;6753.24;-1840.001
8.530771;23615000;134;;;;;;;;;;;;;;
8.533271;23617500;166;;;;;;;;;;;;;;
8.535771;23620000;168;;;;;;;;;;;;;;
8.538271;23622500;0;;;;;;;;;;;;;;
8.540771;23625000;285;;;;;;;;;;;;;;
8.543271;23627500;173;;;;;;;;;;;;;;
8.545771;23630000;155;;;;;;;;;;;;;;
8.548271;23632500;124;;;;;;;;;;;;;;
8.550771;23635000;136;;;;;;;;;;;;;;
8.553271;23637500;168;;;;;;;;;;;;;;
8.555771;23640000;153;;;;;;;;;;;;;;
8.558271;23642500;152;;;;;;;;;;;;;;
8.560771;23645000;159;23645362;246.019;-105.878;894.076;-12379.551;-7416.37;7973.907;23644917;-975.181;20.113;133.423;3823.95;6349.953;-1762.876
8.563271;23647500;134;;;;;;;;;;;;;;
8.565771;23650000;142;;;;;;;;;;;;;;
8.568271;23652500;124;;;;;;;;;;;;;;
8.570771;23655000;21;;;;;;;;;;;;;;
8.573271;23657500;278;;;;;;;;;;;;;;
8.575771;23660000;190;;;;;;;;;;;;;;
8.578271;23662500;186;;;;;;;;;;;;;;
8.580771;23665000;142;;;;;;;;;;;;;;
8.583271;23667500;152;;;;;;;;;;;;;;
8.585771;23670000;122;;;;;;;;;;;;;;
8.588271;23672500;142;;;;;;;;;;;;;;
8.590771;23675000;128;23675991;246.125;-119.988;895.824;-12531.011;-6492.989;8035.024;23675568;-975.557;20.388;129.442;3688.315;6005.331;-1684.795
8.593271;23677500;143;;;;;;;;;;;;;;
8.595771;23680000;170;;;;;;;;;;;;;;
8.598271;23682500;154;;;;;;;;;;;;;;
8.600771;23685000;142;;;;;;;;;;;;;;
8.603271;23687500;378;;;;;;;;;;;;;;
8.605771;23690000;217;;;;;;;;;;;;;;
8.608271;23692500;174;;;;;;;;;;;;;;
8.610771;23695000;139;;;;;;;;;;;;;;
8.613271;23697500;169;;;;;;;;;;;;;;
8.615771;23700000;153;;;;;;;;;;;;;;
8.618271;23702500;144;;;;;;;;;;;;;;
8.620771;23705000;158;;;;;;;;;;;;;;
8.623271;23707500;127;23708207;246.153;-132.71;896.758;-12363.397;-5902.777;7922.022;23707767;-976.33;20.223;127.264;3566.899;5645.126;-1612.805
8.625771;23710000;141;;;;;;;;;;;;;;
8.628271;23712500;124;;;;;;;;;;;;;;
8.630771;23715000;137;;;;;;;;;;;;;;
8.633271;23717500;168;;;;;;;;;;;;;;
8.635771;23720000;349;;;;;;;;;;;;;;
8.638271;23722500;233;;;;;;;;;;;;;;
8.640771;23725000;171;;;;;;;;;;;;;;
8.643271;23727500;140;;;;;;;;;;;;;;
8.645771;23730000;152;;;;;;;;;;;;;;
8.648271;23732500;126;;;;;;;;;;;;;;
8.650771;23735000;154;;;;;;;;;;;;;;
8.653271;23737500;142;;;;;;;;;;;;;;
8.655771;23740000;151;23740400;247.333;-145.564;897.56;-12051.04;-5594.076;7579.296;23739965;-975.612;19.12;123.756;3432.304;5230.308;-1518.165
8.658271;23742500;169;;;;;;;;;;;;;;
8.660771;23745000;142;;;;;;;;;;;;;;
8.663271;23747500;127;;;;;;;;;;;;;;
8.665771;23750000;122;;;;;;;;;;;;;;
8.668271;23752500;315;;;;;;;;;;;;;;
8.670771;23755000;219;;;;;;;;;;;;;;
8.673271;23757500;185;;;;;;;;;;;;;;
8.675771;23760000;156;;;;;;;;;;;;;;
8.678271;23762500;154;;;;;;;;;;;;;;
8.680771;23765000;158;;;;;;;;;;;;;;
8.683271;23767500;135;;;;;;;;;;;;;;
8.685771;23770000;141;;;;;;;;;;;;;;
8.688271;23772500;123;23772597;248.166;-159.861;896.919;-11647.551;-5269.31;7205.144;23772165;-975.369;18.969;121.752;3360.002;4937.292;-1452.756
8.690771;23775000;136;;;;;;;;;;;;;;
8.693271;23777500;165;;;;;;;;;;;;;;
8.695771;23780000;171;;;;;;;;;;;;;;
8.698271;23782500;384;;;;;;;;;;;;;;
8.700771;23785000;231;;;;;;;;;;;;;;
8.703271;23787500;158;;;;;;;;;;;;;;
8.705771;23790000;153;;;;;;;;;;;;;;
8.708271;23792500;144;;;;;;;;;;;;;;
8.710771;23795000;135;;;;;;;;;;;;;;
8.713271;23797500;159;;;;;;;;;;;;;;
8.715771;23800000;170;;;;;;;;;;;;;;
8.718271;23802500;169;;;;;;;;;;;;;;
8.720771;23805000;140;23804794;248.958;-171.022;898.391;-11163.173;-5020.282;6848.824;23804364;-975.553;18.899;119.581;3252.814;4698.74;-1402.431
8.723271;23807500;137;;;;;;;;;;;;;;
8.725771;23810000;126;;;;;;;;;;;;;;
8.728271;23812500;125;;;;;;;;;;;;;;
8.730771;23815000;365;;;;;;;;;;;;;;
8.733271;23817500;223;;;;;;;;;;;;;;
8.735771;23820000;184;;;;;;;;;;;;;;
8.738271;23822500;157;;;;;;;;;;;;;;
8.740771;23825000;142;;;;;;;;;;;;;;
8.743271;23827500;153;;;;;;;;;;;;;;
8.745771;23830000;123;;;;;;;;;;;;;;
8.748271;23832500;143;;;;;;;;;;;;;;
8.750771;23835000;135;23835458;249.735;-181.497;899.154;-10660.576;-4942.955;6381.258;23835013;-975.874;18.454;117.238;3179.861;4444.553;-1344.997
8.753271;23837500;143;;;;;;;;;;;;;;
8.755771;23840000;172;;;;;;;;;;;;;;
8.758271;23842500;153;;;;;;;;;;;;;;
8.760771;23845000;167;;;;;;;;;;;;;;
8.763271;23847500;316;;;;;;;;;;;;;;
8.765771;23850000;188;;;;;;;;;;;;;;
8.768271;23852500;150;;;;;;;;;;;;;;
8.770771;23855000;139;;;;;;;;;;;;;;
8.773271;23857500;169;;;;;;;;;;;;;;
8.775771;23860000;154;;;;;;;;;;;;;;
8.778271;23862500;152;;;;;;;;;;;;;;
8.780771;23865000;143;;;;;;;;;;;;;;
8.783271;23867500;127;23867635;250.668;-191.35;899.532;-10127.547;-4780.245;6016.257;23867213;-976.43;17.922;114.956;3082.555;4209.2;-1292.185
8.785771;23870000;142;;;;;;;;;;;;;;
8.788271;23872500;125;;;;;;;;;;;;;;
8.790771;23875000;136;;;;;;;;;;;;;;
8.793271;23877500;143;;;;;;;;;;;;;;
8.795771;23880000;314;;;;;;;;;;;;;;
8.798271;23882500;235;;;;;;;;;;;;;;
8.800771;23885000;168;;;;;;;;;;;;;;
8.803271;23887500;139;;;;;;;;;;;;;;
8.805771;23890000;127;;;;;;;;;;;;;;
8.808271;23892500;126;;;;;;;;;;;;;;
8.810771;23895000;137;;;;;;;;;;;;;;
8.813271;23897500;168;;;;;;;;;;;;;;
8.815771;23900000;154;23899852;251.506;-200.973;900.067;-9591.856;-4548.67;5723.757;23899412;-976.902;17.734;112.887;2997.99;4004.428;-1249.013
8.818271;23902500;154;;;;;;;;;;;;;;
8.820771;23905000;142;;;;;;;;;;;;;;
8.823271;23907500;155;;;;;;;;;;;;;;
8.825771;23910000;126;;;;;;;;;;;;;;
8.828271;23912500;299;;;;;;;;;;;;;;
8.830771;23915000;186;;;;;;;;;;;;;;
8.833271;23917500;167;;;;;;;;;;;;;;
8.835771;23920000;175;;;;;;;;;;;;;;
8.838271;23922500;172;;;;;;;;;;;;;;
8.840771;23925000;150;;;;;;;;;;;;;;
8.843271;23927500;137;;;;;;;;;;;;;;
8.845771;23930000;139;;;;;;;;;;;;;;
8.848271;23932500;127;23931958;252.412;-210.274;900.68;-9066.764;-4337.424;5418.756;23931523;-977.296;17.335;111.073;2930.341;3802.894;-1203.187
8.850771;23935000;138;;;;;;;;;;;;;;
8.853271;23937500;152;;;;;;;;;;;;;;
8.855771;23940000;153;;;;;;;;;;;;;;
8.858271;23942500;351;;;;;;;;;;;;;;
8.860771;23945000;216;;;;;;;;;;;;;;
8.863271;23947500;157;;;;;;;;;;;;;;
8.865771;23950000;137;;;;;;;;;;;;;;
8.868271;23952500;126;;;;;;;;;;;;;;
8.870771;23955000;157;;;;;;;;;;;;;;
8.873271;23957500;152;;;;;;;;;;;;;;
8.875771;23960000;156;;;;;;;;;;;;;;
8.878271;23962500;171;;;;;;;;23963463;-977.573;16.999;109.283;2866.511;3600.062;-1159.215
8.880771;23965000;158;23963895;253.315;-218.75;900.92;-8513.676;-4105.678;5158.756;;;;;;;
8.883271;23967500;151;;;;;;;;;;;;;;
8.885771;23970000;123;;;;;;;;;;;;;;
8.888271;23972500;151;;;;;;;;;;;;;;
8.890771;23975000;329;;;;;;;;;;;;;;
8.893271;23977500;224;;;;;;;;;;;;;;
8.895771;23980000;190;;;;;;;;;;;;;;
8.898271;23982500;158;;;;;;;;;;;;;;
8.900771;23985000;160;;;;;;;;;;;;;;
8.903271;23987500;135;;;;;;;;;;;;;;
8.905771;23990000;142;;;;;;;;;;;;;;
8.908271;23992500;151;;;;;;;;;;;;;;
8.910771;23995000;139;23994369;253.941;-226.838;901.551;-8000.054;-3836.519;4979.13;23993939;-977.854;16.521;107.449;2803.685;3405.183;-1120.067
8.913271;23997500;143;;;;;;;;;;;;;;
8.915771;24000000;155;;;;;;;;;;;;;;
8.918271;24002500;154;;;;;;;;;;;;;;
8.920771;24005000;168;;;;;;;;;;;;;;
8.923271;24007500;282;;;;;;;;;;;;;;
8.925771;24010000;174;;;;;;;;;;;;;;
8.928271;24012500;142;;;;;;;;;;;;;;
8.930771;24015000;141;;;;;;;;;;;;;;
8.933271;24017500;153;24017109;254.573;-234.601;902.016;-7596.114;-3573.818;4802.799;24016672;-978.25;16.213;105.736;2744.876;3230.987;-1080.688
8.935771;24020000;156;;;;;;;;;;;;;;
8.938271;24022500;172;;;;;;;;;;;;;;
8.940771;24025000;143;;;;;;;;;;;;;;
8.943271;24027500;154;;;;;;;;;;;;;;
8.945771;24030000;127;;;;;;;;;;;;;;
8.948271;24032500;135;;;;;;;;;;;;;;
8.950771;24035000;157;;;;;;;;;;;;;;
8.953271;24037500;0;;;;;;;;;;;;;;
8.955771;24040000;285;;;;;;;;;;;;;;
8.958271;24042500;202;;;;;;;;;;;;;;
8.960771;24045000;159;;;;;;;;;;;;;;
8.963271;24047500;158;;;;;;;;24048435;-978.54;15.933;104.177;2692.507;3058.937;-1042.404
8.965771;24050000;150;24048865;255.233;-241.879;902.397;-7246.058;-3322.939;4660.659;;;;;;;
8.968271;24052500;150;;;;;;;;;;;;;;
8.970771;24055000;137;;;;;;;;;;;;;;
8.973271;24057500;142;;;;;;;;;;;;;;
8.975771;24060000;170;;;;;;;;;;;;;;
8.978271;24062500;152;;;;;;;;;;;;;;
8.980771;24065000;141;;;;;;;;;;;;;;
8.983271;24067500;134;;;;;;;;;;;;;;
8.985771;24070000;30;;;;;;;;;;;;;;
8.988271;24072500;251;;;;;;;;;;;;;;
8.990771;24075000;170;;;;;;;;;;;;;;
8.993271;24077500;154;;;;;;;;;;;;;;
8.995771;24080000;154;24079264;255.892;-248.597;902.691;-6869.755;-3084.167;4545.75;24078827;-978.907;15.631;102.634;2649.757;2886.74;-1004.721
8.998271;24082500;156;;;;;;;;;;;;;;
9.000771;24085000;160;;;;;;;;;;;;;;
9.003271;24087500;135;;;;;;;;;;;;;;
9.005771;24090000;143;;;;;;;;;;;;;;
9.008271;24092500;125;;;;;;;;;;;;;;
9.010771;24095000;137;;;;;;;;;;;;;;
9.013271;24097500;160;;;;;;;;;;;;;;
9.015771;24100000;1;;;;;;;;;;;;;;
9.018271;24102500;272;;;;;;;;;;;;;;
9.020771;24105000;188;;;;;;;;;;;;;;
9.023271;24107500;170;;;;;;;;;;;;;;
9.025771;24110000;126;24111195;256.468;-255.09;903.697;-6624.705;-2802.646;4590.15;24110765;-979.176;15.392;101.321;2599.519;2733.216;-971.548
9.028271;24112500;153;;;;;;;;;;;;;;
9.030771;24115000;156;;;;;;;;;;;;;;
9.033271;24117500;168;;;;;;;;;;;;;;
9.035771;24120000;170;;;;;;;;;;;;;;
9.038271;24122500;0;;;;;;;;;;;;;;
9.040771;24125000;300;;;;;;;;;;;;;;
9.043271;24127500;201;;;;;;;;;;;;;;
9.045771;24130000;158;;;;;;;;;;;;;;
9.048271;24132500;153;;;;;;;;;;;;;;
9.050771;24135000;139;;;;;;;;;;;;;;
9.053271;24137500;168;;;;;;;;;;;;;;
9.055771;24140000;154;;;;;;;;;;;;;;
9.058271;24142500;170;24143229;256.766;-261.532;903.878;-6653.094;-2305.952;4672.143;24142789;-979.371;15.098;99.994;2558.793;2583.867;-938.283
9.060771;24145000;159;;;;;;;;;;;;;;
9.063271;24147500;137;;;;;;;;;;;;;;
9.065771;24150000;125;;;;;;;;;;;;;;
9.068271;24152500;144;;;;;;;;;;;;;;
9.070771;24155000;4;;;;;;;;;;;;;;
9.073271;24157500;270;;;;;;;;;;;;;;
9.075771;24160000;189;;;;;;;;;;;;;;
9.078271;24162500;159;;;;;;;;;;;;;;
9.080771;24165000;151;;;;;;;;;;;;;;
9.083271;24167500;135;;;;;;;;;;;;;;
9.085771;24170000;142;;;;;;;;;;;;;;
9.088271;24172500;125;;;;;;;;;;;;;;
9.090771;24175000;137;24175156;257.317;-266.225;902.409;-7334.564;-1673.967;4570.66;24174729;-979.636;14.85;98.831;2517.916;2456.862;-911.494
9.093271;24177500;143;;;;;;;;;;;;;;
9.095771;24180000;173;;;;;;;;;;;;;;
9.098271;24182500;170;;;;;;;;;;;;;;
9.100771;24185000;4;;;;;;;;;;;;;;
9.103271;24187500;268;;;;;;;;;;;;;;
9.105771;24190000;167;;;;;;;;;;;;;;
9.108271;24192500;138;;;;;;;;;;;;;;
9.110771;24195000;140;;;;;;;;;;;;;;
9.113271;24197500;150;;;;;;;;;;;;;;
9.115771;24200000;171;;;;;;;;;;;;;;
9.118271;24202500;154;;;;;;;;;;;;;;
9.120771;24205000;159;;;;;;;;;;;;;;
9.123271;24207500;136;24207107;257.383;-270.683;903.234;-8664.898;-538.518;4710.064;24206668;-980.131;14.974;97.842;2477.77;2344.081;-879.482
9.125771;24210000;125;;;;;;;;;;;;;;
9.128271;24212500;152;;;;;;;;;;;;;;
9.130771;24215000;137;;;;;;;;;;;;;;
9.133271;24217500;410;;;;;;;;;;;;;;
9.135771;24220000;252;;;;;;;;;;;;;;
9.138271;24222500;188;;;;;;;;;;;;;;
9.140771;24225000;173;;;;;;;;;;;;;;
9.143271;24227500;156;;;;;;;;;;;;;;
9.145771;24230000;124;;;;;;;;;;;;;;
9.148271;24232500;124;;;;;;;;;;;;;;
9.150771;24235000;136;;;;;;;;;;;;;;
9.153271;24237500;168;24237399;256.031;-275.796;904.493;-10714.903;869.158;4610.624;24236969;-980.76;15.073;96.86;2470.256;2282.877;-860.007
9.155771;24240000;173;;;;;;;;;;;;;;
9.158271;24242500;153;;;;;;;;;;;;;;
9.160771;24245000;141;;;;;;;;;;;;;;
9.163271;24247500;136;;;;;;;;;;;;;;
9.165771;24250000;360;;;;;;;;;;;;;;
9.168271;24252500;204;;;;;;;;;;;;;;
9.170771;24255000;166;;;;;;;;;;;;;;
9.173271;24257500;156;;;;;;;;;;;;;;
9.175771;24260000;157;;;;;;;;;;;;;;
9.178271;24262500;174;;;;;;;;;;;;;;
9.180771;24265000;167;;;;;;;;;;;;;;
9.183271;24267500;128;;;;;;;;;;;;;;
9.185771;24270000;127;24269259;253.758;-283.747;903.573;-12638.783;2509.2;4186.717;24268822;-981.828;15.545;95.214;2460.056;2215.546;-839.757
9.188271;24272500;135;;;;;;;;;;;;;;
9.190771;24275000;156;;;;;;;;;;;;;;
9.193271;24277500;152;;;;;;;;;;;;;;
9.195771;24280000;154;;;;;;;;;;;;;;
9.198271;24282500;316;;;;;;;;;;;;;;
9.200771;24285000;222;;;;;;;;;;;;;;
9.203271;24287500;152;;;;;;;;;;;;;;
9.205771;24290000;135;;;;;;;;;;;;;;
9.208271;24292500;151;;;;;;;;;;;;;;
9.210771;24295000;156;;;;;;;;;;;;;;
9.213271;24297500;170;;;;;;;;;;;;;;
9.215771;24300000;156;24301104;249.195;-296.82;903.003;-12955.781;3982.365;3298.819;24300674;-980.365;13.987;95.266;2488.428;2101.268;-836.707
9.218271;24302500;171;;;;;;;;;;;;;;
9.220771;24305000;159;;;;;;;;;;;;;;
9.223271;24307500;153;;;;;;;;;;;;;;
9.225771;24310000;144;;;;;;;;;;;;;;
9.228271;24312500;110;;;;;;;;;;;;;;
9.230771;24315000;297;;;;;;;;;;;;;;
9.233271;24317500;219;;;;;;;;;;;;;;
9.235771;24320000;190;;;;;;;;;;;;;;
9.238271;24322500;174;;;;;;;;;;;;;;
9.240771;24325000;142;;;;;;;;;;;;;;
9.243271;24327500;136;;;;;;;;;;;;;;
9.245771;24330000;152;;;;;;;;;;;;;;
9.248271;24332500;137;24333051;245.983;-311.04;898.217;-13253.867;5045.434;2668.378;24332611;-980.074;15.374;93.26;2629.132;1976.08;-813.684
9.250771;24335000;155;;;;;;;;;;;;;;
9.253271;24337500;144;;;;;;;;;;;;;;
9.255771;24340000;155;;;;;;;;;;;;;;
9.258271;24342500;154;;;;;;;;;;;;;;
9.260771;24345000;314;;;;;;;;;;;;;;
9.263271;24347500;202;;;;;;;;;;;;;;
9.265771;24350000;138;;;;;;;;;;;;;;
9.268271;24352500;135;;;;;;;;;;;;;;
9.270771;24355000;157;;;;;;;;;;;;;;
9.273271;24357500;151;;;;;;;;;;;;;;
9.275771;24360000;172;;;;;;;;;;;;;;
9.278271;24362500;152;;;;;;;;;;;;;;
9.280771;24365000;158;24364979;240.528;-324.438;897.836;-12903.111;5213.6;2548.084;24364551;-980.974;14.776;92.043;2530.925;1984.901;-820.687
9.283271;24367500;125;;;;;;;;;;;;;;
9.285771;24370000;140;;;;;;;;;;;;;;
9.288271;24372500;124;;;;;;;;;;;;;;
9.290771;24375000;23;;;;;;;;;;;;;;
9.293271;24377500;286;;;;;;;;;;;;;;
9.295771;24380000;200;;;;;;;;;;;;;;
9.298271;24382500;186;;;;;;;;;;;;;;
9.300771;24385000;152;;;;;;;;;;;;;;
9.303271;24387500;138;;;;;;;;;;;;;;
9.305771;24390000;152;;;;;;;;;;;;;;
9.308271;24392500;152;;;;;;;;;;;;;;
9.310771;24395000;156;24395380;238.402;-330.994;896.815;-12135.019;4870.669;2366.43;24394941;-981.354;14.751;90.9;2515.066;1865.531;-784.903
9.313271;24397500;143;;;;;;;;;;;;;;
9.315771;24400000;155;;;;;;;;;;;;;;
9.318271;24402500;172;;;;;;;;;;;;;;
9.320771;24405000;167;;;;;;;;;;;;;;
9.323271;24407500;375;;;;;;;;;;;;;;
9.325771;24410000;217;;;;;;;;;;;;;;
9.328271;24412500;155;;;;;;;;;;;;;;
9.330771;24415000;168;;;;;;;;;;;;;;
9.333271;24417500;171;;;;;;;;;;;;;;
9.335771;24420000;173;24419493;235.675;-338.289;896.834;-11484.955;4607.886;2232.796;24419070;-981.909;14.331;89.618;2468.5;1773.129;-763.158
9.338271;24422500;153;;;;;;;;;;;;;;
9.340771;24425000;142;;;;;;;;;;;;;;
9.343271;24427500;151;;;;;;;;;;;;;;
9.345771;24430000;124;;;;;;;;;;;;;;
9.348271;24432500;150;;;;;;;;;;;;;;
9.350771;24435000;135;;;;;;;;;;;;;;
9.353271;24437500;143;;;;;;;;;;;;;;
9.355771;24440000;336;;;;;;;;;;;;;;
9.358271;24442500;222;;;;;;;;;;;;;;
9.360771;24445000;186;;;;;;;;;;;;;;
9.363271;24447500;138;;;;;;;;;;;;;;
9.365771;24450000;125;24449883;233.029;-345.354;896.467;-10890.582;4374.866;2128.156;24449438;-982.01;14.023;88.633;2420.325;1689.723;-743.812
9.368271;24452500;126;;;;;;;;;;;;;;
9.370771;24455000;138;;;;;;;;;;;;;;
9.373271;24457500;144;;;;;;;;;;;;;;
9.375771;24460000;173;;;;;;;;;;;;;;
9.378271;24462500;169;;;;;;;;;;;;;;
9.380771;24465000;140;;;;;;;;;;;;;;
9.383271;24467500;127;;;;;;;;;;;;;;
9.385771;24470000;143;;;;;;;;;;;;;;
9.388271;24472500;294;;;;;;;;;;;;;;
9.390771;24475000;216;;;;;;;;;;;;;;
9.393271;24477500;168;;;;;;;;;;;;;;
9.395771;24480000;159;24480250;230.637;-351.858;896.461;-10318.49;4148.686;2023.935;24479828;-981.978;13.871;87.843;2389.434;1583.799;-720.622
9.398271;24482500;154;;;;;;;;;;;;;;
9.400771;24485000;142;;;;;;;;;;;;;;
9.403271;24487500;154;;;;;;;;;;;;;;
9.405771;24490000;124;;;;;;;;;;;;;;
9.408271;24492500;151;;;;;;;;;;;;;;
9.410771;24495000;138;;;;;;;;;;;;;;
9.413271;24497500;143;;;;;;;;;;;;;;
9.415771;24500000;172;;;;;;;;;;;;;;
9.418271;24502500;348;;;;;;;;;;;;;;
9.420771;24505000;233;;;;;;;;;;;;;;
9.423271;24507500;154;;;;;;;;;;;;;;
9.425771;24510000;135;;;;;;;;;;;;;;
9.428271;24512500;151;24512212;228.396;-357.89;896.326;-9770.19;3933.814;1922.739;24511767;-982.149;13.653;86.977;2356.15;1490.609;-703.403
9.430771;24515000;139;;;;;;;;;;;;;;
9.433271;24517500;151;;;;;;;;;;;;;;
9.435771;24520000;171;;;;;;;;;;;;;;
9.438271;24522500;154;;;;;;;;;;;;;;
9.440771;24525000;285;;;;;;;;;;;;;;
9.443271;24527500;265;;;;;;;;;;;;;;
9.445771;24530000;170;;;;;;;;;;;;;;
9.448271;24532500;157;;;;;;;;;;;;;;
9.450771;24535000;157;;;;;;;;;;;;;;
9.453271;24537500;152;;;;;;;;;;;;;;
9.455771;24540000;155;;;;;;;;;;;;;;
9.458271;24542500;173;;;;;;;;24543617;-982.354;13.556;86.154;2312.28;1410.391;-685.733
9.460771;24545000;159;24544047;226.4;-363.67;895.954;-9254.556;3730.123;1827.477;;;;;;;
9.463271;24547500;152;;;;;;;;;;;;;;
9.465771;24550000;126;;;;;;;;;;;;;;
9.468271;24552500;126;;;;;;;;;;;;;;
9.470771;24555000;156;;;;;;;;;;;;;;
9.473271;24557500;301;;;;;;;;;;;;;;
9.475771;24560000;233;;;;;;;;;;;;;;
9.478271;24562500;171;;;;;;;;;;;;;;
9.480771;24565000;153;;;;;;;;;;;;;;
9.483271;24567500;154;;;;;;;;;;;;;;
9.485771;24570000;125;;;;;;;;;;;;;;
9.488271;24572500;125;;;;;;;;;;;;;;
9.490771;24575000;138;24575821;224.499;-369.118;895.705;-8764.703;3534.867;1735.228;24575383;-982.469;13.421;85.408;2277.166;1337.684;-669.821
9.493271;24577500;151;;;;;;;;;;;;;;
9.495771;24580000;171;;;;;;;;;;;;;;
9.498271;24582500;169;;;;;;;;;;;;;;
9.500771;24585000;140;;;;;;;;;;;;;;
9.503271;24587500;302;;;;;;;;;;;;;;
9.505771;24590000;186;;;;;;;;;;;;;;
9.508271;24592500;159;;;;;;;;;;;;;;
9.510771;24595000;158;;;;;;;;;;;;;;
9.513271;24597500;143;;;;;;;;;;;;;;
9.515771;24600000;153;;;;;;;;;;;;;;
9.518271;24602500;151;;;;;;;;;;;;;;
9.520771;24605000;157;;;;;;;;;;;;;;
9.523271;24607500;127;24607665;222.595;-374.348;895.206;-8302.405;3348.936;1650.216;24607235;-982.445;13.238;84.926;2242.495;1261.175;-653.83
9.525771;24610000;122;;;;;;;;;;;;;;
9.528271;24612500;123;;;;;;;;;;;;;;
9.530771;24615000;138;;;;;;;;;;;;;;
9.533271;24617500;168;;;;;;;;;;;;;;
9.535771;24620000;295;;;;;;;;;;;;;;
9.538271;24622500;203;;;;;;;;;;;;;;
9.540771;24625000;156;;;;;;;;;;;;;;
9.543271;24627500;155;;;;;;;;;;;;;;
9.545771;24630000;123;;;;;;;;;;;;;;
9.548271;24632500;151;;;;;;;;;;;;;;
9.550771;24635000;137;;;;;;;;;;;;;;
9.553271;24637500;140;24637977;220.908;-379.274;894.908;-7864.535;3176.677;1571.206;24637537;-982.507;13.107;84.297;2213.932;1185.866;-634.701
9.555771;24640000;171;;;;;;;;;;;;;;
9.558271;24642500;152;;;;;;;;;;;;;;
9.560771;24645000;139;;;;;;;;;;;;;;
9.563271;24647500;152;;;;;;;;;;;;;;
9.565771;24650000;28;;;;;;;;;;;;;;
9.568271;24652500;256;;;;;;;;;;;;;;
9.570771;24655000;172;;;;;;;;;;;;;;
9.573271;24657500;156;;;;;;;;;;;;;;
9.575771;24660000;172;;;;;;;;;;;;;;
9.578271;24662500;173;;;;;;;;;;;;;;
9.580771;24665000;158;;;;;;;;;;;;;;
9.583271;24667500;127;;;;;;;;;;;;;;
9.585771;24670000;123;24669817;219.268;-383.954;894.547;-7447.245;3014.343;1494.395;24669389;-982.688;12.909;83.559;2182.423;1120.448;-621.341
9.588271;24672500;144;;;;;;;;;;;;;;
9.590771;24675000;156;;;;;;;;;;;;;;
9.593271;24677500;166;;;;;;;;;;;;;;
9.595771;24680000;169;;;;;;;;;;;;;;
9.598271;24682500;350;;;;;;;;;;;;;;
9.600771;24685000;238;;;;;;;;;;;;;;
9.603271;24687500;172;;;;;;;;;;;;;;
9.605771;24690000;152;;;;;;;;;;;;;;
9.608271;24692500;151;;;;;;;;;;;;;;
9.610771;24695000;156;;;;;;;;;;;;;;
9.613271;24697500;142;;;;;;;;;;;;;;
9.615771;24700000;153;;;;;;;;24701241;-982.768;12.886;82.986;2152.49;1057.425;-606.461
9.618271;24702500;170;24701681;217.62;-388.382;894.471;-7046.883;2854.875;1420.113;;;;;;;
9.620771;24705000;140;;;;;;;;;;;;;;
9.623271;24707500;152;;;;;;;;;;;;;;
9.625771;24710000;123;;;;;;;;;;;;;;
9.628271;24712500;125;;;;;;;;;;;;;;
9.630771;24715000;312;;;;;;;;;;;;;;
9.633271;24717500;208;;;;;;;;;;;;;;
9.635771;24720000;201;;;;;;;;;;;;;;
9.638271;24722500;183;;;;;;;;;;;;;;
9.640771;24725000;167;;;;;;;;;;;;;;
9.643271;24727500;137;;;;;;;;;;;;;;
9.645771;24730000;124;;;;;;;;;;;;;;
9.648271;24732500;144;24733348;216.114;-392.649;894.18;-6666.539;2707.319;1351.732;24732918;-982.966;12.687;82.424;2122.74;996.242;-591.013
9.650771;24735000;135;;;;;;;;;;;;;;
9.653271;24737500;143;;;;;;;;;;;;;;
9.655771;24740000;154;;;;;;;;;;;;;;
9.658271;24742500;153;;;;;;;;;;;;;;
9.660771;24745000;330;;;;;;;;;;;;;;
9.663271;24747500;200;;;;;;;;;;;;;;
9.665771;24750000;141;;;;;;;;;;;;;;
9.668271;24752500;127;;;;;;;;;;;;;;
9.670771;24755000;124;;;;;;;;;;;;;;
9.673271;24757500;168;;;;;;;;;;;;;;
9.675771;24760000;171;;;;;;;;;;;;;;
9.678271;24762500;171;;;;;;;;;;;;;;
9.680771;24765000;139;24765122;214.617;-396.703;893.946;-6305.211;2564.953;1285.896;24764684;-983.167;12.534;81.908;2096.228;936.804;-577.65
9.683271;24767500;126;;;;;;;;;;;;;;
9.685771;24770000;141;;;;;;;;;;;;;;
9.688271;24772500;141;;;;;;;;;;;;;;
9.690771;24775000;137;;;;;;;;;;;;;;
9.693271;24777500;298;;;;;;;;;;;;;;
9.695771;24780000;207;;;;;;;;;;;;;;
9.698271;24782500;190;;;;;;;;;;;;;;
9.700771;24785000;170;;;;;;;;;;;;;;
9.703271;24787500;126;;;;;;;;;;;;;;
9.705771;24790000;124;;;;;;;;;;;;;;
9.708271;24792500;124;;;;;;;;;;;;;;
9.710771;24795000;154;24795331;213.329;-400.615;893.742;-5968.513;2428.83;1226.413;24794901;-983.327;12.469;81.381;2067.104;878.589;-564.08
9.713271;24797500;167;;;;;;;;;;;;;;
9.715771;24800000;170;;;;;;;;;;;;;;
9.718271;24802500;171;;;;;;;;;;;;;;
9.720771;24805000;157;;;;;;;;;;;;;;
9.723271;24807500;0;;;;;;;;;;;;;;
9.725771;24810000;253;;;;;;;;;;;;;;
9.728271;24812500;185;;;;;;;;;;;;;;
9.730771;24815000;168;;;;;;;;;;;;;;
9.733271;24817500;169;;;;;;;;;;;;;;
9.735771;24820000;154;24819289;212.038;-404.209;893.615;-5643.837;2302.139;1167.28;24818857;-983.443;12.388;80.935;2040.311;828.097;-553.814
9.738271;24822500;153;;;;;;;;;;;;;;
9.740771;24825000;139;;;;;;;;;;;;;;
9.743271;24827500;128;;;;;;;;;;;;;;
9.745771;24830000;143;;;;;;;;;;;;;;
9.748271;24832500;124;;;;;;;;;;;;;;
9.750771;24835000;156;;;;;;;;;;;;;;
9.753271;24837500;167;;;;;;;;;;;;;;
9.755771;24840000;362;;;;;;;;;;;;;;
9.758271;24842500;251;;;;;;;;;;;;;;
9.760771;24845000;170;;;;;;;;;;;;;;
9.763271;24847500;157;;;;;;;;;;;;;;
9.765771;24850000;150;24849313;210.763;-407.691;893.269;-5338.896;2182.219;1113.291;24848877;-983.485;12.263;80.414;2020.108;777.942;-542.311
9.768271;24852500;123;;;;;;;;;;;;;;
9.770771;24855000;156;;;;;;;;;;;;;;
9.773271;24857500;142;;;;;;;;;;;;;;
9.775771;24860000;152;;;;;;;;;;;;;;
9.778271;24862500;171;;;;;;;;;;;;;;
9.780771;24865000;140;;;;;;;;;;;;;;
9.783271;24867500;151;;;;;;;;;;;;;;
9.785771;24870000;123;;;;;;;;;;;;;;
9.788271;24872500;296;;;;;;;;;;;;;;
9.790771;24875000;219;;;;;;;;;;;;;;
9.793271;24877500;168;;;;;;;;;;;;;;
9.795771;24880000;176;24879523;209.546;-411.024;893.032;-5044.388;2066.983;1059.814;24879094;-983.605;12.034;80.072;1995.665;731.608;-530.945
9.798271;24882500;153;;;;;;;;;;;;;;
9.800771;24885000;159;;;;;;;;;;;;;;
9.803271;24887500;156;;;;;;;;;;;;;;
9.805771;24890000;144;;;;;;;;;;;;;;
9.808271;24892500;126;;;;;;;;;;;;;;
9.810771;24895000;139;;;;;;;;;;;;;;
9.813271;24897500;167;;;;;;;;;;;;;;
9.815771;24900000;154;;;;;;;;;;;;;;
9.818271;24902500;328;;;;;;;;;;;;;;
9.820771;24905000;204;;;;;;;;;;;;;;
9.823271;24907500;152;;;;;;;;;;;;;;
9.825771;24910000;153;24911120;208.341;-414.153;892.917;-4766.356;1955.759;1006.823;24910685;-983.573;11.92;79.734;1976.382;686.715;-522.335
9.828271;24912500;151;;;;;;;;;;;;;;
9.830771;24915000;157;;;;;;;;;;;;;;
9.833271;24917500;144;;;;;;;;;;;;;;
9.835771;24920000;152;;;;;;;;;;;;;;
9.838271;24922500;171;;;;;;;;;;;;;;
9.840771;24925000;0;;;;;;;;;;;;;;
9.843271;24927500;249;;;;;;;;;;;;;;
9.845771;24930000;167;;;;;;;;;;;;;;
9.848271;24932500;139;;;;;;;;;;;;;;
9.850771;24935000;159;;;;;;;;;;;;;;
9.853271;24937500;153;;;;;;;;;;;;;;
9.855771;24940000;171;;;;;;;;;;;;;;
9.858271;24942500;152;24942889;207.354;-417.04;892.807;-4500.914;1852.283;957.357;24942449;-983.633;11.812;79.267;1956.75;645.379;-515.468
9.860771;24945000;140;;;;;;;;;;;;;;
9.863271;24947500;153;;;;;;;;;;;;;;
9.865771;24950000;125;;;;;;;;;;;;;;
9.868271;24952500;124;;;;;;;;;;;;;;
9.870771;24955000;118;;;;;;;;;;;;;;
9.873271;24957500;268;;;;;;;;;;;;;;
9.875771;24960000;219;;;;;;;;;;;;;;
9.878271;24962500;168;;;;;;;;;;;;;;
9.880771;24965000;142;;;;;;;;;;;;;;
9.883271;24967500;127;;;;;;;;;;;;;;
9.885771;24970000;123;;;;;;;;;;;;;;
9.888271;24972500;124;;;;;;;;;;;;;;
9.890771;24975000;155;24974556;206.301;-419.807;892.556;-4250.055;1751.794;912.989;24974128;-983.691;11.728;78.897;1939.413;602.61;-506.32
9.893271;24977500;167;;;;;;;;;;;;;;
9.895771;24980000;175;;;;;;;;;;;;;;
9.898271;24982500;171;;;;;;;;;;;;;;
9.900771;24985000;0;;;;;;;;;;;;;;
9.903271;24987500;282;;;;;;;;;;;;;;
9.905771;24990000;188;;;;;;;;;;;;;;
9.908271;24992500;140;;;;;;;;;;;;;;
9.910771;24995000;159;;;;;;;;;;;;;;
9.913271;24997500;152;;;;;;;;;;;;;;
9.915771;25000000;173;;;;;;;;;;;;;;
9.918271;25002500;153;;;;;;;;;;;;;;
9.920771;25005000;159;25006246;205.356;-422.613;892.263;-4012.177;1659.392;871.277;25005806;-983.825;11.624;78.606;1922.067;564.605;-498.066
9.923271;25007500;151;;;;;;;;;;;;;;
9.925771;25010000;123;;;;;;;;;;;;;;
9.928271;25012500;150;;;;;;;;;;;;;;
9.930771;25015000;138;;;;;;;;;;;;;;
9.933271;25017500;406;;;;;;;;;;;;;;
9.935771;25020000;268;;;;;;;;;;;;;;
9.938271;25022500;186;;;;;;;;;;;;;;
9.940771;25025000;173;;;;;;;;;;;;;;
9.943271;25027500;138;;;;;;;;;;;;;;
9.945771;25030000;128;;;;;;;;;;;;;;
9.948271;25032500;152;;;;;;;;;;;;;;
9.950771;25035000;141;;;;;;;;25035934;-983.897;11.549;78.275;1906.026;526.749;-486.726
9.953271;25037500;170;25036364;204.378;-425.223;892.064;-3789.693;1572.047;828.151;;;;;;;
9.955771;25040000;155;;;;;;;;;;;;;;
9.958271;25042500;153;;;;;;;;;;;;;;
9.960771;25045000;159;;;;;;;;;;;;;;
9.963271;25047500;134;;;;;;;;;;;;;;
9.965771;25050000;314;;;;;;;;;;;;;;
9.968271;25052500;191;;;;;;;;;;;;;;
9.970771;25055000;155;;;;;;;;;;;;;;
9.973271;25057500;173;;;;;;;;;;;;;;
9.975771;25060000;154;;;;;;;;;;;;;;
9.978271;25062500;171;;;;;;;;;;;;;;
9.980771;25065000;157;;;;;;;;;;;;;;
9.983271;25067500;127;25067878;203.535;-427.63;892.064;-3574.396;1487.758;789.368;25067440;-983.868;11.453;77.984;1893.412;491.662;-481.639
9.985771;25070000;124;;;;;;;;;;;;;;
9.988271;25072500;125;;;;;;;;;;;;;;
9.990771;25075000;158;;;;;;;;;;;;;;
9.993271;25077500;151;;;;;;;;;;;;;;
9.995771;25080000;269;;;;;;;;;;;;;;
9.998271;25082500;281;;;;;;;;;;;;;;
10.000771;25085000;188;;;;;;;;;;;;;;
10.003271;25087500;168;;;;;;;;;;;;;;
10.005771;25090000;135;;;;;;;;;;;;;;
10.008271;25092500;153;;;;;;;;;;;;;;
10.010771;25095000;138;;;;;;;;;;;;;;
10.013271;25097500;153;;;;;;;;;;;;;;
10.015771;25100000;171;25099548;202.838;-429.776;892.009;-3368.989;1405.057;752.088;25099118;-983.853;11.393;77.696;1882.304;456.579;-476.37
10.018271;25102500;173;;;;;;;;;;;;;;
10.020771;25105000;140;;;;;;;;;;;;;;
10.023271;25107500;136;;;;;;;;;;;;;;
10.025771;25110000;126;;;;;;;;;;;;;;
10.028271;25112500;397;;;;;;;;;;;;;;
10.030771;25115000;263;;;;;;;;;;;;;;
10.033271;25117500;186;;;;;;;;;;;;;;
10.035771;25120000;170;;;;;;;;;;;;;;
10.038271;25122500;155;;;;;;;;;;;;;;
10.040771;25125000;159;;;;;;;;;;;;;;
10.043271;25127500;128;;;;;;;;;;;;;;
10.045771;25130000;143;25131061;202.139;-431.882;891.872;-3175.164;1329.117;716.233;25130621;-983.887;11.336;77.337;1870.876;424.562;-469.176
10.048271;25132500;126;;;;;;;;;;;;;;
10.050771;25135000;139;;;;;;;;;;;;;;
10.053271;25137500;171;;;;;;;;;;;;;;
10.055771;25140000;157;;;;;;;;;;;;;;
10.058271;25142500;5;;;;;;;;;;;;;;
10.060771;25145000;240;;;;;;;;;;;;;;
10.063271;25147500;185;;;;;;;;;;;;;;
10.065771;25150000;137;;;;;;;;;;;;;;
10.068271;25152500;155;;;;;;;;;;;;;;
10.070771;25155000;168;;;;;;;;;;;;;;
10.073271;25157500;172;;;;;;;;;;;;;;
10.075771;25160000;174;;;;;;;;;;;;;;
10.078271;25162500;153;25162729;201.468;-433.981;891.71;-2991.906;1257.411;683.484;25162301;-984.054;11.324;77.045;1855.645;397.647;-463.655
10.080771;25165000;159;;;;;;;;;;;;;;
10.083271;25167500;153;;;;;;;;;;;;;;
10.085771;25170000;143;;;;;;;;;;;;;;
10.088271;25172500;144;;;;;;;;;;;;;;
10.090771;25175000;329;;;;;;;;;;;;;;
10.093271;25177500;238;;;;;;;;;;;;;;
10.095771;25180000;175;;;;;;;;;;;;;;
10.098271;25182500;184;;;;;;;;;;;;;;
10.100771;25185000;167;;;;;;;;;;;;;;
10.103271;25187500;136;;;;;;;;;;;;;;
10.105771;25190000;125;;;;;;;;;;;;;;
10.108271;25192500;152;25192869;200.874;-436.053;891.441;-2820.436;1187.54;650.622;25192429;-984.231;11.227;76.731;1839.425;369.889;-457.972
10.110771;25195000;139;;;;;;;;;;;;;;
10.113271;25197500;169;;;;;;;;;;;;;;
10.115771;25200000;157;;;;;;;;;;;;;;
10.118271;25202500;173;;;;;;;;;;;;;;
10.120771;25205000;0;;;;;;;;;;;;;;
10.123271;25207500;267;;;;;;;;;;;;;;
10.125771;25210000;189;;;;;;;;;;;;;;
10.128271;25212500;142;;;;;;;;;;;;;;
10.130771;25215000;168;25215156;200.249;-438.016;891.229;-2654.914;1122.913;622.904;25214729;-984.204;11.246;76.487;1827.517;341.77;-452.136
10.133271;25217500;155;;;;;;;;;;;;;;
10.135771;25220000;156;;;;;;;;;;;;;;
10.138271;25222500;176;;;;;;;;;;;;;;
10.140771;25225000;141;;;;;;;;;;;;;;
10.143271;25227500;135;;;;;;;;;;;;;;
10.145771;25230000;153;;;;;;;;;;;;;;
10.148271;25232500;127;;;;;;;;;;;;;;
10.150771;25235000;141;;;;;;;;;;;;;;
10.153271;25237500;378;;;;;;;;;;;;;;
10.155771;25240000;249;;;;;;;;;;;;;;
10.158271;25242500;187;;;;;;;;;;;;;;
10.160771;25245000;154;;;;;;;;;;;;;;
10.163271;25247500;127;25246846;199.686;-439.857;891.087;-2498.106;1058.018;595.258;25246406;-984.281;11.11;76.25;1821.016;315.494;-448.779
10.165771;25250000;124;;;;;;;;;;;;;;
10.168271;25252500;143;;;;;;;;;;;;;;
10.170771;25255000;157;;;;;;;;;;;;;;
10.173271;25257500;168;;;;;;;;;;;;;;
10.175771;25260000;154;;;;;;;;;;;;;;
10.178271;25262500;152;;;;;;;;;;;;;;
10.180771;25265000;140;;;;;;;;;;;;;;
10.183271;25267500;127;;;;;;;;;;;;;;
10.185771;25270000;319;;;;;;;;;;;;;;
10.188271;25272500;186;;;;;;;;;;;;;;
10.190771;25275000;156;;;;;;;;;;;;;;
10.193271;25277500;155;25276790;199.309;-441.574;890.941;-2350.888;999.867;570.308;25276363;-984.191;10.988;75.908;1809.59;289.657;-444.278
10.195771;25280000;155;;;;;;;;;;;;;;
10.198271;25282500;153;;;;;;;;;;;;;;
10.200771;25285000;138;;;;;;;;;;;;;;
10.203271;25287500;125;;;;;;;;;;;;;;
10.205771;25290000;148;;;;;;;;;;;;;;
10.208271;25292500;124;;;;;;;;;;;;;;
10.210771;25295000;157;;;;;;;;;;;;;;
10.213271;25297500;149;;;;;;;;;;;;;;
10.215771;25300000;331;;;;;;;;;;;;;;
10.218271;25302500;245;;;;;;;;;;;;;;
10.220771;25305000;168;;;;;;;;;;;;;;
10.223271;25307500;158;25308307;198.865;-443.206;890.893;-2207.531;942.873;545.293;25307867;-984.226;10.994;75.638;1797.86;268.174;-437.376
10.225771;25310000;124;;;;;;;;;;;;;;
10.228271;25312500;125;;;;;;;;;;;;;;
10.230771;25315000;139;;;;;;;;;;;;;;
10.233271;25317500;168;;;;;;;;;;;;;;
10.235771;25320000;172;;;;;;;;;;;;;;
10.238271;25322500;317;;;;;;;;;;;;;;
10.240771;25325000;220;;;;;;;;;;;;;;
10.243271;25327500;153;;;;;;;;;;;;;;
10.245771;25330000;135;;;;;;;;;;;;;;
10.248271;25332500;153;;;;;;;;;;;;;;
10.250771;25335000;138;;;;;;;;;;;;;;
10.253271;25337500;170;;;;;;;;;;;;;;
10.255771;25340000;155;25339888;198.499;-444.763;890.781;-2067.405;887.855;517.153;25339458;-984.352;11.066;75.382;1788.03;247.328;-431.695
10.258271;25342500;154;;;;;;;;;;;;;;
10.260771;25345000;158;;;;;;;;;;;;;;
10.263271;25347500;153;;;;;;;;;;;;;;
10.265771;25350000;152;;;;;;;;;;;;;;
10.268271;25352500;0;;;;;;;;;;;;;;
10.270771;25355000;266;;;;;;;;;;;;;;
10.273271;25357500;208;;;;;;;;;;;;;;
10.275771;25360000;186;;;;;;;;;;;;;;
10.278271;25362500;174;;;;;;;;;;;;;;
10.280771;25365000;140;;;;;;;;;;;;;;
10.283271;25367500;154;;;;;;;;;;;;;;
10.285771;25370000;142;;;;;;;;25371050;-984.526;10.995;75.334;1779.566;228.399;-424.985
10.288271;25372500;144;25371488;198.017;-446.315;890.62;-1939.534;839.087;496.108;;;;;;;
10.290771;25375000;158;;;;;;;;;;;;;;
10.293271;25377500;152;;;;;;;;;;;;;;
10.295771;25380000;173;;;;;;;;;;;;;;
10.298271;25382500;19;;;;;;;;;;;;;;
10.300771;25385000;256;;;;;;;;;;;;;;
10.303271;25387500;189;;;;;;;;;;;;;;
10.305771;25390000;139;;;;;;;;;;;;;;
10.308271;25392500;155;;;;;;;;;;;;;;
10.310771;25395000;142;;;;;;;;;;;;;;
10.313271;25397500;154;;;;;;;;;;;;;;
10.315771;25400000;173;;;;;;;;;;;;;;
10.318271;25402500;154;25402898;197.474;-447.71;890.46;-1818.495;791.883;473.49;25402468;-984.6;11.018;75.252;1771.963;206.916;-419.924
10.320771;25405000;159;;;;;;;;;;;;;;
10.323271;25407500;153;;;;;;;;;;;;;;
10.325771;25410000;124;;;;;;;;;;;;;;
10.328271;25412500;133;;;;;;;;;;;;;;
10.330771;25415000;359;;;;;;;;;;;;;;
10.333271;25417500;253;;;;;;;;;;;;;;
10.335771;25420000;204;;;;;;;;;;;;;;
10.338271;25422500;159;;;;;;;;;;;;;;
10.340771;25425000;140;;;;;;;;;;;;;;
10.343271;25427500;134;;;;;;;;;;;;;;
10.345771;25430000;143;;;;;;;;;;;;;;
10.348271;25432500;126;25432949;197.079;-449.059;890.357;-1707.445;744.851;452.003;25432509;-984.56;10.907;75.155;1760.365;186.508;-416.427
10.350771;25435000;157;;;;;;;;;;;;;;
10.353271;25437500;152;;;;;;;;;;;;;;
10.355771;25440000;154;;;;;;;;;;;;;;
10.358271;25442500;153;;;;;;;;;;;;;;
10.360771;25445000;139;;;;;;;;;;;;;;
10.363271;25447500;283;;;;;;;;;;;;;;
10.365771;25450000;174;;;;;;;;;;;;;;
10.368271;25452500;141;;;;;;;;;;;;;;
10.370771;25455000;141;25455150;196.534;-450.274;890.186;-1598.448;702.796;430.715;25454722;-984.419;10.862;75.033;1752.846;165.808;-412.231
10.373271;25457500;169;;;;;;;;;;;;;;
10.375771;25460000;154;;;;;;;;;;;;;;
10.378271;25462500;152;;;;;;;;;;;;;;
10.380771;25465000;140;;;;;;;;;;;;;;
10.383271;25467500;126;;;;;;;;;;;;;;
10.385771;25470000;124;;;;;;;;;;;;;;
10.388271;25472500;151;;;;;;;;;;;;;;
10.390771;25475000;139;;;;;;;;;;;;;;
10.393271;25477500;8;;;;;;;;;;;;;;
10.395771;25480000;264;;;;;;;;;;;;;;
10.398271;25482500;200;;;;;;;;;;;;;;
10.400771;25485000;171;;;;;;;;;;;;;;
10.403271;25487500;136;25486753;196.144;-451.361;890.134;-1494.901;663.719;410.492;25486314;-984.541;10.843;74.838;1747.454;150.08;-406.494
10.405771;25490000;135;;;;;;;;;;;;;;
10.408271;25492500;124;;;;;;;;;;;;;;
10.410771;25495000;138;;;;;;;;;;;;;;
10.413271;25497500;142;;;;;;;;;;;;;;
10.415771;25500000;172;;;;;;;;;;;;;;
10.418271;25502500;173;;;;;;;;;;;;;;
10.420771;25505000;141;;;;;;;;;;;;;;
10.423271;25507500;157;;;;;;;;;;;;;;
10.425771;25510000;333;;;;;;;;;;;;;;
10.428271;25512500;208;;;;;;;;;;;;;;
10.430771;25515000;183;;;;;;;;;;;;;;
10.433271;25517500;154;25516779;195.84;-452.474;890.102;-1391.718;623.095;392.155;25516356;-984.541;10.886;74.683;1744.081;133.388;-401.92
10.435771;25520000;172;;;;;;;;;;;;;;
10.438271;25522500;170;;;;;;;;;;;;;;
10.440771;25525000;158;;;;;;;;;;;;;;
10.443271;25527500;152;;;;;;;;;;;;;;
10.445771;25530000;126;;;;;;;;;;;;;;
10.448271;25532500;126;;;;;;;;;;;;;;
10.450771;25535000;141;;;;;;;;;;;;;;
10.453271;25537500;153;;;;;;;;;;;;;;
10.455771;25540000;360;;;;;;;;;;;;;;
10.458271;25542500;222;;;;;;;;;;;;;;
10.460771;25545000;169;;;;;;;;;;;;;;
10.463271;25547500;138;25548219;195.516;-453.622;890.164;-1292.382;583.628;374.735;25547774;-984.547;10.861;74.584;1736.065;117.969;-397.574
10.465771;25550000;125;;;;;;;;;;;;;;
10.468271;25552500;151;;;;;;;;;;;;;;
10.470771;25555000;157;;;;;;;;;;;;;;
10.473271;25557500;171;;;;;;;;;;;;;;
10.475771;25560000;172;;;;;;;;;;;;;;
10.478271;25562500;316;;;;;;;;;;;;;;
10.480771;25565000;220;;;;;;;;;;;;;;
10.483271;25567500;152;;;;;;;;;;;;;;
10.485771;25570000;135;;;;;;;;;;;;;;
10.488271;25572500;143;;;;;;;;;;;;;;
10.490771;25575000;157;;;;;;;;;;;;;;
10.493271;25577500;169;;;;;;;;;;;;;;
10.495771;25580000;155;25579788;195.274;-454.566;890.1;-1200.638;547.884;359.935;25579365;-984.498;10.696;74.472;1732.386;102.883;-396.508
10.498271;25582500;171;;;;;;;;;;;;;;
10.500771;25585000;137;;;;;;;;;;;;;;
10.503271;25587500;153;;;;;;;;;;;;;;
10.505771;25590000;123;;;;;;;;;;;;;;
10.508271;25592500;318;;;;;;;;;;;;;;
10.510771;25595000;282;;;;;;;;;;;;;;
10.513271;25597500;191;;;;;;;;;;;;;;
10.515771;25600000;187;;;;;;;;;;;;;;
10.518271;25602500;154;;;;;;;;;;;;;;
10.520771;25605000;139;;;;;;;;;;;;;;
10.523271;25607500;144;;;;;;;;;;;;;;
10.525771;25610000;125;;;;;;;;25610957;-984.591;10.741;74.372;1727.142;88.989;-390.682
10.528271;25612500;125;25611397;194.953;-455.603;890.052;-1120.919;513.49;341.939;;;;;;;
10.530771;25615000;138;;;;;;;;;;;;;;
10.533271;25617500;144;;;;;;;;;;;;;;
10.535771;25620000;175;;;;;;;;;;;;;;
10.538271;25622500;0;;;;;;;;;;;;;;
10.540771;25625000;251;;;;;;;;;;;;;;
10.543271;25627500;170;;;;;;;;;;;;;;
10.545771;25630000;138;;;;;;;;;;;;;;
10.548271;25632500;154;;;;;;;;;;;;;;
10.550771;25635000;137;;;;;;;;;;;;;;
10.553271;25637500;169;;;;;;;;;;;;;;
10.555771;25640000;155;;;;;;;;;;;;;;
10.558271;25642500;155;25642895;194.703;-456.442;890.073;-1042.123;481.69;327.467;25642460;-984.583;10.753;74.246;1725.66;77.539;-388.211
10.560771;25645000;167;;;;;;;;;;;;;;
10.563271;25647500;153;;;;;;;;;;;;;;
10.565771;25650000;125;;;;;;;;;;;;;;
10.568271;25652500;126;;;;;;;;;;;;;;
10.570771;25655000;349;;;;;;;;;;;;;;
10.573271;25657500;251;;;;;;;;;;;;;;
10.575771;25660000;185;;;;;;;;;;;;;;
10.578271;25662500;167;;;;;;;;;;;;;;
10.580771;25665000;143;;;;;;;;;;;;;;
10.583271;25667500;153;;;;;;;;;;;;;;
10.585771;25670000;125;;;;;;;;;;;;;;
10.588271;25672500;127;25672856;194.387;-457.288;890.167;-960.267;450.606;310.218;25672416;-984.581;10.733;74.072;1722.939;64.475;-388.925
10.590771;25675000;139;;;;;;;;;;;;;;
10.593271;25677500;169;;;;;;;;;;;;;;
10.595771;25680000;172;;;;;;;;;;;;;;
10.598271;25682500;151;;;;;;;;;;;;;;
10.600771;25685000;153;;;;;;;;;;;;;;
10.603271;25687500;285;;;;;;;;;;;;;;
10.605771;25690000;189;;;;;;;;;;;;;;
10.608271;25692500;159;;;;;;;;;;;;;;
10.610771;25695000;139;25694883;194.104;-458.092;890.048;-894.316;424.138;299.957;25694455;-984.591;10.679;73.986;1715.542;53.814;-385.229
10.613271;25697500;153;;;;;;;;;;;;;;
10.615771;25700000;154;;;;;;;;;;;;;;
10.618271;25702500;171;;;;;;;;;;;;;;
10.620771;25705000;166;;;;;;;;;;;;;;
10.623271;25707500;127;;;;;;;;;;;;;;
10.625771;25710000;142;;;;;;;;;;;;;;
10.628271;25712500;149;;;;;;;;;;;;;;
10.630771;25715000;157;;;;;;;;;;;;;;
10.633271;25717500;172;;;;;;;;;;;;;;
10.635771;25720000;256;25720081;193.964;-458.837;889.941;-815.912;395.494;284.522;25719634;-984.637;10.633;73.892;1710.703;41.498;-382.592
10.638271;25722500;206;;;;;;;;;;;;;;
10.640771;25725000;171;;;;;;;;;;;;;;
10.643271;25727500;155;;;;;;;;;;;;;;
10.645771;25730000;150;;;;;;;;;;;;;;
10.648271;25732500;133;;;;;;;;;;;;;;
10.650771;25735000;156;;;;;;;;;;;;;;
10.653271;25737500;169;;;;;;;;;;;;;;
10.655771;25740000;155;;;;;;;;;;;;;;
10.658271;25742500;171;;;;;;;;;;;;;;
10.660771;25745000;137;;;;;;;;;;;;;;
10.663271;25747500;151;25746785;193.775;-459.587;889.95;-752.367;368.719;270.734;25746362;-984.657;10.79;73.814;1706.543;30.673;-379.65
10.665771;25750000;334;;;;;;;;;;;;;;
10.668271;25752500;197;;;;;;;;;;;;;;
10.670771;25755000;158;;;;;;;;;;;;;;
10.673271;25757500;155;;;;;;;;;;;;;;
10.675771;25760000;174;;;;;;;;;;;;;;
10.678271;25762500;170;;;;;;;;;;;;;;
10.680771;25765000;142;;;;;;;;;;;;;;
10.683271;25767500;137;;;;;;;;;;;;;;
10.685771;25770000;126;;;;;;;;;;;;;;
10.688271;25772500;152;;;;;;;;;;;;;;
10.690771;25775000;139;;;;;;;;;;;;;;
10.693271;25777500;154;25778052;193.584;-460.191;889.982;-682.811;342.845;257.634;25777607;-984.669;10.727;73.716;1703.466;21.264;-378.168
10.695771;25780000;330;;;;;;;;;;;;;;
10.698271;25782500;218;;;;;;;;;;;;;;
10.700771;25785000;184;;;;;;;;;;;;;;
10.703271;25787500;157;;;;;;;;;;;;;;
10.705771;25790000;153;;;;;;;;;;;;;;
10.708271;25792500;128;;;;;;;;;;;;;;
10.710771;25795000;139;;;;;;;;;;;;;;
10.713271;25797500;172;;;;;;;;;;;;;;
10.715771;25800000;158;;;;;;;;;;;;;;
10.718271;25802500;316;;;;;;;;;;;;;;
10.720771;25805000;199;;;;;;;;;;;;;;
10.723271;25807500;144;;;;;;;;;;;;;;
10.725771;25810000;127;25809447;193.397;-460.758;890.056;-618.045;319.578;244.753;25809024;-984.699;10.709;73.642;1700.98;13.201;-371.509
10.728271;25812500;151;;;;;;;;;;;;;;
10.730771;25815000;137;;;;;;;;;;;;;;
10.733271;25817500;142;;;;;;;;;;;;;;
10.735771;25820000;153;;;;;;;;;;;;;;
10.738271;25822500;151;;;;;;;;;;;;;;
10.740771;25825000;139;;;;;;;;;;;;;;
10.743271;25827500;304;;;;;;;;;;;;;;
10.745771;25830000;175;;;;;;;;;;;;;;
10.748271;25832500;142;;;;;;;;;;;;;;
10.750771;25835000;142;;;;;;;;;;;;;;
10.753271;25837500;152;;;;;;;;;;;;;;
10.755771;25840000;156;25839250;193.206;-461.388;889.949;-556.518;298.787;232.952;25838805;-984.795;10.722;73.577;1697.306;5.104;-366.059
10.758271;25842500;172;;;;;;;;;;;;;;
10.760771;25845000;159;;;;;;;;;;;;;;
10.763271;25847500;126;;;;;;;;;;;;;;
10.765771;25850000;150;;;;;;;;;;;;;;
10.768271;25852500;6;;;;;;;;;;;;;;
10.770771;25855000;284;;;;;;;;;;;;;;
10.773271;25857500;216;;;;;;;;;;;;;;
10.775771;25860000;171;;;;;;;;;;;;;;
10.778271;25862500;174;;;;;;;;;;;;;;
10.780771;25865000;159;;;;;;;;;;;;;;
10.783271;25867500;126;;;;;;;;;;;;;;
10.785771;25870000;150;25870560;192.946;-461.968;889.829;-508.567;279.472;225.68;25870138;-984.666;10.711;73.583;1693.815;-1.714;-363.506
10.788271;25872500;126;;;;;;;;;;;;;;
10.790771;25875000;155;;;;;;;;;;;;;;
10.793271;25877500;169;;;;;;;;;;;;;;
10.795771;25880000;151;;;;;;;;;;;;;;
10.798271;25882500;172;;;;;;;;;;;;;;
10.800771;25885000;330;;;;;;;;;;;;;;
10.803271;25887500;220;;;;;;;;;;;;;;
10.805771;25890000;167;;;;;;;;;;;;;;
10.808271;25892500;134;;;;;;;;;;;;;;
10.810771;25895000;159;;;;;;;;;;;;;;
10.813271;25897500;152;;;;;;;;;;;;;;
10.815771;25900000;154;;;;;;;;;;;;;;
10.818271;25902500;153;25901995;192.699;-462.55;889.807;-462.139;261.124;215.708;25901555;-984.666;10.639;73.435;1687.875;-9.941;-359.331
10.820771;25905000;158;;;;;;;;;;;;;;
10.823271;25907500;153;;;;;;;;;;;;;;
10.825771;25910000;126;;;;;;;;;;;;;;
10.828271;25912500;151;;;;;;;;;;;;;;
10.830771;25915000;16;;;;;;;;;;;;;;
10.833271;25917500;283;;;;;;;;;;;;;;
10.835771;25920000;220;;;;;;;;;;;;;;
10.838271;25922500;168;;;;;;;;;;;;;;
10.840771;25925000;168;;;;;;;;;;;;;;
10.843271;25927500;154;;;;;;;;;;;;;;
10.845771;25930000;144;;;;;;;;;;;;;;
10.848271;25932500;135;25933407;192.635;-463.017;889.773;-409.719;241.943;207.548;25932972;-984.623;10.54;73.277;1680.918;-17.756;-355.802
10.850771;25935000;141;;;;;;;;;;;;;;
10.853271;25937500;170;;;;;;;;;;;;;;
10.855771;25940000;171;;;;;;;;;;;;;;
10.858271;25942500;150;;;;;;;;;;;;;;
10.860771;25945000;364;;;;;;;;;;;;;;
10.863271;25947500;247;;;;;;;;;;;;;;
10.865771;25950000;185;;;;;;;;;;;;;;
10.868271;25952500;157;;;;;;;;;;;;;;
10.870771;25955000;139;;;;;;;;;;;;;;
10.873271;25957500;151;;;;;;;;;;;;;;
10.875771;25960000;154;;;;;;;;;;;;;;
10.878271;25962500;170;;;;;;;;;;;;;;
10.880771;25965000;139;25964910;192.556;-463.553;889.845;-359.483;223.283;196.296;25964478;-984.594;10.55;73.109;1679.56;-25.619;-355.074
10.883271;25967500;126;;;;;;;;;;;;;;
10.885771;25970000;125;;;;;;;;;;;;;;
10.888271;25972500;126;;;;;;;;;;;;;;
10.890771;25975000;155;;;;;;;;;;;;;;
10.893271;25977500;364;;;;;;;;;;;;;;
10.895771;25980000;232;;;;;;;;;;;;;;
10.898271;25982500;174;;;;;;;;;;;;;;
10.900771;25985000;151;;;;;;;;;;;;;;
10.903271;25987500;153;;;;;;;;;;;;;;
10.905771;25990000;151;;;;;;;;;;;;;;
10.908271;25992500;125;;;;;;;;;;;;;;
10.910771;25995000;141;25994863;192.407;-464.0;889.736;-320.072;206.869;191.293;25994433;-984.653;10.553;73.046;1676.082;-30.025;-352.633
10.913271;25997500;152;;;;;;;;;;;;;;
10.915771;26000000;172;;;;;;;;;;;;;;
10.918271;26002500;151;;;;;;;;;;;;;;
10.920771;26005000;158;;;;;;;;;;;;;;
10.923271;26007500;232;;;;;;;;;;;;;;
10.925771;26010000;264;;;;;;;;;;;;;;
10.928271;26012500;189;;;;;;;;;;;;;;
10.930771;26015000;175;;;;;;;;;;;;;;
10.933271;26017500;156;26016996;192.193;-464.438;889.657;-274.756;187.775;182.166;26016559;-984.751;10.538;73.066;1668.84;-37.711;-353.814
10.935771;26020000;153;;;;;;;;;;;;;;
10.938271;26022500;170;;;;;;;;;;;;;;
10.940771;26025000;140;;;;;;;;;;;;;;
10.943271;26027500;153;;;;;;;;;;;;;;
10.945771;26030000;143;;;;;;;;;;;;;;
10.948271;26032500;153;;;;;;;;;;;;;;
10.950771;26035000;158;;;;;;;;;;;;;;
10.953271;26037500;171;;;;;;;;;;;;;;
10.955771;26040000;365;;;;;;;;;;;;;;
10.958271;26042500;254;;;;;;;;;;;;;;
10.960771;26045000;189;;;;;;;;;;;;;;
10.963271;26047500;157;26048318;192.118;-465.006;889.509;-237.393;175.762;174.808;26047888;-984.783;10.353;72.975;1660.648;-42.826;-353.623
10.965771;26050000;154;;;;;;;;;;;;;;
10.968271;26052500;151;;;;;;;;;;;;;;
10.970771;26055000;138;;;;;;;;;;;;;;
10.973271;26057500;144;;;;;;;;;;;;;;
10.975771;26060000;172;;;;;;;;;;;;;;
10.978271;26062500;153;;;;;;;;;;;;;;
10.980771;26065000;157;;;;;;;;;;;;;;
10.983271;26067500;154;;;;;;;;;;;;;;
10.985771;26070000;152;;;;;;;;;;;;;;
10.988271;26072500;311;;;;;;;;;;;;;;
10.990771;26075000;200;;;;;;;;;;;;;;
10.993271;26077500;190;26078283;191.857;-465.478;889.399;-201.898;161.286;170.005;26077845;-984.722;10.311;72.852;1658.116;-46.809;-352.567
10.995771;26080000;183;;;;;;;;;;;;;;
10.998271;26082500;154;;;;;;;;;;;;;;
11.000771;26085000;166;;;;;;;;;;;;;;
11.003271;26087500;126;;;;;;;;;;;;;;
11.005771;26090000;142;;;;;;;;;;;;;;
11.008271;26092500;126;;;;;;;;;;;;;;
11.010771;26095000;139;;;;;;;;;;;;;;
11.013271;26097500;169;;;;;;;;;;;;;;
11.015771;26100000;153;;;;;;;;;;;;;;
11.018271;26102500;315;;;;;;;;;;;;;;
11.020771;26105000;215;;;;;;;;;;;;;;
11.023271;26107500;143;;;;;;;;;;;;;;
11.025771;26110000;136;26109780;191.701;-465.842;889.477;-164.241;147.972;161.942;26109350;-984.811;10.234;72.876;1653.085;-52.782;-349.814
11.028271;26112500;137;;;;;;;;;;;;;;
11.030771;26115000;157;;;;;;;;;;;;;;
11.033271;26117500;167;;;;;;;;;;;;;;
11.035771;26120000;171;;;;;;;;;;;;;;
11.038271;26122500;0;;;;;;;;;;;;;;
11.040771;26125000;267;;;;;;;;;;;;;;
11.043271;26127500;199;;;;;;;;;;;;;;
11.045771;26130000;138;;;;;;;;;;;;;;
11.048271;26132500;134;;;;;;;;;;;;;;
11.050771;26135000;140;;;;;;;;;;;;;;
11.053271;26137500;152;;;;;;;;;;;;;;
11.055771;26140000;171;;;;;;;;26140853;-984.95;10.259;72.867;1647.431;-60.642;-352.885
11.058271;26142500;153;26141293;191.51;-466.157;889.479;-131.091;134.011;154.72;;;;;;;
11.060771;26145000;157;;;;;;;;;;;;;;
11.063271;26147500;133;;;;;;;;;;;;;;
11.065771;26150000;125;;;;;;;;;;;;;;
11.068271;26152500;125;;;;;;;;;;;;;;
11.070771;26155000;359;;;;;;;;;;;;;;
11.073271;26157500;251;;;;;;;;;;;;;;
11.075771;26160000;176;;;;;;;;;;;;;;
11.078271;26162500;156;;;;;;;;;;;;;;
11.080771;26165000;139;;;;;;;;;;;;;;
11.083271;26167500;124;;;;;;;;;;;;;;
11.085771;26170000;141;;;;;;;;;;;;;;
11.088271;26172500;125;26172787;191.554;-466.383;889.516;-96.537;117.685;146.984;26172359;-984.99;10.21;72.817;1641.184;-66.798;-353.179
11.090771;26175000;137;;;;;;;;;;;;;;
11.093271;26177500;151;;;;;;;;;;;;;;
11.095771;26180000;153;;;;;;;;;;;;;;
11.098271;26182500;151;;;;;;;;;;;;;;
11.100771;26185000;347;;;;;;;;;;;;;;
11.103271;26187500;221;;;;;;;;;;;;;;
11.105771;26190000;151;;;;;;;;;;;;;;
11.108271;26192500;156;;;;;;;;;;;;;;
11.110771;26195000;142;;;;;;;;;;;;;;
11.113271;26197500;152;;;;;;;;;;;;;;
11.115771;26200000;171;;;;;;;;;;;;;;
11.118271;26202500;143;;;;;;;;;;;;;;
11.120771;26205000;157;26204217;191.334;-466.756;889.436;-69.835;103.488;140.947;26203777;-984.846;10.139;72.72;1638.312;-73.083;-353.02
11.123271;26207500;153;;;;;;;;;;;;;;
11.125771;26210000;124;;;;;;;;;;;;;;
11.128271;26212500;152;;;;;;;;;;;;;;
11.130771;26215000;140;;;;;;;;;;;;;;
11.133271;26217500;316;;;;;;;;;;;;;;
11.135771;26220000;230;;;;;;;;;;;;;;
11.138271;26222500;171;;;;;;;;;;;;;;
11.140771;26225000;167;;;;;;;;;;;;;;
11.143271;26227500;127;;;;;;;;;;;;;;
11.145771;26230000;150;;;;;;;;;;;;;;
11.148271;26232500;124;;;;;;;;26233644;-984.836;10.083;72.665;1635.147;-77.304;-349.806
11.150771;26235000;158;26234074;191.167;-467.098;889.299;-44.031;93.939;133.9;;;;;;;
11.153271;26237500;171;;;;;;;;;;;;;;
11.155771;26240000;159;;;;;;;;;;;;;;
11.158271;26242500;172;;;;;;;;;;;;;;
11.160771;26245000;141;;;;;;;;;;;;;;
11.163271;26247500;409;;;;;;;;;;;;;;
11.165771;26250000;248;;;;;;;;;;;;;;
11.168271;26252500;158;;;;;;;;;;;;;;
11.170771;26255000;169;26256035;190.96;-467.405;889.279;-19.517;84.429;128.955;26255597;-984.889;10.079;72.582;1633.452;-81.751;-348.503
11.173271;26257500;156;;;;;;;;;;;;;;
11.175771;26260000;154;;;;;;;;;;;;;;
11.178271;26262500;169;;;;;;;;;;;;;;
11.180771;26265000;139;;;;;;;;;;;;;;
11.183271;26267500;143;;;;;;;;;;;;;;
11.185771;26270000;143;;;;;;;;;;;;;;
11.188271;26272500;124;;;;;;;;;;;;;;
11.190771;26275000;141;;;;;;;;;;;;;;
11.193271;26277500;152;;;;;;;;;;;;;;
11.195771;26280000;327;;;;;;;;;;;;;;
11.198271;26282500;235;;;;;;;;;;;;;;
11.200771;26285000;175;;;;;;;;;;;;;;
11.203271;26287500;136;26287271;190.678;-467.819;889.186;5.522;76.708;126.882;26286841;-984.969;10.124;72.57;1630.967;-87.726;-345.953
11.205771;26290000;125;;;;;;;;;;;;;;
11.208271;26292500;152;;;;;;;;;;;;;;
11.210771;26295000;140;;;;;;;;;;;;;;
11.213271;26297500;154;;;;;;;;;;;;;;
11.215771;26300000;155;;;;;;;;;;;;;;
11.218271;26302500;152;;;;;;;;;;;;;;
11.220771;26305000;139;;;;;;;;;;;;;;
11.223271;26307500;126;;;;;;;;;;;;;;
11.225771;26310000;300;;;;;;;;;;;;;;
11.228271;26312500;249;;;;;;;;;;;;;;
11.230771;26315000;182;;;;;;;;;;;;;;
11.233271;26317500;158;26316882;190.691;-468.157;889.105;25.371;68.498;125.351;26316450;-984.874;10.1;72.534;1627.731;-89.465;-344.405
11.235771;26320000;156;;;;;;;;;;;;;;
11.238271;26322500;169;;;;;;;;;;;;;;
11.240771;26325000;137;;;;;;;;;;;;;;
11.243271;26327500;125;;;;;;;;;;;;;;
11.245771;26330000;143;;;;;;;;;;;;;;
11.248271;26332500;126;;;;;;;;;;;;;;
11.250771;26335000;138;;;;;;;;;;;;;;
11.253271;26337500;151;;;;;;;;;;;;;;
11.255771;26340000;27;;;;;;;;;;;;;;
11.258271;26342500;281;;;;;;;;;;;;;;
11.260771;26345000;174;;;;;;;;;;;;;;
11.263271;26347500;140;26348129;190.66;-468.368;889.167;49.04;57.198;123.458;26347694;-984.937;10.138;72.446;1626.407;-93.741;-342.06
11.265771;26350000;125;;;;;;;;;;;;;;
11.268271;26352500;135;;;;;;;;;;;;;;
11.270771;26355000;158;;;;;;;;;;;;;;
11.273271;26357500;153;;;;;;;;;;;;;;
11.275771;26360000;155;;;;;;;;;;;;;;
11.278271;26362500;376;;;;;;;;;;;;;;
11.280771;26365000;248;;;;;;;;;;;;;;
11.283271;26367500;158;;;;;;;;;;;;;;
11.285771;26370000;154;;;;;;;;;;;;;;
11.288271;26372500;134;;;;;;;;;;;;;;
11.290771;26375000;140;;;;;;;;;;;;;;
11.293271;26377500;168;;;;;;;;;;;;;;
11.295771;26380000;153;26379370;190.728;-468.63;889.007;71.963;46.463;118.16;26378938;-985.051;10.034;72.404;1624.274;-97.367;-339.832
11.298271;26382500;169;;;;;;;;;;;;;;
11.300771;26385000;140;;;;;;;;;;;;;;
11.303271;26387500;126;;;;;;;;;;;;;;
11.305771;26390000;150;;;;;;;;;;;;;;
11.308271;26392500;127;;;;;;;;;;;;;;
11.310771;26395000;311;;;;;;;;;;;;;;
11.313271;26397500;231;;;;;;;;;;;;;;
11.315771;26400000;172;;;;;;;;;;;;;;
11.318271;26402500;184;;;;;;;;;;;;;;
11.320771;26405000;143;;;;;;;;;;;;;;
11.323271;26407500;156;;;;;;;;;;;;;;
11.325771;26410000;125;26410611;190.641;-468.928;888.843;85.865;40.202;116.627;26410181;-985.147;9.898;72.389;1621.373;-102.999;-339.466
11.328271;26412500;126;;;;;;;;;;;;;;
11.330771;26415000;159;;;;;;;;;;;;;;
11.333271;26417500;154;;;;;;;;;;;;;;
11.335771;26420000;175;;;;;;;;;;;;;;
11.338271;26422500;363;;;;;;;;;;;;;;
11.340771;26425000;265;;;;;;;;;;;;;;
11.343271;26427500;190;;;;;;;;;;;;;;
11.345771;26430000;141;;;;;;;;;;;;;;
11.348271;26432500;155;;;;;;;;;;;;;;
11.350771;26435000;144;;;;;;;;;;;;;;
11.353271;26437500;173;;;;;;;;;;;;;;
11.355771;26440000;182;;;;;;;;;;;;;;
11.358271;26442500;153;26441870;190.619;-469.149;889.004;103.009;33.817;112.983;26441425;-985.166;9.848;72.283;1618.617;-107.036;-336.492
11.360771;26445000;160;;;;;;;;;;;;;;
11.363271;26447500;153;;;;;;;;;;;;;;
11.365771;26450000;126;;;;;;;;;;;;;;
11.368271;26452500;136;;;;;;;;;;;;;;
11.370771;26455000;348;;;;;;;;;;;;;;
11.373271;26457500;250;;;;;;;;;;;;;;
11.375771;26460000;203;;;;;;;;;;;;;;
11.378271;26462500;166;;;;;;;;;;;;;;
11.380771;26465000;142;;;;;;;;;;;;;;
11.383271;26467500;137;;;;;;;;;;;;;;
11.385771;26470000;135;;;;;;;;26471034;-985.104;9.807;72.17;1615.998;-111.747;-333.668
11.388271;26472500;137;26471464;190.457;-469.226;889.138;127.171;25.564;106.459;;;;;;;
11.390771;26475000;167;;;;;;;;;;;;;;
11.393271;26477500;155;;;;;;;;;;;;;;
11.395771;26480000;156;;;;;;;;;;;;;;
11.398271;26482500;173;;;;;;;;;;;;;;
11.400771;26485000;281;;;;;;;;;;;;;;
11.403271;26487500;254;;;;;;;;;;;;;;
11.405771;26490000;170;;;;;;;;;;;;;;
11.408271;26492500;141;26493424;190.371;-469.591;889.004;140.5;18.161;100.699;26492987;-985.064;9.884;72.094;1617.448;-116.222;-333.172
11.410771;26495000;168;;;;;;;;;;;;;;
11.413271;26497500;151;;;;;;;;;;;;;;
11.415771;26500000;172;;;;;;;;;;;;;;
11.418271;26502500;144;;;;;;;;;;;;;;
11.420771;26505000;137;;;;;;;;;;;;;;
11.423271;26507500;142;;;;;;;;;;;;;;
11.425771;26510000;144;;;;;;;;;;;;;;
11.428271;26512500;126;;;;;;;;;;;;;;
11.430771;26515000;142;;;;;;;;;;;;;;
11.433271;26517500;345;26518509;190.326;-469.767;889.096;164.1;12.44;97.851;26518079;-985.099;9.817;72.106;1615.326;-121.348;-335.326
11.435771;26520000;250;;;;;;;;;;;;;;
11.438271;26522500;200;;;;;;;;;;;;;;
11.440771;26525000;151;;;;;;;;;;;;;;
11.443271;26527500;135;;;;;;;;;;;;;;
11.445771;26530000;122;;;;;;;;;;;;;;
11.448271;26532500;126;;;;;;;;;;;;;;
11.450771;26535000;158;;;;;;;;;;;;;;
11.453271;26537500;170;;;;;;;;;;;;;;
11.455771;26540000;153;;;;;;;;;;;;;;
11.458271;26542500;174;;;;;;;;;;;;;;
11.460771;26545000;140;26545066;190.301;-470.044;889.183;176.457;9.193;98.209;26544633;-985.235;9.753;72.186;1611.997;-123.156;-333.872
11.463271;26547500;0;;;;;;;;;;;;;;
11.465771;26550000;270;;;;;;;;;;;;;;
11.468271;26552500;171;;;;;;;;;;;;;;
11.470771;26555000;173;;;;;;;;;;;;;;
11.473271;26557500;154;;;;;;;;;;;;;;
11.475771;26560000;174;;;;;;;;;;;;;;
11.478271;26562500;171;;;;;;;;;;;;;;
11.480771;26565000;138;;;;;;;;;;;;;;
11.483271;26567500;153;;;;;;;;;;;;;;
11.485771;26570000;125;;;;;;;;;;;;;;
11.488271;26572500;126;;;;;;;;;;;;;;
11.490771;26575000;138;26576226;190.278;-470.082;889.254;196.509;1.733;91.986;26575791;-985.335;9.76;72.181;1610.147;-123.998;-330.741
11.493271;26577500;158;;;;;;;;;;;;;;
11.495771;26580000;281;;;;;;;;;;;;;;
11.498271;26582500;185;;;;;;;;;;;;;;
11.500771;26585000;153;;;;;;;;;;;;;;
11.503271;26587500;128;;;;;;;;;;;;;;
11.505771;26590000;124;;;;;;;;;;;;;;
11.508271;26592500;151;;;;;;;;;;;;;;
11.510771;26595000;139;;;;;;;;;;;;;;
11.513271;26597500;151;;;;;;;;;;;;;;
11.515771;26600000;383;;;;;;;;;;;;;;
11.518271;26602500;235;;;;;;;;;;;;;;
11.520771;26605000;185;;;;;;;;;;;;;;
11.523271;26607500;136;26607380;190.39;-470.167;889.163;215.121;-4.916;90.449;26606948;-985.264;9.876;72.183;1611.89;-126.548;-327.329
11.525771;26610000;126;;;;;;;;;;;;;;
11.528271;26612500;136;;;;;;;;;;;;;;
11.530771;26615000;167;;;;;;;;;;;;;;
11.533271;26617500;172;;;;;;;;;;;;;;
11.535771;26620000;154;;;;;;;;;;;;;;
11.538271;26622500;152;;;;;;;;;;;;;;
11.540771;26625000;365;;;;;;;;;;;;;;
11.543271;26627500;224;;;;;;;;;;;;;;
11.545771;26630000;153;;;;;;;;;;;;;;
11.548271;26632500;137;;;;;;;;;;;;;;
11.550771;26635000;139;;;;;;;;;;;;;;
11.553271;26637500;151;26637072;190.386;-470.454;888.96;224.49;-10.795;92.052;26636642;-985.179;9.955;72.124;1612.67;-130.283;-325.4
11.555771;26640000;170;;;;;;;;;;;;;;
11.558271;26642500;152;;;;;;;;;;;;;;
11.560771;26645000;139;;;;;;;;;;;;;;
11.563271;26647500;127;;;;;;;;;;;;;;
11.565771;26650000;136;;;;;;;;;;;;;;
11.568271;26652500;317;;;;;;;;;;;;;;
11.570771;26655000;203;;;;;;;;;;;;;;
11.573271;26657500;171;;;;;;;;;;;;;;
11.575771;26660000;166;;;;;;;;;;;;;;
11.578271;26662500;154;;;;;;;;;;;;;;
11.580771;26665000;157;;;;;;;;;;;;;;
11.583271;26667500;126;26668238;190.297;-470.71;888.756;232.078;-16.38;88.324;26667801;-985.282;9.89;72.001;1611.662;-133.832;-326.63
11.585771;26670000;126;;;;;;;;;;;;;;
11.588271;26672500;137;;;;;;;;;;;;;;
11.590771;26675000;158;;;;;;;;;;;;;;
11.593271;26677500;171;;;;;;;;;;;;;;
11.595771;26680000;154;;;;;;;;;;;;;;
11.598271;26682500;383;;;;;;;;;;;;;;
11.600771;26685000;234;;;;;;;;;;;;;;
11.603271;26687500;184;;;;;;;;;;;;;;
11.605771;26690000;157;;;;;;;;;;;;;;
11.608271;26692500;140;;;;;;;;;;;;;;
11.610771;26695000;142;;;;;;;;;;;;;;
11.613271;26697500;172;;;;;;;;;;;;;;
11.615771;26700000;171;26699562;190.268;-470.982;888.707;243.662;-20.374;87.408;26699132;-985.165;9.817;72.043;1609.829;-136.328;-324.736
11.618271;26702500;168;;;;;;;;;;;;;;
11.620771;26705000;138;;;;;;;;;;;;;;
11.623271;26707500;151;;;;;;;;;;;;;;
11.625771;26710000;144;;;;;;;;;;;;;;
11.628271;26712500;152;;;;;;;;;;;;;;
11.630771;26715000;315;;;;;;;;;;;;;;
11.633271;26717500;204;;;;;;;;;;;;;;
11.635771;26720000;190;;;;;;;;;;;;;;
11.638271;26722500;171;;;;;;;;;;;;;;
11.640771;26725000;139;;;;;;;;;;;;;;
11.643271;26727500;135;;;;;;;;;;;;;;
11.645771;26730000;125;26730728;190.271;-471.15;888.778;259.916;-26.793;83.912;26730288;-985.134;9.826;71.979;1612.462;-136.511;-323.812
11.648271;26732500;152;;;;;;;;;;;;;;
11.650771;26735000;157;;;;;;;;;;;;;;
11.653271;26737500;170;;;;;;;;;;;;;;
11.655771;26740000;172;;;;;;;;;;;;;;
11.658271;26742500;0;;;;;;;;;;;;;;
11.660771;26745000;286;;;;;;;;;;;;;;
11.663271;26747500;191;;;;;;;;;;;;;;
11.665771;26750000;156;;;;;;;;;;;;;;
11.668271;26752500;154;;;;;;;;;;;;;;
11.670771;26755000;157;;;;;;;;;;;;;;
11.673271;26757500;170;;;;;;;;;;;;;;
11.675771;26760000;154;;;;;;;;;;;;;;
11.678271;26762500;170;26762054;190.255;-471.315;888.82;271.421;-30.265;81.029;26761619;-985.19;9.866;72.028;1613.652;-137.561;-321.183
11.680771;26765000;157;;;;;;;;;;;;;;
11.683271;26767500;152;;;;;;;;;;;;;;
11.685771;26770000;141;;;;;;;;;;;;;;
11.688271;26772500;152;;;;;;;;;;;;;;
11.690771;26775000;349;;;;;;;;;;;;;;
11.693271;26777500;252;;;;;;;;;;;;;;
11.695771;26780000;203;;;;;;;;;;;;;;
11.698271;26782500;184;;;;;;;;;;;;;;
11.700771;26785000;139;;;;;;;;;;;;;;
11.703271;26787500;152;;;;;;;;;;;;;;
11.705771;26790000;125;;;;;;;;26791227;-985.279;9.86;72.086;1615.219;-137.245;-322.624
11.708271;26792500;135;26791667;190.319;-471.387;888.622;277.974;-32.69;79.165;;;;;;;
11.710771;26795000;142;;;;;;;;;;;;;;
11.713271;26797500;153;;;;;;;;;;;;;;
11.715771;26800000;171;;;;;;;;;;;;;;
11.718271;26802500;154;;;;;;;;;;;;;;
11.720771;26805000;0;;;;;;;;;;;;;;
11.723271;26807500;264;;;;;;;;;;;;;;
11.725771;26810000;168;;;;;;;;;;;;;;
11.728271;26812500;159;26813608;190.362;-471.632;888.514;289.013;-37.18;80.895;26813180;-985.297;9.825;72.13;1614.958;-139.133;-324.868
11.730771;26815000;140;;;;;;;;;;;;;;
11.733271;26817500;154;;;;;;;;;;;;;;
11.735771;26820000;156;;;;;;;;;;;;;;
11.738271;26822500;154;;;;;;;;;;;;;;
11.740771;26825000;153;;;;;;;;;;;;;;
11.743271;26827500;126;;;;;;;;;;;;;;
11.745771;26830000;124;;;;;;;;;;;;;;
11.748271;26832500;125;;;;;;;;;;;;;;
11.750771;26835000;140;;;;;;;;;;;;;;
11.753271;26837500;378;;;;;;;;;;;;;;
11.755771;26840000;234;;;;;;;;;;;;;;
11.758271;26842500;173;;;;;;;;;;;;;;
11.760771;26845000;151;26844950;190.335;-471.926;888.374;296.875;-43.634;79.475;26844510;-985.46;9.706;72.171;1609.898;-140.489;-324.375
11.763271;26847500;135;;;;;;;;;;;;;;
11.765771;26850000;151;;;;;;;;;;;;;;
11.768271;26852500;135;;;;;;;;;;;;;;
11.770771;26855000;158;;;;;;;;;;;;;;
11.773271;26857500;151;;;;;;;;;;;;;;
11.775771;26860000;153;;;;;;;;;;;;;;
11.778271;26862500;169;;;;;;;;;;;;;;
11.780771;26865000;157;;;;;;;;;;;;;;
11.783271;26867500;0;;;;;;;;;;;;;;
11.785771;26870000;253;;;;;;;;;;;;;;
11.788271;26872500;173;;;;;;;;;;;;;;
11.790771;26875000;171;26874721;190.164;-472.144;888.351;300.844;-47.14;80.314;26874293;-985.469;9.721;72.162;1605.965;-143.089;-321.718
11.793271;26877500;173;;;;;;;;;;;;;;
11.795771;26880000;156;;;;;;;;;;;;;;
11.798271;26882500;169;;;;;;;;;;;;;;
11.800771;26885000;157;;;;;;;;;;;;;;
11.803271;26887500;125;;;;;;;;;;;;;;
11.805771;26890000;143;;;;;;;;;;;;;;
11.808271;26892500;152;;;;;;;;;;;;;;
11.810771;26895000;157;;;;;;;;26896245;-985.539;9.723;72.116;1607.042;-145.997;-321.382
11.813271;26897500;344;26896685;190.092;-472.199;888.232;309.427;-50.908;76.298;;;;;;;
11.815771;26900000;267;;;;;;;;;;;;;;
11.818271;26902500;216;;;;;;;;;;;;;;
11.820771;26905000;173;;;;;;;;;;;;;;
11.823271;26907500;136;;;;;;;;;;;;;;
11.825771;26910000;152;;;;;;;;;;;;;;
11.828271;26912500;135;;;;;;;;;;;;;;
11.830771;26915000;158;;;;;;;;;;;;;;
11.833271;26917500;172;;;;;;;;;;;;;;
11.835771;26920000;381;;;;;;;;;;;;;;
11.838271;26922500;265;26921760;190.134;-472.129;888.362;320.205;-54.487;74.67;26921337;-985.574;9.645;72.182;1608.502;-146.135;-321.501
11.840771;26925000;172;;;;;;;;;;;;;;
11.843271;26927500;158;;;;;;;;;;;;;;
11.845771;26930000;126;;;;;;;;;;;;;;
11.848271;26932500;128;;;;;;;;;;;;;;
11.850771;26935000;159;;;;;;;;;;;;;;
11.853271;26937500;153;;;;;;;;;;;;;;
11.855771;26940000;154;;;;;;;;;;;;;;
11.858271;26942500;169;;;;;;;;;;;;;;
11.860771;26945000;157;;;;;;;;;;;;;;
11.863271;26947500;153;26948424;190.168;-472.239;888.346;325.633;-59.2;73.562;26947978;-985.602;9.535;72.172;1609.89;-148.891;-319.863
11.865771;26950000;126;;;;;;;;;;;;;;
11.868271;26952500;314;;;;;;;;;;;;;;
11.870771;26955000;219;;;;;;;;;;;;;;
11.873271;26957500;189;;;;;;;;;;;;;;
11.875771;26960000;184;;;;;;;;;;;;;;
11.878271;26962500;154;;;;;;;;;;;;;;
11.880771;26965000;157;;;;;;;;;;;;;;
11.883271;26967500;150;;;;;;;;;;;;;;
11.885771;26970000;151;;;;;;;;;;;;;;
11.888271;26972500;135;;;;;;;;;;;;;;
11.890771;26975000;140;;;;;;;;;;;;;;
11.893271;26977500;172;;;;;;;;;;;;;;
11.895771;26980000;153;26979559;190.09;-472.362;888.27;330.351;-63.678;73.384;26979136;-985.61;9.632;72.187;1611.208;-148.884;-321.37
11.898271;26982500;285;;;;;;;;;;;;;;
11.900771;26985000;188;;;;;;;;;;;;;;
11.903271;26987500;150;;;;;;;;;;;;;;
11.905771;26990000;154;;;;;;;;;;;;;;
11.908271;26992500;155;;;;;;;;;;;;;;
11.910771;26995000;140;;;;;;;;;;;;;;
11.913271;26997500;152;;;;;;;;;;;;;;
11.915771;27000000;155;;;;;;;;;;;;;;
11.918271;27002500;334;;;;;;;;;;;;;;
11.920771;27005000;252;;;;;;;;;;;;;;
11.923271;27007500;188;;;;;;;;;;;;;;
11.925771;27010000;138;27010738;190.077;-472.424;888.215;331.771;-64.869;74.527;27010293;-985.568;9.809;72.225;1615.96;-151.502;-321.927
11.928271;27012500;137;;;;;;;;;;;;;;
11.930771;27015000;158;;;;;;;;;;;;;;
11.933271;27017500;171;;;;;;;;;;;;;;
11.935771;27020000;154;;;;;;;;;;;;;;
11.938271;27022500;142;;;;;;;;;;;;;;
11.940771;27025000;138;;;;;;;;;;;;;;
11.943271;27027500;7;;;;;;;;;;;;;;
11.945771;27030000;248;;;;;;;;;;;;;;
11.948271;27032500;168;;;;;;;;;;;;;;
11.950771;27035000;151;;;;;;;;;;;;;;
11.953271;27037500;153;;;;;;;;;;;;;;
11.955771;27040000;173;27040504;190.059;-472.325;888.28;343.182;-69.938;72.988;27040074;-985.517;9.77;72.146;1610.412;-153.114;-324.643
11.958271;27042500;169;;;;;;;;;;;;;;
11.960771;27045000;138;;;;;;;;;;;;;;
11.963271;27047500;126;;;;;;;;;;;;;;
11.965771;27050000;124;;;;;;;;;;;;;;
11.968271;27052500;128;;;;;;;;;;;;;;
11.970771;27055000;366;;;;;;;;;;;;;;
11.973271;27057500;254;;;;;;;;;;;;;;
11.975771;27060000;202;;;;;;;;;;;;;;
11.978271;27062500;183;;;;;;;;;;;;;;
11.980771;27065000;168;;;;;;;;;;;;;;
11.983271;27067500;152;;;;;;;;;;;;;;
11.985771;27070000;124;;;;;;;;;;;;;;
11.988271;27072500;152;27071844;190.041;-472.315;888.316;354.898;-71.691;71.964;27071406;-985.614;9.861;72.126;1612.578;-151.584;-329.411
11.990771;27075000;158;;;;;;;;;;;;;;
11.993271;27077500;170;;;;;;;;;;;;;;
11.995771;27080000;172;;;;;;;;;;;;;;
11.998271;27082500;153;;;;;;;;;;;;;;
12.000771;27085000;0;;;;;;;;;;;;;;
12.003271;27087500;282;;;;;;;;;;;;;;
12.005771;27090000;188;;;;;;;;;;;;;;
12.008271;27092500;158;;;;;;;;;;;;;;
12.010771;27095000;140;;;;;;;;;;;;;;
12.013271;27097500;171;;;;;;;;;;;;;;
12.015771;27100000;173;;;;;;;;;;;;;;
12.018271;27102500;143;27103167;190.055;-472.447;888.345;362.091;-73.794;72.303;27102737;-985.579;9.783;72.204;1615.075;-150.567;-329.565
12.020771;27105000;156;;;;;;;;;;;;;;
12.023271;27107500;152;;;;;;;;;;;;;;
12.025771;27110000;141;;;;;;;;;;;;;;
12.028271;27112500;152;;;;;;;;;;;;;;
12.030771;27115000;158;;;;;;;;;;;;;;
12.033271;27117500;351;;;;;;;;;;;;;;
12.035771;27120000;252;;;;;;;;;;;;;;
12.038271;27122500;192;;;;;;;;;;;;;;
12.040771;27125000;169;;;;;;;;;;;;;;
12.043271;27127500;135;;;;;;;;;;;;;;
12.045771;27130000;142;;;;;;;;;;;;;;
12.048271;27132500;153;;;;;;;;;;;;;;
12.050771;27135000;141;27134507;190.093;-472.541;888.36;366.299;-76.667;71.313;27134067;-985.649;9.751;72.229;1610.883;-149.164;-329.274
12.053271;27137500;171;;;;;;;;;;;;;;
12.055771;27140000;171;;;;;;;;;;;;;;
12.058271;27142500;170;;;;;;;;;;;;;;
12.060771;27145000;139;;;;;;;;;;;;;;
12.063271;27147500;346;;;;;;;;;;;;;;
12.065771;27150000;191;;;;;;;;;;;;;;
12.068271;27152500;154;;;;;;;;;;;;;;
12.070771;27155000;168;;;;;;;;;;;;;;
12.073271;27157500;155;;;;;;;;;;;;;;
12.075771;27160000;154;;;;;;;;;;;;;;
12.078271;27162500;153;;;;;;;;;;;;;;
12.080771;27165000;140;27165827;190.031;-472.625;888.32;368.984;-78.083;69.06;27165399;-985.508;9.629;72.198;1614.339;-152.643;-329.436
12.083271;27167500;152;;;;;;;;;;;;;;
12.085771;27170000;126;;;;;;;;;;;;;;
12.088271;27172500;137;;;;;;;;;;;;;;
12.090771;27175000;140;;;;;;;;;;;;;;
12.093271;27177500;346;;;;;;;;;;;;;;
12.095771;27180000;299;;;;;;;;;;;;;;
12.098271;27182500;198;;;;;;;;;;;;;;
12.100771;27185000;154;;;;;;;;;;;;;;
12.103271;27187500;135;;;;;;;;;;;;;;
12.105771;27190000;125;;;;;;;;;;;;;;
12.108271;27192500;153;;;;;;;;;;;;;;
12.110771;27195000;159;27195621;189.997;-472.509;888.446;376.785;-82.492;67.794;27195181;-985.545;9.538;72.181;1614.122;-152.886;-329.589
12.113271;27197500;169;;;;;;;;;;;;;;
12.115771;27200000;153;;;;;;;;;;;;;;
12.118271;27202500;150;;;;;;;;;;;;;;
12.120771;27205000;156;;;;;;;;;;;;;;
12.123271;27207500;125;;;;;;;;;;;;;;
12.125771;27210000;350;;;;;;;;;;;;;;
12.128271;27212500;205;;;;;;;;;;;;;;
12.130771;27215000;168;;;;;;;;;;;;;;
12.133271;27217500;174;;;;;;;;27218704;-985.464;9.519;72.202;1616.541;-154.429;-326.672
12.135771;27220000;174;27219126;189.982;-472.546;888.529;379.383;-85.805;61.342;;;;;;;
12.138271;27222500;153;;;;;;;;;;;;;;
12.140771;27225000;138;;;;;;;;;;;;;;
12.143271;27227500;127;;;;;;;;;;;;;;
12.145771;27230000;124;;;;;;;;;;;;;;
12.148271;27232500;128;;;;;;;;;;;;;;
12.150771;27235000;140;;;;;;;;;;;;;;
12.153271;27237500;170;;;;;;;;;;;;;;
12.155771;27240000;296;;;;;;;;;;;;;;
12.158271;27242500;279;;;;;;;;;;;;;;
12.160771;27245000;184;;;;;;;;;;;;;;
12.163271;27247500;160;;;;;;;;27248464;-985.333;9.519;72.191;1617.089;-157.208;-328.713
12.165771;27250000;152;27248909;190.103;-472.544;888.657;392.789;-89.827;59.588;;;;;;;
12.168271;27252500;153;;;;;;;;;;;;;;
12.170771;27255000;139;;;;;;;;;;;;;;
12.173271;27257500;172;;;;;;;;;;;;;;
12.175771;27260000;172;;;;;;;;;;;;;;
12.178271;27262500;152;;;;;;;;;;;;;;
12.180771;27265000;155;;;;;;;;;;;;;;
12.183271;27267500;124;;;;;;;;;;;;;;
12.185771;27270000;123;;;;;;;;;;;;;;
12.188271;27272500;350;;;;;;;;;;;;;;
12.190771;27275000;218;;;;;;;;;;;;;;
12.193271;27277500;191;27278669;190.071;-472.615;888.608;399.399;-90.586;59.233;27278246;-985.317;9.531;72.162;1611.922;-158.972;-330.215
12.195771;27280000;157;;;;;;;;;;;;;;
12.198271;27282500;168;;;;;;;;;;;;;;
12.200771;27285000;153;;;;;;;;;;;;;;
12.203271;27287500;141;;;;;;;;;;;;;;
12.205771;27290000;139;;;;;;;;;;;;;;
12.208271;27292500;124;;;;;;;;;;;;;;
12.210771;27295000;136;;;;;;;;;;;;;;
12.213271;27297500;168;;;;;;;;;;;;;;
12.215771;27300000;170;;;;;;;;;;;;;;
12.218271;27302500;361;;;;;;;;;;;;;;
12.220771;27305000;205;;;;;;;;;;;;;;
12.223271;27307500;143;;;;;;;;;;;;;;
12.225771;27310000;141;27310018;190.157;-472.805;888.451;402.617;-92.619;55.834;27309577;-985.297;9.432;72.214;1614.451;-157.586;-330.329
12.228271;27312500;127;;;;;;;;;;;;;;
12.230771;27315000;139;;;;;;;;;;;;;;
12.233271;27317500;153;;;;;;;;;;;;;;
12.235771;27320000;173;;;;;;;;;;;;;;
12.238271;27322500;152;;;;;;;;;;;;;;
12.240771;27325000;363;;;;;;;;;;;;;;
12.243271;27327500;235;;;;;;;;;;;;;;
12.245771;27330000;158;;;;;;;;;;;;;;
12.248271;27332500;140;;;;;;;;;;;;;;
12.250771;27335000;142;;;;;;;;;;;;;;
12.253271;27337500;152;;;;;;;;;;;;;;
12.255771;27340000;153;;;;;;;;27340907;-985.332;9.443;72.281;1618.166;-158.019;-330.875
12.258271;27342500;151;27341337;190.104;-472.906;888.388;406.111;-92.363;54.355;;;;;;;
12.260771;27345000;156;;;;;;;;;;;;;;
12.263271;27347500;124;;;;;;;;;;;;;;
12.265771;27350000;122;;;;;;;;;;;;;;
12.268271;27352500;126;;;;;;;;;;;;;;
12.270771;27355000;166;;;;;;;;;;;;;;
12.273271;27357500;253;;;;;;;;;;;;;;
12.275771;27360000;188;;;;;;;;;;;;;;
12.278271;27362500;158;;;;;;;;;;;;;;
12.280771;27365000;141;;;;;;;;;;;;;;
12.283271;27367500;125;;;;;;;;;;;;;;
12.285771;27370000;142;;;;;;;;;;;;;;
12.288271;27372500;126;27372676;190.096;-472.971;888.462;408.993;-92.995;56.45;27372239;-985.451;9.489;72.26;1613.383;-155.806;-331.394
12.290771;27375000;137;;;;;;;;;;;;;;
12.293271;27377500;152;;;;;;;;;;;;;;
12.295771;27380000;152;;;;;;;;;;;;;;
12.298271;27382500;152;;;;;;;;;;;;;;
12.300771;27385000;379;;;;;;;;;;;;;;
12.303271;27387500;238;;;;;;;;;;;;;;
12.305771;27390000;155;;;;;;;;;;;;;;
12.308271;27392500;139;;;;;;;;;;;;;;
12.310771;27395000;142;;;;;;;;;;;;;;
12.313271;27397500;152;;;;;;;;;;;;;;
12.315771;27400000;174;;;;;;;;;;;;;;
12.318271;27402500;153;;;;;;;;27403570;-985.516;9.454;72.197;1610.151;-156.765;-329.699
12.320771;27405000;159;27404000;190.089;-472.948;888.508;416.106;-95.345;51.44;;;;;;;
12.323271;27407500;127;;;;;;;;;;;;;;
12.325771;27410000;144;;;;;;;;;;;;;;
12.328271;27412500;152;;;;;;;;;;;;;;
12.330771;27415000;141;;;;;;;;;;;;;;
12.333271;27417500;329;;;;;;;;;;;;;;
12.335771;27420000;215;;;;;;;;;;;;;;
12.338271;27422500;188;;;;;;;;;;;;;;
12.340771;27425000;168;;;;;;;;;;;;;;
12.343271;27427500;153;;;;;;;;;;;;;;
12.345771;27430000;151;;;;;;;;;;;;;;
12.348271;27432500;134;27433704;190.034;-473.097;888.515;419.8;-98.89;51.055;27433264;-985.442;9.439;72.095;1611.456;-158.115;-328.527
12.350771;27435000;140;;;;;;;;;;;;;;
12.353271;27437500;171;;;;;;;;;;;;;;
12.355771;27440000;155;;;;;;;;;;;;;;
12.358271;27442500;169;;;;;;;;;;;;;;
12.360771;27445000;136;;;;;;;;;;;;;;
12.363271;27447500;411;;;;;;;;;;;;;;
12.365771;27450000;248;;;;;;;;;;;;;;
12.368271;27452500;158;;;;;;;;;;;;;;
12.370771;27455000;172;27455644;190.054;-473.073;888.625;426.81;-100.946;51.565;27455217;-985.342;9.455;72.053;1612.258;-158.084;-330.038
12.373271;27457500;152;;;;;;;;;;;;;;
12.375771;27460000;172;;;;;;;;;;;;;;
12.378271;27462500;169;;;;;;;;;;;;;;
12.380771;27465000;137;;;;;;;;;;;;;;
12.383271;27467500;143;;;;;;;;;;;;;;
12.385771;27470000;124;;;;;;;;;;;;;;
12.388271;27472500;152;;;;;;;;;;;;;;
12.390771;27475000;138;;;;;;;;;;;;;;
12.393271;27477500;152;;;;;;;;;;;;;;
12.395771;27480000;342;;;;;;;;;;;;;;
12.398271;27482500;216;;;;;;;;;;;;;;
12.400771;27485000;183;;;;;;;;;;;;;;
12.403271;27487500;138;27487074;189.97;-473.094;888.675;430.407;-102.023;55.549;27486635;-985.339;9.494;72.025;1611.708;-157.617;-330.161
12.405771;27490000;143;;;;;;;;;;;;;;
12.408271;27492500;126;;;;;;;;;;;;;;
12.410771;27495000;139;;;;;;;;;;;;;;
12.413271;27497500;169;;;;;;;;;;;;;;
12.415771;27500000;172;;;;;;;;;;;;;;
12.418271;27502500;144;;;;;;;;;;;;;;
12.420771;27505000;137;;;;;;;;;;;;;;
12.423271;27507500;125;;;;;;;;;;;;;;
12.425771;27510000;45;;;;;;;;;;;;;;
12.428271;27512500;254;;;;;;;;;;;;;;
12.430771;27515000;173;;;;;;;;;;;;;;
12.433271;27517500;158;27516752;189.975;-473.223;888.631;431.2;-103.047;59.772;27516330;-985.177;9.514;72.016;1613.81;-158.049;-330.716
12.435771;27520000;156;;;;;;;;;;;;;;
12.438271;27522500;171;;;;;;;;;;;;;;
12.440771;27525000;137;;;;;;;;;;;;;;
12.443271;27527500;144;;;;;;;;;;;;;;
12.445771;27530000;123;;;;;;;;;;;;;;
12.448271;27532500;126;;;;;;;;;;;;;;
12.450771;27535000;158;;;;;;;;;;;;;;
12.453271;27537500;171;;;;;;;;;;;;;;
12.455771;27540000;408;;;;;;;;;;;;;;
12.458271;27542500;240;;;;;;;;;;;;;;
12.460771;27545000;170;;;;;;;;;;;;;;
12.463271;27547500;155;27548106;189.986;-473.193;888.552;435.452;-104.02;60.721;27547661;-985.157;9.611;72.045;1610.119;-158.021;-333.43
12.465771;27550000;141;;;;;;;;;;;;;;
12.468271;27552500;126;;;;;;;;;;;;;;
12.470771;27555000;136;;;;;;;;;;;;;;
12.473271;27557500;152;;;;;;;;;;;;;;
12.475771;27560000;171;;;;;;;;;;;;;;
12.478271;27562500;346;;;;;;;;;;;;;;
12.480771;27565000;217;;;;;;;;;;;;;;
12.483271;27567500;153;;;;;;;;;;;;;;
12.485771;27570000;134;;;;;;;;;;;;;;
12.488271;27572500;153;;;;;;;;;;;;;;
12.490771;27575000;139;;;;;;;;;;;;;;
12.493271;27577500;171;;;;;;;;;;;;;;
12.495771;27580000;153;27579501;190.021;-473.171;888.527;438.617;-104.944;59.435;27579078;-985.145;9.729;71.956;1609.238;-158.87;-334.258
12.498271;27582500;170;;;;;;;;;;;;;;
12.500771;27585000;157;;;;;;;;;;;;;;
12.503271;27587500;151;;;;;;;;;;;;;;
12.505771;27590000;143;;;;;;;;;;;;;;
12.508271;27592500;0;;;;;;;;;;;;;;
12.510771;27595000;299;;;;;;;;;;;;;;
12.513271;27597500;220;;;;;;;;;;;;;;
12.515771;27600000;188;;;;;;;;;;;;;;
12.518271;27602500;171;;;;;;;;;;;;;;
12.520771;27605000;157;;;;;;;;;;;;;;
12.523271;27607500;142;;;;;;;;;;;;;;
12.525771;27610000;124;27610936;189.975;-473.125;888.472;443.374;-107.134;55.588;27610496;-985.078;9.834;71.829;1609.276;-160.114;-334.17
12.528271;27612500;151;;;;;;;;;;;;;;
12.530771;27615000;138;;;;;;;;;;;;;;
12.533271;27617500;170;;;;;;;;;;;;;;
12.535771;27620000;170;;;;;;;;;;;;;;
12.538271;27622500;41;;;;;;;;;;;;;;
12.540771;27625000;270;;;;;;;;;;;;;;
12.543271;27627500;169;;;;;;;;;;;;;;
12.545771;27630000;137;;;;;;;;;;;;;;
12.548271;27632500;153;;;;;;;;;;;;;;
12.550771;27635000;139;;;;;;;;;;;;;;
12.553271;27637500;152;;;;;;;;;;;;;;
12.555771;27640000;152;;;;;;;;;;;;;;
12.558271;27642500;151;27642348;190.053;-473.156;888.401;444.83;-109.215;54.996;27641913;-985.032;9.812;71.837;1609.75;-160.421;-333.649
12.560771;27645000;157;;;;;;;;;;;;;;
12.563271;27647500;151;;;;;;;;;;;;;;
12.565771;27650000;143;;;;;;;;;;;;;;
12.568271;27652500;126;;;;;;;;;;;;;;
12.570771;27655000;344;;;;;;;;;;;;;;
12.573271;27657500;251;;;;;;;;;;;;;;
12.575771;27660000;201;;;;;;;;;;;;;;
12.578271;27662500;174;;;;;;;;;;;;;;
12.580771;27665000;141;;;;;;;;;;;;;;
12.583271;27667500;125;;;;;;;;;;;;;;
12.585771;27670000;124;;;;;;;;;;;;;;
12.588271;27672500;126;27672222;190.085;-473.135;888.365;444.026;-110.317;56.621;27671782;-985.093;9.95;71.85;1610.2;-158.525;-334.029
12.590771;27675000;158;;;;;;;;;;;;;;
12.593271;27677500;172;;;;;;;;;;;;;;
12.595771;27680000;156;;;;;;;;;;;;;;
12.598271;27682500;154;;;;;;;;;;;;;;
12.600771;27685000;155;;;;;;;;;;;;;;
12.603271;27687500;280;;;;;;;;;;;;;;
12.605771;27690000;188;;;;;;;;;;;;;;
12.608271;27692500;141;;;;;;;;;;;;;;
12.610771;27695000;141;27694249;190.109;-473.189;888.336;445.887;-111.363;55.103;27693821;-985.163;10.001;71.844;1611.065;-156.286;-332.64
12.613271;27697500;154;;;;;;;;;;;;;;
12.615771;27700000;171;;;;;;;;;;;;;;
12.618271;27702500;153;;;;;;;;;;;;;;
12.620771;27705000;156;;;;;;;;;;;;;;
12.623271;27707500;125;;;;;;;;;;;;;;
12.625771;27710000;124;;;;;;;;;;;;;;
12.628271;27712500;152;;;;;;;;;;;;;;
12.630771;27715000;157;;;;;;;;;;;;;;
12.633271;27717500;366;;;;;;;;;;;;;;
12.635771;27720000;239;27719527;190.052;-473.149;888.346;444.593;-110.17;52.347;27719088;-985.047;10.178;71.839;1610.137;-154.16;-333.071
12.638271;27722500;183;;;;;;;;;;;;;;
12.640771;27725000;169;;;;;;;;;;;;;;
12.643271;27727500;154;;;;;;;;;;;;;;
12.645771;27730000;125;;;;;;;;;;;;;;
12.648271;27732500;136;;;;;;;;;;;;;;
12.650771;27735000;140;;;;;;;;;;;;;;
12.653271;27737500;170;;;;;;;;;;;;;;
12.655771;27740000;172;;;;;;;;;;;;;;
12.658271;27742500;152;;;;;;;;;;;;;;
12.660771;27745000;138;;;;;;;;27745902;-984.887;10.145;71.834;1605.755;-153.014;-335.23
12.663271;27747500;135;27746325;189.999;-473.159;888.19;448.176;-112.099;51.043;;;;;;;
12.665771;27750000;282;;;;;;;;;;;;;;
12.668271;27752500;185;;;;;;;;;;;;;;
12.670771;27755000;169;;;;;;;;;;;;;;
12.673271;27757500;157;;;;;;;;;;;;;;
12.675771;27760000;173;;;;;;;;;;;;;;
12.678271;27762500;153;;;;;;;;;;;;;;
12.680771;27765000;158;;;;;;;;;;;;;;
12.683271;27767500;134;;;;;;;;;;;;;;
12.685771;27770000;152;;;;;;;;;;;;;;
12.688271;27772500;153;;;;;;;;;;;;;;
12.690771;27775000;140;;;;;;;;;;;;;;
12.693271;27777500;173;27777852;189.966;-473.249;888.079;450.704;-112.182;49.365;27777407;-984.778;10.15;71.853;1603.342;-157.176;-334.218
12.695771;27780000;314;;;;;;;;;;;;;;
12.698271;27782500;221;;;;;;;;;;;;;;
12.700771;27785000;173;;;;;;;;;;;;;;
12.703271;27787500;137;;;;;;;;;;;;;;
12.705771;27790000;142;;;;;;;;;;;;;;
12.708271;27792500;154;;;;;;;;;;;;;;
12.710771;27795000;141;;;;;;;;;;;;;;
12.713271;27797500;172;;;;;;;;;;;;;;
12.715771;27800000;314;;;;;;;;;;;;;;
12.718271;27802500;283;;;;;;;;;;;;;;
12.720771;27805000;200;;;;;;;;;;;;;;
12.723271;27807500;139;;;;;;;;;;;;;;
12.725771;27810000;152;27809334;190.02;-473.315;888.01;451.357;-113.135;49.96;27808911;-984.815;10.143;71.75;1606.737;-158.067;-332.382
12.728271;27812500;127;;;;;;;;;;;;;;
12.730771;27815000;157;;;;;;;;;;;;;;
12.733271;27817500;171;;;;;;;;;;;;;;
12.735771;27820000;153;;;;;;;;;;;;;;
12.738271;27822500;171;;;;;;;;;;;;;;
12.740771;27825000;299;;;;;;;;;;;;;;
12.743271;27827500;280;;;;;;;;;;;;;;
12.745771;27830000;187;;;;;;;;;;;;;;
12.748271;27832500;168;;;;;;;;;;;;;;
12.750771;27835000;160;;;;;;;;;;;;;;
12.753271;27837500;154;;;;;;;;27838692;-984.868;10.154;71.786;1604.276;-158.476;-331.076
12.755771;27840000;173;27839137;189.925;-473.275;888.06;449.351;-113.166;43.962;;;;;;;
12.758271;27842500;144;;;;;;;;;;;;;;
12.760771;27845000;137;;;;;;;;;;;;;;
12.763271;27847500;126;;;;;;;;;;;;;;
12.765771;27850000;124;;;;;;;;;;;;;;
12.768271;27852500;413;;;;;;;;;;;;;;
12.770771;27855000;246;;;;;;;;;;;;;;
12.773271;27857500;189;;;;;;;;;;;;;;
12.775771;27860000;169;;;;;;;;;;;;;;
12.778271;27862500;157;;;;;;;;;;;;;;
12.780771;27865000;157;;;;;;;;;;;;;;
12.783271;27867500;153;;;;;;;;;;;;;;
12.785771;27870000;125;27870620;189.933;-473.285;888.126;453.571;-113.195;45.264;27870198;-985.053;10.031;71.844;1602.374;-157.99;-329.835
12.788271;27872500;135;;;;;;;;;;;;;;
12.790771;27875000;139;;;;;;;;;;;;;;
12.793271;27877500;173;;;;;;;;;;;;;;
12.795771;27880000;171;;;;;;;;;;;;;;
12.798271;27882500;170;;;;;;;;;;;;;;
12.800771;27885000;317;;;;;;;;;;;;;;
12.803271;27887500;192;;;;;;;;;;;;;;
12.805771;27890000;169;;;;;;;;;;;;;;
12.808271;27892500;139;;;;;;;;;;;;;;
12.810771;27895000;159;;;;;;;;;;;;;;
12.813271;27897500;154;;;;;;;;;;;;;;
12.815771;27900000;154;;;;;;;;;;;;;;
12.818271;27902500;170;27902142;190.032;-473.399;887.999;456.705;-113.66;45.188;27901702;-985.192;10.042;71.821;1606.255;-156.215;-331.718
12.820771;27905000;159;;;;;;;;;;;;;;
12.823271;27907500;152;;;;;;;;;;;;;;
12.825771;27910000;126;;;;;;;;;;;;;;
12.828271;27912500;128;;;;;;;;;;;;;;
12.830771;27915000;0;;;;;;;;;;;;;;
12.833271;27917500;297;;;;;;;;;;;;;;
12.835771;27920000;219;;;;;;;;;;;;;;
12.838271;27922500;160;;;;;;;;;;;;;;
12.840771;27925000;158;;;;;;;;;;;;;;
12.843271;27927500;133;;;;;;;;;;;;;;
12.845771;27930000;142;;;;;;;;;;;;;;
12.848271;27932500;152;27933641;189.985;-473.44;888.007;454.87;-113.227;44.241;27933206;-985.129;10.009;71.853;1605.568;-158.03;-333.069
12.850771;27935000;159;;;;;;;;;;;;;;
12.853271;27937500;172;;;;;;;;;;;;;;
12.855771;27940000;154;;;;;;;;;;;;;;
12.858271;27942500;171;;;;;;;;;;;;;;
12.860771;27945000;265;;;;;;;;;;;;;;
12.863271;27947500;254;;;;;;;;;;;;;;
12.865771;27950000;173;;;;;;;;;;;;;;
12.868271;27952500;140;;;;;;;;;;;;;;
12.870771;27955000;159;;;;;;;;;;;;;;
12.873271;27957500;172;;;;;;;;;;;;;;
12.875771;27960000;154;;;;;;;;;;;;;;
12.878271;27962500;170;;;;;;;;;;;;;;
12.880771;27965000;139;27965144;190.026;-473.49;887.991;456.189;-115.003;43.779;27964712;-985.13;9.881;71.847;1607.539;-158.878;-334.353
12.883271;27967500;152;;;;;;;;;;;;;;
12.885771;27970000;150;;;;;;;;;;;;;;
12.888271;27972500;134;;;;;;;;;;;;;;
12.890771;27975000;158;;;;;;;;;;;;;;
12.893271;27977500;347;;;;;;;;;;;;;;
12.895771;27980000;250;;;;;;;;;;;;;;
12.898271;27982500;192;;;;;;;;;;;;;;
12.900771;27985000;142;;;;;;;;;;;;;;
12.903271;27987500;152;;;;;;;;;;;;;;
12.905771;27990000;127;;;;;;;;;;;;;;
12.908271;27992500;153;;;;;;;;;;;;;;
12.910771;27995000;165;27995011;189.998;-473.6;888.176;458.754;-114.503;43.778;27994581;-985.186;9.838;71.866;1607.662;-161.872;-333.823
12.913271;27997500;154;;;;;;;;;;;;;;
12.915771;28000000;172;;;;;;;;;;;;;;
12.918271;28002500;153;;;;;;;;;;;;;;
12.920771;28005000;157;;;;;;;;;;;;;;
12.923271;28007500;152;;;;;;;;;;;;;;
12.925771;28010000;266;;;;;;;;;;;;;;
12.928271;28012500;183;;;;;;;;;;;;;;
12.930771;28015000;156;;;;;;;;;;;;;;
12.933271;28017500;182;28017057;190.069;-473.527;888.065;470.817;-121.466;35.464;28016619;-985.166;9.847;71.878;1608.654;-163.841;-333.757
12.935771;28020000;173;;;;;;;;;;;;;;
12.938271;28022500;153;;;;;;;;;;;;;;
12.940771;28025000;139;;;;;;;;;;;;;;
12.943271;28027500;125;;;;;;;;;;;;;;
12.945771;28030000;126;;;;;;;;;;;;;;
12.948271;28032500;136;;;;;;;;;;;;;;
12.950771;28035000;142;;;;;;;;;;;;;;
12.953271;28037500;153;;;;;;;;;;;;;;
12.955771;28040000;383;;;;;;;;;;;;;;
12.958271;28042500;239;;;;;;;;;;;;;;
12.960771;28045000;170;;;;;;;;;;;;;;
12.963271;28047500;138;28048292;189.99;-473.207;888.369;487.963;-128.08;26.69;28047862;-985.037;9.806;71.919;1603.909;-166.586;-331.507
12.965771;28050000;127;;;;;;;;;;;;;;
12.968271;28052500;136;;;;;;;;;;;;;;
12.970771;28055000;157;;;;;;;;;;;;;;
12.973271;28057500;155;;;;;;;;;;;;;;
12.975771;28060000;156;;;;;;;;;;;;;;
12.978271;28062500;152;;;;;;;;;;;;;;
12.980771;28065000;140;;;;;;;;;;;;;;
12.983271;28067500;126;;;;;;;;;;;;;;
12.985771;28070000;125;;;;;;;;;;;;;;
12.988271;28072500;301;;;;;;;;;;;;;;
12.990771;28075000;203;;;;;;;;;;;;;;
12.993271;28077500;173;28078169;190.104;-473.038;888.383;498.128;-134.363;28.856;28077732;-984.914;9.852;71.953;1606.401;-168.319;-331.119
12.995771;28080000;168;;;;;;;;;;;;;;
12.998271;28082500;155;;;;;;;;;;;;;;
13.000771;28085000;158;;;;;;;;;;;;;;
13.003271;28087500;126;;;;;;;;;;;;;;
13.005771;28090000;123;;;;;;;;;;;;;;
13.008271;28092500;153;;;;;;;;;;;;;;
13.010771;28095000;140;;;;;;;;;;;;;;
13.013271;28097500;172;;;;;;;;;;;;;;
13.015771;28100000;155;;;;;;;;;;;;;;
13.018271;28102500;320;;;;;;;;;;;;;;
13.020771;28105000;200;;;;;;;;;;;;;;
13.023271;28107500;168;;;;;;;;;;;;;;
13.025771;28110000;153;28109580;190.005;-473.286;888.213;504.721;-138.583;24.351;28109150;-984.871;9.982;71.869;1609.206;-168.653;-332.5
13.028271;28112500;153;;;;;;;;;;;;;;
13.030771;28115000;159;;;;;;;;;;;;;;
13.033271;28117500;154;;;;;;;;;;;;;;
13.035771;28120000;156;;;;;;;;;;;;;;
13.038271;28122500;0;;;;;;;;;;;;;;
13.040771;28125000;269;;;;;;;;;;;;;;
13.043271;28127500;191;;;;;;;;;;;;;;
13.045771;28130000;140;;;;;;;;;;;;;;
13.048271;28132500;156;;;;;;;;;;;;;;
13.050771;28135000;168;;;;;;;;;;;;;;
13.053271;28137500;172;;;;;;;;;;;;;;
13.055771;28140000;173;28140833;189.747;-472.918;888.772;656.235;-260.716;-1.804;28140393;-984.836;10.032;71.838;1599.621;-160.658;-339.938
13.058271;28142500;152;;;;;;;;;;;;;;
13.060771;28145000;158;;;;;;;;;;;;;;
13.063271;28147500;153;;;;;;;;;;;;;;
13.065771;28150000;150;;;;;;;;;;;;;;
13.068271;28152500;155;;;;;;;;;;;;;;
13.070771;28155000;358;;;;;;;;;;;;;;
13.073271;28157500;252;;;;;;;;;;;;;;
13.075771;28160000;205;;;;;;;;;;;;;;
13.078271;28162500;159;;;;;;;;;;;;;;
13.080771;28165000;167;;;;;;;;;;;;;;
13.083271;28167500;127;;;;;;;;;;;;;;
13.085771;28170000;152;;;;;;;;;;;;;;
13.088271;28172500;136;28172326;189.915;-472.482;888.339;615.986;-216.18;44.223;28171898;-984.755;10.067;71.839;1605.39;-165.313;-340.878
13.090771;28175000;142;;;;;;;;;;;;;;
13.093271;28177500;172;;;;;;;;;;;;;;
13.095771;28180000;157;;;;;;;;;;;;;;
13.098271;28182500;171;;;;;;;;;;;;;;
13.100771;28185000;344;;;;;;;;;;;;;;
13.103271;28187500;223;;;;;;;;;;;;;;
13.105771;28190000;152;;;;;;;;;;;;;;
13.108271;28192500;139;;;;;;;;;;;;;;
13.110771;28195000;169;;;;;;;;;;;;;;
13.113271;28197500;156;;;;;;;;;;;;;;
13.115771;28200000;157;;;;;;;;;;;;;;
13.118271;28202500;153;;;;;;;;28203403;-984.909;9.972;71.834;1606.057;-165.36;-340.897
13.120771;28205000;139;28203843;189.881;-472.483;888.513;624.124;-227.684;17.95;;;;;;;
13.123271;28207500;127;;;;;;;;;;;;;;
13.125771;28210000;124;;;;;;;;;;;;;;
13.128271;28212500;134;;;;;;;;;;;;;;
13.130771;28215000;0;;;;;;;;;;;;;;
13.133271;28217500;286;;;;;;;;;;;;;;
13.135771;28220000;205;;;;;;;;;;;;;;
13.138271;28222500;170;;;;;;;;;;;;;;
13.140771;28225000;141;;;;;;;;;;;;;;
13.143271;28227500;128;;;;;;;;;;;;;;
13.145771;28230000;126;;;;;;;;;;;;;;
13.148271;28232500;155;28233701;191.361;-473.723;888.153;682.168;-198.8;28.865;28233271;-984.902;9.821;71.853;1612.817;-167.154;-340.04
13.150771;28235000;143;;;;;;;;;;;;;;
13.153271;28237500;173;;;;;;;;;;;;;;
13.155771;28240000;156;;;;;;;;;;;;;;
13.158271;28242500;152;;;;;;;;;;;;;;
13.160771;28245000;141;;;;;;;;;;;;;;
13.163271;28247500;347;;;;;;;;;;;;;;
13.165771;28250000;224;;;;;;;;;;;;;;
13.168271;28252500;156;;;;;;;;;;;;;;
13.170771;28255000;153;28255748;189.985;-471.594;885.683;839.685;-95.672;-137.516;28255310;-984.701;9.904;71.854;1595.614;-157.484;-341.85
13.173271;28257500;158;;;;;;;;;;;;;;
13.175771;28260000;155;;;;;;;;;;;;;;
13.178271;28262500;154;;;;;;;;;;;;;;
13.180771;28265000;140;;;;;;;;;;;;;;
13.183271;28267500;127;;;;;;;;;;;;;;
13.185771;28270000;124;;;;;;;;;;;;;;
13.188271;28272500;154;;;;;;;;;;;;;;
13.190771;28275000;166;;;;;;;;;;;;;;
13.193271;28277500;174;;;;;;;;;;;;;;
13.195771;28280000;317;;;;;;;;;;;;;;
13.198271;28282500;202;;;;;;;;;;;;;;
13.200771;28285000;173;;;;;;;;;;;;;;
13.203271;28287500;155;28287245;189.318;-479.838;890.223;1527.888;-518.326;-1114.14;28286815;-984.681;9.39;72.372;1759.521;-89.672;-359.32
13.205771;28290000;152;;;;;;;;;;;;;;
13.208271;28292500;153;;;;;;;;;;;;;;
13.210771;28295000;141;;;;;;;;;;;;;;
13.213271;28297500;171;;;;;;;;;;;;;;
13.215771;28300000;173;;;;;;;;;;;;;;
13.218271;28302500;152;;;;;;;;;;;;;;
13.220771;28305000;157;;;;;;;;;;;;;;
13.223271;28307500;135;;;;;;;;;;;;;;
13.225771;28310000;410;;;;;;;;;;;;;;
13.228271;28312500;252;;;;;;;;;;;;;;
13.230771;28315000;174;;;;;;;;;;;;;;
13.233271;28317500;184;28317376;188.02;-477.056;895.934;5521.556;-1046.285;-3082.746;28316944;-986.931;11.696;71.907;2418.357;-90.001;-392.979
13.235771;28320000;158;;;;;;;;;;;;;;
13.238271;28322500;170;;;;;;;;;;;;;;
13.240771;28325000;155;;;;;;;;;;;;;;
13.243271;28327500;127;;;;;;;;;;;;;;
13.245771;28330000;151;;;;;;;;;;;;;;
13.248271;28332500;139;;;;;;;;;;;;;;
13.250771;28335000;168;;;;;;;;;;;;;;
13.253271;28337500;172;;;;;;;;;;;;;;
13.255771;28340000;410;;;;;;;;;;;;;;
13.258271;28342500;265;;;;;;;;;;;;;;
13.260771;28345000;169;;;;;;;;;;;;;;
13.263271;28347500;157;;;;;;;;;;;;;;
13.265771;28350000;154;28349231;192.168;-467.178;901.925;6634.541;-1564.908;-4544.733;28348796;-981.876;8.665;69.044;2528.876;-74.564;-515.955
13.268271;28352500;154;;;;;;;;;;;;;;
13.270771;28355000;160;;;;;;;;;;;;;;
13.273271;28357500;154;;;;;;;;;;;;;;
13.275771;28360000;174;;;;;;;;;;;;;;
13.278271;28362500;348;;;;;;;;;;;;;;
13.280771;28365000;235;;;;;;;;;;;;;;
13.283271;28367500;152;;;;;;;;;;;;;;
13.285771;28370000;138;;;;;;;;;;;;;;
13.288271;28372500;155;;;;;;;;;;;;;;
13.290771;28375000;168;;;;;;;;;;;;;;
13.293271;28377500;154;;;;;;;;;;;;;;
13.295771;28380000;156;28380993;196.504;-464.315;912.016;6782.751;-1786.35;-5081.809;28380561;-980.381;7.707;67.184;2048.933;-301.835;-410.095
13.298271;28382500;151;;;;;;;;;;;;;;
13.300771;28385000;139;;;;;;;;;;;;;;
13.303271;28387500;135;;;;;;;;;;;;;;
13.305771;28390000;151;;;;;;;;;;;;;;
13.308271;28392500;135;;;;;;;;;;;;;;
13.310771;28395000;286;;;;;;;;;;;;;;
13.313271;28397500;204;;;;;;;;;;;;;;
13.315771;28400000;172;;;;;;;;;;;;;;
13.318271;28402500;174;;;;;;;;;;;;;;
13.320771;28405000;140;;;;;;;;;;;;;;
13.323271;28407500;126;;;;;;;;;;;;;;
13.325771;28410000;142;;;;;;;;;;;;;;
13.328271;28412500;153;28412843;197.543;-464.279;919.699;7059.613;-580.533;-5435.844;28412413;-979.82;8.835;67.235;1921.111;-452.556;-368.59
13.330771;28415000;166;;;;;;;;;;;;;;
13.333271;28417500;153;;;;;;;;;;;;;;
13.335771;28420000;154;;;;;;;;;;;;;;
13.338271;28422500;171;;;;;;;;;;;;;;
13.340771;28425000;284;;;;;;;;;;;;;;
13.343271;28427500;200;;;;;;;;;;;;;;
13.345771;28430000;140;;;;;;;;;;;;;;
13.348271;28432500;139;;;;;;;;;;;;;;
13.350771;28435000;168;;;;;;;;;;;;;;
13.353271;28437500;154;;;;;;;;;;;;;;
13.355771;28440000;174;;;;;;;;;;;;;;
13.358271;28442500;152;;;;;;;;;;;;;;
13.360771;28445000;155;28444622;195.644;-460.183;925.503;7607.445;1347.682;-5866.676;28444177;-982.783;12.206;68.484;1930.055;-650.428;-275.348
13.363271;28447500;128;;;;;;;;;;;;;;
13.365771;28450000;124;;;;;;;;;;;;;;
13.368271;28452500;136;;;;;;;;;;;;;;
13.370771;28455000;376;;;;;;;;;;;;;;
13.373271;28457500;296;;;;;;;;;;;;;;
13.375771;28460000;199;;;;;;;;;;;;;;
13.378271;28462500;159;;;;;;;;;;;;;;
13.380771;28465000;139;;;;;;;;;;;;;;
13.383271;28467500;127;;;;;;;;;;;;;;
13.385771;28470000;142;;;;;;;;;;;;;;
13.388271;28472500;136;;;;;;;;;;;;;;
13.390771;28475000;159;28474729;194.213;-459.561;929.516;7911.76;3073.61;-5366.842;28474307;-989.404;19.666;73.564;1990.178;-806.469;-212.581
13.393271;28477500;152;;;;;;;;;;;;;;
13.395771;28480000;155;;;;;;;;;;;;;;
13.398271;28482500;167;;;;;;;;;;;;;;
13.400771;28485000;157;;;;;;;;;;;;;;
13.403271;28487500;380;;;;;;;;;;;;;;
13.405771;28490000;216;;;;;;;;;;;;;;
13.408271;28492500;168;;;;;;;;;;;;;;
13.410771;28495000;170;;;;;;;;;;;;;;
13.413271;28497500;174;28497219;194.872;-456.908;931.151;9216.734;4413.555;-4511.812;28496779;-986.934;17.359;73.283;1988.669;-790.208;-234.764
13.415771;28500000;175;;;;;;;;;;;;;;
13.418271;28502500;171;;;;;;;;;;;;;;
13.420771;28505000;139;;;;;;;;;;;;;;
13.423271;28507500;153;;;;;;;;;;;;;;
13.425771;28510000;124;;;;;;;;;;;;;;
13.428271;28512500;155;;;;;;;;;;;;;;
13.430771;28515000;169;;;;;;;;;;;;;;
13.433271;28517500;174;;;;;;;;;;;;;;
13.435771;28520000;349;;;;;;;;;;;;;;
13.438271;28522500;218;28522820;192.723;-452.57;933.509;10190.022;5116.439;-3226.597;28522392;-986.613;18.37;71.4;1935.61;-629.948;-289.526
13.440771;28525000;184;;;;;;;;;;;;;;
13.443271;28527500;137;;;;;;;;;;;;;;
13.445771;28530000;152;;;;;;;;;;;;;;
13.448271;28532500;137;;;;;;;;;;;;;;
13.450771;28535000;142;;;;;;;;;;;;;;
13.453271;28537500;173;;;;;;;;;;;;;;
13.455771;28540000;156;;;;;;;;;;;;;;
13.458271;28542500;171;;;;;;;;;;;;;;
13.460771;28545000;139;;;;;;;;;;;;;;
13.463271;28547500;135;;;;;;;;;;;;;;
13.465771;28550000;0;;;;;;;;;;;;;;
13.468271;28552500;279;;;;;;;;;;;;;;
13.470771;28555000;218;;;;;;;;;;;;;;
13.473271;28557500;171;;;;;;;;;;;;;;
13.475771;28560000;166;28559460;190.413;-447.241;934.804;11178.084;6413.305;-2127.267;28559021;-990.31;18.073;71.307;2323.58;-849.576;-272.862
13.478271;28562500;171;;;;;;;;;;;;;;
13.480771;28565000;165;;;;;;;;;;;;;;
13.483271;28567500;135;;;;;;;;;;;;;;
13.485771;28570000;126;;;;;;;;;;;;;;
13.488271;28572500;136;;;;;;;;;;;;;;
13.490771;28575000;167;;;;;;;;;;;;;;
13.493271;28577500;153;;;;;;;;;;;;;;
13.495771;28580000;156;;;;;;;;;;;;;;
13.498271;28582500;287;;;;;;;;;;;;;;
13.500771;28585000;188;;;;;;;;;;;;;;
13.503271;28587500;169;;;;;;;;;;;;;;
13.505771;28590000;135;;;;;;;;28590959;-989.661;14.638;75.068;1234.401;-2848.034;229.468
13.508271;28592500;135;28591382;188.243;-440.001;939.224;10907.055;6929.577;-1309.966;;;;;;;
13.510771;28595000;143;;;;;;;;;;;;;;
13.513271;28597500;155;;;;;;;;;;;;;;
13.515771;28600000;174;;;;;;;;;;;;;;
13.518271;28602500;152;;;;;;;;;;;;;;
13.520771;28605000;299;;;;;;;;;;;;;;
13.523271;28607500;174;;;;;;;;;;;;;;
13.525771;28610000;140;;;;;;;;;;;;;;
13.528271;28612500;156;;;;;;;;;;;;;;
13.530771;28615000;168;;;;;;;;;;;;;;
13.533271;28617500;154;;;;;;;;;;;;;;
13.535771;28620000;182;28620142;186.029;-436.392;938.355;8615.64;6027.91;-1315.78;28619697;-986.093;15.669;77.683;-50.132;-5283.382;734.245
13.538271;28622500;170;;;;;;;;;;;;;;
13.540771;28625000;139;;;;;;;;;;;;;;
13.543271;28627500;143;;;;;;;;;;;;;;
13.545771;28630000;331;;;;;;;;;;;;;;
13.548271;28632500;201;;;;;;;;;;;;;;
13.550771;28635000;186;;;;;;;;;;;;;;
13.553271;28637500;158;;;;;;;;;;;;;;
13.555771;28640000;182;;;;;;;;;;;;;;
13.558271;28642500;153;;;;;;;;;;;;;;
13.560771;28645000;158;;;;;;;;;;;;;;
13.563271;28647500;152;;;;;;;;;;;;;;
13.565771;28650000;124;;;;;;;;;;;;;;
13.568271;28652500;135;;;;;;;;;;;;;;
13.570771;28655000;140;28654998;184.755;-432.196;932.984;8393.982;6444.015;-1201.866;28654576;-991.267;18.71;77.593;-544.625;-7921.151;1180.97
13.573271;28657500;153;;;;;;;;;;;;;;
13.575771;28660000;172;;;;;;;;;;;;;;
13.578271;28662500;151;;;;;;;;;;;;;;
13.580771;28665000;239;;;;;;;;;;;;;;
13.583271;28667500;254;;;;;;;;;;;;;;
13.585771;28670000;170;;;;;;;;;;;;;;
13.588271;28672500;168;;;;;;;;;;;;;;
13.590771;28675000;154;;;;;;;;;;;;;;
13.593271;28677500;159;;;;;;;;;;;;;;
13.595771;28680000;155;;;;;;;;;;;;;;
13.598271;28682500;152;;;;;;;;;;;;;;
13.600771;28685000;156;;;;;;;;;;;;;;
13.603271;28687500;125;28686954;183.832;-426.708;929.84;7521.908;6322.189;-925.21;28686515;-990.138;14.993;80.131;-807.894;-11936.406;1831.984
13.605771;28690000;151;;;;;;;;;;;;;;
13.608271;28692500;156;;;;;;;;;;;;;;
13.610771;28695000;150;;;;;;;;;;;;;;
13.613271;28697500;21;;;;;;;;;;;;;;
13.615771;28700000;256;;;;;;;;;;;;;;
13.618271;28702500;205;;;;;;;;;;;;;;
13.620771;28705000;169;;;;;;;;;;;;;;
13.623271;28707500;154;;;;;;;;;;;;;;
13.625771;28710000;126;;;;;;;;;;;;;;
13.628271;28712500;137;;;;;;;;;;;;;;
13.630771;28715000;168;;;;;;;;;;;;;;
13.633271;28717500;154;28717158;177.824;-422.062;929.293;7164.625;6067.767;-836.95;28716731;-988.498;13.969;86.165;-584.624;-16077.711;2656.947
13.635771;28720000;174;;;;;;;;;;;;;;
13.638271;28722500;152;;;;;;;;;;;;;;
13.640771;28725000;139;;;;;;;;;;;;;;
13.643271;28727500;300;;;;;;;;;;;;;;
13.645771;28730000;186;;;;;;;;;;;;;;
13.648271;28732500;171;;;;;;;;;;;;;;
13.650771;28735000;154;;;;;;;;;;;;;;
13.653271;28737500;155;;;;;;;;;;;;;;
13.655771;28740000;173;;;;;;;;;;;;;;
13.658271;28742500;170;;;;;;;;;;;;;;
13.660771;28745000;140;;;;;;;;;;;;;;
13.663271;28747500;135;;;;;;;;28748669;-986.171;14.423;93.757;-279.331;-19847.449;3495.787
13.665771;28750000;126;28749109;173.679;-418.039;926.73;6931.081;5987.066;-426.29;;;;;;;
13.668271;28752500;156;;;;;;;;;;;;;;
13.670771;28755000;143;;;;;;;;;;;;;;
13.673271;28757500;153;;;;;;;;;;;;;;
13.675771;28760000;156;;;;;;;;;;;;;;
13.678271;28762500;302;;;;;;;;;;;;;;
13.680771;28765000;215;;;;;;;;;;;;;;
13.683271;28767500;142;;;;;;;;;;;;;;
13.685771;28770000;126;;;;;;;;;;;;;;
13.688271;28772500;136;;;;;;;;;;;;;;
13.690771;28775000;141;;;;;;;;;;;;;;
13.693271;28777500;172;;;;;;;;;;;;;;
13.695771;28780000;155;28781030;170.058;-413.705;924.899;6820.777;6051.275;-68.1;28780608;-981.6;15.545;105.344;-394.427;-23390.201;4604.186
13.698271;28782500;150;;;;;;;;;;;;;;
13.700771;28785000;138;;;;;;;;;;;;;;
13.703271;28787500;125;;;;;;;;;;;;;;
13.705771;28790000;142;;;;;;;;;;;;;;
13.708271;28792500;0;;;;;;;;;;;;;;
13.710771;28795000;271;;;;;;;;;;;;;;
13.713271;28797500;202;;;;;;;;;;;;;;
13.715771;28800000;190;;;;;;;;;;;;;;
13.718271;28802500;153;;;;;;;;;;;;;;
13.720771;28805000;140;;;;;;;;;;;;;;
13.723271;28807500;135;;;;;;;;;;;;;;
13.725771;28810000;125;;;;;;;;;;;;;;
13.728271;28812500;153;28812991;169.125;-409.093;922.611;6987.675;6089.524;606.43;28812546;-977.025;16.512;121.72;-381.705;-26404.066;5504.914
13.730771;28815000;142;;;;;;;;;;;;;;
13.733271;28817500;170;;;;;;;;;;;;;;
13.735771;28820000;174;;;;;;;;;;;;;;
13.738271;28822500;169;;;;;;;;;;;;;;
13.740771;28825000;297;;;;;;;;;;;;;;
13.743271;28827500;171;;;;;;;;;;;;;;
13.745771;28830000;158;;;;;;;;;;;;;;
13.748271;28832500;139;;;;;;;;;;;;;;
13.750771;28835000;142;;;;;;;;;;;;;;
13.753271;28837500;171;;;;;;;;;;;;;;
13.755771;28840000;155;;;;;;;;;;;;;;
13.758271;28842500;170;;;;;;;;;;;;;;
13.760771;28845000;138;28844914;170.063;-402.888;917.113;7074.479;6825.423;1876.796;28844484;-970.087;18.596;138.844;-524.495;-29023.551;5989.168
13.763271;28847500;126;;;;;;;;;;;;;;
13.765771;28850000;142;;;;;;;;;;;;;;
13.768271;28852500;137;;;;;;;;;;;;;;
13.770771;28855000;172;;;;;;;;;;;;;;
13.773271;28857500;266;;;;;;;;;;;;;;
13.775771;28860000;200;;;;;;;;;;;;;;
13.778271;28862500;184;;;;;;;;;;;;;;
13.780771;28865000;140;;;;;;;;;;;;;;
13.783271;28867500;135;;;;;;;;;;;;;;
13.785771;28870000;143;;;;;;;;;;;;;;
13.788271;28872500;126;;;;;;;;;;;;;;
13.790771;28875000;160;28875399;169.606;-399.067;915.214;7936.567;6906.339;3317.268;28874961;-963.771;22.991;152.959;-251.958;-30638.811;6030.084
13.793271;28877500;154;;;;;;;;;;;;;;
13.795771;28880000;182;;;;;;;;;;;;;;
13.798271;28882500;152;;;;;;;;;;;;;;
13.800771;28885000;138;;;;;;;;;;;;;;
13.803271;28887500;365;;;;;;;;;;;;;;
13.805771;28890000;217;;;;;;;;;;;;;;
13.808271;28892500;184;;;;;;;;;;;;;;
13.810771;28895000;154;;;;;;;;;;;;;;
13.813271;28897500;157;;;;;;;;;;;;;;
13.815771;28900000;154;;;;;;;;;;;;;;
13.818271;28902500;152;;;;;;;;;;;;;;
13.820771;28905000;158;;;;;;;;;;;;;;
13.823271;28907500;152;28907417;168.726;-392.698;911.073;8706.988;5875.46;4913.217;28906987;-956.074;25.423;167.046;311.015;-31071.244;5862.018
13.825771;28910000;126;;;;;;;;;;;;;;
13.828271;28912500;137;;;;;;;;;;;;;;
13.830771;28915000;143;;;;;;;;;;;;;;
13.833271;28917500;173;;;;;;;;;;;;;;
13.835771;28920000;361;;;;;;;;;;;;;;
13.838271;28922500;220;;;;;;;;;;;;;;
13.840771;28925000;159;;;;;;;;;;;;;;
13.843271;28927500;137;;;;;;;;;;;;;;
13.845771;28930000;152;;;;;;;;;;;;;;
13.848271;28932500;136;;;;;;;;;;;;;;
13.850771;28935000;141;;;;;;;;;;;;;;
13.853271;28937500;156;;;;;;;;;;;;;;
13.855771;28940000;156;28939364;169.128;-384.519;906.036;9042.076;4007.562;6500.244;28938924;-947.127;28.598;180.367;848.027;-30232.119;5818.729
13.858271;28942500;152;;;;;;;;;;;;;;
13.860771;28945000;140;;;;;;;;;;;;;;
13.863271;28947500;153;;;;;;;;;;;;;;
13.865771;28950000;126;;;;;;;;;;;;;;
13.868271;28952500;296;;;;;;;;;;;;;;
13.870771;28955000;202;;;;;;;;;;;;;;
13.873271;28957500;172;;;;;;;;;;;;;;
13.875771;28960000;185;;;;;;;;;;;;;;
13.878271;28962500;153;;;;;;;;;;;;;;
13.880771;28965000;156;;;;;;;;;;;;;;
13.883271;28967500;152;;;;;;;;;;;;;;
13.885771;28970000;152;28971118;170.603;-377.762;900.902;9169.66;2115.809;7334.606;28970690;-938.835;32.597;193.272;1274.188;-28254.139;5814.355
13.888271;28972500;155;;;;;;;;;;;;;;
13.890771;28975000;150;;;;;;;;;;;;;;
13.893271;28977500;172;;;;;;;;;;;;;;
13.895771;28980000;157;;;;;;;;;;;;;;
13.898271;28982500;330;;;;;;;;;;;;;;
13.900771;28985000;204;;;;;;;;;;;;;;
13.903271;28987500;152;;;;;;;;;;;;;;
13.905771;28990000;155;;;;;;;;;;;;;;
13.908271;28992500;136;;;;;;;;;;;;;;
13.910771;28995000;168;;;;;;;;;;;;;;
13.913271;28997500;171;;;;;;;;;;;;;;
13.915771;29000000;156;;;;;;;;;;;;;;
13.918271;29002500;169;29003156;173.84;-372.123;898.386;9748.489;1565.956;7115.751;29002715;-934.752;36.586;209.204;-95.459;-25247.182;5691.637
13.920771;29005000;138;;;;;;;;;;;;;;
13.923271;29007500;152;;;;;;;;;;;;;;
13.925771;29010000;151;;;;;;;;;;;;;;
13.928271;29012500;155;;;;;;;;;;;;;;
13.930771;29015000;317;;;;;;;;;;;;;;
13.933271;29017500;216;;;;;;;;;;;;;;
13.935771;29020000;192;;;;;;;;;;;;;;
13.938271;29022500;174;;;;;;;;;;;;;;
13.940771;29025000;139;;;;;;;;;;;;;;
13.943271;29027500;152;;;;;;;;;;;;;;
13.945771;29030000;125;;;;;;;;;;;;;;
13.948271;29032500;154;29033534;176.939;-366.607;898.296;10281.314;1761.97;7093.338;29033104;-931.818;41.93;222.18;-914.936;-22066.385;5418.868
13.950771;29035000;167;;;;;;;;;;;;;;
13.953271;29037500;154;;;;;;;;;;;;;;
13.955771;29040000;173;;;;;;;;;;;;;;
13.958271;29042500;152;;;;;;;;;;;;;;
13.960771;29045000;5;;;;;;;;;;;;;;
13.963271;29047500;270;;;;;;;;;;;;;;
13.965771;29050000;188;;;;;;;;;;;;;;
13.968271;29052500;151;;;;;;;;;;;;;;
13.970771;29055000;151;;;;;;;;29055838;-926.933;42.615;235.257;-1666.314;-18694.627;4953.674
13.973271;29057500;183;29056275;171.05;-371.951;910.203;10059.499;1655.059;7103.546;;;;;;;
13.975771;29060000;155;;;;;;;;;;;;;;
13.978271;29062500;172;;;;;;;;;;;;;;
13.980771;29065000;138;;;;;;;;;;;;;;
13.983271;29067500;127;;;;;;;;;;;;;;
13.985771;29070000;152;;;;;;;;;;;;;;
13.988271;29072500;136;;;;;;;;;;;;;;
13.990771;29075000;168;;;;;;;;;;;;;;
13.993271;29077500;381;;;;;;;;;;;;;;
13.995771;29080000;251;;;;;;;;;;;;;;
13.998271;29082500;202;;;;;;;;;;;;;;
14.000771;29085000;151;;;;;;;;;;;;;;
14.003271;29087500;154;29088467;173.777;-368.195;911.553;10603.899;2051.369;7538.932;29088037;-926.654;42.107;248.138;-1274.124;-15696.645;4083.428
14.005771;29090000;127;;;;;;;;;;;;;;
14.008271;29092500;139;;;;;;;;;;;;;;
14.010771;29095000;168;;;;;;;;;;;;;;
14.013271;29097500;155;;;;;;;;;;;;;;
14.015771;29100000;174;;;;;;;;;;;;;;
14.018271;29102500;152;;;;;;;;;;;;;;
14.020771;29105000;139;;;;;;;;;;;;;;
14.023271;29107500;144;;;;;;;;;;;;;;
14.025771;29110000;335;;;;;;;;;;;;;;
14.028271;29112500;233;;;;;;;;;;;;;;
14.030771;29115000;171;;;;;;;;;;;;;;
14.033271;29117500;168;;;;;;;;29118687;-924.088;43.344;256.569;-952.292;-12500.75;3335.882
14.035771;29120000;183;29119125;172.097;-362.052;911.03;10877.392;1555.488;8612.734;;;;;;;
14.038271;29122500;170;;;;;;;;;;;;;;
14.040771;29125000;157;;;;;;;;;;;;;;
14.043271;29127500;127;;;;;;;;;;;;;;
14.045771;29130000;134;;;;;;;;;;;;;;
14.048271;29132500;156;;;;;;;;;;;;;;
14.050771;29135000;169;;;;;;;;;;;;;;
14.053271;29137500;155;;;;;;;;;;;;;;
14.055771;29140000;377;;;;;;;;;;;;;;
14.058271;29142500;255;;;;;;;;;;;;;;
14.060771;29145000;171;;;;;;;;;;;;;;
14.063271;29147500;158;;;;;;;;;;;;;;
14.065771;29150000;127;29151055;171.068;-356.32;913.857;10695.771;572.089;8728.973;29150625;-924.598;44.203;260.016;-831.178;-9173.712;2662.463
14.068271;29152500;138;;;;;;;;;;;;;;
14.070771;29155000;168;;;;;;;;;;;;;;
14.073271;29157500;156;;;;;;;;;;;;;;
14.075771;29160000;173;;;;;;;;;;;;;;
14.078271;29162500;392;;;;;;;;;;;;;;
14.080771;29165000;251;;;;;;;;;;;;;;
14.083271;29167500;185;;;;;;;;;;;;;;
14.085771;29170000;138;;;;;;;;;;;;;;
14.088271;29172500;155;;;;;;;;;;;;;;
14.090771;29175000;168;;;;;;;;;;;;;;
14.093271;29177500;156;;;;;;;;;;;;;;
14.095771;29180000;174;;;;;;;;;;;;;;
14.098271;29182500;153;29182996;170.164;-351.278;915.555;10655.357;-2.078;8200.211;29182564;-924.923;45.311;263.717;-769.494;-6909.901;2173.652
14.100771;29185000;158;;;;;;;;;;;;;;
14.103271;29187500;149;;;;;;;;;;;;;;
14.105771;29190000;152;;;;;;;;;;;;;;
14.108271;29192500;156;;;;;;;;;;;;;;
14.110771;29195000;374;;;;;;;;;;;;;;
14.113271;29197500;264;;;;;;;;;;;;;;
14.115771;29200000;187;;;;;;;;;;;;;;
14.118271;29202500;183;;;;;;;;;;;;;;
14.120771;29205000;167;;;;;;;;;;;;;;
14.123271;29207500;126;;;;;;;;;;;;;;
14.125771;29210000;125;;;;;;;;;;;;;;
14.128271;29212500;153;;;;;;;;;;;;;;
14.130771;29215000;168;29214851;167.347;-346.969;916.296;10396.027;-77.662;7328.2;29214416;-926.538;42.161;268.849;-433.082;-5384.906;1706.219
14.133271;29217500;173;;;;;;;;;;;;;;
14.135771;29220000;174;;;;;;;;;;;;;;
14.138271;29222500;169;;;;;;;;;;;;;;
14.140771;29225000;0;;;;;;;;;;;;;;
14.143271;29227500;239;;;;;;;;;;;;;;
14.145771;29230000;167;;;;;;;;;;;;;;
14.148271;29232500;144;;;;;;;;;;;;;;
14.150771;29235000;170;;;;;;;;;;;;;;
14.153271;29237500;175;;;;;;;;;;;;;;
14.155771;29240000;156;;;;;;;;;;;;;;
14.158271;29242500;144;;;;;;;;;;;;;;
14.160771;29245000;139;;;;;;;;;;;;;;
14.163271;29247500;127;29246793;166.794;-339.972;917.238;10121.663;-410.654;6351.915;29246353;-923.094;39.327;272.395;-522.99;-4031.973;1376.346
14.165771;29250000;143;;;;;;;;;;;;;;
14.168271;29252500;136;;;;;;;;;;;;;;
14.170771;29255000;143;;;;;;;;;;;;;;
14.173271;29257500;377;;;;;;;;;;;;;;
14.175771;29260000;247;;;;;;;;;;;;;;
14.178271;29262500;200;;;;;;;;;;;;;;
14.180771;29265000;168;;;;;;;;;;;;;;
14.183271;29267500;127;;;;;;;;;;;;;;
14.185771;29270000;125;;;;;;;;;;;;;;
14.188271;29272500;154;;;;;;;;;;;;;;
14.190771;29275000;141;;;;;;;;;;;;;;
14.193271;29277500;154;29277258;165.787;-333.094;913.808;9307.143;-63.309;5450.694;29276831;-925.153;44.034;277.502;-221.653;-1602.187;874.841
14.195771;29280000;155;;;;;;;;;;;;;;
14.198271;29282500;144;;;;;;;;;;;;;;
14.200771;29285000;156;;;;;;;;;;;;;;
14.203271;29287500;124;;;;;;;;;;;;;;
14.205771;29290000;336;;;;;;;;;;;;;;
14.208271;29292500;202;;;;;;;;;;;;;;
14.210771;29295000;168;;;;;;;;;;;;;;
14.213271;29297500;183;;;;;;;;;;;;;;
14.215771;29300000;173;;;;;;;;;;;;;;
14.218271;29302500;150;;;;;;;;;;;;;;
14.220771;29305000;138;;;;;;;;;;;;;;
14.223271;29307500;125;;;;;;;;29308596;-939.45;58.833;278.566;1616.43;2214.172;-43.901
14.225771;29310000;143;29309035;163.622;-325.827;914.837;9645.473;-477.956;3854.285;;;;;;;
14.228271;29312500;135;;;;;;;;;;;;;;
14.230771;29315000;141;;;;;;;;;;;;;;
14.233271;29317500;151;;;;;;;;;;;;;;
14.235771;29320000;171;;;;;;;;;;;;;;
14.238271;29322500;287;;;;;;;;;;;;;;
14.240771;29325000;188;;;;;;;;;;;;;;
14.243271;29327500;140;;;;;;;;;;;;;;
14.245771;29330000;126;;;;;;;;;;;;;;
14.248271;29332500;153;;;;;;;;;;;;;;
14.250771;29335000;141;;;;;;;;;;;;;;
14.253271;29337500;153;;;;;;;;;;;;;;
14.255771;29340000;173;29340790;158.539;-321.742;917.175;9709.199;-1541.245;2159.633;29340359;-938.014;56.983;274.928;1681.733;6134.151;-911.456
14.258271;29342500;143;;;;;;;;;;;;;;
14.260771;29345000;155;;;;;;;;;;;;;;
14.263271;29347500;127;;;;;;;;;;;;;;
14.265771;29350000;152;;;;;;;;;;;;;;
14.268271;29352500;171;;;;;;;;;;;;;;
14.270771;29355000;284;;;;;;;;;;;;;;
14.273271;29357500;217;;;;;;;;;;;;;;
14.275771;29360000;170;;;;;;;;;;;;;;
14.278271;29362500;170;;;;;;;;;;;;;;
14.280771;29365000;137;;;;;;;;;;;;;;
14.283271;29367500;125;;;;;;;;;;;;;;
14.285771;29370000;143;;;;;;;;;;;;;;
14.288271;29372500;126;29372737;157.884;-321.045;918.458;9102.114;-2395.621;670.026;29372299;-936.065;53.573;274.016;1532.896;10555.068;-1989.821
14.290771;29375000;138;;;;;;;;;;;;;;
14.293271;29377500;153;;;;;;;;;;;;;;
14.295771;29380000;155;;;;;;;;;;;;;;
14.298271;29382500;169;;;;;;;;;;;;;;
14.300771;29385000;280;;;;;;;;;;;;;;
14.303271;29387500;173;;;;;;;;;;;;;;
14.305771;29390000;139;;;;;;;;;;;;;;
14.308271;29392500;137;;;;;;;;;;;;;;
14.310771;29395000;168;;;;;;;;;;;;;;
14.313271;29397500;151;;;;;;;;;;;;;;
14.315771;29400000;173;;;;;;;;;;;;;;
14.318271;29402500;169;;;;;;;;;;;;;;
14.320771;29405000;139;29404755;156.669;-312.093;916.632;9466.446;-2907.152;-465.538;29404325;-942.386;51.462;259.565;-268.811;13257.814;-2497.142
14.323271;29407500;135;;;;;;;;;;;;;;
14.325771;29410000;125;;;;;;;;;;;;;;
14.328271;29412500;155;;;;;;;;;;;;;;
14.330771;29415000;397;;;;;;;;;;;;;;
14.333271;29417500;263;;;;;;;;;;;;;;
14.335771;29420000;189;;;;;;;;;;;;;;
14.338271;29422500;157;;;;;;;;;;;;;;
14.340771;29425000;159;;;;;;;;;;;;;;
14.343271;29427500;124;;;;;;;;;;;;;;
14.345771;29430000;125;;;;;;;;;;;;;;
14.348271;29432500;127;;;;;;;;;;;;;;
14.350771;29435000;142;29435327;155.308;-305.815;919.283;10135.874;-3073.732;-610.261;29434887;-946.409;50.444;248.441;-2580.683;14905.361;-2785.722
14.353271;29437500;170;;;;;;;;;;;;;;
14.355771;29440000;171;;;;;;;;;;;;;;
14.358271;29442500;142;;;;;;;;;;;;;;
14.360771;29445000;135;;;;;;;;;;;;;;
14.363271;29447500;345;;;;;;;;;;;;;;
14.365771;29450000;222;;;;;;;;;;;;;;
14.368271;29452500;174;;;;;;;;;;;;;;
14.370771;29455000;153;;;;;;;;;;;;;;
14.373271;29457500;155;;;;;;;;;;;;;;
14.375771;29460000;157;;;;;;;;;;;;;;
14.378271;29462500;168;;;;;;;;;;;;;;
14.380771;29465000;139;;;;;;;;;;;;;;
14.383271;29467500;126;29467601;161.426;-300.291;925.931;11543.143;-1833.733;-725.873;29467174;-953.617;41.56;230.09;1295.539;17244.469;-3208.186
14.385771;29470000;124;;;;;;;;;;;;;;
14.388271;29472500;137;;;;;;;;;;;;;;
14.390771;29475000;142;;;;;;;;;;;;;;
14.393271;29477500;155;;;;;;;;;;;;;;
14.395771;29480000;344;;;;;;;;;;;;;;
14.398271;29482500;214;;;;;;;;;;;;;;
14.400771;29485000;173;;;;;;;;;;;;;;
14.403271;29487500;137;;;;;;;;;;;;;;
14.405771;29490000;144;;;;;;;;;;;;;;
14.408271;29492500;138;;;;;;;;;;;;;;
14.410771;29495000;142;;;;;;;;;;;;;;
14.413271;29497500;173;;;;;;;;;;;;;;
14.415771;29500000;157;29499812;162.138;-293.352;933.949;14469.048;-1895.609;-730.704;29499373;-953.522;42.83;226.937;1246.512;15940.37;-2922.214
14.418271;29502500;152;;;;;;;;;;;;;;
14.420771;29505000;139;;;;;;;;;;;;;;
14.423271;29507500;127;;;;;;;;;;;;;;
14.425771;29510000;152;;;;;;;;;;;;;;
14.428271;29512500;282;;;;;;;;;;;;;;
14.430771;29515000;201;;;;;;;;;;;;;;
14.433271;29517500;173;;;;;;;;;;;;;;
14.435771;29520000;167;;;;;;;;;;;;;;
14.438271;29522500;169;;;;;;;;;;;;;;
14.440771;29525000;138;;;;;;;;;;;;;;
14.443271;29527500;126;;;;;;;;;;;;;;
14.445771;29530000;151;;;;;;;;;;;;;;
14.448271;29532500;136;29532000;164.383;-285.499;940.23;16065.221;-4342.703;1559.831;29531570;-953.749;41.695;222.782;1348.249;15401.039;-2799.291
14.450771;29535000;168;;;;;;;;;;;;;;
14.453271;29537500;156;;;;;;;;;;;;;;
14.455771;29540000;174;;;;;;;;;;;;;;
14.458271;29542500;344;;;;;;;;;;;;;;
14.460771;29545000;204;;;;;;;;;;;;;;
14.463271;29547500;171;;;;;;;;;;;;;;
14.465771;29550000;136;;;;;;;;;;;;;;
14.468271;29552500;158;;;;;;;;;;;;;;
14.470771;29555000;168;;;;;;;;;;;;;;
14.473271;29557500;155;;;;;;;;;;;;;;
14.475771;29560000;173;;;;;;;;;;;;;;
14.478271;29562500;144;;;;;;;;;;;;;;
14.480771;29565000;156;29564208;168.858;-277.33;948.21;15561.647;-6867.38;844.839;29563770;-958.479;40.367;217.883;1717.024;14662.487;-2679.451
14.483271;29567500;126;;;;;;;;;;;;;;
14.485771;29570000;152;;;;;;;;;;;;;;
14.488271;29572500;137;;;;;;;;;;;;;;
14.490771;29575000;312;;;;;;;;;;;;;;
14.493271;29577500;236;;;;;;;;;;;;;;
14.495771;29580000;183;;;;;;;;;;;;;;
14.498271;29582500;156;;;;;;;;;;;;;;
14.500771;29585000;140;;;;;;;;;;;;;;
14.503271;29587500;128;;;;;;;;;;;;;;
14.505771;29590000;126;;;;;;;;;;;;;;
14.508271;29592500;137;;;;;;;;;;;;;;
14.510771;29595000;152;29594590;174.274;-267.306;955.156;13080.377;-9768.074;-999.028;29594160;-957.72;39.062;212.637;1806.173;13573.675;-2520.979
14.513271;29597500;153;;;;;;;;;;;;;;
14.515771;29600000;155;;;;;;;;;;;;;;
14.518271;29602500;169;;;;;;;;;;;;;;
14.520771;29605000;137;;;;;;;;;;;;;;
14.523271;29607500;297;;;;;;;;;;;;;;
14.525771;29610000;173;;;;;;;;;;;;;;
14.528271;29612500;152;;;;;;;;;;;;;;
14.530771;29615000;172;;;;;;;;;;;;;;
14.533271;29617500;175;;;;;;;;29618550;-957.963;36.792;206.782;1947.302;12941.804;-2474.555
14.535771;29620000;155;29618982;177.736;-261.773;959.865;9433.421;-12353.107;-3046.451;;;;;;;
14.538271;29622500;152;;;;;;;;;;;;;;
14.540771;29625000;138;;;;;;;;;;;;;;
14.543271;29627500;150;;;;;;;;;;;;;;
14.545771;29630000;149;;;;;;;;;;;;;;
14.548271;29632500;155;;;;;;;;;;;;;;
14.550771;29635000;151;;;;;;;;;;;;;;
14.553271;29637500;263;;;;;;;;;;;;;;
14.555771;29640000;303;;;;;;;;;;;;;;
14.558271;29642500;217;;;;;;;;;;;;;;
14.560771;29645000;172;;;;;;;;;;;;;;
14.563271;29647500;128;;;;;;;;;;;;;;
14.565771;29650000;127;29649440;183.685;-253.992;961.038;6471.062;-13544.515;-4086.316;29649005;-959.89;36.075;199.749;1819.749;12286.838;-2395.014
14.568271;29652500;156;;;;;;;;;;;;;;
14.570771;29655000;151;;;;;;;;;;;;;;
14.573271;29657500;174;;;;;;;;;;;;;;
14.575771;29660000;182;;;;;;;;;;;;;;
14.578271;29662500;172;;;;;;;;;;;;;;
14.580771;29665000;140;;;;;;;;;;;;;;
14.583271;29667500;151;;;;;;;;;;;;;;
14.585771;29670000;8;;;;;;;;;;;;;;
14.588271;29672500;270;;;;;;;;;;;;;;
14.590771;29675000;206;;;;;;;;;;;;;;
14.593271;29677500;173;;;;;;;;;;;;;;
14.595771;29680000;184;29680007;187.408;-242.414;961.591;4848.572;-13611.477;-3927.938;29679569;-962.33;35.54;194.117;1479.824;11699.184;-2294.076
14.598271;29682500;151;;;;;;;;;;;;;;
14.600771;29685000;139;;;;;;;;;;;;;;
14.603271;29687500;152;;;;;;;;;;;;;;
14.605771;29690000;127;;;;;;;;;;;;;;
14.608271;29692500;136;;;;;;;;;;;;;;
14.610771;29695000;143;;;;;;;;;;;;;;
14.613271;29697500;155;;;;;;;;;;;;;;
14.615771;29700000;0;;;;;;;;;;;;;;
14.618271;29702500;282;;;;;;;;;;;;;;
14.620771;29705000;186;;;;;;;;;;;;;;
14.623271;29707500;142;;;;;;;;;;;;;;
14.625771;29710000;139;;;;;;;;;;;;;;
14.628271;29712500;157;29712289;192.025;-235.46;959.414;2424.331;-13872.84;-3711.853;29711854;-965.57;36.002;188.236;1435.583;11187.287;-2216.56
14.630771;29715000;150;;;;;;;;;;;;;;
14.633271;29717500;174;;;;;;;;;;;;;;
14.635771;29720000;154;;;;;;;;;;;;;;
14.638271;29722500;152;;;;;;;;;;;;;;
14.640771;29725000;17;;;;;;;;;;;;;;
14.643271;29727500;234;;;;;;;;;;;;;;
14.645771;29730000;185;;;;;;;;;;;;;;
14.648271;29732500;170;;;;;;;;;;;;;;
14.650771;29735000;171;;;;;;;;;;;;;;
14.653271;29737500;174;;;;;;;;;;;;;;
14.655771;29740000;158;;;;;;;;;;;;;;
14.658271;29742500;153;;;;;;;;;;;;;;
14.660771;29745000;138;29744578;204.311;-240.298;986.595;1511.677;-8735.51;-2633.76;29744139;-969.391;36.318;179.806;1710.304;10694.423;-2105.294
14.663271;29747500;128;;;;;;;;;;;;;;
14.665771;29750000;135;;;;;;;;;;;;;;
14.668271;29752500;137;;;;;;;;;;;;;;
14.670771;29755000;0;;;;;;;;;;;;;;
14.673271;29757500;282;;;;;;;;;;;;;;
14.675771;29760000;205;;;;;;;;;;;;;;
14.678271;29762500;171;;;;;;;;;;;;;;
14.680771;29765000;142;;;;;;;;;;;;;;
14.683271;29767500;153;;;;;;;;;;;;;;
14.685771;29770000;126;;;;;;;;;;;;;;
14.688271;29772500;138;;;;;;;;;;;;;;
14.690771;29775000;152;;;;;;;;29776165;-968.654;36.204;176.354;2001.476;9901.576;-1942.717
14.693271;29777500;165;29776593;205.319;-248.321;994.88;789.468;-6060.922;-2297.323;;;;;;;
14.695771;29780000;182;;;;;;;;;;;;;;
14.698271;29782500;169;;;;;;;;;;;;;;
14.700771;29785000;137;;;;;;;;;;;;;;
14.703271;29787500;286;;;;;;;;;;;;;;
14.705771;29790000;184;;;;;;;;;;;;;;
14.708271;29792500;170;;;;;;;;;;;;;;
14.710771;29795000;172;;;;;;;;;;;;;;
14.713271;29797500;154;;;;;;;;;;;;;;
14.715771;29800000;155;;;;;;;;;;;;;;
14.718271;29802500;150;;;;;;;;;;;;;;
14.720771;29805000;154;;;;;;;;;;;;;;
14.723271;29807500;153;29808544;205.643;-244.805;997.406;1139.369;-5034.688;-2332.519;29808104;-971.425;35.425;172.039;2411.964;9517.185;-1888.019
14.725771;29810000;126;;;;;;;;;;;;;;
14.728271;29812500;136;;;;;;;;;;;;;;
14.730771;29815000;152;;;;;;;;;;;;;;
14.733271;29817500;174;;;;;;;;;;;;;;
14.735771;29820000;297;;;;;;;;;;;;;;
14.738271;29822500;201;;;;;;;;;;;;;;
14.740771;29825000;155;;;;;;;;;;;;;;
14.743271;29827500;127;;;;;;;;;;;;;;
14.745771;29830000;142;;;;;;;;;;;;;;
14.748271;29832500;153;;;;;;;;;;;;;;
14.750771;29835000;167;;;;;;;;;;;;;;
14.753271;29837500;173;;;;;;;;29838666;-972.318;34.544;165.828;2500.491;9080.263;-1846.555
14.755771;29840000;172;29839101;204.626;-241.154;999.148;688.213;-4631.141;-2268.83;;;;;;;
14.758271;29842500;169;;;;;;;;;;;;;;
14.760771;29845000;156;;;;;;;;;;;;;;
14.763271;29847500;126;;;;;;;;;;;;;;
14.765771;29850000;0;;;;;;;;;;;;;;
14.768271;29852500;296;;;;;;;;;;;;;;
14.770771;29855000;215;;;;;;;;;;;;;;
14.773271;29857500;190;;;;;;;;;;;;;;
14.775771;29860000;159;;;;;;;;;;;;;;
14.778271;29862500;170;;;;;;;;;;;;;;
14.780771;29865000;156;;;;;;;;;;;;;;
14.783271;29867500;134;;;;;;;;;;;;;;
14.785771;29870000;143;29871124;203.46;-238.234;999.772;-246.135;-4535.209;-2379.826;29870692;-972.917;32.988;161.013;2436.279;8633.687;-1781.79
14.788271;29872500;156;;;;;;;;;;;;;;
14.790771;29875000;151;;;;;;;;;;;;;;
14.793271;29877500;173;;;;;;;;;;;;;;
14.795771;29880000;154;;;;;;;;;;;;;;
14.798271;29882500;29;;;;;;;;;;;;;;
14.800771;29885000;240;;;;;;;;;;;;;;
14.803271;29887500;166;;;;;;;;;;;;;;
14.805771;29890000;157;;;;;;;;;;;;;;
14.808271;29892500;138;;;;;;;;;;;;;;
14.810771;29895000;142;;;;;;;;;;;;;;
14.813271;29897500;174;;;;;;;;;;;;;;
14.815771;29900000;155;;;;;;;;;;;;;;
14.818271;29902500;167;29903234;203.766;-238.961;1007.685;-303.391;-5145.386;-3663.46;29902804;-972.095;32.168;156.177;2304.84;8291.689;-1732.075
14.820771;29905000;153;;;;;;;;;;;;;;
14.823271;29907500;144;;;;;;;;;;;;;;
14.825771;29910000;126;;;;;;;;;;;;;;
14.828271;29912500;135;;;;;;;;;;;;;;
14.830771;29915000;392;;;;;;;;;;;;;;
14.833271;29917500;265;;;;;;;;;;;;;;
14.835771;29920000;207;;;;;;;;;;;;;;
14.838271;29922500;184;;;;;;;;;;;;;;
14.840771;29925000;140;;;;;;;;;;;;;;
14.843271;29927500;126;;;;;;;;;;;;;;
14.845771;29930000;127;;;;;;;;;;;;;;
14.848271;29932500;156;;;;;;;;;;;;;;
14.850771;29935000;168;29935447;203.655;-236.999;1018.563;1312.591;-4883.304;-4896.474;29935002;-975.225;28.602;157.336;2206.661;7731.417;-1633.659
14.853271;29937500;157;;;;;;;;;;;;;;
14.855771;29940000;156;;;;;;;;;;;;;;
14.858271;29942500;151;;;;;;;;;;;;;;
14.860771;29945000;368;;;;;;;;;;;;;;
14.863271;29947500;237;;;;;;;;;;;;;;
14.865771;29950000;167;;;;;;;;;;;;;;
14.868271;29952500;142;;;;;;;;;;;;;;
14.870771;29955000;152;;;;;;;;;;;;;;
14.873271;29957500;172;;;;;;;;;;;;;;
14.875771;29960000;173;;;;;;;;;;;;;;
14.878271;29962500;142;;;;;;;;;;;;;;
14.880771;29965000;138;;;;;;;;;;;;;;
14.883271;29967500;127;29967625;209.076;-238.789;1028.519;2051.524;-6858.576;-5132.463;29967202;-978.356;28.873;143.601;2515.453;7667.722;-1712.976
14.885771;29970000;150;;;;;;;;;;;;;;
14.888271;29972500;156;;;;;;;;;;;;;;
14.890771;29975000;170;;;;;;;;;;;;;;
14.893271;29977500;379;;;;;;;;;;;;;;
14.895771;29980000;249;;;;;;;;;;;;;;
14.898271;29982500;201;;;;;;;;;;;;;;
14.900771;29985000;168;;;;;;;;;;;;;;
14.903271;29987500;151;;;;;;;;;;;;;;
14.905771;29990000;125;;;;;;;;;;;;;;
14.908271;29992500;141;;;;;;;;;;;;;;
14.910771;29995000;170;;;;;;;;;;;;;;
14.913271;29997500;174;29998292;214.678;-238.207;1035.171;1534.636;-7233.585;-5641.465;29997853;-983.131;33.176;138.94;2371.305;6788.21;-1529.327
14.915771;30000000;156;;;;;;;;;;;;;;
14.918271;30002500;151;;;;;;;;;;;;;;
14.920771;30005000;136;;;;;;;;;;;;;;
14.923271;30007500;127;;;;;;;;;;;;;;
14.925771;30010000;363;;;;;;;;;;;;;;
14.928271;30012500;233;;;;;;;;;;;;;;
14.930771;30015000;189;;;;;;;;;;;;;;
14.933271;30017500;175;;;;;;;;;;;;;;
14.935771;30020000;156;;;;;;;;;;;;;;
14.938271;30022500;170;30022670;215.699;-234.538;1038.94;1040.966;-7190.406;-6245.767;30022243;-984.561;30.047;135.897;1701.927;6587.487;-1377.611
14.940771;30025000;154;;;;;;;;;;;;;;
14.943271;30027500;125;;;;;;;;;;;;;;
14.945771;30030000;143;;;;;;;;;;;;;;
14.948271;30032500;128;;;;;;;;;;;;;;
14.950771;30035000;144;;;;;;;;;;;;;;
14.953271;30037500;173;;;;;;;;;;;;;;
14.955771;30040000;173;;;;;;;;;;;;;;
14.958271;30042500;350;;;;;;;;;;;;;;
14.960771;30045000;202;;;;;;;;;;;;;;
14.963271;30047500;143;;;;;;;;;;;;;;
14.965771;30050000;136;;;;;;;;;;;;;;
14.968271;30052500;158;30053311;215.857;-231.864;1038.142;-623.27;-6111.198;-5259.291;30052871;-981.772;28.532;130.78;1180.206;5880.55;-1167.855
14.970771;30055000;160;;;;;;;;;;;;;;
14.973271;30057500;151;;;;;;;;;;;;;;
14.975771;30060000;153;;;;;;;;;;;;;;
14.978271;30062500;143;;;;;;;;;;;;;;
14.980771;30065000;154;;;;;;;;;;;;;;
14.983271;30067500;151;;;;;;;;;;;;;;
14.985771;30070000;125;;;;;;;;;;;;;;
14.988271;30072500;155;;;;;;;;;;;;;;
14.990771;30075000;332;;;;;;;;;;;;;;
14.993271;30077500;236;;;;;;;;;;;;;;
14.995771;30080000;199;;;;;;;;;;;;;;
14.998271;30082500;152;;;;;;;;30083521;-986.12;29.467;127.547;1377.133;6091.835;-1254.275
15.000771;30085000;156;30083944;217.264;-231.592;1030.942;-1848.606;-4265.638;-4915.826;;;;;;;
15.003271;30087500;142;;;;;;;;;;;;;;
15.005771;30090000;142;;;;;;;;;;;;;;
15.008271;30092500;136;;;;;;;;;;;;;;
15.010771;30095000;142;;;;;;;;;;;;;;
15.013271;30097500;153;;;;;;;;;;;;;;
15.015771;30100000;154;;;;;;;;;;;;;;
15.018271;30102500;142;;;;;;;;;;;;;;
15.020771;30105000;346;;;;;;;;;;;;;;
15.023271;30107500;203;;;;;;;;;;;;;;
15.025771;30110000;153;;;;;;;;;;;;;;
15.028271;30112500;140;;;;;;;;;;;;;;
15.030771;30115000;170;;;;;;;;30115807;-985.528;28.341;127.099;2420.839;5389.119;-1160.936
15.033271;30117500;157;30116252;216.966;-230.675;1025.017;-2580.863;-3004.543;-4188.785;;;;;;;
15.035771;30120000;155;;;;;;;;;;;;;;
15.038271;30122500;168;;;;;;;;;;;;;;
15.040771;30125000;138;;;;;;;;;;;;;;
15.043271;30127500;128;;;;;;;;;;;;;;
15.045771;30130000;299;;;;;;;;;;;;;;
15.048271;30132500;199;;;;;;;;;;;;;;
15.050771;30135000;187;;;;;;;;;;;;;;
15.053271;30137500;185;;;;;;;;;;;;;;
15.055771;30140000;174;;;;;;;;;;;;;;
15.058271;30142500;144;;;;;;;;;;;;;;
15.060771;30145000;136;;;;;;;;;;;;;;
15.063271;30147500;142;30148521;216.817;-227.87;1020.162;-3519.32;-2257.566;-3671.345;30148091;-994.659;26.253;122.415;2783.672;5098.663;-1183.827
15.065771;30150000;151;;;;;;;;;;;;;;
15.068271;30152500;154;;;;;;;;;;;;;;
15.070771;30155000;142;;;;;;;;;;;;;;
15.073271;30157500;154;;;;;;;;;;;;;;
15.075771;30160000;379;;;;;;;;;;;;;;
15.078271;30162500;223;;;;;;;;;;;;;;
15.080771;30165000;183;;;;;;;;;;;;;;
15.083271;30167500;135;;;;;;;;;;;;;;
15.085771;30170000;125;;;;;;;;;;;;;;
15.088271;30172500;154;;;;;;;;;;;;;;
15.090771;30175000;142;;;;;;;;;;;;;;
15.093271;30177500;153;;;;;;;;;;;;;;
15.095771;30180000;171;30180816;218.42;-226.566;1017.564;-3731.417;-2042.75;-3873.216;30180378;-994.245;25.276;121.754;2362.738;2546.417;-719.51
15.098271;30182500;168;;;;;;;;;;;;;;
15.100771;30185000;156;;;;;;;;;;;;;;
15.103271;30187500;151;;;;;;;;;;;;;;
15.105771;30190000;297;;;;;;;;;;;;;;
15.108271;30192500;239;;;;;;;;;;;;;;
15.110771;30195000;200;;;;;;;;;;;;;;
15.113271;30197500;184;;;;;;;;;;;;;;
15.115771;30200000;174;;;;;;;;;;;;;;
15.118271;30202500;144;;;;;;;;;;;;;;
15.120771;30205000;156;;;;;;;;;;;;;;
15.123271;30207500;142;;;;;;;;;;;;;;
15.125771;30210000;135;;;;;;;;;;;;;;
15.128271;30212500;137;30213007;219.98;-225.553;1009.922;-3855.471;-1822.05;-3811.242;30212577;-994.943;26.129;122.291;1601.914;302.034;-285.847
15.130771;30215000;169;;;;;;;;;;;;;;
15.133271;30217500;153;;;;;;;;;;;;;;
15.135771;30220000;172;;;;;;;;;;;;;;
15.138271;30222500;383;;;;;;;;;;;;;;
15.140771;30225000;223;;;;;;;;;;;;;;
15.143271;30227500;174;;;;;;;;;;;;;;
15.145771;30230000;138;;;;;;;;;;;;;;
15.148271;30232500;157;;;;;;;;;;;;;;
15.150771;30235000;144;;;;;;;;;;;;;;
15.153271;30237500;155;;;;;;;;;;;;;;
15.155771;30240000;174;;;;;;;;;;;;;;
15.158271;30242500;151;;;;;;;;;;;;;;
15.160771;30245000;155;;;;;;;;;;;;;;
15.163271;30247500;126;;;;;;;;;;;;;;
15.165771;30250000;152;;;;;;;;;;;;;;
15.168271;30252500;156;;;;;;;;;;;;;;
15.170771;30255000;368;30254513;220.589;-226.238;1006.829;-4136.51;-1277.26;-3771.617;30254068;-993.673;24.95;123.655;855.943;-1578.13;235.508
15.173271;30257500;265;;;;;;;;;;;;;;
15.175771;30260000;187;;;;;;;;;;;;;;
15.178271;30262500;174;;;;;;;;;;;;;;
15.180771;30265000;140;;;;;;;;;;;;;;
15.183271;30267500;126;;;;;;;;;;;;;;
15.185771;30270000;126;;;;;;;;;;;;;;
15.188271;30272500;137;;;;;;;;;;;;;;
15.190771;30275000;169;;;;;;;;;;;;;;
15.193271;30277500;154;;;;;;;;;;;;;;
15.195771;30280000;171;;;;;;;;;;;;;;
15.198271;30282500;143;;;;;;;;;;;;;;
15.200771;30285000;137;;;;;;;;30286007;-995.131;25.545;123.487;327.083;-3479.787;658.607
15.203271;30287500;364;30286430;220.156;-225.942;1000.53;-3881.997;-635.897;-3326.224;;;;;;;
15.205771;30290000;206;;;;;;;;;;;;;;
15.208271;30292500;184;;;;;;;;;;;;;;
15.210771;30295000;156;;;;;;;;;;;;;;
15.213271;30297500;158;;;;;;;;;;;;;;
15.215771;30300000;175;;;;;;;;;;;;;;
15.218271;30302500;168;;;;;;;;;;;;;;
15.220771;30305000;153;;;;;;;;;;;;;;
15.223271;30307500;124;;;;;;;;;;;;;;
15.225771;30310000;124;;;;;;;;;;;;;;
15.228271;30312500;137;;;;;;;;;;;;;;
15.230771;30315000;152;;;;;;;;;;;;;;
15.233271;30317500;173;30316837;219.396;-225.704;996.125;-3603.897;-72.539;-2611.288;30316397;-992.888;25.5;127.353;-397.146;-5626.297;1284.989
15.235771;30320000;343;;;;;;;;;;;;;;
15.238271;30322500;216;;;;;;;;;;;;;;
15.240771;30325000;154;;;;;;;;;;;;;;
15.243271;30327500;136;;;;;;;;;;;;;;
15.245771;30330000;127;;;;;;;;;;;;;;
15.248271;30332500;137;;;;;;;;;;;;;;
15.250771;30335000;151;;;;;;;;;;;;;;
15.253271;30337500;172;;;;;;;;;;;;;;
15.255771;30340000;157;;;;;;;;;;;;;;
15.258271;30342500;144;;;;;;;;;;;;;;
15.260771;30345000;138;;;;;;;;;;;;;;
15.263271;30347500;127;;;;;;;;30348335;-990.25;25.195;133.557;-1067.663;-7402.982;1743.115
15.265771;30350000;151;30348763;217.692;-224.069;992.667;-3578.14;656.025;-2034.036;;;;;;;
15.268271;30352500;157;;;;;;;;;;;;;;
15.270771;30355000;143;;;;;;;;;;;;;;
15.273271;30357500;172;;;;;;;;;;;;;;
15.275771;30360000;1;;;;;;;;;;;;;;
15.278271;30362500;270;;;;;;;;;;;;;;
15.280771;30365000;174;;;;;;;;;;;;;;
15.283271;30367500;141;;;;;;;;;;;;;;
15.285771;30370000;153;;;;;;;;;;;;;;
15.288271;30372500;155;;;;;;;;;;;;;;
15.290771;30375000;150;;;;;;;;;;;;;;
15.293271;30377500;172;;;;;;;;;;;;;;
15.295771;30380000;172;30380888;217.385;-224.072;988.485;-3327.92;1429.974;-1661.522;30380448;-987.64;25.686;138.665;-1582.593;-8940.771;2119.271
15.298271;30382500;166;;;;;;;;;;;;;;
15.300771;30385000;154;;;;;;;;;;;;;;
15.303271;30387500;151;;;;;;;;;;;;;;
15.305771;30390000;144;;;;;;;;;;;;;;
15.308271;30392500;31;;;;;;;;;;;;;;
15.310771;30395000;278;;;;;;;;;;;;;;
15.313271;30397500;216;;;;;;;;;;;;;;
15.315771;30400000;187;;;;;;;;;;;;;;
15.318271;30402500;172;;;;;;;;;;;;;;
15.320771;30405000;155;;;;;;;;;;;;;;
15.323271;30407500;125;;;;;;;;;;;;;;
15.325771;30410000;151;;;;;;;;;;;;;;
15.328271;30412500;137;30413069;216.422;-224.165;984.902;-2710.899;2198.475;-1470.383;30412647;-985.911;26.384;144.804;-1825.026;-10371.919;2441.62
15.330771;30415000;167;;;;;;;;;;;;;;
15.333271;30417500;173;;;;;;;;;;;;;;
15.335771;30420000;171;;;;;;;;;;;;;;
15.338271;30422500;27;;;;;;;;;;;;;;
15.340771;30425000;252;;;;;;;;;;;;;;
15.343271;30427500;186;;;;;;;;;;;;;;
15.345771;30430000;158;;;;;;;;;;;;;;
15.348271;30432500;156;;;;;;;;;;;;;;
15.350771;30435000;160;;;;;;;;;;;;;;
15.353271;30437500;154;;;;;;;;;;;;;;
15.355771;30440000;172;;;;;;;;;;;;;;
15.358271;30442500;167;;;;;;;;;;;;;;
15.360771;30445000;127;30445376;215.788;-223.632;981.62;-2587.167;2700.176;-1226.239;30444931;-982.848;28.011;151.398;-1993.212;-11503.136;2703.227
15.363271;30447500;124;;;;;;;;;;;;;;
15.365771;30450000;125;;;;;;;;;;;;;;
15.368271;30452500;155;;;;;;;;;;;;;;
15.370771;30455000;392;;;;;;;;;;;;;;
15.373271;30457500;252;;;;;;;;;;;;;;
15.375771;30460000;189;;;;;;;;;;;;;;
15.378271;30462500;156;;;;;;;;;;;;;;
15.380771;30465000;156;;;;;;;;;;;;;;
15.383271;30467500;125;;;;;;;;;;;;;;
15.385771;30470000;125;;;;;;;;;;;;;;
15.388271;30472500;137;;;;;;;;;;;;;;
15.390771;30475000;143;30476092;214.905;-224.181;978.643;-2158.121;3111.167;-979.427;30475669;-979.736;28.758;159.06;-2135.489;-12173.979;2820.065
15.393271;30477500;173;;;;;;;;;;;;;;
15.395771;30480000;173;;;;;;;;;;;;;;
15.398271;30482500;152;;;;;;;;;;;;;;
15.400771;30485000;140;;;;;;;;;;;;;;
15.403271;30487500;360;;;;;;;;;;;;;;
15.405771;30490000;234;;;;;;;;;;;;;;
15.408271;30492500;185;;;;;;;;;;;;;;
15.410771;30495000;156;;;;;;;;;;;;;;
15.413271;30497500;157;;;;;;;;;;;;;;
15.415771;30500000;156;;;;;;;;;;;;;;
15.418271;30502500;168;;;;;;;;;;;;;;
15.420771;30505000;136;;;;;;;;;;;;;;
15.423271;30507500;123;30508308;213.968;-223.756;974.863;-1686.652;3427.672;-475.456;30507868;-976.969;29.351;167.345;-2160.402;-12543.092;2829.562
15.425771;30510000;125;;;;;;;;;;;;;;
15.428271;30512500;137;;;;;;;;;;;;;;
15.430771;30515000;168;;;;;;;;;;;;;;
15.433271;30517500;153;;;;;;;;;;;;;;
15.435771;30520000;344;;;;;;;;;;;;;;
15.438271;30522500;217;;;;;;;;;;;;;;
15.440771;30525000;154;;;;;;;;;;;;;;
15.443271;30527500;136;;;;;;;;;;;;;;
15.445771;30530000;150;;;;;;;;;;;;;;
15.448271;30532500;137;;;;;;;;;;;;;;
15.450771;30535000;143;;;;;;;;;;;;;;
15.453271;30537500;171;;;;;;;;;;;;;;
15.455771;30540000;153;30540501;215.208;-222.811;969.631;-1083.007;3737.101;268.005;30540066;-973.126;30.69;175.595;-2084.319;-12319.75;2744.084
15.458271;30542500;158;;;;;;;;;;;;;;
15.460771;30545000;126;;;;;;;;;;;;;;
15.463271;30547500;123;;;;;;;;;;;;;;
15.465771;30550000;144;;;;;;;;;;;;;;
15.468271;30552500;336;;;;;;;;;;;;;;
15.470771;30555000;235;;;;;;;;;;;;;;
15.473271;30557500;173;;;;;;;;;;;;;;
15.475771;30560000;159;;;;;;;;;;;;;;
15.478271;30562500;169;;;;;;;;;;;;;;
15.480771;30565000;128;;;;;;;;;;;;;;
15.483271;30567500;142;;;;;;;;;;;;;;
15.485771;30570000;123;;;;;;;;;;;;;;
15.488271;30572500;154;30572612;215.409;-222.101;964.24;-18.669;3935.683;1089.354;30572179;-969.823;31.925;182.778;-1928.041;-11296.888;2516.317
15.490771;30575000;160;;;;;;;;;;;;;;
15.493271;30577500;152;;;;;;;;;;;;;;
15.495771;30580000;152;;;;;;;;;;;;;;
15.498271;30582500;377;;;;;;;;;;;;;;
15.500771;30585000;221;;;;;;;;;;;;;;
15.503271;30587500;174;;;;;;;;;;;;;;
15.505771;30590000;139;;;;;;;;;;;;;;
15.508271;30592500;139;;;;;;;;;;;;;;
15.510771;30595000;143;;;;;;;;;;;;;;
15.513271;30597500;171;;;;;;;;;;;;;;
15.515771;30600000;170;;;;;;;;;;;;;;
15.518271;30602500;140;;;;;;;;;;;;;;
15.520771;30605000;151;30604635;215.265;-219.341;957.673;1263.702;4368.899;2380.637;30604205;-966.405;32.64;189.835;-1733.201;-9879.355;2160.376
15.523271;30607500;124;;;;;;;;;;;;;;
15.525771;30610000;123;;;;;;;;;;;;;;
15.528271;30612500;154;;;;;;;;;;;;;;
15.530771;30615000;360;;;;;;;;;;;;;;
15.533271;30617500;262;;;;;;;;;;;;;;
15.535771;30620000;201;;;;;;;;;;;;;;
15.538271;30622500;153;;;;;;;;;;;;;;
15.540771;30625000;136;;;;;;;;;;;;;;
15.543271;30627500;124;;;;;;;;;;;;;;
15.545771;30630000;141;;;;;;;;;;;;;;
15.548271;30632500;153;;;;;;;;;;;;;;
15.550771;30635000;167;30635125;214.347;-217.847;956.546;2524.829;4879.329;3753.042;30634680;-965.653;34.589;196.423;-1652.666;-7868.138;1720.732
15.553271;30637500;154;;;;;;;;;;;;;;
15.555771;30640000;152;;;;;;;;;;;;;;
15.558271;30642500;168;;;;;;;;;;;;;;
15.560771;30645000;127;;;;;;;;;;;;;;
15.563271;30647500;343;;;;;;;;;;;;;;
15.565771;30650000;191;;;;;;;;;;;;;;
15.568271;30652500;155;;;;;;;;;;;;;;
15.570771;30655000;171;;;;;;;;;;;;;;
15.573271;30657500;155;;;;;;;;;;;;;;
15.575771;30660000;150;;;;;;;;;;;;;;
15.578271;30662500;140;;;;;;;;;;;;;;
15.580771;30665000;134;;;;;;;;;;;;;;
15.583271;30667500;142;30667129;210.523;-217.697;957.274;3203.15;5404.925;4822.765;30666707;-963.846;34.891;200.803;-1534.595;-5502.043;1197.196
15.585771;30670000;123;;;;;;;;;;;;;;
15.588271;30672500;155;;;;;;;;;;;;;;
15.590771;30675000;143;;;;;;;;;;;;;;
15.593271;30677500;153;;;;;;;;;;;;;;
15.595771;30680000;333;;;;;;;;;;;;;;
15.598271;30682500;205;;;;;;;;;;;;;;
15.600771;30685000;156;;;;;;;;;;;;;;
15.603271;30687500;127;;;;;;;;;;;;;;
15.605771;30690000;127;;;;;;;;;;;;;;
15.608271;30692500;155;;;;;;;;;;;;;;
15.610771;30695000;167;;;;;;;;;;;;;;
15.613271;30697500;154;;;;;;;;30698732;-961.879;35.19;203.2;-1309.991;-2906.004;627.648
15.615771;30700000;152;30699172;206.035;-216.121;956.893;4124.055;5315.804;5505.627;;;;;;;
15.618271;30702500;158;;;;;;;;;;;;;;
15.620771;30705000;128;;;;;;;;;;;;;;
15.623271;30707500;140;;;;;;;;;;;;;;
15.625771;30710000;142;;;;;;;;;;;;;;
15.628271;30712500;280;;;;;;;;;;;;;;
15.630771;30715000;216;;;;;;;;;;;;;;
15.633271;30717500;171;;;;;;;;;;;;;;
15.635771;30720000;182;;;;;;;;;;;;;;
15.638271;30722500;169;;;;;;;;;;;;;;
15.640771;30725000;139;;;;;;;;;;;;;;
15.643271;30727500;150;;;;;;;;;;;;;;
15.645771;30730000;126;30730931;202.017;-214.306;956.61;4592.915;5042.139;5661.721;30730496;-960.395;33.351;204.179;-1124.179;59.859;21.391
15.648271;30732500;153;;;;;;;;;;;;;;
15.650771;30735000;142;;;;;;;;;;;;;;
15.653271;30737500;172;;;;;;;;;;;;;;
15.655771;30740000;174;;;;;;;;;;;;;;
15.658271;30742500;312;;;;;;;;;;;;;;
15.660771;30745000;216;;;;;;;;;;;;;;
15.663271;30747500;151;;;;;;;;;;;;;;
15.665771;30750000;154;;;;;;;;;;;;;;
15.668271;30752500;157;;;;;;;;;;;;;;
15.670771;30755000;153;;;;;;;;;;;;;;
15.673271;30757500;154;;;;;;;;;;;;;;
15.675771;30760000;172;;;;;;;;;;;;;;
15.678271;30762500;160;30762527;199.797;-212.185;957.445;4772.332;4625.532;5943.447;30762087;-963.597;27.365;201.137;-472.97;1721.116;-481.929
15.680771;30765000;154;;;;;;;;;;;;;;
15.683271;30767500;125;;;;;;;;;;;;;;
15.685771;30770000;152;;;;;;;;;;;;;;
15.688271;30772500;155;;;;;;;;;;;;;;
15.690771;30775000;302;;;;;;;;;;;;;;
15.693271;30777500;222;;;;;;;;;;;;;;
15.695771;30780000;169;;;;;;;;;;;;;;
15.698271;30782500;169;;;;;;;;;;;;;;
15.700771;30785000;153;;;;;;;;;;;;;;
15.703271;30787500;123;;;;;;;;;;;;;;
15.705771;30790000;125;;;;;;;;;;;;;;
15.708271;30792500;135;30792825;196.169;-209.86;955.762;4881.09;4409.13;5371.962;30792390;-965.907;29.504;200.298;1502.366;3194.31;-981.082
15.710771;30795000;166;;;;;;;;;;;;;;
15.713271;30797500;153;;;;;;;;;;;;;;
15.715771;30800000;152;;;;;;;;;;;;;;
15.718271;30802500;142;;;;;;;;;;;;;;
15.720771;30805000;0;;;;;;;;;;;;;;
15.723271;30807500;266;;;;;;;;;;;;;;
15.725771;30810000;168;;;;;;;;;;;;;;
15.728271;30812500;151;;;;;;;;;;;;;;
15.730771;30815000;153;30815296;192.315;-207.913;957.28;5148.473;4034.236;5390.364;30814863;-960.647;26.388;200.262;3637.061;5054.532;-1537.528
15.733271;30817500;154;;;;;;;;;;;;;;
15.735771;30820000;172;;;;;;;;;;;;;;
15.738271;30822500;143;;;;;;;;;;;;;;
15.740771;30825000;154;;;;;;;;;;;;;;
15.743271;30827500;123;;;;;;;;;;;;;;
15.745771;30830000;127;;;;;;;;;;;;;;
15.748271;30832500;157;;;;;;;;;;;;;;
15.750771;30835000;170;;;;;;;;;;;;;;
15.753271;30837500;368;;;;;;;;;;;;;;
15.755771;30840000;239;;;;;;;;;;;;;;
15.758271;30842500;182;;;;;;;;;;;;;;
15.760771;30845000;160;;;;;;;;;;;;;;
15.763271;30847500;149;30847231;187.561;-205.234;956.331;5276.924;3820.712;5354.909;30846801;-959.994;26.703;196.154;4461.02;6552.243;-1918.714
15.765771;30850000;144;;;;;;;;;;;;;;
15.768271;30852500;135;;;;;;;;;;;;;;
15.770771;30855000;150;;;;;;;;;;;;;;
15.773271;30857500;173;;;;;;;;;;;;;;
15.775771;30860000;152;;;;;;;;;;;;;;
15.778271;30862500;167;;;;;;;;;;;;;;
15.780771;30865000;135;;;;;;;;;;;;;;
15.783271;30867500;125;;;;;;;;;;;;;;
15.785771;30870000;314;;;;;;;;;;;;;;
15.788271;30872500;206;;;;;;;;;;;;;;
15.790771;30875000;168;;;;;;;;;;;;;;
15.793271;30877500;174;30877629;184.484;-199.932;953.545;5718.328;3046.926;4954.601;30877192;-961.422;31.072;192.025;5326.469;8307.131;-2386.278
15.795771;30880000;171;;;;;;;;;;;;;;
15.798271;30882500;140;;;;;;;;;;;;;;
15.800771;30885000;152;;;;;;;;;;;;;;
15.803271;30887500;139;;;;;;;;;;;;;;
15.805771;30890000;124;;;;;;;;;;;;;;
15.808271;30892500;154;;;;;;;;;;;;;;
15.810771;30895000;143;;;;;;;;;;;;;;
15.813271;30897500;172;;;;;;;;;;;;;;
15.815771;30900000;346;;;;;;;;;;;;;;
15.818271;30902500;204;;;;;;;;;;;;;;
15.820771;30905000;171;;;;;;;;;;;;;;
15.823271;30907500;126;;;;;;;;;;;;;;
15.825771;30910000;142;30909560;180.457;-196.895;957.876;6632.036;2472.392;4640.371;30909130;-960.108;28.67;186.316;4395.145;9608.524;-2588.964
15.828271;30912500;154;;;;;;;;;;;;;;
15.830771;30915000;167;;;;;;;;;;;;;;
15.833271;30917500;172;;;;;;;;;;;;;;
15.835771;30920000;155;;;;;;;;;;;;;;
15.838271;30922500;314;;;;;;;;;;;;;;
15.840771;30925000;215;;;;;;;;;;;;;;
15.843271;30927500;141;;;;;;;;;;;;;;
15.845771;30930000;153;;;;;;;;;;;;;;
15.848271;30932500;139;;;;;;;;;;;;;;
15.850771;30935000;149;;;;;;;;;;;;;;
15.853271;30937500;155;;;;;;;;;;;;;;
15.855771;30940000;172;;;;;;;;30940894;-962.86;27.499;176.329;3100.45;10675.535;-2726.829
15.858271;30942500;160;30941334;174.771;-198.232;963.766;8074.059;1901.648;4072.352;;;;;;;
15.860771;30945000;154;;;;;;;;;;;;;;
15.863271;30947500;143;;;;;;;;;;;;;;
15.865771;30950000;125;;;;;;;;;;;;;;
15.868271;30952500;137;;;;;;;;;;;;;;
15.870771;30955000;313;;;;;;;;;;;;;;
15.873271;30957500;232;;;;;;;;;;;;;;
15.875771;30960000;191;;;;;;;;;;;;;;
15.878271;30962500;151;;;;;;;;;;;;;;
15.880771;30965000;136;;;;;;;;;;;;;;
15.883271;30967500;123;;;;;;;;;;;;;;
15.885771;30970000;123;;;;;;;;;;;;;;
15.888271;30972500;154;30973348;169.454;-198.873;972.857;10206.105;785.878;3988.172;30972920;-963.359;25.062;170.215;3238.115;9927.82;-2531.425
15.890771;30975000;141;;;;;;;;;;;;;;
15.893271;30977500;172;;;;;;;;;;;;;;
15.895771;30980000;151;;;;;;;;;;;;;;
15.898271;30982500;139;;;;;;;;;;;;;;
15.900771;30985000;316;;;;;;;;;;;;;;
15.903271;30987500;175;;;;;;;;;;;;;;
15.905771;30990000;139;;;;;;;;;;;;;;
15.908271;30992500;139;;;;;;;;;;;;;;
15.910771;30995000;151;;;;;;;;;;;;;;
15.913271;30997500;175;;;;;;;;;;;;;;
15.915771;31000000;173;;;;;;;;;;;;;;
15.918271;31002500;140;;;;;;;;;;;;;;
15.920771;31005000;136;31005299;169.869;-190.784;979.437;10098.3;-1707.354;4541.263;31004859;-963.515;23.468;165.572;2805.834;9509.741;-2414.916
15.923271;31007500;123;;;;;;;;;;;;;;
15.925771;31010000;143;;;;;;;;;;;;;;
15.928271;31012500;155;;;;;;;;;;;;;;
15.930771;31015000;0;;;;;;;;;;;;;;
15.933271;31017500;284;;;;;;;;;;;;;;
15.935771;31020000;203;;;;;;;;;;;;;;
15.938271;31022500;175;;;;;;;;;;;;;;
15.940771;31025000;155;;;;;;;;;;;;;;
15.943271;31027500;126;;;;;;;;;;;;;;
15.945771;31030000;125;;;;;;;;;;;;;;
15.948271;31032500;138;;;;;;;;;;;;;;
15.950771;31035000;169;31035851;169.922;-187.467;982.871;10026.072;-4652.111;3040.638;31035421;-966.244;23.557;160.441;2791.543;8836.941;-2300.295
15.953271;31037500;173;;;;;;;;;;;;;;
15.955771;31040000;153;;;;;;;;;;;;;;
15.958271;31042500;141;;;;;;;;;;;;;;
15.960771;31045000;136;;;;;;;;;;;;;;
15.963271;31047500;384;;;;;;;;;;;;;;
15.965771;31050000;231;;;;;;;;;;;;;;
15.968271;31052500;169;;;;;;;;;;;;;;
15.970771;31055000;182;;;;;;;;;;;;;;
15.973271;31057500;182;;;;;;;;;;;;;;
15.975771;31060000;153;;;;;;;;;;;;;;
15.978271;31062500;157;;;;;;;;;;;;;;
15.980771;31065000;153;;;;;;;;;;;;;;
15.983271;31067500;124;31067972;172.375;-175.653;993.348;9209.331;-4293.505;1342.481;31067535;-966.603;21.806;155.017;3077.216;8218.344;-2259.655
15.985771;31070000;150;;;;;;;;;;;;;;
15.988271;31072500;138;;;;;;;;;;;;;;
15.990771;31075000;171;;;;;;;;;;;;;;
15.993271;31077500;172;;;;;;;;;;;;;;
15.995771;31080000;379;;;;;;;;;;;;;;
15.998271;31082500;239;;;;;;;;;;;;;;
16.000771;31085000;156;;;;;;;;;;;;;;
16.003271;31087500;153;;;;;;;;;;;;;;
16.005771;31090000;152;;;;;;;;;;;;;;
16.008271;31092500;155;;;;;;;;;;;;;;
16.010771;31095000;171;;;;;;;;;;;;;;
16.013271;31097500;154;;;;;;;;;;;;;;
16.015771;31100000;170;31099990;175.176;-171.915;997.989;8201.114;-5902.33;499.669;31099560;-961.364;18.892;151.896;3352.542;7694.551;-2142.297
16.018271;31102500;158;;;;;;;;;;;;;;
16.020771;31105000;152;;;;;;;;;;;;;;
16.023271;31107500;143;;;;;;;;;;;;;;
16.025771;31110000;126;;;;;;;;;;;;;;
16.028271;31112500;317;;;;;;;;;;;;;;
16.030771;31115000;235;;;;;;;;;;;;;;
16.033271;31117500;192;;;;;;;;;;;;;;
16.035771;31120000;175;;;;;;;;;;;;;;
16.038271;31122500;141;;;;;;;;;;;;;;
16.040771;31125000;136;;;;;;;;;;;;;;
16.043271;31127500;124;;;;;;;;;;;;;;
16.045771;31130000;123;;;;;;;;;;;;;;
16.048271;31132500;156;31131937;179.263;-166.144;1002.221;6484.246;-7633.713;497.436;31131497;-964.389;18.398;146.943;4048.103;7408.699;-2080.683
16.050771;31135000;144;;;;;;;;;;;;;;
16.053271;31137500;172;;;;;;;;;;;;;;
16.055771;31140000;153;;;;;;;;;;;;;;
16.058271;31142500;351;;;;;;;;;;;;;;
16.060771;31145000;215;;;;;;;;;;;;;;
16.063271;31147500;153;;;;;;;;;;;;;;
16.065771;31150000;156;;;;;;;;;;;;;;
16.068271;31152500;141;;;;;;;;;;;;;;
16.070771;31155000;170;;;;;;;;;;;;;;
16.073271;31157500;155;;;;;;;;;;;;;;
16.075771;31160000;153;;;;;;;;;;;;;;
16.078271;31162500;166;;;;;;;;31163350;-963.89;18.613;141.743;4229.385;7076.326;-2027.836
16.080771;31165000;135;31163778;181.903;-164.925;1003.741;4941.596;-9201.965;-94.874;;;;;;;
16.083271;31167500;125;;;;;;;;;;;;;;
16.085771;31170000;128;;;;;;;;;;;;;;
16.088271;31172500;139;;;;;;;;;;;;;;
16.090771;31175000;336;;;;;;;;;;;;;;
16.093271;31177500;232;;;;;;;;;;;;;;
16.095771;31180000;184;;;;;;;;;;;;;;
16.098271;31182500;154;;;;;;;;;;;;;;
16.100771;31185000;137;;;;;;;;;;;;;;
16.103271;31187500;151;;;;;;;;;;;;;;
16.105771;31190000;126;;;;;;;;;;;;;;
16.108271;31192500;158;;;;;;;;;;;;;;
16.110771;31195000;153;31194266;185.581;-163.193;1002.299;3708.829;-10611.741;-861.442;31193827;-966.765;18.841;138.456;4248.916;6708.947;-1960.569
16.113271;31197500;156;;;;;;;;;;;;;;
16.115771;31200000;173;;;;;;;;;;;;;;
16.118271;31202500;168;;;;;;;;;;;;;;
16.120771;31205000;138;;;;;;;;;;;;;;
16.123271;31207500;284;;;;;;;;;;;;;;
16.125771;31210000;186;;;;;;;;;;;;;;
16.128271;31212500;174;;;;;;;;;;;;;;
16.130771;31215000;174;;;;;;;;;;;;;;
16.133271;31217500;157;31217069;188.819;-161.487;999.02;2311.512;-12352.654;-1793.12;31216646;-968.361;19.003;134.4;4192.657;6342.875;-1887.041
16.135771;31220000;154;;;;;;;;;;;;;;
16.138271;31222500;168;;;;;;;;;;;;;;
16.140771;31225000;137;;;;;;;;;;;;;;
16.143271;31227500;142;;;;;;;;;;;;;;
16.145771;31230000;126;;;;;;;;;;;;;;
16.148271;31232500;140;;;;;;;;;;;;;;
16.150771;31235000;171;;;;;;;;;;;;;;
16.153271;31237500;0;;;;;;;;;;;;;;
16.155771;31240000;301;;;;;;;;;;;;;;
16.158271;31242500;190;;;;;;;;;;;;;;
16.160771;31245000;150;;;;;;;;;;;;;;
16.163271;31247500;153;;;;;;;;;;;;;;
16.165771;31250000;135;31249202;193.792;-158.104;993.367;479.624;-14357.834;-2928.464;31248757;-970.0;18.163;133.268;3913.899;5874.356;-1789.189
16.168271;31252500;158;;;;;;;;;;;;;;
16.170771;31255000;153;;;;;;;;;;;;;;
16.173271;31257500;174;;;;;;;;;;;;;;
16.175771;31260000;172;;;;;;;;;;;;;;
16.178271;31262500;142;;;;;;;;;;;;;;
16.180771;31265000;135;;;;;;;;;;;;;;
16.183271;31267500;125;;;;;;;;;;;;;;
16.185771;31270000;394;;;;;;;;;;;;;;
16.188271;31272500;263;;;;;;;;;;;;;;
16.190771;31275000;186;;;;;;;;;;;;;;
16.193271;31277500;188;;;;;;;;;;;;;;
16.195771;31280000;153;31279657;210.479;-152.157;1000.612;-3144.107;-12948.255;-1838.791;31279235;-969.5;20.653;127.556;2906.204;5291.451;-1645.042
16.198271;31282500;151;;;;;;;;;;;;;;
16.200771;31285000;151;;;;;;;;;;;;;;
16.203271;31287500;125;;;;;;;;;;;;;;
16.205771;31290000;152;;;;;;;;;;;;;;
16.208271;31292500;139;;;;;;;;;;;;;;
16.210771;31295000;153;;;;;;;;;;;;;;
16.213271;31297500;173;;;;;;;;;;;;;;
16.215771;31300000;31;;;;;;;;;;;;;;
16.218271;31302500;279;;;;;;;;;;;;;;
16.220771;31305000;171;;;;;;;;;;;;;;
16.223271;31307500;139;;;;;;;;;;;;;;
16.225771;31310000;136;;;;;;;;;;;;;;
16.228271;31312500;138;31312052;214.961;-153.065;1001.797;-6510.527;-8640.279;671.211;31311607;-968.996;22.609;123.649;3055.769;5100.815;-1608.727
16.230771;31315000;171;;;;;;;;;;;;;;
16.233271;31317500;157;;;;;;;;;;;;;;
16.235771;31320000;170;;;;;;;;;;;;;;
16.238271;31322500;174;;;;;;;;;;;;;;
16.240771;31325000;265;;;;;;;;;;;;;;
16.243271;31327500;171;;;;;;;;;;;;;;
16.245771;31330000;140;;;;;;;;;;;;;;
16.248271;31332500;168;;;;;;;;;;;;;;
16.250771;31335000;153;;;;;;;;;;;;;;
16.253271;31337500;155;;;;;;;;;;;;;;
16.255771;31340000;173;;;;;;;;;;;;;;
16.258271;31342500;141;;;;;;;;31343718;-969.578;21.753;120.65;2923.105;4865.462;-1554.103
16.260771;31345000;137;31344148;217.371;-162.559;1002.16;-10310.188;-5174.641;2685.15;;;;;;;
16.263271;31347500;127;;;;;;;;;;;;;;
16.265771;31350000;136;;;;;;;;;;;;;;
16.268271;31352500;158;;;;;;;;;;;;;;
16.270771;31355000;42;;;;;;;;;;;;;;
16.273271;31357500;297;;;;;;;;;;;;;;
16.275771;31360000;200;;;;;;;;;;;;;;
16.278271;31362500;166;;;;;;;;;;;;;;
16.280771;31365000;157;;;;;;;;;;;;;;
16.283271;31367500;126;;;;;;;;;;;;;;
16.285771;31370000;127;;;;;;;;;;;;;;
16.288271;31372500;140;;;;;;;;;;;;;;
16.290771;31375000;153;;;;;;;;31375831;-970.106;21.178;116.924;2875.825;4662.876;-1498.273
16.293271;31377500;157;31376269;217.464;-176.098;1002.011;-12236.365;-2629.096;3829.705;;;;;;;
16.295771;31380000;156;;;;;;;;;;;;;;
16.298271;31382500;159;;;;;;;;;;;;;;
16.300771;31385000;128;;;;;;;;;;;;;;
16.303271;31387500;267;;;;;;;;;;;;;;
16.305771;31390000;186;;;;;;;;;;;;;;
16.308271;31392500;156;;;;;;;;;;;;;;
16.310771;31395000;156;;;;;;;;;;;;;;
16.313271;31397500;156;;;;;;;;;;;;;;
16.315771;31400000;171;;;;;;;;;;;;;;
16.318271;31402500;141;;;;;;;;;;;;;;
16.320771;31405000;139;;;;;;;;;;;;;;
16.323271;31407500;125;31408547;215.515;-185.093;1001.522;-12391.047;-2428.954;3233.97;31408117;-970.401;19.851;114.262;2730.284;4433.232;-1431.672
16.325771;31410000;126;;;;;;;;;;;;;;
16.328271;31412500;159;;;;;;;;;;;;;;
16.330771;31415000;153;;;;;;;;;;;;;;
16.333271;31417500;287;;;;;;;;;;;;;;
16.335771;31420000;283;;;;;;;;;;;;;;
16.338271;31422500;189;;;;;;;;;;;;;;
16.340771;31425000;170;;;;;;;;;;;;;;
16.343271;31427500;136;;;;;;;;;;;;;;
16.345771;31430000;152;;;;;;;;;;;;;;
16.348271;31432500;166;;;;;;;;;;;;;;
16.350771;31435000;171;;;;;;;;;;;;;;
16.353271;31437500;175;;;;;;;;;;;;;;
16.355771;31440000;154;31439293;219.221;-187.581;997.921;-13515.369;-2361.756;3304.146;31438853;-970.949;18.84;112.3;2480.02;4236.508;-1383.276
16.358271;31442500;158;;;;;;;;;;;;;;
16.360771;31445000;154;;;;;;;;;;;;;;
16.363271;31447500;126;;;;;;;;;;;;;;
16.365771;31450000;6;;;;;;;;;;;;;;
16.368271;31452500;255;;;;;;;;;;;;;;
16.370771;31455000;215;;;;;;;;;;;;;;
16.373271;31457500;190;;;;;;;;;;;;;;
16.375771;31460000;158;;;;;;;;;;;;;;
16.378271;31462500;167;;;;;;;;;;;;;;
16.380771;31465000;127;;;;;;;;;;;;;;
16.383271;31467500;143;;;;;;;;;;;;;;
16.385771;31470000;126;;;;;;;;31471053;-970.805;19.16;109.509;2467.581;4011.12;-1321.549
16.388271;31472500;139;31471476;220.569;-191.676;993.373;-17834.102;-1173.981;3494.627;;;;;;;
16.390771;31475000;171;;;;;;;;;;;;;;
16.393271;31477500;174;;;;;;;;;;;;;;
16.395771;31480000;172;;;;;;;;;;;;;;
16.398271;31482500;391;;;;;;;;;;;;;;
16.400771;31485000;249;;;;;;;;;;;;;;
16.403271;31487500;168;;;;;;;;;;;;;;
16.405771;31490000;138;;;;;;;;;;;;;;
16.408271;31492500;160;;;;;;;;;;;;;;
16.410771;31495000;153;;;;;;;;;;;;;;
16.413271;31497500;155;;;;;;;;;;;;;;
16.415771;31500000;155;;;;;;;;;;;;;;
16.418271;31502500;140;31503692;218.166;-206.261;987.911;-20588.084;769.468;2808.458;31503252;-973.914;17.647;107.535;2344.202;3969.814;-1308.847
16.420771;31505000;154;;;;;;;;;;;;;;
16.423271;31507500;127;;;;;;;;;;;;;;
16.425771;31510000;152;;;;;;;;;;;;;;
16.428271;31512500;139;;;;;;;;;;;;;;
16.430771;31515000;377;;;;;;;;;;;;;;
16.433271;31517500;266;;;;;;;;;;;;;;
16.435771;31520000;187;;;;;;;;;;;;;;
16.438271;31522500;156;;;;;;;;;;;;;;
16.440771;31525000;139;;;;;;;;;;;;;;
16.443271;31527500;127;;;;;;;;;;;;;;
16.445771;31530000;152;;;;;;;;;;;;;;
16.448271;31532500;141;;;;;;;;;;;;;;
16.450771;31535000;152;31535706;213.504;-222.763;985.87;-21508.18;2151.995;1950.535;31535276;-975.073;18.266;106.697;2427.804;3752.073;-1244.279
16.453271;31537500;155;;;;;;;;;;;;;;
16.455771;31540000;155;;;;;;;;;;;;;;
16.458271;31542500;168;;;;;;;;;;;;;;
16.460771;31545000;320;;;;;;;;;;;;;;
16.463271;31547500;248;;;;;;;;;;;;;;
16.465771;31550000;169;;;;;;;;;;;;;;
16.468271;31552500;153;;;;;;;;;;;;;;
16.470771;31555000;171;;;;;;;;;;;;;;
16.473271;31557500;157;;;;;;;;;;;;;;
16.475771;31560000;170;;;;;;;;;;;;;;
16.478271;31562500;141;;;;;;;;;;;;;;
16.480771;31565000;128;;;;;;;;;;;;;;
16.483271;31567500;124;31567827;209.863;-239.075;981.094;-20471.707;2404.02;1814.946;31567390;-976.486;17.194;104.65;2235.102;3622.657;-1208.753
16.485771;31570000;153;;;;;;;;;;;;;;
16.488271;31572500;158;;;;;;;;;;;;;;
16.490771;31575000;171;;;;;;;;;;;;;;
16.493271;31577500;349;;;;;;;;;;;;;;
16.495771;31580000;254;;;;;;;;;;;;;;
16.498271;31582500;202;;;;;;;;;;;;;;
16.500771;31585000;169;;;;;;;;;;;;;;
16.503271;31587500;153;;;;;;;;;;;;;;
16.505771;31590000;152;;;;;;;;;;;;;;
16.508271;31592500;140;;;;;;;;;;;;;;
16.510771;31595000;171;;;;;;;;;;;;;;
16.513271;31597500;156;31598383;208.184;-247.563;977.716;-19383.809;2283.819;1715.886;31597953;-976.382;16.657;103.468;2207.784;3389.899;-1155.315
16.515771;31600000;173;;;;;;;;;;;;;;
16.518271;31602500;159;;;;;;;;;;;;;;
16.520771;31605000;135;;;;;;;;;;;;;;
16.523271;31607500;124;;;;;;;;;;;;;;
16.525771;31610000;395;;;;;;;;;;;;;;
16.528271;31612500;255;;;;;;;;;;;;;;
16.530771;31615000;202;;;;;;;;;;;;;;
16.533271;31617500;169;;;;;;;;;;;;;;
16.535771;31620000;156;;;;;;;;;;;;;;
16.538271;31622500;167;31622688;206.595;-256.65;974.013;-18401.492;2157.378;1626.154;31622256;-976.943;16.197;101.717;2159.958;3247.529;-1123.362
16.540771;31625000;155;;;;;;;;;;;;;;
16.543271;31627500;151;;;;;;;;;;;;;;
16.545771;31630000;126;;;;;;;;;;;;;;
16.548271;31632500;158;;;;;;;;;;;;;;
16.550771;31635000;172;;;;;;;;;;;;;;
16.553271;31637500;155;;;;;;;;;;;;;;
16.555771;31640000;172;;;;;;;;;;;;;;
16.558271;31642500;344;;;;;;;;;;;;;;
16.560771;31645000;222;;;;;;;;;;;;;;
16.563271;31647500;170;;;;;;;;;;;;;;
16.565771;31650000;137;;;;;;;;;;;;;;
16.568271;31652500;167;31653233;204.915;-265.351;970.788;-17462.605;2046.447;1553.596;31652798;-977.304;15.96;100.236;2131.585;3081.215;-1083.381
16.570771;31655000;153;;;;;;;;;;;;;;
16.573271;31657500;173;;;;;;;;;;;;;;
16.575771;31660000;154;;;;;;;;;;;;;;
16.578271;31662500;142;;;;;;;;;;;;;;
16.580771;31665000;136;;;;;;;;;;;;;;
16.583271;31667500;125;;;;;;;;;;;;;;
16.585771;31670000;152;;;;;;;;;;;;;;
16.588271;31672500;141;;;;;;;;;;;;;;
16.590771;31675000;329;;;;;;;;;;;;;;
16.593271;31677500;222;;;;;;;;;;;;;;
16.595771;31680000;176;;;;;;;;;;;;;;
16.598271;31682500;171;;;;;;;;31683361;-977.635;15.62;98.744;2113.38;2905.717;-1042.337
16.600771;31685000;137;31683793;203.283;-273.836;967.968;-16568.475;1941.937;1485.979;;;;;;;
16.603271;31687500;127;;;;;;;;;;;;;;
16.605771;31690000;136;;;;;;;;;;;;;;
16.608271;31692500;141;;;;;;;;;;;;;;
16.610771;31695000;172;;;;;;;;;;;;;;
16.613271;31697500;182;;;;;;;;;;;;;;
16.615771;31700000;155;;;;;;;;;;;;;;
16.618271;31702500;141;;;;;;;;;;;;;;
16.620771;31705000;350;;;;;;;;;;;;;;
16.623271;31707500;232;;;;;;;;;;;;;;
16.625771;31710000;173;;;;;;;;;;;;;;
16.628271;31712500;152;;;;;;;;;;;;;;
16.630771;31715000;153;31715822;201.573;-281.762;965.313;-15715.551;1838.277;1414.743;31715386;-977.932;15.375;97.314;2093.024;2740.306;-1005.533
16.633271;31717500;155;;;;;;;;;;;;;;
16.635771;31720000;171;;;;;;;;;;;;;;
16.638271;31722500;166;;;;;;;;;;;;;;
16.640771;31725000;153;;;;;;;;;;;;;;
16.643271;31727500;125;;;;;;;;;;;;;;
16.645771;31730000;300;;;;;;;;;;;;;;
16.648271;31732500;220;;;;;;;;;;;;;;
16.650771;31735000;169;;;;;;;;;;;;;;
16.653271;31737500;185;;;;;;;;;;;;;;
16.655771;31740000;156;;;;;;;;;;;;;;
16.658271;31742500;166;;;;;;;;;;;;;;
16.660771;31745000;153;;;;;;;;;;;;;;
16.663271;31747500;151;31747850;200.199;-289.183;962.584;-14907.461;1739.364;1344.88;31747410;-978.36;15.18;95.858;2067.123;2598.041;-972.319
16.665771;31750000;157;;;;;;;;;;;;;;
16.668271;31752500;159;;;;;;;;;;;;;;
16.670771;31755000;172;;;;;;;;;;;;;;
16.673271;31757500;156;;;;;;;;;;;;;;
16.675771;31760000;367;;;;;;;;;;;;;;
16.678271;31762500;216;;;;;;;;;;;;;;
16.680771;31765000;173;;;;;;;;;;;;;;
16.683271;31767500;155;;;;;;;;;;;;;;
16.685771;31770000;140;;;;;;;;;;;;;;
16.688271;31772500;167;;;;;;;;;;;;;;
16.690771;31775000;172;;;;;;;;;;;;;;
16.693271;31777500;155;;;;;;;;;;;;;;
16.695771;31780000;172;31779778;198.815;-296.269;960.071;-14138.025;1648.02;1279.386;31779350;-978.748;14.842;94.628;2035.079;2465.951;-942.078
16.698271;31782500;140;;;;;;;;;;;;;;
16.700771;31785000;153;;;;;;;;;;;;;;
16.703271;31787500;152;;;;;;;;;;;;;;
16.705771;31790000;392;;;;;;;;;;;;;;
16.708271;31792500;263;;;;;;;;;;;;;;
16.710771;31795000;187;;;;;;;;;;;;;;
16.713271;31797500;188;;;;;;;;;;;;;;
16.715771;31800000;174;;;;;;;;;;;;;;
16.718271;31802500;139;;;;;;;;;;;;;;
16.720771;31805000;154;;;;;;;;;;;;;;
16.723271;31807500;127;;;;;;;;;;;;;;
16.725771;31810000;152;;;;;;;;;;;;;;
16.728271;31812500;157;31811729;197.402;-302.995;957.762;-13401.812;1562.557;1219.354;31811289;-979.026;14.667;93.379;2015.575;2332.591;-913.349
16.730771;31815000;152;;;;;;;;;;;;;;
16.733271;31817500;174;;;;;;;;;;;;;;
16.735771;31820000;174;;;;;;;;;;;;;;
16.738271;31822500;366;;;;;;;;;;;;;;
16.740771;31825000;231;;;;;;;;;;;;;;
16.743271;31827500;154;;;;;;;;;;;;;;
16.745771;31830000;138;;;;;;;;;;;;;;
16.748271;31832500;141;;;;;;;;;;;;;;
16.750771;31835000;172;;;;;;;;;;;;;;
16.753271;31837500;175;;;;;;;;;;;;;;
16.755771;31840000;172;;;;;;;;;;;;;;
16.758271;31842500;141;31842112;196.108;-309.396;955.496;-12706.346;1478.742;1158.387;31841677;-979.356;14.367;92.218;1995.734;2202.836;-881.682
16.760771;31845000;137;;;;;;;;;;;;;;
16.763271;31847500;153;;;;;;;;;;;;;;
16.765771;31850000;134;;;;;;;;;;;;;;
16.768271;31852500;142;;;;;;;;;;;;;;
16.770771;31855000;330;;;;;;;;;;;;;;
16.773271;31857500;223;;;;;;;;;;;;;;
16.775771;31860000;201;;;;;;;;;;;;;;
16.778271;31862500;153;;;;;;;;;;;;;;
16.780771;31865000;138;;;;;;;;;;;;;;
16.783271;31867500;126;;;;;;;;;;;;;;
16.785771;31870000;128;;;;;;;;;;;;;;
16.788271;31872500;159;;;;;;;;31873444;-979.573;14.179;91.139;1976.009;2083.07;-856.41
16.790771;31875000;173;31873876;194.8;-315.459;953.441;-12047.841;1397.804;1103.967;;;;;;;
16.793271;31877500;156;;;;;;;;;;;;;;
16.795771;31880000;155;;;;;;;;;;;;;;
16.798271;31882500;142;;;;;;;;;;;;;;
16.800771;31885000;154;;;;;;;;;;;;;;
16.803271;31887500;279;;;;;;;;;;;;;;
16.805771;31890000;184;;;;;;;;;;;;;;
16.808271;31892500;155;;;;;;;;;;;;;;
16.810771;31895000;157;;;;;;;;;;;;;;
16.813271;31897500;174;;;;;;;;;;;;;;
16.815771;31900000;155;;;;;;;;;;;;;;
16.818271;31902500;160;;;;;;;;;;;;;;
16.820771;31905000;126;31905817;193.686;-321.335;951.452;-11421.823;1319.602;1050.519;31905382;-979.852;14.092;90.126;1954.646;1974.979;-832.402
16.823271;31907500;128;;;;;;;;;;;;;;
16.825771;31910000;152;;;;;;;;;;;;;;
16.828271;31912500;159;;;;;;;;;;;;;;
16.830771;31915000;153;;;;;;;;;;;;;;
16.833271;31917500;364;;;;;;;;;;;;;;
16.835771;31920000;285;;;;;;;;;;;;;;
16.838271;31922500;185;;;;;;;;;;;;;;
16.840771;31925000;142;;;;;;;;;;;;;;
16.843271;31927500;136;;;;;;;;;;;;;;
16.845771;31930000;134;;;;;;;;;;;;;;
16.848271;31932500;159;;;;;;;;;;;;;;
16.850771;31935000;153;;;;;;;;;;;;;;
16.853271;31937500;174;;;;;;;;;;;;;;
16.855771;31940000;172;;;;;;;;;;;;;;
16.858271;31942500;166;;;;;;;;;;;;;;
16.860771;31945000;154;;;;;;;;;;;;;;
16.863271;31947500;0;31947139;192.602;-326.917;949.58;-10824.045;1248.372;999.306;31946699;-980.068;13.912;89.182;1931.289;1871.855;-807.844
16.865771;31950000;288;;;;;;;;;;;;;;
16.868271;31952500;207;;;;;;;;;;;;;;
16.870771;31955000;186;;;;;;;;;;;;;;
16.873271;31957500;184;;;;;;;;;;;;;;
16.875771;31960000;156;;;;;;;;;;;;;;
16.878271;31962500;150;;;;;;;;;;;;;;
16.880771;31965000;137;;;;;;;;;;;;;;
16.883271;31967500;125;;;;;;;;;;;;;;
16.885771;31970000;144;;;;;;;;;;;;;;
16.888271;31972500;142;;;;;;;;;;;;;;
16.890771;31975000;153;;;;;;;;;;;;;;
16.893271;31977500;176;;;;;;;;31978552;-980.438;13.735;88.249;1909.537;1771.699;-781.89
16.895771;31980000;351;31978979;191.415;-332.05;947.857;-10258.343;1181.578;950.215;;;;;;;
16.898271;31982500;263;;;;;;;;;;;;;;
16.900771;31985000;168;;;;;;;;;;;;;;
16.903271;31987500;140;;;;;;;;;;;;;;
16.905771;31990000;138;;;;;;;;;;;;;;
16.908271;31992500;142;;;;;;;;;;;;;;
16.910771;31995000;173;;;;;;;;;;;;;;
16.913271;31997500;156;;;;;;;;;;;;;;
16.915771;32000000;172;;;;;;;;;;;;;;
16.918271;32002500;158;;;;;;;;;;;;;;
16.920771;32005000;154;;;;;;;;;;;;;;
16.923271;32007500;127;;;;;;;;;;;;;;
16.925771;32010000;135;32010670;190.408;-337.072;946.16;-9720.488;1118.124;906.642;32010230;-980.63;13.591;87.405;1894.123;1675.677;-760.295
16.928271;32012500;378;;;;;;;;;;;;;;
16.930771;32015000;252;;;;;;;;;;;;;;
16.933271;32017500;207;;;;;;;;;;;;;;
16.935771;32020000;158;;;;;;;;;;;;;;
16.938271;32022500;150;;;;;;;;;;;;;;
16.940771;32025000;152;;;;;;;;;;;;;;
16.943271;32027500;125;;;;;;;;;;;;;;
16.945771;32030000;152;;;;;;;;;;;;;;
16.948271;32032500;140;;;;;;;;;;;;;;
16.950771;32035000;153;;;;;;;;;;;;;;
16.953271;32037500;174;;;;;;;;;;;;;;
16.955771;32040000;172;;;;;;;;;;;;;;
16.958271;32042500;140;32042424;189.483;-341.739;944.51;-9209.526;1057.843;866.122;32041994;-980.875;13.485;86.554;1879.917;1580.518;-739.343
16.960771;32045000;136;;;;;;;;;;;;;;
16.963271;32047500;126;;;;;;;;;;;;;;
16.965771;32050000;151;;;;;;;;;;;;;;
16.968271;32052500;157;;;;;;;;;;;;;;
16.970771;32055000;296;;;;;;;;;;;;;;
16.973271;32057500;207;;;;;;;;;;;;;;
16.975771;32060000;171;;;;;;;;;;;;;;
16.978271;32062500;169;;;;;;;;;;;;;;
16.980771;32065000;154;;;;;;;;;;;;;;
16.983271;32067500;125;;;;;;;;;;;;;;
16.985771;32070000;135;;;;;;;;;;;;;;
16.988271;32072500;141;32072655;188.573;-346.069;943.053;-8721.925;997.513;821.504;32072210;-981.174;13.433;85.722;1865.546;1491.867;-716.813
16.990771;32075000;153;;;;;;;;;;;;;;
16.993271;32077500;156;;;;;;;;;;;;;;
16.995771;32080000;172;;;;;;;;;;;;;;
16.998271;32082500;142;;;;;;;;;;;;;;
17.000771;32085000;0;;;;;;;;;;;;;;
17.003271;32087500;233;;;;;;;;;;;;;;
17.005771;32090000;186;;;;;;;;;;;;;;
17.008271;32092500;172;;;;;;;;;;;;;;
17.010771;32095000;172;32094932;187.696;-350.39;941.607;-8260.891;938.888;781.304;32094510;-981.36;13.311;85.023;1848.831;1408.961;-698.91
17.013271;32097500;174;;;;;;;;;;;;;;
17.015771;32100000;153;;;;;;;;;;;;;;
17.018271;32102500;160;;;;;;;;;;;;;;
17.020771;32105000;154;;;;;;;;;;;;;;
17.023271;32107500;127;;;;;;;;;;;;;;
17.025771;32110000;153;;;;;;;;;;;;;;
17.028271;32112500;142;;;;;;;;;;;;;;
17.030771;32115000;153;;;;;;;;;;;;;;
17.033271;32117500;351;;;;;;;;;;;;;;
17.035771;32120000;232;32120389;186.925;-354.379;940.149;-7820.721;886.693;743.113;32119949;-981.55;13.255;84.297;1835.139;1328.888;-681.902
17.038271;32122500;188;;;;;;;;;;;;;;
17.040771;32125000;141;;;;;;;;;;;;;;
17.043271;32127500;134;;;;;;;;;;;;;;
17.045771;32130000;154;;;;;;;;;;;;;;
17.048271;32132500;167;;;;;;;;;;;;;;
17.050771;32135000;171;;;;;;;;;;;;;;
17.053271;32137500;155;;;;;;;;;;;;;;
17.055771;32140000;154;;;;;;;;;;;;;;
17.058271;32142500;158;;;;;;;;;;;;;;
17.060771;32145000;152;;;;;;;;;;;;;;
17.063271;32147500;152;32147365;186.052;-358.291;938.812;-7404.31;834.484;706.833;32146938;-981.815;13.196;83.584;1826.07;1253.694;-662.244
17.065771;32150000;295;;;;;;;;;;;;;;
17.068271;32152500;200;;;;;;;;;;;;;;
17.070771;32155000;188;;;;;;;;;;;;;;
17.073271;32157500;184;;;;;;;;;;;;;;
17.075771;32160000;173;;;;;;;;;;;;;;
17.078271;32162500;141;;;;;;;;;;;;;;
17.080771;32165000;153;;;;;;;;;;;;;;
17.083271;32167500;151;;;;;;;;;;;;;;
17.085771;32170000;124;;;;;;;;;;;;;;
17.088271;32172500;158;;;;;;;;;;;;;;
17.090771;32175000;153;;;;;;;;;;;;;;
17.093271;32177500;174;;;;;;;;32178616;-982.013;13.128;82.888;1814.391;1184.009;-646.632
17.095771;32180000;332;32179056;185.356;-361.921;937.506;-7008.282;788.822;672.366;;;;;;;
17.098271;32182500;201;;;;;;;;;;;;;;
17.100771;32185000;144;;;;;;;;;;;;;;
17.103271;32187500;136;;;;;;;;;;;;;;
17.105771;32190000;153;;;;;;;;;;;;;;
17.108271;32192500;142;;;;;;;;;;;;;;
17.110771;32195000;154;;;;;;;;;;;;;;
17.113271;32197500;155;;;;;;;;;;;;;;
17.115771;32200000;154;;;;;;;;;;;;;;
17.118271;32202500;313;;;;;;;;;;;;;;
17.120771;32205000;205;;;;;;;;;;;;;;
17.123271;32207500;142;;;;;;;;;;;;;;
17.125771;32210000;139;32210722;184.86;-365.444;936.326;-6632.055;744.568;638.31;32210294;-982.224;13.015;82.251;1806.359;1116.934;-628.301
17.128271;32212500;141;;;;;;;;;;;;;;
17.130771;32215000;171;;;;;;;;;;;;;;
17.133271;32217500;155;;;;;;;;;;;;;;
17.135771;32220000;170;;;;;;;;;;;;;;
17.138271;32222500;142;;;;;;;;;;;;;;
17.140771;32225000;135;;;;;;;;;;;;;;
17.143271;32227500;315;;;;;;;;;;;;;;
17.145771;32230000;204;;;;;;;;;;;;;;
17.148271;32232500;184;;;;;;;;;;;;;;
17.150771;32235000;159;;;;;;;;;;;;;;
17.153271;32237500;157;;;;;;;;;;;;;;
17.155771;32240000;173;32240862;184.218;-368.699;935.174;-6277.265;699.465;607.707;32240422;-982.358;12.968;81.731;1801.354;1050.587;-610.886
17.158271;32242500;158;;;;;;;;;;;;;;
17.160771;32245000;135;;;;;;;;;;;;;;
17.163271;32247500;125;;;;;;;;;;;;;;
17.165771;32250000;135;;;;;;;;;;;;;;
17.168271;32252500;167;;;;;;;;;;;;;;
17.170771;32255000;301;;;;;;;;;;;;;;
17.173271;32257500;234;;;;;;;;;;;;;;
17.175771;32260000;172;;;;;;;;;;;;;;
17.178271;32262500;170;;;;;;;;;;;;;;
17.180771;32265000;137;;;;;;;;;;;;;;
17.183271;32267500;152;;;;;;;;;;;;;;
17.185771;32270000;136;;;;;;;;;;;;;;
17.188271;32272500;140;32272529;183.572;-371.833;934.122;-5939.776;657.054;579.072;32272102;-982.449;12.929;81.134;1791.786;988.87;-595.216
17.190771;32275000;172;;;;;;;;;;;;;;
17.193271;32277500;153;;;;;;;;;;;;;;
17.195771;32280000;154;;;;;;;;;;;;;;
17.198271;32282500;166;;;;;;;;;;;;;;
17.200771;32285000;365;;;;;;;;;;;;;;
17.203271;32287500;263;;;;;;;;;;;;;;
17.205771;32290000;171;;;;;;;;;;;;;;
17.208271;32292500;155;;;;;;;;;;;;;;
17.210771;32295000;172;;;;;;;;;;;;;;
17.213271;32297500;174;;;;;;;;;;;;;;
17.215771;32300000;173;;;;;;;;;;;;;;
17.218271;32302500;140;;;;;;;;32303693;-982.572;12.887;80.67;1783.572;934.614;-579.893
17.220771;32305000;126;32304133;182.951;-374.811;933.148;-5616.538;620.264;554.056;;;;;;;
17.223271;32307500;142;;;;;;;;;;;;;;
17.225771;32310000;151;;;;;;;;;;;;;;
17.228271;32312500;159;;;;;;;;;;;;;;
17.230771;32315000;153;;;;;;;;;;;;;;
17.233271;32317500;375;;;;;;;;;;;;;;
17.235771;32320000;249;;;;;;;;;;;;;;
17.238271;32322500;189;;;;;;;;;;;;;;
17.240771;32325000;156;;;;;;;;;;;;;;
17.243271;32327500;126;;;;;;;;;;;;;;
17.245771;32330000;135;;;;;;;;;;;;;;
17.248271;32332500;139;;;;;;;;;;;;;;
17.250771;32335000;171;32335540;182.478;-377.634;932.228;-5310.773;584.876;529.415;32335109;-982.835;12.877;80.303;1770.081;882.196;-569.711
17.253271;32337500;172;;;;;;;;;;;;;;
17.255771;32340000;155;;;;;;;;;;;;;;
17.258271;32342500;158;;;;;;;;;;;;;;
17.260771;32345000;153;;;;;;;;;;;;;;
17.263271;32347500;377;;;;;;;;;;;;;;
17.265771;32350000;216;;;;;;;;;;;;;;
17.268271;32352500;170;;;;;;;;;;;;;;
17.270771;32355000;175;;;;;;;;;;;;;;
17.273271;32357500;157;;;;;;;;;;;;;;
17.275771;32360000;153;;;;;;;;;;;;;;
17.278271;32362500;141;;;;;;;;;;;;;;
17.280771;32365000;135;;;;;;;;;;;;;;
17.283271;32367500;151;32367139;181.998;-380.255;931.397;-5016.797;548.194;504.695;32366702;-983.036;12.733;79.807;1761.639;825.398;-560.038
17.285771;32370000;152;;;;;;;;;;;;;;
17.288271;32372500;141;;;;;;;;;;;;;;
17.290771;32375000;153;;;;;;;;;;;;;;
17.293271;32377500;156;;;;;;;;;;;;;;
17.295771;32380000;329;;;;;;;;;;;;;;
17.298271;32382500;200;;;;;;;;;;;;;;
17.300771;32385000;151;;;;;;;;;;;;;;
17.303271;32387500;127;;;;;;;;;;;;;;
17.305771;32390000;135;;;;;;;;;;;;;;
17.308271;32392500;159;;;;;;;;;;;;;;
17.310771;32395000;152;;;;;;;;;;;;;;
17.313271;32397500;173;32397174;181.578;-382.891;930.419;-4740.582;515.535;481.21;32396744;-983.087;12.591;79.404;1755.807;774.504;-549.098
17.315771;32400000;154;;;;;;;;;;;;;;
17.318271;32402500;141;;;;;;;;;;;;;;
17.320771;32405000;127;;;;;;;;;;;;;;
17.323271;32407500;127;;;;;;;;;;;;;;
17.325771;32410000;2;;;;;;;;;;;;;;
17.328271;32412500;255;;;;;;;;;;;;;;
17.330771;32415000;190;;;;;;;;;;;;;;
17.333271;32417500;171;;;;;;;;;;;;;;
17.335771;32420000;157;32420959;181.045;-385.255;929.569;-4478.178;484.508;458.899;32420527;-983.19;12.492;79.057;1751.142;727.028;-540.893
17.338271;32422500;141;;;;;;;;;;;;;;
17.340771;32425000;135;;;;;;;;;;;;;;
17.343271;32427500;126;;;;;;;;;;;;;;
17.345771;32430000;153;;;;;;;;;;;;;;
17.348271;32432500;160;;;;;;;;;;;;;;
17.350771;32435000;154;;;;;;;;;;;;;;
17.353271;32437500;156;;;;;;;;;;;;;;
17.355771;32440000;170;;;;;;;;;;;;;;
17.358271;32442500;333;;;;;;;;;;;;;;
17.360771;32445000;218;;;;;;;;;;;;;;
17.363271;32447500;169;;;;;;;;;;;;;;
17.365771;32450000;138;32450983;180.643;-387.58;928.773;-4229.331;452.845;439.454;32450548;-983.245;12.313;78.654;1748.459;684.114;-527.849
17.368271;32452500;160;;;;;;;;;;;;;;
17.370771;32455000;153;;;;;;;;;;;;;;
17.373271;32457500;156;;;;;;;;;;;;;;
17.375771;32460000;154;;;;;;;;;;;;;;
17.378271;32462500;159;;;;;;;;;;;;;;
17.380771;32465000;153;;;;;;;;;;;;;;
17.383271;32467500;126;;;;;;;;;;;;;;
17.385771;32470000;154;;;;;;;;;;;;;;
17.388271;32472500;158;;;;;;;;;;;;;;
17.390771;32475000;288;;;;;;;;;;;;;;
17.393271;32477500;233;;;;;;;;;;;;;;
17.395771;32480000;171;32481022;180.242;-389.868;927.969;-3992.927;423.203;417.482;32480590;-983.188;12.331;78.302;1744.161;638.971;-518.519
17.398271;32482500;168;;;;;;;;;;;;;;
17.400771;32485000;135;;;;;;;;;;;;;;
17.403271;32487500;125;;;;;;;;;;;;;;
17.405771;32490000;153;;;;;;;;;;;;;;
17.408271;32492500;141;;;;;;;;;;;;;;
17.410771;32495000;151;;;;;;;;;;;;;;
17.413271;32497500;182;;;;;;;;;;;;;;
17.415771;32500000;144;;;;;;;;;;;;;;
17.418271;32502500;157;;;;;;;;;;;;;;
17.420771;32505000;267;;;;;;;;;;;;;;
17.423271;32507500;174;;;;;;;;;;;;;;
17.425771;32510000;169;;;;;;;;;;;;;;
17.428271;32512500;151;32512617;179.886;-391.841;927.247;-3770.531;396.793;403.17;32512182;-983.274;12.3;78.029;1734.828;601.335;-507.468
17.430771;32515000;172;;;;;;;;;;;;;;
17.433271;32517500;155;;;;;;;;;;;;;;
17.435771;32520000;172;;;;;;;;;;;;;;
17.438271;32522500;158;;;;;;;;;;;;;;
17.440771;32525000;127;;;;;;;;;;;;;;
17.443271;32527500;362;;;;;;;;;;;;;;
17.445771;32530000;218;;;;;;;;;;;;;;
17.448271;32532500;189;;;;;;;;;;;;;;
17.450771;32535000;158;;;;;;;;;;;;;;
17.453271;32537500;158;;;;;;;;;;;;;;
17.455771;32540000;154;;;;;;;;;;;;;;
17.458271;32542500;140;;;;;;;;;;;;;;
17.460771;32545000;154;32544212;179.572;-393.666;926.537;-3557.066;369.953;389.137;32543772;-983.252;12.094;77.659;1729.024;560.331;-500.469
17.463271;32547500;152;;;;;;;;;;;;;;
17.465771;32550000;136;;;;;;;;;;;;;;
17.468271;32552500;141;;;;;;;;;;;;;;
17.470771;32555000;156;;;;;;;;;;;;;;
17.473271;32557500;394;;;;;;;;;;;;;;
17.475771;32560000;235;;;;;;;;;;;;;;
17.478271;32562500;190;;;;;;;;;;;;;;
17.480771;32565000;140;;;;;;;;;;;;;;
17.483271;32567500;128;;;;;;;;;;;;;;
17.485771;32570000;153;;;;;;;;;;;;;;
17.488271;32572500;157;;;;;;;;;;;;;;
17.490771;32575000;171;32575792;179.28;-395.552;925.905;-3352.526;342.705;369.68;32575364;-983.267;12.234;77.4;1721.323;524.002;-489.008
17.493271;32577500;154;;;;;;;;;;;;;;
17.495771;32580000;151;;;;;;;;;;;;;;
17.498271;32582500;157;;;;;;;;;;;;;;
17.500771;32585000;136;;;;;;;;;;;;;;
17.503271;32587500;364;;;;;;;;;;;;;;
17.505771;32590000;217;;;;;;;;;;;;;;
17.508271;32592500;169;;;;;;;;;;;;;;
17.510771;32595000;173;;;;;;;;;;;;;;
17.513271;32597500;172;;;;;;;;;;;;;;
17.515771;32600000;143;;;;;;;;;;;;;;
17.518271;32602500;138;;;;;;;;;;;;;;
17.520771;32605000;134;;;;;;;;;;;;;;
17.523271;32607500;151;32607396;179.033;-397.485;925.287;-3159.087;321.633;352.508;32606956;-983.355;12.201;77.001;1715.319;489.052;-480.308
17.525771;32610000;152;;;;;;;;;;;;;;
17.528271;32612500;160;;;;;;;;;;;;;;
17.530771;32615000;170;;;;;;;;;;;;;;
17.533271;32617500;173;;;;;;;;;;;;;;
17.535771;32620000;312;;;;;;;;;;;;;;
17.538271;32622500;216;;;;;;;;;;;;;;
17.540771;32625000;141;;;;;;;;;;;;;;
17.543271;32627500;152;;;;;;;;;;;;;;
17.545771;32630000;152;;;;;;;;;;;;;;
17.548271;32632500;139;;;;;;;;;;;;;;
17.550771;32635000;144;;;;;;;;;;;;;;
17.553271;32637500;170;32637427;178.706;-399.29;924.748;-2979.695;299.426;336.633;32636997;-983.341;12.165;76.652;1710.053;455.849;-474.668
17.555771;32640000;169;;;;;;;;;;;;;;
17.558271;32642500;155;;;;;;;;;;;;;;
17.560771;32645000;125;;;;;;;;;;;;;;
17.563271;32647500;150;;;;;;;;;;;;;;
17.565771;32650000;343;;;;;;;;;;;;;;
17.568271;32652500;282;;;;;;;;;;;;;;
17.570771;32655000;216;;;;;;;;;;;;;;
17.573271;32657500;168;;;;;;;;;;;;;;
17.575771;32660000;170;;;;;;;;;;;;;;
17.578271;32662500;137;;;;;;;;;;;;;;
17.580771;32665000;143;;;;;;;;;;;;;;
17.583271;32667500;142;;;;;;;;32668589;-983.523;12.124;76.357;1709.863;422.994;-470.184
17.585771;32670000;126;32669027;178.275;-400.986;924.218;-2805.335;276.142;325.489;;;;;;;
17.588271;32672500;157;;;;;;;;;;;;;;
17.590771;32675000;152;;;;;;;;;;;;;;
17.593271;32677500;155;;;;;;;;;;;;;;
17.595771;32680000;168;;;;;;;;;;;;;;
17.598271;32682500;348;;;;;;;;;;;;;;
17.600771;32685000;230;;;;;;;;;;;;;;
17.603271;32687500;151;;;;;;;;;;;;;;
17.605771;32690000;139;;;;;;;;;;;;;;
17.608271;32692500;168;;;;;;;;;;;;;;
17.610771;32695000;153;;;;;;;;;;;;;;
17.613271;32697500;174;;;;;;;;;;;;;;
17.615771;32700000;154;32700437;178.059;-402.537;923.684;-2642.318;258.835;310.964;32700007;-983.653;11.981;76.09;1702.683;393.094;-461.988
17.618271;32702500;139;;;;;;;;;;;;;;
17.620771;32705000;136;;;;;;;;;;;;;;
17.623271;32707500;127;;;;;;;;;;;;;;
17.625771;32710000;134;;;;;;;;;;;;;;
17.628271;32712500;141;;;;;;;;;;;;;;
17.630771;32715000;320;;;;;;;;;;;;;;
17.633271;32717500;216;;;;;;;;;;;;;;
17.635771;32720000;171;;;;;;;;;;;;;;
17.638271;32722500;142;;;;;;;;;;;;;;
17.640771;32725000;153;;;;;;;;;;;;;;
17.643271;32727500;141;;;;;;;;;;;;;;
17.645771;32730000;125;;;;;;;;;;;;;;
17.648271;32732500;139;32732037;177.77;-403.925;923.237;-2484.39;242.831;300.229;32731598;-983.734;11.876;75.878;1691.048;365.565;-457.701
17.650771;32735000;152;;;;;;;;;;;;;;
17.653271;32737500;155;;;;;;;;;;;;;;
17.655771;32740000;171;;;;;;;;;;;;;;
17.658271;32742500;139;;;;;;;;;;;;;;
17.660771;32745000;281;;;;;;;;;;;;;;
17.663271;32747500;182;;;;;;;;;;;;;;
17.665771;32750000;151;;;;;;;;;;;;;;
17.668271;32752500;168;;;;;;;;;;;;;;
17.670771;32755000;155;;;;;;;;;;;;;;
17.673271;32757500;156;;;;;;;;;;;;;;
17.675771;32760000;171;;;;;;;;;;;;;;
17.678271;32762500;139;32763444;177.415;-405.304;922.685;-2334.358;225.439;289.592;32763016;-983.884;11.844;75.677;1685.246;338.099;-451.003
17.680771;32765000;124;;;;;;;;;;;;;;
17.683271;32767500;126;;;;;;;;;;;;;;
17.685771;32770000;126;;;;;;;;;;;;;;
17.688271;32772500;169;;;;;;;;;;;;;;
17.690771;32775000;1;;;;;;;;;;;;;;
17.693271;32777500;266;;;;;;;;;;;;;;
17.695771;32780000;191;;;;;;;;;;;;;;
17.698271;32782500;153;;;;;;;;;;;;;;
17.700771;32785000;136;;;;;;;;;;;;;;
17.703271;32787500;151;;;;;;;;;;;;;;
17.705771;32790000;156;;;;;;;;;;;;;;
17.708271;32792500;142;32793499;177.139;-406.658;922.191;-2196.202;208.48;279.488;32793059;-983.911;11.825;75.45;1677.984;314.194;-445.953
17.710771;32795000;173;;;;;;;;;;;;;;
17.713271;32797500;155;;;;;;;;;;;;;;
17.715771;32800000;154;;;;;;;;;;;;;;
17.718271;32802500;158;;;;;;;;;;;;;;
17.720771;32805000;135;;;;;;;;;;;;;;
17.723271;32807500;344;;;;;;;;;;;;;;
17.725771;32810000;199;;;;;;;;;;;;;;
17.728271;32812500;169;;;;;;;;;;;;;;
17.730771;32815000;165;32815693;177.03;-407.974;921.71;-2058.392;195.431;271.638;32815271;-984.016;11.831;75.215;1675.459;290.609;-439.843
17.733271;32817500;174;;;;;;;;;;;;;;
17.735771;32820000;170;;;;;;;;;;;;;;
17.738271;32822500;157;;;;;;;;;;;;;;
17.740771;32825000;152;;;;;;;;;;;;;;
17.743271;32827500;125;;;;;;;;;;;;;;
17.745771;32830000;126;;;;;;;;;;;;;;
17.748271;32832500;158;;;;;;;;;;;;;;
17.750771;32835000;152;;;;;;;;;;;;;;
17.753271;32837500;0;;;;;;;;;;;;;;
17.755771;32840000;280;;;;;;;;;;;;;;
17.758271;32842500;185;;;;;;;;;;;;;;
17.760771;32845000;157;;;;;;;;;;;;;;
17.763271;32847500;126;32847306;176.767;-409.108;921.161;-1932.723;181.284;261.556;32846861;-984.176;11.789;75.09;1670.437;272.579;-435.351
17.765771;32850000;152;;;;;;;;;;;;;;
17.768271;32852500;139;;;;;;;;;;;;;;
17.770771;32855000;169;;;;;;;;;;;;;;
17.773271;32857500;173;;;;;;;;;;;;;;
17.775771;32860000;169;;;;;;;;;;;;;;
17.778271;32862500;156;;;;;;;;;;;;;;
17.780771;32865000;125;;;;;;;;;;;;;;
17.783271;32867500;124;;;;;;;;;;;;;;
17.785771;32870000;363;;;;;;;;;;;;;;
17.788271;32872500;230;;;;;;;;;;;;;;
17.790771;32875000;202;;;;;;;;;;;;;;
17.793271;32877500;159;32877327;176.639;-410.198;920.743;-1813.774;171.345;249.791;32876905;-984.213;11.706;74.873;1663.477;254.575;-429.771
17.795771;32880000;155;;;;;;;;;;;;;;
17.798271;32882500;139;;;;;;;;;;;;;;
17.800771;32885000;126;;;;;;;;;;;;;;
17.803271;32887500;143;;;;;;;;;;;;;;
17.805771;32890000;154;;;;;;;;;;;;;;
17.808271;32892500;160;;;;;;;;;;;;;;
17.810771;32895000;152;;;;;;;;;;;;;;
17.813271;32897500;155;;;;;;;;;;;;;;
17.815771;32900000;383;;;;;;;;;;;;;;
17.818271;32902500;222;;;;;;;;;;;;;;
17.820771;32905000;174;;;;;;;;;;;;;;
17.823271;32907500;139;;;;;;;;32908496;-983.857;11.675;74.686;1663.428;235.284;-427.095
17.825771;32910000;137;32908936;176.695;-411.264;920.346;-1695.523;157.09;236.426;;;;;;;
17.828271;32912500;167;;;;;;;;;;;;;;
17.830771;32915000;172;;;;;;;;;;;;;;
17.833271;32917500;156;;;;;;;;;;;;;;
17.835771;32920000;154;;;;;;;;;;;;;;
17.838271;32922500;345;;;;;;;;;;;;;;
17.840771;32925000;220;;;;;;;;;;;;;;
17.843271;32927500;150;;;;;;;;;;;;;;
17.845771;32930000;138;;;;;;;;;;;;;;
17.848271;32932500;141;;;;;;;;;;;;;;
17.850771;32935000;152;;;;;;;;;;;;;;
17.853271;32937500;172;;;;;;;;;;;;;;
17.855771;32940000;168;32940521;176.589;-412.52;920.39;-1598.059;159.298;247.793;32940086;-983.885;11.793;74.41;1651.132;229.207;-427.177
17.858271;32942500;139;;;;;;;;;;;;;;
17.860771;32945000;126;;;;;;;;;;;;;;
17.863271;32947500;124;;;;;;;;;;;;;;
17.865771;32950000;152;;;;;;;;;;;;;;
17.868271;32952500;141;;;;;;;;;;;;;;
17.870771;32955000;299;;;;;;;;;;;;;;
17.873271;32957500;232;;;;;;;;;;;;;;
17.875771;32960000;186;;;;;;;;;;;;;;
17.878271;32962500;142;;;;;;;;;;;;;;
17.880771;32965000;136;;;;;;;;;;;;;;
17.883271;32967500;125;;;;;;;;;;;;;;
17.885771;32970000;136;;;;;;;;;;;;;;
17.888271;32972500;167;32972111;176.324;-413.805;919.876;-1501.094;136.458;228.403;32971679;-983.808;11.893;74.429;1661.325;194.559;-418.068
17.890771;32975000;153;;;;;;;;;;;;;;
17.893271;32977500;174;;;;;;;;;;;;;;
17.895771;32980000;168;;;;;;;;;;;;;;
17.898271;32982500;137;;;;;;;;;;;;;;
17.900771;32985000;297;;;;;;;;;;;;;;
17.903271;32987500;172;;;;;;;;;;;;;;
17.905771;32990000;169;;;;;;;;;;;;;;
17.908271;32992500;168;;;;;;;;;;;;;;
17.910771;32995000;173;;;;;;;;;;;;;;
17.913271;32997500;173;;;;;;;;;;;;;;
17.915771;33000000;152;;;;;;;;;;;;;;
17.918271;33002500;156;33003527;176.188;-414.904;919.291;-1405.039;121.76;207.795;33003097;-983.832;11.994;74.179;1631.634;203.206;-419.04
17.920771;33005000;126;;;;;;;;;;;;;;
17.923271;33007500;125;;;;;;;;;;;;;;
17.925771;33010000;154;;;;;;;;;;;;;;
17.928271;33012500;141;;;;;;;;;;;;;;
17.930771;33015000;391;;;;;;;;;;;;;;
17.933271;33017500;253;;;;;;;;;;;;;;
17.935771;33020000;187;;;;;;;;;;;;;;
17.938271;33022500;170;;;;;;;;;;;;;;
17.940771;33025000;135;;;;;;;;;;;;;;
17.943271;33027500;152;;;;;;;;;;;;;;
17.945771;33030000;153;;;;;;;;;;;;;;
17.948271;33032500;140;33033583;176.029;-415.796;918.643;-1311.6;120.047;197.406;33033138;-984.026;11.815;73.916;1610.865;196.983;-415.151
17.950771;33035000;169;;;;;;;;;;;;;;
17.953271;33037500;154;;;;;;;;;;;;;;
17.955771;33040000;152;;;;;;;;;;;;;;
17.958271;33042500;139;;;;;;;;;;;;;;
17.960771;33045000;128;;;;;;;;;;;;;;
17.963271;33047500;329;;;;;;;;;;;;;;
17.965771;33050000;204;;;;;;;;;;;;;;
17.968271;33052500;169;;;;;;;;;;;;;;
17.970771;33055000;160;33055774;176.048;-416.862;918.205;-1224.145;118.42;189.285;33055351;-984.009;11.688;73.643;1607.322;180.134;-408.393
17.973271;33057500;175;;;;;;;;;;;;;;
17.975771;33060000;152;;;;;;;;;;;;;;
17.978271;33062500;139;;;;;;;;;;;;;;
17.980771;33065000;152;;;;;;;;;;;;;;
17.983271;33067500;125;;;;;;;;;;;;;;
17.985771;33070000;152;;;;;;;;;;;;;;
17.988271;33072500;141;;;;;;;;;;;;;;
17.990771;33075000;156;;;;;;;;;;;;;;
17.993271;33077500;0;;;;;;;;;;;;;;
17.995771;33080000;282;;;;;;;;;;;;;;
17.998271;33082500;207;;;;;;;;;;;;;;
18.000771;33085000;143;;;;;;;;;;;;;;
18.003271;33087500;137;;;;;;;;;;;;;;
18.005771;33090000;156;;;;;;;;;;;;;;
18.008271;33092500;169;;;;;;;;;;;;;;
18.010771;33095000;154;;;;;;;;;;;;;;
18.013271;33097500;155;;;;;;;;;;;;;;
18.015771;33100000;152;;;;;;;;;;;;;;
18.018271;33102500;157;;;;;;;;;;;;;;
18.020771;33105000;124;;;;;;;;;;;;;;
18.023271;33107500;123;;;;;;;;;;;;;;
18.025771;33110000;367;;;;;;;;;;;;;;
18.028271;33112500;232;;;;;;;;;;;;;;
18.030771;33115000;203;;;;;;;;;;;;;;
18.033271;33117500;186;;;;;;;;;;;;;;
18.035771;33120000;153;;;;;;;;;;;;;;
18.038271;33122500;138;;;;;;;;;;;;;;
18.040771;33125000;127;;;;;;;;;;;;;;
18.043271;33127500;143;;;;;;;;;;;;;;
18.045771;33130000;134;;;;;;;;;;;;;;
18.048271;33132500;160;;;;;;;;;;;;;;
18.050771;33135000;171;;;;;;;;;;;;;;
18.053271;33137500;173;;;;;;;;;;;;;;
18.055771;33140000;378;;;;;;;;;;;;;;
18.058271;33142500;221;;;;;;;;;;;;;;
18.060771;33145000;171;;;;;;;;;;;;;;
18.063271;33147500;151;;;;;;;;;;;;;;
18.065771;33150000;154;;;;;;;;;;;;;;
18.068271;33152500;141;;;;;;;;;;;;;;
18.070771;33155000;174;;;;;;;;;;;;;;
18.073271;33157500;174;;;;;;;;;;;;;;
18.075771;33160000;152;;;;;;;;;;;;;;
18.078271;33162500;366;;;;;;;;;;;;;;
18.080771;33165000;204;;;;;;;;;;;;;;
18.083271;33167500;150;;;;;;;;;;;;;;
