timestamp_s;timestamp_us;emg_raw;imu1_timestamp_us;imu1_ax;imu1_ay;imu1_az;imu1_gx;imu1_gy;imu1_gz;imu2_timestamp_us;imu2_ax;imu2_ay;imu2_az;imu2_gx;imu2_gy;imu2_gz
0.0;6145000;2025;;;;;;;;;;;;;;
0.0025;6147500;2025;;;;;;;;;;;;;;
0.005;6150000;2024;;;;;;;;;;;;;;
0.0075;6152500;1995;;;;;;;;;;;;;;
0.01;6155000;2008;;;;;;;;;;;;;;
0.0125;6157500;2010;;;;;;;;;;;;;;
0.015;6160000;1999;;;;;;;;;;;;;;
0.0175;6162500;2015;;;;;;;;;;;;;;
0.02;6165000;2012;;;;;;;;;;;;;;
0.0225;6167500;2013;;;;;;;;;;;;;;
0.025;6170000;2025;;;;;;;;;;;;;;
0.0275;6172500;1997;;;;;;;;;;;;;;
0.03;6175000;1994;;;;;;;;;;;;;;
0.0325;6177500;2010;;;;;;;;;;;;;;
0.035;6180000;2009;;;;;;;;;;;;;;
0.0375;6182500;2016;;;;;;;;;;;;;;
0.04;6185000;2029;;;;;;;;;;;;;;
0.0425;6187500;2027;;;;;;;;;;;;;;
0.045;6190000;2010;;;;;;;;;;;;;;
0.0475;6192500;1998;;;;;;;;;;;;;;
0.05;6195000;2000;;;;;;;;;;;;;;
0.0525;6197500;1997;;;;;;;;;;;;;;
0.055;6200000;2012;;;;;;;;;;;;;;
0.0575;6202500;2024;;;;;;;;;;;;;;
0.06;6205000;2029;;;;;;;;;;;;;;
0.0625;6207500;2029;;;;;;;;;;;;;;
0.065;6210000;2024;;;;;;;;;;;;;;
0.0675;6212500;2013;;;;;;;;;;;;;;
0.07;6215000;2010;;;;;;;;;;;;;;
0.0725;6217500;2010;;;;;;;;;;;;;;
0.075;6220000;2013;;;;;;;;;;;;;;
0.0775;6222500;2016;;;;;;;;;;;;;;
0.08;6225000;2028;;;;;;;;;;;;;;
0.0825;6227500;2013;;;;;;;;;;;;;;
0.085;6230000;2015;;;;;;;;;;;;;;
0.0875;6232500;2007;;;;;;;;;;;;;;
0.09;6235000;1997;;;;;;;;;;;;;;
0.0925;6237500;1999;;;;;;;;;;;;;;
0.095;6240000;2013;;;;;;;;;;;;;;
0.0975;6242500;2014;;;;;;;;;;;;;;
0.1;6245000;2030;;;;;;;;;;;;;;
0.1025;6247500;2040;;;;;;;;;;;;;;
0.105;6250000;2016;;;;;;;;;;;;;;
0.1075;6252500;2010;;;;;;;;;;;;;;
0.11;6255000;1998;;;;;;;;;;;;;;
0.1125;6257500;1999;;;;;;;;;;;;;;
0.115;6260000;2013;;;;;;;;;;;;;;
0.1175;6262500;2026;;;;;;;;;;;;;;
0.12;6265000;2012;;;;;;;;;;;;;;
0.1225;6267500;2028;;;;;;;;;;;;;;
0.125;6270000;2014;;;;;;;;;;;;;;
0.1275;6272500;2008;;;;;;;;;;;;;;
0.13;6275000;1997;;;;;;;;;;;;;;
0.1325;6277500;2013;;;;;;;;;;;;;;
0.135;6280000;2023;;;;;;;;;;;;;;
0.1375;6282500;2016;;;;;;;;;;;;;;
0.14;6285000;2023;;;;;;;;;;;;;;
0.1425;6287500;2038;;;;;;;;;;;;;;
0.145;6290000;2025;;;;;;;;;;;;;;
0.1475;6292500;2016;;;;;;;;;;;;;;
0.15;6295000;2007;;;;;;;;;;;;;;
0.1525;6297500;2012;;;;;;;;;;;;;;
0.155;6300000;2024;;;;;;;;;;;;;;
0.1575;6302500;2027;;;;;;;;;;;;;;
0.16;6305000;2041;;;;;;;;;;;;;;
0.1625;6307500;2027;;;;;;;;;;;;;;
0.165;6310000;2026;;;;;;;;;;;;;;
0.1675;6312500;2012;;;;;;;;;;;;;;
0.17;6315000;2008;;;;;;;;;;;;;;
0.1725;6317500;1998;;;;;;;;;;;;;;
0.175;6320000;2010;;;;;;;;;;;;;;
0.1775;6322500;2013;;;;;;;;;;;;;;
0.18;6325000;2027;;;;;;;;;;;;;;
0.1825;6327500;2027;;;;;;;;;;;;;;
0.185;6330000;2027;;;;;;;;;;;;;;
0.1875;6332500;2025;;;;;;;;;;;;;;
0.19;6335000;2011;;;;;;;;;;;;;;
0.1925;6337500;2008;;;;;;;;;;;;;;
0.195;6340000;2008;;;;;;;;;;;;;;
0.1975;6342500;2029;;;;;;;;;;;;;;
0.2;6345000;2028;;;;;;;;;;;;;;
0.2025;6347500;2026;;;;;;;;;;;;;;
0.205;6350000;2025;;;;;;;;;;;;;;
0.2075;6352500;1995;;;;;;;;;;;;;;
0.21;6355000;2014;;;;;;;;;;;;;;
0.2125;6357500;1996;;;;;;;;;;;;;;
0.215;6360000;2014;;;;;;;;;;;;;;
0.2175;6362500;2026;;;;;;;;;;;;;;
0.22;6365000;2031;;;;;;;;;;;;;;
0.2225;6367500;2012;;;;;;;;;;;;;;
0.225;6370000;2023;;;;;;;;;;;;;;
0.2275;6372500;1999;;;;;;;;;;;;;;
0.23;6375000;2009;;;;;;;;;;;;;;
0.2325;6377500;2013;;;;;;;;;;;;;;
0.235;6380000;2015;;;;;;;;;;;;;;
0.2375;6382500;2024;;;;;;;;;;;;;;
0.24;6385000;2040;;;;;;;;;;;;;;
0.2425;6387500;2042;;;;;;;;;;;;;;
0.245;6390000;2014;;;;;;;;;;;;;;
0.2475;6392500;2013;;;;;;;;;;;;;;
0.25;6395000;2008;;;;;;;;;;;;;;
0.2525;6397500;1998;;;;;;;;;;;;;;
0.255;6400000;2011;;;;;;;;;;;;;;
0.2575;6402500;2032;;;;;;;;;;;;;;
0.26;6405000;2026;;;;;;;;;;;;;;
0.2625;6407500;2029;;;;;;;;;;;;;;
0.265;6410000;2009;;;;;;;;;;;;;;
0.2675;6412500;2011;;;;;;;;;;;;;;
0.27;6415000;1994;;;;;;;;;;;;;;
0.2725;6417500;2007;;;;;;;;;;;;;;
0.275;6420000;2024;;;;;;;;;;;;;;
0.2775;6422500;2025;;;;;;;;;;;;;;
0.28;6425000;2025;;;;;;;;;;;;;;
0.2825;6427500;2027;;;;;;;;;;;;;;
0.285;6430000;2015;;;;;;;;;;;;;;
0.2875;6432500;2010;;;;;;;;;;;;;;
0.29;6435000;2011;;;;;;;;;;;;;;
0.2925;6437500;2007;;;;;;;;;;;;;;
0.295;6440000;2015;;;;;;;;;;;;;;
0.2975;6442500;2028;;;;;;;;;;;;;;
0.3;6445000;2027;;;;;;;;;;;;;;
0.3025;6447500;2026;;;;;;;;;;;;;;
0.305;6450000;2025;;;;;;;;;;;;;;
0.3075;6452500;2007;;;;;;;;;;;;;;
0.31;6455000;1995;;;;;;;;;;;;;;
0.3125;6457500;2011;;;;;;;;;;;;;;
0.315;6460000;2009;;;;;;;;;;;;;;
0.3175;6462500;2026;;;;;;;;;;;;;;
0.32;6465000;2029;;;;;;;;;;;;;;
0.3225;6467500;2040;;;;;;;;;;;;;;
0.325;6470000;2025;;;;;;;;;;;;;;
0.3275;6472500;2011;;;;;;;;;;;;;;
0.33;6475000;2007;;;;;;;;;;;;;;
0.3325;6477500;2008;;;;;;;;;;;;;;
0.335;6480000;2014;;;;;;;;;;;;;;
0.3375;6482500;2026;;;;;;;;;;;;;;
0.34;6485000;2024;;;;;;;;;;;;;;
0.3425;6487500;2029;;;;;;;;;;;;;;
0.345;6490000;2025;;;;;;;;;;;;;;
0.3475;6492500;2013;;;;;;;;;;;;;;
0.35;6495000;2009;;;;;;;;;;;;;;
0.3525;6497500;2015;;;;;;;;;;;;;;
0.355;6500000;2012;;;;;;;;;;;;;;
0.3575;6502500;2031;;;;;;;;;;;;;;
0.36;6505000;2030;;;;;;;;;;;;;;
0.3625;6507500;2028;;;;;;;;;;;;;;
0.365;6510000;2025;;;;;;;;;;;;;;
0.3675;6512500;2015;;;;;;;;;;;;;;
0.37;6515000;2011;;;;;;;;;;;;;;
0.3725;6517500;2015;;;;;;;;;;;;;;
0.375;6520000;2023;;;;;;;;;;;;;;
0.3775;6522500;2026;;;;;;;;;;;;;;
0.38;6525000;2026;;;;;;;;;;;;;;
0.3825;6527500;2015;;;;;;;;;;;;;;
0.385;6530000;2028;;;;;;;;;;;;;;
0.3875;6532500;2013;;;;;;;;;;;;;;
0.39;6535000;2007;;;;;;;;;;;;;;
0.3925;6537500;1999;;;;;;;;;;;;;;
0.395;6540000;2027;;;;;;;;;;;;;;
0.3975;6542500;2031;;;;;;;;;;;;;;
0.4;6545000;2030;;;;;;;;;;;;;;
0.4025;6547500;2030;;;;;;;;;;;;;;
0.405;6550000;2025;;;;;;;;;;;;;;
0.4075;6552500;2012;;;;;;;;;;;;;;
0.41;6555000;2012;;;;;;;;;;;;;;
0.4125;6557500;2015;;;;;;;;;;;;;;
0.415;6560000;2012;;;;;;;;;;;;;;
0.4175;6562500;2027;;;;;;;;;;;;;;
0.42;6565000;2039;;;;;;;;;;;;;;
0.4225;6567500;2015;;;;;;;;;;;;;;
0.425;6570000;2027;;;;;;;;;;;;;;
0.4275;6572500;2010;;;;;;;;;;;;;;
0.43;6575000;2011;;;;;;;;;;;;;;
0.4325;6577500;2013;;;;;;;;;;;;;;
0.435;6580000;2024;;;;;;;;;;;;;;
0.4375;6582500;2026;;;;;;;;;;;;;;
0.44;6585000;2030;;;;;;;;;;;;;;
0.4425;6587500;2024;;;;;;;;;;;;;;
0.445;6590000;2026;;;;;;;;;;;;;;
0.4475;6592500;2012;;;;;;;;;;;;;;
0.45;6595000;2013;;;;;;;;;;;;;;
0.4525;6597500;2010;;;;;;;;;;;;;;
0.455;6600000;2025;;;;;;;;;;;;;;
0.4575;6602500;2029;;;;;;;;;;;;;;
0.46;6605000;2029;;;;;;;;;;;;;;
0.4625;6607500;2012;;;;;;;;;;;;;;
0.465;6610000;2024;;;;;;;;;;;;;;
0.4675;6612500;2008;;;;;;;;;;;;;;
0.47;6615000;2013;;;;;;;;;;;;;;
0.4725;6617500;2013;;;;;;;;;;;;;;
0.475;6620000;2013;;;;;;;;;;;;;;
0.4775;6622500;2026;;;;;;;;;;;;;;
0.48;6625000;2025;;;;;;;;;;;;;;
0.4825;6627500;2040;;;;;;;;;;;;;;
0.485;6630000;2026;;;;;;;;;;;;;;
0.4875;6632500;2010;;;;;;;;;;;;;;
0.49;6635000;2008;;;;;;;;;;;;;;
0.4925;6637500;2015;;;;;;;;;;;;;;
0.495;6640000;2013;;;;;;;;;;;;;;
0.4975;6642500;2028;;;;;;;;;;;;;;
0.5;6645000;2025;;;;;;;;;;;;;;
0.5025;6647500;2039;;;;;;;;;;;;;;
0.505;6650000;2025;;;;;;;;;;;;;;
0.5075;6652500;2010;;;;;;;;;;;;;;
0.51;6655000;2008;;;;;;;;;;;;;;
0.5125;6657500;2010;;;;;;;;;;;;;;
0.515;6660000;2024;;;;;;;;;;;;;;
0.5175;6662500;2029;;;;;;;;;;;;;;
0.52;6665000;2024;;;;;;;;;;;;;;
0.5225;6667500;2041;;;;;;;;;;;;;;
0.525;6670000;2014;;;;;;;;;;;;;;
0.5275;6672500;2013;;;;;;;;;;;;;;
0.53;6675000;2011;;;;;;;;;;;;;;
0.5325;6677500;2007;;;;;;;;;;;;;;
0.535;6680000;2011;;;;;;;;;;;;;;
0.5375;6682500;2023;;;;;;;;;;;;;;
0.54;6685000;2041;;;;;;;;;;;;;;
0.5425;6687500;2029;;;;;;;;;;;;;;
0.545;6690000;2027;;;;;;;;;;;;;;
0.5475;6692500;2009;;;;;;;;;;;;;;
0.55;6695000;2012;;;;;;;;;;;;;;
0.5525;6697500;2008;;;;;;;;;;;;;;
0.555;6700000;2010;;;;;;;;;;;;;;
0.5575;6702500;2024;;;;;;;;;;;;;;
0.56;6705000;2040;;;;;;;;;;;;;;
0.5625;6707500;2028;;;;;;;;;;;;;;
0.565;6710000;2015;;;;;;;;;;;;;;
0.5675;6712500;2024;;;;;;;;;;;;;;
0.57;6715000;2010;;;;;;;;;;;;;;
0.5725;6717500;2024;;;;;;;;;;;;;;
0.575;6720000;2024;;;;;;;;;;;;;;
0.5775;6722500;2013;;;;;;;;;;;;;;
0.58;6725000;2030;;;;;;;;;;;;;;
0.5825;6727500;2025;;;;;;;;;;;;;;
0.585;6730000;2025;;;;;;;;;;;;;;
0.5875;6732500;2012;;;;;;;;;;;;;;
0.59;6735000;2008;;;;;;;;;;;;;;
0.5925;6737500;2010;;;;;;;;;;;;;;
0.595;6740000;2027;;;;;;;;;;;;;;
0.5975;6742500;2023;;;;;;;;;;;;;;
0.6;6745000;2028;;;;;;;;;;;;;;
0.6025;6747500;2041;;;;;;;;;;;;;;
0.605;6750000;2026;;;;;;;;;;;;;;
0.6075;6752500;2023;;;;;;;;;;;;;;
0.61;6755000;2008;;;;;;;;;;;;;;
0.6125;6757500;2012;;;;;;;;;;;;;;
0.615;6760000;2015;;;;;;;;;;;;;;
0.6175;6762500;2016;;;;;;;;;;;;;;
0.62;6765000;2028;;;;;;;;;;;;;;
0.6225;6767500;2025;;;;;;;;;;;;;;
0.625;6770000;2014;;;;;;;;;;;;;;
0.6275;6772500;2009;;;;;;;;;;;;;;
0.63;6775000;2012;;;;;;;;;;;;;;
0.6325;6777500;2000;;;;;;;;;;;;;;
0.635;6780000;2023;;;;;;;;;;;;;;
0.6375;6782500;2031;;;;;;;;;;;;;;
0.64;6785000;2027;;;;;;;;;;;;;;
0.6425;6787500;2028;;;;;;;;;;;;;;
0.645;6790000;2014;;;;;;;;;;;;;;
0.6475;6792500;2010;;;;;;;;;;;;;;
0.65;6795000;1997;;;;;;;;;;;;;;
0.6525;6797500;2010;;;;;;;;;;;;;;
0.655;6800000;2026;;;;;;;;;;;;;;
0.6575;6802500;2011;;;;;;;;;;;;;;
0.66;6805000;2026;;;;;;;;;;;;;;
0.6625;6807500;2028;;;;;;;;;;;;;;
0.665;6810000;2029;;;;;;;;;;;;;;
0.6675;6812500;2009;;;;;;;;;;;;;;
0.67;6815000;1998;;;;;;;;;;;;;;
0.6725;6817500;1998;;;;;;;;;;;;;;
0.675;6820000;2014;;;;;;;;;;;;;;
0.6775;6822500;2010;;;;;;;;;;;;;;
0.68;6825000;2029;;;;;;;;;;;;;;
0.6825;6827500;2039;;;;;;;;;;;;;;
0.685;6830000;2024;;;;;;;;;;;;;;
0.6875;6832500;2000;;;;;;;;;;;;;;
0.69;6835000;2011;;;;;;;;;;;;;;
0.6925;6837500;1996;;;;;;;;;;;;;;
0.695;6840000;2011;;;;;;;;;;;;;;
0.6975;6842500;2012;;;;;;;;;;;;;;
0.7;6845000;2028;;;;;;;;;;;;;;
0.7025;6847500;2028;;;;;;;;;;;;;;
0.705;6850000;2023;;;;;;;;;;;;;;
0.7075;6852500;2013;;;;;;;;;;;;;;
0.71;6855000;1997;;;;;;;;;;;;;;
0.7125;6857500;2008;;;;;;;;;;;;;;
0.715;6860000;1999;;;;;;;;;;;;;;
0.7175;6862500;2025;;;;;;;;;;;;;;
0.72;6865000;2026;;;;;;;;;;;;;;
0.7225;6867500;2027;;;;;;;;;;;;;;
0.725;6870000;2028;;;;;;;;;;;;;;
0.7275;6872500;2010;;;;;;;;;;;;;;
0.73;6875000;1991;;;;;;;;;;;;;;
0.7325;6877500;2011;;;;;;;;;;;;;;
0.735;6880000;2014;;;;;;;;;;;;;;
0.7375;6882500;2024;;;;;;;;;;;;;;
0.74;6885000;2026;;;;;;;;;;;;;;
0.7425;6887500;2041;;;;;;;;;;;;;;
0.745;6890000;2011;;;;;;;;;;;;;;
0.7475;6892500;2014;;;;;;;;;;;;;;
0.75;6895000;2008;;;;;;;;;;;;;;
0.7525;6897500;2008;;;;;;;;;;;;;;
0.755;6900000;2023;;;;;;;;;;;;;;
0.7575;6902500;2030;;;;;;;;;;;;;;
0.76;6905000;2016;;;;;;;;;;;;;;
0.7625;6907500;2030;;;;;;;;;;;;;;
0.765;6910000;2028;;;;;;;;;;;;;;
0.7675;6912500;2013;;;;;;;;;;;;;;
0.77;6915000;2000;;;;;;;;;;;;;;
0.7725;6917500;2012;;;;;;;;;;;;;;
0.775;6920000;2013;;;;;;;;;;;;;;
0.7775;6922500;2028;;;;;;;;;;;;;;
0.78;6925000;2013;;;;;;;;;;;;;;
0.7825;6927500;2027;;;;;;;;;;;;;;
0.785;6930000;2028;;;;;;;;;;;;;;
0.7875;6932500;2012;;;;;;;;;;;;;;
0.79;6935000;1999;;;;;;;;;;;;;;
0.7925;6937500;2012;;;;;;;;;;;;;;
0.795;6940000;2007;;;;;;;;;;;;;;
0.7975;6942500;2027;;;;;;;;;;;;;;
0.8;6945000;2027;;;;;;;;;;;;;;
0.8025;6947500;2016;;;;;;;;;;;;;;
0.805;6950000;2024;;;;;;;;;;;;;;
0.8075;6952500;2016;;;;;;;;;;;;;;
0.81;6955000;2008;;;;;;;;;;;;;;
0.8125;6957500;2010;;;;;;;;;;;;;;
0.815;6960000;2012;;;;;;;;;;;;;;
0.8175;6962500;2025;;;;;;;;;;;;;;
0.82;6965000;2028;;;;;;;;;;;;;;
0.8225;6967500;2028;;;;;;;;;;;;;;
0.825;6970000;2011;;;;;;;;;;;;;;
0.8275;6972500;2009;;;;;;;;;;;;;;
0.83;6975000;2006;;;;;;;;;;;;;;
0.8325;6977500;2008;;;;;;;;;;;;;;
0.835;6980000;2025;;;;;;;;;;;;;;
0.8375;6982500;2024;;;;;;;;;;;;;;
0.84;6985000;2028;;;;;;;;;;;;;;
0.8425;6987500;2029;;;;;;;;;;;;;;
0.845;6990000;2013;;;;;;;;;;;;;;
0.8475;6992500;2014;;;;;;;;;;;;;;
0.85;6995000;2012;;;;;;;;;;;;;;
0.8525;6997500;2009;;;;;;;;;;;;;;
0.855;7000000;2027;;;;;;;;;;;;;;
0.8575;7002500;2027;;;;;;;;;;;;;;
0.86;7005000;2030;;;;;;;;;;;;;;
0.8625;7007500;2025;;;;;;;;;;;;;;
0.865;7010000;2029;;;;;;;;;;;;;;
0.8675;7012500;2012;;;;;;;;;;;;;;
0.87;7015000;2011;;;;;;;;;;;;;;
0.8725;7017500;2013;;;;;;;;;;;;;;
0.875;7020000;2015;;;;;;;;;;;;;;
0.8775;7022500;2039;;;;;;;;;;;;;;
0.88;7025000;2026;;;;;;;;;;;;;;
0.8825;7027500;2044;;;;;;;;;;;;;;
0.885;7030000;2023;;;;;;;;;;;;;;
0.8875;7032500;2014;;;;;;;;;;;;;;
0.89;7035000;1999;;;;;;;;;;;;;;
0.8925;7037500;2012;;;;;;;;;;;;;;
0.895;7040000;2011;;;;;;;;;;;;;;
0.8975;7042500;2024;;;;;;;;;;;;;;
0.9;7045000;2039;;;;;;;;;;;;;;
0.9025;7047500;2030;;;;;;;;;;;;;;
0.905;7050000;2026;;;;;;;;;;;;;;
0.9075;7052500;2010;;;;;;;;;;;;;;
0.91;7055000;2007;;;;;;;;;;;;;;
0.9125;7057500;2006;;;;;;;;;;;;;;
0.915;7060000;2014;;;;;;;;;;;;;;
0.9175;7062500;2009;;;;;;;;;;;;;;
0.92;7065000;2025;;;;;;;;;;;;;;
0.9225;7067500;2027;;;;;;;;;;;;;;
0.925;7070000;2026;;;;;;;;;;;;;;
0.9275;7072500;2012;;;;;;;;;;;;;;
0.93;7075000;2008;;;;;;;;;;;;;;
0.9325;7077500;1999;;;;;;;;;;;;;;
0.935;7080000;2013;;;;;;;;;;;;;;
0.9375;7082500;2026;;;;;;;;;;;;;;
0.94;7085000;2029;;;;;;;;;;;;;;
0.9425;7087500;2041;;;;;;;;;;;;;;
0.945;7090000;2010;;;;;;;;;;;;;;
0.9475;7092500;2007;;;;;;;;;;;;;;
0.95;7095000;2007;;;;;;;;;;;;;;
0.9525;7097500;1996;;;;;;;;;;;;;;
0.955;7100000;1997;;;;;;;;;;;;;;
0.9575;7102500;2030;;;;;;;;;;;;;;
0.96;7105000;2029;;;;;;;;;;;;;;
0.9625;7107500;2031;;;;;;;;;;;;;;
0.965;7110000;2013;;;;;;;;;;;;;;
0.9675;7112500;2010;;;;;;;;;;;;;;
0.97;7115000;1996;;;;;;;;;;;;;;
0.9725;7117500;2012;;;;;;;;;;;;;;
0.975;7120000;2013;;;;;;;;;;;;;;
0.9775;7122500;2024;;;;;;;;;;;;;;
0.98;7125000;2016;;;;;;;;;;;;;;
0.9825;7127500;2029;;;;;;;;;;;;;;
0.985;7130000;2014;;;;;;;;;;;;;;
0.9875;7132500;2009;;;;;;;;;;;;;;
0.99;7135000;2010;;;;;;;;;;;;;;
0.9925;7137500;2008;;;;;;;;;;;;;;
0.995;7140000;2013;;;;;;;;;;;;;;
0.9975;7142500;2028;;;;;;;;;;;;;;
1.0;7145000;2041;;;;;;;;;;;;;;
1.0025;7147500;2042;;;;;;;;;;;;;;
1.005;7150000;2040;;;;;;;;;;;;;;
1.0075;7152500;1998;;;;;;;;;;;;;;
1.01;7155000;2008;;;;;;;;;;;;;;
1.0125;7157500;2012;;;;;;;;;;;;;;
1.015;7160000;2025;;;;;;;;;;;;;;
1.0175;7162500;2028;;;;;;;;;;;;;;
1.02;7165000;2041;;;;;;;;;;;;;;
1.0225;7167500;2039;;;;;;;;;;;;;;
1.025;7170000;2024;;;;;;;;;;;;;;
1.0275;7172500;2013;;;;;;;;;;;;;;
1.03;7175000;2010;;;;;;;;;;;;;;
1.0325;7177500;1996;;;;;;;;;;;;;;
1.035;7180000;2010;;;;;;;;;;;;;;
1.0375;7182500;2012;;;;;;;;;;;;;;
1.04;7185000;2041;;;;;;;;;;;;;;
1.0425;7187500;2027;;;;;;;;;;;;;;
1.045;7190000;2025;;;;;;;;;;;;;;
1.0475;7192500;2011;;;;;;;;;;;;;;
1.05;7195000;2012;;;;;;;;;;;;;;
1.0525;7197500;1995;;;;;;;;;;;;;;
1.055;7200000;2016;;;;;;;;;;;;;;
1.0575;7202500;2029;;;;;;;;;;;;;;
1.06;7205000;2027;;;;;;;;;;;;;;
1.0625;7207500;2027;;;;;;;;;;;;;;
1.065;7210000;2039;;;;;;;;;;;;;;
1.0675;7212500;2008;;;;;;;;;;;;;;
1.07;7215000;2011;;;;;;;;;;;;;;
1.0725;7217500;2013;;;;;;;;;;;;;;
1.075;7220000;2028;;;;;;;;;;;;;;
1.0775;7222500;2024;;;;;;;;;;;;;;
1.08;7225000;2040;;;;;;;;;;;;;;
1.0825;7227500;2031;;;;;;;;;;;;;;
1.085;7230000;2029;;;;;;;;;;;;;;
1.0875;7232500;2008;;;;;;;;;;;;;;
1.09;7235000;2010;;;;;;;;;;;;;;
1.0925;7237500;2015;;;;;;;;;;;;;;
1.095;7240000;1998;;;;;;;;;;;;;;
1.0975;7242500;2024;;;;;;;;;;;;;;
1.1;7245000;2027;;;;;;;;;;;;;;
1.1025;7247500;2028;;;;;;;;;;;;;;
1.105;7250000;2025;;;;;;;;;;;;;;
1.1075;7252500;2009;;;;;;;;;;;;;;
1.11;7255000;2010;;;;;;;;;;;;;;
1.1125;7257500;1994;;;;;;;;;;;;;;
1.115;7260000;2010;;;;;;;;;;;;;;
1.1175;7262500;2028;;;;;;;;;;;;;;
1.12;7265000;2031;;;;;;;;;;;;;;
1.1225;7267500;2028;;;;;;;;;;;;;;
1.125;7270000;2027;;;;;;;;;;;;;;
1.1275;7272500;2009;;;;;;;;;;;;;;
1.13;7275000;2014;;;;;;;;;;;;;;
1.1325;7277500;2007;;;;;;;;;;;;;;
1.135;7280000;2012;;;;;;;;;;;;;;
1.1375;7282500;2011;;;;;;;;;;;;;;
1.14;7285000;2029;;;;;;;;;;;;;;
1.1425;7287500;2040;;;;;;;;;;;;;;
1.145;7290000;2014;;;;;;;;;;;;;;
1.1475;7292500;2012;;;;;;;;;;;;;;
1.15;7295000;2010;;;;;;;;;;;;;;
1.1525;7297500;1992;;;;;;;;;;;;;;
1.155;7300000;2009;;;;;;;;;;;;;;
1.1575;7302500;2025;;;;;;;;;;;;;;
1.16;7305000;2029;;;;;;;;;;;;;;
1.1625;7307500;2029;;;;;;;;;;;;;;
1.165;7310000;1997;;;;;;;;;;;;;;
1.1675;7312500;2010;;;;;;;;;;;;;;
1.17;7315000;2012;;;;;;;;;;;;;;
1.1725;7317500;2011;;;;;;;;;;;;;;
1.175;7320000;2014;;;;;;;;;;;;;;
1.1775;7322500;2028;;;;;;;;;;;;;;
1.18;7325000;2042;;;;;;;;;;;;;;
1.1825;7327500;2041;;;;;;;;;;;;;;
1.185;7330000;2026;;;;;;;;;;;;;;
1.1875;7332500;2016;;;;;;;;;;;;;;
1.19;7335000;1994;;;;;;;;;;;;;;
1.1925;7337500;1999;;;;;;;;;;;;;;
1.195;7340000;2009;;;;;;;;;;;;;;
1.1975;7342500;2014;;;;;;;;;;;;;;
1.2;7345000;2029;;;;;;;;;;;;;;
1.2025;7347500;2031;;;;;;;;;;;;;;
1.205;7350000;2026;;;;;;;;;;;;;;
1.2075;7352500;1998;;;;;;;;;;;;;;
1.21;7355000;2011;;;;;;;;;;;;;;
1.2125;7357500;2015;;;;;;;;;;;;;;
1.215;7360000;2025;;;;;;;;;;;;;;
1.2175;7362500;2029;;;;;;;;;;;;;;
1.22;7365000;2027;;;;;;;;;;;;;;
1.2225;7367500;2039;;;;;;;;;;;;;;
1.225;7370000;2013;;;;;;;;;;;;;;
1.2275;7372500;2009;;;;;;;;;;;;;;
1.23;7375000;2009;;;;;;;;;;;;;;
1.2325;7377500;2011;;;;;;;;;;;;;;
1.235;7380000;2023;;;;;;;;;;;;;;
1.2375;7382500;2016;;;;;;;;;;;;;;
1.24;7385000;2027;;;;;;;;;;;;;;
1.2425;7387500;2040;;;;;;;;;;;;;;
1.245;7390000;2015;;;;;;;;;;;;;;
1.2475;7392500;2011;;;;;;;;;;;;;;
1.25;7395000;1998;;;;;;;;;;;;;;
1.2525;7397500;2014;;;;;;;;;;;;;;
1.255;7400000;2010;;;;;;;;;;;;;;
1.2575;7402500;2014;;;;;;;;;;;;;;
1.26;7405000;2027;;;;;;;;;;;;;;
1.2625;7407500;2031;;;;;;;;;;;;;;
1.265;7410000;2030;;;;;;;;;;;;;;
1.2675;7412500;2023;;;;;;;;;;;;;;
1.27;7415000;2010;;;;;;;;;;;;;;
1.2725;7417500;1998;;;;;;;;;;;;;;
1.275;7420000;2024;;;;;;;;;;;;;;
1.2775;7422500;2027;;;;;;;;;;;;;;
1.28;7425000;2014;;;;;;;;;;;;;;
1.2825;7427500;2039;;;;;;;;;;;;;;
1.285;7430000;2027;;;;;;;;;;;;;;
1.2875;7432500;2025;;;;;;;;;;;;;;
1.29;7435000;2011;;;;;;;;;;;;;;
1.2925;7437500;2008;;;;;;;;;;;;;;
1.295;7440000;2014;;;;;;;;;;;;;;
1.2975;7442500;2012;;;;;;;;;;;;;;
1.3;7445000;2028;;;;;;;;;;;;;;
1.3025;7447500;2025;;;;;;;;;;;;;;
1.305;7450000;2025;;;;;;;;;;;;;;
1.3075;7452500;2008;;;;;;;;;;;;;;
1.31;7455000;2007;;;;;;;;;;;;;;
1.3125;7457500;2009;;;;;;;;;;;;;;
1.315;7460000;2027;;;;;;;;;;;;;;
1.3175;7462500;2028;;;;;;;;;;;;;;
1.32;7465000;2029;;;;;;;;;;;;;;
1.3225;7467500;2039;;;;;;;;;;;;;;
1.325;7470000;2015;;;;;;;;;;;;;;
1.3275;7472500;2042;;;;;;;;;;;;;;
1.33;7475000;2006;;;;;;;;;;;;;;
1.3325;7477500;2012;;;;;;;;;;;;;;
1.335;7480000;2013;;;;;;;;;;;;;;
1.3375;7482500;2026;;;;;;;;;;;;;;
1.34;7485000;2026;;;;;;;;;;;;;;
1.3425;7487500;2027;;;;;;;;;;;;;;
1.345;7490000;2014;;;;;;;;;;;;;;
1.3475;7492500;2014;;;;;;;;;;;;;;
1.35;7495000;1997;;;;;;;;;;;;;;
1.3525;7497500;2008;;;;;;;;;;;;;;
1.355;7500000;2011;;;;;;;;;;;;;;
1.3575;7502500;2010;;;;;;;;;;;;;;
1.36;7505000;2027;;;;;;;;;;;;;;
1.3625;7507500;2023;;;;;;;;;;;;;;
1.365;7510000;2016;;;;;;;;;;;;;;
1.3675;7512500;2010;;;;;;;;;;;;;;
1.37;7515000;1994;;;;;;;;;;;;;;
1.3725;7517500;1999;;;;;;;;;;;;;;
1.375;7520000;2014;;;;;;;;;;;;;;
1.3775;7522500;2025;;;;;;;;;;;;;;
1.38;7525000;2027;;;;;;;;;;;;;;
1.3825;7527500;2028;;;;;;;;;;;;;;
1.385;7530000;2011;;;;;;;;;;;;;;
1.3875;7532500;2012;;;;;;;;;;;;;;
1.39;7535000;2010;;;;;;;;;;;;;;
1.3925;7537500;2012;;;;;;;;;;;;;;
1.395;7540000;2009;;;;;;;;;;;;;;
1.3975;7542500;2015;;;;;;;;;;;;;;
1.4;7545000;2025;;;;;;;;;;;;;;
1.4025;7547500;2027;;;;;;;;;;;;;;
1.405;7550000;2014;;;;;;;;;;;;;;
1.4075;7552500;2007;;;;;;;;;;;;;;
1.41;7555000;1992;;;;;;;;;;;;;;
1.4125;7557500;1999;;;;;;;;;;;;;;
1.415;7560000;2010;;;;;;;;;;;;;;
1.4175;7562500;2011;;;;;;;;;;;;;;
1.42;7565000;2029;;;;;;;;;;;;;;
1.4225;7567500;2029;;;;;;;;;;;;;;
1.425;7570000;2015;;;;;;;;;;;;;;
1.4275;7572500;2013;;;;;;;;;;;;;;
1.43;7575000;2011;;;;;;;;;;;;;;
1.4325;7577500;2009;;;;;;;;;;;;;;
1.435;7580000;2014;;;;;;;;;;;;;;
1.4375;7582500;2024;;;;;;;;;;;;;;
1.44;7585000;2008;;;;;;;;;;;;;;
1.4425;7587500;2026;;;;;;;;;;;;;;
1.445;7590000;2014;;;;;;;;;;;;;;
1.4475;7592500;2010;;;;;;;;;;;;;;
1.45;7595000;2009;;;;;;;;;;;;;;
1.4525;7597500;2011;;;;;;;;;;;;;;
1.455;7600000;2010;;;;;;;;;;;;;;
1.4575;7602500;2024;;;;;;;;;;;;;;
1.46;7605000;2026;;;;;;;;;;;;;;
1.4625;7607500;2030;;;;;;;;;;;;;;
1.465;7610000;2025;;;;;;;;;;;;;;
1.4675;7612500;2015;;;;;;;;;;;;;;
1.47;7615000;2008;;;;;;;;;;;;;;
1.4725;7617500;2009;;;;;;;;;;;;;;
1.475;7620000;2016;;;;;;;;;;;;;;
1.4775;7622500;2026;;;;;;;;;;;;;;
1.48;7625000;2040;;;;;;;;;;;;;;
1.4825;7627500;2027;;;;;;;;;;;;;;
1.485;7630000;2024;;;;;;;;;;;;;;
1.4875;7632500;2010;;;;;;;;;;;;;;
1.49;7635000;2010;;;;;;;;;;;;;;
1.4925;7637500;1999;;;;;;;;;;;;;;
1.495;7640000;2014;;;;;;;;;;;;;;
1.4975;7642500;2025;;;;;;;;;;;;;;
1.5;7645000;2029;;;;;;;;;;;;;;
1.5025;7647500;2030;;;;;;;;;;;;;;
1.505;7650000;2027;;;;;;;;;;;;;;
1.5075;7652500;2014;;;;;;;;;;;;;;
1.51;7655000;2012;;;;;;;;;;;;;;
1.5125;7657500;2010;;;;;;;;;;;;;;
1.515;7660000;2015;;;;;;;;;;;;;;
1.5175;7662500;2024;;;;;;;;;;;;;;
1.52;7665000;2029;;;;;;;;;;;;;;
1.5225;7667500;2030;;;;;;;;;;;;;;
1.525;7670000;2016;;;;;;;;;;;;;;
1.5275;7672500;2011;;;;;;;;;;;;;;
1.53;7675000;1998;;;;;;;;;;;;;;
1.5325;7677500;2009;;;;;;;;;;;;;;
1.535;7680000;1995;;;;;;;;;;;;;;
1.5375;7682500;2024;;;;;;;;;;;;;;
1.54;7685000;2028;;;;;;;;;;;;;;
1.5425;7687500;2028;;;;;;;;;;;;;;
1.545;7690000;2026;;;;;;;;;;;;;;
1.5475;7692500;2012;;;;;;;;;;;;;;
1.55;7695000;2009;;;;;;;;;;;;;;
1.5525;7697500;2008;;;;;;;;;;;;;;
1.555;7700000;2013;;;;;;;;;;;;;;
1.5575;7702500;2027;;;;;;;;;;;;;;
1.56;7705000;2028;;;;;;;;;;;;;;
1.5625;7707500;2039;;;;;;;;;;;;;;
1.565;7710000;2027;;;;;;;;;;;;;;
1.5675;7712500;1999;;;;;;;;;;;;;;
1.57;7715000;2010;;;;;;;;;;;;;;
1.5725;7717500;2008;;;;;;;;;;;;;;
1.575;7720000;2013;;;;;;;;;;;;;;
1.5775;7722500;2026;;;;;;;;;;;;;;
1.58;7725000;2030;;;;;;;;;;;;;;
1.5825;7727500;2029;;;;;;;;;;;;;;
1.585;7730000;2030;;;;;;;;;;;;;;
1.5875;7732500;2008;;;;;;;;;;;;;;
1.59;7735000;2008;;;;;;;;;;;;;;
1.5925;7737500;2008;;;;;;;;;;;;;;
1.595;7740000;2015;;;;;;;;;;;;;;
1.5975;7742500;2016;;;;;;;;;;;;;;
1.6;7745000;2029;;;;;;;;;;;;;;
1.6025;7747500;2030;;;;;;;;;;;;;;
1.605;7750000;2010;;;;;;;;;;;;;;
1.6075;7752500;2010;;;;;;;;;;;;;;
1.61;7755000;2008;;;;;;;;;;;;;;
1.6125;7757500;2008;;;;;;;;;;;;;;
1.615;7760000;2015;;;;;;;;;;;;;;
1.6175;7762500;2028;;;;;;;;;;;;;;
1.62;7765000;2025;;;;;;;;;;;;;;
1.6225;7767500;2039;;;;;;;;;;;;;;
1.625;7770000;2027;;;;;;;;;;;;;;
1.6275;7772500;2015;;;;;;;;;;;;;;
1.63;7775000;2010;;;;;;;;;;;;;;
1.6325;7777500;2012;;;;;;;;;;;;;;
1.635;7780000;2013;;;;;;;;;;;;;;
1.6375;7782500;2024;;;;;;;;;;;;;;
1.64;7785000;2024;;;;;;;;;;;;;;
1.6425;7787500;2029;;;;;;;;;;;;;;
1.645;7790000;2010;;;;;;;;;;;;;;
1.6475;7792500;2012;;;;;;;;;;;;;;
1.65;7795000;2008;;;;;;;;;;;;;;
1.6525;7797500;2008;;;;;;;;;;;;;;
1.655;7800000;2013;;;;;;;;;;;;;;
1.6575;7802500;2015;;;;;;;;;;;;;;
1.66;7805000;2025;;;;;;;;;;;;;;
1.6625;7807500;2031;;;;;;;;;;;;;;
1.665;7810000;2024;;;;;;;;;;;;;;
1.6675;7812500;2010;;;;;;;;;;;;;;
1.67;7815000;2013;;;;;;;;;;;;;;
1.6725;7817500;2013;;;;;;;;;;;;;;
1.675;7820000;2012;;;;;;;;;;;;;;
1.6775;7822500;2026;;;;;;;;;;;;;;
1.68;7825000;2024;;;;;;;;;;;;;;
1.6825;7827500;2032;;;;;;;;;;;;;;
1.685;7830000;2024;;;;;;;;;;;;;;
1.6875;7832500;2012;;;;;;;;;;;;;;
1.69;7835000;1998;;;;;;;;;;;;;;
1.6925;7837500;2011;;;;;;;;;;;;;;
1.695;7840000;2014;;;;;;;;;;;;;;
1.6975;7842500;2015;;;;;;;;;;;;;;
1.7;7845000;2025;;;;;;;;;;;;;;
1.7025;7847500;2024;;;;;;;;;;;;;;
1.705;7850000;2024;;;;;;;;;;;;;;
1.7075;7852500;2013;;;;;;;;;;;;;;
1.71;7855000;2000;;;;;;;;;;;;;;
1.7125;7857500;2009;;;;;;;;;;;;;;
1.715;7860000;2024;;;;;;;;;;;;;;
1.7175;7862500;2025;;;;;;;;;;;;;;
1.72;7865000;2030;;;;;;;;;;;;;;
1.7225;7867500;2029;;;;;;;;;;;;;;
1.725;7870000;2025;;;;;;;;;;;;;;
1.7275;7872500;2010;;;;;;;;;;;;;;
1.73;7875000;2006;;;;;;;;;;;;;;
1.7325;7877500;2010;;;;;;;;;;;;;;
1.735;7880000;2013;;;;;;;;;;;;;;
1.7375;7882500;2014;;;;;;;;;;;;;;
1.74;7885000;2023;;;;;;;;;;;;;;
1.7425;7887500;2028;;;;;;;;;;;;;;
1.745;7890000;2026;;;;;;;;;;;;;;
1.7475;7892500;2011;;;;;;;;;;;;;;
1.75;7895000;1999;;;;;;;;;;;;;;
1.7525;7897500;1999;;;;;;;;;;;;;;
1.755;7900000;2011;;;;;;;;;;;;;;
1.7575;7902500;2025;;;;;;;;;;;;;;
1.76;7905000;2026;;;;;;;;;;;;;;
1.7625;7907500;2026;;;;;;;;;;;;;;
1.765;7910000;2015;;;;;;;;;;;;;;
1.7675;7912500;2008;;;;;;;;;;;;;;
1.77;7915000;1999;;;;;;;;;;;;;;
1.7725;7917500;2010;;;;;;;;;;;;;;
1.775;7920000;2013;;;;;;;;;;;;;;
1.7775;7922500;2023;;;;;;;;;;;;;;
1.78;7925000;2026;;;;;;;;;;;;;;
1.7825;7927500;2030;;;;;;;;;;;;;;
1.785;7930000;2012;;;;;;;;;;;;;;
1.7875;7932500;1995;;;;;;;;;;;;;;
1.79;7935000;1995;;;;;;;;;;;;;;
1.7925;7937500;1995;;;;;;;;;;;;;;
1.795;7940000;2011;;;;;;;;;;;;;;
1.7975;7942500;2015;;;;;;;;;;;;;;
1.8;7945000;2024;;;;;;;;;;;;;;
1.8025;7947500;2025;;;;;;;;;;;;;;
1.805;7950000;2024;;;;;;;;;;;;;;
1.8075;7952500;2010;;;;;;;;;;;;;;
1.81;7955000;1999;;;;;;;;;;;;;;
1.8125;7957500;1998;;;;;;;;;;;;;;
1.815;7960000;1999;;;;;;;;;;;;;;
1.8175;7962500;2012;;;;;;;;;;;;;;
1.82;7965000;2026;;;;;;;;;;;;;;
1.8225;7967500;2026;;;;;;;;;;;;;;
1.825;7970000;2014;;;;;;;;;;;;;;
1.8275;7972500;2007;;;;;;;;;;;;;;
1.83;7975000;1997;;;;;;;;;;;;;;
1.8325;7977500;1993;;;;;;;;;;;;;;
1.835;7980000;2008;;;;;;;;;;;;;;
1.8375;7982500;2013;;;;;;;;;;;;;;
1.84;7985000;2025;;;;;;;;;;;;;;
1.8425;7987500;2025;;;;;;;;;;;;;;
1.845;7990000;2025;;;;;;;;;;;;;;
1.8475;7992500;2008;;;;;;;;;;;;;;
1.85;7995000;1998;;;;;;;;;;;;;;
1.8525;7997500;2009;;;;;;;;;;;;;;
1.855;8000000;2010;;;;;;;;;;;;;;
1.8575;8002500;2024;;;;;;;;;;;;;;
1.86;8005000;2026;;;;;;;;;;;;;;
1.8625;8007500;2028;;;;;;;;;;;;;;
1.865;8010000;2008;;;;;;;;;;;;;;
1.8675;8012500;2013;;;;;;;;;;;;;;
1.87;8015000;2009;;;;;;;;;;;;;;
1.8725;8017500;2008;;;;;;;;;;;;;;
1.875;8020000;2013;;;;;;;;;;;;;;
1.8775;8022500;2015;;;;;;;;;;;;;;
1.88;8025000;2028;;;;;;;;;;;;;;
1.8825;8027500;2030;;;;;;;;;;;;;;
1.885;8030000;2025;;;;;;;;;;;;;;
1.8875;8032500;2013;;;;;;;;;;;;;;
1.89;8035000;2007;;;;;;;;;;;;;;
1.8925;8037500;2014;;;;;;;;;;;;;;
1.895;8040000;2023;;;;;;;;;;;;;;
1.8975;8042500;2028;;;;;;;;;;;;;;
1.9;8045000;2028;;;;;;;;;;;;;;
1.9025;8047500;2030;;;;;;;;;;;;;;
1.905;8050000;2024;;;;;;;;;;;;;;
1.9075;8052500;2016;;;;;;;;;;;;;;
1.91;8055000;2024;;;;;;;;;;;;;;
1.9125;8057500;2014;;;;;;;;;;;;;;
1.915;8060000;2014;;;;;;;;;;;;;;
1.9175;8062500;2027;;;;;;;;;;;;;;
1.92;8065000;2028;;;;;;;;;;;;;;
1.9225;8067500;2030;;;;;;;;;;;;;;
1.925;8070000;2025;;;;;;;;;;;;;;
1.9275;8072500;2024;;;;;;;;;;;;;;
1.93;8075000;2000;;;;;;;;;;;;;;
1.9325;8077500;2011;;;;;;;;;;;;;;
1.935;8080000;2024;;;;;;;;;;;;;;
1.9375;8082500;2024;;;;;;;;;;;;;;
1.94;8085000;2029;;;;;;;;;;;;;;
1.9425;8087500;2040;;;;;;;;;;;;;;
1.945;8090000;2028;;;;;;;;;;;;;;
1.9475;8092500;2013;;;;;;;;;;;;;;
1.95;8095000;2023;;;;;;;;;;;;;;
1.9525;8097500;2013;;;;;;;;;;;;;;
1.955;8100000;2015;;;;;;;;;;;;;;
1.9575;8102500;2026;;;;;;;;;;;;;;
1.96;8105000;2040;;;;;;;;;;;;;;
1.9625;8107500;2041;;;;;;;;;;;;;;
1.965;8110000;2027;;;;;;;;;;;;;;
1.9675;8112500;2013;;;;;;;;;;;;;;
1.97;8115000;2023;;;;;;;;;;;;;;
1.9725;8117500;2024;;;;;;;;;;;;;;
1.975;8120000;2024;;;;;;;;;;;;;;
1.9775;8122500;2032;;;;;;;;;;;;;;
1.98;8125000;2030;;;;;;;;;;;;;;
1.9825;8127500;2031;;;;;;;;;;;;;;
1.985;8130000;2025;;;;;;;;;;;;;;
1.9875;8132500;2014;;;;;;;;;;;;;;
1.99;8135000;2009;;;;;;;;;;;;;;
1.9925;8137500;2024;;;;;;;;;;;;;;
1.995;8140000;2025;;;;;;;;;;;;;;
1.9975;8142500;2024;;;;;;;;;;;;;;
2.0;8145000;2040;;;;;;;;;;;;;;
2.0025;8147500;2044;;;;;;;;;;;;;;
2.005;8150000;2029;;;;;;;;;;;;;;
2.0075;8152500;2025;;;;;;;;;;;;;;
2.01;8155000;2023;;;;;;;;;;;;;;
2.0125;8157500;2014;;;;;;;;;;;;;;
2.015;8160000;2023;;;;;;;;;;;;;;
2.0175;8162500;2025;;;;;;;;;;;;;;
2.02;8165000;2039;;;;;;;;;;;;;;
2.0225;8167500;2041;;;;;;;;;;;;;;
2.025;8170000;2024;;;;;;;;;;;;;;
2.0275;8172500;2024;;;;;;;;;;;;;;
2.03;8175000;2007;;;;;;;;;;;;;;
2.0325;8177500;2009;;;;;;;;;;;;;;
2.035;8180000;2024;;;;;;;;;;;;;;
2.0375;8182500;2026;;;;;;;;;;;;;;
2.04;8185000;2040;;;;;;;;;;;;;;
2.0425;8187500;2029;;;;;;;;;;;;;;
2.045;8190000;2025;;;;;;;;;;;;;;
2.0475;8192500;1997;;;;;;;;;;;;;;
2.05;8195000;2015;;;;;;;;;;;;;;
2.0525;8197500;2012;;;;;;;;;;;;;;
2.055;8200000;2026;;;;;;;;;;;;;;
2.0575;8202500;2026;;;;;;;;;;;;;;
2.06;8205000;2029;;;;;;;;;;;;;;
2.0625;8207500;2031;;;;;;;;;;;;;;
2.065;8210000;2030;;;;;;;;;;;;;;
2.0675;8212500;2013;;;;;;;;;;;;;;
2.07;8215000;2015;;;;;;;;;;;;;;
2.0725;8217500;2014;;;;;;;;;;;;;;
2.075;8220000;2014;;;;;;;;;;;;;;
2.0775;8222500;2028;;;;;;;;;;;;;;
2.08;8225000;2041;;;;;;;;;;;;;;
2.0825;8227500;2041;;;;;;;;;;;;;;
2.085;8230000;2014;;;;;;;;;;;;;;
2.0875;8232500;2015;;;;;;;;;;;;;;
2.09;8235000;2013;;;;;;;;;;;;;;
2.0925;8237500;2010;;;;;;;;;;;;;;
2.095;8240000;2023;;;;;;;;;;;;;;
2.0975;8242500;2023;;;;;;;;;;;;;;
2.1;8245000;2014;;;;;;;;;;;;;;
2.1025;8247500;2031;;;;;;;;;;;;;;
2.105;8250000;2026;;;;;;;;;;;;;;
2.1075;8252500;2016;;;;;;;;;;;;;;
2.11;8255000;2014;;;;;;;;;;;;;;
2.1125;8257500;2010;;;;;;;;;;;;;;
2.115;8260000;2013;;;;;;;;;;;;;;
2.1175;8262500;2015;;;;;;;;;;;;;;
2.12;8265000;2028;;;;;;;;;;;;;;
2.1225;8267500;2026;;;;;;;;;;;;;;
2.125;8270000;2028;;;;;;;;;;;;;;
2.1275;8272500;2025;;;;;;;;;;;;;;
2.13;8275000;2011;;;;;;;;;;;;;;
2.1325;8277500;2022;;;;;;;;;;;;;;
2.135;8280000;2011;;;;;;;;;;;;;;
2.1375;8282500;2024;;;;;;;;;;;;;;
2.14;8285000;2028;;;;;;;;;;;;;;
2.1425;8287500;2029;;;;;;;;;;;;;;
2.145;8290000;2025;;;;;;;;;;;;;;
2.1475;8292500;2024;;;;;;;;;;;;;;
2.15;8295000;2012;;;;;;;;;;;;;;
2.1525;8297500;2011;;;;;;;;;;;;;;
2.155;8300000;2014;;;;;;;;;;;;;;
2.1575;8302500;2025;;;;;;;;;;;;;;
2.16;8305000;2041;;;;;;;;;;;;;;
2.1625;8307500;2030;;;;;;;;;;;;;;
2.165;8310000;2024;;;;;;;;;;;;;;
2.1675;8312500;2012;;;;;;;;;;;;;;
2.17;8315000;2011;;;;;;;;;;;;;;
2.1725;8317500;2011;;;;;;;;;;;;;;
2.175;8320000;2011;;;;;;;;;;;;;;
2.1775;8322500;2024;;;;;;;;;;;;;;
2.18;8325000;2027;;;;;;;;;;;;;;
2.1825;8327500;2032;;;;;;;;;;;;;;
2.185;8330000;2026;;;;;;;;;;;;;;
2.1875;8332500;2016;;;;;;;;;;;;;;
2.19;8335000;2010;;;;;;;;;;;;;;
2.1925;8337500;2013;;;;;;;;;;;;;;
2.195;8340000;2013;;;;;;;;;;;;;;
2.1975;8342500;2025;;;;;;;;;;;;;;
2.2;8345000;2029;;;;;;;;;;;;;;
2.2025;8347500;2031;;;;;;;;;;;;;;
2.205;8350000;2024;;;;;;;;;;;;;;
2.2075;8352500;2013;;;;;;;;;;;;;;
2.21;8355000;2008;;;;;;;;;;;;;;
2.2125;8357500;2012;;;;;;;;;;;;;;
2.215;8360000;2012;;;;;;;;;;;;;;
2.2175;8362500;2026;;;;;;;;;;;;;;
2.22;8365000;2030;;;;;;;;;;;;;;
2.2225;8367500;2040;;;;;;;;;;;;;;
2.225;8370000;2015;;;;;;;;;;;;;;
2.2275;8372500;2010;;;;;;;;;;;;;;
2.23;8375000;2010;;;;;;;;;;;;;;
2.2325;8377500;2010;;;;;;;;;;;;;;
2.235;8380000;2013;;;;;;;;;;;;;;
2.2375;8382500;2026;;;;;;;;;;;;;;
2.24;8385000;2031;;;;;;;;;;;;;;
2.2425;8387500;2028;;;;;;;;;;;;;;
2.245;8390000;2025;;;;;;;;;;;;;;
2.2475;8392500;2010;;;;;;;;;;;;;;
2.25;8395000;2008;;;;;;;;;;;;;;
2.2525;8397500;2012;;;;;;;;;;;;;;
2.255;8400000;2024;;;;;;;;;;;;;;
2.2575;8402500;2025;;;;;;;;;;;;;;
2.26;8405000;2027;;;;;;;;;;;;;;
2.2625;8407500;2031;;;;;;;;;;;;;;
2.265;8410000;2025;;;;;;;;;;;;;;
2.2675;8412500;1994;;;;;;;;;;;;;;
2.27;8415000;1992;;;;;;;;;;;;;;
2.2725;8417500;2011;;;;;;;;;;;;;;
2.275;8420000;2012;;;;;;;;;;;;;;
2.2775;8422500;2009;;;;;;;;;;;;;;
2.28;8425000;2027;;;;;;;;;;;;;;
2.2825;8427500;2025;;;;;;;;;;;;;;
2.285;8430000;2025;;;;;;;;;;;;;;
2.2875;8432500;2010;;;;;;;;;;;;;;
2.29;8435000;2010;;;;;;;;;;;;;;
2.2925;8437500;2012;;;;;;;;;;;;;;
2.295;8440000;2012;;;;;;;;;;;;;;
2.2975;8442500;2024;;;;;;;;;;;;;;
2.3;8445000;2026;;;;;;;;;;;;;;
2.3025;8447500;2028;;;;;;;;;;;;;;
2.305;8450000;2025;;;;;;;;;;;;;;
2.3075;8452500;2014;;;;;;;;;;;;;;
2.31;8455000;1998;;;;;;;;;;;;;;
2.3125;8457500;2009;;;;;;;;;;;;;;
2.315;8460000;2009;;;;;;;;;;;;;;
2.3175;8462500;2027;;;;;;;;;;;;;;
2.32;8465000;2025;;;;;;;;;;;;;;
2.3225;8467500;2029;;;;;;;;;;;;;;
2.325;8470000;2029;;;;;;;;;;;;;;
2.3275;8472500;2012;;;;;;;;;;;;;;
2.33;8475000;2028;;;;;;;;;;;;;;
2.3325;8477500;2011;;;;;;;;;;;;;;
2.335;8480000;2010;;;;;;;;;;;;;;
2.3375;8482500;2029;;;;;;;;;;;;;;
2.34;8485000;2029;;;;;;;;;;;;;;
2.3425;8487500;2028;;;;;;;;;;;;;;
2.345;8490000;2014;;;;;;;;;;;;;;
2.3475;8492500;2011;;;;;;;;;;;;;;
2.35;8495000;2011;;;;;;;;;;;;;;
2.3525;8497500;2011;;;;;;;;;;;;;;
2.355;8500000;2011;;;;;;;;;;;;;;
2.3575;8502500;2027;;;;;;;;;;;;;;
2.36;8505000;2027;;;;;;;;;;;;;;
2.3625;8507500;2030;;;;;;;;;;;;;;
2.365;8510000;2024;;;;;;;;;;;;;;
2.3675;8512500;2014;;;;;;;;;;;;;;
2.37;8515000;2011;;;;;;;;;;;;;;
2.3725;8517500;2007;;;;;;;;;;;;;;
2.375;8520000;2013;;;;;;;;;;;;;;
2.3775;8522500;2024;;;;;;;;;;;;;;
2.38;8525000;2025;;;;;;;;;;;;;;
2.3825;8527500;2025;;;;;;;;;;;;;;
2.385;8530000;2024;;;;;;;;;;;;;;
2.3875;8532500;2009;;;;;;;;;;;;;;
2.39;8535000;1994;;;;;;;;;;;;;;
2.3925;8537500;1999;;;;;;;;;;;;;;
2.395;8540000;2013;;;;;;;;;;;;;;
2.3975;8542500;2012;;;;;;;;;;;;;;
2.4;8545000;1992;;;;;;;;;;;;;;
2.4025;8547500;2011;;;;;;;;;;;;;;
2.405;8550000;2010;;;;;;;;;;;;;;
2.4075;8552500;2007;;;;;;;;;;;;;;
2.41;8555000;1994;;;;;;;;;;;;;;
2.4125;8557500;1996;;;;;;;;;;;;;;
2.415;8560000;1999;;;;;;;;;;;;;;
2.4175;8562500;2009;;;;;;;;;;;;;;
2.42;8565000;2012;;;;;;;;;;;;;;
2.4225;8567500;2023;;;;;;;;;;;;;;
2.425;8570000;2011;;;;;;;;;;;;;;
2.4275;8572500;2008;;;;;;;;;;;;;;
2.43;8575000;1993;;;;;;;;;;;;;;
2.4325;8577500;2007;;;;;;;;;;;;;;
2.435;8580000;2010;;;;;;;;;;;;;;
2.4375;8582500;2012;;;;;;;;;;;;;;
2.44;8585000;2015;;;;;;;;;;;;;;
2.4425;8587500;2025;;;;;;;;;;;;;;
2.445;8590000;2024;;;;;;;;;;;;;;
2.4475;8592500;1996;;;;;;;;;;;;;;
2.45;8595000;1996;;;;;;;;;;;;;;
2.4525;8597500;1997;;;;;;;;;;;;;;
2.455;8600000;1997;;;;;;;;;;;;;;
2.4575;8602500;1998;;;;;;;;;;;;;;
2.46;8605000;2011;;;;;;;;;;;;;;
2.4625;8607500;2009;;;;;;;;;;;;;;
2.465;8610000;2000;;;;;;;;;;;;;;
2.4675;8612500;1992;;;;;;;;;;;;;;
2.47;8615000;1982;;;;;;;;;;;;;;
2.4725;8617500;1982;;;;;;;;;;;;;;
2.475;8620000;1995;;;;;;;;;;;;;;
2.4775;8622500;1981;;;;;;;;;;;;;;
2.48;8625000;2008;;;;;;;;;;;;;;
2.4825;8627500;2009;;;;;;;;;;;;;;
2.485;8630000;1993;;;;;;;;;;;;;;
2.4875;8632500;1993;;;;;;;;;;;;;;
2.49;8635000;1990;;;;;;;;;;;;;;
2.4925;8637500;1994;;;;;;;;;;;;;;
2.495;8640000;1998;;;;;;;;;;;;;;
2.4975;8642500;2008;;;;;;;;;;;;;;
2.5;8645000;2008;;;;;;;;;;;;;;
2.5025;8647500;2013;;;;;;;;;;;;;;
2.505;8650000;2015;;;;;;;;;;;;;;
2.5075;8652500;1999;;;;;;;;;;;;;;
2.51;8655000;1996;;;;;;;;;;;;;;
2.5125;8657500;2014;;;;;;;;;;;;;;
2.515;8660000;1996;;;;;;;;;;;;;;
2.5175;8662500;2013;;;;;;;;;;;;;;
2.52;8665000;2027;;;;;;;;;;;;;;
2.5225;8667500;2024;;;;;;;;;;;;;;
2.525;8670000;2013;;;;;;;;;;;;;;
2.5275;8672500;2010;;;;;;;;;;;;;;
2.53;8675000;1982;;;;;;;;;;;;;;
2.5325;8677500;1995;;;;;;;;;;;;;;
2.535;8680000;1997;;;;;;;;;;;;;;
2.5375;8682500;2013;;;;;;;;;;;;;;
2.54;8685000;2013;;;;;;;;;;;;;;
2.5425;8687500;2024;;;;;;;;;;;;;;
2.545;8690000;1997;;;;;;;;;;;;;;
2.5475;8692500;2007;;;;;;;;;;;;;;
2.55;8695000;1995;;;;;;;;;;;;;;
2.5525;8697500;2000;;;;;;;;;;;;;;
2.555;8700000;2009;;;;;;;;;;;;;;
2.5575;8702500;2010;;;;;;;;;;;;;;
2.56;8705000;2011;;;;;;;;;;;;;;
2.5625;8707500;2011;;;;;;;;;;;;;;
2.565;8710000;2009;;;;;;;;;;;;;;
2.5675;8712500;1998;;;;;;;;;;;;;;
2.57;8715000;1997;;;;;;;;;;;;;;
2.5725;8717500;2011;;;;;;;;;;;;;;
2.575;8720000;2007;;;;;;;;;;;;;;
2.5775;8722500;2025;;;;;;;;;;;;;;
2.58;8725000;2024;;;;;;;;;;;;;;
2.5825;8727500;2027;;;;;;;;;;;;;;
2.585;8730000;2023;;;;;;;;;;;;;;
2.5875;8732500;2009;;;;;;;;;;;;;;
2.59;8735000;1996;;;;;;;;;;;;;;
2.5925;8737500;2008;;;;;;;;;;;;;;
2.595;8740000;2010;;;;;;;;;;;;;;
2.5975;8742500;2013;;;;;;;;;;;;;;
2.6;8745000;2024;;;;;;;;;;;;;;
2.6025;8747500;2031;;;;;;;;;;;;;;
2.605;8750000;2023;;;;;;;;;;;;;;
2.6075;8752500;2011;;;;;;;;;;;;;;
2.61;8755000;2007;;;;;;;;;;;;;;
2.6125;8757500;2009;;;;;;;;;;;;;;
2.615;8760000;2011;;;;;;;;;;;;;;
2.6175;8762500;2024;;;;;;;;;;;;;;
2.62;8765000;2024;;;;;;;;;;;;;;
2.6225;8767500;2027;;;;;;;;;;;;;;
2.625;8770000;2024;;;;;;;;;;;;;;
2.6275;8772500;2008;;;;;;;;;;;;;;
2.63;8775000;1998;;;;;;;;;;;;;;
2.6325;8777500;1996;;;;;;;;;;;;;;
2.635;8780000;2023;;;;;;;;;;;;;;
2.6375;8782500;2024;;;;;;;;;;;;;;
2.64;8785000;2028;;;;;;;;;;;;;;
2.6425;8787500;2028;;;;;;;;;;;;;;
2.645;8790000;2013;;;;;;;;;;;;;;
2.6475;8792500;2016;;;;;;;;;;;;;;
2.65;8795000;2008;;;;;;;;;;;;;;
2.6525;8797500;2010;;;;;;;;;;;;;;
2.655;8800000;2012;;;;;;;;;;;;;;
2.6575;8802500;2025;;;;;;;;;;;;;;
2.66;8805000;2023;;;;;;;;;;;;;;
2.6625;8807500;2031;;;;;;;;;;;;;;
2.665;8810000;2016;;;;;;;;;;;;;;
2.6675;8812500;2008;;;;;;;;;;;;;;
2.67;8815000;2008;;;;;;;;;;;;;;
2.6725;8817500;1999;;;;;;;;;;;;;;
2.675;8820000;2008;;;;;;;;;;;;;;
2.6775;8822500;2013;;;;;;;;;;;;;;
2.68;8825000;2014;;;;;;;;;;;;;;
2.6825;8827500;2011;;;;;;;;;;;;;;
2.685;8830000;2007;;;;;;;;;;;;;;
2.6875;8832500;1994;;;;;;;;;;;;;;
2.69;8835000;1991;;;;;;;;;;;;;;
2.6925;8837500;1983;;;;;;;;;;;;;;
2.695;8840000;1983;;;;;;;;;;;;;;
2.6975;8842500;1992;;;;;;;;;;;;;;
2.7;8845000;2006;;;;;;;;;;;;;;
2.7025;8847500;2000;;;;;;;;;;;;;;
2.705;8850000;1998;;;;;;;;;;;;;;
2.7075;8852500;1981;;;;;;;;;;;;;;
2.71;8855000;1983;;;;;;;;;;;;;;
2.7125;8857500;1980;;;;;;;;;;;;;;
2.715;8860000;1992;;;;;;;;;;;;;;
2.7175;8862500;1997;;;;;;;;;;;;;;
2.72;8865000;2011;;;;;;;;;;;;;;
2.7225;8867500;2009;;;;;;;;;;;;;;
2.725;8870000;1979;;;;;;;;;;;;;;
2.7275;8872500;1980;;;;;;;;;;;;;;
2.73;8875000;1962;;;;;;;;;;;;;;
2.7325;8877500;1975;;;;;;;;;;;;;;
2.735;8880000;1980;;;;;;;;;;;;;;
2.7375;8882500;1995;;;;;;;;;;;;;;
2.74;8885000;1996;;;;;;;;;;;;;;
2.7425;8887500;2009;;;;;;;;;;;;;;
2.745;8890000;1996;;;;;;;;;;;;;;
2.7475;8892500;1968;;;;;;;;;;;;;;
2.75;8895000;1945;;;;;;;;;;;;;;
2.7525;8897500;1965;;;;;;;;;;;;;;
2.755;8900000;1977;;;;;;;;;;;;;;
2.7575;8902500;1992;;;;;;;;;;;;;;
2.76;8905000;1993;;;;;;;;;;;;;;
2.7625;8907500;1994;;;;;;;;;;;;;;
2.765;8910000;1976;;;;;;;;;;;;;;
2.7675;8912500;1978;;;;;;;;;;;;;;
2.77;8915000;1977;;;;;;;;;;;;;;
2.7725;8917500;1980;;;;;;;;;;;;;;
2.775;8920000;1980;;;;;;;;;;;;;;
2.7775;8922500;1992;;;;;;;;;;;;;;
2.78;8925000;1995;;;;;;;;;;;;;;
2.7825;8927500;1995;;;;;;;;;;;;;;
2.785;8930000;1978;;;;;;;;;;;;;;
2.7875;8932500;1962;;;;;;;;;;;;;;
2.79;8935000;1967;;;;;;;;;;;;;;
2.7925;8937500;1961;;;;;;;;;;;;;;
2.795;8940000;1966;;;;;;;;;;;;;;
2.7975;8942500;1976;;;;;;;;;;;;;;
2.8;8945000;1964;;;;;;;;;;;;;;
2.8025;8947500;1977;;;;;;;;;;;;;;
2.805;8950000;1950;;;;;;;;;;;;;;
2.8075;8952500;1947;;;;;;;;;;;;;;
2.81;8955000;1931;;;;;;;;;;;;;;
2.8125;8957500;1931;;;;;;;;;;;;;;
2.815;8960000;1946;;;;;;;;;;;;;;
2.8175;8962500;1961;;;;;;;;;;;;;;
2.82;8965000;1964;;;;;;;;;;;;;;
2.8225;8967500;1979;;;;;;;;;;;;;;
2.825;8970000;1966;;;;;;;;;;;;;;
2.8275;8972500;1967;;;;;;;;;;;;;;
2.83;8975000;1946;;;;;;;;;;;;;;
2.8325;8977500;1950;;;;;;;;;;;;;;
2.835;8980000;1960;;;;;;;;;;;;;;
2.8375;8982500;1966;;;;;;;;;;;;;;
2.84;8985000;1979;;;;;;;;;;;;;;
2.8425;8987500;1980;;;;;;;;;;;;;;
2.845;8990000;1977;;;;;;;;;;;;;;
2.8475;8992500;1962;;;;;;;;;;;;;;
2.85;8995000;1951;;;;;;;;;;;;;;
2.8525;8997500;1947;;;;;;;;;;;;;;
2.855;9000000;1948;;;;;;;;;;;;;;
2.8575;9002500;1960;;;;;;;;;;;;;;
2.86;9005000;1964;;;;;;;;;;;;;;
2.8625;9007500;1950;;;;;;;;;;;;;;
2.865;9010000;1932;;;;;;;;;;;;;;
2.8675;9012500;1918;;;;;;;;;;;;;;
2.87;9015000;1912;;;;;;;;;;;;;;
2.8725;9017500;1901;;;;;;;;;;;;;;
2.875;9020000;1912;;;;;;;;;;;;;;
2.8775;9022500;1916;;;;;;;;;;;;;;
2.88;9025000;1902;;;;;;;;;;;;;;
2.8825;9027500;1932;;;;;;;;;;;;;;
2.885;9030000;1919;;;;;;;;;;;;;;
2.8875;9032500;1913;;;;;;;;;;;;;;
2.89;9035000;1913;;;;;;;;;;;;;;
2.8925;9037500;1912;;;;;;;;;;;;;;
2.895;9040000;1912;;;;;;;;;;;;;;
2.8975;9042500;1917;;;;;;;;;;;;;;
2.9;9045000;1917;;;;;;;;;;;;;;
2.9025;9047500;1930;;;;;;;;;;;;;;
2.905;9050000;1919;;;;;;;;;;;;;;
2.9075;9052500;1870;;;;;;;;;;;;;;
2.91;9055000;1880;;;;;;;;;;;;;;
2.9125;9057500;1883;;;;;;;;;;;;;;
2.915;9060000;1897;;;;;;;;;;;;;;
2.9175;9062500;1913;;;;;;;;;;;;;;
2.92;9065000;1914;;;;;;;;;;;;;;
2.9225;9067500;1912;;;;;;;;;;;;;;
2.925;9070000;1929;;;;;;;;;;;;;;
2.9275;9072500;1917;;;;;;;;;;;;;;
2.93;9075000;1916;;;;;;;;;;;;;;
2.9325;9077500;1916;;;;;;;;;;;;;;
2.935;9080000;1934;;;;;;;;;;;;;;
2.9375;9082500;1945;;;;;;;;;;;;;;
2.94;9085000;1945;;;;;;;;;;;;;;
2.9425;9087500;1959;;;;;;;;;;;;;;
2.945;9090000;1950;;;;;;;;;;;;;;
2.9475;9092500;1931;;;;;;;;;;;;;;
2.95;9095000;1945;;;;;;;;;;;;;;
2.9525;9097500;1932;;;;;;;;;;;;;;
2.955;9100000;1934;;;;;;;;;;;;;;
2.9575;9102500;1919;;;;;;;;;;;;;;
2.96;9105000;1934;;;;;;;;;;;;;;
2.9625;9107500;1965;;;;;;;;;;;;;;
2.965;9110000;1945;;;;;;;;;;;;;;
2.9675;9112500;1931;;;;;;;;;;;;;;
2.97;9115000;1930;;;;;;;;;;;;;;
2.9725;9117500;1931;;;;;;;;;;;;;;
2.975;9120000;1933;;;;;;;;;;;;;;
2.9775;9122500;1964;;;;;;;;;;;;;;
2.98;9125000;1950;;;;;;;;;;;;;;
2.9825;9127500;1963;;;;;;;;;;;;;;
2.985;9130000;1952;;;;;;;;;;;;;;
2.9875;9132500;1950;;;;;;;;;;;;;;
2.99;9135000;1951;;;;;;;;;;;;;;
2.9925;9137500;1959;;;;;;;;;;;;;;
2.995;9140000;1961;;;;;;;;;;;;;;
2.9975;9142500;1966;;;;;;;;;;;;;;
3.0;9145000;1966;;;;;;;;;;;;;;
3.0025;9147500;1993;;;;;;;;;;;;;;
3.005;9150000;1979;;;;;;;;;;;;;;
3.0075;9152500;1965;;;;;;;;;;;;;;
3.01;9155000;1966;;;;;;;;;;;;;;
3.0125;9157500;1978;;;;;;;;;;;;;;
3.015;9160000;1993;;;;;;;;;;;;;;
3.0175;9162500;1992;;;;;;;;;;;;;;
3.02;9165000;1994;;;;;;;;;;;;;;
3.0225;9167500;1992;;;;;;;;;;;;;;
3.025;9170000;1979;;;;;;;;;;;;;;
3.0275;9172500;1977;;;;;;;;;;;;;;
3.03;9175000;1964;;;;;;;;;;;;;;
3.0325;9177500;1961;;;;;;;;;;;;;;
3.035;9180000;1965;;;;;;;;;;;;;;
3.0375;9182500;1965;;;;;;;;;;;;;;
3.04;9185000;1962;;;;;;;;;;;;;;
3.0425;9187500;1963;;;;;;;;;;;;;;
3.045;9190000;1951;;;;;;;;;;;;;;
3.0475;9192500;1946;;;;;;;;;;;;;;
3.05;9195000;1932;;;;;;;;;;;;;;
3.0525;9197500;1947;;;;;;;;;;;;;;
3.055;9200000;1945;;;;;;;;;;;;;;
3.0575;9202500;1977;;;;;;;;;;;;;;
3.06;9205000;1967;;;;;;;;;;;;;;
3.0625;9207500;1975;;;;;;;;;;;;;;
3.065;9210000;1960;;;;;;;;;;;;;;
3.0675;9212500;1932;;;;;;;;;;;;;;
3.07;9215000;1928;;;;;;;;;;;;;;
3.0725;9217500;1943;;;;;;;;;;;;;;
3.075;9220000;1947;;;;;;;;;;;;;;
3.0775;9222500;1964;;;;;;;;;;;;;;
3.08;9225000;1977;;;;;;;;;;;;;;
3.0825;9227500;1992;;;;;;;;;;;;;;
3.085;9230000;1981;;;;;;;;;;;;;;
3.0875;9232500;1966;;;;;;;;;;;;;;
3.09;9235000;1963;;;;;;;;;;;;;;
3.0925;9237500;1946;;;;;;;;;;;;;;
3.095;9240000;1944;;;;;;;;;;;;;;
3.0975;9242500;1959;;;;;;;;;;;;;;
3.1;9245000;1960;;;;;;;;;;;;;;
3.1025;9247500;1979;;;;;;;;;;;;;;
3.105;9250000;1963;;;;;;;;;;;;;;
3.1075;9252500;1950;;;;;;;;;;;;;;
3.11;9255000;1949;;;;;;;;;;;;;;
3.1125;9257500;1963;;;;;;;;;;;;;;
3.115;9260000;1966;;;;;;;;;;;;;;
3.1175;9262500;1982;;;;;;;;;;;;;;
3.12;9265000;1990;;;;;;;;;;;;;;
3.1225;9267500;1979;;;;;;;;;;;;;;
3.125;9270000;1930;;;;;;;;;;;;;;
3.1275;9272500;1944;;;;;;;;;;;;;;
3.13;9275000;1944;;;;;;;;;;;;;;
3.1325;9277500;1962;;;;;;;;;;;;;;
3.135;9280000;1975;;;;;;;;;;;;;;
3.1375;9282500;1962;;;;;;;;;;;;;;
3.14;9285000;1960;;;;;;;;;;;;;;
3.1425;9287500;1961;;;;;;;;;;;;;;
3.145;9290000;1978;;;;;;;;;;;;;;
3.1475;9292500;1977;;;;;;;;;;;;;;
3.15;9295000;1958;;;;;;;;;;;;;;
3.1525;9297500;1949;;;;;;;;;;;;;;
3.155;9300000;1979;;;;;;;;;;;;;;
3.1575;9302500;1976;;;;;;;;;;;;;;
3.16;9305000;2013;;;;;;;;;;;;;;
3.1625;9307500;1999;;;;;;;;;;;;;;
3.165;9310000;1993;;;;;;;;;;;;;;
3.1675;9312500;2013;;;;;;;;;;;;;;
3.17;9315000;2009;;;;;;;;;;;;;;
3.1725;9317500;1997;;;;;;;;;;;;;;
3.175;9320000;2012;;;;;;;;;;;;;;
3.1775;9322500;2015;;;;;;;;;;;;;;
3.18;9325000;2041;;;;;;;;;;;;;;
3.1825;9327500;2029;;;;;;;;;;;;;;
3.185;9330000;2039;;;;;;;;;;;;;;
3.1875;9332500;2013;;;;;;;;;;;;;;
3.19;9335000;2010;;;;;;;;;;;;;;
3.1925;9337500;2008;;;;;;;;;;;;;;
3.195;9340000;2026;;;;;;;;;;;;;;
3.1975;9342500;2027;;;;;;;;;;;;;;
3.2;9345000;2013;;;;;;;;;;;;;;
3.2025;9347500;2013;;;;;;;;;;;;;;
3.205;9350000;2008;;;;;;;;;;;;;;
3.2075;9352500;1999;;;;;;;;;;;;;;
3.21;9355000;2023;;;;;;;;;;;;;;
3.2125;9357500;2012;;;;;;;;;;;;;;
3.215;9360000;2013;;;;;;;;;;;;;;
3.2175;9362500;2024;;;;;;;;;;;;;;
3.22;9365000;2010;;;;;;;;;;;;;;
3.2225;9367500;2044;;;;;;;;;;;;;;
3.225;9370000;2027;;;;;;;;;;;;;;
3.2275;9372500;2025;;;;;;;;;;;;;;
3.23;9375000;1996;;;;;;;;;;;;;;
3.2325;9377500;2013;;;;;;;;;;;;;;
3.235;9380000;2023;;;;;;;;;;;;;;
3.2375;9382500;2030;;;;;;;;;;;;;;
3.24;9385000;2047;;;;;;;;;;;;;;
3.2425;9387500;2046;;;;;;;;;;;;;;
3.245;9390000;2056;;;;;;;;;;;;;;
3.2475;9392500;2056;;;;;;;;;;;;;;
3.25;9395000;2047;;;;;;;;;;;;;;
3.2525;9397500;2043;;;;;;;;;;;;;;
3.255;9400000;2056;;;;;;;;;;;;;;
3.2575;9402500;2063;;;;;;;;;;;;;;
3.26;9405000;2064;;;;;;;;;;;;;;
3.2625;9407500;2064;;;;;;;;;;;;;;
3.265;9410000;2061;;;;;;;;;;;;;;
3.2675;9412500;2057;;;;;;;;;;;;;;
3.27;9415000;2041;;;;;;;;;;;;;;
3.2725;9417500;2043;;;;;;;;;;;;;;
3.275;9420000;2047;;;;;;;;;;;;;;
3.2775;9422500;2057;;;;;;;;;;;;;;
3.28;9425000;2063;;;;;;;;;;;;;;
3.2825;9427500;2073;;;;;;;;;;;;;;
3.285;9430000;2063;;;;;;;;;;;;;;
3.2875;9432500;2073;;;;;;;;;;;;;;
3.29;9435000;2072;;;;;;;;;;;;;;
3.2925;9437500;2077;;;;;;;;;;;;;;
3.295;9440000;2076;;;;;;;;;;;;;;
3.2975;9442500;2091;;;;;;;;;;;;;;
3.3;9445000;2078;;;;;;;;;;;;;;
3.3025;9447500;2073;;;;;;;;;;;;;;
3.305;9450000;2062;;;;;;;;;;;;;;
3.3075;9452500;2043;;;;;;;;;;;;;;
3.31;9455000;2028;;;;;;;;;;;;;;
3.3125;9457500;2044;;;;;;;;;;;;;;
3.315;9460000;2044;;;;;;;;;;;;;;
3.3175;9462500;2040;;;;;;;;;;;;;;
3.32;9465000;2056;;;;;;;;;;;;;;
3.3225;9467500;2062;;;;;;;;;;;;;;
3.325;9470000;2043;;;;;;;;;;;;;;
3.3275;9472500;2029;;;;;;;;;;;;;;
3.33;9475000;2040;;;;;;;;;;;;;;
3.3325;9477500;2062;;;;;;;;;;;;;;
3.335;9480000;2058;;;;;;;;;;;;;;
3.3375;9482500;2062;;;;;;;;;;;;;;
3.34;9485000;2076;;;;;;;;;;;;;;
3.3425;9487500;2088;;;;;;;;;;;;;;
3.345;9490000;2087;;;;;;;;;;;;;;
3.3475;9492500;2076;;;;;;;;;;;;;;
3.35;9495000;2058;;;;;;;;;;;;;;
3.3525;9497500;2060;;;;;;;;;;;;;;
3.355;9500000;2064;;;;;;;;;;;;;;
3.3575;9502500;2064;;;;;;;;;;;;;;
3.36;9505000;2088;;;;;;;;;;;;;;
3.3625;9507500;2074;;;;;;;;;;;;;;
3.365;9510000;2064;;;;;;;;;;;;;;
3.3675;9512500;2063;;;;;;;;;;;;;;
3.37;9515000;2059;;;;;;;;;;;;;;
3.3725;9517500;2061;;;;;;;;;;;;;;
3.375;9520000;2061;;;;;;;;;;;;;;
3.3775;9522500;2061;;;;;;;;;;;;;;
3.38;9525000;2076;;;;;;;;;;;;;;
3.3825;9527500;2078;;;;;;;;;;;;;;
3.385;9530000;2074;;;;;;;;;;;;;;
3.3875;9532500;2076;;;;;;;;;;;;;;
3.39;9535000;2064;;;;;;;;;;;;;;
3.3925;9537500;2074;;;;;;;;;;;;;;
3.395;9540000;2087;;;;;;;;;;;;;;
3.3975;9542500;2076;;;;;;;;;;;;;;
3.4;9545000;2074;;;;;;;;;;;;;;
3.4025;9547500;2079;;;;;;;;;;;;;;
3.405;9550000;2076;;;;;;;;;;;;;;
3.4075;9552500;2073;;;;;;;;;;;;;;
3.41;9555000;2076;;;;;;;;;;;;;;
3.4125;9557500;2074;;;;;;;;;;;;;;
3.415;9560000;2076;;;;;;;;;;;;;;
3.4175;9562500;2078;;;;;;;;;;;;;;
3.42;9565000;2091;;;;;;;;;;;;;;
3.4225;9567500;2093;;;;;;;;;;;;;;
3.425;9570000;2091;;;;;;;;;;;;;;
3.4275;9572500;2091;;;;;;;;;;;;;;
3.43;9575000;2064;;;;;;;;;;;;;;
3.4325;9577500;2080;;;;;;;;;;;;;;
3.435;9580000;2092;;;;;;;;;;;;;;
3.4375;9582500;2094;;;;;;;;;;;;;;
3.44;9585000;2110;;;;;;;;;;;;;;
3.4425;9587500;2106;;;;;;;;;;;;;;
3.445;9590000;2092;;;;;;;;;;;;;;
3.4475;9592500;2090;;;;;;;;;;;;;;
3.45;9595000;2090;;;;;;;;;;;;;;
3.4525;9597500;2092;;;;;;;;;;;;;;
3.455;9600000;2092;;;;;;;;;;;;;;
3.4575;9602500;2094;;;;;;;;;;;;;;
3.46;9605000;2104;;;;;;;;;;;;;;
3.4625;9607500;2103;;;;;;;;;;;;;;
3.465;9610000;2091;;;;;;;;;;;;;;
3.4675;9612500;2089;;;;;;;;;;;;;;
3.47;9615000;2074;;;;;;;;;;;;;;
3.4725;9617500;2076;;;;;;;;;;;;;;
3.475;9620000;2088;;;;;;;;;;;;;;
3.4775;9622500;2092;;;;;;;;;;;;;;
3.48;9625000;2093;;;;;;;;;;;;;;
3.4825;9627500;2093;;;;;;;;;;;;;;
3.485;9630000;2080;;;;;;;;;;;;;;
3.4875;9632500;2074;;;;;;;;;;;;;;
3.49;9635000;2077;;;;;;;;;;;;;;
3.4925;9637500;2063;;;;;;;;;;;;;;
3.495;9640000;2074;;;;;;;;;;;;;;
3.4975;9642500;2090;;;;;;;;;;;;;;
3.5;9645000;2088;;;;;;;;;;;;;;
3.5025;9647500;2096;;;;;;;;;;;;;;
3.505;9650000;2088;;;;;;;;;;;;;;
3.5075;9652500;2073;;;;;;;;;;;;;;
3.51;9655000;2064;;;;;;;;;;;;;;
3.5125;9657500;2064;;;;;;;;;;;;;;
3.515;9660000;2077;;;;;;;;;;;;;;
3.5175;9662500;2078;;;;;;;;;;;;;;
3.52;9665000;2078;;;;;;;;;;;;;;
3.5225;9667500;2077;;;;;;;;;;;;;;
3.525;9670000;2062;;;;;;;;;;;;;;
3.5275;9672500;2056;;;;;;;;;;;;;;
3.53;9675000;2039;;;;;;;;;;;;;;
3.5325;9677500;2045;;;;;;;;;;;;;;
3.535;9680000;2047;;;;;;;;;;;;;;
3.5375;9682500;2059;;;;;;;;;;;;;;
3.54;9685000;2063;;;;;;;;;;;;;;
3.5425;9687500;2060;;;;;;;;;;;;;;
3.545;9690000;2057;;;;;;;;;;;;;;
3.5475;9692500;2045;;;;;;;;;;;;;;
3.55;9695000;2041;;;;;;;;;;;;;;
3.5525;9697500;2041;;;;;;;;;;;;;;
3.555;9700000;2048;;;;;;;;;;;;;;
3.5575;9702500;2047;;;;;;;;;;;;;;
3.56;9705000;2072;;;;;;;;;;;;;;
3.5625;9707500;2062;;;;;;;;;;;;;;
3.565;9710000;2057;;;;;;;;;;;;;;
3.5675;9712500;2041;;;;;;;;;;;;;;
3.57;9715000;2042;;;;;;;;;;;;;;
3.5725;9717500;2041;;;;;;;;;;;;;;
3.575;9720000;2046;;;;;;;;;;;;;;
3.5775;9722500;2061;;;;;;;;;;;;;;
3.58;9725000;2075;;;;;;;;;;;;;;
3.5825;9727500;2075;;;;;;;;;;;;;;
3.585;9730000;2063;;;;;;;;;;;;;;
3.5875;9732500;2064;;;;;;;;;;;;;;
3.59;9735000;2045;;;;;;;;;;;;;;
3.5925;9737500;2045;;;;;;;;;;;;;;
3.595;9740000;2062;;;;;;;;;;;;;;
3.5975;9742500;2063;;;;;;;;;;;;;;
3.6;9745000;2073;;;;;;;;;;;;;;
3.6025;9747500;2078;;;;;;;;;;;;;;
3.605;9750000;2073;;;;;;;;;;;;;;
3.6075;9752500;2057;;;;;;;;;;;;;;
3.61;9755000;2056;;;;;;;;;;;;;;
3.6125;9757500;2058;;;;;;;;;;;;;;
3.615;9760000;2056;;;;;;;;;;;;;;
3.6175;9762500;2064;;;;;;;;;;;;;;
3.62;9765000;2071;;;;;;;;;;;;;;
3.6225;9767500;2064;;;;;;;;;;;;;;
3.625;9770000;2046;;;;;;;;;;;;;;
3.6275;9772500;2040;;;;;;;;;;;;;;
3.63;9775000;2029;;;;;;;;;;;;;;
3.6325;9777500;2046;;;;;;;;;;;;;;
3.635;9780000;2047;;;;;;;;;;;;;;
3.6375;9782500;2064;;;;;;;;;;;;;;
3.64;9785000;2059;;;;;;;;;;;;;;
3.6425;9787500;2058;;;;;;;;;;;;;;
3.645;9790000;2056;;;;;;;;;;;;;;
3.6475;9792500;2043;;;;;;;;;;;;;;
3.65;9795000;2041;;;;;;;;;;;;;;
3.6525;9797500;2040;;;;;;;;;;;;;;
3.655;9800000;2045;;;;;;;;;;;;;;
3.6575;9802500;2046;;;;;;;;;;;;;;
3.66;9805000;2062;;;;;;;;;;;;;;
3.6625;9807500;2064;;;;;;;;;;;;;;
3.665;9810000;2039;;;;;;;;;;;;;;
3.6675;9812500;2029;;;;;;;;;;;;;;
3.67;9815000;2039;;;;;;;;;;;;;;
3.6725;9817500;2029;;;;;;;;;;;;;;
3.675;9820000;2045;;;;;;;;;;;;;;
3.6775;9822500;2044;;;;;;;;;;;;;;
3.68;9825000;2062;;;;;;;;;;;;;;
3.6825;9827500;2061;;;;;;;;;;;;;;
3.685;9830000;2061;;;;;;;;;;;;;;
3.6875;9832500;2045;;;;;;;;;;;;;;
3.69;9835000;2041;;;;;;;;;;;;;;
3.6925;9837500;2027;;;;;;;;;;;;;;
3.695;9840000;2025;;;;;;;;;;;;;;
3.6975;9842500;2058;;;;;;;;;;;;;;
3.7;9845000;2061;;;;;;;;;;;;;;
3.7025;9847500;2063;;;;;;;;;;;;;;
3.705;9850000;2058;;;;;;;;;;;;;;
3.7075;9852500;2043;;;;;;;;;;;;;;
3.71;9855000;2040;;;;;;;;;;;;;;
3.7125;9857500;2029;;;;;;;;;;;;;;
3.715;9860000;2042;;;;;;;;;;;;;;
3.7175;9862500;2044;;;;;;;;;;;;;;
3.72;9865000;2059;;;;;;;;;;;;;;
3.7225;9867500;2058;;;;;;;;;;;;;;
3.725;9870000;2044;;;;;;;;;;;;;;
3.7275;9872500;2008;;;;;;;;;;;;;;
3.73;9875000;2028;;;;;;;;;;;;;;
3.7325;9877500;2028;;;;;;;;;;;;;;
3.735;9880000;2038;;;;;;;;;;;;;;
3.7375;9882500;2042;;;;;;;;;;;;;;
3.74;9885000;2044;;;;;;;;;;;;;;
3.7425;9887500;2058;;;;;;;;;;;;;;
3.745;9890000;2040;;;;;;;;;;;;;;
3.7475;9892500;2040;;;;;;;;;;;;;;
3.75;9895000;2027;;;;;;;;;;;;;;
3.7525;9897500;2028;;;;;;;;;;;;;;
3.755;9900000;2043;;;;;;;;;;;;;;
3.7575;9902500;2046;;;;;;;;;;;;;;
3.76;9905000;2056;;;;;;;;;;;;;;
3.7625;9907500;2048;;;;;;;;;;;;;;
3.765;9910000;2041;;;;;;;;;;;;;;
3.7675;9912500;2028;;;;;;;;;;;;;;
3.77;9915000;2023;;;;;;;;;;;;;;
3.7725;9917500;2030;;;;;;;;;;;;;;
3.775;9920000;2025;;;;;;;;;;;;;;
3.7775;9922500;2030;;;;;;;;;;;;;;
3.78;9925000;2043;;;;;;;;;;;;;;
3.7825;9927500;2046;;;;;;;;;;;;;;
3.785;9930000;2029;;;;;;;;;;;;;;
3.7875;9932500;2028;;;;;;;;;;;;;;
3.79;9935000;2015;;;;;;;;;;;;;;
3.7925;9937500;2025;;;;;;;;;;;;;;
3.795;9940000;2028;;;;;;;;;;;;;;
3.7975;9942500;2030;;;;;;;;;;;;;;
3.8;9945000;2040;;;;;;;;;;;;;;
3.8025;9947500;2040;;;;;;;;;;;;;;
3.805;9950000;2030;;;;;;;;;;;;;;
3.8075;9952500;2014;;;;;;;;;;;;;;
3.81;9955000;2029;;;;;;;;;;;;;;
3.8125;9957500;2014;;;;;;;;;;;;;;
3.815;9960000;2024;;;;;;;;;;;;;;
3.8175;9962500;2040;;;;;;;;;;;;;;
3.82;9965000;2043;;;;;;;;;;;;;;
3.8225;9967500;2040;;;;;;;;;;;;;;
3.825;9970000;2024;;;;;;;;;;;;;;
3.8275;9972500;2007;;;;;;;;;;;;;;
3.83;9975000;2008;;;;;;;;;;;;;;
3.8325;9977500;2011;;;;;;;;;;;;;;
3.835;9980000;2014;;;;;;;;;;;;;;
3.8375;9982500;2024;;;;;;;;;;;;;;
3.84;9985000;2041;;;;;;;;;;;;;;
3.8425;9987500;2028;;;;;;;;;;;;;;
3.845;9990000;2029;;;;;;;;;;;;;;
3.8475;9992500;2007;;;;;;;;;;;;;;
3.85;9995000;2011;;;;;;;;;;;;;;
3.8525;9997500;1995;;;;;;;;;;;;;;
3.855;10000000;2023;;;;;;;;;;;;;;
3.8575;10002500;1999;;;;;;;;;;;;;;
3.86;10005000;2030;;;;;;;;;;;;;;
3.8625;10007500;2040;;;;;;;;;;;;;;
3.865;10010000;2029;;;;;;;;;;;;;;
3.8675;10012500;2025;;;;;;;;;;;;;;
3.87;10015000;2013;;;;;;;;;;;;;;
3.8725;10017500;2013;;;;;;;;;;;;;;
3.875;10020000;2024;;;;;;;;;;;;;;
3.8775;10022500;2040;;;;;;;;;;;;;;
3.88;10025000;2031;;;;;;;;;;;;;;
3.8825;10027500;2040;;;;;;;;;;;;;;
3.885;10030000;2029;;;;;;;;;;;;;;
3.8875;10032500;2013;;;;;;;;;;;;;;
3.89;10035000;2014;;;;;;;;;;;;;;
3.8925;10037500;2024;;;;;;;;;;;;;;
3.895;10040000;2025;;;;;;;;;;;;;;
3.8975;10042500;2028;;;;;;;;;;;;;;
3.9;10045000;2024;;;;;;;;;;;;;;
3.9025;10047500;2041;;;;;;;;;;;;;;
3.905;10050000;2040;;;;;;;;;;;;;;
3.9075;10052500;2014;;;;;;;;;;;;;;
3.91;10055000;2032;;;;;;;;;;;;;;
3.9125;10057500;2015;;;;;;;;;;;;;;
3.915;10060000;2031;;;;;;;;;;;;;;
3.9175;10062500;2043;;;;;;;;;;;;;;
3.92;10065000;2029;;;;;;;;;;;;;;
3.9225;10067500;2056;;;;;;;;;;;;;;
3.925;10070000;2046;;;;;;;;;;;;;;
3.9275;10072500;2025;;;;;;;;;;;;;;
3.93;10075000;2028;;;;;;;;;;;;;;
3.9325;10077500;2024;;;;;;;;;;;;;;
3.935;10080000;2029;;;;;;;;;;;;;;
3.9375;10082500;2041;;;;;;;;;;;;;;
3.94;10085000;2044;;;;;;;;;;;;;;
3.9425;10087500;2059;;;;;;;;;;;;;;
3.945;10090000;2047;;;;;;;;;;;;;;
3.9475;10092500;2029;;;;;;;;;;;;;;
3.95;10095000;2024;;;;;;;;;;;;;;
3.9525;10097500;2039;;;;;;;;;;;;;;
3.955;10100000;2040;;;;;;;;;;;;;;
3.9575;10102500;2040;;;;;;;;;;;;;;
3.96;10105000;2046;;;;;;;;;;;;;;
3.9625;10107500;2044;;;;;;;;;;;;;;
3.965;10110000;2046;;;;;;;;;;;;;;
3.9675;10112500;2042;;;;;;;;;;;;;;
3.97;10115000;2026;;;;;;;;;;;;;;
3.9725;10117500;2027;;;;;;;;;;;;;;
3.975;10120000;2029;;;;;;;;;;;;;;
3.9775;10122500;2047;;;;;;;;;;;;;;
3.98;10125000;2046;;;;;;;;;;;;;;
3.9825;10127500;2046;;;;;;;;;;;;;;
3.985;10130000;2042;;;;;;;;;;;;;;
3.9875;10132500;2030;;;;;;;;;;;;;;
3.99;10135000;2026;;;;;;;;;;;;;;
3.9925;10137500;2038;;;;;;;;;;;;;;
3.995;10140000;2039;;;;;;;;;;;;;;
3.9975;10142500;2042;;;;;;;;;;;;;;
4.0;10145000;2044;;;;;;;;;;;;;;
4.0025;10147500;2045;;;;;;;;;;;;;;
4.005;10150000;2046;;;;;;;;;;;;;;
4.0075;10152500;2029;;;;;;;;;;;;;;
4.01;10155000;2030;;;;;;;;;;;;;;
4.0125;10157500;2030;;;;;;;;;;;;;;
4.015;10160000;2043;;;;;;;;;;;;;;
4.0175;10162500;2043;;;;;;;;;;;;;;
4.02;10165000;2048;;;;;;;;;;;;;;
4.0225;10167500;2046;;;;;;;;;;;;;;
4.025;10170000;2045;;;;;;;;;;;;;;
4.0275;10172500;2041;;;;;;;;;;;;;;
4.03;10175000;2040;;;;;;;;;;;;;;
4.0325;10177500;2028;;;;;;;;;;;;;;
4.035;10180000;2042;;;;;;;;;;;;;;
4.0375;10182500;2040;;;;;;;;;;;;;;
4.04;10185000;2057;;;;;;;;;;;;;;
4.0425;10187500;2058;;;;;;;;;;;;;;
4.045;10190000;2040;;;;;;;;;;;;;;
4.0475;10192500;2029;;;;;;;;;;;;;;
4.05;10195000;2027;;;;;;;;;;;;;;
4.0525;10197500;2026;;;;;;;;;;;;;;
4.055;10200000;2039;;;;;;;;;;;;;;
4.0575;10202500;2056;;;;;;;;;;;;;;
4.06;10205000;2057;;;;;;;;;;;;;;
4.0625;10207500;2056;;;;;;;;;;;;;;
4.065;10210000;2056;;;;;;;;;;;;;;
4.0675;10212500;2040;;;;;;;;;;;;;;
4.07;10215000;2030;;;;;;;;;;;;;;
4.0725;10217500;2038;;;;;;;;;;;;;;
4.075;10220000;2044;;;;;;;;;;;;;;
4.0775;10222500;2031;;;;;;;;;;;;;;
4.08;10225000;2060;;;;;;;;;;;;;;
4.0825;10227500;2045;;;;;;;;;;;;;;
4.085;10230000;2060;;;;;;;;;;;;;;
4.0875;10232500;2041;;;;;;;;;;;;;;
4.09;10235000;2026;;;;;;;;;;;;;;
4.0925;10237500;2059;;;;;;;;;;;;;;
4.095;10240000;2031;;;;;;;;;;;;;;
4.0975;10242500;2045;;;;;;;;;;;;;;
4.1;10245000;2057;;;;;;;;;;;;;;
4.1025;10247500;2056;;;;;;;;;;;;;;
4.105;10250000;2043;;;;;;;;;;;;;;
4.1075;10252500;2042;;;;;;;;;;;;;;
4.11;10255000;2016;;;;;;;;;;;;;;
4.1125;10257500;2041;;;;;;;;;;;;;;
4.115;10260000;2046;;;;;;;;;;;;;;
4.1175;10262500;2044;;;;;;;;;;;;;;
4.12;10265000;2042;;;;;;;;;;;;;;
4.1225;10267500;2061;;;;;;;;;;;;;;
4.125;10270000;2057;;;;;;;;;;;;;;
4.1275;10272500;2026;;;;;;;;;;;;;;
4.13;10275000;2024;;;;;;;;;;;;;;
4.1325;10277500;2024;;;;;;;;;;;;;;
4.135;10280000;2028;;;;;;;;;;;;;;
4.1375;10282500;2046;;;;;;;;;;;;;;
4.14;10285000;2060;;;;;;;;;;;;;;
4.1425;10287500;2048;;;;;;;;;;;;;;
4.145;10290000;2045;;;;;;;;;;;;;;
4.1475;10292500;2042;;;;;;;;;;;;;;
4.15;10295000;2039;;;;;;;;;;;;;;
4.1525;10297500;2040;;;;;;;;;;;;;;
4.155;10300000;2042;;;;;;;;;;;;;;
4.1575;10302500;2048;;;;;;;;;;;;;;
4.16;10305000;2048;;;;;;;;;;;;;;
4.1625;10307500;2061;;;;;;;;;;;;;;
4.165;10310000;2045;;;;;;;;;;;;;;
4.1675;10312500;2029;;;;;;;;;;;;;;
4.17;10315000;2024;;;;;;;;;;;;;;
4.1725;10317500;2040;;;;;;;;;;;;;;
4.175;10320000;2040;;;;;;;;;;;;;;
4.1775;10322500;2045;;;;;;;;;;;;;;
4.18;10325000;2043;;;;;;;;;;;;;;
4.1825;10327500;2047;;;;;;;;;;;;;;
4.185;10330000;2045;;;;;;;;;;;;;;
4.1875;10332500;2030;;;;;;;;;;;;;;
4.19;10335000;2030;;;;;;;;;;;;;;
4.1925;10337500;2028;;;;;;;;;;;;;;
4.195;10340000;2030;;;;;;;;;;;;;;
4.1975;10342500;2040;;;;;;;;;;;;;;
4.2;10345000;2030;;;;;;;;;;;;;;
4.2025;10347500;2045;;;;;;;;;;;;;;
4.205;10350000;2041;;;;;;;;;;;;;;
4.2075;10352500;2024;;;;;;;;;;;;;;
4.21;10355000;2013;;;;;;;;;;;;;;
4.2125;10357500;2011;;;;;;;;;;;;;;
4.215;10360000;2013;;;;;;;;;;;;;;
4.2175;10362500;2026;;;;;;;;;;;;;;
4.22;10365000;2039;;;;;;;;;;;;;;
4.2225;10367500;2042;;;;;;;;;;;;;;
4.225;10370000;2030;;;;;;;;;;;;;;
4.2275;10372500;2027;;;;;;;;;;;;;;
4.23;10375000;2010;;;;;;;;;;;;;;
4.2325;10377500;2009;;;;;;;;;;;;;;
4.235;10380000;2028;;;;;;;;;;;;;;
4.2375;10382500;2031;;;;;;;;;;;;;;
4.24;10385000;2043;;;;;;;;;;;;;;
4.2425;10387500;2041;;;;;;;;;;;;;;
4.245;10390000;2040;;;;;;;;;;;;;;
4.2475;10392500;2027;;;;;;;;;;;;;;
4.25;10395000;2010;;;;;;;;;;;;;;
4.2525;10397500;2010;;;;;;;;;;;;;;
4.255;10400000;2026;;;;;;;;;;;;;;
4.2575;10402500;2029;;;;;;;;;;;;;;
4.26;10405000;2029;;;;;;;;;;;;;;
4.2625;10407500;2028;;;;;;;;;;;;;;
4.265;10410000;2028;;;;;;;;;;;;;;
4.2675;10412500;2025;;;;;;;;;;;;;;
4.27;10415000;2013;;;;;;;;;;;;;;
4.2725;10417500;1997;;;;;;;;;;;;;;
4.275;10420000;2025;;;;;;;;;;;;;;
4.2775;10422500;2015;;;;;;;;;;;;;;
4.28;10425000;2041;;;;;;;;;;;;;;
4.2825;10427500;2043;;;;;;;;;;;;;;
4.285;10430000;2030;;;;;;;;;;;;;;
4.2875;10432500;2026;;;;;;;;;;;;;;
4.29;10435000;2012;;;;;;;;;;;;;;
4.2925;10437500;2013;;;;;;;;;;;;;;
4.295;10440000;2014;;;;;;;;;;;;;;
4.2975;10442500;2039;;;;;;;;;;;;;;
4.3;10445000;2027;;;;;;;;;;;;;;
4.3025;10447500;2014;;;;;;;;;;;;;;
4.305;10450000;2029;;;;;;;;;;;;;;
4.3075;10452500;2013;;;;;;;;;;;;;;
4.31;10455000;2009;;;;;;;;;;;;;;
4.3125;10457500;1994;;;;;;;;;;;;;;
4.315;10460000;2007;;;;;;;;;;;;;;
4.3175;10462500;2028;;;;;;;;;;;;;;
4.32;10465000;2039;;;;;;;;;;;;;;
4.3225;10467500;2030;;;;;;;;;;;;;;
4.325;10470000;2024;;;;;;;;;;;;;;
4.3275;10472500;2012;;;;;;;;;;;;;;
4.33;10475000;1993;;;;;;;;;;;;;;
4.3325;10477500;2012;;;;;;;;;;;;;;
4.335;10480000;2027;;;;;;;;;;;;;;
4.3375;10482500;2028;;;;;;;;;;;;;;
4.34;10485000;2039;;;;;;;;;;;;;;
4.3425;10487500;2027;;;;;;;;;;;;;;
4.345;10490000;2025;;;;;;;;;;;;;;
4.3475;10492500;2012;;;;;;;;;;;;;;
4.35;10495000;2008;;;;;;;;;;;;;;
4.3525;10497500;2011;;;;;;;;;;;;;;
4.355;10500000;1994;;;;;;;;;;;;;;
4.3575;10502500;2024;;;;;;;;;;;;;;
4.36;10505000;2026;;;;;;;;;;;;;;
4.3625;10507500;2029;;;;;;;;;;;;;;
4.365;10510000;2025;;;;;;;;;;;;;;
4.3675;10512500;1991;;;;;;;;;;;;;;
4.37;10515000;2009;;;;;;;;;;;;;;
4.3725;10517500;1998;;;;;;;;;;;;;;
4.375;10520000;2012;;;;;;;;;;;;;;
4.3775;10522500;2027;;;;;;;;;;;;;;
4.38;10525000;2026;;;;;;;;;;;;;;
4.3825;10527500;2028;;;;;;;;;;;;;;
4.385;10530000;2028;;;;;;;;;;;;;;
4.3875;10532500;2012;;;;;;;;;;;;;;
4.39;10535000;2008;;;;;;;;;;;;;;
4.3925;10537500;1998;;;;;;;;;;;;;;
4.395;10540000;2010;;;;;;;;;;;;;;
4.3975;10542500;2022;;;;;;;;;;;;;;
4.4;10545000;2027;;;;;;;;;;;;;;
4.4025;10547500;2024;;;;;;;;;;;;;;
4.405;10550000;2011;;;;;;;;;;;;;;
4.4075;10552500;1997;;;;;;;;;;;;;;
4.41;10555000;1981;;;;;;;;;;;;;;
4.4125;10557500;1992;;;;;;;;;;;;;;
4.415;10560000;1997;;;;;;;;;;;;;;
4.4175;10562500;2015;;;;;;;;;;;;;;
4.42;10565000;2013;;;;;;;;;;;;;;
4.4225;10567500;2027;;;;;;;;;;;;;;
4.425;10570000;2027;;;;;;;;;;;;;;
4.4275;10572500;2010;;;;;;;;;;;;;;
4.43;10575000;2008;;;;;;;;;;;;;;
4.4325;10577500;2010;;;;;;;;;;;;;;
4.435;10580000;2013;;;;;;;;;;;;;;
4.4375;10582500;2029;;;;;;;;;;;;;;
4.44;10585000;2030;;;;;;;;;;;;;;
4.4425;10587500;2038;;;;;;;;;;;;;;
4.445;10590000;2028;;;;;;;;;;;;;;
4.4475;10592500;1992;;;;;;;;;;;;;;
4.45;10595000;2009;;;;;;;;;;;;;;
4.4525;10597500;2011;;;;;;;;;;;;;;
4.455;10600000;2013;;;;;;;;;;;;;;
4.4575;10602500;2025;;;;;;;;;;;;;;
4.46;10605000;2025;;;;;;;;;;;;;;
4.4625;10607500;2040;;;;;;;;;;;;;;
4.465;10610000;2024;;;;;;;;;;;;;;
4.4675;10612500;2014;;;;;;;;;;;;;;
4.47;10615000;2013;;;;;;;;;;;;;;
4.4725;10617500;2014;;;;;;;;;;;;;;
4.475;10620000;2024;;;;;;;;;;;;;;
4.4775;10622500;2026;;;;;;;;;;;;;;
4.48;10625000;2039;;;;;;;;;;;;;;
4.4825;10627500;2043;;;;;;;;;;;;;;
4.485;10630000;2028;;;;;;;;;;;;;;
4.4875;10632500;2014;;;;;;;;;;;;;;
4.49;10635000;2010;;;;;;;;;;;;;;
4.4925;10637500;2014;;;;;;;;;;;;;;
4.495;10640000;2025;;;;;;;;;;;;;;
4.4975;10642500;2038;;;;;;;;;;;;;;
4.5;10645000;2042;;;;;;;;;;;;;;
4.5025;10647500;2030;;;;;;;;;;;;;;
4.505;10650000;2024;;;;;;;;;;;;;;
4.5075;10652500;2027;;;;;;;;;;;;;;
4.51;10655000;2026;;;;;;;;;;;;;;
4.5125;10657500;2015;;;;;;;;;;;;;;
4.515;10660000;2028;;;;;;;;;;;;;;
4.5175;10662500;2040;;;;;;;;;;;;;;
4.52;10665000;2057;;;;;;;;;;;;;;
4.5225;10667500;2057;;;;;;;;;;;;;;
4.525;10670000;2046;;;;;;;;;;;;;;
4.5275;10672500;2041;;;;;;;;;;;;;;
4.53;10675000;2032;;;;;;;;;;;;;;
4.5325;10677500;2044;;;;;;;;;;;;;;
4.535;10680000;2043;;;;;;;;;;;;;;
4.5375;10682500;2057;;;;;;;;;;;;;;
4.54;10685000;2045;;;;;;;;;;;;;;
4.5425;10687500;2056;;;;;;;;;;;;;;
4.545;10690000;2056;;;;;;;;;;;;;;
4.5475;10692500;2043;;;;;;;;;;;;;;
4.55;10695000;2040;;;;;;;;;;;;;;
4.5525;10697500;2046;;;;;;;;;;;;;;
4.555;10700000;2030;;;;;;;;;;;;;;
4.5575;10702500;2062;;;;;;;;;;;;;;
4.56;10705000;2064;;;;;;;;;;;;;;
4.5625;10707500;2073;;;;;;;;;;;;;;
4.565;10710000;2057;;;;;;;;;;;;;;
4.5675;10712500;2045;;;;;;;;;;;;;;
4.57;10715000;2031;;;;;;;;;;;;;;
4.5725;10717500;2041;;;;;;;;;;;;;;
4.575;10720000;2045;;;;;;;;;;;;;;
4.5775;10722500;2045;;;;;;;;;;;;;;
4.58;10725000;2044;;;;;;;;;;;;;;
4.5825;10727500;2048;;;;;;;;;;;;;;
4.585;10730000;2058;;;;;;;;;;;;;;
4.5875;10732500;2044;;;;;;;;;;;;;;
4.59;10735000;2041;;;;;;;;;;;;;;
4.5925;10737500;2042;;;;;;;;;;;;;;
4.595;10740000;2029;;;;;;;;;;;;;;
4.5975;10742500;2044;;;;;;;;;;;;;;
4.6;10745000;2046;;;;;;;;;;;;;;
4.6025;10747500;2045;;;;;;;;;;;;;;
4.605;10750000;2048;;;;;;;;;;;;;;
4.6075;10752500;2031;;;;;;;;;;;;;;
4.61;10755000;2014;;;;;;;;;;;;;;
4.6125;10757500;2024;;;;;;;;;;;;;;
4.615;10760000;2029;;;;;;;;;;;;;;
4.6175;10762500;2040;;;;;;;;;;;;;;
4.62;10765000;2043;;;;;;;;;;;;;;
4.6225;10767500;2044;;;;;;;;;;;;;;
4.625;10770000;2032;;;;;;;;;;;;;;
4.6275;10772500;2016;;;;;;;;;;;;;;
4.63;10775000;2014;;;;;;;;;;;;;;
4.6325;10777500;2025;;;;;;;;;;;;;;
4.635;10780000;2026;;;;;;;;;;;;;;
4.6375;10782500;2028;;;;;;;;;;;;;;
4.64;10785000;2040;;;;;;;;;;;;;;
4.6425;10787500;2046;;;;;;;;;;;;;;
4.645;10790000;2039;;;;;;;;;;;;;;
4.6475;10792500;2012;;;;;;;;;;;;;;
4.65;10795000;1997;;;;;;;;;;;;;;
4.6525;10797500;1997;;;;;;;;;;;;;;
4.655;10800000;2014;;;;;;;;;;;;;;
4.6575;10802500;2012;;;;;;;;;;;;;;
4.66;10805000;2014;;;;;;;;;;;;;;
4.6625;10807500;2026;;;;;;;;;;;;;;
4.665;10810000;2011;;;;;;;;;;;;;;
4.6675;10812500;2008;;;;;;;;;;;;;;
4.67;10815000;2007;;;;;;;;;;;;;;
4.6725;10817500;1997;;;;;;;;;;;;;;
4.675;10820000;1999;;;;;;;;;;;;;;
4.6775;10822500;2007;;;;;;;;;;;;;;
4.68;10825000;1998;;;;;;;;;;;;;;
4.6825;10827500;2009;;;;;;;;;;;;;;
4.685;10830000;2008;;;;;;;;;;;;;;
4.6875;10832500;1981;;;;;;;;;;;;;;
4.69;10835000;1978;;;;;;;;;;;;;;
4.6925;10837500;1978;;;;;;;;;;;;;;
4.695;10840000;1979;;;;;;;;;;;;;;
4.6975;10842500;1984;;;;;;;;;;;;;;
4.7;10845000;1991;;;;;;;;;;;;;;
4.7025;10847500;2007;;;;;;;;;;;;;;
4.705;10850000;1991;;;;;;;;;;;;;;
4.7075;10852500;1974;;;;;;;;;;;;;;
4.71;10855000;1964;;;;;;;;;;;;;;
4.7125;10857500;1966;;;;;;;;;;;;;;
4.715;10860000;1966;;;;;;;;;;;;;;
4.7175;10862500;1976;;;;;;;;;;;;;;
4.72;10865000;1974;;;;;;;;;;;;;;
4.7225;10867500;1968;;;;;;;;;;;;;;
4.725;10870000;1960;;;;;;;;;;;;;;
4.7275;10872500;1966;;;;;;;;;;;;;;
4.73;10875000;1948;;;;;;;;;;;;;;
4.7325;10877500;1928;;;;;;;;;;;;;;
4.735;10880000;1947;;;;;;;;;;;;;;
4.7375;10882500;1933;;;;;;;;;;;;;;
4.74;10885000;1951;;;;;;;;;;;;;;
4.7425;10887500;1965;;;;;;;;;;;;;;
4.745;10890000;1951;;;;;;;;;;;;;;
4.7475;10892500;1935;;;;;;;;;;;;;;
4.75;10895000;1917;;;;;;;;;;;;;;
4.7525;10897500;1927;;;;;;;;;;;;;;
4.755;10900000;1933;;;;;;;;;;;;;;
4.7575;10902500;1933;;;;;;;;;;;;;;
4.76;10905000;1976;;;;;;;;;;;;;;
4.7625;10907500;1962;;;;;;;;;;;;;;
4.765;10910000;1964;;;;;;;;;;;;;;
4.7675;10912500;1959;;;;;;;;;;;;;;
4.77;10915000;1948;;;;;;;;;;;;;;
4.7725;10917500;1936;;;;;;;;;;;;;;
4.775;10920000;1962;;;;;;;;;;;;;;
4.7775;10922500;1963;;;;;;;;;;;;;;
4.78;10925000;1966;;;;;;;;;;;;;;
4.7825;10927500;1952;;;;;;;;;;;;;;
4.785;10930000;1935;;;;;;;;;;;;;;
4.7875;10932500;1935;;;;;;;;;;;;;;
4.79;10935000;1929;;;;;;;;;;;;;;
4.7925;10937500;1943;;;;;;;;;;;;;;
4.795;10940000;1949;;;;;;;;;;;;;;
4.7975;10942500;1960;;;;;;;;;;;;;;
4.8;10945000;1967;;;;;;;;;;;;;;
4.8025;10947500;1979;;;;;;;;;;;;;;
4.805;10950000;1960;;;;;;;;;;;;;;
4.8075;10952500;1945;;;;;;;;;;;;;;
4.81;10955000;1931;;;;;;;;;;;;;;
4.8125;10957500;1946;;;;;;;;;;;;;;
4.815;10960000;1946;;;;;;;;;;;;;;
4.8175;10962500;1950;;;;;;;;;;;;;;
4.82;10965000;1974;;;;;;;;;;;;;;
4.8225;10967500;1977;;;;;;;;;;;;;;
4.825;10970000;1967;;;;;;;;;;;;;;
4.8275;10972500;1948;;;;;;;;;;;;;;
4.83;10975000;1950;;;;;;;;;;;;;;
4.8325;10977500;1976;;;;;;;;;;;;;;
4.835;10980000;1980;;;;;;;;;;;;;;
4.8375;10982500;1996;;;;;;;;;;;;;;
4.84;10985000;2010;;;;;;;;;;;;;;
4.8425;10987500;2014;;;;;;;;;;;;;;
4.845;10990000;1999;;;;;;;;;;;;;;
4.8475;10992500;1981;;;;;;;;;;;;;;
4.85;10995000;1980;;;;;;;;;;;;;;
4.8525;10997500;1978;;;;;;;;;;;;;;
4.855;11000000;1979;;;;;;;;;;;;;;
4.8575;11002500;2008;;;;;;;;;;;;;;
4.86;11005000;2010;;;;;;;;;;;;;;
4.8625;11007500;2015;;;;;;;;;;;;;;
4.865;11010000;2008;;;;;;;;;;;;;;
4.8675;11012500;1992;;;;;;;;;;;;;;
4.87;11015000;1982;;;;;;;;;;;;;;
4.8725;11017500;1978;;;;;;;;;;;;;;
4.875;11020000;1992;;;;;;;;;;;;;;
4.8775;11022500;1997;;;;;;;;;;;;;;
4.88;11025000;2008;;;;;;;;;;;;;;
4.8825;11027500;1995;;;;;;;;;;;;;;
4.885;11030000;1994;;;;;;;;;;;;;;
4.8875;11032500;1981;;;;;;;;;;;;;;
4.89;11035000;1992;;;;;;;;;;;;;;
4.8925;11037500;1981;;;;;;;;;;;;;;
4.895;11040000;1992;;;;;;;;;;;;;;
4.8975;11042500;1994;;;;;;;;;;;;;;
4.9;11045000;1996;;;;;;;;;;;;;;
4.9025;11047500;2009;;;;;;;;;;;;;;
4.905;11050000;2008;;;;;;;;;;;;;;
4.9075;11052500;2023;;;;;;;;;;;;;;
4.91;11055000;1994;;;;;;;;;;;;;;
4.9125;11057500;1991;;;;;;;;;;;;;;
4.915;11060000;1992;;;;;;;;;;;;;;
4.9175;11062500;1994;;;;;;;;;;;;;;
4.92;11065000;2011;;;;;;;;;;;;;;
4.9225;11067500;2013;;;;;;;;;;;;;;
4.925;11070000;1996;;;;;;;;;;;;;;
4.9275;11072500;1975;;;;;;;;;;;;;;
4.93;11075000;1966;;;;;;;;;;;;;;
4.9325;11077500;1978;;;;;;;;;;;;;;
4.935;11080000;1981;;;;;;;;;;;;;;
4.9375;11082500;1982;;;;;;;;;;;;;;
4.94;11085000;1994;;;;;;;;;;;;;;
4.9425;11087500;2010;;;;;;;;;;;;;;
4.945;11090000;1995;;;;;;;;;;;;;;
4.9475;11092500;1975;;;;;;;;;;;;;;
4.95;11095000;1978;;;;;;;;;;;;;;
4.9525;11097500;1978;;;;;;;;;;;;;;
4.955;11100000;1999;;;;;;;;;;;;;;
4.9575;11102500;1996;;;;;;;;;;;;;;
4.96;11105000;1996;;;;;;;;;;;;;;
4.9625;11107500;2008;;;;;;;;;;;;;;
4.965;11110000;1992;;;;;;;;;;;;;;
4.9675;11112500;1980;;;;;;;;;;;;;;
4.97;11115000;1983;;;;;;;;;;;;;;
4.9725;11117500;1980;;;;;;;;;;;;;;
4.975;11120000;1981;;;;;;;;;;;;;;
4.9775;11122500;1991;;;;;;;;;;;;;;
4.98;11125000;1992;;;;;;;;;;;;;;
4.9825;11127500;1995;;;;;;;;;;;;;;
4.985;11130000;2014;;;;;;;;;;;;;;
4.9875;11132500;2009;;;;;;;;;;;;;;
4.99;11135000;1992;;;;;;;;;;;;;;
4.9925;11137500;1976;;;;;;;;;;;;;;
4.995;11140000;1995;;;;;;;;;;;;;;
4.9975;11142500;2024;;;;;;;;;;;;;;
5.0;11145000;1997;;;;;;;;;;;;;;
5.0025;11147500;2016;;;;;;;;;;;;;;
5.005;11150000;1995;;;;;;;;;;;;;;
5.0075;11152500;1983;;;;;;;;;;;;;;
5.01;11155000;1976;;;;;;;;;;;;;;
5.0125;11157500;1982;;;;;;;;;;;;;;
5.015;11160000;1984;;;;;;;;;;;;;;
5.0175;11162500;1999;;;;;;;;;;;;;;
5.02;11165000;1997;;;;;;;;;;;;;;
5.0225;11167500;1997;;;;;;;;;;;;;;
5.025;11170000;1997;;;;;;;;;;;;;;
5.0275;11172500;1992;;;;;;;;;;;;;;
5.03;11175000;1983;;;;;;;;;;;;;;
5.0325;11177500;2007;;;;;;;;;;;;;;
5.035;11180000;2009;;;;;;;;;;;;;;
5.0375;11182500;1993;;;;;;;;;;;;;;
5.04;11185000;2028;;;;;;;;;;;;;;
5.0425;11187500;2028;;;;;;;;;;;;;;
5.045;11190000;2011;;;;;;;;;;;;;;
5.0475;11192500;1994;;;;;;;;;;;;;;
5.05;11195000;2009;;;;;;;;;;;;;;
5.0525;11197500;1996;;;;;;;;;;;;;;
5.055;11200000;1997;;;;;;;;;;;;;;
5.0575;11202500;2010;;;;;;;;;;;;;;
5.06;11205000;2008;;;;;;;;;;;;;;
5.0625;11207500;2013;;;;;;;;;;;;;;
5.065;11210000;1995;;;;;;;;;;;;;;
5.0675;11212500;1975;;;;;;;;;;;;;;
5.07;11215000;1982;;;;;;;;;;;;;;
5.0725;11217500;1998;;;;;;;;;;;;;;
5.075;11220000;1993;;;;;;;;;;;;;;
5.0775;11222500;2013;;;;;;;;;;;;;;
5.08;11225000;2025;;;;;;;;;;;;;;
5.0825;11227500;2014;;;;;;;;;;;;;;
5.085;11230000;2007;;;;;;;;;;;;;;
5.0875;11232500;1999;;;;;;;;;;;;;;
5.09;11235000;1995;;;;;;;;;;;;;;
5.0925;11237500;1984;;;;;;;;;;;;;;
5.095;11240000;1994;;;;;;;;;;;;;;
5.0975;11242500;1995;;;;;;;;;;;;;;
5.1;11245000;2009;;;;;;;;;;;;;;
5.1025;11247500;2015;;;;;;;;;;;;;;
5.105;11250000;2010;;;;;;;;;;;;;;
5.1075;11252500;1998;;;;;;;;;;;;;;
5.11;11255000;1978;;;;;;;;;;;;;;
5.1125;11257500;1992;;;;;;;;;;;;;;
5.115;11260000;2009;;;;;;;;;;;;;;
5.1175;11262500;2024;;;;;;;;;;;;;;
5.12;11265000;2016;;;;;;;;;;;;;;
5.1225;11267500;2015;;;;;;;;;;;;;;
5.125;11270000;2013;;;;;;;;;;;;;;
5.1275;11272500;2014;;;;;;;;;;;;;;
5.13;11275000;2009;;;;;;;;;;;;;;
5.1325;11277500;2010;;;;;;;;;;;;;;
5.135;11280000;2008;;;;;;;;;;;;;;
5.1375;11282500;2013;;;;;;;;;;;;;;
5.14;11285000;2015;;;;;;;;;;;;;;
5.1425;11287500;2041;;;;;;;;;;;;;;
5.145;11290000;2030;;;;;;;;;;;;;;
5.1475;11292500;1995;;;;;;;;;;;;;;
5.15;11295000;1992;;;;;;;;;;;;;;
5.1525;11297500;2012;;;;;;;;;;;;;;
5.155;11300000;2009;;;;;;;;;;;;;;
5.1575;11302500;2013;;;;;;;;;;;;;;
5.16;11305000;2013;;;;;;;;;;;;;;
5.1625;11307500;2015;;;;;;;;;;;;;;
5.165;11310000;2024;;;;;;;;;;;;;;
5.1675;11312500;2007;;;;;;;;;;;;;;
5.17;11315000;1983;;;;;;;;;;;;;;
5.1725;11317500;1992;;;;;;;;;;;;;;
5.175;11320000;1998;;;;;;;;;;;;;;
5.1775;11322500;1994;;;;;;;;;;;;;;
5.18;11325000;2012;;;;;;;;;;;;;;
5.1825;11327500;2013;;;;;;;;;;;;;;
5.185;11330000;2011;;;;;;;;;;;;;;
5.1875;11332500;2010;;;;;;;;;;;;;;
5.19;11335000;2012;;;;;;;;;;;;;;
5.1925;11337500;2009;;;;;;;;;;;;;;
5.195;11340000;1996;;;;;;;;;;;;;;
5.1975;11342500;1999;;;;;;;;;;;;;;
5.2;11345000;2015;;;;;;;;;;;;;;
5.2025;11347500;2024;;;;;;;;;;;;;;
5.205;11350000;1997;;;;;;;;;;;;;;
5.2075;11352500;1983;;;;;;;;;;;;;;
5.21;11355000;2000;;;;;;;;;;;;;;
5.2125;11357500;1996;;;;;;;;;;;;;;
5.215;11360000;2010;;;;;;;;;;;;;;
5.2175;11362500;2008;;;;;;;;;;;;;;
5.22;11365000;2024;;;;;;;;;;;;;;
5.2225;11367500;2040;;;;;;;;;;;;;;
5.225;11370000;2024;;;;;;;;;;;;;;
5.2275;11372500;2026;;;;;;;;;;;;;;
5.23;11375000;2026;;;;;;;;;;;;;;
5.2325;11377500;2013;;;;;;;;;;;;;;
5.235;11380000;2015;;;;;;;;;;;;;;
5.2375;11382500;2040;;;;;;;;;;;;;;
5.24;11385000;2040;;;;;;;;;;;;;;
5.2425;11387500;2016;;;;;;;;;;;;;;
5.245;11390000;2014;;;;;;;;;;;;;;
5.2475;11392500;1998;;;;;;;;;;;;;;
5.25;11395000;1979;;;;;;;;;;;;;;
5.2525;11397500;2011;;;;;;;;;;;;;;
5.255;11400000;2015;;;;;;;;;;;;;;
5.2575;11402500;2008;;;;;;;;;;;;;;
5.26;11405000;2014;;;;;;;;;;;;;;
5.2625;11407500;2024;;;;;;;;;;;;;;
5.265;11410000;2062;;;;;;;;;;;;;;
5.2675;11412500;2030;;;;;;;;;;;;;;
5.27;11415000;2014;;;;;;;;;;;;;;
5.2725;11417500;2010;;;;;;;;;;;;;;
5.275;11420000;2009;;;;;;;;;;;;;;
5.2775;11422500;2030;;;;;;;;;;;;;;
5.28;11425000;2023;;;;;;;;;;;;;;
5.2825;11427500;2012;;;;;;;;;;;;;;
5.285;11430000;2025;;;;;;;;;;;;;;
5.2875;11432500;2023;;;;;;;;;;;;;;
5.29;11435000;2014;;;;;;;;;;;;;;
5.2925;11437500;2025;;;;;;;;;;;;;;
5.295;11440000;2026;;;;;;;;;;;;;;
5.2975;11442500;2027;;;;;;;;;;;;;;
5.3;11445000;2041;;;;;;;;;;;;;;
5.3025;11447500;2031;;;;;;;;;;;;;;
5.305;11450000;2031;;;;;;;;;;;;;;
5.3075;11452500;2027;;;;;;;;;;;;;;
5.31;11455000;2024;;;;;;;;;;;;;;
5.3125;11457500;2024;;;;;;;;;;;;;;
5.315;11460000;2029;;;;;;;;;;;;;;
5.3175;11462500;2044;;;;;;;;;;;;;;
5.32;11465000;2064;;;;;;;;;;;;;;
5.3225;11467500;2060;;;;;;;;;;;;;;
5.325;11470000;2047;;;;;;;;;;;;;;
5.3275;11472500;2042;;;;;;;;;;;;;;
5.33;11475000;2041;;;;;;;;;;;;;;
5.3325;11477500;2029;;;;;;;;;;;;;;
5.335;11480000;2040;;;;;;;;;;;;;;
5.3375;11482500;2058;;;;;;;;;;;;;;
5.34;11485000;2062;;;;;;;;;;;;;;
5.3425;11487500;2047;;;;;;;;;;;;;;
5.345;11490000;2045;;;;;;;;;;;;;;
5.3475;11492500;2025;;;;;;;;;;;;;;
5.35;11495000;2023;;;;;;;;;;;;;;
5.3525;11497500;2043;;;;;;;;;;;;;;
5.355;11500000;2043;;;;;;;;;;;;;;
5.3575;11502500;2047;;;;;;;;;;;;;;
5.36;11505000;2062;;;;;;;;;;;;;;
5.3625;11507500;2061;;;;;;;;;;;;;;
5.365;11510000;2058;;;;;;;;;;;;;;
5.3675;11512500;2046;;;;;;;;;;;;;;
5.37;11515000;2055;;;;;;;;;;;;;;
5.3725;11517500;2056;;;;;;;;;;;;;;
5.375;11520000;2056;;;;;;;;;;;;;;
5.3775;11522500;2064;;;;;;;;;;;;;;
5.38;11525000;2074;;;;;;;;;;;;;;
5.3825;11527500;2072;;;;;;;;;;;;;;
5.385;11530000;2060;;;;;;;;;;;;;;
5.3875;11532500;2059;;;;;;;;;;;;;;
5.39;11535000;2042;;;;;;;;;;;;;;
5.3925;11537500;2056;;;;;;;;;;;;;;
5.395;11540000;2057;;;;;;;;;;;;;;
5.3975;11542500;2062;;;;;;;;;;;;;;
5.4;11545000;2078;;;;;;;;;;;;;;
5.4025;11547500;2063;;;;;;;;;;;;;;
5.405;11550000;2076;;;;;;;;;;;;;;
5.4075;11552500;2040;;;;;;;;;;;;;;
5.41;11555000;2047;;;;;;;;;;;;;;
5.4125;11557500;2043;;;;;;;;;;;;;;
5.415;11560000;2060;;;;;;;;;;;;;;
5.4175;11562500;2061;;;;;;;;;;;;;;
5.42;11565000;2058;;;;;;;;;;;;;;
5.4225;11567500;2062;;;;;;;;;;;;;;
5.425;11570000;2047;;;;;;;;;;;;;;
5.4275;11572500;2046;;;;;;;;;;;;;;
5.43;11575000;2046;;;;;;;;;;;;;;
5.4325;11577500;2044;;;;;;;;;;;;;;
5.435;11580000;2056;;;;;;;;;;;;;;
5.4375;11582500;2061;;;;;;;;;;;;;;
5.44;11585000;2064;;;;;;;;;;;;;;
5.4425;11587500;2063;;;;;;;;;;;;;;
5.445;11590000;2063;;;;;;;;;;;;;;
5.4475;11592500;2060;;;;;;;;;;;;;;
5.45;11595000;2045;;;;;;;;;;;;;;
5.4525;11597500;2044;;;;;;;;;;;;;;
5.455;11600000;2057;;;;;;;;;;;;;;
5.4575;11602500;2057;;;;;;;;;;;;;;
5.46;11605000;2044;;;;;;;;;;;;;;
5.4625;11607500;2062;;;;;;;;;;;;;;
5.465;11610000;2063;;;;;;;;;;;;;;
5.4675;11612500;2056;;;;;;;;;;;;;;
5.47;11615000;2031;;;;;;;;;;;;;;
5.4725;11617500;2042;;;;;;;;;;;;;;
5.475;11620000;2045;;;;;;;;;;;;;;
5.4775;11622500;2062;;;;;;;;;;;;;;
5.48;11625000;2059;;;;;;;;;;;;;;
5.4825;11627500;2057;;;;;;;;;;;;;;
5.485;11630000;2028;;;;;;;;;;;;;;
5.4875;11632500;2027;;;;;;;;;;;;;;
5.49;11635000;2025;;;;;;;;;;;;;;
5.4925;11637500;2030;;;;;;;;;;;;;;
5.495;11640000;2032;;;;;;;;;;;;;;
5.4975;11642500;2029;;;;;;;;;;;;;;
5.5;11645000;2041;;;;;;;;;;;;;;
5.5025;11647500;2044;;;;;;;;;;;;;;
5.505;11650000;2041;;;;;;;;;;;;;;
5.5075;11652500;2023;;;;;;;;;;;;;;
5.51;11655000;2024;;;;;;;;;;;;;;
5.5125;11657500;2014;;;;;;;;;;;;;;
5.515;11660000;2010;;;;;;;;;;;;;;
5.5175;11662500;2024;;;;;;;;;;;;;;
5.52;11665000;2030;;;;;;;;;;;;;;
5.5225;11667500;2040;;;;;;;;;;;;;;
5.525;11670000;2014;;;;;;;;;;;;;;
5.5275;11672500;2025;;;;;;;;;;;;;;
5.53;11675000;2010;;;;;;;;;;;;;;
5.5325;11677500;2015;;;;;;;;;;;;;;
5.535;11680000;2025;;;;;;;;;;;;;;
5.5375;11682500;2026;;;;;;;;;;;;;;
5.54;11685000;2032;;;;;;;;;;;;;;
5.5425;11687500;2044;;;;;;;;;;;;;;
5.545;11690000;2041;;;;;;;;;;;;;;
5.5475;11692500;2028;;;;;;;;;;;;;;
5.55;11695000;2027;;;;;;;;;;;;;;
5.5525;11697500;2027;;;;;;;;;;;;;;
5.555;11700000;2040;;;;;;;;;;;;;;
5.5575;11702500;2042;;;;;;;;;;;;;;
5.56;11705000;2040;;;;;;;;;;;;;;
5.5625;11707500;2030;;;;;;;;;;;;;;
5.565;11710000;2041;;;;;;;;;;;;;;
5.5675;11712500;2016;;;;;;;;;;;;;;
5.57;11715000;2014;;;;;;;;;;;;;;
5.5725;11717500;2015;;;;;;;;;;;;;;
5.575;11720000;2024;;;;;;;;;;;;;;
5.5775;11722500;2024;;;;;;;;;;;;;;
5.58;11725000;2027;;;;;;;;;;;;;;
5.5825;11727500;2028;;;;;;;;;;;;;;
5.585;11730000;2030;;;;;;;;;;;;;;
5.5875;11732500;2029;;;;;;;;;;;;;;
5.59;11735000;2008;;;;;;;;;;;;;;
5.5925;11737500;2023;;;;;;;;;;;;;;
5.595;11740000;2013;;;;;;;;;;;;;;
5.5975;11742500;2025;;;;;;;;;;;;;;
5.6;11745000;2030;;;;;;;;;;;;;;
5.6025;11747500;2040;;;;;;;;;;;;;;
5.605;11750000;2029;;;;;;;;;;;;;;
5.6075;11752500;2014;;;;;;;;;;;;;;
5.61;11755000;2014;;;;;;;;;;;;;;
5.6125;11757500;2013;;;;;;;;;;;;;;
5.615;11760000;2010;;;;;;;;;;;;;;
5.6175;11762500;2013;;;;;;;;;;;;;;
5.62;11765000;2028;;;;;;;;;;;;;;
5.6225;11767500;2032;;;;;;;;;;;;;;
5.625;11770000;2024;;;;;;;;;;;;;;
5.6275;11772500;2011;;;;;;;;;;;;;;
5.63;11775000;2009;;;;;;;;;;;;;;
5.6325;11777500;2010;;;;;;;;;;;;;;
5.635;11780000;2013;;;;;;;;;;;;;;
5.6375;11782500;2026;;;;;;;;;;;;;;
5.64;11785000;2028;;;;;;;;;;;;;;
5.6425;11787500;2010;;;;;;;;;;;;;;
5.645;11790000;2026;;;;;;;;;;;;;;
5.6475;11792500;2011;;;;;;;;;;;;;;
5.65;11795000;1998;;;;;;;;;;;;;;
5.6525;11797500;1999;;;;;;;;;;;;;;
5.655;11800000;2012;;;;;;;;;;;;;;
5.6575;11802500;2014;;;;;;;;;;;;;;
5.66;11805000;2024;;;;;;;;;;;;;;
5.6625;11807500;2030;;;;;;;;;;;;;;
5.665;11810000;2026;;;;;;;;;;;;;;
5.6675;11812500;1994;;;;;;;;;;;;;;
5.67;11815000;2011;;;;;;;;;;;;;;
5.6725;11817500;2023;;;;;;;;;;;;;;
5.675;11820000;2012;;;;;;;;;;;;;;
5.6775;11822500;2024;;;;;;;;;;;;;;
5.68;11825000;2028;;;;;;;;;;;;;;
5.6825;11827500;2031;;;;;;;;;;;;;;
5.685;11830000;2027;;;;;;;;;;;;;;
5.6875;11832500;2012;;;;;;;;;;;;;;
5.69;11835000;1996;;;;;;;;;;;;;;
5.6925;11837500;2008;;;;;;;;;;;;;;
5.695;11840000;2023;;;;;;;;;;;;;;
5.6975;11842500;2011;;;;;;;;;;;;;;
5.7;11845000;2014;;;;;;;;;;;;;;
5.7025;11847500;2024;;;;;;;;;;;;;;
5.705;11850000;2013;;;;;;;;;;;;;;
5.7075;11852500;1997;;;;;;;;;;;;;;
5.71;11855000;1993;;;;;;;;;;;;;;
5.7125;11857500;1991;;;;;;;;;;;;;;
5.715;11860000;2024;;;;;;;;;;;;;;
5.7175;11862500;2013;;;;;;;;;;;;;;
5.72;11865000;2011;;;;;;;;;;;;;;
5.7225;11867500;2023;;;;;;;;;;;;;;
5.725;11870000;2008;;;;;;;;;;;;;;
5.7275;11872500;2000;;;;;;;;;;;;;;
5.73;11875000;1981;;;;;;;;;;;;;;
5.7325;11877500;1994;;;;;;;;;;;;;;
5.735;11880000;2008;;;;;;;;;;;;;;
5.7375;11882500;2007;;;;;;;;;;;;;;
5.74;11885000;2024;;;;;;;;;;;;;;
5.7425;11887500;2024;;;;;;;;;;;;;;
5.745;11890000;2025;;;;;;;;;;;;;;
5.7475;11892500;1999;;;;;;;;;;;;;;
5.75;11895000;2000;;;;;;;;;;;;;;
5.7525;11897500;1997;;;;;;;;;;;;;;
5.755;11900000;1999;;;;;;;;;;;;;;
5.7575;11902500;2013;;;;;;;;;;;;;;
5.76;11905000;2009;;;;;;;;;;;;;;
5.7625;11907500;1999;;;;;;;;;;;;;;
5.765;11910000;2009;;;;;;;;;;;;;;
5.7675;11912500;1997;;;;;;;;;;;;;;
5.77;11915000;1993;;;;;;;;;;;;;;
5.7725;11917500;1992;;;;;;;;;;;;;;
5.775;11920000;1992;;;;;;;;;;;;;;
5.7775;11922500;1995;;;;;;;;;;;;;;
5.78;11925000;2022;;;;;;;;;;;;;;
5.7825;11927500;2025;;;;;;;;;;;;;;
5.785;11930000;2013;;;;;;;;;;;;;;
5.7875;11932500;2010;;;;;;;;;;;;;;
5.79;11935000;1996;;;;;;;;;;;;;;
5.7925;11937500;1993;;;;;;;;;;;;;;
5.795;11940000;1995;;;;;;;;;;;;;;
5.7975;11942500;2008;;;;;;;;;;;;;;
5.8;11945000;2013;;;;;;;;;;;;;;
5.8025;11947500;2023;;;;;;;;;;;;;;
5.805;11950000;2010;;;;;;;;;;;;;;
5.8075;11952500;2008;;;;;;;;;;;;;;
5.81;11955000;1993;;;;;;;;;;;;;;
5.8125;11957500;1999;;;;;;;;;;;;;;
5.815;11960000;1998;;;;;;;;;;;;;;
5.8175;11962500;2013;;;;;;;;;;;;;;
5.82;11965000;2025;;;;;;;;;;;;;;
5.8225;11967500;2025;;;;;;;;;;;;;;
5.825;11970000;2015;;;;;;;;;;;;;;
5.8275;11972500;1999;;;;;;;;;;;;;;
5.83;11975000;1991;;;;;;;;;;;;;;
5.8325;11977500;1995;;;;;;;;;;;;;;
5.835;11980000;2012;;;;;;;;;;;;;;
5.8375;11982500;2009;;;;;;;;;;;;;;
5.84;11985000;2011;;;;;;;;;;;;;;
5.8425;11987500;2026;;;;;;;;;;;;;;
5.845;11990000;2012;;;;;;;;;;;;;;
5.8475;11992500;2025;;;;;;;;;;;;;;
5.85;11995000;2009;;;;;;;;;;;;;;
5.8525;11997500;1999;;;;;;;;;;;;;;
5.855;12000000;2008;;;;;;;;;;;;;;
5.8575;12002500;2011;;;;;;;;;;;;;;
5.86;12005000;2023;;;;;;;;;;;;;;
5.8625;12007500;2043;;;;;;;;;;;;;;
5.865;12010000;2027;;;;;;;;;;;;;;
5.8675;12012500;2013;;;;;;;;;;;;;;
5.87;12015000;2014;;;;;;;;;;;;;;
5.8725;12017500;2013;;;;;;;;;;;;;;
5.875;12020000;2024;;;;;;;;;;;;;;
5.8775;12022500;2038;;;;;;;;;;;;;;
5.88;12025000;2039;;;;;;;;;;;;;;
5.8825;12027500;2028;;;;;;;;;;;;;;
5.885;12030000;2026;;;;;;;;;;;;;;
5.8875;12032500;2010;;;;;;;;;;;;;;
5.89;12035000;2010;;;;;;;;;;;;;;
5.8925;12037500;2012;;;;;;;;;;;;;;
5.895;12040000;2007;;;;;;;;;;;;;;
5.8975;12042500;2028;;;;;;;;;;;;;;
5.9;12045000;2027;;;;;;;;;;;;;;
5.9025;12047500;2031;;;;;;;;;;;;;;
5.905;12050000;2030;;;;;;;;;;;;;;
5.9075;12052500;2010;;;;;;;;;;;;;;
5.91;12055000;2015;;;;;;;;;;;;;;
5.9125;12057500;2027;;;;;;;;;;;;;;
5.915;12060000;2040;;;;;;;;;;;;;;
5.9175;12062500;2044;;;;;;;;;;;;;;
5.92;12065000;2061;;;;;;;;;;;;;;
5.9225;12067500;2047;;;;;;;;;;;;;;
5.925;12070000;2044;;;;;;;;;;;;;;
5.9275;12072500;2030;;;;;;;;;;;;;;
5.93;12075000;1998;;;;;;;;;;;;;;
5.9325;12077500;2030;;;;;;;;;;;;;;
5.935;12080000;2041;;;;;;;;;;;;;;
5.9375;12082500;2044;;;;;;;;;;;;;;
5.94;12085000;2046;;;;;;;;;;;;;;
5.9425;12087500;2058;;;;;;;;;;;;;;
5.945;12090000;2041;;;;;;;;;;;;;;
5.9475;12092500;2030;;;;;;;;;;;;;;
5.95;12095000;2031;;;;;;;;;;;;;;
5.9525;12097500;2026;;;;;;;;;;;;;;
5.955;12100000;2030;;;;;;;;;;;;;;
5.9575;12102500;2057;;;;;;;;;;;;;;
5.96;12105000;2057;;;;;;;;;;;;;;
5.9625;12107500;2064;;;;;;;;;;;;;;
5.965;12110000;2044;;;;;;;;;;;;;;
5.9675;12112500;2028;;;;;;;;;;;;;;
5.97;12115000;2030;;;;;;;;;;;;;;
5.9725;12117500;2040;;;;;;;;;;;;;;
5.975;12120000;2042;;;;;;;;;;;;;;
5.9775;12122500;2044;;;;;;;;;;;;;;
5.98;12125000;2048;;;;;;;;;;;;;;
5.9825;12127500;2059;;;;;;;;;;;;;;
5.985;12130000;2043;;;;;;;;;;;;;;
5.9875;12132500;2041;;;;;;;;;;;;;;
5.99;12135000;2024;;;;;;;;;;;;;;
5.9925;12137500;2028;;;;;;;;;;;;;;
5.995;12140000;2032;;;;;;;;;;;;;;
5.9975;12142500;2045;;;;;;;;;;;;;;
6.0;12145000;2048;;;;;;;;;;;;;;
6.0025;12147500;2045;;;;;;;;;;;;;;
6.005;12150000;2045;;;;;;;;;;;;;;
6.0075;12152500;2040;;;;;;;;;;;;;;
6.01;12155000;2029;;;;;;;;;;;;;;
6.0125;12157500;2029;;;;;;;;;;;;;;
6.015;12160000;2041;;;;;;;;;;;;;;
6.0175;12162500;2043;;;;;;;;;;;;;;
6.02;12165000;2056;;;;;;;;;;;;;;
6.0225;12167500;2056;;;;;;;;;;;;;;
6.025;12170000;2044;;;;;;;;;;;;;;
6.0275;12172500;2039;;;;;;;;;;;;;;
6.03;12175000;2024;;;;;;;;;;;;;;
6.0325;12177500;2013;;;;;;;;;;;;;;
6.035;12180000;2030;;;;;;;;;;;;;;
6.0375;12182500;2039;;;;;;;;;;;;;;
6.04;12185000;2048;;;;;;;;;;;;;;
6.0425;12187500;2056;;;;;;;;;;;;;;
6.045;12190000;2044;;;;;;;;;;;;;;
6.0475;12192500;2039;;;;;;;;;;;;;;
6.05;12195000;2029;;;;;;;;;;;;;;
6.0525;12197500;2026;;;;;;;;;;;;;;
6.055;12200000;2016;;;;;;;;;;;;;;
6.0575;12202500;2043;;;;;;;;;;;;;;
6.06;12205000;2047;;;;;;;;;;;;;;
6.0625;12207500;2044;;;;;;;;;;;;;;
6.065;12210000;2041;;;;;;;;;;;;;;
6.0675;12212500;2031;;;;;;;;;;;;;;
6.07;12215000;2015;;;;;;;;;;;;;;
6.0725;12217500;2013;;;;;;;;;;;;;;
6.075;12220000;2024;;;;;;;;;;;;;;
6.0775;12222500;2011;;;;;;;;;;;;;;
6.08;12225000;2042;;;;;;;;;;;;;;
6.0825;12227500;2043;;;;;;;;;;;;;;
6.085;12230000;2047;;;;;;;;;;;;;;
6.0875;12232500;2025;;;;;;;;;;;;;;
6.09;12235000;2029;;;;;;;;;;;;;;
6.0925;12237500;2028;;;;;;;;;;;;;;
6.095;12240000;2028;;;;;;;;;;;;;;
6.0975;12242500;2040;;;;;;;;;;;;;;
6.1;12245000;2044;;;;;;;;;;;;;;
6.1025;12247500;2043;;;;;;;;;;;;;;
6.105;12250000;2039;;;;;;;;;;;;;;
6.1075;12252500;2027;;;;;;;;;;;;;;
6.11;12255000;2025;;;;;;;;;;;;;;
6.1125;12257500;1999;;;;;;;;;;;;;;
6.115;12260000;2026;;;;;;;;;;;;;;
6.1175;12262500;2031;;;;;;;;;;;;;;
6.12;12265000;2042;;;;;;;;;;;;;;
6.1225;12267500;2032;;;;;;;;;;;;;;
6.125;12270000;2024;;;;;;;;;;;;;;
6.1275;12272500;2016;;;;;;;;;;;;;;
6.13;12275000;2016;;;;;;;;;;;;;;
6.1325;12277500;2024;;;;;;;;;;;;;;
6.135;12280000;2029;;;;;;;;;;;;;;
6.1375;12282500;2040;;;;;;;;;;;;;;
6.14;12285000;2031;;;;;;;;;;;;;;
6.1425;12287500;2046;;;;;;;;;;;;;;
6.145;12290000;2044;;;;;;;;;;;;;;
6.1475;12292500;2026;;;;;;;;;;;;;;
6.15;12295000;2025;;;;;;;;;;;;;;
6.1525;12297500;2024;;;;;;;;;;;;;;
6.155;12300000;2024;;;;;;;;;;;;;;
6.1575;12302500;2026;;;;;;;;;;;;;;
6.16;12305000;2040;;;;;;;;;;;;;;
6.1625;12307500;2043;;;;;;;;;;;;;;
6.165;12310000;2015;;;;;;;;;;;;;;
6.1675;12312500;2015;;;;;;;;;;;;;;
6.17;12315000;2011;;;;;;;;;;;;;;
6.1725;12317500;2026;;;;;;;;;;;;;;
6.175;12320000;2031;;;;;;;;;;;;;;
6.1775;12322500;2031;;;;;;;;;;;;;;
6.18;12325000;2043;;;;;;;;;;;;;;
6.1825;12327500;2044;;;;;;;;;;;;;;
6.185;12330000;2039;;;;;;;;;;;;;;
6.1875;12332500;2026;;;;;;;;;;;;;;
6.19;12335000;2013;;;;;;;;;;;;;;
6.1925;12337500;2024;;;;;;;;;;;;;;
6.195;12340000;2024;;;;;;;;;;;;;;
6.1975;12342500;2026;;;;;;;;;;;;;;
6.2;12345000;2041;;;;;;;;;;;;;;
6.2025;12347500;2030;;;;;;;;;;;;;;
6.205;12350000;2026;;;;;;;;;;;;;;
6.2075;12352500;2011;;;;;;;;;;;;;;
6.21;12355000;2008;;;;;;;;;;;;;;
6.2125;12357500;2012;;;;;;;;;;;;;;
6.215;12360000;2016;;;;;;;;;;;;;;
6.2175;12362500;2031;;;;;;;;;;;;;;
6.22;12365000;2042;;;;;;;;;;;;;;
6.2225;12367500;2040;;;;;;;;;;;;;;
6.225;12370000;2025;;;;;;;;;;;;;;
6.2275;12372500;2024;;;;;;;;;;;;;;
6.23;12375000;2011;;;;;;;;;;;;;;
6.2325;12377500;2013;;;;;;;;;;;;;;
6.235;12380000;2028;;;;;;;;;;;;;;
6.2375;12382500;2029;;;;;;;;;;;;;;
6.24;12385000;2056;;;;;;;;;;;;;;
6.2425;12387500;2042;;;;;;;;;;;;;;
6.245;12390000;2031;;;;;;;;;;;;;;
6.2475;12392500;2028;;;;;;;;;;;;;;
6.25;12395000;2023;;;;;;;;;;;;;;
6.2525;12397500;2013;;;;;;;;;;;;;;
6.255;12400000;2025;;;;;;;;;;;;;;
6.2575;12402500;2032;;;;;;;;;;;;;;
6.26;12405000;2032;;;;;;;;;;;;;;
6.2625;12407500;2040;;;;;;;;;;;;;;
6.265;12410000;2029;;;;;;;;;;;;;;
6.2675;12412500;2013;;;;;;;;;;;;;;
6.27;12415000;2012;;;;;;;;;;;;;;
6.2725;12417500;2013;;;;;;;;;;;;;;
6.275;12420000;2023;;;;;;;;;;;;;;
6.2775;12422500;2029;;;;;;;;;;;;;;
6.28;12425000;2031;;;;;;;;;;;;;;
6.2825;12427500;2041;;;;;;;;;;;;;;
6.285;12430000;2026;;;;;;;;;;;;;;
6.2875;12432500;2010;;;;;;;;;;;;;;
6.29;12435000;2011;;;;;;;;;;;;;;
6.2925;12437500;2013;;;;;;;;;;;;;;
6.295;12440000;2016;;;;;;;;;;;;;;
6.2975;12442500;2024;;;;;;;;;;;;;;
6.3;12445000;2040;;;;;;;;;;;;;;
6.3025;12447500;2040;;;;;;;;;;;;;;
6.305;12450000;2027;;;;;;;;;;;;;;
6.3075;12452500;2011;;;;;;;;;;;;;;
6.31;12455000;2000;;;;;;;;;;;;;;
6.3125;12457500;2007;;;;;;;;;;;;;;
6.315;12460000;2024;;;;;;;;;;;;;;
6.3175;12462500;2015;;;;;;;;;;;;;;
6.32;12465000;2043;;;;;;;;;;;;;;
6.3225;12467500;2043;;;;;;;;;;;;;;
6.325;12470000;2026;;;;;;;;;;;;;;
6.3275;12472500;2025;;;;;;;;;;;;;;
6.33;12475000;2024;;;;;;;;;;;;;;
6.3325;12477500;2012;;;;;;;;;;;;;;
6.335;12480000;2027;;;;;;;;;;;;;;
6.3375;12482500;2029;;;;;;;;;;;;;;
6.34;12485000;2030;;;;;;;;;;;;;;
6.3425;12487500;2039;;;;;;;;;;;;;;
6.345;12490000;2029;;;;;;;;;;;;;;
6.3475;12492500;2009;;;;;;;;;;;;;;
6.35;12495000;2012;;;;;;;;;;;;;;
6.3525;12497500;2041;;;;;;;;;;;;;;
6.355;12500000;2027;;;;;;;;;;;;;;
6.3575;12502500;2030;;;;;;;;;;;;;;
6.36;12505000;2042;;;;;;;;;;;;;;
6.3625;12507500;2030;;;;;;;;;;;;;;
6.365;12510000;2027;;;;;;;;;;;;;;
6.3675;12512500;2012;;;;;;;;;;;;;;
6.37;12515000;2008;;;;;;;;;;;;;;
6.3725;12517500;2009;;;;;;;;;;;;;;
6.375;12520000;1998;;;;;;;;;;;;;;
6.3775;12522500;2014;;;;;;;;;;;;;;
6.38;12525000;2024;;;;;;;;;;;;;;
6.3825;12527500;2026;;;;;;;;;;;;;;
6.385;12530000;1997;;;;;;;;;;;;;;
6.3875;12532500;2007;;;;;;;;;;;;;;
6.39;12535000;2009;;;;;;;;;;;;;;
6.3925;12537500;2006;;;;;;;;;;;;;;
6.395;12540000;2012;;;;;;;;;;;;;;
6.3975;12542500;2010;;;;;;;;;;;;;;
6.4;12545000;2013;;;;;;;;;;;;;;
6.4025;12547500;2029;;;;;;;;;;;;;;
6.405;12550000;2009;;;;;;;;;;;;;;
6.4075;12552500;2010;;;;;;;;;;;;;;
6.41;12555000;1998;;;;;;;;;;;;;;
6.4125;12557500;2009;;;;;;;;;;;;;;
6.415;12560000;2010;;;;;;;;;;;;;;
6.4175;12562500;2015;;;;;;;;;;;;;;
6.42;12565000;2026;;;;;;;;;;;;;;
6.4225;12567500;2040;;;;;;;;;;;;;;
6.425;12570000;2024;;;;;;;;;;;;;;
6.4275;12572500;2010;;;;;;;;;;;;;;
6.43;12575000;2010;;;;;;;;;;;;;;
6.4325;12577500;1998;;;;;;;;;;;;;;
6.435;12580000;2013;;;;;;;;;;;;;;
6.4375;12582500;2011;;;;;;;;;;;;;;
6.44;12585000;2027;;;;;;;;;;;;;;
6.4425;12587500;2028;;;;;;;;;;;;;;
6.445;12590000;2011;;;;;;;;;;;;;;
6.4475;12592500;2011;;;;;;;;;;;;;;
6.45;12595000;1999;;;;;;;;;;;;;;
6.4525;12597500;2013;;;;;;;;;;;;;;
6.455;12600000;2024;;;;;;;;;;;;;;
6.4575;12602500;2040;;;;;;;;;;;;;;
6.46;12605000;2030;;;;;;;;;;;;;;
6.4625;12607500;2041;;;;;;;;;;;;;;
6.465;12610000;2027;;;;;;;;;;;;;;
6.4675;12612500;2024;;;;;;;;;;;;;;
6.47;12615000;1999;;;;;;;;;;;;;;
6.4725;12617500;2010;;;;;;;;;;;;;;
6.475;12620000;2011;;;;;;;;;;;;;;
6.4775;12622500;2015;;;;;;;;;;;;;;
6.48;12625000;2016;;;;;;;;;;;;;;
6.4825;12627500;2026;;;;;;;;;;;;;;
6.485;12630000;2029;;;;;;;;;;;;;;
6.4875;12632500;2010;;;;;;;;;;;;;;
6.49;12635000;2009;;;;;;;;;;;;;;
6.4925;12637500;2014;;;;;;;;;;;;;;
6.495;12640000;2026;;;;;;;;;;;;;;
6.4975;12642500;2024;;;;;;;;;;;;;;
6.5;12645000;2024;;;;;;;;;;;;;;
6.5025;12647500;2039;;;;;;;;;;;;;;
6.505;12650000;2024;;;;;;;;;;;;;;
6.5075;12652500;2013;;;;;;;;;;;;;;
6.51;12655000;1998;;;;;;;;;;;;;;
6.5125;12657500;2000;;;;;;;;;;;;;;
6.515;12660000;2012;;;;;;;;;;;;;;
6.5175;12662500;1999;;;;;;;;;;;;;;
6.52;12665000;2030;;;;;;;;;;;;;;
6.5225;12667500;2043;;;;;;;;;;;;;;
6.525;12670000;2041;;;;;;;;;;;;;;
6.5275;12672500;2025;;;;;;;;;;;;;;
6.53;12675000;2014;;;;;;;;;;;;;;
6.5325;12677500;2027;;;;;;;;;;;;;;
6.535;12680000;2031;;;;;;;;;;;;;;
6.5375;12682500;2039;;;;;;;;;;;;;;
6.54;12685000;2043;;;;;;;;;;;;;;
6.5425;12687500;2059;;;;;;;;;;;;;;
6.545;12690000;2040;;;;;;;;;;;;;;
6.5475;12692500;2040;;;;;;;;;;;;;;
6.55;12695000;2024;;;;;;;;;;;;;;
6.5525;12697500;2008;;;;;;;;;;;;;;
6.555;12700000;2025;;;;;;;;;;;;;;
6.5575;12702500;2015;;;;;;;;;;;;;;
6.56;12705000;2041;;;;;;;;;;;;;;
6.5625;12707500;2030;;;;;;;;;;;;;;
6.565;12710000;2024;;;;;;;;;;;;;;
6.5675;12712500;2010;;;;;;;;;;;;;;
6.57;12715000;2013;;;;;;;;;;;;;;
6.5725;12717500;2012;;;;;;;;;;;;;;
6.575;12720000;2025;;;;;;;;;;;;;;
6.5775;12722500;2058;;;;;;;;;;;;;;
6.58;12725000;2038;;;;;;;;;;;;;;
6.5825;12727500;2028;;;;;;;;;;;;;;
6.585;12730000;2027;;;;;;;;;;;;;;
6.5875;12732500;2012;;;;;;;;;;;;;;
6.59;12735000;2008;;;;;;;;;;;;;;
6.5925;12737500;2013;;;;;;;;;;;;;;
6.595;12740000;1997;;;;;;;;;;;;;;
6.5975;12742500;1998;;;;;;;;;;;;;;
6.6;12745000;1997;;;;;;;;;;;;;;
6.6025;12747500;1998;;;;;;;;;;;;;;
6.605;12750000;1996;;;;;;;;;;;;;;
6.6075;12752500;1990;;;;;;;;;;;;;;
6.61;12755000;1976;;;;;;;;;;;;;;
6.6125;12757500;1998;;;;;;;;;;;;;;
6.615;12760000;2009;;;;;;;;;;;;;;
6.6175;12762500;2023;;;;;;;;;;;;;;
6.62;12765000;2014;;;;;;;;;;;;;;
6.6225;12767500;2029;;;;;;;;;;;;;;
6.625;12770000;2012;;;;;;;;;;;;;;
6.6275;12772500;2008;;;;;;;;;;;;;;
6.63;12775000;1994;;;;;;;;;;;;;;
6.6325;12777500;1994;;;;;;;;;;;;;;
6.635;12780000;1994;;;;;;;;;;;;;;
6.6375;12782500;2013;;;;;;;;;;;;;;
6.64;12785000;2024;;;;;;;;;;;;;;
6.6425;12787500;2007;;;;;;;;;;;;;;
6.645;12790000;1997;;;;;;;;;;;;;;
6.6475;12792500;1983;;;;;;;;;;;;;;
6.65;12795000;1991;;;;;;;;;;;;;;
6.6525;12797500;1984;;;;;;;;;;;;;;
6.655;12800000;1995;;;;;;;;;;;;;;
6.6575;12802500;2010;;;;;;;;;;;;;;
6.66;12805000;2011;;;;;;;;;;;;;;
6.6625;12807500;2012;;;;;;;;;;;;;;
6.665;12810000;1999;;;;;;;;;;;;;;
6.6675;12812500;1992;;;;;;;;;;;;;;
6.67;12815000;1982;;;;;;;;;;;;;;
6.6725;12817500;1996;;;;;;;;;;;;;;
6.675;12820000;1992;;;;;;;;;;;;;;
6.6775;12822500;1997;;;;;;;;;;;;;;
6.68;12825000;1994;;;;;;;;;;;;;;
6.6825;12827500;1995;;;;;;;;;;;;;;
6.685;12830000;1992;;;;;;;;;;;;;;
6.6875;12832500;1991;;;;;;;;;;;;;;
6.69;12835000;1982;;;;;;;;;;;;;;
6.6925;12837500;1994;;;;;;;;;;;;;;
6.695;12840000;1981;;;;;;;;;;;;;;
6.6975;12842500;1982;;;;;;;;;;;;;;
6.7;12845000;1998;;;;;;;;;;;;;;
6.7025;12847500;2000;;;;;;;;;;;;;;
6.705;12850000;1994;;;;;;;;;;;;;;
6.7075;12852500;1990;;;;;;;;;;;;;;
6.71;12855000;1966;;;;;;;;;;;;;;
6.7125;12857500;1960;;;;;;;;;;;;;;
6.715;12860000;1981;;;;;;;;;;;;;;
6.7175;12862500;1996;;;;;;;;;;;;;;
6.72;12865000;1997;;;;;;;;;;;;;;
6.7225;12867500;1995;;;;;;;;;;;;;;
6.725;12870000;1995;;;;;;;;;;;;;;
6.7275;12872500;1991;;;;;;;;;;;;;;
6.73;12875000;1980;;;;;;;;;;;;;;
6.7325;12877500;1981;;;;;;;;;;;;;;
6.735;12880000;1992;;;;;;;;;;;;;;
6.7375;12882500;1999;;;;;;;;;;;;;;
6.74;12885000;2010;;;;;;;;;;;;;;
6.7425;12887500;2023;;;;;;;;;;;;;;
6.745;12890000;2013;;;;;;;;;;;;;;
6.7475;12892500;1996;;;;;;;;;;;;;;
6.75;12895000;1992;;;;;;;;;;;;;;
6.7525;12897500;1976;;;;;;;;;;;;;;
6.755;12900000;1981;;;;;;;;;;;;;;
6.7575;12902500;1994;;;;;;;;;;;;;;
6.76;12905000;2010;;;;;;;;;;;;;;
6.7625;12907500;2007;;;;;;;;;;;;;;
6.765;12910000;1991;;;;;;;;;;;;;;
6.7675;12912500;1992;;;;;;;;;;;;;;
6.77;12915000;1981;;;;;;;;;;;;;;
6.7725;12917500;1992;;;;;;;;;;;;;;
6.775;12920000;1993;;;;;;;;;;;;;;
6.7775;12922500;2011;;;;;;;;;;;;;;
6.78;12925000;2008;;;;;;;;;;;;;;
6.7825;12927500;1998;;;;;;;;;;;;;;
6.785;12930000;1999;;;;;;;;;;;;;;
6.7875;12932500;1976;;;;;;;;;;;;;;
6.79;12935000;1975;;;;;;;;;;;;;;
6.7925;12937500;1977;;;;;;;;;;;;;;
6.795;12940000;1991;;;;;;;;;;;;;;
6.7975;12942500;1998;;;;;;;;;;;;;;
6.8;12945000;1997;;;;;;;;;;;;;;
6.8025;12947500;2031;;;;;;;;;;;;;;
6.805;12950000;1977;;;;;;;;;;;;;;
6.8075;12952500;1981;;;;;;;;;;;;;;
6.81;12955000;1979;;;;;;;;;;;;;;
6.8125;12957500;1965;;;;;;;;;;;;;;
6.815;12960000;1977;;;;;;;;;;;;;;
6.8175;12962500;1992;;;;;;;;;;;;;;
6.82;12965000;1998;;;;;;;;;;;;;;
6.8225;12967500;2009;;;;;;;;;;;;;;
6.825;12970000;1998;;;;;;;;;;;;;;
6.8275;12972500;1996;;;;;;;;;;;;;;
6.83;12975000;1977;;;;;;;;;;;;;;
6.8325;12977500;1995;;;;;;;;;;;;;;
6.835;12980000;2007;;;;;;;;;;;;;;
6.8375;12982500;2012;;;;;;;;;;;;;;
6.84;12985000;2012;;;;;;;;;;;;;;
6.8425;12987500;1995;;;;;;;;;;;;;;
6.845;12990000;1992;;;;;;;;;;;;;;
6.8475;12992500;1983;;;;;;;;;;;;;;
6.85;12995000;1983;;;;;;;;;;;;;;
6.8525;12997500;1993;;;;;;;;;;;;;;
6.855;13000000;1995;;;;;;;;;;;;;;
6.8575;13002500;1996;;;;;;;;;;;;;;
6.86;13005000;1993;;;;;;;;;;;;;;
6.8625;13007500;1995;;;;;;;;;;;;;;
6.865;13010000;2009;;;;;;;;;;;;;;
6.8675;13012500;2009;;;;;;;;;;;;;;
6.87;13015000;1995;;;;;;;;;;;;;;
6.8725;13017500;1993;;;;;;;;;;;;;;
6.875;13020000;1994;;;;;;;;;;;;;;
6.8775;13022500;2011;;;;;;;;;;;;;;
6.88;13025000;2015;;;;;;;;;;;;;;
6.8825;13027500;2015;;;;;;;;;;;;;;
6.885;13030000;2011;;;;;;;;;;;;;;
6.8875;13032500;1998;;;;;;;;;;;;;;
6.89;13035000;1996;;;;;;;;;;;;;;
6.8925;13037500;1980;;;;;;;;;;;;;;
6.895;13040000;1993;;;;;;;;;;;;;;
6.8975;13042500;1992;;;;;;;;;;;;;;
6.9;13045000;1992;;;;;;;;;;;;;;
6.9025;13047500;2009;;;;;;;;;;;;;;
6.905;13050000;1997;;;;;;;;;;;;;;
6.9075;13052500;1994;;;;;;;;;;;;;;
6.91;13055000;1979;;;;;;;;;;;;;;
6.9125;13057500;1977;;;;;;;;;;;;;;
6.915;13060000;1997;;;;;;;;;;;;;;
6.9175;13062500;2010;;;;;;;;;;;;;;
6.92;13065000;2011;;;;;;;;;;;;;;
6.9225;13067500;2024;;;;;;;;;;;;;;
6.925;13070000;2010;;;;;;;;;;;;;;
6.9275;13072500;2000;;;;;;;;;;;;;;
6.93;13075000;1982;;;;;;;;;;;;;;
6.9325;13077500;1991;;;;;;;;;;;;;;
6.935;13080000;1992;;;;;;;;;;;;;;
6.9375;13082500;2015;;;;;;;;;;;;;;
6.94;13085000;2014;;;;;;;;;;;;;;
6.9425;13087500;2027;;;;;;;;;;;;;;
6.945;13090000;2014;;;;;;;;;;;;;;
6.9475;13092500;2007;;;;;;;;;;;;;;
6.95;13095000;1996;;;;;;;;;;;;;;
6.9525;13097500;2007;;;;;;;;;;;;;;
6.955;13100000;2007;;;;;;;;;;;;;;
6.9575;13102500;2006;;;;;;;;;;;;;;
6.96;13105000;2012;;;;;;;;;;;;;;
6.9625;13107500;2000;;;;;;;;;;;;;;
6.965;13110000;1998;;;;;;;;;;;;;;
6.9675;13112500;1993;;;;;;;;;;;;;;
6.97;13115000;1992;;;;;;;;;;;;;;
6.9725;13117500;1980;;;;;;;;;;;;;;
6.975;13120000;1997;;;;;;;;;;;;;;
6.9775;13122500;1998;;;;;;;;;;;;;;
6.98;13125000;2023;;;;;;;;;;;;;;
6.9825;13127500;1996;;;;;;;;;;;;;;
6.985;13130000;1996;;;;;;;;;;;;;;
6.9875;13132500;1990;;;;;;;;;;;;;;
6.99;13135000;1977;;;;;;;;;;;;;;
6.9925;13137500;1992;;;;;;;;;;;;;;
6.995;13140000;1979;;;;;;;;;;;;;;
6.9975;13142500;1998;;;;;;;;;;;;;;
7.0;13145000;1999;;;;;;;;;;;;;;
7.0025;13147500;1997;;;;;;;;;;;;;;
7.005;13150000;1983;;;;;;;;;;;;;;
7.0075;13152500;1965;;;;;;;;;;;;;;
7.01;13155000;1951;;;;;;;;;;;;;;
7.0125;13157500;1945;;;;;;;;;;;;;;
7.015;13160000;1980;;;;;;;;;;;;;;
7.0175;13162500;1982;;;;;;;;;;;;;;
7.02;13165000;2008;;;;;;;;;;;;;;
7.0225;13167500;2007;;;;;;;;;;;;;;
7.025;13170000;2008;;;;;;;;;;;;;;
7.0275;13172500;1996;;;;;;;;;;;;;;
7.03;13175000;1981;;;;;;;;;;;;;;
7.0325;13177500;1977;;;;;;;;;;;;;;
7.035;13180000;1976;;;;;;;;;;;;;;
7.0375;13182500;1979;;;;;;;;;;;;;;
7.04;13185000;1978;;;;;;;;;;;;;;
7.0425;13187500;1999;;;;;;;;;;;;;;
7.045;13190000;1994;;;;;;;;;;;;;;
7.0475;13192500;1992;;;;;;;;;;;;;;
7.05;13195000;1975;;;;;;;;;;;;;;
7.0525;13197500;1977;;;;;;;;;;;;;;
7.055;13200000;1981;;;;;;;;;;;;;;
7.0575;13202500;1965;;;;;;;;;;;;;;
7.06;13205000;1975;;;;;;;;;;;;;;
7.0625;13207500;1977;;;;;;;;;;;;;;
7.065;13210000;1976;;;;;;;;;;;;;;
7.0675;13212500;1981;;;;;;;;;;;;;;
7.07;13215000;1966;;;;;;;;;;;;;;
7.0725;13217500;1968;;;;;;;;;;;;;;
7.075;13220000;1964;;;;;;;;;;;;;;
7.0775;13222500;1976;;;;;;;;;;;;;;
7.08;13225000;1999;;;;;;;;;;;;;;
7.0825;13227500;2013;;;;;;;;;;;;;;
7.085;13230000;2011;;;;;;;;;;;;;;
7.0875;13232500;1992;;;;;;;;;;;;;;
7.09;13235000;1994;;;;;;;;;;;;;;
7.0925;13237500;1980;;;;;;;;;;;;;;
7.095;13240000;1995;;;;;;;;;;;;;;
7.0975;13242500;2009;;;;;;;;;;;;;;
7.1;13245000;2014;;;;;;;;;;;;;;
7.1025;13247500;2015;;;;;;;;;;;;;;
7.105;13250000;1999;;;;;;;;;;;;;;
7.1075;13252500;1994;;;;;;;;;;;;;;
7.11;13255000;1983;;;;;;;;;;;;;;
7.1125;13257500;1995;;;;;;;;;;;;;;
7.115;13260000;2010;;;;;;;;;;;;;;
7.1175;13262500;2014;;;;;;;;;;;;;;
7.12;13265000;2026;;;;;;;;;;;;;;
7.1225;13267500;2011;;;;;;;;;;;;;;
7.125;13270000;1996;;;;;;;;;;;;;;
7.1275;13272500;1998;;;;;;;;;;;;;;
7.13;13275000;1983;;;;;;;;;;;;;;
7.1325;13277500;1984;;;;;;;;;;;;;;
7.135;13280000;1991;;;;;;;;;;;;;;
7.1375;13282500;1996;;;;;;;;;;;;;;
7.14;13285000;2013;;;;;;;;;;;;;;
7.1425;13287500;2024;;;;;;;;;;;;;;
7.145;13290000;2006;;;;;;;;;;;;;;
7.1475;13292500;1981;;;;;;;;;;;;;;
7.15;13295000;1981;;;;;;;;;;;;;;
7.1525;13297500;1992;;;;;;;;;;;;;;
7.155;13300000;1998;;;;;;;;;;;;;;
7.1575;13302500;2008;;;;;;;;;;;;;;
7.16;13305000;2010;;;;;;;;;;;;;;
7.1625;13307500;2007;;;;;;;;;;;;;;
7.165;13310000;2023;;;;;;;;;;;;;;
7.1675;13312500;1999;;;;;;;;;;;;;;
7.17;13315000;1996;;;;;;;;;;;;;;
7.1725;13317500;1978;;;;;;;;;;;;;;
7.175;13320000;1984;;;;;;;;;;;;;;
7.1775;13322500;1997;;;;;;;;;;;;;;
7.18;13325000;2014;;;;;;;;;;;;;;
7.1825;13327500;2015;;;;;;;;;;;;;;
7.185;13330000;1983;;;;;;;;;;;;;;
7.1875;13332500;1976;;;;;;;;;;;;;;
7.19;13335000;1980;;;;;;;;;;;;;;
7.1925;13337500;1991;;;;;;;;;;;;;;
7.195;13340000;1999;;;;;;;;;;;;;;
7.1975;13342500;1998;;;;;;;;;;;;;;
7.2;13345000;2026;;;;;;;;;;;;;;
7.2025;13347500;2030;;;;;;;;;;;;;;
7.205;13350000;2026;;;;;;;;;;;;;;
7.2075;13352500;1997;;;;;;;;;;;;;;
7.21;13355000;2023;;;;;;;;;;;;;;
7.2125;13357500;2023;;;;;;;;;;;;;;
7.215;13360000;2031;;;;;;;;;;;;;;
7.2175;13362500;2026;;;;;;;;;;;;;;
7.22;13365000;2040;;;;;;;;;;;;;;
7.2225;13367500;2015;;;;;;;;;;;;;;
7.225;13370000;2008;;;;;;;;;;;;;;
7.2275;13372500;2011;;;;;;;;;;;;;;
7.23;13375000;2008;;;;;;;;;;;;;;
7.2325;13377500;1998;;;;;;;;;;;;;;
7.235;13380000;2024;;;;;;;;;;;;;;
7.2375;13382500;2022;;;;;;;;;;;;;;
7.24;13385000;2043;;;;;;;;;;;;;;
7.2425;13387500;2040;;;;;;;;;;;;;;
7.245;13390000;2029;;;;;;;;;;;;;;
7.2475;13392500;2011;;;;;;;;;;;;;;
7.25;13395000;2012;;;;;;;;;;;;;;
7.2525;13397500;2024;;;;;;;;;;;;;;
7.255;13400000;2024;;;;;;;;;;;;;;
7.2575;13402500;2028;;;;;;;;;;;;;;
7.26;13405000;2042;;;;;;;;;;;;;;
7.2625;13407500;2046;;;;;;;;;;;;;;
7.265;13410000;2045;;;;;;;;;;;;;;
7.2675;13412500;2056;;;;;;;;;;;;;;
7.27;13415000;2045;;;;;;;;;;;;;;
7.2725;13417500;2046;;;;;;;;;;;;;;
7.275;13420000;2063;;;;;;;;;;;;;;
7.2775;13422500;2074;;;;;;;;;;;;;;
7.28;13425000;2087;;;;;;;;;;;;;;
7.2825;13427500;2092;;;;;;;;;;;;;;
7.285;13430000;2089;;;;;;;;;;;;;;
7.2875;13432500;2075;;;;;;;;;;;;;;
7.29;13435000;2064;;;;;;;;;;;;;;
7.2925;13437500;2077;;;;;;;;;;;;;;
7.295;13440000;2091;;;;;;;;;;;;;;
7.2975;13442500;2095;;;;;;;;;;;;;;
7.3;13445000;2104;;;;;;;;;;;;;;
7.3025;13447500;2104;;;;;;;;;;;;;;
7.305;13450000;2093;;;;;;;;;;;;;;
7.3075;13452500;2077;;;;;;;;;;;;;;
7.31;13455000;2075;;;;;;;;;;;;;;
7.3125;13457500;2075;;;;;;;;;;;;;;
7.315;13460000;2073;;;;;;;;;;;;;;
7.3175;13462500;2086;;;;;;;;;;;;;;
7.32;13465000;2094;;;;;;;;;;;;;;
7.3225;13467500;2104;;;;;;;;;;;;;;
7.325;13470000;2086;;;;;;;;;;;;;;
7.3275;13472500;2074;;;;;;;;;;;;;;
7.33;13475000;2062;;;;;;;;;;;;;;
7.3325;13477500;2072;;;;;;;;;;;;;;
7.335;13480000;2074;;;;;;;;;;;;;;
7.3375;13482500;2079;;;;;;;;;;;;;;
7.34;13485000;2091;;;;;;;;;;;;;;
7.3425;13487500;2092;;;;;;;;;;;;;;
7.345;13490000;2079;;;;;;;;;;;;;;
7.3475;13492500;2078;;;;;;;;;;;;;;
7.35;13495000;2063;;;;;;;;;;;;;;
7.3525;13497500;2064;;;;;;;;;;;;;;
7.355;13500000;2079;;;;;;;;;;;;;;
7.3575;13502500;2077;;;;;;;;;;;;;;
7.36;13505000;2089;;;;;;;;;;;;;;
7.3625;13507500;2088;;;;;;;;;;;;;;
7.365;13510000;2076;;;;;;;;;;;;;;
7.3675;13512500;2064;;;;;;;;;;;;;;
7.37;13515000;2046;;;;;;;;;;;;;;
7.3725;13517500;2056;;;;;;;;;;;;;;
7.375;13520000;2060;;;;;;;;;;;;;;
7.3775;13522500;2061;;;;;;;;;;;;;;
7.38;13525000;2063;;;;;;;;;;;;;;
7.3825;13527500;2064;;;;;;;;;;;;;;
7.385;13530000;2059;;;;;;;;;;;;;;
7.3875;13532500;2040;;;;;;;;;;;;;;
7.39;13535000;2041;;;;;;;;;;;;;;
7.3925;13537500;2031;;;;;;;;;;;;;;
7.395;13540000;2042;;;;;;;;;;;;;;
7.3975;13542500;2046;;;;;;;;;;;;;;
7.4;13545000;2059;;;;;;;;;;;;;;
7.4025;13547500;2061;;;;;;;;;;;;;;
7.405;13550000;2045;;;;;;;;;;;;;;
7.4075;13552500;2041;;;;;;;;;;;;;;
7.41;13555000;2032;;;;;;;;;;;;;;
7.4125;13557500;2025;;;;;;;;;;;;;;
7.415;13560000;2029;;;;;;;;;;;;;;
7.4175;13562500;2042;;;;;;;;;;;;;;
7.42;13565000;2046;;;;;;;;;;;;;;
7.4225;13567500;2056;;;;;;;;;;;;;;
7.425;13570000;2041;;;;;;;;;;;;;;
7.4275;13572500;2030;;;;;;;;;;;;;;
7.43;13575000;2012;;;;;;;;;;;;;;
7.4325;13577500;2023;;;;;;;;;;;;;;
7.435;13580000;2029;;;;;;;;;;;;;;
7.4375;13582500;2042;;;;;;;;;;;;;;
7.44;13585000;2043;;;;;;;;;;;;;;
7.4425;13587500;2060;;;;;;;;;;;;;;
7.445;13590000;2044;;;;;;;;;;;;;;
7.4475;13592500;2030;;;;;;;;;;;;;;
7.45;13595000;2028;;;;;;;;;;;;;;
7.4525;13597500;2025;;;;;;;;;;;;;;
7.455;13600000;2028;;;;;;;;;;;;;;
7.4575;13602500;2029;;;;;;;;;;;;;;
7.46;13605000;2047;;;;;;;;;;;;;;
7.4625;13607500;2044;;;;;;;;;;;;;;
7.465;13610000;2041;;;;;;;;;;;;;;
7.4675;13612500;2030;;;;;;;;;;;;;;
7.47;13615000;2027;;;;;;;;;;;;;;
7.4725;13617500;2014;;;;;;;;;;;;;;
7.475;13620000;2028;;;;;;;;;;;;;;
7.4775;13622500;2015;;;;;;;;;;;;;;
7.48;13625000;2041;;;;;;;;;;;;;;
7.4825;13627500;2030;;;;;;;;;;;;;;
7.485;13630000;2031;;;;;;;;;;;;;;
7.4875;13632500;2012;;;;;;;;;;;;;;
7.49;13635000;2012;;;;;;;;;;;;;;
7.4925;13637500;2013;;;;;;;;;;;;;;
7.495;13640000;1998;;;;;;;;;;;;;;
7.4975;13642500;2024;;;;;;;;;;;;;;
7.5;13645000;2027;;;;;;;;;;;;;;
7.5025;13647500;2031;;;;;;;;;;;;;;
7.505;13650000;2027;;;;;;;;;;;;;;
7.5075;13652500;2011;;;;;;;;;;;;;;
7.51;13655000;1992;;;;;;;;;;;;;;
7.5125;13657500;2014;;;;;;;;;;;;;;
7.515;13660000;2014;;;;;;;;;;;;;;
7.5175;13662500;2015;;;;;;;;;;;;;;
7.52;13665000;2016;;;;;;;;;;;;;;
7.5225;13667500;2026;;;;;;;;;;;;;;
7.525;13670000;2023;;;;;;;;;;;;;;
7.5275;13672500;2000;;;;;;;;;;;;;;
7.53;13675000;2010;;;;;;;;;;;;;;
7.5325;13677500;2009;;;;;;;;;;;;;;
7.535;13680000;2010;;;;;;;;;;;;;;
7.5375;13682500;2011;;;;;;;;;;;;;;
7.54;13685000;2016;;;;;;;;;;;;;;
7.5425;13687500;2027;;;;;;;;;;;;;;
7.545;13690000;2016;;;;;;;;;;;;;;
7.5475;13692500;2012;;;;;;;;;;;;;;
7.55;13695000;1999;;;;;;;;;;;;;;
7.5525;13697500;2010;;;;;;;;;;;;;;
7.555;13700000;2013;;;;;;;;;;;;;;
7.5575;13702500;2023;;;;;;;;;;;;;;
7.56;13705000;2028;;;;;;;;;;;;;;
7.5625;13707500;2030;;;;;;;;;;;;;;
7.565;13710000;2024;;;;;;;;;;;;;;
7.5675;13712500;2011;;;;;;;;;;;;;;
7.57;13715000;2007;;;;;;;;;;;;;;
7.5725;13717500;2013;;;;;;;;;;;;;;
7.575;13720000;2012;;;;;;;;;;;;;;
7.5775;13722500;2026;;;;;;;;;;;;;;
7.58;13725000;2028;;;;;;;;;;;;;;
7.5825;13727500;2040;;;;;;;;;;;;;;
7.585;13730000;2030;;;;;;;;;;;;;;
7.5875;13732500;2022;;;;;;;;;;;;;;
7.59;13735000;1996;;;;;;;;;;;;;;
7.5925;13737500;1998;;;;;;;;;;;;;;
7.595;13740000;2011;;;;;;;;;;;;;;
7.5975;13742500;2028;;;;;;;;;;;;;;
