timestamp_s;timestamp_us;emg_raw;imu1_timestamp_us;imu1_ax;imu1_ay;imu1_az;imu1_gx;imu1_gy;imu1_gz;imu2_timestamp_us;imu2_ax;imu2_ay;imu2_az;imu2_gx;imu2_gy;imu2_gz
0.000427;15072860;;15072860;226.127;-285.249;957.3;311.512;-146.177;67.946;15072433;323.105;161.171;934.74;1679.359;-164.973;-323.1
0.032025;15104458;;15104458;226.118;-285.614;957.527;309.062;-120.055;89.049;15104024;323.505;161.518;935.041;1722.266;-181.662;-321.82
0.047567;15120000;236;;;;;;;;;;;;;;
0.050067;15122500;158;;;;;;;;;;;;;;
0.052567;15125000;158;;;;;;;;;;;;;;
0.055067;15127500;166;;;;;;;;;;;;;;
0.057567;15130000;152;;;;;;;;;;;;;;
0.060067;15132500;174;;;;;;;;;;;;;;
0.062567;15135000;174;15135876;226.097;-285.412;957.273;316.358;-96.99;99.034;15135441;323.446;161.03;934.972;1719.277;-179.141;-325.854
0.065067;15137500;153;;;;;;;;;;;;;;
0.067567;15140000;157;;;;;;;;;;;;;;
0.070067;15142500;136;;;;;;;;;;;;;;
0.072567;15145000;153;;;;;;;;;;;;;;
0.075067;15147500;391;;;;;;;;;;;;;;
0.077567;15150000;267;;;;;;;;;;;;;;
0.080067;15152500;207;;;;;;;;;;;;;;
0.082567;15155000;167;;;;;;;;;;;;;;
0.085067;15157500;171;;;;;;;;;;;;;;
0.087567;15160000;156;;;;;;;;;;;;;;
0.090067;15162500;135;;;;;;;;;;;;;;
0.092567;15165000;135;;;;;;;;;;;;;;
0.095067;15167500;136;15167378;225.937;-285.153;956.727;308.416;-121.89;85.77;15166946;323.555;160.829;934.986;1722.564;-189.434;-322.687
0.097567;15170000;169;;;;;;;;;;;;;;
0.100067;15172500;156;;;;;;;;;;;;;;
0.102567;15175000;173;;;;;;;;;;;;;;
0.105067;15177500;153;;;;;;;;;;;;;;
0.107567;15180000;317;;;;;;;;;;;;;;
0.110067;15182500;216;;;;;;;;;;;;;;
0.112567;15185000;151;;;;;;;;;;;;;;
0.115067;15187500;142;;;;;;;;;;;;;;
0.117567;15190000;152;;;;;;;;;;;;;;
0.120067;15192500;156;;;;;;;;;;;;;;
0.122567;15195000;155;;;;;;;;;;;;;;
0.125067;15197500;152;15197419;225.888;-285.182;956.886;291.245;-143.358;75.356;15196989;323.786;160.889;935.091;1694.185;-208.4;-317.927
0.127567;15200000;158;;;;;;;;;;;;;;
0.130067;15202500;136;;;;;;;;;;;;;;
0.132567;15205000;137;;;;;;;;;;;;;;
0.135067;15207500;157;;;;;;;;;;;;;;
0.137567;15210000;1;;;;;;;;;;;;;;
0.140067;15212500;283;;;;;;;;;;;;;;
0.142567;15215000;203;;;;;;;;;;;;;;
0.145067;15217500;168;;;;;;;;;;;;;;
0.147567;15220000;159;15221203;225.916;-285.148;957.366;321.745;-105.566;92.588;15220771;323.67;161.073;935.239;1716.226;-201.043;-323.031
0.150067;15222500;126;;;;;;;;;;;;;;
0.152567;15225000;126;;;;;;;;;;;;;;
0.155067;15227500;136;;;;;;;;;;;;;;
0.157567;15230000;143;;;;;;;;;;;;;;
0.160067;15232500;171;;;;;;;;;;;;;;
0.162567;15235000;156;;;;;;;;;;;;;;
0.165067;15237500;153;;;;;;;;;;;;;;
0.167567;15240000;140;;;;;;;;;;;;;;
0.170067;15242500;357;;;;;;;;;;;;;;
0.172567;15245000;234;;;;;;;;;;;;;;
0.175067;15247500;167;;;;;;;;;;;;;;
0.177567;15250000;157;15251222;226.118;-284.512;957.108;342.845;-99.85;89.709;15250792;323.365;160.584;935.124;1712.665;-181.365;-326.567
0.180067;15252500;176;;;;;;;;;;;;;;
0.182567;15255000;175;;;;;;;;;;;;;;
0.185067;15257500;144;;;;;;;;;;;;;;
0.187567;15260000;135;;;;;;;;;;;;;;
0.190067;15262500;125;;;;;;;;;;;;;;
0.192567;15265000;127;;;;;;;;;;;;;;
0.195067;15267500;158;;;;;;;;;;;;;;
0.197567;15270000;168;;;;;;;;;;;;;;
0.200067;15272500;171;;;;;;;;;;;;;;
0.202567;15275000;299;;;;;;;;;;;;;;
0.205067;15277500;205;;;;;;;;;;;;;;
0.207567;15280000;173;15281179;226.335;-284.2;956.65;351.515;-134.67;63.786;15280748;323.319;160.515;935.234;1697.031;-184.547;-324.676
0.210067;15282500;154;;;;;;;;;;;;;;
0.212567;15285000;127;;;;;;;;;;;;;;
0.215067;15287500;154;;;;;;;;;;;;;;
0.217567;15290000;168;;;;;;;;;;;;;;
0.220067;15292500;172;;;;;;;;;;;;;;
0.222567;15295000;154;;;;;;;;;;;;;;
0.225067;15297500;170;;;;;;;;;;;;;;
0.227567;15300000;155;;;;;;;;;;;;;;
0.230067;15302500;151;;;;;;;;;;;;;;
0.232567;15305000;301;;;;;;;;;;;;;;
0.235067;15307500;189;;;;;;;;;;;;;;
0.237567;15310000;185;;;;;;;;;;;;;;
0.240067;15312500;184;15312769;226.029;-284.252;957.178;361.502;-148.061;50.972;15312339;323.233;160.517;935.241;1683.93;-194.57;-323.317
0.242567;15315000;155;;;;;;;;;;;;;;
0.245067;15317500;169;;;;;;;;;;;;;;
0.247567;15320000;139;;;;;;;;;;;;;;
0.250067;15322500;153;;;;;;;;;;;;;;
0.252567;15325000;151;;;;;;;;;;;;;;
0.255067;15327500;407;;;;;;;;;;;;;;
0.257567;15330000;267;;;;;;;;;;;;;;
0.260067;15332500;188;;;;;;;;;;;;;;
0.262567;15335000;190;;;;;;;;;;;;;;
0.265067;15337500;174;;;;;;;;;;;;;;
0.267567;15340000;158;;;;;;;;;;;;;;
0.270067;15342500;137;;;;;;;;;;;;;;
0.272567;15345000;135;15344368;225.909;-284.454;957.838;353.052;-132.783;57.611;15343929;323.151;160.641;935.418;1693.796;-186.591;-329.026
0.275067;15347500;154;;;;;;;;;;;;;;
0.277567;15350000;169;;;;;;;;;;;;;;
0.280067;15352500;154;;;;;;;;;;;;;;
0.282567;15355000;157;;;;;;;;;;;;;;
0.285067;15357500;382;;;;;;;;;;;;;;
0.287567;15360000;232;;;;;;;;;;;;;;
0.290067;15362500;183;;;;;;;;;;;;;;
0.292567;15365000;138;;;;;;;;;;;;;;
0.295067;15367500;139;;;;;;;;;;;;;;
0.297567;15370000;141;;;;;;;;;;;;;;
0.300067;15372500;174;;;;;;;;;;;;;;
0.302567;15375000;157;15375771;225.813;-284.225;957.984;363.837;-95.519;74.855;15375349;323.048;160.539;935.55;1706.231;-179.449;-334.887
0.305067;15377500;153;;;;;;;;;;;;;;
0.307567;15380000;139;;;;;;;;;;;;;;
0.310067;15382500;128;;;;;;;;;;;;;;
0.312567;15385000;126;;;;;;;;;;;;;;
0.315067;15387500;379;;;;;;;;;;;;;;
0.317567;15390000;264;;;;;;;;;;;;;;
0.320067;15392500;187;;;;;;;;;;;;;;
0.322567;15395000;171;;;;;;;;;;;;;;
0.325067;15397500;154;;;;;;;;;;;;;;
0.327567;15400000;142;;;;;;;;;;;;;;
0.330067;15402500;136;;;;;;;;;;;;;;
0.332567;15405000;125;;;;;;;;;;;;;;
0.335067;15407500;138;15407287;226.1;-283.982;957.366;367.52;-102.118;66.3;15406853;323.134;160.344;935.572;1701.857;-187.539;-328.643
0.337567;15410000;168;;;;;;;;;;;;;;
0.340067;15412500;154;;;;;;;;;;;;;;
0.342567;15415000;156;;;;;;;;;;;;;;
0.345067;15417500;144;;;;;;;;;;;;;;
0.347567;15420000;313;;;;;;;;;;;;;;
0.350067;15422500;215;;;;;;;;;;;;;;
0.352567;15425000;168;;;;;;;;;;;;;;
0.355067;15427500;166;;;;;;;;;;;;;;
0.357567;15430000;153;;;;;;;;;;;;;;
0.360067;15432500;174;;;;;;;;;;;;;;
0.362567;15435000;176;;;;;;;;;;;;;;
0.365067;15437500;171;15437330;226.166;-283.978;957.145;365.769;-135.075;46.36;15436895;323.094;160.342;935.641;1687.639;-188.225;-326.211
0.367567;15440000;158;;;;;;;;;;;;;;
0.370067;15442500;152;;;;;;;;;;;;;;
0.372567;15445000;151;;;;;;;;;;;;;;
0.375067;15447500;139;;;;;;;;;;;;;;
0.377567;15450000;4;;;;;;;;;;;;;;
0.380067;15452500;299;;;;;;;;;;;;;;
0.382567;15455000;222;;;;;;;;;;;;;;
0.385067;15457500;185;;;;;;;;;;;;;;
0.387567;15460000;141;;;;;;;;;;;;;;
0.390067;15462500;152;;;;;;;;;;;;;;
0.392567;15465000;127;;;;;;;;;;;;;;
0.395067;15467500;126;;;;;;;;15468487;323.092;160.414;935.884;1687.257;-181.439;-326.088
0.397567;15470000;166;15468919;225.923;-284.315;957.642;362.793;-134.446;48.854;;;;;;;
0.400067;15472500;153;;;;;;;;;;;;;;
0.402567;15475000;170;;;;;;;;;;;;;;
0.405067;15477500;151;;;;;;;;;;;;;;
0.407567;15480000;156;;;;;;;;;;;;;;
0.410067;15482500;361;;;;;;;;;;;;;;
0.412567;15485000;203;;;;;;;;;;;;;;
0.415067;15487500;182;;;;;;;;;;;;;;
0.417567;15490000;154;;;;;;;;;;;;;;
0.420067;15492500;156;;;;;;;;;;;;;;
0.422567;15495000;173;;;;;;;;;;;;;;
0.425067;15497500;142;;;;;;;;;;;;;;
0.427567;15500000;156;15500422;225.704;-284.575;958.084;366.529;-115.911;59.099;15499991;323.102;160.482;935.981;1694.332;-189.867;-330.346
0.430067;15502500;126;;;;;;;;;;;;;;
0.432567;15505000;144;;;;;;;;;;;;;;
0.435067;15507500;156;;;;;;;;;;;;;;
0.437567;15510000;150;;;;;;;;;;;;;;
0.440067;15512500;174;;;;;;;;;;;;;;
0.442567;15515000;297;;;;;;;;;;;;;;
0.445067;15517500;202;;;;;;;;;;;;;;
0.447567;15520000;155;;;;;;;;;;;;;;
0.450067;15522500;135;;;;;;;;;;;;;;
0.452567;15525000;152;;;;;;;;;;;;;;
0.455067;15527500;152;;;;;;;;;;;;;;
0.457567;15530000;139;;;;;;;;;;;;;;
0.460067;15532500;152;15532020;225.795;-284.571;957.925;376.202;-93.053;71.457;15531582;323.13;160.32;936.005;1700.615;-195.686;-330.454
0.462567;15535000;153;;;;;;;;;;;;;;
0.465067;15537500;169;;;;;;;;;;;;;;
0.467567;15540000;156;;;;;;;;;;;;;;
0.470067;15542500;135;;;;;;;;;;;;;;
0.472567;15545000;281;;;;;;;;;;;;;;
0.475067;15547500;189;;;;;;;;;;;;;;
0.477567;15550000;185;;;;;;;;;;;;;;
0.480067;15552500;184;;;;;;;;;;;;;;
0.482567;15555000;176;;;;;;;;;;;;;;
0.485067;15557500;155;;;;;;;;;;;;;;
0.487567;15560000;140;;;;;;;;;;;;;;
0.490067;15562500;153;15563336;226.077;-284.489;957.413;377.954;-104.588;64.384;15562914;322.999;160.082;935.9;1693.459;-191.152;-330.118
0.492567;15565000;153;;;;;;;;;;;;;;
0.495067;15567500;137;;;;;;;;;;;;;;
0.497567;15570000;150;;;;;;;;;;;;;;
0.500067;15572500;154;;;;;;;;;;;;;;
0.502567;15575000;58;;;;;;;;;;;;;;
0.505067;15577500;278;;;;;;;;;;;;;;
0.507567;15580000;173;;;;;;;;;;;;;;
0.510067;15582500;140;;;;;;;;;;;;;;
0.512567;15585000;127;;;;;;;;;;;;;;
0.515067;15587500;155;;;;;;;;;;;;;;
0.517567;15590000;151;;;;;;;;;;;;;;
0.520067;15592500;155;15593390;225.998;-284.55;957.379;377.869;-129.984;50.227;15592956;322.843;160.026;935.917;1680.536;-190.344;-326.3
0.522567;15595000;156;;;;;;;;;;;;;;
0.525067;15597500;152;;;;;;;;;;;;;;
0.527567;15600000;155;;;;;;;;;;;;;;
0.530067;15602500;153;;;;;;;;;;;;;;
0.532567;15605000;143;;;;;;;;;;;;;;
0.535067;15607500;330;;;;;;;;;;;;;;
0.537567;15610000;234;;;;;;;;;;;;;;
0.540067;15612500;175;;;;;;;;;;;;;;
0.542567;15615000;185;15615596;226.001;-284.591;957.761;386.976;-107.734;60.841;15615168;322.823;160.071;935.932;1692.76;-194.389;-330.11
0.545067;15617500;171;;;;;;;;;;;;;;
0.547567;15620000;158;;;;;;;;;;;;;;
0.550067;15622500;152;;;;;;;;;;;;;;
0.552567;15625000;125;;;;;;;;;;;;;;
0.555067;15627500;155;;;;;;;;;;;;;;
0.557567;15630000;168;;;;;;;;;;;;;;
0.560067;15632500;174;;;;;;;;;;;;;;
0.562567;15635000;182;;;;;;;;;;;;;;
0.565067;15637500;0;;;;;;;;;;;;;;
0.567567;15640000;286;;;;;;;;;;;;;;
0.570067;15642500;200;;;;;;;;;;;;;;
0.572567;15645000;169;;;;;;;;;;;;;;
0.575067;15647500;158;15647193;226.175;-284.538;957.556;395.189;-91.848;68.299;15646759;322.798;159.948;935.813;1690.372;-192.545;-331.98
0.577567;15650000;151;;;;;;;;;;;;;;
0.580067;15652500;156;;;;;;;;;;;;;;
0.582567;15655000;156;;;;;;;;;;;;;;
0.585067;15657500;152;;;;;;;;;;;;;;
0.587567;15660000;158;;;;;;;;;;;;;;
0.590067;15662500;126;;;;;;;;;;;;;;
0.592567;15665000;152;;;;;;;;;;;;;;
0.595067;15667500;156;;;;;;;;;;;;;;
0.597567;15670000;352;;;;;;;;;;;;;;
0.600067;15672500;264;;;;;;;;;;;;;;
0.602567;15675000;188;;;;;;;;;;;;;;
0.605067;15677500;186;15677143;226.499;-284.548;957.222;392.055;-109.13;57.009;15676715;322.823;159.942;935.712;1675.853;-186.418;-331.568
0.607567;15680000;167;;;;;;;;;;;;;;
0.610067;15682500;154;;;;;;;;;;;;;;
0.612567;15685000;135;;;;;;;;;;;;;;
0.615067;15687500;138;;;;;;;;;;;;;;
0.617567;15690000;168;;;;;;;;;;;;;;
0.620067;15692500;175;;;;;;;;;;;;;;
0.622567;15695000;157;;;;;;;;;;;;;;
0.625067;15697500;155;;;;;;;;;;;;;;
0.627567;15700000;352;;;;;;;;;;;;;;
0.630067;15702500;234;;;;;;;;;;;;;;
0.632567;15705000;174;;;;;;;;;;;;;;
0.635067;15707500;141;15708741;226.331;-284.625;957.276;387.765;-128.611;48.471;15708307;322.768;160.094;935.792;1670.373;-188.034;-329.427
0.637567;15710000;143;;;;;;;;;;;;;;
0.640067;15712500;153;;;;;;;;;;;;;;
0.642567;15715000;172;;;;;;;;;;;;;;
0.645067;15717500;172;;;;;;;;;;;;;;
0.647567;15720000;157;;;;;;;;;;;;;;
0.650067;15722500;330;;;;;;;;;;;;;;
0.652567;15725000;202;;;;;;;;;;;;;;
0.655067;15727500;156;;;;;;;;;;;;;;
0.657567;15730000;170;;;;;;;;;;;;;;
0.660067;15732500;156;;;;;;;;;;;;;;
0.662567;15735000;158;;;;;;;;;;;;;;
0.665067;15737500;152;;;;;;;;;;;;;;
0.667567;15740000;156;15740327;226.153;-284.881;957.651;392.001;-116.056;56.547;15739897;322.825;160.178;935.875;1675.229;-193.945;-330.456
0.670067;15742500;136;;;;;;;;;;;;;;
0.672567;15745000;135;;;;;;;;;;;;;;
0.675067;15747500;138;;;;;;;;;;;;;;
0.677567;15750000;143;;;;;;;;;;;;;;
0.680067;15752500;174;;;;;;;;;;;;;;
0.682567;15755000;295;;;;;;;;;;;;;;
0.685067;15757500;202;;;;;;;;;;;;;;
0.687567;15760000;155;;;;;;;;;;;;;;
0.690067;15762500;139;;;;;;;;;;;;;;
0.692567;15765000;153;;;;;;;;;;;;;;
0.695067;15767500;137;;;;;;;;;;;;;;
0.697567;15770000;169;;;;;;;;;;;;;;
0.700067;15772500;172;15771921;225.99;-285.015;957.794;395.151;-94.065;68.157;15771489;322.885;160.343;935.917;1686.405;-195.185;-334.933
0.702567;15775000;173;;;;;;;;;;;;;;
0.705067;15777500;153;;;;;;;;;;;;;;
0.707567;15780000;158;;;;;;;;;;;;;;
0.710067;15782500;153;;;;;;;;;;;;;;
0.712567;15785000;268;;;;;;;;;;;;;;
0.715067;15787500;202;;;;;;;;;;;;;;
0.717567;15790000;159;;;;;;;;;;;;;;
0.720067;15792500;183;;;;;;;;;;;;;;
0.722567;15795000;156;;;;;;;;;;;;;;
0.725067;15797500;170;;;;;;;;;;;;;;
0.727567;15800000;158;;;;;;;;;;;;;;
0.730067;15802500;127;15803251;226.165;-285.008;957.497;399.456;-86.3;72.625;15802821;322.827;160.189;935.835;1693.522;-189.363;-334.811
0.732567;15805000;127;;;;;;;;;;;;;;
0.735067;15807500;154;;;;;;;;;;;;;;
0.737567;15810000;166;;;;;;;;;;;;;;
0.740067;15812500;172;;;;;;;;;;;;;;
0.742567;15815000;382;;;;;;;;;;;;;;
0.745067;15817500;240;;;;;;;;;;;;;;
0.747567;15820000;190;;;;;;;;;;;;;;
0.750067;15822500;168;;;;;;;;;;;;;;
0.752567;15825000;155;;;;;;;;;;;;;;
0.755067;15827500;138;;;;;;;;;;;;;;
0.757567;15830000;152;;;;;;;;;;;;;;
0.760067;15832500;155;15833209;226.306;-285.135;957.165;398.734;-105.61;65.056;15832775;322.893;160.183;935.843;1681.034;-192.583;-332.071
0.762567;15835000;175;;;;;;;;;;;;;;
0.765067;15837500;171;;;;;;;;;;;;;;
0.767567;15840000;140;;;;;;;;;;;;;;
0.770067;15842500;152;;;;;;;;;;;;;;
0.772567;15845000;151;;;;;;;;;;;;;;
0.775067;15847500;342;;;;;;;;;;;;;;
0.777567;15850000;232;;;;;;;;;;;;;;
0.780067;15852500;172;;;;;;;;;;;;;;
0.782567;15855000;185;15855416;226.245;-285.189;957.466;407.672;-87.204;71.866;15854988;322.944;160.22;935.837;1686.232;-193.454;-334.28
0.785067;15857500;153;;;;;;;;;;;;;;
0.787567;15860000;139;;;;;;;;;;;;;;
0.790067;15862500;126;;;;;;;;;;;;;;
0.792567;15865000;126;;;;;;;;;;;;;;
0.795067;15867500;155;;;;;;;;;;;;;;
0.797567;15870000;141;;;;;;;;;;;;;;
0.800067;15872500;172;;;;;;;;;;;;;;
0.802567;15875000;155;;;;;;;;;;;;;;
0.805067;15877500;1;;;;;;;;;;;;;;
0.807567;15880000;285;;;;;;;;;;;;;;
0.810067;15882500;174;;;;;;;;;;;;;;
0.812567;15885000;167;;;;;;;;;;;;;;
0.815067;15887500;140;15886927;226.291;-285.277;957.484;411.351;-71.469;82.71;15886493;322.833;160.2;935.881;1692.045;-190.343;-331.566
0.817567;15890000;150;;;;;;;;;;;;;;
0.820067;15892500;173;;;;;;;;;;;;;;
0.822567;15895000;174;;;;;;;;;;;;;;
0.825067;15897500;173;;;;;;;;;;;;;;
0.827567;15900000;142;;;;;;;;;;;;;;
0.830067;15902500;127;;;;;;;;;;;;;;
0.832567;15905000;152;;;;;;;;;;;;;;
0.835067;15907500;154;;;;;;;;;;;;;;
0.837567;15910000;350;;;;;;;;;;;;;;
0.840067;15912500;234;;;;;;;;;;;;;;
0.842567;15915000;183;;;;;;;;;;;;;;
0.845067;15917500;180;15916697;226.432;-285.201;957.294;412.221;-84.958;73.762;15916275;322.802;160.132;935.893;1691.443;-189.139;-332.925
0.847567;15920000;141;;;;;;;;;;;;;;
0.850067;15922500;128;;;;;;;;;;;;;;
0.852567;15925000;126;;;;;;;;;;;;;;
0.855067;15927500;135;;;;;;;;;;;;;;
0.857567;15930000;159;;;;;;;;;;;;;;
0.860067;15932500;153;;;;;;;;;;;;;;
0.862567;15935000;155;;;;;;;;;;;;;;
0.865067;15937500;154;;;;;;;;;;;;;;
0.867567;15940000;344;;;;;;;;;;;;;;
0.870067;15942500;223;;;;;;;;;;;;;;
0.872567;15945000;155;;;;;;;;;;;;;;
0.875067;15947500;141;15948045;226.365;-285.063;957.186;411.297;-101.273;63.949;15947606;322.833;160.043;935.903;1682.996;-190.182;-331.591
0.877567;15950000;152;;;;;;;;;;;;;;
0.880067;15952500;172;;;;;;;;;;;;;;
0.882567;15955000;157;;;;;;;;;;;;;;
0.885067;15957500;174;;;;;;;;;;;;;;
0.887567;15960000;140;;;;;;;;;;;;;;
0.890067;15962500;335;;;;;;;;;;;;;;
0.892567;15965000;216;;;;;;;;;;;;;;
0.895067;15967500;154;;;;;;;;;;;;;;
0.897567;15970000;171;;;;;;;;;;;;;;
0.900067;15972500;155;;;;;;;;;;;;;;
0.902567;15975000;173;;;;;;;;;;;;;;
0.905067;15977500;170;;;;;;;;;;;;;;
0.907567;15980000;139;15979619;226.308;-285.072;957.279;418.295;-105.396;59.876;15979197;322.856;160.062;935.926;1680.659;-186.36;-333.824
0.910067;15982500;152;;;;;;;;;;;;;;
0.912567;15985000;134;;;;;;;;;;;;;;
0.915067;15987500;153;;;;;;;;;;;;;;
0.917567;15990000;166;;;;;;;;;;;;;;
0.920067;15992500;0;;;;;;;;;;;;;;
0.922567;15995000;300;;;;;;;;;;;;;;
0.925067;15997500;200;;;;;;;;;;;;;;
0.927567;16000000;173;;;;;;;;;;;;;;
0.930067;16002500;156;;;;;;;;;;;;;;
0.932567;16005000;128;;;;;;;;;;;;;;
0.935067;16007500;137;;;;;;;;;;;;;;
0.937567;16010000;142;16011223;226.296;-285.159;957.373;420.13;-97.502;65.195;16010788;322.897;160.178;935.91;1683.251;-183.167;-332.008
0.940067;16012500;152;;;;;;;;;;;;;;
0.942567;16015000;172;;;;;;;;;;;;;;
0.945067;16017500;152;;;;;;;;;;;;;;
0.947567;16020000;159;;;;;;;;;;;;;;
0.950067;16022500;0;;;;;;;;;;;;;;
0.952567;16025000;247;;;;;;;;;;;;;;
0.955067;16027500;188;;;;;;;;;;;;;;
0.957567;16030000;153;;;;;;;;;;;;;;
0.960067;16032500;174;;;;;;;;;;;;;;
0.962567;16035000;173;;;;;;;;;;;;;;
0.965067;16037500;152;;;;;;;;;;;;;;
0.967567;16040000;140;;;;;;;;;;;;;;
0.970067;16042500;135;16042727;226.43;-285.163;957.346;422.749;-89.564;69.81;16042292;322.868;160.154;935.859;1683.088;-182.759;-330.72
0.972567;16045000;144;;;;;;;;;;;;;;
0.975067;16047500;136;;;;;;;;;;;;;;
0.977567;16050000;140;;;;;;;;;;;;;;
0.980067;16052500;153;;;;;;;;;;;;;;
0.982567;16055000;342;;;;;;;;;;;;;;
0.985067;16057500;240;;;;;;;;;;;;;;
0.987567;16060000;167;;;;;;;;;;;;;;
0.990067;16062500;141;;;;;;;;;;;;;;
0.992567;16065000;137;;;;;;;;;;;;;;
0.995067;16067500;137;;;;;;;;;;;;;;
0.997567;16070000;168;;;;;;;;;;;;;;
1.000067;16072500;173;16072682;226.504;-285.051;957.26;426.111;-92.086;67.632;16072248;323.012;160.138;935.81;1678.559;-184.996;-329.497
1.002567;16075000;154;;;;;;;;;;;;;;
1.005067;16077500;144;;;;;;;;;;;;;;
1.007567;16080000;140;;;;;;;;;;;;;;
1.010067;16082500;151;;;;;;;;;;;;;;
1.012567;16085000;139;;;;;;;;;;;;;;
1.015067;16087500;268;;;;;;;;;;;;;;
1.017567;16090000;200;;;;;;;;;;;;;;
1.020067;16092500;171;;;;;;;;;;;;;;
1.022567;16095000;185;16094801;226.409;-285.054;957.502;428.431;-95.794;66.438;16094374;323.038;160.219;935.856;1672.943;-184.934;-328.334
1.025067;16097500;153;;;;;;;;;;;;;;
1.027567;16100000;141;;;;;;;;;;;;;;
1.030067;16102500;135;;;;;;;;;;;;;;
1.032567;16105000;133;;;;;;;;;;;;;;
1.035067;16107500;136;;;;;;;;;;;;;;
1.037567;16110000;160;;;;;;;;;;;;;;
1.040067;16112500;172;;;;;;;;;;;;;;
1.042567;16115000;155;;;;;;;;;;;;;;
1.045067;16117500;382;;;;;;;;;;;;;;
1.047567;16120000;254;16120081;226.306;-285.045;957.439;435.447;-88.817;68.804;16119640;323.137;160.236;935.85;1675.921;-180.499;-328.105
1.050067;16122500;168;;;;;;;;;;;;;;
1.052567;16125000;159;;;;;;;;;;;;;;
1.055067;16127500;157;;;;;;;;;;;;;;
1.057567;16130000;160;;;;;;;;;;;;;;
1.060067;16132500;155;;;;;;;;;;;;;;
1.062567;16135000;174;;;;;;;;;;;;;;
1.065067;16137500;171;;;;;;;;;;;;;;
1.067567;16140000;166;;;;;;;;;;;;;;
1.070067;16142500;153;;;;;;;;;;;;;;
1.072567;16145000;127;;;;;;;;;;;;;;
1.075067;16147500;155;16146877;226.306;-285.036;957.269;438.612;-97.501;62.301;16146455;323.084;160.233;935.985;1673.5;-182.412;-326.575
1.077567;16150000;336;;;;;;;;;;;;;;
1.080067;16152500;240;;;;;;;;;;;;;;
1.082567;16155000;200;;;;;;;;;;;;;;
1.085067;16157500;157;;;;;;;;;;;;;;
1.087567;16160000;168;;;;;;;;;;;;;;
1.090067;16162500;137;;;;;;;;;;;;;;
1.092567;16165000;153;;;;;;;;;;;;;;
1.095067;16167500;156;;;;;;;;;;;;;;
1.097567;16170000;142;;;;;;;;;;;;;;
1.100067;16172500;172;;;;;;;;;;;;;;
1.102567;16175000;156;;;;;;;;;;;;;;
1.105067;16177500;156;16178224;226.386;-285.095;957.315;439.869;-104.876;55.686;16177786;323.003;160.249;935.948;1667.7;-182.041;-327.309
1.107567;16180000;327;;;;;;;;;;;;;;
1.110067;16182500;187;;;;;;;;;;;;;;
1.112567;16185000;168;;;;;;;;;;;;;;
1.115067;16187500;136;;;;;;;;;;;;;;
1.117567;16190000;151;;;;;;;;;;;;;;
1.120067;16192500;172;;;;;;;;;;;;;;
1.122567;16195000;173;;;;;;;;;;;;;;
1.125067;16197500;154;;;;;;;;;;;;;;
1.127567;16200000;141;;;;;;;;;;;;;;
1.130067;16202500;279;;;;;;;;;;;;;;
1.132567;16205000;202;;;;;;;;;;;;;;
1.135067;16207500;143;;;;;;;;;;;;;;
1.137567;16210000;168;16209799;226.242;-285.059;957.462;443.25;-104.007;53.777;16209377;323.067;160.338;935.98;1661.752;-179.502;-327.131
1.140067;16212500;152;;;;;;;;;;;;;;
1.142567;16215000;157;;;;;;;;;;;;;;
1.145067;16217500;152;;;;;;;;;;;;;;
1.147567;16220000;140;;;;;;;;;;;;;;
1.150067;16222500;127;;;;;;;;;;;;;;
1.152567;16225000;135;;;;;;;;;;;;;;
1.155067;16227500;301;;;;;;;;;;;;;;
1.157567;16230000;203;;;;;;;;;;;;;;
1.160067;16232500;171;;;;;;;;;;;;;;
1.162567;16235000;158;;;;;;;;;;;;;;
1.165067;16237500;154;;;;;;;;;;;;;;
1.167567;16240000;167;16239857;226.123;-285.019;957.438;444.713;-97.932;56.338;16239418;323.018;160.416;936.042;1663.54;-177.964;-330.462
1.170067;16242500;136;;;;;;;;;;;;;;
1.172567;16245000;126;;;;;;;;;;;;;;
1.175067;16247500;153;;;;;;;;;;;;;;
1.177567;16250000;141;;;;;;;;;;;;;;
1.180067;16252500;0;;;;;;;;;;;;;;
1.182567;16255000;280;;;;;;;;;;;;;;
1.185067;16257500;198;;;;;;;;;;;;;;
1.187567;16260000;174;;;;;;;;;;;;;;
1.190067;16262500;137;;;;;;;;;;;;;;
1.192567;16265000;136;;;;;;;;;;;;;;
1.195067;16267500;136;;;;;;;;;;;;;;
1.197567;16270000;143;;;;;;;;16270924;322.983;160.361;936.033;1670.05;-176.941;-328.814
1.200067;16272500;171;16271346;226.358;-284.993;957.304;446.102;-100.473;58.771;;;;;;;
1.202567;16275000;155;;;;;;;;;;;;;;
1.205067;16277500;152;;;;;;;;;;;;;;
1.207567;16280000;141;;;;;;;;;;;;;;
1.210067;16282500;128;;;;;;;;;;;;;;
1.212567;16285000;361;;;;;;;;;;;;;;
1.215067;16287500;215;;;;;;;;;;;;;;
1.217567;16290000;170;;;;;;;;;;;;;;
1.220067;16292500;176;;;;;;;;;;;;;;
1.222567;16295000;172;;;;;;;;;;;;;;
1.225067;16297500;153;;;;;;;;;;;;;;
1.227567;16300000;156;;;;;;;;;;;;;;
1.230067;16302500;125;16302950;226.289;-285.048;957.318;445.672;-105.949;54.082;16302515;322.962;160.389;935.987;1671.86;-176.844;-326.81
1.232567;16305000;151;;;;;;;;;;;;;;
1.235067;16307500;155;;;;;;;;;;;;;;
1.237567;16310000;141;;;;;;;;;;;;;;
1.240067;16312500;155;;;;;;;;;;;;;;
1.242567;16315000;174;;;;;;;;;;;;;;
1.245067;16317500;313;;;;;;;;;;;;;;
1.247567;16320000;208;;;;;;;;;;;;;;
1.250067;16322500;150;;;;;;;;;;;;;;
1.252567;16325000;136;;;;;;;;;;;;;;
1.255067;16327500;127;;;;;;;;;;;;;;
1.257567;16330000;159;;;;;;;;;;;;;;
1.260067;16332500;170;;;;;;;;;;;;;;
1.262567;16335000;154;16334541;226.271;-285.174;957.416;442.638;-109.402;51.378;16334105;323.04;160.33;936.012;1671.83;-175.439;-324.47
1.265067;16337500;151;;;;;;;;;;;;;;
1.267567;16340000;139;;;;;;;;;;;;;;
1.270067;16342500;126;;;;;;;;;;;;;;
1.272567;16345000;151;;;;;;;;;;;;;;
1.275067;16347500;287;;;;;;;;;;;;;;
1.277567;16350000;202;;;;;;;;;;;;;;
1.280067;16352500;171;;;;;;;;;;;;;;
1.282567;16355000;158;;;;;;;;;;;;;;
1.285067;16357500;172;;;;;;;;;;;;;;
1.287567;16360000;140;;;;;;;;;;;;;;
1.290067;16362500;152;;;;;;;;;;;;;;
1.292567;16365000;151;16366130;226.316;-285.317;957.357;442.381;-108.307;52.309;16365698;323.09;160.39;936.041;1677.926;-176.73;-326.184
1.295067;16367500;152;;;;;;;;;;;;;;
1.297567;16370000;160;;;;;;;;;;;;;;
1.300067;16372500;153;;;;;;;;;;;;;;
1.302567;16375000;174;;;;;;;;;;;;;;
1.305067;16377500;394;;;;;;;;;;;;;;
1.307567;16380000;237;;;;;;;;;;;;;;
1.310067;16382500;158;;;;;;;;;;;;;;
1.312567;16385000;137;;;;;;;;;;;;;;
1.315067;16387500;156;;;;;;;;;;;;;;
1.317567;16390000;158;;;;;;;;;;;;;;
1.320067;16392500;155;;;;;;;;;;;;;;
1.322567;16395000;156;16396171;226.291;-285.356;957.356;443.887;-105.954;54.069;16395741;323.131;160.398;936.081;1678.904;-180.581;-325.625
1.325067;16397500;154;;;;;;;;;;;;;;
1.327567;16400000;158;;;;;;;;;;;;;;
1.330067;16402500;153;;;;;;;;;;;;;;
1.332567;16405000;127;;;;;;;;;;;;;;
1.335067;16407500;137;;;;;;;;;;;;;;
1.337567;16410000;331;;;;;;;;;;;;;;
1.340067;16412500;247;;;;;;;;;;;;;;
1.342567;16415000;203;;;;;;;;;;;;;;
1.345067;16417500;184;;;;;;;;;;;;;;
1.347567;16420000;143;16419955;226.292;-285.283;957.318;445.318;-108.094;53.115;16419523;323.048;160.418;936.015;1676.334;-175.927;-322.468
1.350067;16422500;137;;;;;;;;;;;;;;
1.352567;16425000;126;;;;;;;;;;;;;;
1.355067;16427500;136;;;;;;;;;;;;;;
1.357567;16430000;150;;;;;;;;;;;;;;
1.360067;16432500;154;;;;;;;;;;;;;;
1.362567;16435000;156;;;;;;;;;;;;;;
1.365067;16437500;173;;;;;;;;;;;;;;
1.367567;16440000;272;;;;;;;;;;;;;;
1.370067;16442500;265;;;;;;;;;;;;;;
1.372567;16445000;173;;;;;;;;;;;;;;
1.375067;16447500;144;;;;;;;;;;;;;;
1.377567;16450000;169;16449974;226.098;-285.317;957.398;447.552;-107.064;51.335;16449544;322.95;160.455;936.086;1681.767;-173.255;-323.845
1.380067;16452500;172;;;;;;;;;;;;;;
1.382567;16455000;155;;;;;;;;;;;;;;
1.385067;16457500;153;;;;;;;;;;;;;;
1.387567;16460000;140;;;;;;;;;;;;;;
1.390067;16462500;126;;;;;;;;;;;;;;
1.392567;16465000;127;;;;;;;;;;;;;;
1.395067;16467500;153;;;;;;;;;;;;;;
1.397567;16470000;140;;;;;;;;;;;;;;
1.400067;16472500;397;;;;;;;;;;;;;;
1.402567;16475000;268;;;;;;;;;;;;;;
1.405067;16477500;206;;;;;;;;;;;;;;
1.407567;16480000;172;16480019;226.218;-285.313;957.352;449.674;-109.586;46.143;16479586;323.066;160.387;936.136;1680.804;-177.718;-320.34
1.410067;16482500;140;;;;;;;;;;;;;;
1.412567;16485000;153;;;;;;;;;;;;;;
1.415067;16487500;139;;;;;;;;;;;;;;
1.417567;16490000;168;;;;;;;;;;;;;;
1.420067;16492500;154;;;;;;;;;;;;;;
1.422567;16495000;175;;;;;;;;;;;;;;
1.425067;16497500;173;;;;;;;;;;;;;;
1.427567;16500000;143;;;;;;;;;;;;;;
1.430067;16502500;395;;;;;;;;;;;;;;
1.432567;16505000;238;;;;;;;;;;;;;;
1.435067;16507500;184;;;;;;;;;;;;;;
1.437567;16510000;169;;;;;;;;16511178;323.035;160.31;936.037;1676.389;-176.269;-322.698
1.440067;16512500;155;16511608;226.272;-285.242;957.278;452.128;-108.481;44.273;;;;;;;
1.442567;16515000;175;;;;;;;;;;;;;;
1.445067;16517500;173;;;;;;;;;;;;;;
1.447567;16520000;167;;;;;;;;;;;;;;
1.450067;16522500;153;;;;;;;;;;;;;;
1.452567;16525000;127;;;;;;;;;;;;;;
1.455067;16527500;312;;;;;;;;;;;;;;
1.457567;16530000;220;;;;;;;;;;;;;;
1.460067;16532500;190;;;;;;;;;;;;;;
1.462567;16535000;186;;;;;;;;;;;;;;
1.465067;16537500;155;;;;;;;;;;;;;;
1.467567;16540000;167;;;;;;;;;;;;;;
1.470067;16542500;152;16543202;226.371;-285.278;957.263;452.272;-108.307;46.872;16542768;323.048;160.273;935.998;1668.694;-174.893;-321.876
1.472567;16545000;152;;;;;;;;;;;;;;
1.475067;16547500;154;;;;;;;;;;;;;;
1.477567;16550000;142;;;;;;;;;;;;;;
1.480067;16552500;156;;;;;;;;;;;;;;
1.482567;16555000;174;;;;;;;;;;;;;;
1.485067;16557500;327;;;;;;;;;;;;;;
1.487567;16560000;200;;;;;;;;;;;;;;
1.490067;16562500;152;;;;;;;;;;;;;;
1.492567;16565000;134;;;;;;;;;;;;;;
1.495067;16567500;136;;;;;;;;;;;;;;
1.497567;16570000;141;;;;;;;;;;;;;;
1.500067;16572500;152;;;;;;;;;;;;;;
1.502567;16575000;154;16574788;226.332;-285.313;957.175;454.158;-109.454;47.154;16574361;323.097;160.232;935.899;1668.822;-176.211;-322.844
1.505067;16577500;174;;;;;;;;;;;;;;
1.507567;16580000;141;;;;;;;;;;;;;;
1.510067;16582500;136;;;;;;;;;;;;;;
1.512567;16585000;126;;;;;;;;;;;;;;
1.515067;16587500;294;;;;;;;;;;;;;;
1.517567;16590000;219;;;;;;;;;;;;;;
1.520067;16592500;171;;;;;;;;;;;;;;
1.522567;16595000;168;;;;;;;;;;;;;;
1.525067;16597500;157;;;;;;;;;;;;;;
1.527567;16600000;149;;;;;;;;;;;;;;
1.530067;16602500;156;;;;;;;;;;;;;;
1.532567;16605000;135;;;;;;;;16605952;323.071;160.309;935.922;1673.756;-178.776;-321.14
1.535067;16607500;153;16606386;226.27;-285.297;957.262;455.513;-110.107;47.421;;;;;;;
1.537567;16610000;140;;;;;;;;;;;;;;
1.540067;16612500;155;;;;;;;;;;;;;;
1.542567;16615000;173;;;;;;;;;;;;;;
1.545067;16617500;327;;;;;;;;;;;;;;
1.547567;16620000;250;;;;;;;;;;;;;;
1.550067;16622500;169;;;;;;;;;;;;;;
1.552567;16625000;139;;;;;;;;;;;;;;
1.555067;16627500;154;;;;;;;;;;;;;;
1.557567;16630000;140;;;;;;;;;;;;;;
1.560067;16632500;170;;;;;;;;;;;;;;
1.562567;16635000;156;;;;;;;;16635906;323.228;160.449;935.895;1672.756;-177.712;-320.833
1.565067;16637500;153;16636336;226.363;-285.391;957.302;451.987;-107.664;49.425;;;;;;;
1.567567;16640000;142;;;;;;;;;;;;;;
1.570067;16642500;135;;;;;;;;;;;;;;
1.572567;16645000;127;;;;;;;;;;;;;;
1.575067;16647500;153;;;;;;;;;;;;;;
1.577567;16650000;365;;;;;;;;;;;;;;
1.580067;16652500;232;;;;;;;;;;;;;;
1.582567;16655000;185;;;;;;;;;;;;;;
1.585067;16657500;166;;;;;;;;;;;;;;
1.587567;16660000;151;;;;;;;;;;;;;;
1.590067;16662500;154;;;;;;;;;;;;;;
1.592567;16665000;126;;;;;;;;;;;;;;
1.595067;16667500;152;16667931;226.391;-285.335;957.194;454.325;-107.531;49.141;16667499;323.208;160.436;935.917;1674.868;-176.264;-320.104
1.597567;16670000;140;;;;;;;;;;;;;;
1.600067;16672500;170;;;;;;;;;;;;;;
1.602567;16675000;174;;;;;;;;;;;;;;
1.605067;16677500;153;;;;;;;;;;;;;;
1.607567;16680000;158;;;;;;;;;;;;;;
1.610067;16682500;296;;;;;;;;;;;;;;
1.612567;16685000;199;;;;;;;;;;;;;;
1.615067;16687500;168;;;;;;;;;;;;;;
1.617567;16690000;150;;;;;;;;;;;;;;
1.620067;16692500;173;;;;;;;;;;;;;;
1.622567;16695000;157;;;;;;;;;;;;;;
1.625067;16697500;156;;;;;;;;;;;;;;
1.627567;16700000;168;16699520;226.375;-285.238;957.122;451.734;-111.342;47.121;16699090;323.285;160.399;935.927;1676.874;-181.888;-322.036
1.630067;16702500;138;;;;;;;;;;;;;;
1.632567;16705000;151;;;;;;;;;;;;;;
1.635067;16707500;143;;;;;;;;;;;;;;
1.637567;16710000;156;;;;;;;;;;;;;;
1.640067;16712500;23;;;;;;;;;;;;;;
1.642567;16715000;263;;;;;;;;;;;;;;
1.645067;16717500;205;;;;;;;;;;;;;;
1.647567;16720000;171;;;;;;;;;;;;;;
1.650067;16722500;137;;;;;;;;;;;;;;
1.652567;16725000;143;;;;;;;;;;;;;;
1.655067;16727500;128;;;;;;;;;;;;;;
1.657567;16730000;158;16731114;226.298;-285.104;957.102;451.46;-113.65;43.453;16730680;323.25;160.346;936.027;1674.406;-186.356;-323.434
1.660067;16732500;152;;;;;;;;;;;;;;
1.662567;16735000;156;;;;;;;;;;;;;;
1.665067;16737500;156;;;;;;;;;;;;;;
1.667567;16740000;142;;;;;;;;;;;;;;
1.670067;16742500;409;;;;;;;;;;;;;;
1.672567;16745000;248;;;;;;;;;;;;;;
1.675067;16747500;158;;;;;;;;;;;;;;
1.677567;16750000;152;;;;;;;;;;;;;;
1.680067;16752500;154;;;;;;;;;;;;;;
1.682567;16755000;172;;;;;;;;;;;;;;
1.685067;16757500;152;;;;;;;;;;;;;;
1.687567;16760000;158;;;;;;;;;;;;;;
1.690067;16762500;126;16762701;226.287;-285.19;957.15;454.262;-110.155;45.655;16762273;323.24;160.332;936.031;1675.56;-188.413;-325.2
1.692567;16765000;125;;;;;;;;;;;;;;
1.695067;16767500;152;;;;;;;;;;;;;;
1.697567;16770000;141;;;;;;;;;;;;;;
1.700067;16772500;170;;;;;;;;;;;;;;
1.702567;16775000;334;;;;;;;;;;;;;;
1.705067;16777500;221;;;;;;;;;;;;;;
1.707567;16780000;188;;;;;;;;;;;;;;
1.710067;16782500;140;;;;;;;;;;;;;;
1.712567;16785000;154;;;;;;;;;;;;;;
1.715067;16787500;136;;;;;;;;;;;;;;
1.717567;16790000;141;;;;;;;;;;;;;;
1.720067;16792500;172;16792748;226.251;-285.284;957.135;455.174;-107.272;48.623;16792314;323.188;160.41;936.041;1672.72;-185.993;-325.565
1.722567;16795000;157;;;;;;;;;;;;;;
1.725067;16797500;157;;;;;;;;;;;;;;
1.727567;16800000;149;;;;;;;;;;;;;;
1.730067;16802500;137;;;;;;;;;;;;;;
1.732567;16805000;247;;;;;;;;;;;;;;
1.735067;16807500;265;;;;;;;;;;;;;;
1.737567;16810000;188;;;;;;;;;;;;;;
1.740067;16812500;170;;;;;;;;;;;;;;
1.742567;16815000;185;16814955;226.346;-285.299;957.114;456.915;-108.471;48.379;16814527;323.181;160.356;935.995;1675.709;-186.318;-323.287
1.745067;16817500;156;;;;;;;;;;;;;;
1.747567;16820000;152;;;;;;;;;;;;;;
1.750067;16822500;136;;;;;;;;;;;;;;
1.752567;16825000;126;;;;;;;;;;;;;;
1.755067;16827500;155;;;;;;;;;;;;;;
1.757567;16830000;141;;;;;;;;;;;;;;
1.760067;16832500;170;;;;;;;;;;;;;;
1.762567;16835000;156;;;;;;;;;;;;;;
1.765067;16837500;379;;;;;;;;;;;;;;
1.767567;16840000;252;;;;;;;;;;;;;;
1.770067;16842500;168;;;;;;;;;;;;;;
1.772567;16845000;157;;;;;;;;16846118;323.175;160.311;936.001;1675.048;-184.877;-323.747
1.775067;16847500;138;16846552;226.38;-285.327;957.131;456.819;-108.735;47.272;;;;;;;
1.777567;16850000;142;;;;;;;;;;;;;;
1.780067;16852500;174;;;;;;;;;;;;;;
1.782567;16855000;156;;;;;;;;;;;;;;
1.785067;16857500;172;;;;;;;;;;;;;;
1.787567;16860000;142;;;;;;;;;;;;;;
1.790067;16862500;136;;;;;;;;;;;;;;
1.792567;16865000;153;;;;;;;;;;;;;;
1.795067;16867500;136;;;;;;;;;;;;;;
1.797567;16870000;314;;;;;;;;;;;;;;
1.800067;16872500;217;;;;;;;;;;;;;;
1.802567;16875000;185;;;;;;;;16876074;323.09;160.451;935.982;1674.858;-181.758;-325.935
1.805067;16877500;184;16876502;226.413;-285.328;957.178;457.603;-104.61;46.659;;;;;;;
1.807567;16880000;151;;;;;;;;;;;;;;
1.810067;16882500;157;;;;;;;;;;;;;;
1.812567;16885000;154;;;;;;;;;;;;;;
1.815067;16887500;136;;;;;;;;;;;;;;
1.817567;16890000;160;;;;;;;;;;;;;;
1.820067;16892500;154;;;;;;;;;;;;;;
1.822567;16895000;155;;;;;;;;;;;;;;
1.825067;16897500;155;;;;;;;;;;;;;;
1.827567;16900000;332;;;;;;;;;;;;;;
1.830067;16902500;199;;;;;;;;;;;;;;
1.832567;16905000;150;;;;;;;;;;;;;;
1.835067;16907500;139;16908013;226.524;-285.232;957.198;460.536;-105.942;46.513;16907579;323.143;160.474;935.964;1683.428;-180.983;-324.951
1.837567;16910000;142;;;;;;;;;;;;;;
1.840067;16912500;151;;;;;;;;;;;;;;
1.842567;16915000;156;;;;;;;;;;;;;;
1.845067;16917500;154;;;;;;;;;;;;;;
1.847567;16920000;168;;;;;;;;;;;;;;
1.850067;16922500;287;;;;;;;;;;;;;;
1.852567;16925000;185;;;;;;;;;;;;;;
1.855067;16927500;150;;;;;;;;;;;;;;
1.857567;16930000;144;;;;;;;;;;;;;;
1.860067;16932500;172;;;;;;;;;;;;;;
1.862567;16935000;156;;;;;;;;;;;;;;
1.865067;16937500;156;;;;;;;;;;;;;;
1.867567;16940000;142;16939599;226.483;-285.153;957.193;463.321;-107.208;45.938;16939169;323.041;160.545;935.879;1686.757;-181.121;-325.766
1.870067;16942500;136;;;;;;;;;;;;;;
1.872567;16945000;144;;;;;;;;;;;;;;
1.875067;16947500;153;;;;;;;;;;;;;;
1.877567;16950000;142;;;;;;;;;;;;;;
1.880067;16952500;29;;;;;;;;;;;;;;
1.882567;16955000;267;;;;;;;;;;;;;;
1.885067;16957500;216;;;;;;;;;;;;;;
1.887567;16960000;173;;;;;;;;;;;;;;
1.890067;16962500;138;;;;;;;;;;;;;;
1.892567;16965000;126;;;;;;;;;;;;;;
1.895067;16967500;134;;;;;;;;;;;;;;
1.897567;16970000;157;16971193;226.468;-285.194;957.169;465.093;-110.16;43.641;16970762;322.889;160.576;935.842;1684.669;-179.065;-324.79
1.900067;16972500;168;;;;;;;;;;;;;;
1.902567;16975000;154;;;;;;;;;;;;;;
1.905067;16977500;155;;;;;;;;;;;;;;
1.907567;16980000;143;;;;;;;;;;;;;;
1.910067;16982500;17;;;;;;;;;;;;;;
1.912567;16985000;234;;;;;;;;;;;;;;
1.915067;16987500;168;;;;;;;;;;;;;;
1.917567;16990000;172;;;;;;;;;;;;;;
1.920067;16992500;173;;;;;;;;;;;;;;
1.922567;16995000;156;;;;;;;;;;;;;;
1.925067;16997500;172;;;;;;;;;;;;;;
1.927567;17000000;142;;;;;;;;;;;;;;
1.930067;17002500;137;17002783;226.46;-285.153;957.153;467.651;-113.839;39.709;17002353;323.062;160.545;935.977;1689.248;-177.987;-322.113
1.932567;17005000;144;;;;;;;;;;;;;;
1.935067;17007500;152;;;;;;;;;;;;;;
1.937567;17010000;139;;;;;;;;;;;;;;
1.940067;17012500;170;;;;;;;;;;;;;;
1.942567;17015000;361;;;;;;;;;;;;;;
1.945067;17017500;239;;;;;;;;;;;;;;
1.947567;17020000;187;;;;;;;;;;;;;;
1.950067;17022500;156;;;;;;;;;;;;;;
1.952567;17025000;150;;;;;;;;;;;;;;
1.955067;17027500;127;;;;;;;;;;;;;;
1.957567;17030000;158;;;;;;;;;;;;;;
1.960067;17032500;151;17032828;226.306;-285.145;957.199;469.206;-112.96;42.973;17032394;323.239;160.453;936.093;1690.098;-178.275;-323.945
1.962567;17035000;156;;;;;;;;;;;;;;
1.965067;17037500;173;;;;;;;;;;;;;;
1.967567;17040000;168;;;;;;;;;;;;;;
1.970067;17042500;155;;;;;;;;;;;;;;
1.972567;17045000;199;;;;;;;;;;;;;;
1.975067;17047500;285;;;;;;;;;;;;;;
1.977567;17050000;205;;;;;;;;;;;;;;
1.980067;17052500;168;;;;;;;;;;;;;;
1.982567;17055000;185;17055035;226.398;-285.253;957.047;471.995;-112.999;45.2;17054608;322.528;159.202;935.319;1625.718;-237.611;-320.435
1.985067;17057500;156;;;;;;;;;;;;;;
1.987567;17060000;160;;;;;;;;;;;;;;
1.990067;17062500;135;;;;;;;;;;;;;;
1.992567;17065000;144;;;;;;;;;;;;;;
1.995067;17067500;143;;;;;;;;;;;;;;
1.997567;17070000;137;;;;;;;;;;;;;;
2.000067;17072500;171;;;;;;;;;;;;;;
2.002567;17075000;173;;;;;;;;;;;;;;
2.005067;17077500;383;;;;;;;;;;;;;;
2.007567;17080000;238;;;;;;;;;;;;;;
2.010067;17082500;168;;;;;;;;;;;;;;
2.012567;17085000;153;;;;;;;;17086199;322.603;159.373;934.992;1647.682;-254.606;-325.413
2.015067;17087500;154;17086633;226.442;-284.264;957.372;584.021;-134.912;15.377;;;;;;;
2.017567;17090000;157;;;;;;;;;;;;;;
2.020067;17092500;152;;;;;;;;;;;;;;
2.022567;17095000;156;;;;;;;;;;;;;;
2.025067;17097500;173;;;;;;;;;;;;;;
2.027567;17100000;160;;;;;;;;;;;;;;
2.030067;17102500;153;;;;;;;;;;;;;;
2.032567;17105000;124;;;;;;;;;;;;;;
2.035067;17107500;125;;;;;;;;;;;;;;
2.037567;17110000;314;;;;;;;;;;;;;;
2.040067;17112500;234;;;;;;;;;;;;;;
2.042567;17115000;200;;;;;;;;17116155;322.516;156.839;935.298;2085.923;-489.063;-328.83
2.045067;17117500;158;17116577;226.235;-284.209;957.718;672.944;-138.229;11.108;;;;;;;
2.047567;17120000;151;;;;;;;;;;;;;;
2.050067;17122500;155;;;;;;;;;;;;;;
2.052567;17125000;152;;;;;;;;;;;;;;
2.055067;17127500;152;;;;;;;;;;;;;;
2.057567;17130000;139;;;;;;;;;;;;;;
2.060067;17132500;153;;;;;;;;;;;;;;
2.062567;17135000;174;;;;;;;;;;;;;;
2.065067;17137500;154;;;;;;;;;;;;;;
2.067567;17140000;314;;;;;;;;;;;;;;
2.070067;17142500;190;;;;;;;;;;;;;;
2.072567;17145000;152;;;;;;;;;;;;;;
2.075067;17147500;156;17148098;226.232;-283.242;958.01;635.797;-142.255;5.74;17147659;322.915;160.636;935.711;2504.877;-272.11;-336.451
2.077567;17150000;140;;;;;;;;;;;;;;
2.080067;17152500;153;;;;;;;;;;;;;;
2.082567;17155000;155;;;;;;;;;;;;;;
2.085067;17157500;155;;;;;;;;;;;;;;
2.087567;17160000;158;;;;;;;;;;;;;;
2.090067;17162500;312;;;;;;;;;;;;;;
2.092567;17165000;186;;;;;;;;;;;;;;
2.095067;17167500;142;;;;;;;;;;;;;;
2.097567;17170000;159;;;;;;;;;;;;;;
2.100067;17172500;152;;;;;;;;;;;;;;
2.102567;17175000;174;;;;;;;;;;;;;;
2.105067;17177500;154;;;;;;;;;;;;;;
2.107567;17180000;167;17179586;226.004;-283.897;957.61;298.632;-135.142;46.578;17179164;323.148;161.883;935.322;2312.695;-117.629;-238.253
2.110067;17182500;154;;;;;;;;;;;;;;
2.112567;17185000;125;;;;;;;;;;;;;;
2.115067;17187500;125;;;;;;;;;;;;;;
2.117567;17190000;137;;;;;;;;;;;;;;
2.120067;17192500;86;;;;;;;;;;;;;;
2.122567;17195000;285;;;;;;;;;;;;;;
2.125067;17197500;190;;;;;;;;;;;;;;
2.127567;17200000;156;;;;;;;;;;;;;;
2.130067;17202500;138;;;;;;;;;;;;;;
2.132567;17205000;151;;;;;;;;;;;;;;
2.135067;17207500;153;;;;;;;;;;;;;;
2.137567;17210000;139;17211102;225.733;-284.33;957.072;166.451;-143.698;45.999;17210668;320.868;163.048;937.295;1900.873;286.377;-60.966
2.140067;17212500;151;;;;;;;;;;;;;;
2.142567;17215000;173;;;;;;;;;;;;;;
2.145067;17217500;172;;;;;;;;;;;;;;
2.147567;17220000;167;;;;;;;;;;;;;;
2.150067;17222500;25;;;;;;;;;;;;;;
2.152567;17225000;253;;;;;;;;;;;;;;
2.155067;17227500;158;;;;;;;;;;;;;;
2.157567;17230000;169;;;;;;;;;;;;;;
2.160067;17232500;172;;;;;;;;;;;;;;
2.162567;17235000;155;;;;;;;;;;;;;;
2.165067;17237500;154;;;;;;;;;;;;;;
2.167567;17240000;141;;;;;;;;;;;;;;
2.170067;17242500;155;17242520;226.665;-279.891;959.97;540.941;-51.2;-257.738;17242085;324.015;162.374;939.443;1353.892;1864.121;93.457
2.172567;17245000;143;;;;;;;;;;;;;;
2.175067;17247500;135;;;;;;;;;;;;;;
2.177567;17250000;157;;;;;;;;;;;;;;
2.180067;17252500;152;;;;;;;;;;;;;;
2.182567;17255000;364;;;;;;;;;;;;;;
2.185067;17257500;223;;;;;;;;;;;;;;
2.187567;17260000;170;;;;;;;;;;;;;;
2.190067;17262500;156;;;;;;;;;;;;;;
2.192567;17265000;126;;;;;;;;;;;;;;
2.195067;17267500;151;;;;;;;;;;;;;;
2.197567;17270000;138;;;;;;;;;;;;;;
2.200067;17272500;151;17272475;228.989;-274.12;965.401;1010.019;-161.515;-687.601;17272041;326.859;163.546;938.24;409.447;5833.54;-1.34
2.202567;17275000;173;;;;;;;;;;;;;;
2.205067;17277500;156;;;;;;;;;;;;;;
2.207567;17280000;142;;;;;;;;;;;;;;
2.210067;17282500;135;;;;;;;;;;;;;;
2.212567;17285000;62;;;;;;;;;;;;;;
2.215067;17287500;283;;;;;;;;;;;;;;
2.217567;17290000;186;;;;;;;;;;;;;;
2.220067;17292500;185;;;;;;;;;;;;;;
2.222567;17295000;158;17294684;227.141;-271.717;965.535;886.893;212.311;-478.221;17294254;320.068;159.315;944.757;-1091.963;8876.926;144.852
2.225067;17297500;157;;;;;;;;;;;;;;
2.227567;17300000;168;;;;;;;;;;;;;;
2.230067;17302500;137;;;;;;;;;;;;;;
2.232567;17305000;126;;;;;;;;;;;;;;
2.235067;17307500;134;;;;;;;;;;;;;;
2.237567;17310000;139;;;;;;;;;;;;;;
2.240067;17312500;169;;;;;;;;;;;;;;
2.242567;17315000;174;;;;;;;;;;;;;;
2.245067;17317500;376;;;;;;;;;;;;;;
2.247567;17320000;235;17320134;227.807;-276.535;959.769;1368.861;236.258;-700.185;17319700;320.98;155.18;951.956;-1938.177;12294.454;-57.953
2.250067;17322500;167;;;;;;;;;;;;;;
2.252567;17325000;156;;;;;;;;;;;;;;
2.255067;17327500;152;;;;;;;;;;;;;;
2.257567;17330000;138;;;;;;;;;;;;;;
2.260067;17332500;152;;;;;;;;;;;;;;
2.262567;17335000;182;;;;;;;;;;;;;;
2.265067;17337500;158;;;;;;;;;;;;;;
2.267567;17340000;168;;;;;;;;;;;;;;
2.270067;17342500;137;;;;;;;;;;;;;;
2.272567;17345000;151;;;;;;;;;;;;;;
2.275067;17347500;150;17347278;228.69;-276.921;953.907;3952.542;321.132;-1265.426;17346855;317.137;150.959;951.877;-1080.893;14983.294;-526.681
2.277567;17350000;301;;;;;;;;;;;;;;
2.280067;17352500;231;;;;;;;;;;;;;;
2.282567;17355000;174;;;;;;;;;;;;;;
2.285067;17357500;184;;;;;;;;;;;;;;
2.287567;17360000;169;;;;;;;;;;;;;;
2.290067;17362500;136;;;;;;;;;;;;;;
2.292567;17365000;151;;;;;;;;;;;;;;
2.295067;17367500;144;;;;;;;;;;;;;;
2.297567;17370000;155;;;;;;;;;;;;;;
2.300067;17372500;169;;;;;;;;;;;;;;
2.302567;17375000;175;;;;;;;;;;;;;;
2.305067;17377500;155;;;;;;;;;;;;;;
2.307567;17380000;316;17379319;229.535;-270.7;957.44;6012.853;419.701;-1840.904;17378881;309.381;151.39;958.116;-590.661;18199.629;-930.409
2.310067;17382500;214;;;;;;;;;;;;;;
2.312567;17385000;168;;;;;;;;;;;;;;
2.315067;17387500;155;;;;;;;;;;;;;;
2.317567;17390000;166;;;;;;;;;;;;;;
2.320067;17392500;170;;;;;;;;;;;;;;
2.322567;17395000;156;;;;;;;;;;;;;;
2.325067;17397500;174;;;;;;;;;;;;;;
2.327567;17400000;151;;;;;;;;;;;;;;
2.330067;17402500;296;;;;;;;;;;;;;;
2.332567;17405000;190;;;;;;;;;;;;;;
2.335067;17407500;141;;;;;;;;;;;;;;
2.337567;17410000;158;17411242;227.714;-268.48;959.545;6138.335;388.653;-1706.422;17410819;297.572;152.69;968.264;-884.878;21992.771;-1904.139
2.340067;17412500;154;;;;;;;;;;;;;;
2.342567;17415000;175;;;;;;;;;;;;;;
2.345067;17417500;157;;;;;;;;;;;;;;
2.347567;17420000;171;;;;;;;;;;;;;;
2.350067;17422500;138;;;;;;;;;;;;;;
2.352567;17425000;126;;;;;;;;;;;;;;
2.355067;17427500;317;;;;;;;;;;;;;;
2.357567;17430000;201;;;;;;;;;;;;;;
2.360067;17432500;169;;;;;;;;;;;;;;
2.362567;17435000;168;;;;;;;;;;;;;;
2.365067;17437500;156;;;;;;;;;;;;;;
2.367567;17440000;167;;;;;;;;;;;;;;
2.370067;17442500;153;17441733;227.803;-269.507;957.604;5501.105;201.658;-1346.788;17441295;287.208;151.991;969.883;-1700.322;26298.008;-2763.557
2.372567;17445000;125;;;;;;;;;;;;;;
2.375067;17447500;135;;;;;;;;;;;;;;
2.377567;17450000;137;;;;;;;;;;;;;;
2.380067;17452500;168;;;;;;;;;;;;;;
2.382567;17455000;298;;;;;;;;;;;;;;
2.385067;17457500;204;;;;;;;;;;;;;;
2.387567;17460000;168;;;;;;;;;;;;;;
2.390067;17462500;142;;;;;;;;;;;;;;
2.392567;17465000;152;;;;;;;;;;;;;;
2.395067;17467500;153;;;;;;;;;;;;;;
2.397567;17470000;138;;;;;;;;;;;;;;
2.400067;17472500;152;;;;;;;;17473408;273.842;151.657;965.339;-1948.243;31082.295;-3109.254
2.402567;17475000;155;17473830;230.375;-266.555;959.012;6082.675;187.637;-1132.886;;;;;;;
2.405067;17477500;172;;;;;;;;;;;;;;
2.407567;17480000;167;;;;;;;;;;;;;;
2.410067;17482500;134;;;;;;;;;;;;;;
2.412567;17485000;333;;;;;;;;;;;;;;
2.415067;17487500;248;;;;;;;;;;;;;;
2.417567;17490000;199;;;;;;;;;;;;;;
2.420067;17492500;176;;;;;;;;;;;;;;
2.422567;17495000;157;;;;;;;;;;;;;;
2.425067;17497500;155;;;;;;;;;;;;;;
2.427567;17500000;143;;;;;;;;;;;;;;
2.430067;17502500;153;;;;;;;;;;;;;;
2.432567;17505000;125;17505959;231.459;-268.41;957.964;9016.041;103.881;-1523.367;17505520;262.431;149.399;969.27;-1087.393;36592.492;-3314.729
2.435067;17507500;151;;;;;;;;;;;;;;
2.437567;17510000;139;;;;;;;;;;;;;;
2.440067;17512500;169;;;;;;;;;;;;;;
2.442567;17515000;158;;;;;;;;;;;;;;
2.445067;17517500;409;;;;;;;;;;;;;;
2.447567;17520000;255;;;;;;;;;;;;;;
2.450067;17522500;167;;;;;;;;;;;;;;
2.452567;17525000;155;;;;;;;;;;;;;;
2.455067;17527500;128;;;;;;;;;;;;;;
2.457567;17530000;155;;;;;;;;;;;;;;
2.460067;17532500;142;;;;;;;;;;;;;;
2.462567;17535000;175;;;;;;;;;;;;;;
2.465067;17537500;173;;;;;;;;;;;;;;
2.467567;17540000;141;;;;;;;;;;;;;;
2.470067;17542500;136;;;;;;;;;;;;;;
2.472567;17545000;127;;;;;;;;;;;;;;
2.475067;17547500;364;17547440;232.465;-261.65;961.593;9894.802;-154.188;-2362.011;17547010;234.822;154.928;969.808;-172.024;45254.992;-3061.492
2.477567;17550000;280;;;;;;;;;;;;;;
2.480067;17552500;190;;;;;;;;;;;;;;
2.482567;17555000;171;;;;;;;;;;;;;;
2.485067;17557500;158;;;;;;;;;;;;;;
2.487567;17560000;152;;;;;;;;;;;;;;
2.490067;17562500;156;;;;;;;;;;;;;;
2.492567;17565000;125;;;;;;;;;;;;;;
2.495067;17567500;127;;;;;;;;;;;;;;
2.497567;17570000;155;;;;;;;;;;;;;;
2.500067;17572500;151;;;;;;;;;;;;;;
2.502567;17575000;183;;;;;;;;;;;;;;
2.505067;17577500;157;;;;;;;;;;;;;;
2.507567;17580000;411;17579561;229.936;-247.872;967.248;7581.374;98.083;-2799.098;17579124;205.531;160.266;966.671;2375.827;54448.18;-2797.292
2.510067;17582500;250;;;;;;;;;;;;;;
2.512567;17585000;158;;;;;;;;;;;;;;
2.515067;17587500;157;;;;;;;;;;;;;;
2.517567;17590000;141;;;;;;;;;;;;;;
2.520067;17592500;153;;;;;;;;;;;;;;
2.522567;17595000;155;;;;;;;;;;;;;;
2.525067;17597500;173;;;;;;;;;;;;;;
2.527567;17600000;143;;;;;;;;;;;;;;
2.530067;17602500;138;;;;;;;;;;;;;;
2.532567;17605000;143;;;;;;;;;;;;;;
2.535067;17607500;127;;;;;;;;;;;;;;
2.537567;17610000;137;;;;;;;;17610889;174.258;162.3;960.641;3815.848;62681.645;-2017.803
2.540067;17612500;376;17611319;229.938;-249.716;966.777;7868.618;322.429;-3560.831;;;;;;;
2.542567;17615000;247;;;;;;;;;;;;;;
2.545067;17617500;205;;;;;;;;;;;;;;
2.547567;17620000;155;;;;;;;;;;;;;;
2.550067;17622500;139;;;;;;;;;;;;;;
2.552567;17625000;127;;;;;;;;;;;;;;
2.555067;17627500;127;;;;;;;;;;;;;;
2.557567;17630000;155;;;;;;;;;;;;;;
2.560067;17632500;169;;;;;;;;;;;;;;
2.562567;17635000;154;;;;;;;;;;;;;;
2.565067;17637500;155;;;;;;;;;;;;;;
2.567567;17640000;143;;;;;;;;;;;;;;
2.570067;17642500;154;17643353;225.2;-242.8;970.154;6705.624;378.058;-4031.602;17642913;145.391;163.939;949.855;5441.993;69073.688;-1416.413
2.572567;17645000;142;;;;;;;;;;;;;;
2.575067;17647500;127;;;;;;;;;;;;;;
2.577567;17650000;137;;;;;;;;;;;;;;
2.580067;17652500;142;;;;;;;;;;;;;;
2.582567;17655000;327;;;;;;;;;;;;;;
2.585067;17657500;224;;;;;;;;;;;;;;
2.587567;17660000;168;;;;;;;;;;;;;;
2.590067;17662500;141;;;;;;;;;;;;;;
2.592567;17665000;127;;;;;;;;;;;;;;
2.595067;17667500;142;;;;;;;;;;;;;;
2.597567;17670000;139;;;;;;;;;;;;;;
2.600067;17672500;153;;;;;;;;17673391;112.27;169.821;936.608;7851.331;74097.875;-436.029
2.602567;17675000;158;17673818;223.45;-242.902;974.497;5224.968;368.342;-4647.271;;;;;;;
2.605067;17677500;156;;;;;;;;;;;;;;
2.607567;17680000;169;;;;;;;;;;;;;;
2.610067;17682500;156;;;;;;;;;;;;;;
2.612567;17685000;0;;;;;;;;;;;;;;
2.615067;17687500;264;;;;;;;;;;;;;;
2.617567;17690000;202;;;;;;;;;;;;;;
2.620067;17692500;159;;;;;;;;;;;;;;
2.622567;17695000;184;;;;;;;;17695950;74.235;174.024;926.768;9353.577;78537.039;1084.21
2.625067;17697500;174;17696389;224.593;-237.949;977.14;5343.469;605.425;-5562.908;;;;;;;
2.627567;17700000;143;;;;;;;;;;;;;;
2.630067;17702500;156;;;;;;;;;;;;;;
2.632567;17705000;127;;;;;;;;;;;;;;
2.635067;17707500;126;;;;;;;;;;;;;;
2.637567;17710000;155;;;;;;;;;;;;;;
2.640067;17712500;169;;;;;;;;;;;;;;
2.642567;17715000;171;;;;;;;;;;;;;;
2.645067;17717500;394;;;;;;;;;;;;;;
2.647567;17720000;247;;;;;;;;;;;;;;
2.650067;17722500;169;17721986;223.538;-235.293;976.827;3394.108;744.029;-5767.325;17721563;36.936;181.53;903.097;10547.086;83210.562;1848.124
2.652567;17725000;157;;;;;;;;;;;;;;
2.655067;17727500;152;;;;;;;;;;;;;;
2.657567;17730000;139;;;;;;;;;;;;;;
2.660067;17732500;167;;;;;;;;;;;;;;
2.662567;17735000;155;;;;;;;;;;;;;;
2.665067;17737500;155;;;;;;;;;;;;;;
2.667567;17740000;168;;;;;;;;;;;;;;
2.670067;17742500;138;;;;;;;;;;;;;;
2.672567;17745000;151;;;;;;;;;;;;;;
2.675067;17747500;143;;;;;;;;17748725;-4.182;185.349;886.679;12277.231;86460.844;3003.468
2.677567;17750000;379;17749170;223.872;-233.935;977.334;3069.528;601.828;-6182.896;;;;;;;
2.680067;17752500;251;;;;;;;;;;;;;;
2.682567;17755000;187;;;;;;;;;;;;;;
2.685067;17757500;185;;;;;;;;;;;;;;
2.687567;17760000;172;;;;;;;;;;;;;;
2.690067;17762500;137;;;;;;;;;;;;;;
2.692567;17765000;151;;;;;;;;;;;;;;
2.695067;17767500;125;;;;;;;;;;;;;;
2.697567;17770000;156;;;;;;;;;;;;;;
2.700067;17772500;143;;;;;;;;;;;;;;
2.702567;17775000;156;;;;;;;;;;;;;;
2.705067;17777500;155;;;;;;;;;;;;;;
2.707567;17780000;394;17781086;225.604;-233.7;973.778;3272.614;991.299;-6240.813;17780663;-41.14;191.13;864.623;13716.995;86748.609;4472.482
2.710067;17782500;232;;;;;;;;;;;;;;
2.712567;17785000;157;;;;;;;;;;;;;;
2.715067;17787500;137;;;;;;;;;;;;;;
2.717567;17790000;141;;;;;;;;;;;;;;
2.720067;17792500;152;;;;;;;;;;;;;;
2.722567;17795000;173;;;;;;;;;;;;;;
2.725067;17797500;156;;;;;;;;;;;;;;
2.727567;17800000;169;;;;;;;;;;;;;;
2.730067;17802500;30;;;;;;;;;;;;;;
2.732567;17805000;224;;;;;;;;;;;;;;
2.735067;17807500;173;;;;;;;;;;;;;;
2.737567;17810000;168;;;;;;;;;;;;;;
2.740067;17812500;152;17813134;229.355;-221.466;971.523;358.858;1482.484;-6240.71;17812689;-78.984;197.617;840.954;14996.396;85432.992;7810.545
2.742567;17815000;154;;;;;;;;;;;;;;
2.745067;17817500;154;;;;;;;;;;;;;;
2.747567;17820000;169;;;;;;;;;;;;;;
2.750067;17822500;137;;;;;;;;;;;;;;
2.752567;17825000;149;;;;;;;;;;;;;;
2.755067;17827500;238;;;;;;;;;;;;;;
2.757567;17830000;266;;;;;;;;;;;;;;
2.760067;17832500;215;;;;;;;;;;;;;;
2.762567;17835000;171;;;;;;;;;;;;;;
2.765067;17837500;158;;;;;;;;;;;;;;
2.767567;17840000;143;;;;;;;;;;;;;;
2.770067;17842500;138;;;;;;;;;;;;;;
2.772567;17845000;152;;;;;;;;;;;;;;
2.775067;17847500;126;;;;;;;;;;;;;;
2.777567;17850000;155;;;;;;;;;;;;;;
2.780067;17852500;144;;;;;;;;;;;;;;
2.782567;17855000;330;17854522;228.83;-221.904;971.124;-2455.585;2396.235;-6533.737;17854092;-117.722;207.714;822.117;17064.074;84330.156;9545.393
2.785067;17857500;267;;;;;;;;;;;;;;
2.787567;17860000;207;;;;;;;;;;;;;;
2.790067;17862500;170;;;;;;;;;;;;;;
2.792567;17865000;136;;;;;;;;;;;;;;
2.795067;17867500;150;;;;;;;;;;;;;;
2.797567;17870000;138;;;;;;;;;;;;;;
2.800067;17872500;169;;;;;;;;;;;;;;
2.802567;17875000;172;;;;;;;;;;;;;;
2.805067;17877500;154;;;;;;;;;;;;;;
2.807567;17880000;169;;;;;;;;;;;;;;
2.810067;17882500;137;;;;;;;;;;;;;;
2.812567;17885000;126;;;;;;;;;;;;;;
2.815067;17887500;366;17886817;227.161;-230.554;969.538;-1424.555;2666.235;-7617.55;17886379;-151.144;217.061;800.806;18118.809;81202.586;11326.498
2.817567;17890000;221;;;;;;;;;;;;;;
2.820067;17892500;199;;;;;;;;;;;;;;
2.822567;17895000;167;;;;;;;;;;;;;;
2.825067;17897500;157;;;;;;;;;;;;;;
2.827567;17900000;153;;;;;;;;;;;;;;
2.830067;17902500;138;;;;;;;;;;;;;;
2.832567;17905000;152;;;;;;;;;;;;;;
2.835067;17907500;125;;;;;;;;;;;;;;
2.837567;17910000;156;;;;;;;;;;;;;;
2.840067;17912500;169;;;;;;;;;;;;;;
2.842567;17915000;155;;;;;;;;;;;;;;
2.845067;17917500;173;17917633;227.155;-228.994;971.557;84.735;2483.924;-8529.048;17917203;-184.927;229.211;780.121;19684.305;77706.828;13312.548
2.847567;17920000;343;;;;;;;;;;;;;;
2.850067;17922500;232;;;;;;;;;;;;;;
2.852567;17925000;171;;;;;;;;;;;;;;
2.855067;17927500;136;;;;;;;;;;;;;;
2.857567;17930000;156;;;;;;;;;;;;;;
2.860067;17932500;153;;;;;;;;;;;;;;
2.862567;17935000;157;;;;;;;;;;;;;;
2.865067;17937500;154;;;;;;;;;;;;;;
2.867567;17940000;152;;;;;;;;;;;;;;
2.870067;17942500;139;;;;;;;;;;;;;;
2.872567;17945000;127;;;;;;;;;;;;;;
2.875067;17947500;127;;;;;;;;;;;;;;
2.877567;17950000;139;17949747;230.193;-228.701;968.583;408.623;2350.977;-8699.783;17949315;-215.398;243.633;760.61;20057.215;73040.984;14428.42
2.880067;17952500;151;;;;;;;;;;;;;;
2.882567;17955000;158;;;;;;;;;;;;;;
2.885067;17957500;155;;;;;;;;;;;;;;
2.887567;17960000;264;;;;;;;;;;;;;;
2.890067;17962500;265;;;;;;;;;;;;;;
2.892567;17965000;173;;;;;;;;;;;;;;
2.895067;17967500;141;;;;;;;;;;;;;;
2.897567;17970000;141;;;;;;;;;;;;;;
2.900067;17972500;171;;;;;;;;;;;;;;
2.902567;17975000;157;;;;;;;;;;;;;;
2.905067;17977500;174;;;;;;;;;;;;;;
2.907567;17980000;152;;;;;;;;;;;;;;
2.910067;17982500;139;17981949;228.987;-227.569;970.857;273.129;2374.303;-9060.169;17981514;-242.289;256.931;741.117;18871.479;68098.312;14583.312
2.912567;17985000;153;;;;;;;;;;;;;;
2.915067;17987500;152;;;;;;;;;;;;;;
2.917567;17990000;138;;;;;;;;;;;;;;
2.920067;17992500;295;;;;;;;;;;;;;;
2.922567;17995000;280;;;;;;;;;;;;;;
2.925067;17997500;221;;;;;;;;;;;;;;
2.927567;18000000;185;;;;;;;;;;;;;;
2.930067;18002500;140;;;;;;;;;;;;;;
2.932567;18005000;136;;;;;;;;;;;;;;
2.935067;18007500;126;;;;;;;;;;;;;;
2.937567;18010000;155;;;;;;;;;;;;;;
2.940067;18012500;143;;;;;;;;18013713;-269.099;273.261;725.881;17938.842;63970.645;13990.646
2.942567;18015000;156;18014145;225.955;-227.53;971.76;342.16;2315.963;-8831.16;;;;;;;
2.945067;18017500;156;;;;;;;;;;;;;;
2.947567;18020000;144;;;;;;;;;;;;;;
2.950067;18022500;156;;;;;;;;;;;;;;
2.952567;18025000;316;;;;;;;;;;;;;;
2.955067;18027500;187;;;;;;;;;;;;;;
2.957567;18030000;172;;;;;;;;;;;;;;
2.960067;18032500;173;;;;;;;;;;;;;;
2.962567;18035000;156;;;;;;;;;;;;;;
2.965067;18037500;173;;;;;;;;;;;;;;
2.967567;18040000;170;;;;;;;;;;;;;;
2.970067;18042500;157;;;;;;;;;;;;;;
2.972567;18045000;150;;;;;;;;18045824;-294.855;285.517;709.717;17245.775;60428.238;13338.801
2.975067;18047500;152;18046254;223.728;-227.823;972.29;514.49;2119.665;-8489.352;;;;;;;
2.977567;18050000;155;;;;;;;;;;;;;;
2.980067;18052500;150;;;;;;;;;;;;;;
2.982567;18055000;174;;;;;;;;;;;;;;
2.985067;18057500;314;;;;;;;;;;;;;;
2.987567;18060000;219;;;;;;;;;;;;;;
2.990067;18062500;172;;;;;;;;;;;;;;
2.992567;18065000;138;;;;;;;;;;;;;;
2.995067;18067500;126;;;;;;;;;;;;;;
2.997567;18070000;154;;;;;;;;;;;;;;
3.000067;18072500;168;;;;;;;;;;;;;;
3.002567;18075000;173;;;;;;;;;;;;;;
3.005067;18077500;156;18076913;223.937;-227.046;971.798;749.953;2007.557;-8123.509;18076475;-316.657;295.72;695.118;16139.361;55992.387;12802.673
3.007567;18080000;169;;;;;;;;;;;;;;
3.010067;18082500;158;;;;;;;;;;;;;;
3.012567;18085000;126;;;;;;;;;;;;;;
3.015067;18087500;271;;;;;;;;;;;;;;
3.017567;18090000;267;;;;;;;;;;;;;;
3.020067;18092500;216;;;;;;;;;;;;;;
3.022567;18095000;190;;;;;;;;;;;;;;
3.025067;18097500;167;;;;;;;;;;;;;;
3.027567;18100000;153;;;;;;;;;;;;;;
3.030067;18102500;139;;;;;;;;;;;;;;
3.032567;18105000;151;;;;;;;;;;;;;;
3.035067;18107500;152;;;;;;;;18108501;-336.985;305.67;681.004;15211.206;51870.641;12295.102
3.037567;18110000;137;18108931;223.098;-226.979;972.246;725.143;1864.304;-7709.021;;;;;;;
3.040067;18112500;168;;;;;;;;;;;;;;
3.042567;18115000;156;;;;;;;;;;;;;;
3.045067;18117500;155;;;;;;;;;;;;;;
3.047567;18120000;23;;;;;;;;;;;;;;
3.050067;18122500;248;;;;;;;;;;;;;;
3.052567;18125000;187;;;;;;;;;;;;;;
3.055067;18127500;141;;;;;;;;;;;;;;
3.057567;18130000;139;;;;;;;;;;;;;;
3.060067;18132500;151;;;;;;;;;;;;;;
3.062567;18135000;156;;;;;;;;;;;;;;
3.065067;18137500;175;;;;;;;;;;;;;;
3.067567;18140000;169;18141138;222.648;-226.738;972.611;749.261;1619.276;-7247.007;18140698;-356.98;314.78;668.023;14602.896;47880.172;11918.347
3.070067;18142500;138;;;;;;;;;;;;;;
3.072567;18145000;125;;;;;;;;;;;;;;
3.075067;18147500;125;;;;;;;;;;;;;;
3.077567;18150000;155;;;;;;;;;;;;;;
3.080067;18152500;392;;;;;;;;;;;;;;
3.082567;18155000;251;;;;;;;;;;;;;;
3.085067;18157500;190;;;;;;;;;;;;;;
3.087567;18160000;160;;;;;;;;;;;;;;
3.090067;18162500;159;;;;;;;;;;;;;;
3.092567;18165000;153;;;;;;;;;;;;;;
3.095067;18167500;151;;;;;;;;;;;;;;
3.097567;18170000;135;;;;;;;;;;;;;;
3.100067;18172500;149;18173326;223.734;-222.617;973.256;594.548;1403.562;-6937.157;18172898;-371.241;320.001;652.495;13281.251;42655.977;11904.305
3.102567;18175000;174;;;;;;;;;;;;;;
3.105067;18177500;158;;;;;;;;;;;;;;
3.107567;18180000;170;;;;;;;;;;;;;;
3.110067;18182500;0;;;;;;;;;;;;;;
3.112567;18185000;252;;;;;;;;;;;;;;
3.115067;18187500;187;;;;;;;;;;;;;;
3.117567;18190000;152;;;;;;;;;;;;;;
3.120067;18192500;172;;;;;;;;;;;;;;
3.122567;18195000;157;;;;;;;;;;;;;;
3.125067;18197500;156;;;;;;;;;;;;;;
3.127567;18200000;171;;;;;;;;;;;;;;
3.130067;18202500;158;;;;;;;;;;;;;;
3.132567;18205000;134;18205537;224.046;-223.693;974.119;29.758;1517.572;-6537.361;18205097;-388.962;331.072;647.156;11365.938;36605.801;11589.089
3.135067;18207500;134;;;;;;;;;;;;;;
3.137567;18210000;154;;;;;;;;;;;;;;
3.140067;18212500;151;;;;;;;;;;;;;;
3.142567;18215000;359;;;;;;;;;;;;;;
3.145067;18217500;263;;;;;;;;;;;;;;
3.147567;18220000;185;;;;;;;;;;;;;;
3.150067;18222500;170;;;;;;;;;;;;;;
3.152567;18225000;137;;;;;;;;;;;;;;
3.155067;18227500;152;;;;;;;;;;;;;;
3.157567;18230000;139;;;;;;;;;;;;;;
3.160067;18232500;169;;;;;;;;;;;;;;
3.162567;18235000;173;18236090;224.714;-222.146;977.245;-54.855;1571.193;-6525.931;18235660;-401.795;340.883;639.906;7568.892;28906.449;10947.51
3.165067;18237500;175;;;;;;;;;;;;;;
3.167567;18240000;170;;;;;;;;;;;;;;
3.170067;18242500;138;;;;;;;;;;;;;;
3.172567;18245000;128;;;;;;;;;;;;;;
3.175067;18247500;394;;;;;;;;;;;;;;
3.177567;18250000;249;;;;;;;;;;;;;;
3.180067;18252500;192;;;;;;;;;;;;;;
3.182567;18255000;169;;;;;;;;;;;;;;
3.185067;18257500;159;;;;;;;;;;;;;;
3.187567;18260000;171;;;;;;;;;;;;;;
3.190067;18262500;139;;;;;;;;;;;;;;
3.192567;18265000;153;;;;;;;;;;;;;;
3.195067;18267500;152;18268210;224.257;-223.483;974.669;-1048.3;1668.509;-5897.322;18267773;-415.53;349.977;632.78;4271.009;21086.314;9681.759
3.197567;18270000;136;;;;;;;;;;;;;;
3.200067;18272500;170;;;;;;;;;;;;;;
3.202567;18275000;155;;;;;;;;;;;;;;
3.205067;18277500;158;;;;;;;;;;;;;;
3.207567;18280000;349;;;;;;;;;;;;;;
3.210067;18282500;218;;;;;;;;;;;;;;
3.212567;18285000;173;;;;;;;;;;;;;;
3.215067;18287500;138;;;;;;;;;;;;;;
3.217567;18290000;139;;;;;;;;;;;;;;
3.220067;18292500;143;;;;;;;;;;;;;;
3.222567;18295000;155;;;;;;;;;;;;;;
3.225067;18297500;157;;;;;;;;;;;;;;
3.227567;18300000;153;18300402;221.023;-229.376;976.938;-1682.76;1388.208;-4748.456;18299972;-423.826;354.64;631.452;2116.271;14785.936;8708.108
3.230067;18302500;158;;;;;;;;;;;;;;
3.232567;18305000;128;;;;;;;;;;;;;;
3.235067;18307500;127;;;;;;;;;;;;;;
3.237567;18310000;136;;;;;;;;;;;;;;
3.240067;18312500;336;;;;;;;;;;;;;;
3.242567;18315000;249;;;;;;;;;;;;;;
3.245067;18317500;187;;;;;;;;;;;;;;
3.247567;18320000;158;;;;;;;;;;;;;;
3.250067;18322500;140;;;;;;;;;;;;;;
3.252567;18325000;127;;;;;;;;;;;;;;
3.255067;18327500;152;;;;;;;;;;;;;;
3.257567;18330000;154;;;;;;;;;;;;;;
3.260067;18332500;143;18332609;221.269;-231.584;977.263;-342.559;900.548;-3905.97;18332170;-427.596;357.953;631.66;-522.667;7327.951;6753.266
3.262567;18335000;154;;;;;;;;;;;;;;
3.265067;18337500;156;;;;;;;;;;;;;;
3.267567;18340000;154;;;;;;;;;;;;;;
3.270067;18342500;376;;;;;;;;;;;;;;
3.272567;18345000;218;;;;;;;;;;;;;;
3.275067;18347500;156;;;;;;;;;;;;;;
3.277567;18350000;143;;;;;;;;;;;;;;
3.280067;18352500;144;;;;;;;;;;;;;;
3.282567;18355000;172;;;;;;;;;;;;;;
3.285067;18357500;156;;;;;;;;;;;;;;
3.287567;18360000;153;;;;;;;;;;;;;;
3.290067;18362500;139;;;;;;;;;;;;;;
3.292567;18365000;153;18364537;223.315;-229.545;979.689;555.694;486.708;-2559.172;18364109;-430.628;358.245;636.58;-3742.346;-520.134;4806.477
3.295067;18367500;126;;;;;;;;;;;;;;
3.297567;18370000;136;;;;;;;;;;;;;;
3.300067;18372500;151;;;;;;;;;;;;;;
3.302567;18375000;352;;;;;;;;;;;;;;
3.305067;18377500;237;;;;;;;;;;;;;;
3.307567;18380000;182;;;;;;;;;;;;;;
3.310067;18382500;152;;;;;;;;;;;;;;
3.312567;18385000;136;;;;;;;;;;;;;;
3.315067;18387500;152;;;;;;;;;;;;;;
3.317567;18390000;138;;;;;;;;;;;;;;
3.320067;18392500;150;;;;;;;;;;;;;;
3.322567;18395000;174;18394765;224.093;-228.2;979.291;121.471;386.685;-1320.838;18394326;-430.709;355.626;647.719;-7046.479;-8770.314;3612.403
3.325067;18397500;158;;;;;;;;;;;;;;
3.327567;18400000;170;;;;;;;;;;;;;;
3.330067;18402500;140;;;;;;;;;;;;;;
3.332567;18405000;152;;;;;;;;;;;;;;
3.335067;18407500;335;;;;;;;;;;;;;;
3.337567;18410000;203;;;;;;;;;;;;;;
3.340067;18412500;188;;;;;;;;;;;;;;
3.342567;18415000;168;;;;;;;;;;;;;;
3.345067;18417500;184;;;;;;;;18418542;-425.668;353.131;658.265;-9878.717;-16216.861;2804.846
3.347567;18420000;171;18418964;223.447;-230.405;977.357;-824.352;388.351;-590.234;;;;;;;
3.350067;18422500;140;;;;;;;;;;;;;;
3.352567;18425000;155;;;;;;;;;;;;;;
3.355067;18427500;127;;;;;;;;;;;;;;
3.357567;18430000;156;;;;;;;;;;;;;;
3.360067;18432500;144;;;;;;;;;;;;;;
3.362567;18435000;173;;;;;;;;;;;;;;
3.365067;18437500;175;;;;;;;;;;;;;;
3.367567;18440000;314;;;;;;;;;;;;;;
3.370067;18442500;219;;;;;;;;;;;;;;
3.372567;18445000;151;;;;;;;;;;;;;;
3.375067;18447500;153;;;;;;;;;;;;;;
3.377567;18450000;154;18449355;224.2;-232.872;974.142;-660.197;323.871;-494.66;18448910;-415.798;351.115;672.126;-11642.719;-21599.27;2518.478
3.380067;18452500;153;;;;;;;;;;;;;;
3.382567;18455000;157;;;;;;;;;;;;;;
3.385067;18457500;183;;;;;;;;;;;;;;
3.387567;18460000;153;;;;;;;;;;;;;;
3.390067;18462500;140;;;;;;;;;;;;;;
3.392567;18465000;135;;;;;;;;;;;;;;
3.395067;18467500;153;;;;;;;;;;;;;;
3.397567;18470000;0;;;;;;;;;;;;;;
3.400067;18472500;281;;;;;;;;;;;;;;
3.402567;18475000;204;;;;;;;;;;;;;;
3.405067;18477500;173;;;;;;;;;;;;;;
3.407567;18480000;173;18479809;223.061;-233.77;976.229;-30.0;181.24;-131.739;18479386;-407.806;348.132;686.661;-13572.271;-26199.369;2580.242
3.410067;18482500;140;;;;;;;;;;;;;;
3.412567;18485000;126;;;;;;;;;;;;;;
3.415067;18487500;124;;;;;;;;;;;;;;
3.417567;18490000;135;;;;;;;;;;;;;;
3.420067;18492500;141;;;;;;;;;;;;;;
3.422567;18495000;152;;;;;;;;;;;;;;
3.425067;18497500;173;;;;;;;;;;;;;;
3.427567;18500000;153;;;;;;;;;;;;;;
3.430067;18502500;282;;;;;;;;;;;;;;
3.432567;18505000;182;;;;;;;;;;;;;;
3.435067;18507500;140;;;;;;;;;;;;;;
3.437567;18510000;140;;;;;;;;;;;;;;
3.440067;18512500;142;18511944;220.363;-233.33;979.195;23.563;36.115;438.348;18511499;-395.76;343.7;697.974;-16419.469;-29702.338;2532.167
3.442567;18515000;156;;;;;;;;;;;;;;
3.445067;18517500;174;;;;;;;;;;;;;;
3.447567;18520000;154;;;;;;;;;;;;;;
3.450067;18522500;140;;;;;;;;;;;;;;
3.452567;18525000;0;;;;;;;;;;;;;;
3.455067;18527500;236;;;;;;;;;;;;;;
3.457567;18530000;188;;;;;;;;;;;;;;
3.460067;18532500;156;;;;;;;;;;;;;;
3.462567;18535000;157;;;;;;;;;;;;;;
3.465067;18537500;158;;;;;;;;;;;;;;
3.467567;18540000;154;;;;;;;;;;;;;;
3.470067;18542500;158;18543692;223.454;-233.436;977.534;-377.053;-163.441;1328.618;18543262;-379.004;333.494;710.4;-18877.996;-32545.846;2334.246
3.472567;18545000;154;;;;;;;;;;;;;;
3.475067;18547500;127;;;;;;;;;;;;;;
3.477567;18550000;137;;;;;;;;;;;;;;
3.480067;18552500;168;;;;;;;;;;;;;;
3.482567;18555000;0;;;;;;;;;;;;;;
3.485067;18557500;300;;;;;;;;;;;;;;
3.487567;18560000;217;;;;;;;;;;;;;;
3.490067;18562500;156;;;;;;;;;;;;;;
3.492567;18565000;155;;;;;;;;;;;;;;
3.495067;18567500;136;;;;;;;;;;;;;;
3.497567;18570000;158;;;;;;;;;;;;;;
3.500067;18572500;150;;;;;;;;;;;;;;
3.502567;18575000;174;18575987;222.706;-235.191;977.25;-569.075;-96.644;1598.187;18575549;-364.952;325.902;724.125;-20404.221;-34289.055;2231.534
3.505067;18577500;184;;;;;;;;;;;;;;
3.507567;18580000;154;;;;;;;;;;;;;;
3.510067;18582500;142;;;;;;;;;;;;;;
3.512567;18585000;153;;;;;;;;;;;;;;
3.515067;18587500;280;;;;;;;;;;;;;;
3.517567;18590000;205;;;;;;;;;;;;;;
3.520067;18592500;167;;;;;;;;;;;;;;
3.522567;18595000;167;;;;;;;;;;;;;;
3.525067;18597500;183;;;;;;;;;;;;;;
3.527567;18600000;173;;;;;;;;;;;;;;
3.530067;18602500;166;;;;;;;;;;;;;;
3.532567;18605000;137;;;;;;;;;;;;;;
3.535067;18607500;153;18608178;229.865;-240.786;983.343;-124.559;-345.999;1647.34;18607748;-347.589;317.201;734.998;-21421.885;-35171.164;1853.957
3.537567;18610000;136;;;;;;;;;;;;;;
3.540067;18612500;169;;;;;;;;;;;;;;
3.542567;18615000;173;;;;;;;;;;;;;;
3.545067;18617500;18;;;;;;;;;;;;;;
3.547567;18620000;296;;;;;;;;;;;;;;
3.550067;18622500;184;;;;;;;;;;;;;;
3.552567;18625000;169;;;;;;;;;;;;;;
3.555067;18627500;152;;;;;;;;;;;;;;
3.557567;18630000;136;;;;;;;;;;;;;;
3.560067;18632500;168;;;;;;;;;;;;;;
3.562567;18635000;155;;;;;;;;;;;;;;
3.565067;18637500;173;;;;;;;;18638484;-332.832;308.24;746.213;-21543.854;-35072.918;2401.322
3.567567;18640000;153;18638924;230.376;-238.238;983.781;411.919;-245.574;1482.723;;;;;;;
3.570067;18642500;139;;;;;;;;;;;;;;
3.572567;18645000;153;;;;;;;;;;;;;;
3.575067;18647500;126;;;;;;;;;;;;;;
3.577567;18650000;407;;;;;;;;;;;;;;
3.580067;18652500;240;;;;;;;;;;;;;;
3.582567;18655000;188;;;;;;;;;;;;;;
3.585067;18657500;188;;;;;;;;;;;;;;
3.587567;18660000;173;;;;;;;;;;;;;;
3.590067;18662500;140;;;;;;;;;;;;;;
3.592567;18665000;126;;;;;;;;;;;;;;
3.595067;18667500;124;;;;;;;;;;;;;;
3.597567;18670000;154;18671112;230.179;-238.831;982.33;47.448;-71.858;1454.962;18670684;-315.989;295.341;761.948;-21470.723;-34545.148;3674.256
3.600067;18672500;142;;;;;;;;;;;;;;
3.602567;18675000;173;;;;;;;;;;;;;;
3.605067;18677500;157;;;;;;;;;;;;;;
3.607567;18680000;153;;;;;;;;;;;;;;
3.610067;18682500;382;;;;;;;;;;;;;;
3.612567;18685000;217;;;;;;;;;;;;;;
3.615067;18687500;173;;;;;;;;;;;;;;
3.617567;18690000;141;;;;;;;;;;;;;;
3.620067;18692500;152;;;;;;;;;;;;;;
3.622567;18695000;175;;;;;;;;;;;;;;
3.625067;18697500;158;;;;;;;;;;;;;;
3.627567;18700000;173;;;;;;;;;;;;;;
3.630067;18702500;141;18703149;229.18;-238.888;981.867;81.826;59.048;1411.526;18702709;-300.556;283.789;778.085;-20851.311;-33145.141;4765.855
3.632567;18705000;127;;;;;;;;;;;;;;
3.635067;18707500;135;;;;;;;;;;;;;;
3.637567;18710000;138;;;;;;;;;;;;;;
3.640067;18712500;142;;;;;;;;;;;;;;
3.642567;18715000;349;;;;;;;;;;;;;;
3.645067;18717500;235;;;;;;;;;;;;;;
3.647567;18720000;184;;;;;;;;;;;;;;
3.650067;18722500;169;;;;;;;;;;;;;;
3.652567;18725000;155;;;;;;;;;;;;;;
3.655067;18727500;134;;;;;;;;;;;;;;
3.657567;18730000;154;;;;;;;;;;;;;;
3.660067;18732500;152;;;;;;;;;;;;;;
3.662567;18735000;155;18735077;229.568;-239.01;982.446;-341.828;198.72;1385.137;18734647;-286.791;281.403;783.607;-21393.807;-31093.695;4902.938
3.665067;18737500;157;;;;;;;;;;;;;;
3.667567;18740000;155;;;;;;;;;;;;;;
3.670067;18742500;168;;;;;;;;;;;;;;
3.672567;18745000;344;;;;;;;;;;;;;;
3.675067;18747500;233;;;;;;;;;;;;;;
3.677567;18750000;168;;;;;;;;;;;;;;
3.680067;18752500;156;;;;;;;;;;;;;;
3.682567;18755000;182;;;;;;;;;;;;;;
3.685067;18757500;157;;;;;;;;;;;;;;
3.687567;18760000;173;;;;;;;;;;;;;;
3.690067;18762500;140;;;;;;;;;;;;;;
3.692567;18765000;144;;;;;;;;;;;;;;
3.695067;18767500;151;18767284;229.277;-240.918;980.989;-531.674;202.784;1379.756;18766847;-276.361;269.071;794.246;-21899.99;-28500.822;5130.291
3.697567;18770000;136;;;;;;;;;;;;;;
3.700067;18772500;169;;;;;;;;;;;;;;
3.702567;18775000;157;;;;;;;;;;;;;;
3.705067;18777500;381;;;;;;;;;;;;;;
3.707567;18780000;264;;;;;;;;;;;;;;
3.710067;18782500;172;;;;;;;;;;;;;;
3.712567;18785000;157;;;;;;;;;;;;;;
3.715067;18787500;134;;;;;;;;;;;;;;
3.717567;18790000;136;;;;;;;;;;;;;;
3.720067;18792500;170;;;;;;;;;;;;;;
3.722567;18795000;155;;;;;;;;;;;;;;
3.725067;18797500;182;18797927;230.104;-245.074;981.277;-8.965;174.708;1197.893;18797497;-262.519;256.74;802.333;-21986.24;-25978.094;5415.838
3.727567;18800000;154;;;;;;;;;;;;;;
3.730067;18802500;159;;;;;;;;;;;;;;
3.732567;18805000;153;;;;;;;;;;;;;;
3.735067;18807500;126;;;;;;;;;;;;;;
3.737567;18810000;360;;;;;;;;;;;;;;
3.740067;18812500;219;;;;;;;;;;;;;;
3.742567;18815000;184;;;;;;;;;;;;;;
3.745067;18817500;167;;;;;;;;;;;;;;
3.747567;18820000;155;;;;;;;;;;;;;;
3.750067;18822500;157;18822145;233.636;-243.733;978.878;147.233;424.535;913.123;18821713;-248.795;245.44;811.901;-22026.615;-22567.814;5772.421
3.752567;18825000;126;;;;;;;;;;;;;;
3.755067;18827500;127;;;;;;;;;;;;;;
3.757567;18830000;135;;;;;;;;;;;;;;
3.760067;18832500;141;;;;;;;;;;;;;;
3.762567;18835000;173;;;;;;;;;;;;;;
3.765067;18837500;156;;;;;;;;;;;;;;
3.767567;18840000;153;;;;;;;;;;;;;;
3.770067;18842500;300;;;;;;;;;;;;;;
3.772567;18845000;187;;;;;;;;;;;;;;
3.775067;18847500;169;;;;;;;;;;;;;;
3.777567;18850000;140;;;;;;;;;;;;;;
3.780067;18852500;152;18852603;239.351;-241.252;977.697;-967.441;888.058;480.279;18852168;-231.103;232.296;818.746;-23023.973;-17444.611;6568.8
3.782567;18855000;155;;;;;;;;;;;;;;
3.785067;18857500;157;;;;;;;;;;;;;;
3.787567;18860000;172;;;;;;;;;;;;;;
3.790067;18862500;166;;;;;;;;;;;;;;
3.792567;18865000;136;;;;;;;;;;;;;;
3.795067;18867500;134;;;;;;;;;;;;;;
3.797567;18870000;138;;;;;;;;;;;;;;
3.800067;18872500;168;;;;;;;;;;;;;;
3.802567;18875000;299;;;;;;;;;;;;;;
3.805067;18877500;215;;;;;;;;;;;;;;
3.807567;18880000;172;;;;;;;;;;;;;;
3.810067;18882500;150;18883164;238.675;-246.739;975.099;-2617.444;1397.968;-199.547;18882731;-226.417;219.199;824.809;-23876.961;-10953.131;6716.798
3.812567;18885000;153;;;;;;;;;;;;;;
3.815067;18887500;152;;;;;;;;;;;;;;
3.817567;18890000;135;;;;;;;;;;;;;;
3.820067;18892500;143;;;;;;;;;;;;;;
3.822567;18895000;153;;;;;;;;;;;;;;
3.825067;18897500;154;;;;;;;;;;;;;;
3.827567;18900000;172;;;;;;;;;;;;;;
3.830067;18902500;157;;;;;;;;;;;;;;
3.832567;18905000;334;;;;;;;;;;;;;;
3.835067;18907500;215;;;;;;;;;;;;;;
3.837567;18910000;153;;;;;;;;;;;;;;
3.840067;18912500;171;;;;;;;;;;;;;;
3.842567;18915000;173;18915539;228.516;-250.957;974.619;-2944.197;1039.757;-368.945;18915104;-237.477;199.315;845.026;-21266.488;-5922.85;7665.896
3.845067;18917500;174;;;;;;;;;;;;;;
3.847567;18920000;171;;;;;;;;;;;;;;
3.850067;18922500;141;;;;;;;;;;;;;;
3.852567;18925000;151;;;;;;;;;;;;;;
3.855067;18927500;142;;;;;;;;;;;;;;
3.857567;18930000;271;;;;;;;;;;;;;;
3.860067;18932500;216;;;;;;;;;;;;;;
3.862567;18935000;170;;;;;;;;;;;;;;
3.865067;18937500;184;;;;;;;;;;;;;;
3.867567;18940000;172;;;;;;;;;;;;;;
3.870067;18942500;140;;;;;;;;;;;;;;
3.872567;18945000;150;;;;;;;;;;;;;;
3.875067;18947500;123;18947829;217.218;-252.525;984.076;721.388;1042.019;-652.81;18947389;-242.146;192.289;851.941;-20436.789;-3725.77;11351.351
3.877567;18950000;153;;;;;;;;;;;;;;
3.880067;18952500;143;;;;;;;;;;;;;;
3.882567;18955000;172;;;;;;;;;;;;;;
3.885067;18957500;174;;;;;;;;;;;;;;
3.887567;18960000;313;;;;;;;;;;;;;;
3.890067;18962500;219;;;;;;;;;;;;;;
3.892567;18965000;150;;;;;;;;;;;;;;
3.895067;18967500;153;;;;;;;;;;;;;;
3.897567;18970000;154;;;;;;;;;;;;;;
3.900067;18972500;140;;;;;;;;;;;;;;
3.902567;18975000;175;;;;;;;;;;;;;;
3.905067;18977500;172;;;;;;;;;;;;;;
3.907567;18980000;152;18980012;216.392;-244.602;985.228;508.569;101.355;-75.044;18979589;-241.049;185.45;857.643;-22139.699;-2060.293;16790.658
3.910067;18982500;158;;;;;;;;;;;;;;
3.912567;18985000;135;;;;;;;;;;;;;;
3.915067;18987500;151;;;;;;;;;;;;;;
3.917567;18990000;334;;;;;;;;;;;;;;
3.920067;18992500;237;;;;;;;;;;;;;;
3.922567;18995000;175;;;;;;;;;;;;;;
3.925067;18997500;159;;;;;;;;;;;;;;
3.927567;19000000;172;;;;;;;;;;;;;;
3.930067;19002500;140;;;;;;;;;;;;;;
3.932567;19005000;152;;;;;;;;;;;;;;
3.935067;19007500;126;;;;;;;;;;;;;;
3.937567;19010000;134;;;;;;;;;;;;;;
3.940067;19012500;159;19012054;222.463;-245.73;981.93;-2092.422;65.225;231.458;19011614;-248.34;173.256;861.573;-24151.652;-1808.091;21623.75
3.942567;19015000;156;;;;;;;;;;;;;;
3.945067;19017500;155;;;;;;;;;;;;;;
3.947567;19020000;154;;;;;;;;;;;;;;
3.950067;19022500;328;;;;;;;;;;;;;;
3.952567;19025000;217;;;;;;;;;;;;;;
3.955067;19027500;153;;;;;;;;;;;;;;
3.957567;19030000;139;;;;;;;;;;;;;;
3.960067;19032500;151;;;;;;;;;;;;;;
3.962567;19035000;154;;;;;;;;;;;;;;
3.965067;19037500;176;;;;;;;;;;;;;;
3.967567;19040000;174;;;;;;;;;;;;;;
3.970067;19042500;159;19042611;216.086;-252.726;980.896;-4190.614;-235.536;1359.135;19042176;-254.284;166.289;868.563;-24214.133;-1717.687;24335.688
3.972567;19045000;125;;;;;;;;;;;;;;
3.975067;19047500;126;;;;;;;;;;;;;;
3.977567;19050000;153;;;;;;;;;;;;;;
3.980067;19052500;143;;;;;;;;;;;;;;
3.982567;19055000;329;;;;;;;;;;;;;;
3.985067;19057500;222;;;;;;;;;;;;;;
3.987567;19060000;176;;;;;;;;;;;;;;
3.990067;19062500;170;;;;;;;;;;;;;;
3.992567;19065000;136;;;;;;;;;;;;;;
3.995067;19067500;126;;;;;;;;;;;;;;
3.997567;19070000;153;;;;;;;;;;;;;;
4.000067;19072500;166;;;;;;;;;;;;;;
4.002567;19075000;155;19074982;213.279;-261.214;981.059;-4153.458;-993.759;2483.366;19074550;-257.948;154.278;881.114;-23065.551;-1851.865;28330.402
4.005067;19077500;173;;;;;;;;;;;;;;
4.007567;19080000;155;;;;;;;;;;;;;;
4.010067;19082500;167;;;;;;;;;;;;;;
4.012567;19085000;154;;;;;;;;;;;;;;
4.015067;19087500;288;;;;;;;;;;;;;;
4.017567;19090000;205;;;;;;;;;;;;;;
4.020067;19092500;157;;;;;;;;;;;;;;
4.022567;19095000;183;;;;;;;;;;;;;;
4.025067;19097500;175;;;;;;;;;;;;;;
4.027567;19100000;156;;;;;;;;;;;;;;
4.030067;19102500;140;;;;;;;;;;;;;;
4.032567;19105000;153;;;;;;;;;;;;;;
4.035067;19107500;143;19107357;214.107;-259.597;978.842;-3240.535;-1835.259;3550.51;19106922;-260.984;146.918;889.177;-21734.211;-2755.459;30588.883
4.037567;19110000;153;;;;;;;;;;;;;;
4.040067;19112500;143;;;;;;;;;;;;;;
4.042567;19115000;173;;;;;;;;;;;;;;
4.045067;19117500;122;;;;;;;;;;;;;;
4.047567;19120000;281;;;;;;;;;;;;;;
4.050067;19122500;205;;;;;;;;;;;;;;
4.052567;19125000;142;;;;;;;;;;;;;;
4.055067;19127500;154;;;;;;;;;;;;;;
4.057567;19130000;135;;;;;;;;;;;;;;
4.060067;19132500;144;;;;;;;;;;;;;;
4.062567;19135000;173;;;;;;;;;;;;;;
4.065067;19137500;158;;;;;;;;;;;;;;
4.067567;19140000;173;;;;;;;;;;;;;;
4.070067;19142500;142;;;;;;;;;;;;;;
4.072567;19145000;151;;;;;;;;;;;;;;
4.075067;19147500;150;;;;;;;;;;;;;;
4.077567;19150000;301;19149200;215.962;-262.532;977.248;-3480.571;-1947.808;4562.547;19148760;-257.317;138.205;891.401;-20346.938;-3006.186;32587.438
4.080067;19152500;223;;;;;;;;;;;;;;
4.082567;19155000;173;;;;;;;;;;;;;;
4.085067;19157500;168;;;;;;;;;;;;;;
4.087567;19160000;156;;;;;;;;;;;;;;
4.090067;19162500;140;;;;;;;;;;;;;;
4.092567;19165000;153;;;;;;;;;;;;;;
4.095067;19167500;152;;;;;;;;;;;;;;
4.097567;19170000;154;;;;;;;;;;;;;;
4.100067;19172500;143;;;;;;;;;;;;;;
4.102567;19175000;155;;;;;;;;;;;;;;
4.105067;19177500;158;;;;;;;;;;;;;;
4.107567;19180000;174;;;;;;;;19181134;-254.699;132.045;893.917;-18683.402;-2435.002;36558.062
4.110067;19182500;296;19181561;219.499;-265.064;974.935;-3279.855;-1930.918;4955.232;;;;;;;
4.112567;19185000;187;;;;;;;;;;;;;;
4.115067;19187500;144;;;;;;;;;;;;;;
4.117567;19190000;140;;;;;;;;;;;;;;
4.120067;19192500;142;;;;;;;;;;;;;;
4.122567;19195000;174;;;;;;;;;;;;;;
4.125067;19197500;156;;;;;;;;;;;;;;
4.127567;19200000;155;;;;;;;;;;;;;;
4.130067;19202500;159;;;;;;;;;;;;;;
4.132567;19205000;154;;;;;;;;;;;;;;
4.135067;19207500;127;;;;;;;;;;;;;;
4.137567;19210000;137;;;;;;;;;;;;;;
4.140067;19212500;143;;;;;;;;19213593;-252.486;131.647;895.807;-16880.357;-2969.939;39065.785
4.142567;19215000;327;19214033;220.791;-270.147;972.005;-3618.987;-1623.935;4884.22;;;;;;;
4.145067;19217500;236;;;;;;;;;;;;;;
4.147567;19220000;174;;;;;;;;;;;;;;
4.150067;19222500;152;;;;;;;;;;;;;;
4.152567;19225000;138;;;;;;;;;;;;;;
4.155067;19227500;152;;;;;;;;;;;;;;
4.157567;19230000;153;;;;;;;;;;;;;;
4.160067;19232500;158;;;;;;;;;;;;;;
4.162567;19235000;152;;;;;;;;;;;;;;
4.165067;19237500;155;;;;;;;;;;;;;;
4.167567;19240000;172;;;;;;;;;;;;;;
4.170067;19242500;158;;;;;;;;;;;;;;
4.172567;19245000;152;;;;;;;;19245964;-248.744;128.834;898.377;-14995.526;-2385.692;41241.621
4.175067;19247500;124;19246395;220.158;-274.629;970.57;-2926.163;-1565.488;4265.947;;;;;;;
4.177567;19250000;153;;;;;;;;;;;;;;
4.180067;19252500;140;;;;;;;;;;;;;;
4.182567;19255000;22;;;;;;;;;;;;;;
4.185067;19257500;269;;;;;;;;;;;;;;
4.187567;19260000;198;;;;;;;;;;;;;;
4.190067;19262500;173;;;;;;;;;;;;;;
4.192567;19265000;137;;;;;;;;;;;;;;
4.195067;19267500;151;;;;;;;;;;;;;;
4.197567;19270000;153;;;;;;;;;;;;;;
4.200067;19272500;141;;;;;;;;;;;;;;
4.202567;19275000;172;;;;;;;;;;;;;;
4.205067;19277500;157;19277227;223.704;-274.287;967.908;-2327.042;-1517.401;3852.712;19276789;-247.689;129.151;902.002;-12618.688;-1474.095;45696.102
4.207567;19280000;172;;;;;;;;;;;;;;
4.210067;19282500;159;;;;;;;;;;;;;;
4.212567;19285000;125;;;;;;;;;;;;;;
4.215067;19287500;286;;;;;;;;;;;;;;
4.217567;19290000;239;;;;;;;;;;;;;;
4.220067;19292500;201;;;;;;;;;;;;;;
4.222567;19295000;185;;;;;;;;;;;;;;
4.225067;19297500;159;;;;;;;;;;;;;;
4.227567;19300000;170;;;;;;;;;;;;;;
4.230067;19302500;137;;;;;;;;;;;;;;
4.232567;19305000;151;;;;;;;;;;;;;;
4.235067;19307500;138;;;;;;;;;;;;;;
4.237567;19310000;142;19309684;223.127;-274.987;967.245;-1808.19;-918.718;3037.951;19309249;-246.144;130.301;902.524;-12069.565;-1765.265;48971.484
4.240067;19312500;157;;;;;;;;;;;;;;
4.242567;19315000;169;;;;;;;;;;;;;;
4.245067;19317500;154;;;;;;;;;;;;;;
4.247567;19320000;30;;;;;;;;;;;;;;
4.250067;19322500;266;;;;;;;;;;;;;;
4.252567;19325000;184;;;;;;;;;;;;;;
4.255067;19327500;155;;;;;;;;;;;;;;
4.257567;19330000;154;;;;;;;;;;;;;;
4.260067;19332500;140;;;;;;;;;;;;;;
4.262567;19335000;153;;;;;;;;;;;;;;
4.265067;19337500;156;;;;;;;;;;;;;;
4.267567;19340000;151;;;;;;;;;;;;;;
4.270067;19342500;140;19342060;219.504;-277.366;968.018;-2373.593;-720.97;3009.428;19341620;-244.567;134.357;901.305;-10539.462;-2357.752;50885.223
4.272567;19345000;127;;;;;;;;;;;;;;
4.275067;19347500;142;;;;;;;;;;;;;;
4.277567;19350000;135;;;;;;;;;;;;;;
4.280067;19352500;31;;;;;;;;;;;;;;
4.282567;19355000;255;;;;;;;;;;;;;;
4.285067;19357500;190;;;;;;;;;;;;;;
4.287567;19360000;159;;;;;;;;;;;;;;
4.290067;19362500;140;;;;;;;;;;;;;;
4.292567;19365000;125;;;;;;;;;;;;;;
4.295067;19367500;142;;;;;;;;;;;;;;
4.297567;19370000;152;;;;;;;;;;;;;;
4.300067;19372500;157;;;;;;;;;;;;;;
4.302567;19375000;153;19374248;219.57;-282.408;966.117;-1151.538;-947.859;2669.52;19373820;-240.805;134.819;903.991;-8971.238;-2403.052;51686.961
4.305067;19377500;153;;;;;;;;;;;;;;
4.307567;19380000;170;;;;;;;;;;;;;;
4.310067;19382500;140;;;;;;;;;;;;;;
4.312567;19385000;267;;;;;;;;;;;;;;
4.315067;19387500;172;;;;;;;;;;;;;;
4.317567;19390000;142;;;;;;;;;;;;;;
4.320067;19392500;168;;;;;;;;;;;;;;
4.322567;19395000;154;;;;;;;;;;;;;;
4.325067;19397500;156;;;;;;;;;;;;;;
4.327567;19400000;153;;;;;;;;;;;;;;
4.330067;19402500;139;;;;;;;;;;;;;;
4.332567;19405000;152;;;;;;;;19406106;-238.293;138.411;905.493;-7907.988;-2205.024;53539.301
4.335067;19407500;143;19406546;221.804;-281.842;964.83;-589.524;-889.528;2559.231;;;;;;;
4.337567;19410000;127;;;;;;;;;;;;;;
4.340067;19412500;140;;;;;;;;;;;;;;
4.342567;19415000;155;;;;;;;;;;;;;;
4.345067;19417500;296;;;;;;;;;;;;;;
4.347567;19420000;202;;;;;;;;;;;;;;
4.350067;19422500;176;;;;;;;;;;;;;;
4.352567;19425000;152;;;;;;;;;;;;;;
4.355067;19427500;143;;;;;;;;;;;;;;
4.357567;19430000;135;;;;;;;;;;;;;;
4.360067;19432500;158;;;;;;;;;;;;;;
4.362567;19435000;152;;;;;;;;;;;;;;
4.365067;19437500;172;19437185;221.907;-281.548;963.919;-81.422;-667.427;2220.832;19436755;-235.73;142.245;908.933;-6880.401;-2335.835;54006.211
4.367567;19440000;170;;;;;;;;;;;;;;
4.370067;19442500;140;;;;;;;;;;;;;;
4.372567;19445000;144;;;;;;;;;;;;;;
4.375067;19447500;0;;;;;;;;;;;;;;
4.377567;19450000;265;;;;;;;;;;;;;;
4.380067;19452500;207;;;;;;;;;;;;;;
4.382567;19455000;168;;;;;;;;;;;;;;
4.385067;19457500;182;;;;;;;;;;;;;;
4.387567;19460000;171;;;;;;;;;;;;;;
4.390067;19462500;138;;;;;;;;;;;;;;
4.392567;19465000;143;;;;;;;;;;;;;;
4.395067;19467500;122;;;;;;;;;;;;;;
4.397567;19470000;141;19469306;222.03;-280.244;965.493;189.086;-734.243;2055.54;19468868;-233.008;146.204;911.261;-6577.069;-2557.231;52846.773
4.400067;19472500;139;;;;;;;;;;;;;;
4.402567;19475000;169;;;;;;;;;;;;;;
4.405067;19477500;172;;;;;;;;;;;;;;
4.407567;19480000;362;;;;;;;;;;;;;;
4.410067;19482500;271;;;;;;;;;;;;;;
4.412567;19485000;167;;;;;;;;;;;;;;
4.415067;19487500;127;;;;;;;;;;;;;;
4.417567;19490000;152;;;;;;;;;;;;;;
4.420067;19492500;137;;;;;;;;;;;;;;
4.422567;19495000;152;;;;;;;;;;;;;;
4.425067;19497500;174;;;;;;;;;;;;;;
4.427567;19500000;172;19501234;222.213;-279.834;964.877;-44.368;-860.718;2116.388;19500807;-229.629;148.715;913.565;-6595.59;-2793.807;50958.246
4.430067;19502500;156;;;;;;;;;;;;;;
4.432567;19505000;126;;;;;;;;;;;;;;
4.435067;19507500;123;;;;;;;;;;;;;;
4.437567;19510000;151;;;;;;;;;;;;;;
4.440067;19512500;327;;;;;;;;;;;;;;
4.442567;19515000;264;;;;;;;;;;;;;;
4.445067;19517500;200;;;;;;;;;;;;;;
4.447567;19520000;169;;;;;;;;;;;;;;
4.450067;19522500;167;;;;;;;;;;;;;;
4.452567;19525000;125;;;;;;;;;;;;;;
4.455067;19527500;126;;;;;;;;;;;;;;
4.457567;19530000;134;;;;;;;;;;;;;;
4.460067;19532500;159;19533357;221.808;-282.209;964.982;-379.462;-765.62;2305.881;19532918;-225.663;152.668;914.07;-6736.123;-3149.367;48854.832
4.462567;19535000;172;;;;;;;;;;;;;;
4.465067;19537500;160;;;;;;;;;;;;;;
4.467567;19540000;156;;;;;;;;;;;;;;
4.470067;19542500;140;;;;;;;;;;;;;;
4.472567;19545000;295;;;;;;;;;;;;;;
4.475067;19547500;192;;;;;;;;;;;;;;
4.477567;19550000;143;;;;;;;;;;;;;;
4.480067;19552500;153;;;;;;;;;;;;;;
4.482567;19555000;155;;;;;;;;;;;;;;
4.485067;19557500;176;;;;;;;;;;;;;;
4.487567;19560000;154;;;;;;;;;;;;;;
4.490067;19562500;158;;;;;;;;;;;;;;
4.492567;19565000;136;19565545;220.222;-283.434;963.733;-267.739;-999.026;2495.087;19565118;-223.28;155.063;916.44;-6499.067;-3358.523;46354.34
4.495067;19567500;135;;;;;;;;;;;;;;
4.497567;19570000;137;;;;;;;;;;;;;;
4.500067;19572500;142;;;;;;;;;;;;;;
4.502567;19575000;0;;;;;;;;;;;;;;
4.505067;19577500;280;;;;;;;;;;;;;;
4.507567;19580000;201;;;;;;;;;;;;;;
4.510067;19582500;157;;;;;;;;;;;;;;
4.512567;19585000;139;;;;;;;;;;;;;;
4.515067;19587500;135;;;;;;;;;;;;;;
4.517567;19590000;128;;;;;;;;;;;;;;
4.520067;19592500;168;;;;;;;;;;;;;;
4.522567;19595000;155;19596208;218.409;-288.008;962.498;305.21;-1224.7;2894.458;19595768;-223.559;156.643;919.595;-5796.988;-3832.847;42877.246
4.525067;19597500;158;;;;;;;;;;;;;;
4.527567;19600000;155;;;;;;;;;;;;;;
4.530067;19602500;141;;;;;;;;;;;;;;
4.532567;19605000;153;;;;;;;;;;;;;;
4.535067;19607500;381;;;;;;;;;;;;;;
4.537567;19610000;232;;;;;;;;;;;;;;
4.540067;19612500;175;;;;;;;;;;;;;;
4.542567;19615000;185;;;;;;;;;;;;;;
4.545067;19617500;176;;;;;;;;;;;;;;
4.547567;19620000;154;19620580;218.994;-293.036;961.813;2340.075;-1516.09;3386.735;19620158;-222.141;158.217;922.678;-4332.889;-4717.018;37439.445
4.550067;19622500;168;;;;;;;;;;;;;;
4.552567;19625000;138;;;;;;;;;;;;;;
4.555067;19627500;151;;;;;;;;;;;;;;
4.557567;19630000;152;;;;;;;;;;;;;;
4.560067;19632500;142;;;;;;;;;;;;;;
4.562567;19635000;174;;;;;;;;;;;;;;
4.565067;19637500;184;;;;;;;;;;;;;;
4.567567;19640000;380;;;;;;;;;;;;;;
4.570067;19642500;248;;;;;;;;;;;;;;
4.572567;19645000;159;;;;;;;;;;;;;;
4.575067;19647500;155;;;;;;;;;;;;;;
4.577567;19650000;156;;;;;;;;19650873;-213.127;160.231;926.613;-1876.244;-5359.667;30721.723
4.580067;19652500;160;19651318;224.471;-293.542;960.936;4877.821;-2116.661;4846.648;;;;;;;
4.582567;19655000;172;;;;;;;;;;;;;;
4.585067;19657500;158;;;;;;;;;;;;;;
4.587567;19660000;156;;;;;;;;;;;;;;
4.590067;19662500;168;;;;;;;;;;;;;;
4.592567;19665000;155;;;;;;;;;;;;;;
4.595067;19667500;151;;;;;;;;;;;;;;
4.597567;19670000;138;;;;;;;;;;;;;;
4.600067;19672500;334;;;;;;;;;;;;;;
4.602567;19675000;248;;;;;;;;;;;;;;
4.605067;19677500;204;;;;;;;;;;;;;;
4.607567;19680000;167;;;;;;;;;;;;;;
4.610067;19682500;152;19682032;227.656;-289.973;958.316;5977.93;-2056.765;6153.941;19681610;-208.79;161.217;928.198;-627.432;-6072.558;25040.324
4.612567;19685000;156;;;;;;;;;;;;;;
4.615067;19687500;128;;;;;;;;;;;;;;
4.617567;19690000;136;;;;;;;;;;;;;;
4.620067;19692500;142;;;;;;;;;;;;;;
4.622567;19695000;154;;;;;;;;;;;;;;
4.625067;19697500;183;;;;;;;;;;;;;;
4.627567;19700000;174;;;;;;;;;;;;;;
4.630067;19702500;380;;;;;;;;;;;;;;
4.632567;19705000;222;;;;;;;;;;;;;;
4.635067;19707500;156;;;;;;;;;;;;;;
4.637567;19710000;156;;;;;;;;;;;;;;
4.640067;19712500;169;;;;;;;;19713635;-211.221;161.238;929.032;2679.065;-8680.93;18517.746
4.642567;19715000;173;19714080;224.966;-281.501;963.757;6261.346;-1774.989;6763.681;;;;;;;
4.645067;19717500;158;;;;;;;;;;;;;;
4.647567;19720000;155;;;;;;;;;;;;;;
4.650067;19722500;167;;;;;;;;;;;;;;
4.652567;19725000;152;;;;;;;;;;;;;;
4.655067;19727500;329;;;;;;;;;;;;;;
4.657567;19730000;202;;;;;;;;;;;;;;
4.660067;19732500;168;;;;;;;;;;;;;;
4.662567;19735000;184;;;;;;;;;;;;;;
4.665067;19737500;157;;;;;;;;;;;;;;
4.667567;19740000;175;;;;;;;;;;;;;;
4.670067;19742500;141;;;;;;;;;;;;;;
4.672567;19745000;135;19746176;222.269;-279.218;969.591;7560.904;-1953.115;6331.872;19745746;-197.074;170.537;928.904;6180.299;-11619.133;10322.797
4.675067;19747500;150;;;;;;;;;;;;;;
4.677567;19750000;127;;;;;;;;;;;;;;
4.680067;19752500;143;;;;;;;;;;;;;;
4.682567;19755000;154;;;;;;;;;;;;;;
4.685067;19757500;395;;;;;;;;;;;;;;
4.687567;19760000;251;;;;;;;;;;;;;;
4.690067;19762500;174;;;;;;;;;;;;;;
4.692567;19765000;141;;;;;;;;;;;;;;
4.695067;19767500;153;;;;;;;;;;;;;;
4.697567;19770000;154;;;;;;;;;;;;;;
4.700067;19772500;141;;;;;;;;;;;;;;
4.702567;19775000;154;;;;;;;;;;;;;;
4.705067;19777500;172;19778471;225.046;-272.369;968.856;7844.358;-2102.646;6422.153;19778033;-191.636;172.484;929.984;7654.096;-11686.113;6593.22
4.707567;19780000;155;;;;;;;;;;;;;;
4.710067;19782500;168;;;;;;;;;;;;;;
4.712567;19785000;134;;;;;;;;;;;;;;
4.715067;19787500;0;;;;;;;;;;;;;;
4.717567;19790000;265;;;;;;;;;;;;;;
4.720067;19792500;189;;;;;;;;;;;;;;
4.722567;19795000;186;;;;;;;;;;;;;;
4.725067;19797500;166;;;;;;;;;;;;;;
4.727567;19800000;184;;;;;;;;;;;;;;
4.730067;19802500;141;;;;;;;;;;;;;;
4.732567;19805000;152;;;;;;;;;;;;;;
4.735067;19807500;143;;;;;;;;;;;;;;
4.737567;19810000;127;19810662;224.725;-268.334;969.006;5814.141;-1624.764;6566.983;19810232;-189.374;176.883;929.68;8979.391;-13307.683;1867.996
4.740067;19812500;166;;;;;;;;;;;;;;
4.742567;19815000;152;;;;;;;;;;;;;;
4.745067;19817500;157;;;;;;;;;;;;;;
4.747567;19820000;17;;;;;;;;;;;;;;
4.750067;19822500;250;;;;;;;;;;;;;;
4.752567;19825000;186;;;;;;;;;;;;;;
4.755067;19827500;139;;;;;;;;;;;;;;
4.757567;19830000;137;;;;;;;;;;;;;;
4.760067;19832500;165;;;;;;;;;;;;;;
4.762567;19835000;154;;;;;;;;;;;;;;
4.765067;19837500;173;;;;;;;;;;;;;;
4.767567;19840000;154;;;;;;;;19840881;-183.578;186.485;929.3;8536.983;-13433.298;-1919.654
4.770067;19842500;159;19841326;222.516;-270.716;968.3;3923.934;-1389.526;6792.509;;;;;;;
4.772567;19845000;152;;;;;;;;;;;;;;
4.775067;19847500;124;;;;;;;;;;;;;;
4.777567;19850000;153;;;;;;;;;;;;;;
4.780067;19852500;382;;;;;;;;;;;;;;
4.782567;19855000;249;;;;;;;;;;;;;;
4.785067;19857500;190;;;;;;;;;;;;;;
4.787567;19860000;168;;;;;;;;;;;;;;
4.790067;19862500;144;;;;;;;;;;;;;;
4.792567;19865000;135;;;;;;;;;;;;;;
4.795067;19867500;142;;;;;;;;;;;;;;
4.797567;19870000;125;;;;;;;;;;;;;;
4.800067;19872500;140;19873590;226.97;-273.303;964.665;3305.987;-1151.175;6989.696;19873168;-179.505;188.367;931.665;8409.385;-13112.508;-4182.233
4.802567;19875000;172;;;;;;;;;;;;;;
4.805067;19877500;175;;;;;;;;;;;;;;
4.807567;19880000;173;;;;;;;;;;;;;;
4.810067;19882500;141;;;;;;;;;;;;;;
4.812567;19885000;359;;;;;;;;;;;;;;
4.815067;19887500;232;;;;;;;;;;;;;;
4.817567;19890000;155;;;;;;;;;;;;;;
4.820067;19892500;167;;;;;;;;;;;;;;
4.822567;19895000;154;;;;;;;;;;;;;;
4.825067;19897500;156;;;;;;;;;;;;;;
4.827567;19900000;172;;;;;;;;;;;;;;
4.830067;19902500;142;;;;;;;;;;;;;;
4.832567;19905000;126;19905899;230.987;-274.534;961.273;3541.0;-836.366;6517.273;19905454;-177.551;189.971;931.387;8485.916;-13334.944;-7050.059
4.835067;19907500;125;;;;;;;;;;;;;;
4.837567;19910000;127;;;;;;;;;;;;;;
4.840067;19912500;157;;;;;;;;;;;;;;
4.842567;19915000;153;;;;;;;;;;;;;;
4.845067;19917500;348;;;;;;;;;;;;;;
4.847567;19920000;231;;;;;;;;;;;;;;
4.850067;19922500;171;;;;;;;;;;;;;;
4.852567;19925000;157;;;;;;;;;;;;;;
4.855067;19927500;151;;;;;;;;;;;;;;
4.857567;19930000;125;;;;;;;;;;;;;;
4.860067;19932500;139;;;;;;;;;;;;;;
4.862567;19935000;153;;;;;;;;;;;;;;
4.865067;19937500;174;;;;;;;;;;;;;;
4.867567;19940000;172;;;;;;;;;;;;;;
4.870067;19942500;143;;;;;;;;;;;;;;
4.872567;19945000;127;;;;;;;;;;;;;;
4.875067;19947500;410;19947461;229.247;-275.069;961.589;2670.512;-611.235;5795.91;19947031;-175.92;194.35;929.824;8030.12;-13975.885;-9841.432
4.877567;19950000;249;;;;;;;;;;;;;;
4.880067;19952500;198;;;;;;;;;;;;;;
4.882567;19955000;168;;;;;;;;;;;;;;
4.885067;19957500;157;;;;;;;;;;;;;;
4.887567;19960000;174;;;;;;;;;;;;;;
4.890067;19962500;142;;;;;;;;;;;;;;
4.892567;19965000;136;;;;;;;;;;;;;;
4.895067;19967500;125;;;;;;;;;;;;;;
4.897567;19970000;128;;;;;;;;;;;;;;
4.900067;19972500;156;;;;;;;;;;;;;;
4.902567;19975000;152;;;;;;;;;;;;;;
4.905067;19977500;158;;;;;;;;;;;;;;
4.907567;19980000;376;19979675;223.177;-274.839;964.554;2238.612;-442.861;5371.802;19979231;-175.011;199.815;928.375;7288.677;-14379.591;-11002.235
4.910067;19982500;232;;;;;;;;;;;;;;
4.912567;19985000;184;;;;;;;;;;;;;;
4.915067;19987500;136;;;;;;;;;;;;;;
4.917567;19990000;127;;;;;;;;;;;;;;
4.920067;19992500;155;;;;;;;;;;;;;;
4.922567;19995000;151;;;;;;;;;;;;;;
4.925067;19997500;174;;;;;;;;;;;;;;
4.927567;20000000;157;;;;;;;;;;;;;;
4.930067;20002500;167;;;;;;;;;;;;;;
4.932567;20005000;153;;;;;;;;;;;;;;
4.935067;20007500;124;;;;;;;;;;;;;;
4.937567;20010000;152;;;;;;;;;;;;;;
4.940067;20012500;362;20011947;222.571;-275.762;964.961;2061.931;-505.593;5172.774;20011517;-173.581;201.903;930.384;7532.368;-14414.424;-11012.998
4.942567;20015000;255;;;;;;;;;;;;;;
4.945067;20017500;206;;;;;;;;;;;;;;
4.947567;20020000;167;;;;;;;;;;;;;;
4.950067;20022500;169;;;;;;;;;;;;;;
4.952567;20025000;137;;;;;;;;;;;;;;
4.955067;20027500;144;;;;;;;;;;;;;;
4.957567;20030000;151;;;;;;;;;;;;;;
4.960067;20032500;140;;;;;;;;;;;;;;
4.962567;20035000;152;;;;;;;;;;;;;;
4.965067;20037500;157;;;;;;;;;;;;;;
4.967567;20040000;172;;;;;;;;;;;;;;
4.970067;20042500;167;;;;;;;;20043628;-164.938;203.727;940.558;8406.999;-13720.827;-11277.41
4.972567;20045000;136;20044068;224.905;-275.998;963.738;2533.709;-497.813;4847.635;;;;;;;
4.975067;20047500;124;;;;;;;;;;;;;;
4.977567;20050000;136;;;;;;;;;;;;;;
4.980067;20052500;159;;;;;;;;;;;;;;
4.982567;20055000;301;;;;;;;;;;;;;;
4.985067;20057500;217;;;;;;;;;;;;;;
4.987567;20060000;173;;;;;;;;;;;;;;
4.990067;20062500;154;;;;;;;;;;;;;;
4.992567;20065000;157;;;;;;;;;;;;;;
4.995067;20067500;126;;;;;;;;;;;;;;
4.997567;20070000;135;;;;;;;;;;;;;;
5.000067;20072500;137;;;;;;;;;;;;;;
5.002567;20075000;151;20074706;227.019;-275.368;964.473;2144.961;-103.672;4324.816;20074279;-159.082;207.583;941.379;9188.898;-12963.473;-13293.477
5.005067;20077500;157;;;;;;;;;;;;;;
5.007567;20080000;175;;;;;;;;;;;;;;
5.010067;20082500;142;;;;;;;;;;;;;;
5.012567;20085000;137;;;;;;;;;;;;;;
5.015067;20087500;267;;;;;;;;;;;;;;
5.017567;20090000;174;;;;;;;;;;;;;;
5.020067;20092500;174;;;;;;;;;;;;;;
5.022567;20095000;156;;;;;;;;;;;;;;
5.025067;20097500;166;;;;;;;;;;;;;;
5.027567;20100000;155;;;;;;;;;;;;;;
5.030067;20102500;142;;;;;;;;;;;;;;
5.032567;20105000;153;;;;;;;;;;;;;;
5.035067;20107500;124;20107004;228.96;-274.275;961.939;1121.588;169.699;3584.013;20106565;-155.648;211.465;940.194;8684.391;-11396.549;-14699.928
5.037567;20110000;135;;;;;;;;;;;;;;
5.040067;20112500;158;;;;;;;;;;;;;;
5.042567;20115000;152;;;;;;;;;;;;;;
5.045067;20117500;0;;;;;;;;;;;;;;
5.047567;20120000;278;;;;;;;;;;;;;;
5.050067;20122500;185;;;;;;;;;;;;;;
5.052567;20125000;168;;;;;;;;;;;;;;
5.055067;20127500;128;;;;;;;;;;;;;;
5.057567;20130000;127;;;;;;;;;;;;;;
5.060067;20132500;158;;;;;;;;;;;;;;
5.062567;20135000;152;;;;;;;;;;;;;;
5.065067;20137500;172;;;;;;;;;;;;;;
5.067567;20140000;152;20139193;224.155;-275.494;962.257;120.071;711.151;2620.375;20138763;-154.759;217.362;937.122;7875.671;-9817.847;-16340.557
5.070067;20142500;157;;;;;;;;;;;;;;
5.072567;20145000;135;;;;;;;;;;;;;;
5.075067;20147500;125;;;;;;;;;;;;;;
5.077567;20150000;25;;;;;;;;;;;;;;
5.080067;20152500;249;;;;;;;;;;;;;;
5.082567;20155000;202;;;;;;;;;;;;;;
5.085067;20157500;188;;;;;;;;;;;;;;
5.087567;20160000;158;;;;;;;;;;;;;;
5.090067;20162500;160;;;;;;;;;;;;;;
5.092567;20165000;135;;;;;;;;;;;;;;
5.095067;20167500;144;;;;;;;;;;;;;;
5.097567;20170000;152;20171140;223.128;-276.463;962.389;-1464.87;1276.281;1414.418;20170702;-154.036;222.921;932.686;6519.387;-8329.892;-16825.527
5.100067;20172500;155;;;;;;;;;;;;;;
5.102567;20175000;171;;;;;;;;;;;;;;
5.105067;20177500;160;;;;;;;;;;;;;;
5.107567;20180000;174;;;;;;;;;;;;;;
5.110067;20182500;300;;;;;;;;;;;;;;
5.112567;20185000;201;;;;;;;;;;;;;;
5.115067;20187500;168;;;;;;;;;;;;;;
5.117567;20190000;139;;;;;;;;;;;;;;
5.120067;20192500;166;;;;;;;;;;;;;;
5.122567;20195000;152;;;;;;;;;;;;;;
5.125067;20197500;174;;;;;;;;;;;;;;
5.127567;20200000;155;;;;;;;;;;;;;;
5.130067;20202500;141;20203418;219.005;-280.336;961.905;-2419.313;1800.905;386.885;20202988;-156.1;225.616;933.784;4807.418;-6865.584;-17059.188
5.132567;20205000;154;;;;;;;;;;;;;;
5.135067;20207500;128;;;;;;;;;;;;;;
5.137567;20210000;152;;;;;;;;;;;;;;
5.140067;20212500;317;;;;;;;;;;;;;;
5.142567;20215000;282;;;;;;;;;;;;;;
5.145067;20217500;223;;;;;;;;;;;;;;
5.147567;20220000;170;;;;;;;;;;;;;;
5.150067;20222500;151;;;;;;;;;;;;;;
5.152567;20225000;126;;;;;;;;;;;;;;
5.155067;20227500;125;;;;;;;;;;;;;;
5.157567;20230000;152;;;;;;;;;;;;;;
5.160067;20232500;138;;;;;;;;20233637;-158.427;228.689;934.071;2985.484;-5402.305;-17325.789
5.162567;20235000;152;20234077;217.406;-282.155;964.519;-2256.785;2078.797;-510.084;;;;;;;
5.165067;20237500;157;;;;;;;;;;;;;;
5.167567;20240000;155;;;;;;;;;;;;;;
5.170067;20242500;160;;;;;;;;;;;;;;
5.172567;20245000;30;;;;;;;;;;;;;;
5.175067;20247500;238;;;;;;;;;;;;;;
5.177567;20250000;169;;;;;;;;;;;;;;
5.180067;20252500;151;;;;;;;;;;;;;;
5.182567;20255000;173;;;;;;;;;;;;;;
5.185067;20257500;184;20256972;218.424;-283.114;962.141;-2609.446;2257.482;-1270.33;20256544;-160.04;227.71;934.667;734.898;-3895.815;-17485.875
5.187567;20260000;156;;;;;;;;;;;;;;
5.190067;20262500;143;;;;;;;;;;;;;;
5.192567;20265000;136;;;;;;;;;;;;;;
5.195067;20267500;124;;;;;;;;;;;;;;
5.197567;20270000;152;;;;;;;;;;;;;;
5.200067;20272500;138;;;;;;;;;;;;;;
5.202567;20275000;154;;;;;;;;;;;;;;
5.205067;20277500;382;;;;;;;;;;;;;;
5.207567;20280000;250;;;;;;;;;;;;;;
5.210067;20282500;174;;;;;;;;;;;;;;
5.212567;20285000;142;;;;;;;;;;;;;;
5.215067;20287500;127;;;;;;;;20288743;-159.078;226.883;931.066;-1619.285;-1536.274;-17290.58
5.217567;20290000;151;20289183;219.587;-283.403;961.931;-3036.348;2686.233;-2158.376;;;;;;;
5.220067;20292500;140;;;;;;;;;;;;;;
5.222567;20295000;171;;;;;;;;;;;;;;
5.225067;20297500;174;;;;;;;;;;;;;;
5.227567;20300000;154;;;;;;;;;;;;;;
5.230067;20302500;167;;;;;;;;;;;;;;
5.232567;20305000;136;;;;;;;;;;;;;;
5.235067;20307500;125;;;;;;;;;;;;;;
5.237567;20310000;378;;;;;;;;;;;;;;
5.240067;20312500;220;;;;;;;;;;;;;;
5.242567;20315000;199;;;;;;;;;;;;;;
5.245067;20317500;168;;;;;;;;;;;;;;
5.247567;20320000;159;20320088;220.692;-284.8;961.896;-3468.156;2969.296;-3065.02;20319654;-155.168;224.262;925.041;-4760.945;1945.165;-17105.926
5.250067;20322500;169;;;;;;;;;;;;;;
5.252567;20325000;155;;;;;;;;;;;;;;
5.255067;20327500;143;;;;;;;;;;;;;;
5.257567;20330000;127;;;;;;;;;;;;;;
5.260067;20332500;156;;;;;;;;;;;;;;
5.262567;20335000;171;;;;;;;;;;;;;;
5.265067;20337500;157;;;;;;;;;;;;;;
5.267567;20340000;46;;;;;;;;;;;;;;
5.270067;20342500;252;;;;;;;;;;;;;;
5.272567;20345000;189;;;;;;;;;;;;;;
5.275067;20347500;157;;;;;;;;;;;;;;
5.277567;20350000;135;;;;;;;;;;;;;;
5.280067;20352500;158;20352466;223.724;-288.927;960.509;-4359.623;3162.519;-3993.269;20352026;-154.992;220.137;917.781;-8361.961;8377.156;-17702.691
5.282567;20355000;152;;;;;;;;;;;;;;
5.285067;20357500;174;;;;;;;;;;;;;;
5.287567;20360000;174;;;;;;;;;;;;;;
5.290067;20362500;335;;;;;;;;;;;;;;
5.292567;20365000;282;;;;;;;;;;;;;;
5.295067;20367500;169;;;;;;;;;;;;;;
5.297567;20370000;158;;;;;;;;;;;;;;
5.300067;20372500;141;;;;;;;;;;;;;;
5.302567;20375000;171;;;;;;;;;;;;;;
5.305067;20377500;157;;;;;;;;;;;;;;
5.307567;20380000;156;;;;;;;;;;;;;;
5.310067;20382500;167;;;;;;;;;;;;;;
5.312567;20385000;136;20384821;220.462;-301.717;962.119;-5221.392;3336.893;-4999.355;20384399;-186.191;173.153;963.69;-5510.925;18979.799;-20445.307
5.315067;20387500;142;;;;;;;;;;;;;;
5.317567;20390000;135;;;;;;;;;;;;;;
5.320067;20392500;138;;;;;;;;;;;;;;
5.322567;20395000;252;;;;;;;;;;;;;;
5.325067;20397500;269;;;;;;;;;;;;;;
5.327567;20400000;214;;;;;;;;;;;;;;
5.330067;20402500;155;;;;;;;;;;;;;;
5.332567;20405000;139;;;;;;;;;;;;;;
5.335067;20407500;152;;;;;;;;;;;;;;
5.337567;20410000;126;;;;;;;;;;;;;;
5.340067;20412500;137;;;;;;;;;;;;;;
5.342567;20415000;152;;;;;;;;;;;;;;
5.345067;20417500;155;20417303;212.531;-304.944;959.22;-2869.072;3537.986;-6379.95;20416858;-203.929;178.189;957.498;2083.996;25008.059;-22920.416
5.347567;20420000;173;;;;;;;;;;;;;;
5.350067;20422500;143;;;;;;;;;;;;;;
5.352567;20425000;137;;;;;;;;;;;;;;
5.355067;20427500;297;;;;;;;;;;;;;;
5.357567;20430000;185;;;;;;;;;;;;;;
5.360067;20432500;174;;;;;;;;;;;;;;
5.362567;20435000;155;;;;;;;;;;;;;;
5.365067;20437500;158;;;;;;;;;;;;;;
5.367567;20440000;156;;;;;;;;;;;;;;
5.370067;20442500;142;;;;;;;;;;;;;;
5.372567;20445000;155;;;;;;;;;;;;;;
5.375067;20447500;125;;;;;;;;;;;;;;
5.377567;20450000;134;20449660;210.719;-303.403;960.694;-3289.118;3523.836;-6751.328;20449229;-228.319;177.381;948.224;5978.109;28512.844;-24574.832
5.380067;20452500;140;;;;;;;;;;;;;;
5.382567;20455000;151;;;;;;;;;;;;;;
5.385067;20457500;174;;;;;;;;;;;;;;
5.387567;20460000;327;;;;;;;;;;;;;;
5.390067;20462500;222;;;;;;;;;;;;;;
5.392567;20465000;154;;;;;;;;;;;;;;
5.395067;20467500;155;;;;;;;;;;;;;;
5.397567;20470000;128;;;;;;;;;;;;;;
5.400067;20472500;158;;;;;;;;;;;;;;
5.402567;20475000;152;;;;;;;;;;;;;;
5.405067;20477500;175;;;;;;;;;;;;;;
5.407567;20480000;174;20480492;205.948;-305.771;961.447;-4132.662;3626.769;-6835.949;20480055;-253.028;176.186;936.608;7752.954;29870.576;-24312.09
5.410067;20482500;144;;;;;;;;;;;;;;
5.412567;20485000;155;;;;;;;;;;;;;;
5.415067;20487500;152;;;;;;;;;;;;;;
5.417567;20490000;144;;;;;;;;;;;;;;
5.420067;20492500;312;;;;;;;;;;;;;;
5.422567;20495000;204;;;;;;;;;;;;;;
5.425067;20497500;199;;;;;;;;;;;;;;
5.427567;20500000;184;;;;;;;;;;;;;;
5.430067;20502500;168;;;;;;;;;;;;;;
5.432567;20505000;156;;;;;;;;;;;;;;
5.435067;20507500;152;;;;;;;;;;;;;;
5.437567;20510000;143;;;;;;;;;;;;;;
5.440067;20512500;155;20512857;202.604;-306.641;960.235;-4122.029;3736.806;-6754.901;20512427;-270.895;174.202;929.177;8722.868;28741.922;-23840.672
5.442567;20515000;169;;;;;;;;;;;;;;
5.445067;20517500;173;;;;;;;;;;;;;;
5.447567;20520000;154;;;;;;;;;;;;;;
5.450067;20522500;160;;;;;;;;;;;;;;
5.452567;20525000;279;;;;;;;;;;;;;;
5.455067;20527500;191;;;;;;;;;;;;;;
5.457567;20530000;168;;;;;;;;;;;;;;
5.460067;20532500;140;;;;;;;;;;;;;;
5.462567;20535000;153;;;;;;;;;;;;;;
5.465067;20537500;174;;;;;;;;;;;;;;
5.467567;20540000;174;;;;;;;;;;;;;;
5.470067;20542500;159;;;;;;;;;;;;;;
5.472567;20545000;137;20545243;202.795;-309.328;957.32;-3824.053;3567.028;-6515.156;20544798;-288.905;175.02;919.611;9162.6;27942.264;-23328.076
5.475067;20547500;123;;;;;;;;;;;;;;
5.477567;20550000;154;;;;;;;;;;;;;;
5.480067;20552500;139;;;;;;;;;;;;;;
5.482567;20555000;153;;;;;;;;;;;;;;
5.485067;20557500;297;;;;;;;;;;;;;;
5.487567;20560000;205;;;;;;;;;;;;;;
5.490067;20562500;184;;;;;;;;;;;;;;
5.492567;20565000;141;;;;;;;;;;;;;;
5.495067;20567500;126;;;;;;;;;;;;;;
5.497567;20570000;126;;;;;;;;;;;;;;
5.500067;20572500;155;;;;;;;;;;;;;;
5.502567;20575000;151;;;;;;;;;;;;;;
5.505067;20577500;155;20577594;201.873;-311.405;957.846;-3553.225;3180.864;-5968.898;20577172;-302.514;175.834;907.87;10205.97;27360.213;-23330.234
5.507567;20580000;153;;;;;;;;;;;;;;
5.510067;20582500;151;;;;;;;;;;;;;;
5.512567;20585000;155;;;;;;;;;;;;;;
5.515067;20587500;344;;;;;;;;;;;;;;
5.517567;20590000;200;;;;;;;;;;;;;;
5.520067;20592500;158;;;;;;;;;;;;;;
5.522567;20595000;157;;;;;;;;;;;;;;
5.525067;20597500;174;;;;;;;;;;;;;;
5.527567;20600000;157;;;;;;;;;;;;;;
5.530067;20602500;169;;;;;;;;;;;;;;
5.532567;20605000;138;;;;;;;;;;;;;;
5.535067;20607500;134;;;;;;;;;;;;;;
5.537567;20610000;152;20610083;202.125;-312.525;957.777;-2735.064;2668.758;-5477.954;20609631;-310.403;177.479;894.483;12804.546;28733.139;-24228.285
5.540067;20612500;138;;;;;;;;;;;;;;
5.542567;20615000;171;;;;;;;;;;;;;;
5.545067;20617500;157;;;;;;;;;;;;;;
5.547567;20620000;332;;;;;;;;;;;;;;
5.550067;20622500;235;;;;;;;;;;;;;;
5.552567;20625000;156;;;;;;;;;;;;;;
5.555067;20627500;137;;;;;;;;;;;;;;
5.557567;20630000;128;;;;;;;;;;;;;;
5.560067;20632500;156;;;;;;;;;;;;;;
5.562567;20635000;153;;;;;;;;;;;;;;
5.565067;20637500;174;;;;;;;;;;;;;;
5.567567;20640000;172;20640971;201.949;-312.307;957.407;-2103.498;2779.008;-5342.306;20640540;-322.205;174.455;885.975;14000.068;31519.668;-25581.496
5.570067;20642500;167;;;;;;;;;;;;;;
5.572567;20645000;153;;;;;;;;;;;;;;
5.575067;20647500;127;;;;;;;;;;;;;;
5.577567;20650000;152;;;;;;;;;;;;;;
5.580067;20652500;332;;;;;;;;;;;;;;
5.582567;20655000;237;;;;;;;;;;;;;;
5.585067;20657500;202;;;;;;;;;;;;;;
5.587567;20660000;169;;;;;;;;;;;;;;
5.590067;20662500;169;;;;;;;;;;;;;;
5.592567;20665000;155;;;;;;;;;;;;;;
5.595067;20667500;126;;;;;;;;;;;;;;
5.597567;20670000;152;;;;;;;;;;;;;;
5.600067;20672500;139;20673438;205.967;-311.49;955.757;-846.823;2916.995;-5493.003;20673001;-350.814;173.809;880.191;11659.877;34102.559;-26355.172
5.602567;20675000;172;;;;;;;;;;;;;;
5.605067;20677500;156;;;;;;;;;;;;;;
5.607567;20680000;175;;;;;;;;;;;;;;
5.610067;20682500;169;;;;;;;;;;;;;;
5.612567;20685000;298;;;;;;;;;;;;;;
5.615067;20687500;204;;;;;;;;;;;;;;
5.617567;20690000;168;;;;;;;;;;;;;;
5.620067;20692500;167;;;;;;;;;;;;;;
5.622567;20695000;171;;;;;;;;;;;;;;
5.625067;20697500;165;;;;;;;;;;;;;;
5.627567;20700000;173;;;;;;;;;;;;;;
5.630067;20702500;170;;;;;;;;;;;;;;
5.632567;20705000;137;20705804;206.191;-310.086;955.073;-517.044;2875.27;-5420.915;20705374;-373.417;170.859;870.177;10559.32;35248.18;-26057.225
5.635067;20707500;152;;;;;;;;;;;;;;
5.637567;20710000;134;;;;;;;;;;;;;;
5.640067;20712500;138;;;;;;;;;;;;;;
5.642567;20715000;144;;;;;;;;;;;;;;
5.645067;20717500;316;;;;;;;;;;;;;;
5.647567;20720000;217;;;;;;;;;;;;;;
5.650067;20722500;169;;;;;;;;;;;;;;
5.652567;20725000;141;;;;;;;;;;;;;;
5.655067;20727500;136;;;;;;;;;;;;;;
5.657567;20730000;152;;;;;;;;;;;;;;
5.660067;20732500;137;;;;;;;;;;;;;;
5.662567;20735000;153;;;;;;;;;;;;;;
5.665067;20737500;175;;;;;;;;;;;;;;
5.667567;20740000;174;;;;;;;;;;;;;;
5.670067;20742500;152;;;;;;;;;;;;;;
5.672567;20745000;136;;;;;;;;;;;;;;
5.675067;20747500;361;20747569;203.574;-310.533;956.351;-840.755;2846.569;-5200.182;20747124;-395.025;170.685;855.832;9945.167;34425.52;-24973.551
5.677567;20750000;234;;;;;;;;;;;;;;
5.680067;20752500;166;;;;;;;;;;;;;;
5.682567;20755000;157;;;;;;;;;;;;;;
5.685067;20757500;158;;;;;;;;;;;;;;
5.687567;20760000;156;;;;;;;;;;;;;;
5.690067;20762500;170;;;;;;;;;;;;;;
5.692567;20765000;139;;;;;;;;;;;;;;
5.695067;20767500;125;;;;;;;;;;;;;;
5.697567;20770000;127;;;;;;;;;;;;;;
5.700067;20772500;135;;;;;;;;;;;;;;
5.702567;20775000;170;;;;;;;;;;;;;;
5.705067;20777500;173;;;;;;;;;;;;;;
5.707567;20780000;367;20779834;202.576;-311.141;955.857;-962.342;2775.553;-5002.297;20779411;-411.77;172.85;843.553;9566.033;32827.617;-24235.873
5.710067;20782500;233;;;;;;;;;;;;;;
5.712567;20785000;168;;;;;;;;;;;;;;
5.715067;20787500;156;;;;;;;;;;;;;;
5.717567;20790000;153;;;;;;;;;;;;;;
5.720067;20792500;139;;;;;;;;;;;;;;
5.722567;20795000;152;;;;;;;;;;;;;;
5.725067;20797500;159;;;;;;;;;;;;;;
5.727567;20800000;176;;;;;;;;;;;;;;
5.730067;20802500;151;;;;;;;;;;;;;;
5.732567;20805000;155;;;;;;;;;;;;;;
5.735067;20807500;127;;;;;;;;;;;;;;
5.737567;20810000;153;;;;;;;;;;;;;;
5.740067;20812500;358;20812137;202.475;-310.59;954.492;-1083.537;2733.901;-4781.058;20811697;-427.116;170.954;831.399;8624.419;31432.111;-23510.58
5.742567;20815000;252;;;;;;;;;;;;;;
5.745067;20817500;188;;;;;;;;;;;;;;
5.747567;20820000;172;;;;;;;;;;;;;;
5.750067;20822500;174;;;;;;;;;;;;;;
5.752567;20825000;138;;;;;;;;;;;;;;
5.755067;20827500;152;;;;;;;;;;;;;;
5.757567;20830000;135;;;;;;;;;;;;;;
5.760067;20832500;139;;;;;;;;;;;;;;
5.762567;20835000;171;;;;;;;;;;;;;;
5.765067;20837500;176;;;;;;;;;;;;;;
5.767567;20840000;175;;;;;;;;;;;;;;
5.770067;20842500;152;;;;;;;;;;;;;;
5.772567;20845000;137;20844504;204.552;-308.261;957.318;-1010.11;2542.081;-4885.005;20844069;-442.72;168.665;823.605;7808.636;31414.506;-23815.988
5.775067;20847500;152;;;;;;;;;;;;;;
5.777567;20850000;153;;;;;;;;;;;;;;
5.780067;20852500;157;;;;;;;;;;;;;;
5.782567;20855000;314;;;;;;;;;;;;;;
5.785067;20857500;220;;;;;;;;;;;;;;
5.787567;20860000;200;;;;;;;;;;;;;;
5.790067;20862500;173;;;;;;;;;;;;;;
5.792567;20865000;155;;;;;;;;;;;;;;
5.795067;20867500;127;;;;;;;;;;;;;;
5.797567;20870000;127;;;;;;;;;;;;;;
5.800067;20872500;157;;;;;;;;;;;;;;
5.802567;20875000;151;20875152;204.438;-308.702;955.714;-1524.417;2654.727;-4637.254;20874720;-459.881;165.203;812.272;7584.892;31851.029;-24110.064
5.805067;20877500;155;;;;;;;;;;;;;;
5.807567;20880000;157;;;;;;;;;;;;;;
5.810067;20882500;152;;;;;;;;;;;;;;
5.812567;20885000;156;;;;;;;;;;;;;;
5.815067;20887500;271;;;;;;;;;;;;;;
5.817567;20890000;182;;;;;;;;;;;;;;
5.820067;20892500;153;;;;;;;;;;;;;;
5.822567;20895000;155;;;;;;;;;;;;;;
5.825067;20897500;156;;;;;;;;;;;;;;
5.827567;20900000;156;;;;;;;;;;;;;;
5.830067;20902500;152;;;;;;;;;;;;;;
5.832567;20905000;156;;;;;;;;;;;;;;
5.835067;20907500;126;20907522;203.348;-308.669;954.258;-3293.134;2795.865;-4145.517;20907092;-473.81;164.153;800.219;7563.522;33301.727;-25204.061
5.837567;20910000;126;;;;;;;;;;;;;;
5.840067;20912500;137;;;;;;;;;;;;;;
5.842567;20915000;171;;;;;;;;;;;;;;
5.845067;20917500;174;;;;;;;;;;;;;;
5.847567;20920000;296;;;;;;;;;;;;;;
5.850067;20922500;191;;;;;;;;;;;;;;
5.852567;20925000;152;;;;;;;;;;;;;;
5.855067;20927500;154;;;;;;;;;;;;;;
5.857567;20930000;126;;;;;;;;;;;;;;
5.860067;20932500;137;;;;;;;;;;;;;;
5.862567;20935000;152;;;;;;;;;;;;;;
5.865067;20937500;156;;;;;;;;;;;;;;
5.867567;20940000;175;20939909;200.933;-311.749;952.649;-5044.728;3307.51;-3954.428;20939464;-491.563;154.537;791.964;8170.158;35302.453;-26049.107
5.870067;20942500;170;;;;;;;;;;;;;;
5.872567;20945000;139;;;;;;;;;;;;;;
5.875067;20947500;127;;;;;;;;;;;;;;
5.877567;20950000;0;;;;;;;;;;;;;;
5.880067;20952500;286;;;;;;;;;;;;;;
5.882567;20955000;218;;;;;;;;;;;;;;
5.885067;20957500;172;;;;;;;;;;;;;;
5.887567;20960000;168;;;;;;;;;;;;;;
5.890067;20962500;153;;;;;;;;;;;;;;
5.892567;20965000;155;;;;;;;;;;;;;;
5.895067;20967500;124;;;;;;;;;;;;;;
5.897567;20970000;150;;;;;;;;;;;;;;
5.900067;20972500;138;20972260;195.76;-317.426;952.163;-6399.429;3451.009;-3634.644;20971837;-514.131;151.848;772.545;8390.338;36903.453;-26333.027
5.902567;20975000;151;;;;;;;;;;;;;;
5.905067;20977500;174;;;;;;;;;;;;;;
5.907567;20980000;172;;;;;;;;;;;;;;
5.910067;20982500;331;;;;;;;;;;;;;;
5.912567;20985000;191;;;;;;;;;;;;;;
5.915067;20987500;166;;;;;;;;;;;;;;
5.917567;20990000;137;;;;;;;;;;;;;;
5.920067;20992500;156;;;;;;;;;;;;;;
5.922567;20995000;169;;;;;;;;;;;;;;
5.925067;20997500;174;;;;;;;;;;;;;;
5.927567;21000000;183;;;;;;;;;;;;;;
5.930067;21002500;151;;;;;;;;;;;;;;
5.932567;21005000;157;21004650;195.165;-322.631;949.293;-6733.52;3065.396;-3430.6;21004210;-531.613;147.824;758.617;8087.196;36834.094;-27103.688
5.935067;21007500;151;;;;;;;;;;;;;;
5.937567;21010000;143;;;;;;;;;;;;;;
5.940067;21012500;156;;;;;;;;;;;;;;
5.942567;21015000;312;;;;;;;;;;;;;;
5.945067;21017500;237;;;;;;;;;;;;;;
5.947567;21020000;200;;;;;;;;;;;;;;
5.950067;21022500;173;;;;;;;;;;;;;;
5.952567;21025000;154;;;;;;;;;;;;;;
5.955067;21027500;125;;;;;;;;;;;;;;
5.957567;21030000;126;;;;;;;;;;;;;;
5.960067;21032500;156;;;;;;;;;;;;;;
5.962567;21035000;151;21035468;194.722;-325.293;948.194;-5698.156;2979.501;-3362.757;21035032;-540.254;142.227;749.008;8936.711;39147.324;-27796.877
5.965067;21037500;174;;;;;;;;;;;;;;
5.967567;21040000;156;;;;;;;;;;;;;;
5.970067;21042500;152;;;;;;;;;;;;;;
5.972567;21045000;138;;;;;;;;;;;;;;
5.975067;21047500;283;;;;;;;;;;;;;;
5.977567;21050000;203;;;;;;;;;;;;;;
5.980067;21052500;154;;;;;;;;;;;;;;
5.982567;21055000;156;;;;;;;;;;;;;;
5.985067;21057500;183;;;;;;;;;;;;;;
5.987567;21060000;156;;;;;;;;;;;;;;
5.990067;21062500;170;;;;;;;;;;;;;;
5.992567;21065000;135;;;;;;;;;;;;;;
5.995067;21067500;142;21067838;192.104;-324.663;944.198;-4322.561;2934.214;-3975.994;21067406;-585.739;107.165;721.726;8746.25;41812.582;-24873.596
5.997567;21070000;126;;;;;;;;;;;;;;
6.000067;21072500;138;;;;;;;;;;;;;;
6.002567;21075000;151;;;;;;;;;;;;;;
6.005067;21077500;158;;;;;;;;;;;;;;
6.007567;21080000;316;;;;;;;;;;;;;;
6.010067;21082500;199;;;;;;;;;;;;;;
6.012567;21085000;153;;;;;;;;;;;;;;
6.015067;21087500;135;;;;;;;;;;;;;;
6.017567;21090000;127;;;;;;;;;;;;;;
6.020067;21092500;155;;;;;;;;;;;;;;
6.022567;21095000;143;;;;;;;;;;;;;;
6.025067;21097500;158;;;;;;;;;;;;;;
6.027567;21100000;157;21100209;192.222;-326.229;942.342;-5119.245;2710.065;-3595.632;21099779;-611.237;104.93;700.908;9985.0;37746.203;-22681.416
6.030067;21102500;144;;;;;;;;;;;;;;
6.032567;21105000;156;;;;;;;;;;;;;;
6.035067;21107500;125;;;;;;;;;;;;;;
6.037567;21110000;138;;;;;;;;;;;;;;
6.040067;21112500;280;;;;;;;;;;;;;;
6.042567;21115000;203;;;;;;;;;;;;;;
6.045067;21117500;199;;;;;;;;;;;;;;
6.047567;21120000;160;;;;;;;;;;;;;;
6.050067;21122500;170;;;;;;;;;;;;;;
6.052567;21125000;138;;;;;;;;;;;;;;
6.055067;21127500;125;;;;;;;;;;;;;;
6.057567;21130000;152;;;;;;;;;;;;;;
6.060067;21132500;136;21132595;191.346;-329.81;940.773;-4833.533;2431.062;-3496.788;21132150;-624.43;100.983;687.762;11580.938;31425.266;-18926.283
6.062567;21135000;153;;;;;;;;;;;;;;
6.065067;21137500;158;;;;;;;;;;;;;;
6.067567;21140000;157;;;;;;;;;;;;;;
6.070067;21142500;330;;;;;;;;;;;;;;
6.072567;21145000;204;;;;;;;;;;;;;;
6.075067;21147500;143;;;;;;;;;;;;;;
6.077567;21150000;137;;;;;;;;;;;;;;
6.080067;21152500;138;;;;;;;;;;;;;;
6.082567;21155000;152;;;;;;;;;;;;;;
6.085067;21157500;155;;;;;;;;;;;;;;
6.087567;21160000;155;;;;;;;;;;;;;;
6.090067;21162500;168;;;;;;;;;;;;;;
6.092567;21165000;153;21165033;192.936;-328.771;941.473;-3668.293;2288.071;-3533.261;21164610;-639.892;100.911;682.379;11638.453;25676.314;-14839.594
6.095067;21167500;126;;;;;;;;;;;;;;
6.097567;21170000;151;;;;;;;;;;;;;;
6.100067;21172500;138;;;;;;;;;;;;;;
6.102567;21175000;347;;;;;;;;;;;;;;
6.105067;21177500;250;;;;;;;;;;;;;;
6.107567;21180000;185;;;;;;;;;;;;;;
6.110067;21182500;175;;;;;;;;;;;;;;
6.112567;21185000;158;;;;;;;;;;;;;;
6.115067;21187500;127;;;;;;;;;;;;;;
6.117567;21190000;144;;;;;;;;;;;;;;
6.120067;21192500;138;;;;;;;;;;;;;;
6.122567;21195000;153;21195961;191.311;-329.516;942.583;-3587.691;2294.855;-3332.973;21195521;-656.612;107.986;677.18;10878.468;20442.748;-11323.864
6.125067;21197500;158;;;;;;;;;;;;;;
6.127567;21200000;174;;;;;;;;;;;;;;
6.130067;21202500;171;;;;;;;;;;;;;;
6.132567;21205000;139;;;;;;;;;;;;;;
6.135067;21207500;299;;;;;;;;;;;;;;
6.137567;21210000;188;;;;;;;;;;;;;;
6.140067;21212500;173;;;;;;;;;;;;;;
6.142567;21215000;174;;;;;;;;;;;;;;
6.145067;21217500;158;;;;;;;;;;;;;;
6.147567;21220000;158;21220599;191.194;-331.694;942.308;-3585.057;2077.738;-3390.324;21220171;-671.922;104.673;674.706;8672.481;13885.361;-8237.671
6.150067;21222500;171;;;;;;;;;;;;;;
6.152567;21225000;138;;;;;;;;;;;;;;
6.155067;21227500;144;;;;;;;;;;;;;;
6.157567;21230000;126;;;;;;;;;;;;;;
6.160067;21232500;154;;;;;;;;;;;;;;
6.162567;21235000;172;;;;;;;;;;;;;;
6.165067;21237500;158;;;;;;;;;;;;;;
6.167567;21240000;315;;;;;;;;;;;;;;
6.170067;21242500;205;;;;;;;;;;;;;;
6.172567;21245000;173;;;;;;;;;;;;;;
6.175067;21247500;136;;;;;;;;;;;;;;
6.177567;21250000;128;;;;;;;;21250887;-668.265;110.066;662.003;7882.732;6013.03;-8258.037
6.180067;21252500;137;21251326;194.335;-337.984;939.875;-2789.366;1776.101;-4346.495;;;;;;;
6.182567;21255000;143;;;;;;;;;;;;;;
6.185067;21257500;175;;;;;;;;;;;;;;
6.187567;21260000;157;;;;;;;;;;;;;;
6.190067;21262500;151;;;;;;;;;;;;;;
6.192567;21265000;137;;;;;;;;;;;;;;
6.195067;21267500;125;;;;;;;;;;;;;;
6.197567;21270000;152;;;;;;;;;;;;;;
6.200067;21272500;299;;;;;;;;;;;;;;
6.202567;21275000;206;;;;;;;;;;;;;;
6.205067;21277500;183;;;;;;;;;;;;;;
6.207567;21280000;168;;;;;;;;;;;;;;
6.210067;21282500;173;21281964;194.292;-338.629;938.546;-587.085;1504.858;-4179.045;21281537;-679.504;108.906;665.479;6487.158;825.066;-9975.322
6.212567;21285000;138;;;;;;;;;;;;;;
6.215067;21287500;126;;;;;;;;;;;;;;
6.217567;21290000;126;;;;;;;;;;;;;;
6.220067;21292500;138;;;;;;;;;;;;;;
6.222567;21295000;171;;;;;;;;;;;;;;
6.225067;21297500;157;;;;;;;;;;;;;;
6.227567;21300000;157;;;;;;;;;;;;;;
6.230067;21302500;363;;;;;;;;;;;;;;
6.232567;21305000;218;;;;;;;;;;;;;;
6.235067;21307500;170;;;;;;;;;;;;;;
6.237567;21310000;137;;;;;;;;;;;;;;
6.240067;21312500;140;;;;;;;;21313562;-680.115;107.688;664.267;6300.613;-8559.437;-15053.368
6.242567;21315000;152;21314002;193.362;-335.794;941.041;-345.544;1215.24;-3929.843;;;;;;;
6.245067;21317500;158;;;;;;;;;;;;;;
6.247567;21320000;182;;;;;;;;;;;;;;
6.250067;21322500;144;;;;;;;;;;;;;;
6.252567;21325000;136;;;;;;;;;;;;;;
6.255067;21327500;348;;;;;;;;;;;;;;
6.257567;21330000;220;;;;;;;;;;;;;;
6.260067;21332500;174;;;;;;;;;;;;;;
6.262567;21335000;155;;;;;;;;;;;;;;
6.265067;21337500;157;;;;;;;;;;;;;;
6.267567;21340000;156;;;;;;;;;;;;;;
6.270067;21342500;170;;;;;;;;;;;;;;
6.272567;21345000;137;21346108;188.568;-337.957;947.016;240.046;710.416;-2752.038;21345673;-675.06;104.121;668.959;4620.582;-16702.965;-19185.387
6.275067;21347500;142;;;;;;;;;;;;;;
6.277567;21350000;127;;;;;;;;;;;;;;
6.280067;21352500;137;;;;;;;;;;;;;;
6.282567;21355000;169;;;;;;;;;;;;;;
6.285067;21357500;394;;;;;;;;;;;;;;
6.287567;21360000;252;;;;;;;;;;;;;;
6.290067;21362500;184;;;;;;;;;;;;;;
6.292567;21365000;142;;;;;;;;;;;;;;
6.295067;21367500;152;;;;;;;;;;;;;;
6.297567;21370000;126;;;;;;;;;;;;;;
6.300067;21372500;155;;;;;;;;;;;;;;
6.302567;21375000;151;;;;;;;;;;;;;;
6.305067;21377500;156;21378305;190.058;-336.133;944.409;1229.044;470.145;-2068.874;21377873;-666.372;101.813;672.916;3642.303;-24873.754;-21615.43
6.307567;21380000;173;;;;;;;;;;;;;;
6.310067;21382500;151;;;;;;;;;;;;;;
6.312567;21385000;154;;;;;;;;;;;;;;
6.315067;21387500;335;;;;;;;;;;;;;;
6.317567;21390000;255;;;;;;;;;;;;;;
6.320067;21392500;203;;;;;;;;;;;;;;
6.322567;21395000;168;;;;;;;;;;;;;;
6.325067;21397500;186;;;;;;;;;;;;;;
6.327567;21400000;176;;;;;;;;;;;;;;
6.330067;21402500;152;;;;;;;;;;;;;;
6.332567;21405000;155;;;;;;;;;;;;;;
6.335067;21407500;126;;;;;;;;;;;;;;
6.337567;21410000;126;21410594;185.057;-344.36;949.594;-585.033;255.013;-699.743;21410159;-655.733;99.107;687.07;3052.875;-29564.316;-24219.721
6.340067;21412500;155;;;;;;;;;;;;;;
6.342567;21415000;170;;;;;;;;;;;;;;
6.345067;21417500;157;;;;;;;;;;;;;;
6.347567;21420000;1;;;;;;;;;;;;;;
6.350067;21422500;251;;;;;;;;;;;;;;
6.352567;21425000;171;;;;;;;;;;;;;;
6.355067;21427500;157;;;;;;;;;;;;;;
6.357567;21430000;137;;;;;;;;;;;;;;
6.360067;21432500;141;;;;;;;;;;;;;;
6.362567;21435000;169;;;;;;;;;;;;;;
6.365067;21437500;155;;;;;;;;;;;;;;
6.367567;21440000;173;21441161;184.753;-349.304;949.413;-15.469;-451.176;43.557;21440721;-652.324;96.189;704.914;1637.606;-34599.602;-24828.297
6.370067;21442500;151;;;;;;;;;;;;;;
6.372567;21445000;138;;;;;;;;;;;;;;
6.375067;21447500;153;;;;;;;;;;;;;;
6.377567;21450000;128;;;;;;;;;;;;;;
6.380067;21452500;394;;;;;;;;;;;;;;
6.382567;21455000;247;;;;;;;;;;;;;;
6.385067;21457500;188;;;;;;;;;;;;;;
6.387567;21460000;188;;;;;;;;;;;;;;
6.390067;21462500;171;;;;;;;;;;;;;;
6.392567;21465000;158;;;;;;;;;;;;;;
6.395067;21467500;128;;;;;;;;;;;;;;
6.397567;21470000;128;;;;;;;;;;;;;;
6.400067;21472500;155;21473088;178.639;-350.773;954.122;58.367;-945.304;1357.379;21472661;-636.776;83.938;722.75;-515.837;-39875.309;-25221.818
6.402567;21475000;153;;;;;;;;;;;;;;
6.405067;21477500;183;;;;;;;;;;;;;;
6.407567;21480000;156;;;;;;;;;;;;;;
6.410067;21482500;152;;;;;;;;;;;;;;
6.412567;21485000;365;;;;;;;;;;;;;;
6.415067;21487500;206;;;;;;;;;;;;;;
6.417567;21490000;171;;;;;;;;;;;;;;
6.420067;21492500;142;;;;;;;;;;;;;;
6.422567;21495000;152;;;;;;;;;;;;;;
6.425067;21497500;173;;;;;;;;;;;;;;
6.427567;21500000;173;;;;;;;;;;;;;;
6.430067;21502500;144;;;;;;;;;;;;;;
6.432567;21505000;137;21505126;175.746;-351.784;951.092;638.198;-1671.539;3563.635;21504686;-617.229;72.836;732.503;-1471.357;-44153.105;-26212.977
6.435067;21507500;150;;;;;;;;;;;;;;
6.437567;21510000;151;;;;;;;;;;;;;;
6.440067;21512500;137;;;;;;;;;;;;;;
6.442567;21515000;151;;;;;;;;;;;;;;
6.445067;21517500;364;;;;;;;;;;;;;;
6.447567;21520000;250;;;;;;;;;;;;;;
6.450067;21522500;190;;;;;;;;;;;;;;
6.452567;21525000;143;;;;;;;;;;;;;;
6.455067;21527500;127;;;;;;;;;;;;;;
6.457567;21530000;127;;;;;;;;;;;;;;
6.460067;21532500;156;;;;;;;;;;;;;;
6.462567;21535000;151;;;;;;;;;;;;;;
6.465067;21537500;173;;;;;;;;;;;;;;
6.467567;21540000;155;;;;;;;;;;;;;;
6.470067;21542500;152;;;;;;;;;;;;;;
6.472567;21545000;158;;;;;;;;;;;;;;
6.475067;21547500;376;21546785;175.974;-354.203;948.464;1631.351;-2688.712;5426.391;21546350;-596.597;63.753;748.539;-1905.289;-47145.137;-27311.641
6.477567;21550000;221;;;;;;;;;;;;;;
6.480067;21552500;169;;;;;;;;;;;;;;
6.482567;21555000;183;;;;;;;;;;;;;;
6.485067;21557500;183;;;;;;;;;;;;;;
6.487567;21560000;158;;;;;;;;;;;;;;
6.490067;21562500;171;;;;;;;;;;;;;;
6.492567;21565000;140;;;;;;;;;;;;;;
6.495067;21567500;133;;;;;;;;;;;;;;
6.497567;21570000;153;;;;;;;;;;;;;;
6.500067;21572500;157;;;;;;;;;;;;;;
6.502567;21575000;150;;;;;;;;;;;;;;
6.505067;21577500;156;;;;;;;;21578724;-574.532;58.363;757.24;-2492.962;-51840.816;-27566.996
6.507567;21580000;363;21579156;175.752;-352.042;948.194;730.346;-3155.401;7947.633;;;;;;;
6.510067;21582500;238;;;;;;;;;;;;;;
6.512567;21585000;184;;;;;;;;;;;;;;
6.515067;21587500;156;;;;;;;;;;;;;;
6.517567;21590000;137;;;;;;;;;;;;;;
6.520067;21592500;154;;;;;;;;;;;;;;
6.522567;21595000;152;;;;;;;;;;;;;;
6.525067;21597500;153;;;;;;;;;;;;;;
6.527567;21600000;183;;;;;;;;;;;;;;
6.530067;21602500;153;;;;;;;;;;;;;;
6.532567;21605000;140;;;;;;;;;;;;;;
6.535067;21607500;135;;;;;;;;;;;;;;
6.537567;21610000;137;;;;;;;;21610923;-551.497;52.877;768.197;-3065.689;-56385.273;-27157.709
6.540067;21612500;328;21611353;172.644;-349.69;951.28;-398.171;-3870.006;11026.627;;;;;;;
6.542567;21615000;206;;;;;;;;;;;;;;
6.545067;21617500;201;;;;;;;;;;;;;;
6.547567;21620000;169;;;;;;;;;;;;;;
6.550067;21622500;152;;;;;;;;;;;;;;
6.552567;21625000;156;;;;;;;;;;;;;;
6.555067;21627500;127;;;;;;;;;;;;;;
6.557567;21630000;153;;;;;;;;;;;;;;
6.560067;21632500;140;;;;;;;;;;;;;;
6.562567;21635000;153;;;;;;;;;;;;;;
6.565067;21637500;173;;;;;;;;;;;;;;
6.567567;21640000;157;;;;;;;;;;;;;;
6.570067;21642500;152;;;;;;;;21643381;-527.057;44.31;772.938;-3211.217;-61687.32;-27249.26
6.572567;21645000;138;21643826;168.117;-350.877;953.443;-3957.45;-4326.631;14785.108;;;;;;;
6.575067;21647500;134;;;;;;;;;;;;;;
6.577567;21650000;152;;;;;;;;;;;;;;
6.580067;21652500;235;;;;;;;;;;;;;;
6.582567;21655000;294;;;;;;;;;;;;;;
6.585067;21657500;204;;;;;;;;;;;;;;
6.587567;21660000;174;;;;;;;;;;;;;;
6.590067;21662500;175;;;;;;;;;;;;;;
6.592567;21665000;168;;;;;;;;;;;;;;
6.595067;21667500;136;;;;;;;;;;;;;;
6.597567;21670000;134;;;;;;;;;;;;;;
6.600067;21672500;140;;;;;;;;;;;;;;
6.602567;21675000;143;21674802;175.614;-354.598;945.641;-7535.641;-4374.987;17914.227;21674379;-489.841;36.452;777.504;-3956.281;-64885.891;-26129.609
6.605067;21677500;173;;;;;;;;;;;;;;
6.607567;21680000;173;;;;;;;;;;;;;;
6.610067;21682500;152;;;;;;;;;;;;;;
6.612567;21685000;40;;;;;;;;;;;;;;
6.615067;21687500;239;;;;;;;;;;;;;;
6.617567;21690000;186;;;;;;;;;;;;;;
6.620067;21692500;169;;;;;;;;;;;;;;
6.622567;21695000;153;;;;;;;;;;;;;;
6.625067;21697500;173;;;;;;;;;;;;;;
6.627567;21700000;154;;;;;;;;;;;;;;
6.630067;21702500;170;;;;;;;;;;;;;;
6.632567;21705000;157;;;;;;;;;;;;;;
6.635067;21707500;134;21707365;189.982;-367.582;937.368;-7215.296;-3199.862;20895.203;21706925;-457.187;27.84;780.255;-2183.905;-62407.219;-25835.066
6.637567;21710000;150;;;;;;;;;;;;;;
6.640067;21712500;157;;;;;;;;;;;;;;
6.642567;21715000;168;;;;;;;;;;;;;;
6.645067;21717500;333;;;;;;;;;;;;;;
6.647567;21720000;253;;;;;;;;;;;;;;
6.650067;21722500;203;;;;;;;;;;;;;;
6.652567;21725000;153;;;;;;;;;;;;;;
6.655067;21727500;155;;;;;;;;;;;;;;
6.657567;21730000;154;;;;;;;;;;;;;;
6.660067;21732500;139;;;;;;;;;;;;;;
6.662567;21735000;168;;;;;;;;;;;;;;
6.665067;21737500;154;;;;;;;;;;;;;;
6.667567;21740000;154;21739905;203.608;-381.618;937.433;-2768.719;85.193;21929.881;21739470;-428.721;26.588;786.419;-847.522;-60291.793;-25529.0
6.670067;21742500;152;;;;;;;;;;;;;;
6.672567;21745000;139;;;;;;;;;;;;;;
6.675067;21747500;144;;;;;;;;;;;;;;
6.677567;21750000;390;;;;;;;;;;;;;;
6.680067;21752500;237;;;;;;;;;;;;;;
6.682567;21755000;184;;;;;;;;;;;;;;
6.685067;21757500;169;;;;;;;;;;;;;;
6.687567;21760000;183;;;;;;;;;;;;;;
6.690067;21762500;152;;;;;;;;;;;;;;
6.692567;21765000;158;;;;;;;;;;;;;;
6.695067;21767500;135;;;;;;;;;;;;;;
6.697567;21770000;127;;;;;;;;;;;;;;
6.700067;21772500;139;21772103;205.402;-384.162;935.323;1242.905;5288.059;23373.512;21771670;-402.887;28.766;794.568;973.292;-59187.766;-24707.111
6.702567;21775000;144;;;;;;;;;;;;;;
6.705067;21777500;173;;;;;;;;;;;;;;
6.707567;21780000;155;;;;;;;;;;;;;;
6.710067;21782500;286;;;;;;;;;;;;;;
6.712567;21785000;189;;;;;;;;;;;;;;
6.715067;21787500;144;;;;;;;;;;;;;;
6.717567;21790000;155;;;;;;;;;;;;;;
6.720067;21792500;155;;;;;;;;;;;;;;
6.722567;21795000;169;;;;;;;;;;;;;;
6.725067;21797500;153;;;;;;;;;;;;;;
6.727567;21800000;154;;;;;;;;;;;;;;
6.730067;21802500;170;;;;;;;;;;;;;;
6.732567;21805000;155;21804300;205.38;-379.374;936.491;3313.572;11472.844;24050.211;21803870;-376.765;23.961;798.687;1444.814;-60117.312;-22796.256
6.735067;21807500;128;;;;;;;;;;;;;;
6.737567;21810000;135;;;;;;;;;;;;;;
6.740067;21812500;138;;;;;;;;;;;;;;
6.742567;21815000;316;;;;;;;;;;;;;;
6.745067;21817500;232;;;;;;;;;;;;;;
6.747567;21820000;172;;;;;;;;;;;;;;
6.750067;21822500;155;;;;;;;;;;;;;;
6.752567;21825000;139;;;;;;;;;;;;;;
6.755067;21827500;152;;;;;;;;;;;;;;
6.757567;21830000;152;;;;;;;;;;;;;;
6.760067;21832500;157;;;;;;;;;;;;;;
6.762567;21835000;143;21834963;195.197;-381.895;949.635;4234.644;17357.139;23193.762;21834518;-350.155;24.66;804.661;2094.011;-61205.57;-20607.756
6.765067;21837500;154;;;;;;;;;;;;;;
6.767567;21840000;173;;;;;;;;;;;;;;
6.770067;21842500;141;;;;;;;;;;;;;;
6.772567;21845000;138;;;;;;;;;;;;;;
6.775067;21847500;283;;;;;;;;;;;;;;
6.777567;21850000;204;;;;;;;;;;;;;;
6.780067;21852500;155;;;;;;;;;;;;;;
6.782567;21855000;154;;;;;;;;;;;;;;
6.785067;21857500;172;;;;;;;;;;;;;;
6.787567;21860000;156;;;;;;;;;;;;;;
6.790067;21862500;169;;;;;;;;;;;;;;
6.792567;21865000;137;;;;;;;;;;;;;;
6.795067;21867500;152;21867315;169.998;-362.172;953.186;3616.474;24436.906;24112.199;21866892;-322.564;24.75;809.324;2460.936;-62543.043;-18385.18
6.797567;21870000;153;;;;;;;;;;;;;;
6.800067;21872500;156;;;;;;;;;;;;;;
6.802567;21875000;169;;;;;;;;;;;;;;
6.805067;21877500;140;;;;;;;;;;;;;;
6.807567;21880000;302;;;;;;;;;;;;;;
6.810067;21882500;208;;;;;;;;;;;;;;
6.812567;21885000;154;;;;;;;;;;;;;;
6.815067;21887500;152;;;;;;;;;;;;;;
6.817567;21890000;135;;;;;;;;;;;;;;
6.820067;21892500;138;;;;;;;;;;;;;;
6.822567;21895000;144;;;;;;;;;;;;;;
6.825067;21897500;153;;;;;;;;;;;;;;
6.827567;21900000;173;21899705;142.484;-355.123;935.893;-1100.787;25816.873;24254.09;21899265;-287.312;16.48;811.875;2161.139;-61663.766;-16260.17
6.830067;21902500;152;;;;;;;;;;;;;;
6.832567;21905000;140;;;;;;;;;;;;;;
6.835067;21907500;150;;;;;;;;;;;;;;
6.837567;21910000;0;;;;;;;;;;;;;;
6.840067;21912500;281;;;;;;;;;;;;;;
6.842567;21915000;191;;;;;;;;;;;;;;
6.845067;21917500;169;;;;;;;;;;;;;;
6.847567;21920000;176;;;;;;;;;;;;;;
6.850067;21922500;152;;;;;;;;;;;;;;
6.852567;21925000;157;;;;;;;;;;;;;;
6.855067;21927500;137;;;;;;;;;;;;;;
6.857567;21930000;154;;;;;;;;;;;;;;
6.860067;21932500;139;21932158;111.155;-353.977;923.173;-3710.561;23400.342;21525.885;21931723;-257.837;9.531;813.151;1993.582;-57429.953;-14860.036
6.862567;21935000;151;;;;;;;;;;;;;;
6.865067;21937500;156;;;;;;;;;;;;;;
6.867567;21940000;155;;;;;;;;;;;;;;
6.870067;21942500;317;;;;;;;;;;;;;;
6.872567;21945000;191;;;;;;;;;;;;;;
6.875067;21947500;144;;;;;;;;;;;;;;
6.877567;21950000;139;;;;;;;;;;;;;;
6.880067;21952500;141;;;;;;;;;;;;;;
6.882567;21955000;169;;;;;;;;;;;;;;
6.885067;21957500;171;;;;;;;;;;;;;;
6.887567;21960000;154;;;;;;;;;;;;;;
6.890067;21962500;150;;;;;;;;;;;;;;
6.892567;21965000;139;21964529;91.555;-354.072;913.754;-5481.97;17502.262;16620.59;21964097;-224.657;4.242;814.675;1442.403;-51377.391;-14341.472
6.895067;21967500;153;;;;;;;;;;;;;;
6.897567;21970000;152;;;;;;;;;;;;;;
6.900067;21972500;153;;;;;;;;;;;;;;
6.902567;21975000;297;;;;;;;;;;;;;;
6.905067;21977500;203;;;;;;;;;;;;;;
6.907567;21980000;198;;;;;;;;;;;;;;
6.910067;21982500;171;;;;;;;;;;;;;;
6.912567;21985000;139;;;;;;;;;;;;;;
6.915067;21987500;128;;;;;;;;;;;;;;
6.917567;21990000;125;;;;;;;;;;;;;;
6.920067;21992500;153;;;;;;;;;;;;;;
6.922567;21995000;141;21995090;75.174;-345.701;904.789;-8612.496;9071.086;9941.061;21994660;-201.651;-2.827;806.955;888.158;-40888.457;-14300.772
6.925067;21997500;152;;;;;;;;;;;;;;
6.927567;22000000;153;;;;;;;;;;;;;;
6.930067;22002500;143;;;;;;;;;;;;;;
6.932567;22005000;158;;;;;;;;;;;;;;
6.935067;22007500;268;;;;;;;;;;;;;;
6.937567;22010000;175;;;;;;;;;;;;;;
6.940067;22012500;154;;;;;;;;;;;;;;
6.942567;22015000;151;;;;;;;;;;;;;;
6.945067;22017500;172;;;;;;;;;;;;;;
6.947567;22020000;155;22019400;61.24;-345.423;891.702;-12467.621;-3214.219;-1209.992;22018963;-180.308;-5.455;810.21;504.687;-25474.91;-14027.608
6.950067;22022500;143;;;;;;;;;;;;;;
6.952567;22025000;158;;;;;;;;;;;;;;
6.955067;22027500;144;;;;;;;;;;;;;;
6.957567;22030000;152;;;;;;;;;;;;;;
6.960067;22032500;138;;;;;;;;;;;;;;
6.962567;22035000;142;;;;;;;;;;;;;;
6.965067;22037500;174;;;;;;;;;;;;;;
6.967567;22040000;311;;;;;;;;;;;;;;
6.970067;22042500;218;;;;;;;;;;;;;;
6.972567;22045000;154;;;;;;;;;;;;;;
6.975067;22047500;138;;;;;;;;;;;;;;
6.977567;22050000;153;22050028;107.381;-364.154;850.838;-4458.803;-4015.133;-1877.93;22049592;-225.308;-19.822;848.298;202.953;-13482.414;-14126.853
6.980067;22052500;155;;;;;;;;;;;;;;
6.982567;22055000;152;;;;;;;;;;;;;;
6.985067;22057500;172;;;;;;;;;;;;;;
6.987567;22060000;155;;;;;;;;;;;;;;
6.990067;22062500;152;;;;;;;;;;;;;;
6.992567;22065000;158;;;;;;;;;;;;;;
6.995067;22067500;128;;;;;;;;;;;;;;
6.997567;22070000;0;;;;;;;;;;;;;;
7.000067;22072500;267;;;;;;;;;;;;;;
7.002567;22075000;191;;;;;;;;;;;;;;
7.005067;22077500;189;;;;;;;;;;;;;;
7.007567;22080000;158;22080939;102.945;-366.504;846.458;2327.95;-8039.751;908.341;22080502;-224.602;-16.397;852.237;-367.195;-12890.105;-12989.135
7.010067;22082500;170;;;;;;;;;;;;;;
7.012567;22085000;156;;;;;;;;;;;;;;
7.015067;22087500;152;;;;;;;;;;;;;;
7.017567;22090000;152;;;;;;;;;;;;;;
7.020067;22092500;137;;;;;;;;;;;;;;
7.022567;22095000;160;;;;;;;;;;;;;;
7.025067;22097500;172;;;;;;;;;;;;;;
7.027567;22100000;152;;;;;;;;;;;;;;
7.030067;22102500;328;;;;;;;;;;;;;;
7.032567;22105000;191;;;;;;;;;;;;;;
7.035067;22107500;170;;;;;;;;;;;;;;
7.037567;22110000;136;;;;;;;;;;;;;;
7.040067;22112500;157;22113218;111.736;-355.846;852.002;10736.24;-8157.513;-862.576;22112787;-211.468;-23.715;853.045;75.102;-9523.037;-10548.115
7.042567;22115000;152;;;;;;;;;;;;;;
7.045067;22117500;153;;;;;;;;;;;;;;
7.047567;22120000;172;;;;;;;;;;;;;;
7.050067;22122500;168;;;;;;;;;;;;;;
7.052567;22125000;0;;;;;;;;;;;;;;
7.055067;22127500;255;;;;;;;;;;;;;;
7.057567;22130000;172;;;;;;;;;;;;;;
7.060067;22132500;171;;;;;;;;;;;;;;
7.062567;22135000;153;;;;;;;;;;;;;;
7.065067;22137500;173;;;;;;;;;;;;;;
7.067567;22140000;156;;;;;;;;;;;;;;
7.070067;22142500;151;;;;;;;;;;;;;;
7.072567;22145000;155;22145431;125.505;-337.23;854.468;9512.553;-7637.637;-949.822;22144985;-209.557;-29.751;860.022;1008.035;-6937.697;-9186.396
7.075067;22147500;152;;;;;;;;;;;;;;
7.077567;22150000;127;;;;;;;;;;;;;;
7.080067;22152500;139;;;;;;;;;;;;;;
7.082567;22155000;143;;;;;;;;;;;;;;
7.085067;22157500;312;;;;;;;;;;;;;;
7.087567;22160000;217;;;;;;;;;;;;;;
7.090067;22162500;169;;;;;;;;;;;;;;
7.092567;22165000;151;;;;;;;;;;;;;;
7.095067;22167500;135;;;;;;;;;;;;;;
7.097567;22170000;152;;;;;;;;;;;;;;
7.100067;22172500;155;;;;;;;;;;;;;;
7.102567;22175000;152;;;;;;;;;;;;;;
7.105067;22177500;153;22177608;129.984;-330.598;862.155;6624.987;-6385.568;-1614.581;22177185;-198.597;-36.169;858.269;3766.821;-3455.688;-7138.076
7.107567;22180000;155;;;;;;;;;;;;;;
7.110067;22182500;168;;;;;;;;;;;;;;
7.112567;22185000;159;;;;;;;;;;;;;;
7.115067;22187500;360;;;;;;;;;;;;;;
7.117567;22190000;217;;;;;;;;;;;;;;
7.120067;22192500;167;;;;;;;;;;;;;;
7.122567;22195000;155;;;;;;;;;;;;;;
7.125067;22197500;156;;;;;;;;;;;;;;
7.127567;22200000;173;;;;;;;;;;;;;;
7.130067;22202500;170;;;;;;;;;;;;;;
7.132567;22205000;157;;;;;;;;;;;;;;
7.135067;22207500;136;;;;;;;;;;;;;;
7.137567;22210000;152;22209916;135.697;-329.672;862.711;6786.8;-5147.54;-3925.664;22209471;-190.985;-32.262;860.935;7781.542;2028.784;-4060.36
7.140067;22212500;157;;;;;;;;;;;;;;
7.142567;22215000;142;;;;;;;;;;;;;;
7.145067;22217500;170;;;;;;;;;;;;;;
7.147567;22220000;350;;;;;;;;;;;;;;
7.150067;22222500;246;;;;;;;;;;;;;;
7.152567;22225000;185;;;;;;;;;;;;;;
7.155067;22227500;140;;;;;;;;;;;;;;
7.157567;22230000;153;;;;;;;;;;;;;;
7.160067;22232500;139;;;;;;;;;;;;;;
7.162567;22235000;169;;;;;;;;;;;;;;
7.165067;22237500;173;;;;;;;;;;;;;;
7.167567;22240000;172;22240550;139.721;-328.445;865.076;5206.71;-4353.35;-6054.693;22240120;-188.61;-27.563;858.343;11165.902;8473.221;-489.029
7.170067;22242500;171;;;;;;;;;;;;;;
7.172567;22245000;141;;;;;;;;;;;;;;
7.175067;22247500;154;;;;;;;;;;;;;;
7.177567;22250000;127;;;;;;;;;;;;;;
7.180067;22252500;345;;;;;;;;;;;;;;
7.182567;22255000;235;;;;;;;;;;;;;;
7.185067;22257500;174;;;;;;;;;;;;;;
7.187567;22260000;186;;;;;;;;;;;;;;
7.190067;22262500;154;;;;;;;;;;;;;;
7.192567;22265000;139;;;;;;;;;;;;;;
7.195067;22267500;152;;;;;;;;;;;;;;
7.197567;22270000;127;;;;;;;;;;;;;;
7.200067;22272500;138;22272758;137.859;-328.547;872.263;3062.937;-3117.62;-8085.583;22272320;-196.064;-21.866;866.178;14395.92;18651.059;2644.735
7.202567;22275000;143;;;;;;;;;;;;;;
7.205067;22277500;173;;;;;;;;;;;;;;
7.207567;22280000;174;;;;;;;;;;;;;;
7.210067;22282500;143;;;;;;;;;;;;;;
7.212567;22285000;316;;;;;;;;;;;;;;
7.215067;22287500;185;;;;;;;;;;;;;;
7.217567;22290000;143;;;;;;;;;;;;;;
7.220067;22292500;140;;;;;;;;;;;;;;
7.222567;22295000;141;;;;;;;;;;;;;;
7.225067;22297500;172;;;;;;;;;;;;;;
7.227567;22300000;171;;;;;;;;;;;;;;
7.230067;22302500;142;;;;;;;;;;;;;;
7.232567;22305000;138;22305036;128.642;-332.701;872.35;2187.04;-1909.114;-10015.805;22304606;-209.794;-4.949;870.303;15573.124;26776.943;5344.436
7.235067;22307500;127;;;;;;;;;;;;;;
7.237567;22310000;142;;;;;;;;;;;;;;
7.240067;22312500;137;;;;;;;;;;;;;;
7.242567;22315000;143;;;;;;;;;;;;;;
7.245067;22317500;311;;;;;;;;;;;;;;
7.247567;22320000;216;;;;;;;;;;;;;;
7.250067;22322500;186;;;;;;;;;;;;;;
7.252567;22325000;144;;;;;;;;;;;;;;
7.255067;22327500;136;;;;;;;;;;;;;;
7.257567;22330000;134;;;;;;;;;;;;;;
7.260067;22332500;136;;;;;;;;;;;;;;
7.262567;22335000;168;;;;;;;;;;;;;;
7.265067;22337500;172;22337336;124.119;-333.439;876.349;527.188;-1692.033;-10829.702;22336891;-235.539;3.918;876.924;16453.469;30617.658;6790.901
7.267567;22340000;173;;;;;;;;;;;;;;
7.270067;22342500;152;;;;;;;;;;;;;;
7.272567;22345000;137;;;;;;;;;;;;;;
7.275067;22347500;328;;;;;;;;;;;;;;
7.277567;22350000;201;;;;;;;;;;;;;;
7.280067;22352500;174;;;;;;;;;;;;;;
7.282567;22355000;154;;;;;;;;;;;;;;
7.285067;22357500;155;;;;;;;;;;;;;;
7.287567;22360000;173;;;;;;;;;;;;;;
7.290067;22362500;151;;;;;;;;;;;;;;
7.292567;22365000;156;;;;;;;;;;;;;;
7.295067;22367500;133;;;;;;;;;;;;;;
7.297567;22370000;143;22369426;122.61;-335.128;875.591;-601.234;-1836.244;-10195.467;22369004;-251.053;14.403;877.608;16036.795;32052.15;7752.044
7.300067;22372500;136;;;;;;;;;;;;;;
7.302567;22375000;142;;;;;;;;;;;;;;
7.305067;22377500;172;;;;;;;;;;;;;;
7.307567;22380000;344;;;;;;;;;;;;;;
7.310067;22382500;231;;;;;;;;;;;;;;
7.312567;22385000;157;;;;;;;;;;;;;;
7.315067;22387500;138;;;;;;;;;;;;;;
7.317567;22390000;134;;;;;;;;;;;;;;
7.320067;22392500;136;;;;;;;;;;;;;;
7.322567;22395000;169;;;;;;;;;;;;;;
7.325067;22397500;156;;;;;;;;;;;;;;
7.327567;22400000;174;22400009;124.934;-337.514;879.709;-100.86;-1845.932;-9550.506;22399567;-270.861;21.93;882.527;14570.393;33476.605;10014.379
7.330067;22402500;170;;;;;;;;;;;;;;
7.332567;22405000;154;;;;;;;;;;;;;;
7.335067;22407500;153;;;;;;;;;;;;;;
7.337567;22410000;128;;;;;;;;;;;;;;
7.340067;22412500;319;;;;;;;;;;;;;;
7.342567;22415000;222;;;;;;;;;;;;;;
7.345067;22417500;198;;;;;;;;;;;;;;
7.347567;22420000;187;;;;;;;;;;;;;;
7.350067;22422500;142;;;;;;;;;;;;;;
7.352567;22425000;157;22424466;130.43;-335.308;885.469;-218.754;-1941.323;-8635.48;22424044;-278.516;26.513;875.074;13344.436;33400.086;10764.473
7.355067;22427500;152;;;;;;;;;;;;;;
7.357567;22430000;125;;;;;;;;;;;;;;
7.360067;22432500;154;;;;;;;;;;;;;;
7.362567;22435000;144;;;;;;;;;;;;;;
7.365067;22437500;172;;;;;;;;;;;;;;
7.367567;22440000;174;;;;;;;;;;;;;;
7.370067;22442500;172;;;;;;;;;;;;;;
7.372567;22445000;303;;;;;;;;;;;;;;
7.375067;22447500;174;;;;;;;;;;;;;;
7.377567;22450000;167;;;;;;;;;;;;;;
7.380067;22452500;159;;;;;;;;;;;;;;
7.382567;22455000;151;22455199;137.231;-338.399;890.288;-1546.129;-1647.819;-7851.081;22454759;-283.921;33.074;867.475;13353.151;34495.957;11589.937
7.385067;22457500;156;;;;;;;;;;;;;;
7.387567;22460000;157;;;;;;;;;;;;;;
7.390067;22462500;171;;;;;;;;;;;;;;
7.392567;22465000;157;;;;;;;;;;;;;;
7.395067;22467500;152;;;;;;;;;;;;;;
7.397567;22470000;134;;;;;;;;;;;;;;
7.400067;22472500;138;;;;;;;;;;;;;;
7.402567;22475000;1;;;;;;;;;;;;;;
7.405067;22477500;282;;;;;;;;;;;;;;
7.407567;22480000;221;;;;;;;;;;;;;;
7.410067;22482500;168;;;;;;;;;;;;;;
7.412567;22485000;142;22485837;138.586;-340.053;893.122;-2815.448;-1346.241;-6559.027;22485409;-292.41;40.815;857.7;12126.806;38502.41;11628.189
7.415067;22487500;152;;;;;;;;;;;;;;
7.417567;22490000;152;;;;;;;;;;;;;;
7.420067;22492500;154;;;;;;;;;;;;;;
7.422567;22495000;143;;;;;;;;;;;;;;
7.425067;22497500;154;;;;;;;;;;;;;;
7.427567;22500000;173;;;;;;;;;;;;;;
7.430067;22502500;169;;;;;;;;;;;;;;
7.432567;22505000;139;;;;;;;;;;;;;;
7.435067;22507500;286;;;;;;;;;;;;;;
7.437567;22510000;184;;;;;;;;;;;;;;
7.440067;22512500;170;;;;;;;;;;;;;;
7.442567;22515000;170;;;;;;;;;;;;;;
7.445067;22517500;175;22518222;138.58;-345.505;895.973;-4887.55;-1414.991;-5199.888;22517782;-309.742;50.968;857.411;8960.652;44541.539;9861.593
7.447567;22520000;154;;;;;;;;;;;;;;
7.450067;22522500;153;;;;;;;;;;;;;;
7.452567;22525000;156;;;;;;;;;;;;;;
7.455067;22527500;153;;;;;;;;;;;;;;
7.457567;22530000;0;;;;;;;;;;;;;;
7.460067;22532500;265;;;;;;;;;;;;;;
7.462567;22535000;189;;;;;;;;;;;;;;
7.465067;22537500;191;;;;;;;;;;;;;;
7.467567;22540000;186;;;;;;;;;;;;;;
7.470067;22542500;172;;;;;;;;;;;;;;
7.472567;22545000;138;;;;;;;;;;;;;;
7.475067;22547500;153;;;;;;;;;;;;;;
7.477567;22550000;126;;;;;;;;;;;;;;
7.480067;22552500;154;;;;;;;;;;;;;;
7.482567;22555000;168;;;;;;;;;;;;;;
7.485067;22557500;156;;;;;;;;;;;;;;
7.487567;22560000;182;22559794;142.613;-347.414;897.455;-4266.922;-1457.554;-5017.768;22559359;-338.529;52.573;852.367;7808.682;41753.586;9967.013
7.490067;22562500;335;;;;;;;;;;;;;;
7.492567;22565000;220;;;;;;;;;;;;;;
7.495067;22567500;167;;;;;;;;;;;;;;
7.497567;22570000;136;;;;;;;;;;;;;;
7.500067;22572500;154;;;;;;;;;;;;;;
7.502567;22575000;151;;;;;;;;;;;;;;
7.505067;22577500;156;;;;;;;;;;;;;;
7.507567;22580000;158;;;;;;;;;;;;;;
7.510067;22582500;171;;;;;;;;;;;;;;
7.512567;22585000;158;;;;;;;;;;;;;;
7.515067;22587500;135;;;;;;;;;;;;;;
7.517567;22590000;126;;;;;;;;;;;;;;
7.520067;22592500;352;22591991;143.937;-349.215;897.557;-4070.201;-1345.301;-4861.379;22591559;-346.954;60.4;843.421;7080.06;40034.281;9391.225
7.522567;22595000;250;;;;;;;;;;;;;;
7.525067;22597500;204;;;;;;;;;;;;;;
7.527567;22600000;169;;;;;;;;;;;;;;
7.530067;22602500;174;;;;;;;;;;;;;;
7.532567;22605000;158;;;;;;;;;;;;;;
7.535067;22607500;126;;;;;;;;;;;;;;
7.537567;22610000;142;;;;;;;;;;;;;;
7.540067;22612500;136;;;;;;;;;;;;;;
7.542567;22615000;166;;;;;;;;;;;;;;
7.545067;22617500;174;;;;;;;;;;;;;;
7.547567;22620000;157;22620893;146.177;-349.908;899.643;-3950.691;-1147.661;-4585.061;22620463;-360.088;67.104;837.069;6074.62;39965.441;8846.851
7.550067;22622500;173;;;;;;;;;;;;;;
7.552567;22625000;344;;;;;;;;;;;;;;
7.555067;22627500;219;;;;;;;;;;;;;;
7.557567;22630000;151;;;;;;;;;;;;;;
7.560067;22632500;140;;;;;;;;;;;;;;
7.562567;22635000;143;;;;;;;;;;;;;;
7.565067;22637500;157;;;;;;;;;;;;;;
7.567567;22640000;175;;;;;;;;;;;;;;
7.570067;22642500;153;;;;;;;;;;;;;;
7.572567;22645000;139;;;;;;;;;;;;;;
7.575067;22647500;125;;;;;;;;;;;;;;
7.577567;22650000;125;;;;;;;;;;;;;;
7.580067;22652500;154;;;;;;;;;;;;;;
7.582567;22655000;150;22656221;147.304;-352.293;901.424;-4353.406;-1025.528;-4148.87;22655783;-370.064;72.612;832.236;4800.951;41623.355;7531.695
7.585067;22657500;156;;;;;;;;;;;;;;
7.587567;22660000;158;;;;;;;;;;;;;;
7.590067;22662500;153;;;;;;;;;;;;;;
7.592567;22665000;158;;;;;;;;;;;;;;
7.595067;22667500;270;;;;;;;;;;;;;;
7.597567;22670000;174;;;;;;;;;;;;;;
7.600067;22672500;144;;;;;;;;;;;;;;
7.602567;22675000;152;;;;;;;;;;;;;;
7.605067;22677500;175;;;;;;;;;;;;;;
7.607567;22680000;159;;;;;;;;;;;;;;
7.610067;22682500;171;;;;;;;;;;;;;;
7.612567;22685000;140;;;;;;;;;;;;;;
7.615067;22687500;125;22688413;148.418;-355.363;901.474;-4264.798;-966.814;-4002.239;22687983;-388.283;73.349;822.942;3724.403;46444.625;5012.673
7.617567;22690000;144;;;;;;;;;;;;;;
7.620067;22692500;137;;;;;;;;;;;;;;
7.622567;22695000;144;;;;;;;;;;;;;;
7.625067;22697500;0;;;;;;;;;;;;;;
7.627567;22700000;293;;;;;;;;;;;;;;
7.630067;22702500;221;;;;;;;;;;;;;;
7.632567;22705000;156;;;;;;;;;;;;;;
7.635067;22707500;154;;;;;;;;;;;;;;
7.637567;22710000;125;;;;;;;;;;;;;;
7.640067;22712500;136;;;;;;;;;;;;;;
7.642567;22715000;169;;;;;;;;;;;;;;
7.645067;22717500;174;;;;;;;;22718546;-407.707;68.248;811.386;4196.621;48942.77;2879.477
7.647567;22720000;181;22718978;151.691;-354.34;902.352;-3401.433;-575.036;-4443.502;;;;;;;
7.650067;22722500;172;;;;;;;;;;;;;;
7.652567;22725000;159;;;;;;;;;;;;;;
7.655067;22727500;352;;;;;;;;;;;;;;
7.657567;22730000;206;;;;;;;;;;;;;;
7.660067;22732500;176;;;;;;;;;;;;;;
7.662567;22735000;173;;;;;;;;;;;;;;
7.665067;22737500;175;;;;;;;;;;;;;;
7.667567;22740000;157;;;;;;;;;;;;;;
7.670067;22742500;170;;;;;;;;;;;;;;
7.672567;22745000;158;;;;;;;;;;;;;;
7.675067;22747500;151;;;;;;;;;;;;;;
7.677567;22750000;143;22751093;153.72;-354.178;903.899;-4385.924;-72.034;-4404.639;22750658;-430.254;68.636;796.425;4831.165;49709.066;1613.753
7.680067;22752500;154;;;;;;;;;;;;;;
7.682567;22755000;142;;;;;;;;;;;;;;
7.685067;22757500;159;;;;;;;;;;;;;;
7.687567;22760000;182;;;;;;;;;;;;;;
7.690067;22762500;408;;;;;;;;;;;;;;
7.692567;22765000;252;;;;;;;;;;;;;;
7.695067;22767500;155;;;;;;;;;;;;;;
7.697567;22770000;137;;;;;;;;;;;;;;
7.700067;22772500;155;;;;;;;;;;;;;;
7.702567;22775000;168;;;;;;;;;;;;;;
7.705067;22777500;158;;;;;;;;;;;;;;
7.707567;22780000;158;;;;;;;;;;;;;;
7.710067;22782500;154;22783116;153.933;-355.379;902.21;-6050.502;474.067;-4207.595;22782683;-451.563;72.115;780.021;5292.231;50092.738;660.253
7.712567;22785000;142;;;;;;;;;;;;;;
7.715067;22787500;153;;;;;;;;;;;;;;
7.717567;22790000;127;;;;;;;;;;;;;;
7.720067;22792500;136;;;;;;;;;;;;;;
7.722567;22795000;382;;;;;;;;;;;;;;
7.725067;22797500;239;;;;;;;;;;;;;;
7.727567;22800000;207;;;;;;;;;;;;;;
7.730067;22802500;160;;;;;;;;;;;;;;
7.732567;22805000;140;;;;;;;;;;;;;;
7.735067;22807500;153;;;;;;;;;;;;;;
7.737567;22810000;125;;;;;;;;;;;;;;
7.740067;22812500;135;;;;;;;;;;;;;;
7.742567;22815000;151;22815052;153.221;-360.504;903.477;-7018.915;878.239;-4187.09;22814622;-474.93;72.578;764.688;5450.245;49671.914;1.177
7.745067;22817500;174;;;;;;;;;;;;;;
7.747567;22820000;157;;;;;;;;;;;;;;
7.750067;22822500;154;;;;;;;;;;;;;;
7.752567;22825000;368;;;;;;;;;;;;;;
7.755067;22827500;232;;;;;;;;;;;;;;
7.757567;22830000;182;;;;;;;;;;;;;;
7.760067;22832500;139;;;;;;;;;;;;;;
7.762567;22835000;168;;;;;;;;;;;;;;
7.765067;22837500;156;;;;;;;;;;;;;;
7.767567;22840000;157;;;;;;;;;;;;;;
7.770067;22842500;171;;;;;;;;;;;;;;
7.772567;22845000;140;;;;;;;;;;;;;;
7.775067;22847500;124;22846831;152.52;-365.781;903.096;-7723.656;994.452;-3752.86;22846386;-496.848;72.365;749.066;5549.17;47805.629;-452.569
7.777567;22850000;124;;;;;;;;;;;;;;
7.780067;22852500;136;;;;;;;;;;;;;;
7.782567;22855000;140;;;;;;;;;;;;;;
7.785067;22857500;378;;;;;;;;;;;;;;
7.787567;22860000;251;;;;;;;;;;;;;;
7.790067;22862500;185;;;;;;;;;;;;;;
7.792567;22865000;153;;;;;;;;;;;;;;
7.795067;22867500;128;;;;;;;;;;;;;;
7.797567;22870000;127;;;;;;;;;;;;;;
7.800067;22872500;136;;;;;;;;;;;;;;
7.802567;22875000;143;;;;;;;;;;;;;;
7.805067;22877500;155;22877112;152.848;-370.446;902.514;-7207.098;932.042;-3624.717;22876690;-514.816;72.608;736.269;5340.836;45330.473;-424.69
7.807567;22880000;175;;;;;;;;;;;;;;
7.810067;22882500;173;;;;;;;;;;;;;;
7.812567;22885000;143;;;;;;;;;;;;;;
7.815067;22887500;126;;;;;;;;;;;;;;
7.817567;22890000;350;;;;;;;;;;;;;;
7.820067;22892500;204;;;;;;;;;;;;;;
7.822567;22895000;168;;;;;;;;;;;;;;
7.825067;22897500;186;;;;;;;;;;;;;;
7.827567;22900000;158;;;;;;;;;;;;;;
7.830067;22902500;173;;;;;;;;;;;;;;
7.832567;22905000;141;;;;;;;;;;;;;;
7.835067;22907500;151;;;;;;;;22908541;-531.976;72.986;723.49;5153.419;43064.824;-428.393
7.837567;22910000;142;22908981;153.459;-372.493;903.358;-6658.618;863.127;-3495.981;;;;;;;
7.840067;22912500;155;;;;;;;;;;;;;;
7.842567;22915000;169;;;;;;;;;;;;;;
7.845067;22917500;174;;;;;;;;;;;;;;
7.847567;22920000;182;;;;;;;;;;;;;;
7.850067;22922500;303;;;;;;;;;;;;;;
7.852567;22925000;217;;;;;;;;;;;;;;
7.855067;22927500;169;;;;;;;;;;;;;;
7.857567;22930000;153;;;;;;;;;;;;;;
7.860067;22932500;154;;;;;;;;;;;;;;
7.862567;22935000;158;;;;;;;;;;;;;;
7.865067;22937500;155;;;;;;;;;;;;;;
7.867567;22940000;174;22941001;153.704;-375.383;903.848;-6275.812;814.284;-3328.62;22940566;-548.37;73.356;711.447;4973.186;40903.27;-427.099
7.870067;22942500;155;;;;;;;;;;;;;;
7.872567;22945000;159;;;;;;;;;;;;;;
7.875067;22947500;154;;;;;;;;;;;;;;
7.877567;22950000;150;;;;;;;;;;;;;;
7.880067;22952500;0;;;;;;;;;;;;;;
7.882567;22955000;270;;;;;;;;;;;;;;
7.885067;22957500;221;;;;;;;;;;;;;;
7.887567;22960000;200;;;;;;;;;;;;;;
7.890067;22962500;176;;;;;;;;;;;;;;
7.892567;22965000;159;;;;;;;;;;;;;;
7.895067;22967500;135;;;;;;;;;;;;;;
7.897567;22970000;151;;;;;;;;;;;;;;
7.900067;22972500;155;22973024;153.937;-378.263;904.461;-5943.209;767.007;-3160.876;22972592;-563.926;73.739;699.823;4794.527;38882.605;-450.369
7.902567;22975000;168;;;;;;;;;;;;;;
7.905067;22977500;158;;;;;;;;;;;;;;
7.907567;22980000;165;;;;;;;;;;;;;;
7.910067;22982500;0;;;;;;;;;;;;;;
7.912567;22985000;278;;;;;;;;;;;;;;
7.915067;22987500;174;;;;;;;;;;;;;;
7.917567;22990000;142;;;;;;;;;;;;;;
7.920067;22992500;139;;;;;;;;;;;;;;
7.922567;22995000;168;;;;;;;;;;;;;;
7.925067;22997500;155;;;;;;;;;;;;;;
7.927567;23000000;159;;;;;;;;;;;;;;
7.930067;23002500;156;;;;;;;;;;;;;;
7.932567;23005000;142;23005048;154.145;-381.248;904.963;-5618.923;726.032;-3002.395;23004618;-578.723;74.139;688.817;4638.8;36934.977;-452.788
7.935067;23007500;153;;;;;;;;;;;;;;
7.937567;23010000;126;;;;;;;;;;;;;;
7.940067;23012500;135;;;;;;;;;;;;;;
7.942567;23015000;264;;;;;;;;;;;;;;
7.945067;23017500;265;;;;;;;;;;;;;;
7.947567;23020000;220;;;;;;;;;;;;;;
7.950067;23022500;168;;;;;;;;;;;;;;
7.952567;23025000;150;;;;;;;;;;;;;;
7.955067;23027500;137;;;;;;;;;;;;;;
7.957567;23030000;126;;;;;;;;;;;;;;
7.960067;23032500;153;;;;;;;;;;;;;;
7.962567;23035000;168;23035538;154.216;-384.012;905.404;-5316.54;687.542;-2849.65;23035093;-592.926;74.482;678.343;4490.86;35083.414;-452.461
7.965067;23037500;172;;;;;;;;;;;;;;
7.967567;23040000;157;;;;;;;;;;;;;;
7.970067;23042500;156;;;;;;;;;;;;;;
7.972567;23045000;141;;;;;;;;;;;;;;
7.975067;23047500;361;;;;;;;;;;;;;;
7.977567;23050000;234;;;;;;;;;;;;;;
7.980067;23052500;157;;;;;;;;;;;;;;
7.982567;23055000;156;;;;;;;;;;;;;;
7.985067;23057500;158;;;;;;;;;;;;;;
7.987567;23060000;183;;;;;;;;;;;;;;
7.990067;23062500;174;;;;;;;;;;;;;;
7.992567;23065000;141;;;;;;;;;;;;;;
7.995067;23067500;154;23067542;154.386;-386.582;905.908;-5024.9;643.54;-2707.605;23067119;-606.333;74.613;668.393;4349.442;33321.367;-448.65
7.997567;23070000;126;;;;;;;;;;;;;;
8.000067;23072500;136;;;;;;;;;;;;;;
8.002567;23075000;142;;;;;;;;;;;;;;
8.005067;23077500;154;;;;;;;;;;;;;;
8.007567;23080000;364;;;;;;;;;;;;;;
8.010067;23082500;230;;;;;;;;;;;;;;
8.012567;23085000;168;;;;;;;;;;;;;;
8.015067;23087500;139;;;;;;;;;;;;;;
8.017567;23090000;136;;;;;;;;;;;;;;
8.020067;23092500;155;;;;;;;;;;;;;;
8.022567;23095000;142;;;;;;;;;;;;;;
8.025067;23097500;173;;;;;;;;;;;;;;
8.027567;23100000;159;23099584;154.578;-388.914;906.357;-4746.092;605.676;-2570.475;23099145;-619.009;74.988;658.873;4212.033;31652.236;-444.155
8.030067;23102500;156;;;;;;;;;;;;;;
8.032567;23105000;158;;;;;;;;;;;;;;
8.035067;23107500;154;;;;;;;;;;;;;;
8.037567;23110000;151;;;;;;;;;;;;;;
8.040067;23112500;298;;;;;;;;;;;;;;
8.042567;23115000;203;;;;;;;;;;;;;;
8.045067;23117500;199;;;;;;;;;;;;;;
8.047567;23120000;188;;;;;;;;;;;;;;
8.050067;23122500;174;;;;;;;;;;;;;;
8.052567;23125000;142;;;;;;;;;;;;;;
8.055067;23127500;152;;;;;;;;;;;;;;
8.057567;23130000;152;;;;;;;;23130995;-631.106;75.179;649.927;4081.056;30061.75;-439.448
8.060067;23132500;135;23131430;154.682;-391.075;906.813;-4485.6;569.267;-2441.076;;;;;;;
8.062567;23135000;144;;;;;;;;;;;;;;
8.065067;23137500;154;;;;;;;;;;;;;;
8.067567;23140000;183;;;;;;;;;;;;;;
8.070067;23142500;360;;;;;;;;;;;;;;
8.072567;23145000;216;;;;;;;;;;;;;;
8.075067;23147500;154;;;;;;;;;;;;;;
8.077567;23150000;137;;;;;;;;;;;;;;
8.080067;23152500;155;;;;;;;;;;;;;;
8.082567;23155000;143;;;;;;;;;;;;;;
8.085067;23157500;156;;;;;;;;;;;;;;
8.087567;23160000;175;;;;;;;;;;;;;;
8.090067;23162500;156;23163454;155.329;-392.663;905.698;-4203.132;521.991;-2332.147;23163022;-642.776;75.544;641.587;3953.566;28543.787;-429.725
8.092567;23165000;141;;;;;;;;;;;;;;
8.095067;23167500;134;;;;;;;;;;;;;;
8.097567;23170000;125;;;;;;;;;;;;;;
8.100067;23172500;154;;;;;;;;;;;;;;
8.102567;23175000;304;;;;;;;;;;;;;;
8.105067;23177500;235;;;;;;;;;;;;;;
8.107567;23180000;183;;;;;;;;;;;;;;
8.110067;23182500;158;;;;;;;;;;;;;;
8.112567;23185000;167;;;;;;;;;;;;;;
8.115067;23187500;126;;;;;;;;;;;;;;
8.117567;23190000;135;;;;;;;;;;;;;;
8.120067;23192500;136;;;;;;;;23193498;-653.221;72.584;633.865;3958.45;27306.91;-577.552
8.122567;23195000;143;23193928;157.664;-394.972;920.345;2322.337;-137.608;-3612.477;;;;;;;
8.125067;23197500;155;;;;;;;;;;;;;;
8.127567;23200000;157;;;;;;;;;;;;;;
8.130067;23202500;156;;;;;;;;;;;;;;
8.132567;23205000;0;;;;;;;;;;;;;;
8.135067;23207500;265;;;;;;;;;;;;;;
8.137567;23210000;171;;;;;;;;;;;;;;
8.140067;23212500;144;;;;;;;;;;;;;;
8.142567;23215000;152;;;;;;;;23216144;-664.065;73.207;625.723;3929.84;26019.439;-615.174
8.145067;23217500;157;23216582;157.406;-393.621;922.097;9137.532;-964.166;-5664.416;;;;;;;
8.147567;23220000;166;;;;;;;;;;;;;;
8.150067;23222500;171;;;;;;;;;;;;;;
8.152567;23225000;143;;;;;;;;;;;;;;
8.155067;23227500;126;;;;;;;;;;;;;;
8.157567;23230000;126;;;;;;;;;;;;;;
8.160067;23232500;135;;;;;;;;;;;;;;
8.162567;23235000;167;;;;;;;;;;;;;;
8.165067;23237500;361;;;;;;;;;;;;;;
8.167567;23240000;283;;;;;;;;;;;;;;
8.170067;23242500;190;;;;;;;;;;;;;;
8.172567;23245000;173;;;;;;;;;;;;;;
8.175067;23247500;139;23248425;159.259;-393.503;925.305;10245.593;-1954.582;-10706.883;23247995;-674.861;74.542;616.696;3864.598;24826.967;-671.04
8.177567;23250000;153;;;;;;;;;;;;;;
8.180067;23252500;155;;;;;;;;;;;;;;
8.182567;23255000;168;;;;;;;;;;;;;;
8.185067;23257500;183;;;;;;;;;;;;;;
8.187567;23260000;157;;;;;;;;;;;;;;
8.190067;23262500;172;;;;;;;;;;;;;;
8.192567;23265000;159;;;;;;;;;;;;;;
8.195067;23267500;153;;;;;;;;;;;;;;
8.197567;23270000;377;;;;;;;;;;;;;;
8.200067;23272500;218;;;;;;;;;;;;;;
8.202567;23275000;189;;;;;;;;;;;;;;
8.205067;23277500;184;;;;;;;;23278733;-682.433;75.402;610.993;3874.368;23903.68;-774.426
8.207567;23280000;185;23279171;162.27;-384.814;936.477;10875.188;-3494.416;-18557.539;;;;;;;
8.210067;23282500;172;;;;;;;;;;;;;;
8.212567;23285000;139;;;;;;;;;;;;;;
8.215067;23287500;152;;;;;;;;;;;;;;
8.217567;23290000;143;;;;;;;;;;;;;;
8.220067;23292500;135;;;;;;;;;;;;;;
8.222567;23295000;157;;;;;;;;;;;;;;
8.225067;23297500;154;;;;;;;;;;;;;;
8.227567;23300000;391;;;;;;;;;;;;;;
8.230067;23302500;253;;;;;;;;;;;;;;
8.232567;23305000;173;;;;;;;;;;;;;;
8.235067;23307500;159;;;;;;;;;;;;;;
8.237567;23310000;126;;;;;;;;23311019;-689.048;74.139;605.216;4291.837;23755.434;-1262.454
8.240067;23312500;154;23311449;169.285;-378.999;939.74;12884.241;-5327.382;-26705.6;;;;;;;
8.242567;23315000;142;;;;;;;;;;;;;;
8.245067;23317500;174;;;;;;;;;;;;;;
8.247567;23320000;175;;;;;;;;;;;;;;
8.250067;23322500;0;;;;;;;;;;;;;;
8.252567;23325000;269;;;;;;;;;;;;;;
8.255067;23327500;172;;;;;;;;;;;;;;
8.257567;23330000;141;;;;;;;;;;;;;;
8.260067;23332500;138;;;;;;;;;;;;;;
8.262567;23335000;151;;;;;;;;;;;;;;
8.265067;23337500;175;;;;;;;;;;;;;;
8.267567;23340000;186;;;;;;;;;;;;;;
8.270067;23342500;173;;;;;;;;23343390;-699.448;73.031;609.023;5213.433;23436.1;-1901.519
8.272567;23345000;150;23343830;171.855;-374.134;936.326;11979.279;-7540.763;-35286.258;;;;;;;
8.275067;23347500;136;;;;;;;;;;;;;;
8.277567;23350000;154;;;;;;;;;;;;;;
8.280067;23352500;154;;;;;;;;;;;;;;
8.282567;23355000;364;;;;;;;;;;;;;;
8.285067;23357500;248;;;;;;;;;;;;;;
8.287567;23360000;190;;;;;;;;;;;;;;
8.290067;23362500;187;;;;;;;;;;;;;;
8.292567;23365000;167;;;;;;;;;;;;;;
8.295067;23367500;153;;;;;;;;;;;;;;
8.297567;23370000;127;;;;;;;;;;;;;;
8.300067;23372500;137;;;;;;;;;;;;;;
8.302567;23375000;168;23376191;175.158;-366.907;932.075;13208.628;-10374.975;-42828.445;23375764;-709.378;72.057;598.605;5242.386;23922.857;-2645.568
8.305067;23377500;155;;;;;;;;;;;;;;
8.307567;23380000;158;;;;;;;;;;;;;;
8.310067;23382500;155;;;;;;;;;;;;;;
8.312567;23385000;190;;;;;;;;;;;;;;
8.315067;23387500;265;;;;;;;;;;;;;;
8.317567;23390000;167;;;;;;;;;;;;;;
8.320067;23392500;144;;;;;;;;;;;;;;
8.322567;23395000;152;;;;;;;;;;;;;;
8.325067;23397500;157;;;;;;;;;;;;;;
8.327567;23400000;184;;;;;;;;;;;;;;
8.330067;23402500;158;;;;;;;;;;;;;;
8.332567;23405000;144;;;;;;;;;;;;;;
8.335067;23407500;136;23408663;190.165;-357.615;934.399;10934.259;-13691.788;-50915.773;23408223;-718.726;69.626;587.755;5451.454;23796.402;-3019.915
8.337567;23410000;154;;;;;;;;;;;;;;
8.340067;23412500;158;;;;;;;;;;;;;;
8.342567;23415000;170;;;;;;;;;;;;;;
8.345067;23417500;348;;;;;;;;;;;;;;
8.347567;23420000;265;;;;;;;;;;;;;;
8.350067;23422500;219;;;;;;;;;;;;;;
8.352567;23425000;182;;;;;;;;;;;;;;
8.355067;23427500;156;;;;;;;;;;;;;;
8.357567;23430000;154;;;;;;;;;;;;;;
8.360067;23432500;140;;;;;;;;;;;;;;
8.362567;23435000;168;;;;;;;;;;;;;;
8.365067;23437500;156;;;;;;;;;;;;;;
8.367567;23440000;159;23439562;208.052;-340.795;932.539;10032.296;-13334.886;-56503.984;23439132;-731.413;70.006;577.046;5241.006;22620.145;-2843.544
8.370067;23442500;158;;;;;;;;;;;;;;
8.372567;23445000;143;;;;;;;;;;;;;;
8.375067;23447500;153;;;;;;;;;;;;;;
8.377567;23450000;391;;;;;;;;;;;;;;
8.380067;23452500;233;;;;;;;;;;;;;;
8.382567;23455000;175;;;;;;;;;;;;;;
8.385067;23457500;171;;;;;;;;;;;;;;
8.387567;23460000;186;;;;;;;;;;;;;;
8.390067;23462500;157;;;;;;;;;;;;;;
8.392567;23465000;168;;;;;;;;;;;;;;
8.395067;23467500;155;;;;;;;;;;;;;;
8.397567;23470000;127;;;;;;;;;;;;;;
8.400067;23472500;154;23471857;219.634;-319.766;933.504;8009.056;-13138.017;-56187.848;23471419;-740.33;70.769;567.146;5111.081;20924.324;-2651.054
8.402567;23475000;143;;;;;;;;;;;;;;
8.405067;23477500;182;;;;;;;;;;;;;;
8.407567;23480000;183;;;;;;;;;;;;;;
8.410067;23482500;388;;;;;;;;;;;;;;
8.412567;23485000;264;;;;;;;;;;;;;;
8.415067;23487500;159;;;;;;;;;;;;;;
8.417567;23490000;157;;;;;;;;;;;;;;
8.420067;23492500;157;;;;;;;;;;;;;;
8.422567;23495000;170;;;;;;;;;;;;;;
8.425067;23497500;157;;;;;;;;;;;;;;
8.427567;23500000;159;;;;;;;;;;;;;;
8.430067;23502500;174;;;;;;;;;;;;;;
8.432567;23505000;150;23504222;234.748;-305.577;935.897;8690.979;-12839.428;-56244.953;23503792;-745.416;71.708;561.005;5082.152;19745.107;-2507.564
8.435067;23507500;138;;;;;;;;;;;;;;
8.437567;23510000;135;;;;;;;;;;;;;;
8.440067;23512500;139;;;;;;;;;;;;;;
8.442567;23515000;400;;;;;;;;;;;;;;
8.445067;23517500;254;;;;;;;;;;;;;;
8.447567;23520000;192;;;;;;;;;;;;;;
8.450067;23522500;170;;;;;;;;;;;;;;
8.452567;23525000;152;;;;;;;;;;;;;;
8.455067;23527500;159;;;;;;;;;;;;;;
8.457567;23530000;153;;;;;;;;;;;;;;
8.460067;23532500;158;;;;;;;;;;;;;;
8.462567;23535000;152;;;;;;;;23536163;-749.051;68.611;559.282;4268.044;19087.727;-2136.311
8.465067;23537500;157;23536603;250.699;-291.829;939.043;12329.992;-11641.831;-59458.828;;;;;;;
8.467567;23540000;184;;;;;;;;;;;;;;
8.470067;23542500;157;;;;;;;;;;;;;;
8.472567;23545000;0;;;;;;;;;;;;;;
8.475067;23547500;267;;;;;;;;;;;;;;
8.477567;23550000;171;;;;;;;;;;;;;;
8.480067;23552500;169;;;;;;;;;;;;;;
8.482567;23555000;153;;;;;;;;;;;;;;
8.485067;23557500;156;;;;;;;;;;;;;;
8.487567;23560000;159;;;;;;;;;;;;;;
8.490067;23562500;155;;;;;;;;;;;;;;
8.492567;23565000;168;;;;;;;;;;;;;;
8.495067;23567500;135;;;;;;;;23568537;-754.537;68.791;552.046;4886.767;18483.34;-2312.12
8.497567;23570000;127;23568964;255.317;-267.935;934.876;14905.492;-9931.427;-61186.387;;;;;;;
8.500067;23572500;138;;;;;;;;;;;;;;
8.502567;23575000;142;;;;;;;;;;;;;;
8.505067;23577500;295;;;;;;;;;;;;;;
8.507567;23580000;281;;;;;;;;;;;;;;
8.510067;23582500;201;;;;;;;;;;;;;;
8.512567;23585000;172;;;;;;;;;;;;;;
8.515067;23587500;156;;;;;;;;;;;;;;
8.517567;23590000;134;;;;;;;;;;;;;;
8.520067;23592500;153;;;;;;;;;;;;;;
8.522567;23595000;141;;;;;;;;;;;;;;
8.525067;23597500;156;;;;;;;;;;;;;;
8.527567;23600000;183;23599715;261.284;-251.324;933.779;16407.219;-9255.48;-64058.691;23599274;-763.658;68.377;544.671;5044.054;18053.109;-2605.577
8.530067;23602500;156;;;;;;;;;;;;;;
8.532567;23605000;141;;;;;;;;;;;;;;
8.535067;23607500;136;;;;;;;;;;;;;;
8.537567;23610000;364;;;;;;;;;;;;;;
8.540067;23612500;267;;;;;;;;;;;;;;
8.542567;23615000;186;;;;;;;;;;;;;;
8.545067;23617500;169;;;;;;;;;;;;;;
8.547567;23620000;167;;;;;;;;;;;;;;
8.550067;23622500;156;;;;;;;;;;;;;;
8.552567;23625000;167;23624265;267.325;-230.633;926.807;17493.92;-9340.894;-65463.07;23623837;-771.121;68.106;537.165;4906.476;17142.141;-2456.048
8.555067;23627500;127;;;;;;;;;;;;;;
8.557567;23630000;152;;;;;;;;;;;;;;
8.560067;23632500;136;;;;;;;;;;;;;;
8.562567;23635000;168;;;;;;;;;;;;;;
8.565067;23637500;174;;;;;;;;;;;;;;
8.567567;23640000;159;;;;;;;;;;;;;;
8.570067;23642500;54;;;;;;;;;;;;;;
8.572567;23645000;270;;;;;;;;;;;;;;
8.575067;23647500;188;;;;;;;;;;;;;;
8.577567;23650000;157;;;;;;;;;;;;;;
8.580067;23652500;140;;;;;;;;;;;;;;
8.582567;23655000;152;23655079;275.65;-210.11;924.637;17767.662;-9405.849;-65359.168;23654639;-776.29;68.343;531.382;4774.027;16281.096;-2368.245
8.585067;23657500;173;;;;;;;;;;;;;;
8.587567;23660000;173;;;;;;;;;;;;;;
8.590067;23662500;174;;;;;;;;;;;;;;
8.592567;23665000;141;;;;;;;;;;;;;;
8.595067;23667500;154;;;;;;;;;;;;;;
8.597567;23670000;153;;;;;;;;;;;;;;
8.600067;23672500;137;;;;;;;;;;;;;;
8.602567;23675000;40;;;;;;;;;;;;;;
8.605067;23677500;265;;;;;;;;;;;;;;
8.607567;23680000;220;;;;;;;;;;;;;;
8.610067;23682500;171;;;;;;;;;;;;;;
8.612567;23685000;151;23685885;286.475;-189.515;917.225;18906.654;-8478.806;-64287.457;23685463;-781.444;65.56;526.249;4880.076;15467.916;-2366.208
8.615067;23687500;136;;;;;;;;;;;;;;
8.617567;23690000;127;;;;;;;;;;;;;;
8.620067;23692500;156;;;;;;;;;;;;;;
8.622567;23695000;142;;;;;;;;;;;;;;
8.625067;23697500;155;;;;;;;;;;;;;;
8.627567;23700000;157;;;;;;;;;;;;;;
8.630067;23702500;155;;;;;;;;;;;;;;
8.632567;23705000;159;;;;;;;;;;;;;;
8.635067;23707500;270;;;;;;;;;;;;;;
8.637567;23710000;175;;;;;;;;;;;;;;
8.640067;23712500;151;;;;;;;;;;;;;;
8.642567;23715000;153;;;;;;;;;;;;;;
8.645067;23717500;174;23718281;292.519;-170.078;915.565;19126.385;-8413.178;-63563.77;23717836;-785.597;65.362;521.609;4887.197;14861.646;-2312.21
8.647567;23720000;158;;;;;;;;;;;;;;
8.650067;23722500;172;;;;;;;;;;;;;;
8.652567;23725000;142;;;;;;;;;;;;;;
8.655067;23727500;136;;;;;;;;;;;;;;
8.657567;23730000;347;;;;;;;;;;;;;;
8.660067;23732500;254;;;;;;;;;;;;;;
8.662567;23735000;202;;;;;;;;;;;;;;
8.665067;23737500;169;;;;;;;;;;;;;;
8.667567;23740000;160;;;;;;;;;;;;;;
8.670067;23742500;172;;;;;;;;;;;;;;
8.672567;23745000;141;;;;;;;;;;;;;;
8.675067;23747500;152;;;;;;;;;;;;;;
8.677567;23750000;125;;;;;;;;;;;;;;
8.680067;23752500;134;;;;;;;;;;;;;;
8.682567;23755000;167;;;;;;;;;;;;;;
8.685067;23757500;155;;;;;;;;;;;;;;
8.687567;23760000;157;23760014;301.61;-143.78;914.493;18915.564;-7404.519;-60807.77;23759587;-791.286;63.058;516.763;4701.462;14557.813;-2385.599
8.690067;23762500;312;;;;;;;;;;;;;;
8.692567;23765000;219;;;;;;;;;;;;;;
8.695067;23767500;153;;;;;;;;;;;;;;
8.697567;23770000;135;;;;;;;;;;;;;;
8.700067;23772500;137;;;;;;;;;;;;;;
8.702567;23775000;167;;;;;;;;;;;;;;
8.705067;23777500;172;;;;;;;;;;;;;;
8.707567;23780000;157;;;;;;;;;;;;;;
8.710067;23782500;152;;;;;;;;;;;;;;
8.712567;23785000;167;;;;;;;;;;;;;;
8.715067;23787500;128;;;;;;;;;;;;;;
8.717567;23790000;152;;;;;;;;;;;;;;
8.720067;23792500;360;23792392;311.79;-119.773;913.237;19143.16;-6935.855;-54798.504;23791960;-797.246;63.589;510.866;4486.951;13640.048;-2183.632
8.722567;23795000;255;;;;;;;;;;;;;;
8.725067;23797500;205;;;;;;;;;;;;;;
8.727567;23800000;173;;;;;;;;;;;;;;
8.730067;23802500;184;;;;;;;;;;;;;;
8.732567;23805000;143;;;;;;;;;;;;;;
8.735067;23807500;154;;;;;;;;;;;;;;
8.737567;23810000;154;;;;;;;;;;;;;;
8.740067;23812500;154;;;;;;;;;;;;;;
8.742567;23815000;169;;;;;;;;;;;;;;
8.745067;23817500;159;;;;;;;;;;;;;;
8.747567;23820000;185;;;;;;;;23821213;-803.408;70.213;505.623;3654.041;12605.857;-1775.638
8.750067;23822500;175;23821648;320.844;-90.696;906.701;17849.127;-4172.312;-42254.641;;;;;;;
8.752567;23825000;348;;;;;;;;;;;;;;
8.755067;23827500;232;;;;;;;;;;;;;;
8.757567;23830000;155;;;;;;;;;;;;;;
8.760067;23832500;167;;;;;;;;;;;;;;
8.762567;23835000;153;;;;;;;;;;;;;;
8.765067;23837500;182;;;;;;;;;;;;;;
8.767567;23840000;183;;;;;;;;;;;;;;
8.770067;23842500;157;;;;;;;;;;;;;;
8.772567;23845000;168;;;;;;;;;;;;;;
8.775067;23847500;137;;;;;;;;;;;;;;
8.777567;23850000;127;;;;;;;;;;;;;;
8.780067;23852500;136;;;;;;;;;;;;;;
8.782567;23855000;144;;;;;;;;;;;;;;
8.785067;23857500;173;23856964;327.378;-75.846;908.391;13688.107;-52.446;-25807.656;23856532;-808.158;70.027;501.448;3529.526;11928.314;-1681.168
8.787567;23860000;158;;;;;;;;;;;;;;
8.790067;23862500;158;;;;;;;;;;;;;;
8.792567;23865000;143;;;;;;;;;;;;;;
8.795067;23867500;294;;;;;;;;;;;;;;
8.797567;23870000;202;;;;;;;;;;;;;;
8.800067;23872500;152;;;;;;;;;;;;;;
8.802567;23875000;153;;;;;;;;;;;;;;
8.805067;23877500;157;;;;;;;;;;;;;;
8.807567;23880000;158;;;;;;;;;;;;;;
8.810067;23882500;153;;;;;;;;;;;;;;
8.812567;23885000;166;;;;;;;;;;;;;;
8.815067;23887500;127;;;;;;;;23888470;-816.27;65.635;497.482;3622.55;11258.836;-1662.735
8.817567;23890000;127;23888900;331.225;-73.14;908.496;10196.702;4709.301;-10183.023;;;;;;;
8.820067;23892500;128;;;;;;;;;;;;;;
8.822567;23895000;141;;;;;;;;;;;;;;
8.825067;23897500;155;;;;;;;;;;;;;;
8.827567;23900000;311;;;;;;;;;;;;;;
8.830067;23902500;215;;;;;;;;;;;;;;
8.832567;23905000;166;;;;;;;;;;;;;;
8.835067;23907500;141;;;;;;;;;;;;;;
8.837567;23910000;153;;;;;;;;;;;;;;
8.840067;23912500;154;;;;;;;;;;;;;;
8.842567;23915000;143;;;;;;;;;;;;;;
8.845067;23917500;156;;;;;;;;;;;;;;
8.847567;23920000;173;23919384;322.227;-77.992;911.279;2454.992;6609.71;3996.69;23918946;-815.936;64.037;493.061;3737.61;10446.081;-1546.348
8.850067;23922500;155;;;;;;;;;;;;;;
8.852567;23925000;143;;;;;;;;;;;;;;
8.855067;23927500;26;;;;;;;;;;;;;;
8.857567;23930000;247;;;;;;;;;;;;;;
8.860067;23932500;172;;;;;;;;;;;;;;
8.862567;23935000;156;;;;;;;;;;;;;;
8.865067;23937500;158;;;;;;;;;;;;;;
8.867567;23940000;159;;;;;;;;;;;;;;
8.870067;23942500;174;;;;;;;;;;;;;;
8.872567;23945000;140;;;;;;;;;;;;;;
8.875067;23947500;154;;;;;;;;;;;;;;
8.877567;23950000;127;;;;;;;;23950885;-817.772;67.49;489.038;4111.167;10866.59;-1875.906
8.880067;23952500;137;23951315;302.962;-85.262;914.357;-5312.195;10106.912;11723.043;;;;;;;
8.882567;23955000;168;;;;;;;;;;;;;;
8.885067;23957500;157;;;;;;;;;;;;;;
8.887567;23960000;175;;;;;;;;;;;;;;
8.890067;23962500;0;;;;;;;;;;;;;;
8.892567;23965000;265;;;;;;;;;;;;;;
8.895067;23967500;191;;;;;;;;;;;;;;
8.897567;23970000;138;;;;;;;;;;;;;;
8.900067;23972500;155;;;;;;;;;;;;;;
8.902567;23975000;168;;;;;;;;;;;;;;
8.905067;23977500;173;;;;;;;;;;;;;;
8.907567;23980000;174;;;;;;;;;;;;;;
8.910067;23982500;153;23983516;306.669;-98.939;915.822;-9132.398;15511.754;21501.266;23983084;-822.719;66.933;487.095;4168.546;11485.26;-2064.735
8.912567;23985000;157;;;;;;;;;;;;;;
8.915067;23987500;133;;;;;;;;;;;;;;
8.917567;23990000;151;;;;;;;;;;;;;;
8.920067;23992500;154;;;;;;;;;;;;;;
8.922567;23995000;3;;;;;;;;;;;;;;
8.925067;23997500;280;;;;;;;;;;;;;;
8.927567;24000000;190;;;;;;;;;;;;;;
8.930067;24002500;168;;;;;;;;;;;;;;
8.932567;24005000;168;;;;;;;;;;;;;;
8.935067;24007500;135;;;;;;;;;;;;;;
8.937567;24010000;153;;;;;;;;;;;;;;
8.940067;24012500;136;;;;;;;;;;;;;;
8.942567;24015000;140;24015718;292.324;-114.323;921.771;-11212.841;21799.604;34760.453;24015283;-824.264;63.611;484.267;4363.056;12341.185;-2248.936
8.945067;24017500;154;;;;;;;;;;;;;;
8.947567;24020000;156;;;;;;;;;;;;;;
8.950067;24022500;173;;;;;;;;;;;;;;
8.952567;24025000;316;;;;;;;;;;;;;;
8.955067;24027500;254;;;;;;;;;;;;;;
8.957567;24030000;172;;;;;;;;;;;;;;
8.960067;24032500;143;;;;;;;;;;;;;;
8.962567;24035000;169;;;;;;;;;;;;;;
8.965067;24037500;174;;;;;;;;;;;;;;
8.967567;24040000;159;;;;;;;;;;;;;;
8.970067;24042500;154;;;;;;;;;;;;;;
8.972567;24045000;142;;;;;;;;;;;;;;
8.975067;24047500;126;24048094;265.471;-133.269;927.984;-15754.761;24254.248;46724.93;24047654;-829.747;65.976;483.569;5812.653;11788.438;-2120.302
8.977567;24050000;125;;;;;;;;;;;;;;
8.980067;24052500;152;;;;;;;;;;;;;;
8.982567;24055000;151;;;;;;;;;;;;;;
8.985067;24057500;394;;;;;;;;;;;;;;
8.987567;24060000;255;;;;;;;;;;;;;;
8.990067;24062500;190;;;;;;;;;;;;;;
8.992567;24065000;172;;;;;;;;;;;;;;
8.995067;24067500;137;;;;;;;;;;;;;;
8.997567;24070000;127;;;;;;;;;;;;;;
9.000067;24072500;153;;;;;;;;;;;;;;
9.002567;24075000;142;;;;;;;;;;;;;;
9.005067;24077500;156;;;;;;;;24078479;-831.569;68.179;474.592;7070.333;12840.078;-2952.287
9.007567;24080000;157;24078907;248.263;-150.707;925.743;-16198.147;25694.535;48603.559;;;;;;;
9.010067;24082500;154;;;;;;;;;;;;;;
9.012567;24085000;158;;;;;;;;;;;;;;
9.015067;24087500;136;;;;;;;;;;;;;;
9.017567;24090000;365;;;;;;;;;;;;;;
9.020067;24092500;220;;;;;;;;;;;;;;
9.022567;24095000;172;;;;;;;;;;;;;;
9.025067;24097500;185;;;;;;;;;;;;;;
9.027567;24100000;185;;;;;;;;;;;;;;
9.030067;24102500;155;;;;;;;;;;;;;;
9.032567;24105000;142;;;;;;;;;;;;;;
9.035067;24107500;152;;;;;;;;;;;;;;
9.037567;24110000;125;24111118;225.395;-163.936;921.247;-17576.178;25772.621;48052.879;24110678;-834.228;67.96;465.338;7646.066;14809.512;-3597.86
9.040067;24112500;154;;;;;;;;;;;;;;
9.042567;24115000;168;;;;;;;;;;;;;;
9.045067;24117500;155;;;;;;;;;;;;;;
9.047567;24120000;176;;;;;;;;;;;;;;
9.050067;24122500;350;;;;;;;;;;;;;;
9.052567;24125000;237;;;;;;;;;;;;;;
9.055067;24127500;173;;;;;;;;;;;;;;
9.057567;24130000;137;;;;;;;;;;;;;;
9.060067;24132500;155;;;;;;;;;;;;;;
9.062567;24135000;141;;;;;;;;;;;;;;
9.065067;24137500;173;;;;;;;;;;;;;;
9.067567;24140000;176;;;;;;;;;;;;;;
9.070067;24142500;172;24143479;207.207;-180.627;922.807;-19516.182;23908.678;47441.359;24143049;-844.232;68.064;457.016;8442.389;14469.786;-4194.092
9.072567;24145000;167;;;;;;;;;;;;;;
9.075067;24147500;155;;;;;;;;;;;;;;
9.077567;24150000;134;;;;;;;;;;;;;;
9.080067;24152500;154;;;;;;;;;;;;;;
9.082567;24155000;362;;;;;;;;;;;;;;
9.085067;24157500;253;;;;;;;;;;;;;;
9.087567;24160000;205;;;;;;;;;;;;;;
9.090067;24162500;169;;;;;;;;;;;;;;
9.092567;24165000;151;;;;;;;;;;;;;;
9.095067;24167500;155;;;;;;;;;;;;;;
9.097567;24170000;149;;;;;;;;;;;;;;
9.100067;24172500;137;;;;;;;;;;;;;;
9.102567;24175000;169;24175861;188.508;-194.947;919.794;-22109.498;22032.932;48181.664;24175423;-846.599;66.674;453.362;9203.707;13404.172;-4351.887
9.105067;24177500;155;;;;;;;;;;;;;;
9.107567;24180000;156;;;;;;;;;;;;;;
9.110067;24182500;173;;;;;;;;;;;;;;
9.112567;24185000;2;;;;;;;;;;;;;;
9.115067;24187500;233;;;;;;;;;;;;;;
9.117567;24190000;158;;;;;;;;;;;;;;
9.120067;24192500;140;;;;;;;;;;;;;;
9.122567;24195000;143;;;;;;;;;;;;;;
9.125067;24197500;157;;;;;;;;;;;;;;
9.127567;24200000;182;;;;;;;;;;;;;;
9.130067;24202500;154;;;;;;;;;;;;;;
9.132567;24205000;139;;;;;;;;;;;;;;
9.135067;24207500;137;24208226;170.409;-215.589;917.382;-25503.711;20361.223;49576.207;24207796;-848.867;65.755;450.141;10656.271;13320.213;-5244.668
9.137567;24210000;134;;;;;;;;;;;;;;
9.140067;24212500;154;;;;;;;;;;;;;;
9.142567;24215000;159;;;;;;;;;;;;;;
9.145067;24217500;382;;;;;;;;;;;;;;
9.147567;24220000;251;;;;;;;;;;;;;;
9.150067;24222500;186;;;;;;;;;;;;;;
9.152567;24225000;173;;;;;;;;;;;;;;
9.155067;24227500;155;;;;;;;;;;;;;;
9.157567;24230000;127;;;;;;;;;;;;;;
9.160067;24232500;135;;;;;;;;;;;;;;
9.162567;24235000;143;;;;;;;;;;;;;;
9.165067;24237500;172;;;;;;;;24238705;-858.877;71.575;449.014;12153.896;12640.64;-6101.56
9.167567;24240000;157;24239145;155.081;-237.805;916.842;-30547.775;19178.662;51131.582;;;;;;;
9.170067;24242500;173;;;;;;;;;;;;;;
9.172567;24245000;140;;;;;;;;;;;;;;
9.175067;24247500;137;;;;;;;;;;;;;;
9.177567;24250000;379;;;;;;;;;;;;;;
9.180067;24252500;218;;;;;;;;;;;;;;
9.182567;24255000;171;;;;;;;;;;;;;;
9.185067;24257500;160;;;;;;;;;;;;;;
9.187567;24260000;166;;;;;;;;;;;;;;
9.190067;24262500;173;;;;;;;;;;;;;;
9.192567;24265000;138;;;;;;;;;;;;;;
9.195067;24267500;135;;;;;;;;;;;;;;
9.197567;24270000;123;;;;;;;;24271165;-858.212;76.036;443.192;12440.888;9849.982;-5033.044
9.200067;24272500;135;24271593;138.347;-255.073;904.489;-33702.512;19327.916;54920.504;;;;;;;
9.202567;24275000;142;;;;;;;;;;;;;;
9.205067;24277500;171;;;;;;;;;;;;;;
9.207567;24280000;173;;;;;;;;;;;;;;
9.210067;24282500;379;;;;;;;;;;;;;;
9.212567;24285000;238;;;;;;;;;;;;;;
9.215067;24287500;156;;;;;;;;;;;;;;
9.217567;24290000;154;;;;;;;;;;;;;;
9.220067;24292500;155;;;;;;;;;;;;;;
9.222567;24295000;167;;;;;;;;;;;;;;
9.225067;24297500;172;;;;;;;;;;;;;;
9.227567;24300000;158;;;;;;;;;;;;;;
9.230067;24302500;155;;;;;;;;24303538;-861.656;75.967;435.233;12983.03;9470.358;-4688.642
9.232567;24305000;167;24303978;109.336;-276.485;898.781;-35712.07;18403.957;59040.602;;;;;;;
9.235067;24307500;153;;;;;;;;;;;;;;
9.237567;24310000;151;;;;;;;;;;;;;;
9.240067;24312500;136;;;;;;;;;;;;;;
9.242567;24315000;366;;;;;;;;;;;;;;
9.245067;24317500;252;;;;;;;;;;;;;;
9.247567;24320000;205;;;;;;;;;;;;;;
9.250067;24322500;186;;;;;;;;;;;;;;
9.252567;24325000;150;;;;;;;;;;;;;;
9.255067;24327500;155;;;;;;;;;;;;;;
9.257567;24330000;154;;;;;;;;;;;;;;
9.260067;24332500;136;;;;;;;;;;;;;;
9.262567;24335000;168;;;;;;;;24335909;-868.257;77.226;432.058;12617.379;8130.591;-4210.084
9.265067;24337500;153;24336339;96.982;-298.895;888.508;-36375.152;16496.76;60804.383;;;;;;;
9.267567;24340000;156;;;;;;;;;;;;;;
9.270067;24342500;153;;;;;;;;;;;;;;
9.272567;24345000;264;;;;;;;;;;;;;;
9.275067;24347500;256;;;;;;;;;;;;;;
9.277567;24350000;159;;;;;;;;;;;;;;
9.280067;24352500;141;;;;;;;;;;;;;;
9.282567;24355000;143;;;;;;;;;;;;;;
9.285067;24357500;154;;;;;;;;;;;;;;
9.287567;24360000;173;;;;;;;;;;;;;;
9.290067;24362500;153;;;;;;;;;;;;;;
9.292567;24365000;160;;;;;;;;;;;;;;
9.295067;24367500;135;24368634;76.609;-301.048;870.111;-36996.77;15528.859;62447.164;24368196;-865.696;76.683;424.266;11917.385;6586.561;-3661.83
9.297567;24370000;144;;;;;;;;;;;;;;
9.300067;24372500;128;;;;;;;;;;;;;;
9.302567;24375000;141;;;;;;;;;;;;;;
9.305067;24377500;393;;;;;;;;;;;;;;
9.307567;24380000;266;;;;;;;;;;;;;;
9.310067;24382500;218;;;;;;;;;;;;;;
9.312567;24385000;156;;;;;;;;;;;;;;
9.315067;24387500;136;;;;;;;;;;;;;;
9.317567;24390000;154;;;;;;;;;;;;;;
9.320067;24392500;154;;;;;;;;;;;;;;
9.322567;24395000;159;;;;;;;;;;;;;;
9.325067;24397500;154;;;;;;;;;;;;;;
9.327567;24400000;158;24399364;57.333;-313.275;856.459;-36805.055;13708.104;64882.805;24398934;-868.997;87.056;414.465;9716.766;8081.17;-3587.239
9.330067;24402500;175;;;;;;;;;;;;;;
9.332567;24405000;143;;;;;;;;;;;;;;
9.335067;24407500;136;;;;;;;;;;;;;;
9.337567;24410000;331;;;;;;;;;;;;;;
9.340067;24412500;236;;;;;;;;;;;;;;
9.342567;24415000;200;;;;;;;;;;;;;;
9.345067;24417500;169;;;;;;;;;;;;;;
9.347567;24420000;185;;;;;;;;;;;;;;
9.350067;24422500;156;;;;;;;;24423323;-874.634;87.589;409.871;4701.489;9448.549;-2579.689
9.352567;24425000;141;24423761;37.234;-329.533;843.581;-35727.363;12454.386;66220.602;;;;;;;
9.355067;24427500;154;;;;;;;;;;;;;;
9.357567;24430000;127;;;;;;;;;;;;;;
9.360067;24432500;136;;;;;;;;;;;;;;
9.362567;24435000;142;;;;;;;;;;;;;;
9.365067;24437500;156;;;;;;;;;;;;;;
9.367567;24440000;175;;;;;;;;;;;;;;
9.370067;24442500;395;;;;;;;;;;;;;;
9.372567;24445000;247;;;;;;;;;;;;;;
9.375067;24447500;168;;;;;;;;;;;;;;
9.377567;24450000;140;;;;;;;;;;;;;;
9.380067;24452500;136;;;;;;;;;;;;;;
9.382567;24455000;142;24454296;9.923;-346.021;837.843;-34522.871;11690.354;66986.633;24453865;-875.853;85.424;401.65;366.602;10434.309;-1858.767
9.385067;24457500;154;;;;;;;;;;;;;;
9.387567;24460000;157;;;;;;;;;;;;;;
9.390067;24462500;172;;;;;;;;;;;;;;
9.392567;24465000;169;;;;;;;;;;;;;;
9.395067;24467500;155;;;;;;;;;;;;;;
9.397567;24470000;152;;;;;;;;;;;;;;
9.400067;24472500;136;;;;;;;;;;;;;;
9.402567;24475000;407;;;;;;;;;;;;;;
9.405067;24477500;267;;;;;;;;;;;;;;
9.407567;24480000;213;;;;;;;;;;;;;;
9.410067;24482500;187;;;;;;;;;;;;;;
9.412567;24485000;152;24484860;-17.2;-360.098;828.36;-33525.164;10792.586;66437.734;24484428;-879.5;80.653;394.866;-2932.978;11730.405;-1695.829
9.415067;24487500;152;;;;;;;;;;;;;;
9.417567;24490000;125;;;;;;;;;;;;;;
9.420067;24492500;152;;;;;;;;;;;;;;
9.422567;24495000;158;;;;;;;;;;;;;;
9.425067;24497500;154;;;;;;;;;;;;;;
9.427567;24500000;173;;;;;;;;;;;;;;
9.430067;24502500;153;;;;;;;;;;;;;;
9.432567;24505000;58;;;;;;;;;;;;;;
9.435067;24507500;271;;;;;;;;;;;;;;
9.437567;24510000;169;;;;;;;;;;;;;;
9.440067;24512500;168;;;;;;;;;;;;;;
9.442567;24515000;152;;;;;;;;;;;;;;
9.445067;24517500;172;24517323;-40.709;-370.647;820.761;-32036.594;9473.331;64973.91;24516887;-888.717;75.546;382.266;-3985.079;12579.76;-1654.787
9.447567;24520000;154;;;;;;;;;;;;;;
9.450067;24522500;171;;;;;;;;;;;;;;
9.452567;24525000;158;;;;;;;;;;;;;;
9.455067;24527500;136;;;;;;;;;;;;;;
9.457567;24530000;406;;;;;;;;;;;;;;
9.460067;24532500;249;;;;;;;;;;;;;;
9.462567;24535000;174;;;;;;;;;;;;;;
9.465067;24537500;186;;;;;;;;;;;;;;
9.467567;24540000;158;;;;;;;;;;;;;;
9.470067;24542500;172;;;;;;;;;;;;;;
9.472567;24545000;166;;;;;;;;;;;;;;
9.475067;24547500;154;;;;;;;;;;;;;;
9.477567;24550000;133;24549700;-63.983;-382.962;811.992;-30070.326;8249.352;63211.84;24549259;-892.075;72.111;377.262;-4210.2;11850.584;-1459.173
9.480067;24552500;135;;;;;;;;;;;;;;
9.482567;24555000;159;;;;;;;;;;;;;;
9.485067;24557500;154;;;;;;;;;;;;;;
9.487567;24560000;264;;;;;;;;;;;;;;
9.490067;24562500;269;;;;;;;;;;;;;;
9.492567;24565000;184;;;;;;;;;;;;;;
9.495067;24567500;151;;;;;;;;;;;;;;
9.497567;24570000;135;;;;;;;;;;;;;;
9.500067;24572500;136;;;;;;;;;;;;;;
9.502567;24575000;141;;;;;;;;;;;;;;
9.505067;24577500;154;;;;;;;;;;;;;;
9.507567;24580000;175;;;;;;;;;;;;;;
9.510067;24582500;181;24582060;-88.862;-390.227;802.258;-28344.996;6752.321;60070.934;24581632;-899.321;72.83;370.263;-4246.878;12111.617;-1203.339
9.512567;24585000;142;;;;;;;;;;;;;;
9.515067;24587500;136;;;;;;;;;;;;;;
9.517567;24590000;127;;;;;;;;;;;;;;
9.520067;24592500;304;;;;;;;;;;;;;;
9.522567;24595000;217;;;;;;;;;;;;;;
9.525067;24597500;171;;;;;;;;;;;;;;
9.527567;24600000;157;;;;;;;;;;;;;;
9.530067;24602500;153;;;;;;;;;;;;;;
9.532567;24605000;159;;;;;;;;;;;;;;
9.535067;24607500;136;;;;;;;;;;;;;;
9.537567;24610000;134;;;;;;;;;;;;;;
9.540067;24612500;128;;;;;;;;;;;;;;
9.542567;24615000;141;24614269;-102.969;-405.089;798.965;-25640.184;4557.518;55359.824;24613829;-891.278;68.109;367.616;-4421.722;11930.849;-1009.297
9.545067;24617500;172;;;;;;;;;;;;;;
9.547567;24620000;173;;;;;;;;;;;;;;
9.550067;24622500;172;;;;;;;;;;;;;;
9.552567;24625000;301;;;;;;;;;;;;;;
9.555067;24627500;201;;;;;;;;;;;;;;
9.557567;24630000;143;;;;;;;;;;;;;;
9.560067;24632500;137;;;;;;;;;;;;;;
9.562567;24635000;168;;;;;;;;;;;;;;
9.565067;24637500;153;;;;;;;;;;;;;;
9.567567;24640000;173;;;;;;;;;;;;;;
9.570067;24642500;154;;;;;;;;;;;;;;
9.572567;24645000;166;;;;;;;;;;;;;;
9.575067;24647500;154;;;;;;;;;;;;;;
9.577567;24650000;135;;;;;;;;;;;;;;
9.580067;24652500;153;;;;;;;;;;;;;;
9.582567;24655000;141;24655925;-117.737;-418.867;794.043;-22987.924;2821.579;50162.395;24655495;-890.769;64.618;362.338;-2266.448;12154.618;-1451.895
9.585067;24657500;315;;;;;;;;;;;;;;
9.587567;24660000;234;;;;;;;;;;;;;;
9.590067;24662500;172;;;;;;;;;;;;;;
9.592567;24665000;170;;;;;;;;;;;;;;
9.595067;24667500;138;;;;;;;;;;;;;;
9.597567;24670000;153;;;;;;;;;;;;;;
9.600067;24672500;156;;;;;;;;;;;;;;
9.602567;24675000;168;;;;;;;;;;;;;;
9.605067;24677500;173;;;;;;;;;;;;;;
9.607567;24680000;183;;;;;;;;;;;;;;
9.610067;24682500;172;;;;;;;;;;;;;;
9.612567;24685000;160;;;;;;;;;;;;;;
9.615067;24687500;0;24688394;-133.09;-435.872;792.008;-19685.152;515.75;44705.523;24687956;-886.246;59.362;348.485;-991.563;11658.012;-1488.238
9.617567;24690000;282;;;;;;;;;;;;;;
9.620067;24692500;200;;;;;;;;;;;;;;
9.622567;24695000;183;;;;;;;;;;;;;;
9.625067;24697500;175;;;;;;;;;;;;;;
9.627567;24700000;183;;;;;;;;;;;;;;
9.630067;24702500;173;;;;;;;;;;;;;;
9.632567;24705000;150;;;;;;;;;;;;;;
9.635067;24707500;137;;;;;;;;;;;;;;
9.637567;24710000;126;;;;;;;;;;;;;;
9.640067;24712500;153;;;;;;;;;;;;;;
9.642567;24715000;142;;;;;;;;;;;;;;
9.645067;24717500;156;;;;;;;;24718693;-889.355;58.504;342.754;310.14;11732.236;-1314.951
9.647567;24720000;0;24719123;-140.435;-445.944;789.288;-15854.082;-2413.725;37855.059;;;;;;;
9.650067;24722500;269;;;;;;;;;;;;;;
9.652567;24725000;203;;;;;;;;;;;;;;
9.655067;24727500;151;;;;;;;;;;;;;;
9.657567;24730000;136;;;;;;;;;;;;;;
9.660067;24732500;154;;;;;;;;;;;;;;
9.662567;24735000;141;;;;;;;;;;;;;;
9.665067;24737500;155;;;;;;;;;;;;;;
9.667567;24740000;156;;;;;;;;;;;;;;
9.670067;24742500;156;;;;;;;;;;;;;;
9.672567;24745000;160;;;;;;;;;;;;;;
9.675067;24747500;154;;;;;;;;;;;;;;
9.677567;24750000;127;;;;;;;;24751065;-886.41;59.288;336.523;-409.305;13013.749;-1825.391
9.680067;24752500;137;24751503;-143.1;-450.835;786.363;-13426.44;-6077.414;29180.18;;;;;;;
9.682567;24755000;142;;;;;;;;;;;;;;
9.685067;24757500;173;;;;;;;;;;;;;;
9.687567;24760000;183;;;;;;;;;;;;;;
9.690067;24762500;364;;;;;;;;;;;;;;
9.692567;24765000;223;;;;;;;;;;;;;;
9.695067;24767500;158;;;;;;;;;;;;;;
9.697567;24770000;156;;;;;;;;;;;;;;
9.700067;24772500;155;;;;;;;;;;;;;;
9.702567;24775000;166;;;;;;;;;;;;;;
9.705067;24777500;154;;;;;;;;;;;;;;
9.707567;24780000;157;;;;;;;;;;;;;;
9.710067;24782500;174;;;;;;;;24783525;-885.211;55.543;332.593;-809.714;16048.562;-2732.496
9.712567;24785000;142;24783955;-147.096;-458.116;787.323;-12976.931;-12518.918;18173.607;;;;;;;
9.715067;24787500;137;;;;;;;;;;;;;;
9.717567;24790000;126;;;;;;;;;;;;;;
9.720067;24792500;135;;;;;;;;;;;;;;
9.722567;24795000;380;;;;;;;;;;;;;;
9.725067;24797500;238;;;;;;;;;;;;;;
9.727567;24800000;207;;;;;;;;;;;;;;
9.730067;24802500;169;;;;;;;;;;;;;;
9.732567;24805000;168;;;;;;;;;;;;;;
9.735067;24807500;136;;;;;;;;;;;;;;
9.737567;24810000;152;;;;;;;;;;;;;;
9.740067;24812500;134;;;;;;;;;;;;;;
9.742567;24815000;140;;;;;;;;24815897;-892.544;52.418;328.578;-251.666;20003.945;-4005.496
9.745067;24817500;173;24816330;-142.779;-465.375;794.622;-14671.334;-19403.973;6073.678;;;;;;;
9.747567;24820000;174;;;;;;;;;;;;;;
9.750067;24822500;174;;;;;;;;;;;;;;
9.752567;24825000;317;;;;;;;;;;;;;;
9.755067;24827500;247;;;;;;;;;;;;;;
9.757567;24830000;187;;;;;;;;;;;;;;
9.760067;24832500;158;;;;;;;;;;;;;;
9.762567;24835000;166;;;;;;;;;;;;;;
9.765067;24837500;170;;;;;;;;;;;;;;
9.767567;24840000;155;;;;;;;;;;;;;;
9.770067;24842500;171;;;;;;;;;;;;;;
9.772567;24845000;140;;;;;;;;;;;;;;
9.775067;24847500;127;;;;;;;;24848355;-898.467;53.292;319.201;-353.27;20737.561;-4355.159
9.777567;24850000;143;24848791;-131.529;-465.542;788.435;-15241.08;-25192.711;-5297.006;;;;;;;
9.780067;24852500;154;;;;;;;;;;;;;;
9.782567;24855000;159;;;;;;;;;;;;;;
9.785067;24857500;368;;;;;;;;;;;;;;
9.787567;24860000;263;;;;;;;;;;;;;;
9.790067;24862500;215;;;;;;;;;;;;;;
9.792567;24865000;174;;;;;;;;;;;;;;
9.795067;24867500;157;;;;;;;;;;;;;;
9.797567;24870000;126;;;;;;;;;;;;;;
9.800067;24872500;137;;;;;;;;;;;;;;
9.802567;24875000;168;;;;;;;;;;;;;;
9.805067;24877500;169;;;;;;;;;;;;;;
9.807567;24880000;175;24879786;-114.845;-464.146;785.857;-13730.026;-31605.949;-17942.781;24879354;-901.465;52.616;303.118;-1932.482;21801.994;-4584.526
9.810067;24882500;155;;;;;;;;;;;;;;
9.812567;24885000;142;;;;;;;;;;;;;;
9.815067;24887500;136;;;;;;;;;;;;;;
9.817567;24890000;1;;;;;;;;;;;;;;
9.820067;24892500;238;;;;;;;;;;;;;;
9.822567;24895000;176;;;;;;;;;;;;;;
9.825067;24897500;168;;;;;;;;;;;;;;
9.827567;24900000;158;;;;;;;;;;;;;;
9.830067;24902500;156;;;;;;;;;;;;;;
9.832567;24905000;142;;;;;;;;;;;;;;
9.835067;24907500;134;;;;;;;;;;;;;;
9.837567;24910000;153;;;;;;;;;;;;;;
9.840067;24912500;153;24912509;-82.378;-465.839;784.171;-11327.212;-38205.59;-29225.643;24912074;-906.473;44.593;301.456;-2661.857;21477.957;-4388.112
9.842567;24915000;142;;;;;;;;;;;;;;
9.845067;24917500;153;;;;;;;;;;;;;;
9.847567;24920000;158;;;;;;;;;;;;;;
9.850067;24922500;410;;;;;;;;;;;;;;
9.852567;24925000;266;;;;;;;;;;;;;;
9.855067;24927500;169;;;;;;;;;;;;;;
9.857567;24930000;140;;;;;;;;;;;;;;
9.860067;24932500;137;;;;;;;;;;;;;;
9.862567;24935000;159;;;;;;;;;;;;;;
9.865067;24937500;153;;;;;;;;;;;;;;
9.867567;24940000;157;;;;;;;;;;;;;;
9.870067;24942500;155;;;;;;;;;;;;;;
9.872567;24945000;142;24945145;-57.037;-464.373;784.716;-9384.914;-43892.059;-38003.609;24944705;-909.132;44.2;289.098;-1989.327;20128.871;-4187.957
9.875067;24947500;153;;;;;;;;;;;;;;
9.877567;24950000;125;;;;;;;;;;;;;;
9.880067;24952500;137;;;;;;;;;;;;;;
9.882567;24955000;394;;;;;;;;;;;;;;
9.885067;24957500;251;;;;;;;;;;;;;;
9.887567;24960000;215;;;;;;;;;;;;;;
9.890067;24962500;169;;;;;;;;;;;;;;
9.892567;24965000;144;;;;;;;;;;;;;;
9.895067;24967500;137;;;;;;;;;;;;;;
9.897567;24970000;135;;;;;;;;;;;;;;
9.900067;24972500;136;;;;;;;;;;;;;;
9.902567;24975000;165;;;;;;;;;;;;;;
9.905067;24977500;170;24977681;-22.466;-457.386;780.653;-7281.168;-48673.395;-47093.867;24977253;-913.134;40.776;280.358;-1421.298;19419.053;-4114.621
9.907567;24980000;156;;;;;;;;;;;;;;
9.910067;24982500;172;;;;;;;;;;;;;;
9.912567;24985000;140;;;;;;;;;;;;;;
9.915067;24987500;296;;;;;;;;;;;;;;
9.917567;24990000;198;;;;;;;;;;;;;;
9.920067;24992500;143;;;;;;;;;;;;;;
9.922567;24995000;168;;;;;;;;;;;;;;
9.925067;24997500;155;;;;;;;;;;;;;;
9.927567;25000000;156;;;;;;;;;;;;;;
9.930067;25002500;153;;;;;;;;;;;;;;
9.932567;25005000;167;;;;;;;;;;;;;;
9.935067;25007500;153;;;;;;;;;;;;;;
9.937567;25010000;126;25010239;20.498;-448.596;780.465;-3944.734;-52831.098;-55748.859;25009799;-912.489;38.725;271.532;-921.921;18650.225;-4031.827
9.940067;25012500;153;;;;;;;;;;;;;;
9.942567;25015000;168;;;;;;;;;;;;;;
9.945067;25017500;155;;;;;;;;;;;;;;
9.947567;25020000;332;;;;;;;;;;;;;;
9.950067;25022500;216;;;;;;;;;;;;;;
9.952567;25025000;186;;;;;;;;;;;;;;
9.955067;25027500;158;;;;;;;;;;;;;;
9.957567;25030000;135;;;;;;;;;;;;;;
9.960067;25032500;156;;;;;;;;;;;;;;
9.962567;25035000;167;;;;;;;;;;;;;;
9.965067;25037500;173;;;;;;;;;;;;;;
9.967567;25040000;157;25041056;72.177;-436.969;782.549;-737.935;-53487.855;-59397.914;25040621;-917.751;34.098;265.525;-774.325;17800.838;-4097.549
9.970067;25042500;156;;;;;;;;;;;;;;
9.972567;25045000;170;;;;;;;;;;;;;;
9.975067;25047500;136;;;;;;;;;;;;;;
9.977567;25050000;153;;;;;;;;;;;;;;
9.980067;25052500;328;;;;;;;;;;;;;;
9.982567;25055000;222;;;;;;;;;;;;;;
9.985067;25057500;199;;;;;;;;;;;;;;
9.987567;25060000;168;;;;;;;;;;;;;;
9.990067;25062500;176;;;;;;;;;;;;;;
9.992567;25065000;151;;;;;;;;;;;;;;
9.995067;25067500;155;;;;;;;;;;;;;;
9.997567;25070000;133;;;;;;;;;;;;;;
10.000067;25072500;135;25073340;104.906;-420.342;780.394;-408.351;-53530.336;-60525.207;25072908;-918.59;30.393;255.598;-284.108;17578.857;-4247.046
10.002567;25075000;159;;;;;;;;;;;;;;
10.005067;25077500;152;;;;;;;;;;;;;;
10.007567;25080000;174;;;;;;;;;;;;;;
10.010067;25082500;153;;;;;;;;;;;;;;
10.012567;25085000;311;;;;;;;;;;;;;;
10.015067;25087500;216;;;;;;;;;;;;;;
10.017567;25090000;143;;;;;;;;;;;;;;
10.020067;25092500;155;;;;;;;;;;;;;;
10.022567;25095000;140;;;;;;;;;;;;;;
10.025067;25097500;154;;;;;;;;;;;;;;
10.027567;25100000;157;;;;;;;;;;;;;;
10.030067;25102500;155;;;;;;;;;;;;;;
10.032567;25105000;159;25105716;143.068;-404.62;769.812;-122.371;-54511.758;-60665.133;25105281;-921.576;27.153;246.002;18.847;16628.602;-4081.069
10.035067;25107500;137;;;;;;;;;;;;;;
10.037567;25110000;133;;;;;;;;;;;;;;
10.040067;25112500;136;;;;;;;;;;;;;;
10.042567;25115000;142;;;;;;;;;;;;;;
10.045067;25117500;343;;;;;;;;;;;;;;
10.047567;25120000;221;;;;;;;;;;;;;;
10.050067;25122500;183;;;;;;;;;;;;;;
10.052567;25125000;154;;;;;;;;;;;;;;
10.055067;25127500;157;;;;;;;;;;;;;;
10.057567;25130000;126;;;;;;;;;;;;;;
10.060067;25132500;128;;;;;;;;;;;;;;
10.062567;25135000;141;;;;;;;;;;;;;;
10.065067;25137500;173;;;;;;;;;;;;;;
10.067567;25140000;157;;;;;;;;;;;;;;
10.070067;25142500;155;;;;;;;;;;;;;;
10.072567;25145000;144;;;;;;;;;;;;;;
10.075067;25147500;390;25147298;175.186;-389.69;757.064;1180.935;-55071.793;-58633.75;25146858;-925.615;25.679;238.911;270.342;15906.108;-3908.516
10.077567;25150000;217;;;;;;;;;;;;;;
10.080067;25152500;182;;;;;;;;;;;;;;
10.082567;25155000;152;;;;;;;;;;;;;;
10.085067;25157500;174;;;;;;;;;;;;;;
10.087567;25160000;176;;;;;;;;;;;;;;
10.090067;25162500;157;;;;;;;;;;;;;;
10.092567;25165000;160;;;;;;;;;;;;;;
10.095067;25167500;153;;;;;;;;;;;;;;
10.097567;25170000;144;;;;;;;;;;;;;;
10.100067;25172500;153;;;;;;;;;;;;;;
10.102567;25175000;142;;;;;;;;;;;;;;
10.105067;25177500;155;;;;;;;;;;;;;;
10.107567;25180000;361;25179573;219.607;-371.474;739.182;2912.576;-55433.641;-56243.25;25179145;-929.488;21.321;228.759;698.7;15227.178;-3785.277
10.110067;25182500;254;;;;;;;;;;;;;;
10.112567;25185000;189;;;;;;;;;;;;;;
10.115067;25187500;141;;;;;;;;;;;;;;
10.117567;25190000;155;;;;;;;;;;;;;;
10.120067;25192500;156;;;;;;;;;;;;;;
10.122567;25195000;140;;;;;;;;;;;;;;
10.125067;25197500;172;;;;;;;;;;;;;;
10.127567;25200000;156;;;;;;;;;;;;;;
10.130067;25202500;173;;;;;;;;;;;;;;
10.132567;25205000;167;;;;;;;;;;;;;;
10.135067;25207500;138;;;;;;;;;;;;;;
10.137567;25210000;152;;;;;;;;;;;;;;
10.140067;25212500;343;25211697;245.239;-365.661;726.312;4836.76;-57927.707;-56652.836;25211257;-931.954;20.773;221.164;1231.203;14396.256;-3645.888
10.142567;25215000;238;;;;;;;;;;;;;;
10.145067;25217500;201;;;;;;;;;;;;;;
10.147567;25220000;169;;;;;;;;;;;;;;
10.150067;25222500;176;;;;;;;;;;;;;;
10.152567;25225000;142;;;;;;;;;;;;;;
10.155067;25227500;154;;;;;;;;;;;;;;
10.157567;25230000;126;;;;;;;;;;;;;;
10.160067;25232500;136;;;;;;;;;;;;;;
10.162567;25235000;142;;;;;;;;;;;;;;
10.165067;25237500;154;;;;;;;;;;;;;;
10.167567;25240000;182;;;;;;;;;;;;;;
10.170067;25242500;173;;;;;;;;25243628;-931.857;17.789;212.839;1690.705;13712.756;-3499.031
10.172567;25245000;143;25244058;273.56;-349.733;712.627;5806.797;-60116.82;-56408.445;;;;;;;
10.175067;25247500;135;;;;;;;;;;;;;;
10.177567;25250000;125;;;;;;;;;;;;;;
10.180067;25252500;152;;;;;;;;;;;;;;
10.182567;25255000;287;;;;;;;;;;;;;;
10.185067;25257500;205;;;;;;;;;;;;;;
10.187567;25260000;175;;;;;;;;;;;;;;
10.190067;25262500;167;;;;;;;;;;;;;;
10.192567;25265000;168;;;;;;;;;;;;;;
10.195067;25267500;135;;;;;;;;;;;;;;
10.197567;25270000;152;;;;;;;;;;;;;;
10.200067;25272500;126;;;;;;;;;;;;;;
10.202567;25275000;141;25274891;310.866;-330.965;692.014;5557.145;-60273.668;-54722.461;25274453;-934.784;16.686;204.027;1553.67;13055.993;-3338.955
10.205067;25277500;155;;;;;;;;;;;;;;
10.207567;25280000;157;;;;;;;;;;;;;;
10.210067;25282500;174;;;;;;;;;;;;;;
10.212567;25285000;0;;;;;;;;;;;;;;
10.215067;25287500;267;;;;;;;;;;;;;;
10.217567;25290000;172;;;;;;;;;;;;;;
10.220067;25292500;143;;;;;;;;;;;;;;
10.222567;25295000;168;;;;;;;;;;;;;;
10.225067;25297500;155;;;;;;;;;;;;;;
10.227567;25300000;157;;;;;;;;;;;;;;
10.230067;25302500;172;;;;;;;;;;;;;;
10.232567;25305000;166;;;;;;;;;;;;;;
10.235067;25307500;152;25307256;343.744;-313.252;671.657;5278.85;-60735.047;-53175.461;25306826;-938.144;16.407;198.468;1963.361;12440.818;-3193.882
10.237567;25310000;126;;;;;;;;;;;;;;
10.240067;25312500;127;;;;;;;;;;;;;;
10.242567;25315000;160;;;;;;;;;;;;;;
10.245067;25317500;199;;;;;;;;;;;;;;
10.247567;25320000;297;;;;;;;;;;;;;;
10.250067;25322500;201;;;;;;;;;;;;;;
10.252567;25325000;182;;;;;;;;;;;;;;
10.255067;25327500;139;;;;;;;;;;;;;;
10.257567;25330000;151;;;;;;;;;;;;;;
10.260067;25332500;127;;;;;;;;;;;;;;
10.262567;25335000;167;;;;;;;;;;;;;;
10.265067;25337500;171;;;;;;;;;;;;;;
10.267567;25340000;158;25339637;372.85;-298.547;652.47;4903.345;-60744.605;-50861.875;25339197;-940.488;15.434;192.369;2075.193;11827.965;-3053.438
10.270067;25342500;173;;;;;;;;;;;;;;
10.272567;25345000;168;;;;;;;;;;;;;;
10.275067;25347500;138;;;;;;;;;;;;;;
10.277567;25350000;320;;;;;;;;;;;;;;
10.280067;25352500;247;;;;;;;;;;;;;;
10.282567;25355000;203;;;;;;;;;;;;;;
10.285067;25357500;189;;;;;;;;;;;;;;
10.287567;25360000;168;;;;;;;;;;;;;;
10.290067;25362500;174;;;;;;;;;;;;;;
10.292567;25365000;152;;;;;;;;;;;;;;
10.295067;25367500;157;;;;;;;;;;;;;;
10.297567;25370000;125;;;;;;;;;;;;;;
10.300067;25372500;136;25371998;404.002;-284.84;633.01;3848.802;-59977.125;-47350.594;25371571;-943.807;14.138;182.659;2180.559;11350.754;-2934.454
10.302567;25375000;168;;;;;;;;;;;;;;
10.305067;25377500;174;;;;;;;;;;;;;;
10.307567;25380000;184;;;;;;;;;;;;;;
10.310067;25382500;301;;;;;;;;;;;;;;
10.312567;25385000;202;;;;;;;;;;;;;;
10.315067;25387500;173;;;;;;;;;;;;;;
10.317567;25390000;156;;;;;;;;;;;;;;
10.320067;25392500;136;;;;;;;;;;;;;;
10.322567;25395000;169;;;;;;;;;;;;;;
10.325067;25397500;173;;;;;;;;;;;;;;
10.327567;25400000;183;;;;;;;;;;;;;;
10.330067;25402500;158;;;;;;;;;;;;;;
10.332567;25405000;143;25404210;432.852;-268.414;609.284;3280.112;-57996.332;-43645.625;25403770;-949.205;20.708;175.124;1665.093;10339.153;-2670.481
10.335067;25407500;137;;;;;;;;;;;;;;
10.337567;25410000;154;;;;;;;;;;;;;;
10.340067;25412500;138;;;;;;;;;;;;;;
10.342567;25415000;286;;;;;;;;;;;;;;
10.345067;25417500;207;;;;;;;;;;;;;;
10.347567;25420000;183;;;;;;;;;;;;;;
10.350067;25422500;185;;;;;;;;;;;;;;
10.352567;25425000;152;;;;;;;;;;;;;;
10.355067;25427500;137;;;;;;;;;;;;;;
10.357567;25430000;152;;;;;;;;;;;;;;
10.360067;25432500;137;;;;;;;;;;;;;;
10.362567;25435000;144;25434849;458.716;-253.932;584.974;3225.919;-55502.516;-40405.031;25434419;-950.483;17.525;170.065;1260.713;9792.883;-2469.144
10.365067;25437500;157;;;;;;;;;;;;;;
10.367567;25440000;168;;;;;;;;;;;;;;
10.370067;25442500;183;;;;;;;;;;;;;;
10.372567;25445000;170;;;;;;;;;;;;;;
10.375067;25447500;269;;;;;;;;;;;;;;
10.377567;25450000;173;;;;;;;;;;;;;;
10.380067;25452500;142;;;;;;;;;;;;;;
10.382567;25455000;169;;;;;;;;;;;;;;
10.385067;25457500;157;;;;;;;;;;;;;;
10.387567;25460000;186;;;;;;;;;;;;;;
10.390067;25462500;158;;;;;;;;;;;;;;
10.392567;25465000;152;;;;;;;;;;;;;;
10.395067;25467500;154;25467143;483.287;-241.595;563.015;3188.436;-52255.766;-37407.402;25466706;-952.381;16.295;166.454;1835.553;9203.051;-2363.625
10.397567;25470000;152;;;;;;;;;;;;;;
10.400067;25472500;135;;;;;;;;;;;;;;
10.402567;25475000;142;;;;;;;;;;;;;;
10.405067;25477500;0;;;;;;;;;;;;;;
10.407567;25480000;304;;;;;;;;;;;;;;
10.410067;25482500;220;;;;;;;;;;;;;;
10.412567;25485000;183;;;;;;;;;;;;;;
10.415067;25487500;141;;;;;;;;;;;;;;
10.417567;25490000;137;;;;;;;;;;;;;;
10.420067;25492500;154;;;;;;;;;;;;;;
10.422567;25495000;159;;;;;;;;;;;;;;
10.425067;25497500;155;;;;;;;;;;;;;;
10.427567;25500000;158;25499421;508.972;-230.778;542.922;3169.889;-47910.914;-35137.594;25498991;-954.807;17.335;162.236;2020.713;8823.398;-2254.193
10.430067;25502500;184;;;;;;;;;;;;;;
10.432567;25505000;151;;;;;;;;;;;;;;
10.435067;25507500;156;;;;;;;;;;;;;;
10.437567;25510000;3;;;;;;;;;;;;;;
10.440067;25512500;250;;;;;;;;;;;;;;
10.442567;25515000;205;;;;;;;;;;;;;;
10.445067;25517500;170;;;;;;;;;;;;;;
10.447567;25520000;186;;;;;;;;;;;;;;
10.450067;25522500;184;;;;;;;;;;;;;;
10.452567;25525000;169;;;;;;;;;;;;;;
10.455067;25527500;157;;;;;;;;;;;;;;
10.457567;25530000;135;;;;;;;;25531102;-958.239;15.632;159.834;2166.427;8443.479;-2179.984
10.460067;25532500;152;25531542;537.148;-220.801;524.207;2954.957;-42733.742;-32647.027;;;;;;;
10.462567;25535000;141;;;;;;;;;;;;;;
10.465067;25537500;172;;;;;;;;;;;;;;
10.467567;25540000;184;;;;;;;;;;;;;;
10.470067;25542500;301;;;;;;;;;;;;;;
10.472567;25545000;220;;;;;;;;;;;;;;
10.475067;25547500;155;;;;;;;;;;;;;;
10.477567;25550000;137;;;;;;;;;;;;;;
10.480067;25552500;157;;;;;;;;;;;;;;
10.482567;25555000;153;;;;;;;;;;;;;;
10.485067;25557500;156;;;;;;;;;;;;;;
10.487567;25560000;184;;;;;;;;;;;;;;
10.490067;25562500;156;25563730;555.016;-212.707;512.478;3566.271;-38259.93;-30325.176;25563303;-960.994;11.752;160.15;2336.355;8045.367;-2117.797
10.492567;25565000;169;;;;;;;;;;;;;;
10.495067;25567500;137;;;;;;;;;;;;;;
10.497567;25570000;152;;;;;;;;;;;;;;
10.500067;25572500;154;;;;;;;;;;;;;;
10.502567;25575000;302;;;;;;;;;;;;;;
10.505067;25577500;223;;;;;;;;;;;;;;
10.507567;25580000;175;;;;;;;;;;;;;;
10.510067;25582500;185;;;;;;;;;;;;;;
10.512567;25585000;152;;;;;;;;;;;;;;
10.515067;25587500;156;;;;;;;;;;;;;;
10.517567;25590000;127;;;;;;;;;;;;;;
10.520067;25592500;136;;;;;;;;;;;;;;
10.522567;25595000;160;25594479;567.007;-204.872;501.109;3703.833;-33672.934;-28232.729;25594039;-961.47;10.768;156.864;2364.788;7724.911;-2038.594
10.525067;25597500;154;;;;;;;;;;;;;;
10.527567;25600000;183;;;;;;;;;;;;;;
10.530067;25602500;158;;;;;;;;;;;;;;
10.532567;25605000;0;;;;;;;;;;;;;;
10.535067;25607500;281;;;;;;;;;;;;;;
10.537567;25610000;171;;;;;;;;;;;;;;
10.540067;25612500;167;;;;;;;;;;;;;;
10.542567;25615000;142;;;;;;;;;;;;;;
10.545067;25617500;155;;;;;;;;25618516;-962.397;10.565;151.278;2304.298;7392.041;-1945.415
10.547567;25620000;174;25618938;581.973;-192.243;488.175;3478.829;-27669.85;-26147.779;;;;;;;
10.550067;25622500;172;;;;;;;;;;;;;;
10.552567;25625000;142;;;;;;;;;;;;;;
10.555067;25627500;135;;;;;;;;;;;;;;
10.557567;25630000;126;;;;;;;;;;;;;;
10.560067;25632500;127;;;;;;;;;;;;;;
10.562567;25635000;141;;;;;;;;;;;;;;
10.565067;25637500;27;;;;;;;;;;;;;;
10.567567;25640000;267;;;;;;;;;;;;;;
10.570067;25642500;199;;;;;;;;;;;;;;
10.572567;25645000;154;;;;;;;;;;;;;;
10.575067;25647500;154;;;;;;;;;;;;;;
10.577567;25650000;125;25649503;613.258;-183.619;474.313;2995.137;-18330.857;-23070.266;25649058;-964.444;9.262;146.837;1860.958;6995.313;-1833.269
10.580067;25652500;124;;;;;;;;;;;;;;
10.582567;25655000;140;;;;;;;;;;;;;;
10.585067;25657500;171;;;;;;;;;;;;;;
10.587567;25660000;155;;;;;;;;;;;;;;
10.590067;25662500;153;;;;;;;;;;;;;;
10.592567;25665000;150;;;;;;;;;;;;;;
10.595067;25667500;153;;;;;;;;;;;;;;
10.597567;25670000;382;;;;;;;;;;;;;;
10.600067;25672500;223;;;;;;;;;;;;;;
10.602567;25675000;190;;;;;;;;;;;;;;
10.605067;25677500;184;;;;;;;;;;;;;;
10.607567;25680000;184;25679957;623.392;-181.697;476.266;2970.505;-8050.502;-19819.377;25679534;-965.443;8.177;145.809;1983.16;6548.423;-1730.668
10.610067;25682500;157;;;;;;;;;;;;;;
10.612567;25685000;143;;;;;;;;;;;;;;
10.615067;25687500;154;;;;;;;;;;;;;;
10.617567;25690000;152;;;;;;;;;;;;;;
10.620067;25692500;151;;;;;;;;;;;;;;
10.622567;25695000;140;;;;;;;;;;;;;;
10.625067;25697500;172;;;;;;;;;;;;;;
10.627567;25700000;8;;;;;;;;;;;;;;
10.630067;25702500;283;;;;;;;;;;;;;;
10.632567;25705000;215;;;;;;;;;;;;;;
10.635067;25707500;152;;;;;;;;;;;;;;
10.637567;25710000;154;;;;;;;;;;;;;;
10.640067;25712500;153;25712092;623.082;-178.877;491.462;3566.167;1106.398;-15896.283;25711647;-964.555;8.469;142.148;1902.377;6112.939;-1571.072
10.642567;25715000;159;;;;;;;;;;;;;;
10.645067;25717500;172;;;;;;;;;;;;;;
10.647567;25720000;157;;;;;;;;;;;;;;
10.650067;25722500;175;;;;;;;;;;;;;;
10.652567;25725000;381;;;;;;;;;;;;;;
10.655067;25727500;237;;;;;;;;;;;;;;
10.657567;25730000;184;;;;;;;;;;;;;;
10.660067;25732500;156;;;;;;;;;;;;;;
10.662567;25735000;168;;;;;;;;;;;;;;
10.665067;25737500;152;;;;;;;;;;;;;;
10.667567;25740000;156;;;;;;;;;;;;;;
10.670067;25742500;174;;;;;;;;25743584;-964.017;9.357;138.975;1909.633;5622.667;-1459.706
10.672567;25745000;143;25744014;644.083;-173.886;491.875;3167.359;7652.079;-12138.719;;;;;;;
10.675067;25747500;137;;;;;;;;;;;;;;
10.677567;25750000;134;;;;;;;;;;;;;;
10.680067;25752500;136;;;;;;;;;;;;;;
10.682567;25755000;0;;;;;;;;;;;;;;
10.685067;25757500;283;;;;;;;;;;;;;;
10.687567;25760000;223;;;;;;;;;;;;;;
10.690067;25762500;172;;;;;;;;;;;;;;
10.692567;25765000;170;;;;;;;;;;;;;;
10.695067;25767500;136;;;;;;;;;;;;;;
10.697567;25770000;127;;;;;;;;;;;;;;
10.700067;25772500;153;;;;;;;;;;;;;;
10.702567;25775000;158;25776048;659.837;-172.975;500.264;2863.304;17274.225;-8012.97;25775610;-961.981;7.706;139.206;1763.402;5176.596;-1308.408
10.705067;25777500;172;;;;;;;;;;;;;;
10.707567;25780000;158;;;;;;;;;;;;;;
10.710067;25782500;155;;;;;;;;;;;;;;
10.712567;25785000;167;;;;;;;;;;;;;;
10.715067;25787500;311;;;;;;;;;;;;;;
10.717567;25790000;201;;;;;;;;;;;;;;
10.720067;25792500;144;;;;;;;;;;;;;;
10.722567;25795000;142;;;;;;;;;;;;;;
10.725067;25797500;173;;;;;;;;;;;;;;
10.727567;25800000;183;;;;;;;;;;;;;;
10.730067;25802500;156;;;;;;;;;;;;;;
10.732567;25805000;142;;;;;;;;;;;;;;
10.735067;25807500;135;25808066;650.818;-174.733;515.333;1506.513;28701.201;-3867.759;25807636;-963.561;5.869;138.651;1890.919;5293.579;-1286.738
10.737567;25810000;125;;;;;;;;;;;;;;
10.740067;25812500;135;;;;;;;;;;;;;;
10.742567;25815000;166;;;;;;;;;;;;;;
10.745067;25817500;60;;;;;;;;;;;;;;
10.747567;25820000;295;;;;;;;;;;;;;;
10.750067;25822500;205;;;;;;;;;;;;;;
10.752567;25825000;159;;;;;;;;;;;;;;
10.755067;25827500;156;;;;;;;;;;;;;;
10.757567;25830000;126;;;;;;;;;;;;;;
10.760067;25832500;128;;;;;;;;;;;;;;
10.762567;25835000;159;;;;;;;;;;;;;;
10.765067;25837500;153;25838551;637.297;-179.465;528.277;-277.25;38790.328;-2462.933;25838111;-964.359;3.672;134.86;2403.186;4953.212;-1196.588
10.767567;25840000;158;;;;;;;;;;;;;;
10.770067;25842500;172;;;;;;;;;;;;;;
10.772567;25845000;160;;;;;;;;;;;;;;
10.775067;25847500;135;;;;;;;;;;;;;;
10.777567;25850000;188;;;;;;;;;;;;;;
10.780067;25852500;254;;;;;;;;;;;;;;
10.782567;25855000;199;;;;;;;;;;;;;;
10.785067;25857500;184;;;;;;;;;;;;;;
10.787567;25860000;159;;;;;;;;;;;;;;
10.790067;25862500;173;;;;;;;;;;;;;;
10.792567;25865000;168;;;;;;;;;;;;;;
10.795067;25867500;136;;;;;;;;;;;;;;
10.797567;25870000;142;25870565;623.153;-179.66;550.084;1582.863;41957.75;-1076.724;25870137;-965.734;0.36;133.558;4289.401;4859.989;-1339.759
10.800067;25872500;126;;;;;;;;;;;;;;
10.802567;25875000;158;;;;;;;;;;;;;;
10.805067;25877500;155;;;;;;;;;;;;;;
10.807567;25880000;182;;;;;;;;;;;;;;
10.810067;25882500;393;;;;;;;;;;;;;;
10.812567;25885000;233;;;;;;;;;;;;;;
10.815067;25887500;185;;;;;;;;;;;;;;
10.817567;25890000;156;;;;;;;;;;;;;;
10.820067;25892500;155;;;;;;;;;;;;;;
10.822567;25895000;157;;;;;;;;;;;;;;
10.825067;25897500;154;;;;;;;;;;;;;;
10.827567;25900000;175;;;;;;;;;;;;;;
10.830067;25902500;173;25902603;603.988;-175.417;571.398;1835.345;44407.238;3391.05;25902163;-963.631;-1.848;135.652;7114.244;4434.552;-1540.958
10.832567;25905000;159;;;;;;;;;;;;;;
10.835067;25907500;153;;;;;;;;;;;;;;
10.837567;25910000;124;;;;;;;;;;;;;;
10.840067;25912500;152;;;;;;;;;;;;;;
10.842567;25915000;359;;;;;;;;;;;;;;
10.845067;25917500;248;;;;;;;;;;;;;;
10.847567;25920000;203;;;;;;;;;;;;;;
10.850067;25922500;168;;;;;;;;;;;;;;
10.852567;25925000;168;;;;;;;;;;;;;;
10.855067;25927500;136;;;;;;;;;;;;;;
10.857567;25930000;126;;;;;;;;;;;;;;
10.860067;25932500;127;;;;;;;;;;;;;;
10.862567;25935000;141;25934617;579.858;-178.437;589.829;2578.765;48850.438;8007.31;25934187;-963.06;-2.708;130.809;9795.656;4346.699;-1716.348
10.865067;25937500;174;;;;;;;;;;;;;;
10.867567;25940000;174;;;;;;;;;;;;;;
10.870067;25942500;157;;;;;;;;;;;;;;
10.872567;25945000;365;;;;;;;;;;;;;;
10.875067;25947500;220;;;;;;;;;;;;;;
10.877567;25950000;175;;;;;;;;;;;;;;
10.880067;25952500;140;;;;;;;;;;;;;;
10.882567;25955000;151;;;;;;;;;;;;;;
10.885067;25957500;154;;;;;;;;;;;;;;
10.887567;25960000;158;;;;;;;;;;;;;;
10.890067;25962500;172;;;;;;;;;;;;;;
10.892567;25965000;168;;;;;;;;25966127;-965.592;-1.907;120.676;11095.248;4536.677;-1885.156
10.895067;25967500;138;25966565;549.291;-182.283;597.547;2748.639;51099.664;11343.193;;;;;;;
10.897567;25970000;126;;;;;;;;;;;;;;
10.900067;25972500;126;;;;;;;;;;;;;;
10.902567;25975000;167;;;;;;;;;;;;;;
10.905067;25977500;363;;;;;;;;;;;;;;
10.907567;25980000;237;;;;;;;;;;;;;;
10.910067;25982500;184;;;;;;;;;;;;;;
10.912567;25985000;156;;;;;;;;;;;;;;
10.915067;25987500;155;;;;;;;;;;;;;;
10.917567;25990000;124;;;;;;;;;;;;;;
10.920067;25992500;125;;;;;;;;;;;;;;
10.922567;25995000;139;;;;;;;;;;;;;;
10.925067;25997500;154;25997034;524.584;-181.733;614.262;5436.145;51335.492;15333.471;25996604;-965.471;-3.648;118.644;10872.11;3948.468;-1809.71
10.927567;26000000;174;;;;;;;;;;;;;;
10.930067;26002500;155;;;;;;;;;;;;;;
10.932567;26005000;142;;;;;;;;;;;;;;
10.935067;26007500;135;;;;;;;;;;;;;;
10.937567;26010000;297;;;;;;;;;;;;;;
10.940067;26012500;204;;;;;;;;;;;;;;
10.942567;26015000;174;;;;;;;;;;;;;;
10.945067;26017500;182;;;;;;;;;;;;;;
10.947567;26020000;157;;;;;;;;26020993;-967.218;-5.43;118.128;10812.38;3760.232;-1821.162
10.950067;26022500;172;26021425;501.429;-184.895;631.702;7733.337;49333.531;16895.609;;;;;;;
10.952567;26025000;167;;;;;;;;;;;;;;
10.955067;26027500;137;;;;;;;;;;;;;;
10.957567;26030000;126;;;;;;;;;;;;;;
10.960067;26032500;152;;;;;;;;;;;;;;
10.962567;26035000;158;;;;;;;;;;;;;;
10.965067;26037500;154;;;;;;;;;;;;;;
10.967567;26040000;99;;;;;;;;;;;;;;
10.970067;26042500;312;;;;;;;;;;;;;;
10.972567;26045000;216;;;;;;;;;;;;;;
10.975067;26047500;169;;;;;;;;;;;;;;
10.977567;26050000;135;;;;;;;;;;;;;;
10.980067;26052500;141;26051969;482.506;-184.599;647.319;10396.045;45010.105;18362.141;26051534;-967.944;-6.628;118.206;10781.886;3562.158;-1796.604
10.982567;26055000;155;;;;;;;;;;;;;;
10.985067;26057500;170;;;;;;;;;;;;;;
10.987567;26060000;174;;;;;;;;;;;;;;
10.990067;26062500;154;;;;;;;;;;;;;;
10.992567;26065000;166;;;;;;;;;;;;;;
10.995067;26067500;154;;;;;;;;;;;;;;
10.997567;26070000;125;;;;;;;;;;;;;;
11.000067;26072500;6;;;;;;;;;;;;;;
11.002567;26075000;251;;;;;;;;;;;;;;
11.005067;26077500;208;;;;;;;;;;;;;;
11.007567;26080000;190;;;;;;;;;;;;;;
11.010067;26082500;157;26082528;468.446;-174.143;662.374;14046.055;39871.227;19617.971;26082096;-967.95;-6.693;117.09;10483.416;3287.8;-1719.024
11.012567;26085000;160;;;;;;;;;;;;;;
11.015067;26087500;128;;;;;;;;;;;;;;
11.017567;26090000;141;;;;;;;;;;;;;;
11.020067;26092500;153;;;;;;;;;;;;;;
11.022567;26095000;157;;;;;;;;;;;;;;
11.025067;26097500;169;;;;;;;;;;;;;;
11.027567;26100000;156;;;;;;;;;;;;;;
11.030067;26102500;297;;;;;;;;;;;;;;
11.032567;26105000;278;;;;;;;;;;;;;;
11.035067;26107500;184;;;;;;;;;;;;;;
11.037567;26110000;141;;;;;;;;;;;;;;
11.040067;26112500;139;;;;;;;;;;;;;;
11.042567;26115000;160;26114819;457.327;-163.423;670.107;15241.189;31853.289;19337.947;26114384;-972.647;-4.657;116.28;9902.808;3050.347;-1703.948
11.045067;26117500;155;;;;;;;;;;;;;;
11.047567;26120000;158;;;;;;;;;;;;;;
11.050067;26122500;156;;;;;;;;;;;;;;
11.052567;26125000;142;;;;;;;;;;;;;;
11.055067;26127500;61;;;;;;;;;;;;;;
11.057567;26130000;251;;;;;;;;;;;;;;
11.060067;26132500;159;;;;;;;;;;;;;;
11.062567;26135000;154;;;;;;;;;;;;;;
11.065067;26137500;154;;;;;;;;;;;;;;
11.067567;26140000;184;;;;;;;;;;;;;;
11.070067;26142500;155;;;;;;;;;;;;;;
11.072567;26145000;141;;;;;;;;;;;;;;
11.075067;26147500;136;26147022;445.142;-155.898;704.403;15908.005;28225.812;16158.611;26146582;-972.345;-5.089;114.828;9379.229;2452.892;-1513.75
11.077567;26150000;134;;;;;;;;;;;;;;
11.080067;26152500;154;;;;;;;;;;;;;;
11.082567;26155000;141;;;;;;;;;;;;;;
11.085067;26157500;0;;;;;;;;;;;;;;
11.087567;26160000;284;;;;;;;;;;;;;;
11.090067;26162500;204;;;;;;;;;;;;;;
11.092567;26165000;185;;;;;;;;;;;;;;
11.095067;26167500;138;;;;;;;;;;;;;;
11.097567;26170000;151;;;;;;;;;;;;;;
11.100067;26172500;134;;;;;;;;;;;;;;
11.102567;26175000;142;;;;;;;;;;;;;;
11.105067;26177500;173;;;;;;;;26178608;-979.177;-9.58;109.013;7583.33;2023.56;-1371.563
11.107567;26180000;166;26179036;425.423;-143.736;729.604;12718.167;28013.709;17004.867;;;;;;;
11.110067;26182500;158;;;;;;;;;;;;;;
11.112567;26185000;153;;;;;;;;;;;;;;
11.115067;26187500;156;;;;;;;;;;;;;;
11.117567;26190000;304;;;;;;;;;;;;;;
11.120067;26192500;206;;;;;;;;;;;;;;
11.122567;26195000;157;;;;;;;;;;;;;;
11.125067;26197500;156;;;;;;;;;;;;;;
11.127567;26200000;183;;;;;;;;;;;;;;
11.130067;26202500;153;;;;;;;;;;;;;;
11.132567;26205000;143;;;;;;;;;;;;;;
11.135067;26207500;154;;;;;;;;;;;;;;
11.137567;26210000;151;26211247;416.193;-150.085;744.431;5363.571;28580.898;17874.875;26210807;-978.585;-5.155;112.725;7086.039;1501.07;-1148.11
11.140067;26212500;153;;;;;;;;;;;;;;
11.142567;26215000;141;;;;;;;;;;;;;;
11.145067;26217500;154;;;;;;;;;;;;;;
11.147567;26220000;157;;;;;;;;;;;;;;
11.150067;26222500;315;;;;;;;;;;;;;;
11.152567;26225000;218;;;;;;;;;;;;;;
11.155067;26227500;153;;;;;;;;;;;;;;
11.157567;26230000;136;;;;;;;;;;;;;;
11.160067;26232500;152;;;;;;;;;;;;;;
11.162567;26235000;140;;;;;;;;;;;;;;
11.165067;26237500;170;;;;;;;;;;;;;;
11.167567;26240000;157;;;;;;;;;;;;;;
11.170067;26242500;172;26241804;405.046;-156.239;757.449;-2476.42;28959.166;18032.443;26241369;-977.992;-4.445;112.152;6802.611;1479.829;-1108.204
11.172567;26245000;160;;;;;;;;;;;;;;
11.175067;26247500;153;;;;;;;;;;;;;;
11.177567;26250000;144;;;;;;;;;;;;;;
11.180067;26252500;0;;;;;;;;;;;;;;
11.182567;26255000;297;;;;;;;;;;;;;;
11.185067;26257500;219;;;;;;;;;;;;;;
11.187567;26260000;191;;;;;;;;;;;;;;
11.190067;26262500;182;;;;;;;;;;;;;;
11.192567;26265000;150;;;;;;;;;;;;;;
11.195067;26267500;135;;;;;;;;;;;;;;
11.197567;26270000;143;;;;;;;;;;;;;;
11.200067;26272500;152;;;;;;;;26273569;-977.032;-4.443;111.174;6548.23;1415.025;-1075.544
11.202567;26275000;139;26274002;380.334;-167.044;735.851;-7521.661;31347.207;16329.32;;;;;;;
11.205067;26277500;152;;;;;;;;;;;;;;
11.207567;26280000;156;;;;;;;;;;;;;;
11.210067;26282500;154;;;;;;;;;;;;;;
11.212567;26285000;298;;;;;;;;;;;;;;
11.215067;26287500;235;;;;;;;;;;;;;;
11.217567;26290000;158;;;;;;;;;;;;;;
11.220067;26292500;141;;;;;;;;;;;;;;
11.222567;26295000;158;;;;;;;;;;;;;;
11.225067;26297500;152;;;;;;;;;;;;;;
11.227567;26300000;155;;;;;;;;;;;;;;
11.230067;26302500;154;;;;;;;;;;;;;;
11.232567;26305000;168;26306030;367.637;-181.451;737.019;-10048.828;33572.969;13496.854;26305595;-977.292;-3.251;108.561;6228.694;1192.899;-989.392
11.235067;26307500;155;;;;;;;;;;;;;;
11.237567;26310000;127;;;;;;;;;;;;;;
11.240067;26312500;126;;;;;;;;;;;;;;
11.242567;26315000;138;;;;;;;;;;;;;;
11.245067;26317500;408;;;;;;;;;;;;;;
11.247567;26320000;271;;;;;;;;;;;;;;
11.250067;26322500;189;;;;;;;;;;;;;;
11.252567;26325000;155;;;;;;;;;;;;;;
11.255067;26327500;137;;;;;;;;;;;;;;
11.257567;26330000;143;;;;;;;;;;;;;;
11.260067;26332500;152;;;;;;;;;;;;;;
11.262567;26335000;156;;;;;;;;;;;;;;
11.265067;26337500;142;;;;;;;;;;;;;;
11.267567;26340000;155;;;;;;;;;;;;;;
11.270067;26342500;156;;;;;;;;;;;;;;
11.272567;26345000;151;;;;;;;;;;;;;;
11.275067;26347500;328;26347612;358.448;-201.018;741.654;-11234.699;33765.07;11275.012;26347172;-977.331;-0.697;105.952;5726.947;949.066;-904.922
11.277567;26350000;250;;;;;;;;;;;;;;
11.280067;26352500;168;;;;;;;;;;;;;;
11.282567;26355000;153;;;;;;;;;;;;;;
11.285067;26357500;154;;;;;;;;;;;;;;
11.287567;26360000;156;;;;;;;;;;;;;;
11.290067;26362500;174;;;;;;;;;;;;;;
11.292567;26365000;182;;;;;;;;;;;;;;
11.295067;26367500;136;;;;;;;;;;;;;;
11.297567;26370000;127;;;;;;;;;;;;;;
11.300067;26372500;152;;;;;;;;;;;;;;
11.302567;26375000;156;;;;;;;;;;;;;;
11.305067;26377500;172;;;;;;;;;;;;;;
11.307567;26380000;1;26379717;345.357;-212.231;749.418;-12475.901;32714.691;9769.323;26379285;-976.868;1.034;104.18;5359.662;844.3;-838.676
11.310067;26382500;264;;;;;;;;;;;;;;
11.312567;26385000;206;;;;;;;;;;;;;;
11.315067;26387500;171;;;;;;;;;;;;;;
11.317567;26390000;153;;;;;;;;;;;;;;
11.320067;26392500;133;;;;;;;;;;;;;;
11.322567;26395000;158;;;;;;;;;;;;;;
11.325067;26397500;154;;;;;;;;;;;;;;
11.327567;26400000;175;;;;;;;;;;;;;;
11.330067;26402500;174;;;;;;;;;;;;;;
11.332567;26405000;143;;;;;;;;;;;;;;
11.335067;26407500;152;;;;;;;;;;;;;;
11.337567;26410000;143;;;;;;;;26411224;-976.989;-0.006;103.967;5094.304;764.46;-777.492
11.340067;26412500;384;26411664;334.677;-232.681;753.824;-13130.481;31631.957;8911.17;;;;;;;
11.342567;26415000;249;;;;;;;;;;;;;;
11.345067;26417500;183;;;;;;;;;;;;;;
11.347567;26420000;186;;;;;;;;;;;;;;
11.350067;26422500;156;;;;;;;;;;;;;;
11.352567;26425000;141;;;;;;;;;;;;;;
11.355067;26427500;152;;;;;;;;;;;;;;
11.357567;26430000;124;;;;;;;;;;;;;;
11.360067;26432500;123;;;;;;;;;;;;;;
11.362567;26435000;139;;;;;;;;;;;;;;
11.365067;26437500;170;;;;;;;;;;;;;;
11.367567;26440000;173;;;;;;;;;;;;;;
11.370067;26442500;153;26443591;325.086;-244.91;761.505;-12199.207;29997.422;8371.986;26443161;-977.635;-0.482;102.526;4931.463;745.487;-765.743
11.372567;26445000;168;;;;;;;;;;;;;;
11.375067;26447500;135;;;;;;;;;;;;;;
11.377567;26450000;125;;;;;;;;;;;;;;
11.380067;26452500;135;;;;;;;;;;;;;;
11.382567;26455000;312;;;;;;;;;;;;;;
11.385067;26457500;232;;;;;;;;;;;;;;
11.387567;26460000;175;;;;;;;;;;;;;;
11.390067;26462500;158;;;;;;;;;;;;;;
11.392567;26465000;150;;;;;;;;;;;;;;
11.395067;26467500;137;;;;;;;;;;;;;;
11.397567;26470000;151;;;;;;;;;;;;;;
11.400067;26472500;127;;;;;;;;26473639;-977.846;-0.738;101.499;4762.328;679.338;-737.955
11.402567;26475000;138;26474076;316.213;-256.93;768.35;-11557.309;28494.926;7964.324;;;;;;;
11.405067;26477500;150;;;;;;;;;;;;;;
11.407567;26480000;155;;;;;;;;;;;;;;
11.410067;26482500;174;;;;;;;;;;;;;;
11.412567;26485000;158;;;;;;;;;;;;;;
11.415067;26487500;280;;;;;;;;;;;;;;
11.417567;26490000;173;;;;;;;;;;;;;;
11.420067;26492500;143;;;;;;;;;;;;;;
11.422567;26495000;166;;;;;;;;;;;;;;
11.425067;26497500;171;26496715;307.771;-268.069;774.639;-10963.693;27064.93;7577.483;26496285;-978.248;-0.897;100.279;4602.086;639.246;-720.308
11.427567;26500000;175;;;;;;;;;;;;;;
11.430067;26502500;155;;;;;;;;;;;;;;
11.432567;26505000;143;;;;;;;;;;;;;;
11.435067;26507500;153;;;;;;;;;;;;;;
11.437567;26510000;124;;;;;;;;;;;;;;
11.440067;26512500;134;;;;;;;;;;;;;;
11.442567;26515000;140;;;;;;;;;;;;;;
11.445067;26517500;26;;;;;;;;;;;;;;
11.447567;26520000;298;;;;;;;;;;;;;;
11.450067;26522500;218;26522504;299.727;-278.584;780.62;-10394.509;25707.309;7203.859;26522072;-978.465;-1.065;99.23;4451.607;605.096;-703.105
11.452567;26525000;156;;;;;;;;;;;;;;
11.455067;26527500;139;;;;;;;;;;;;;;
11.457567;26530000;126;;;;;;;;;;;;;;
11.460067;26532500;152;;;;;;;;;;;;;;
11.462567;26535000;157;;;;;;;;;;;;;;
11.465067;26537500;154;;;;;;;;;;;;;;
11.467567;26540000;174;;;;;;;;;;;;;;
11.470067;26542500;172;;;;;;;;;;;;;;
11.472567;26545000;144;;;;;;;;;;;;;;
11.475067;26547500;138;;;;;;;;;;;;;;
11.477567;26550000;391;26549675;292.085;-288.512;786.491;-9841.971;24414.943;6841.479;26549234;-978.72;-1.408;98.093;4309.964;563.904;-681.512
11.480067;26552500;236;;;;;;;;;;;;;;
11.482567;26555000;186;;;;;;;;;;;;;;
11.485067;26557500;156;;;;;;;;;;;;;;
11.487567;26560000;157;;;;;;;;;;;;;;
11.490067;26562500;155;;;;;;;;;;;;;;
11.492567;26565000;143;;;;;;;;;;;;;;
11.495067;26567500;154;;;;;;;;;;;;;;
11.497567;26570000;125;;;;;;;;;;;;;;
11.500067;26572500;151;;;;;;;;;;;;;;
11.502567;26575000;158;;;;;;;;;;;;;;
11.505067;26577500;153;;;;;;;;;;;;;;
11.507567;26580000;280;;;;;;;;26581085;-979.084;-1.674;97.117;4175.841;525.646;-663.624
11.510067;26582500;264;26581518;284.74;-297.754;792.044;-9327.997;23186.32;6500.717;;;;;;;
11.512567;26585000;203;;;;;;;;;;;;;;
11.515067;26587500;167;;;;;;;;;;;;;;
11.517567;26590000;134;;;;;;;;;;;;;;
11.520067;26592500;152;;;;;;;;;;;;;;
11.522567;26595000;137;;;;;;;;;;;;;;
11.525067;26597500;170;;;;;;;;;;;;;;
11.527567;26600000;174;;;;;;;;;;;;;;
11.530067;26602500;21;;;;;;;;;;;;;;
11.532567;26605000;280;;;;;;;;;;;;;;
11.535067;26607500;173;;;;;;;;;;;;;;
11.537567;26610000;140;;;;;;;;;;;;;;
11.540067;26612500;136;26613197;277.92;-306.748;797.326;-8837.972;22020.441;6176.993;26612761;-979.405;-1.864;96.123;4046.674;493.676;-648.818
11.542567;26615000;140;;;;;;;;;;;;;;
11.545067;26617500;172;;;;;;;;;;;;;;
11.547567;26620000;158;;;;;;;;;;;;;;
11.550067;26622500;175;;;;;;;;;;;;;;
11.552567;26625000;169;;;;;;;;;;;;;;
11.555067;26627500;139;;;;;;;;;;;;;;
11.557567;26630000;287;;;;;;;;;;;;;;
11.560067;26632500;186;;;;;;;;;;;;;;
11.562567;26635000;174;;;;;;;;;;;;;;
11.565067;26637500;172;;;;;;;;;;;;;;
11.567567;26640000;176;;;;;;;;;;;;;;
11.570067;26642500;158;;;;;;;;;;;;;;
11.572567;26645000;144;;;;;;;;;;;;;;
11.575067;26647500;155;;;;;;;;;;;;;;
11.577567;26650000;124;;;;;;;;;;;;;;
11.580067;26652500;152;;;;;;;;;;;;;;
11.582567;26655000;138;26654433;271.308;-315.219;802.197;-8370.698;20913.295;5871.206;26653994;-979.607;-1.96;95.275;3923.09;464.18;-633.877
11.585067;26657500;285;;;;;;;;;;;;;;
11.587567;26660000;205;;;;;;;;;;;;;;
11.590067;26662500;188;;;;;;;;;;;;;;
11.592567;26665000;171;;;;;;;;;;;;;;
11.595067;26667500;137;;;;;;;;;;;;;;
11.597567;26670000;126;;;;;;;;;;;;;;
11.600067;26672500;152;;;;;;;;;;;;;;
11.602567;26675000;159;;;;;;;;;;;;;;
11.605067;26677500;152;;;;;;;;;;;;;;
11.607567;26680000;155;;;;;;;;;;;;;;
11.610067;26682500;154;;;;;;;;;;;;;;
11.612567;26685000;169;26686188;265.099;-323.303;806.818;-7927.663;19863.256;5575.896;26685760;-979.891;-2.045;94.373;3806.123;433.534;-618.808
11.615067;26687500;0;;;;;;;;;;;;;;
11.617567;26690000;233;;;;;;;;;;;;;;
11.620067;26692500;168;;;;;;;;;;;;;;
11.622567;26695000;153;;;;;;;;;;;;;;
11.625067;26697500;174;;;;;;;;;;;;;;
11.627567;26700000;184;;;;;;;;;;;;;;
11.630067;26702500;174;;;;;;;;;;;;;;
11.632567;26705000;152;;;;;;;;;;;;;;
11.635067;26707500;138;;;;;;;;;;;;;;
11.637567;26710000;126;;;;;;;;;;;;;;
11.640067;26712500;136;;;;;;;;;;;;;;
11.642567;26715000;140;;;;;;;;26716063;-980.19;-2.169;93.607;3699.379;400.919;-603.18
11.645067;26717500;172;26716502;259.2;-330.897;811.172;-7505.03;18859.156;5298.851;;;;;;;
11.647567;26720000;375;;;;;;;;;;;;;;
11.650067;26722500;236;;;;;;;;;;;;;;
11.652567;26725000;172;;;;;;;;;;;;;;
11.655067;26727500;141;;;;;;;;;;;;;;
11.657567;26730000;136;;;;;;;;;;;;;;
11.660067;26732500;154;;;;;;;;;;;;;;
11.662567;26735000;139;;;;;;;;;;;;;;
11.665067;26737500;152;;;;;;;;;;;;;;
11.667567;26740000;175;;;;;;;;;;;;;;
11.670067;26742500;173;;;;;;;;;;;;;;
11.672567;26745000;170;;;;;;;;;;;;;;
11.675067;26747500;157;26748163;253.658;-338.222;815.339;-7103.091;17910.51;5038.283;26747741;-980.56;-2.365;92.879;3591.41;371.686;-587.896
11.677567;26750000;152;;;;;;;;;;;;;;
11.680067;26752500;127;;;;;;;;;;;;;;
11.682567;26755000;139;;;;;;;;;;;;;;
11.685067;26757500;169;;;;;;;;;;;;;;
11.687567;26760000;19;;;;;;;;;;;;;;
11.690067;26762500;299;;;;;;;;;;;;;;
11.692567;26765000;190;;;;;;;;;;;;;;
11.695067;26767500;152;;;;;;;;;;;;;;
11.697567;26770000;152;;;;;;;;;;;;;;
11.700067;26772500;125;;;;;;;;;;;;;;
11.702567;26775000;156;;;;;;;;;;;;;;
11.705067;26777500;152;;;;;;;;;;;;;;
11.707567;26780000;174;26780034;248.374;-345.161;819.364;-6721.249;17009.297;4785.057;26779593;-980.741;-2.491;92.127;3489.715;346.102;-576.001
11.710067;26782500;172;;;;;;;;;;;;;;
11.712567;26785000;143;;;;;;;;;;;;;;
11.715067;26787500;155;;;;;;;;;;;;;;
11.717567;26790000;142;;;;;;;;;;;;;;
11.720067;26792500;378;;;;;;;;;;;;;;
11.722567;26795000;235;;;;;;;;;;;;;;
11.725067;26797500;185;;;;;;;;;;;;;;
11.727567;26800000;188;;;;;;;;;;;;;;
11.730067;26802500;184;;;;;;;;;;;;;;
11.732567;26805000;152;;;;;;;;;;;;;;
11.735067;26807500;138;;;;;;;;;;;;;;
11.737567;26810000;126;;;;;;;;;;;;;;
11.740067;26812500;154;26811867;243.428;-351.571;823.194;-6360.249;16154.457;4547.554;26811444;-980.906;-2.714;91.523;3392.229;321.359;-565.576
11.742567;26815000;138;;;;;;;;;;;;;;
11.745067;26817500;168;;;;;;;;;;;;;;
11.747567;26820000;155;;;;;;;;;;;;;;
11.750067;26822500;0;;;;;;;;;;;;;;
11.752567;26825000;249;;;;;;;;;;;;;;
11.755067;26827500;170;;;;;;;;;;;;;;
11.757567;26830000;158;;;;;;;;;;;;;;
11.760067;26832500;136;;;;;;;;;;;;;;
11.762567;26835000;141;;;;;;;;;;;;;;
11.765067;26837500;170;;;;;;;;;;;;;;
11.767567;26840000;175;;;;;;;;;;;;;;
11.770067;26842500;172;26843648;238.552;-357.88;826.815;-6016.423;15338.422;4318.426;26843208;-981.064;-2.89;90.917;3301.805;297.416;-552.172
11.772567;26845000;142;;;;;;;;;;;;;;
11.775067;26847500;136;;;;;;;;;;;;;;
11.777567;26850000;152;;;;;;;;;;;;;;
11.780067;26852500;126;;;;;;;;;;;;;;
11.782567;26855000;346;;;;;;;;;;;;;;
11.785067;26857500;231;;;;;;;;;;;;;;
11.787567;26860000;186;;;;;;;;;;;;;;
11.790067;26862500;186;;;;;;;;;;;;;;
11.792567;26865000;171;;;;;;;;;;;;;;
11.795067;26867500;136;;;;;;;;;;;;;;
11.797567;26870000;125;;;;;;;;;;;;;;
11.800067;26872500;126;;;;;;;;26873512;-981.268;-3.038;90.385;3218.09;270.295;-543.814
11.802567;26875000;159;26873940;234.018;-363.746;830.266;-5693.29;14565.376;4103.379;;;;;;;
11.805067;26877500;152;;;;;;;;;;;;;;
11.807567;26880000;174;;;;;;;;;;;;;;
11.810067;26882500;172;;;;;;;;;;;;;;
11.812567;26885000;168;;;;;;;;;;;;;;
11.815067;26887500;288;;;;;;;;;;;;;;
11.817567;26890000;201;;;;;;;;;;;;;;
11.820067;26892500;168;;;;;;;;;;;;;;
11.822567;26895000;166;;;;;;;;26895985;-981.425;-3.124;89.801;3136.81;247.593;-534.123
11.825067;26897500;171;26896424;229.722;-369.306;833.551;-5385.875;13830.982;3899.96;;;;;;;
11.827567;26900000;155;;;;;;;;;;;;;;
11.830067;26902500;172;;;;;;;;;;;;;;
11.832567;26905000;170;;;;;;;;;;;;;;
11.835067;26907500;135;;;;;;;;;;;;;;
11.837567;26910000;151;;;;;;;;;;;;;;
11.840067;26912500;127;;;;;;;;;;;;;;
11.842567;26915000;158;;;;;;;;;;;;;;
11.845067;26917500;23;;;;;;;;;;;;;;
11.847567;26920000;282;;;;;;;;;;;;;;
11.850067;26922500;220;26921933;225.66;-374.698;836.593;-5086.831;13136.371;3708.9;26921511;-981.551;-3.163;89.245;3055.657;227.338;-524.042
11.852567;26925000;167;;;;;;;;;;;;;;
11.855067;26927500;158;;;;;;;;;;;;;;
11.857567;26930000;125;;;;;;;;;;;;;;
11.860067;26932500;144;;;;;;;;;;;;;;
11.862567;26935000;154;;;;;;;;;;;;;;
11.865067;26937500;143;;;;;;;;;;;;;;
11.867567;26940000;153;;;;;;;;;;;;;;
11.870067;26942500;172;;;;;;;;;;;;;;
11.872567;26945000;141;;;;;;;;;;;;;;
11.875067;26947500;154;;;;;;;;26948586;-981.7;-3.352;88.687;2980.749;206.784;-514.465
11.877567;26950000;374;26949031;221.758;-379.808;839.842;-4800.989;12479.115;3526.517;;;;;;;
11.880067;26952500;217;;;;;;;;;;;;;;
11.882567;26955000;168;;;;;;;;;;;;;;
11.885067;26957500;176;;;;;;;;;;;;;;
11.887567;26960000;175;;;;;;;;;;;;;;
11.890067;26962500;155;;;;;;;;;;;;;;
11.892567;26965000;167;;;;;;;;;;;;;;
11.895067;26967500;153;;;;;;;;;;;;;;
11.897567;26970000;125;;;;;;;;;;;;;;
11.900067;26972500;125;;;;;;;;;;;;;;
11.902567;26975000;138;;;;;;;;;;;;;;
11.905067;26977500;171;;;;;;;;;;;;;;
11.907567;26980000;19;26980860;218.106;-384.796;842.642;-4538.627;11847.284;3352.379;26980438;-981.665;-3.453;88.248;2912.211;190.757;-507.554
11.910067;26982500;279;;;;;;;;;;;;;;
11.912567;26985000;184;;;;;;;;;;;;;;
11.915067;26987500;151;;;;;;;;;;;;;;
11.917567;26990000;152;;;;;;;;;;;;;;
11.920067;26992500;125;;;;;;;;;;;;;;
11.922567;26995000;137;;;;;;;;;;;;;;
11.925067;26997500;142;;;;;;;;;;;;;;
11.927567;27000000;153;;;;;;;;;;;;;;
11.930067;27002500;58;;;;;;;;;;;;;;
11.932567;27005000;264;;;;;;;;;;;;;;
11.935067;27007500;168;;;;;;;;;;;;;;
11.937567;27010000;136;;;;;;;;;;;;;;
11.940067;27012500;126;27012735;214.551;-389.048;845.479;-4272.758;11257.545;3187.385;27012290;-981.815;-3.396;87.648;2844.476;179.469;-500.551
11.942567;27015000;156;;;;;;;;;;;;;;
11.945067;27017500;168;;;;;;;;;;;;;;
11.947567;27020000;172;;;;;;;;;;;;;;
11.950067;27022500;153;;;;;;;;;;;;;;
11.952567;27025000;141;;;;;;;;;;;;;;
11.955067;27027500;282;;;;;;;;;;;;;;
11.957567;27030000;252;;;;;;;;;;;;;;
11.960067;27032500;186;;;;;;;;;;;;;;
11.962567;27035000;144;;;;;;;;;;;;;;
11.965067;27037500;154;;;;;;;;;;;;;;
11.967567;27040000;174;;;;;;;;;;;;;;
11.970067;27042500;156;;;;;;;;;;;;;;
11.972567;27045000;169;;;;;;;;;;;;;;
11.975067;27047500;138;;;;;;;;;;;;;;
11.977567;27050000;126;;;;;;;;;;;;;;
11.980067;27052500;153;;;;;;;;27053519;-982.049;-3.55;87.121;2781.439;170.496;-494.336
11.982567;27055000;282;27053950;211.199;-393.312;848.15;-4017.995;10694.668;3029.328;;;;;;;
11.985067;27057500;282;;;;;;;;;;;;;;
11.987567;27060000;191;;;;;;;;;;;;;;
11.990067;27062500;188;;;;;;;;;;;;;;
11.992567;27065000;151;;;;;;;;;;;;;;
11.995067;27067500;136;;;;;;;;;;;;;;
11.997567;27070000;142;;;;;;;;;;;;;;
12.000067;27072500;123;;;;;;;;;;;;;;
12.002567;27075000;157;;;;;;;;;;;;;;
12.005067;27077500;144;;;;;;;;;;;;;;
12.007567;27080000;155;;;;;;;;;;;;;;
12.010067;27082500;182;;;;;;;;;;;;;;
12.012567;27085000;170;27085723;207.916;-397.619;850.364;-3798.72;10152.935;2881.362;27085286;-982.137;-3.72;86.644;2720.242;156.284;-488.432
12.015067;27087500;377;;;;;;;;;;;;;;
12.017567;27090000;208;;;;;;;;;;;;;;
12.020067;27092500;156;;;;;;;;;;;;;;
12.022567;27095000;169;;;;;;;;;;;;;;
12.025067;27097500;172;;;;;;;;;;;;;;
12.027567;27100000;184;;;;;;;;;;;;;;
12.030067;27102500;155;;;;;;;;;;;;;;
12.032567;27105000;169;;;;;;;;;;;;;;
12.035067;27107500;156;;;;;;;;;;;;;;
12.037567;27110000;127;;;;;;;;;;;;;;
12.040067;27112500;153;;;;;;;;;;;;;;
12.042567;27115000;142;27116019;204.926;-401.431;852.644;-3578.597;9640.913;2740.793;27115589;-982.281;-3.803;86.369;2667.355;141.032;-481.073
12.045067;27117500;171;;;;;;;;;;;;;;
12.047567;27120000;346;;;;;;;;;;;;;;
12.050067;27122500;237;;;;;;;;;;;;;;
12.052567;27125000;189;;;;;;;;;;;;;;
12.055067;27127500;141;;;;;;;;;;;;;;
12.057567;27130000;152;;;;;;;;;;;;;;
12.060067;27132500;135;;;;;;;;;;;;;;
12.062567;27135000;158;;;;;;;;;;;;;;
12.065067;27137500;171;;;;;;;;;;;;;;
12.067567;27140000;157;;;;;;;;;;;;;;
12.070067;27142500;155;;;;;;;;;;;;;;
12.072567;27145000;152;;;;;;;;;;;;;;
12.075067;27147500;139;27147786;202.091;-404.991;854.89;-3381.292;9153.18;2605.066;27147354;-982.516;-3.826;86.015;2613.175;127.418;-476.269
12.077567;27150000;126;;;;;;;;;;;;;;
12.080067;27152500;134;;;;;;;;;;;;;;
12.082567;27155000;138;;;;;;;;;;;;;;
12.085067;27157500;154;;;;;;;;;;;;;;
12.087567;27160000;43;;;;;;;;;;;;;;
12.090067;27162500;266;;;;;;;;;;;;;;
12.092567;27165000;186;;;;;;;;;;;;;;
12.095067;27167500;153;;;;;;;;;;;;;;
12.097567;27170000;128;;;;;;;;;;;;;;
12.100067;27172500;153;;;;;;;;;;;;;;
12.102567;27175000;140;;;;;;;;;;;;;;
12.105067;27177500;152;;;;;;;;;;;;;;
12.107567;27180000;182;27179554;199.398;-408.653;857.047;-3181.602;8693.771;2473.938;27179119;-982.8;-3.879;85.49;2563.891;117.547;-470.393
12.110067;27182500;156;;;;;;;;;;;;;;
12.112567;27185000;169;;;;;;;;;;;;;;
12.115067;27187500;137;;;;;;;;;;;;;;
12.117567;27190000;127;;;;;;;;;;;;;;
12.120067;27192500;361;;;;;;;;;;;;;;
12.122567;27195000;215;;;;;;;;;;;;;;
12.125067;27197500;174;;;;;;;;;;;;;;
12.127567;27200000;169;;;;;;;;;;;;;;
12.130067;27202500;159;;;;;;;;;;;;;;
12.132567;27205000;168;;;;;;;;;;;;;;
12.135067;27207500;137;;;;;;;;;;;;;;
12.137567;27210000;150;27211142;197.571;-411.931;859.116;-2922.335;8294.082;2361.616;27210710;-983.052;-4.038;85.437;2531.509;146.67;-492.811
12.140067;27212500;136;;;;;;;;;;;;;;
12.142567;27215000;139;;;;;;;;;;;;;;
12.145067;27217500;170;;;;;;;;;;;;;;
12.147567;27220000;156;;;;;;;;;;;;;;
12.150067;27222500;375;;;;;;;;;;;;;;
12.152567;27225000;233;;;;;;;;;;;;;;
12.155067;27227500;169;;;;;;;;;;;;;;
12.157567;27230000;139;;;;;;;;;;;;;;
12.160067;27232500;136;;;;;;;;;;;;;;
12.162567;27235000;156;;;;;;;;;;;;;;
12.165067;27237500;150;;;;;;;;;;;;;;
12.167567;27240000;173;;;;;;;;;;;;;;
12.170067;27242500;156;27242904;195.031;-414.649;860.086;-2720.656;7875.003;2229.097;27242474;-982.95;-4.026;85.136;2487.621;105.211;-472.983
12.172567;27245000;152;;;;;;;;;;;;;;
12.175067;27247500;156;;;;;;;;;;;;;;
12.177567;27250000;141;;;;;;;;;;;;;;
12.180067;27252500;153;;;;;;;;;;;;;;
12.182567;27255000;333;;;;;;;;;;;;;;
12.185067;27257500;217;;;;;;;;;;;;;;
12.187567;27260000;202;;;;;;;;;;;;;;
12.190067;27262500;186;;;;;;;;;;;;;;
12.192567;27265000;170;;;;;;;;;;;;;;
12.195067;27267500;139;;;;;;;;;;;;;;
12.197567;27270000;152;;;;;;;;;;;;;;
12.200067;27272500;135;27273129;192.599;-417.798;861.599;-2603.873;7441.44;2111.955;27272691;-982.749;-3.849;84.832;2440.24;57.076;-450.646
12.202567;27275000;139;;;;;;;;;;;;;;
12.205067;27277500;170;;;;;;;;;;;;;;
12.207567;27280000;156;;;;;;;;;;;;;;
12.210067;27282500;175;;;;;;;;;;;;;;
12.212567;27285000;0;;;;;;;;;;;;;;
12.215067;27287500;267;;;;;;;;;;;;;;
12.217567;27290000;189;;;;;;;;;;;;;;
12.220067;27292500;142;;;;;;;;;;;;;;
12.222567;27295000;160;27295420;190.497;-420.387;863.842;-2418.117;7092.118;2025.17;27294990;-982.887;-4.083;84.531;2401.791;54.222;-458.302
12.225067;27297500;152;;;;;;;;;;;;;;
12.227567;27300000;176;;;;;;;;;;;;;;
12.230067;27302500;174;;;;;;;;;;;;;;
12.232567;27305000;152;;;;;;;;;;;;;;
12.235067;27307500;139;;;;;;;;;;;;;;
12.237567;27310000;125;;;;;;;;;;;;;;
12.240067;27312500;128;;;;;;;;;;;;;;
12.242567;27315000;157;;;;;;;;;;;;;;
12.245067;27317500;384;;;;;;;;;;;;;;
12.247567;27320000;252;;;;;;;;27320429;-983.0;-4.111;84.197;2364.389;33.573;-452.011
12.250067;27322500;190;;;;;;;;;;;;;;
12.252567;27325000;185;;;;;;;;;;;;;;
12.255067;27327500;149;;;;;;;;;;;;;;
12.257567;27330000;143;;;;;;;;;;;;;;
12.260067;27332500;154;;;;;;;;;;;;;;
12.262567;27335000;156;;;;;;;;;;;;;;
12.265067;27337500;169;;;;;;;;;;;;;;
12.267567;27340000;155;;;;;;;;;;;;;;
12.270067;27342500;156;;;;;;;;;;;;;;
12.272567;27345000;170;;;;;;;;;;;;;;
12.275067;27347500;137;;;;;;;;;;;;;;
12.277567;27350000;315;;;;;;;;;;;;;;
12.280067;27352500;200;;;;;;;;;;;;;;
12.282567;27355000;157;;;;;;;;;;;;;;
12.285067;27357500;174;;;;;;;;;;;;;;
12.287567;27360000;157;;;;;;;;;;;;;;
12.290067;27362500;154;;;;;;;;;;;;;;
12.292567;27365000;152;;;;;;;;;;;;;;
12.295067;27367500;139;;;;;;;;;;;;;;
12.297567;27370000;153;;;;;;;;;;;;;;
12.300067;27372500;155;;;;;;;;;;;;;;
12.302567;27375000;140;;;;;;;;;;;;;;
12.305067;27377500;152;;;;;;;;;;;;;;
12.307567;27380000;346;;;;;;;;;;;;;;
12.310067;27382500;252;;;;;;;;;;;;;;
12.312567;27385000;190;;;;;;;;;;;;;;
12.315067;27387500;149;;;;;;;;;;;;;;
12.317567;27390000;136;;;;;;;;;;;;;;
12.320067;27392500;127;;;;;;;;;;;;;;
12.322567;27395000;137;;;;;;;;;;;;;;
12.325067;27397500;168;;;;;;;;;;;;;;
