timestamp_s;timestamp_us;emg_raw;imu1_timestamp_us;imu1_ax;imu1_ay;imu1_az;imu1_gx;imu1_gy;imu1_gz;imu2_timestamp_us;imu2_ax;imu2_ay;imu2_az;imu2_gx;imu2_gy;imu2_gz
0.0;44854683;18;;;;;;;;;;;;;;
0.0025;44857183;8;;;;;;;;;;;;;;
0.005;44859683;16;;;;;;;;;;;;;;
0.005041;44859724;217;;;;;;;;;;;;;;
0.0075;44862183;8;;;;;;;;;;;;;;
0.007541;44862224;19;;;;;;;;;;;;;;
0.01;44864683;9;;;;;;;;;;;;;;
0.010041;44864724;8;;;;;;;;;;;;;;
0.012541;44867224;9;;;;;;;;;;;;;;
0.015041;44869724;17;;;;;;;;;;;;;;
0.017541;44872224;18;;;;;;;;;;;;;;
0.020041;44874724;16;;;;;;;;;;;;;;
0.02864;44883323;10;;;;;;;;;;;;;;
0.03114;44885823;455;44886125;579.061;769.415;253.816;-3453.094;864.8;-198.774;44885687;253.277;861.46;-420.422;-632.412;-2108.584;-1908.523
0.03364;44888323;25;;;;;;;;;;;;;;
0.03614;44890823;17;;;;;;;;;;;;;;
0.03864;44893323;9;;;;;;;;;;;;;;
0.04114;44895823;8;;;;;;;;;;;;;;
0.043893;44898576;3002;;;;;;;;;;;;;;
0.044262;44898945;7;;;;;;;;;;;;;;
0.046393;44901076;3146;;;;;;;;;;;;;;
0.046762;44901445;8;;;;;;;;;;;;;;
0.048893;44903576;2460;;;;;;;;;;;;;;
0.049262;44903945;8;;;;;;;;;;;;;;
0.051393;44906076;1818;;;;;;;;;;;;;;
0.053893;44908576;1199;;;;;;;;;;;;;;
0.056393;44911076;653;44910777;578.021;768.563;255.04;-3771.751;898.997;-215.96;44910338;251.013;860.996;-421.074;-1090.354;-2325.592;-2059.41
0.058893;44913576;141;;;;;;;;;;;;;;
0.061393;44916076;600;;;;;;;;;;;;;;
0.063893;44918576;4095;;;;;;;;;;;;;;
0.066393;44921076;4095;;;;;;;;;;;;;;
0.080889;44935572;3625;;;;;;;;;;;;;;
0.083389;44938072;2894;44938814;577.406;768.236;256.885;-4030.726;850.11;-254.6;44938379;249.266;860.982;-420.748;-1277.336;-2685.313;-2292.877
0.085889;44940572;2232;;;;;;;;;;;;;;
0.088389;44943072;1561;;;;;;;;;;;;;;
0.089587;44944270;4095;;;;;;;;;;;;;;
0.090889;44945572;936;;;;;;;;;;;;;;
0.092087;44946770;4095;;;;;;;;;;;;;;
0.093389;44948072;3029;;;;;;;;;;;;;;
0.094587;44949270;3439;;;;;;;;;;;;;;
0.097087;44951770;2365;;;;;;;;;;;;;;
0.099587;44954270;1324;;;;;;;;;;;;;;
0.102087;44956770;365;;;;;;;;;;;;;;
0.104587;44959270;10;;;;;;;;;;;;;;
0.114286;44968969;3357;;;;;;;;;;;;;;
0.116786;44971469;4095;44971707;576.937;768.571;258.919;-4321.814;766.917;-381.432;44971268;247.142;861.956;-420.933;-1593.657;-3066.86;-2390.858
0.119286;44973969;4095;;;;;;;;;;;;;;
0.121786;44976469;3289;;;;;;;;;;;;;;
0.122979;44977662;18;;;;;;;;;;;;;;
0.124286;44978969;1818;;;;;;;;;;;;;;
0.125479;44980162;11;;;;;;;;;;;;;;
0.126786;44981469;414;;;;;;;;;;;;;;
0.127979;44982662;4095;;;;;;;;;;;;;;
0.130479;44985162;4095;;;;;;;;;;;;;;
0.132979;44987662;4095;;;;;;;;;;;;;;
0.135479;44990162;3262;;;;;;;;;;;;;;
0.137979;44992662;1372;;;;;;;;;;;;;;
0.147479;45002162;4095;;;;;;;;;;;;;;
0.149979;45004662;4095;45004518;576.107;768.591;260.692;-4690.661;627.509;-479.173;45004079;244.838;862.059;-421.23;-1982.537;-3568.892;-2489.627
0.15162;45006303;22;;;;;;;;;;;;;;
0.152479;45007162;3336;;;;;;;;;;;;;;
0.15412;45008803;19;;;;;;;;;;;;;;
0.154979;45009662;1040;;;;;;;;;;;;;;
0.15662;45011303;8;;;;;;;;;;;;;;
0.157479;45012162;21;;;;;;;;;;;;;;
0.15912;45013803;4095;;;;;;;;;;;;;;
0.159979;45014662;16;;;;;;;;;;;;;;
0.162479;45017162;9;;;;;;;;;;;;;;
0.164979;45019662;4095;;;;;;;;;;;;;;
0.176011;45030694;4095;;;;;;;;;;;;;;
0.178511;45033194;4095;;;;;;;;;;;;;;
0.181011;45035694;3917;45034900;574.703;768.811;262.645;-5088.315;425.946;-574.215;45034462;241.831;862.565;-420.762;-2332.722;-4114.072;-2548.458
0.183511;45038194;827;;;;;;;;;;;;;;
0.18435;45039033;4095;;;;;;;;;;;;;;
0.186011;45040694;19;;;;;;;;;;;;;;
0.18685;45041533;4095;;;;;;;;;;;;;;
0.188511;45043194;17;;;;;;;;;;;;;;
0.18935;45044033;4095;;;;;;;;;;;;;;
0.191011;45045694;360;;;;;;;;;;;;;;
0.19185;45046533;4095;;;;;;;;;;;;;;
0.19435;45049033;760;;;;;;;;;;;;;;
0.19685;45051533;19;;;;;;;;;;;;;;
0.19935;45054033;9;;;;;;;;;;;;;;
0.20185;45056533;698;45057724;573.113;769.148;264.238;-5419.274;226.586;-737.566;45057288;238.036;863.734;-419.909;-2670.211;-4639.431;-2543.098
0.20435;45059033;4095;;;;;;;;;;;;;;
0.20685;45061533;4095;;;;;;;;;;;;;;
0.20935;45064033;4095;;;;;;;;;;;;;;
0.21185;45066533;4095;;;;;;;;;;;;;;
0.21435;45069033;809;;;;;;;;;;;;;;
0.217281;45071964;20;;;;;;;;;;;;;;
0.219781;45074464;16;;;;;;;;;;;;;;
0.222281;45076964;1703;;;;;;;;;;;;;;
0.224781;45079464;4095;;;;;;;;;;;;;;
0.227281;45081964;4095;;;;;;;;;;;;;;
0.229781;45084464;4095;;;;;;;;;;;;;;
0.232281;45086964;4095;;;;;;;;;;;;;;
0.234781;45089464;1039;45090277;572.231;769.444;266.374;-5663.686;37.194;-947.875;45089839;235.369;864.535;-419.367;-3002.2;-5076.397;-2562.506
0.237281;45091964;22;;;;;;;;;;;;;;
0.239781;45094464;8;;;;;;;;;;;;;;
0.242281;45096964;2238;;;;;;;;;;;;;;
0.244781;45099464;4095;;;;;;;;;;;;;;
0.246288;45100971;4095;;;;;;;;;;;;;;
0.248788;45103471;4095;;;;;;;;;;;;;;
0.251288;45105971;4095;;;;;;;;;;;;;;
0.253788;45108471;1406;;;;;;;;;;;;;;
0.256288;45110971;22;;;;;;;;;;;;;;
0.258788;45113471;9;;;;;;;;;;;;;;
0.261288;45115971;2633;;;;;;;;;;;;;;
0.263788;45118471;4095;;;;;;;;;;;;;;
0.266288;45120971;4095;45121003;571.338;769.347;267.988;-5873.126;-153.228;-1138.482;45120567;232.543;864.35;-419.01;-3236.215;-5472.702;-2511.38
0.268788;45123471;4095;;;;;;;;;;;;;;
0.271288;45125971;4095;;;;;;;;;;;;;;
0.273788;45128471;1849;;;;;;;;;;;;;;
0.276288;45130971;25;;;;;;;;;;;;;;
0.279579;45134262;17;;;;;;;;;;;;;;
0.282079;45136762;2938;;;;;;;;;;;;;;
0.284579;45139262;4095;;;;;;;;;;;;;;
0.287079;45141762;4095;;;;;;;;;;;;;;
0.289579;45144262;4095;;;;;;;;;;;;;;
0.292079;45146762;4095;;;;;;;;;;;;;;
0.294579;45149262;2287;;;;;;;;;;;;;;
0.297079;45151762;27;;;;;;;;;;;;;;
0.299579;45154262;18;45153814;570.361;769.681;270.375;-5985.032;-416.817;-1321.745;45153376;229.786;865.363;-417.793;-3301.905;-5846.567;-2402.436
0.302079;45156762;3176;;;;;;;;;;;;;;
0.304579;45159262;4095;;;;;;;;;;;;;;
0.307079;45161762;4095;;;;;;;;;;;;;;
0.309579;45164262;4095;;;;;;;;;;;;;;
0.312982;45167665;4095;;;;;;;;;;;;;;
0.315482;45170165;2872;;;;;;;;;;;;;;
0.317982;45172665;30;;;;;;;;;;;;;;
0.320482;45175165;17;;;;;;;;;;;;;;
0.322982;45177665;3323;;;;;;;;;;;;;;
0.325482;45180165;4095;;;;;;;;;;;;;;
0.327982;45182665;4095;;;;;;;;;;;;;;
0.330482;45185165;4095;;;;;;;;45186271;226.257;867.18;-416.173;-3539.309;-6239.363;-2230.689
0.332982;45187665;4095;45186706;568.634;770.182;272.967;-6211.656;-695.663;-1521.22;;;;;;;
0.335482;45190165;3113;;;;;;;;;;;;;;
0.337982;45192665;30;;;;;;;;;;;;;;
0.340482;45195165;9;;;;;;;;;;;;;;
0.342982;45197665;3358;;;;;;;;;;;;;;
0.350227;45204910;4095;;;;;;;;;;;;;;
0.352727;45207410;4095;;;;;;;;;;;;;;
0.355227;45209910;4095;;;;;;;;;;;;;;
0.357727;45212410;3162;;;;;;;;;;;;;;
0.360227;45214910;31;;;;;;;;;;;;;;
0.362727;45217410;17;;;;;;;;;;;;;;
0.365227;45219910;3374;45219347;567.061;770.848;275.075;-6384.51;-1003.005;-1776.347;45218908;223.026;867.723;-414.421;-3637.969;-6625.645;-2123.53
0.367727;45222410;4095;;;;;;;;;;;;;;
0.370227;45224910;4095;;;;;;;;;;;;;;
0.372727;45227410;4095;;;;;;;;;;;;;;
0.374202;45228885;4095;;;;;;;;;;;;;;
0.375227;45229910;4095;;;;;;;;;;;;;;
0.377727;45232410;3214;;;;;;;;;;;;;;
0.379853;45234536;38;;;;;;;;;;;;;;
0.382353;45237036;17;;;;;;;;;;;;;;
0.384853;45239536;3434;;;;;;;;;;;;;;
0.387353;45242036;4095;;;;;;;;;;;;;;
0.389853;45244536;4095;;;;;;;;;;;;;;
0.392353;45247036;4095;;;;;;;;;;;;;;
0.394853;45249536;4095;;;;;;;;;;;;;;
0.397353;45252036;3786;45252496;565.743;772.047;276.943;-6428.847;-1334.792;-2109.717;45252058;220.013;869.117;-412.061;-3619.695;-6919.113;-1885.229
0.399853;45254536;40;;;;;;;;;;;;;;
0.402353;45257036;18;;;;;;;;;;;;;;
0.404853;45259536;3512;;;;;;;;;;;;;;
0.407353;45262036;4095;;;;;;;;;;;;;;
0.409026;45263709;4095;;;;;;;;;;;;;;
0.411526;45266209;4095;;;;;;;;;;;;;;
0.414026;45268709;4095;;;;;;;;;;;;;;
0.416526;45271209;3432;;;;;;;;;;;;;;
0.419026;45273709;42;;;;;;;;;;;;;;
0.421526;45276209;157;;;;;;;;;;;;;;
0.424026;45278709;3577;;;;;;;;;;;;;;
0.426526;45281209;4095;;;;;;;;;;;;;;
0.429026;45283709;4095;45283670;564.906;772.558;279.316;-6474.905;-1651.303;-2466.231;45283227;217.54;871.35;-409.709;-3548.085;-7129.657;-1658.405
0.431526;45286209;4095;;;;;;;;;;;;;;
0.434026;45288709;4095;;;;;;;;;;;;;;
0.436526;45291209;3643;;;;;;;;;;;;;;
0.439026;45293709;46;;;;;;;;;;;;;;
0.454824;45309507;4095;;;;;;;;;;;;;;
0.457324;45312007;4095;;;;;;;;;;;;;;
0.459824;45314507;4095;;;;;;;;;;;;;;
0.462324;45317007;4027;45316729;563.732;773.086;281.637;-6583.847;-1856.175;-2815.857;45316291;215.264;873.624;-406.639;-3682.181;-7244.362;-1364.609
0.464824;45319507;54;;;;;;;;;;;;;;
0.466587;45321270;217;;;;;;;;;;;;;;
0.467324;45322007;599;;;;;;;;;;;;;;
0.469087;45323770;3657;;;;;;;;;;;;;;
0.469824;45324507;3724;;;;;;;;;;;;;;
0.471587;45326270;4095;;;;;;;;;;;;;;
0.472324;45327007;4095;;;;;;;;;;;;;;
0.474824;45329507;4095;;;;;;;;;;;;;;
0.476246;45330929;4095;;;;;;;;;;;;;;
0.477324;45332007;4095;;;;;;;;;;;;;;
0.478746;45333429;4025;;;;;;;;;;;;;;
0.481246;45335929;59;;;;;;;;;;;;;;
0.483746;45338429;858;;;;;;;;;;;;;;
0.486246;45340929;3928;;;;;;;;;;;;;;
0.488746;45343429;4095;;;;;;;;;;;;;;
0.491246;45345929;4095;;;;;;;;;;;;;;
0.493746;45348429;4095;;;;;;;;45349446;213.163;873.979;-403.887;-3999.447;-7268.019;-1052.254
0.496246;45350929;4095;45349884;562.556;774.154;284.33;-6797.155;-2041.179;-3135.314;;;;;;;
0.498746;45353429;4088;;;;;;;;;;;;;;
0.501246;45355929;319;;;;;;;;;;;;;;
0.503746;45358429;927;;;;;;;;;;;;;;
0.506246;45360929;4087;;;;;;;;;;;;;;
0.509757;45364440;4095;;;;;;;;;;;;;;
0.512257;45366940;4095;;;;;;;;;;;;;;
0.514757;45369440;4095;;;;;;;;;;;;;;
0.517257;45371940;4095;;;;;;;;;;;;;;
0.519757;45374440;4095;;;;;;;;;;;;;;
0.522257;45376940;877;;;;;;;;;;;;;;
0.524757;45379440;1711;;;;;;;;;;;;;;
0.527257;45381940;4095;45382953;561.958;772.913;285.626;-7108.297;-2155.682;-3472.048;45382517;212.667;874.047;-400.316;-4250.1;-7179.805;-691.641
0.529757;45384440;4095;;;;;;;;;;;;;;
0.532257;45386940;4095;;;;;;;;;;;;;;
0.534757;45389440;4095;;;;;;;;;;;;;;
0.537257;45391940;4095;;;;;;;;;;;;;;
0.539757;45394440;4095;;;;;;;;;;;;;;
0.544037;45398720;4095;;;;;;;;;;;;;;
0.546537;45401220;4095;;;;;;;;;;;;;;
0.549037;45403720;4095;;;;;;;;;;;;;;
0.551537;45406220;4095;;;;;;;;;;;;;;
0.554037;45408720;1321;;;;;;;;;;;;;;
0.556537;45411220;2808;;;;;;;;;;;;;;
0.559037;45413720;4095;;;;;;;;;;;;;;
0.561537;45416220;4095;45416288;561.365;771.062;287.266;-7042.507;-2181.773;-3720.196;45415849;212.757;872.874;-396.947;-4220.907;-6876.377;-358.247
0.56354;45418223;1472;;;;;;;;;;;;;;
0.564037;45418720;4095;;;;;;;;;;;;;;
0.56604;45420723;2589;;;;;;;;;;;;;;
0.566537;45421220;4095;;;;;;;;;;;;;;
0.56854;45423223;4095;;;;;;;;;;;;;;
0.569037;45423720;4095;;;;;;;;;;;;;;
0.57104;45425723;4095;;;;;;;;;;;;;;
0.571537;45426220;4095;;;;;;;;;;;;;;
0.574037;45428720;1437;;;;;;;;;;;;;;
0.576537;45431220;2766;;;;;;;;;;;;;;
0.579037;45433720;4095;;;;;;;;;;;;;;
0.586225;45440908;4095;;;;;;;;;;;;;;
0.588725;45443408;4095;;;;;;;;;;;;;;
0.591225;45445908;4095;;;;;;;;;;;;;;
0.593725;45448408;4095;;;;;;;;;;;;;;
0.596225;45450908;4095;;;;;;;;;;;;;;
0.598725;45453408;2189;;;;;;;;;;;;;;
0.601225;45455908;4095;;;;;;;;;;;;;;
0.603725;45458408;4095;45459594;560.417;770.091;289.537;-6995.756;-2268.247;-3821.186;45459156;212.404;872.04;-395.814;-4085.112;-6527.309;73.103
0.606225;45460908;4095;;;;;;;;;;;;;;
0.608725;45463408;4095;;;;;;;;;;;;;;
0.611225;45465908;4095;;;;;;;;;;;;;;
0.613725;45468408;4095;;;;;;;;;;;;;;
0.616225;45470908;4095;;;;;;;;;;;;;;
0.620028;45474711;1181;;;;;;;;;;;;;;
0.622528;45477211;2654;;;;;;;;;;;;;;
0.625028;45479711;4095;;;;;;;;;;;;;;
0.627528;45482211;4095;;;;;;;;;;;;;;
0.630028;45484711;4095;;;;;;;;;;;;;;
0.632528;45487211;4095;;;;;;;;;;;;;;
0.635028;45489711;4095;;;;;;;;;;;;;;
0.637528;45492211;4095;45492846;559.041;768.162;291.616;-6974.093;-2478.585;-3802.064;45492404;212.313;871.022;-394.879;-3837.106;-6344.443;482.448
0.640028;45494711;220;;;;;;;;;;;;;;
0.642528;45497211;920;;;;;;;;;;;;;;
0.645028;45499711;4075;;;;;;;;;;;;;;
0.647528;45502211;4095;;;;;;;;;;;;;;
0.649559;45504242;4095;;;;;;;;;;;;;;
0.652059;45506742;4095;;;;;;;;;;;;;;
0.654559;45509242;4095;;;;;;;;;;;;;;
0.657059;45511742;3738;;;;;;;;;;;;;;
0.659559;45514242;45;;;;;;;;;;;;;;
0.662059;45516742;472;;;;;;;;;;;;;;
0.664559;45519242;3736;;;;;;;;;;;;;;
0.667059;45521742;4095;;;;;;;;;;;;;;
0.669559;45524242;4095;45524351;557.667;765.933;292.822;-6855.076;-2739.218;-3756.773;45523912;211.786;871.623;-393.959;-3479.438;-6259.971;823.201
0.672059;45526742;4095;;;;;;;;;;;;;;
0.674559;45529242;4095;;;;;;;;;;;;;;
0.677059;45531742;3344;;;;;;;;;;;;;;
0.679559;45534242;43;;;;;;;;;;;;;;
0.683021;45537704;619;;;;;;;;;;;;;;
0.685521;45540204;3785;;;;;;;;;;;;;;
0.688021;45542704;4095;;;;;;;;;;;;;;
0.690521;45545204;4095;;;;;;;;;;;;;;
0.693021;45547704;4095;;;;;;;;;;;;;;
0.695521;45550204;4095;;;;;;;;;;;;;;
0.698021;45552704;3655;;;;;;;;;;;;;;
0.700521;45555204;41;;;;;;;;;;;;;;
0.703021;45557704;441;45557250;557.459;765.926;294.931;-6405.572;-2971.07;-3702.372;45556808;212.287;872.889;-392.695;-3024.591;-6142.097;1059.416
0.705521;45560204;3720;;;;;;;;;;;;;;
0.708021;45562704;4095;;;;;;;;;;;;;;
0.710521;45565204;4095;;;;;;;;;;;;;;
0.713021;45567704;4095;;;;;;;;;;;;;;
0.71665;45571333;4095;;;;;;;;;;;;;;
0.71915;45573833;3163;;;;;;;;;;;;;;
0.72165;45576333;39;;;;;;;;;;;;;;
0.72415;45578833;268;;;;;;;;;;;;;;
0.72665;45581333;3584;;;;;;;;;;;;;;
0.72915;45583833;4095;;;;;;;;;;;;;;
0.73165;45586333;4095;;;;;;;;;;;;;;
0.73415;45588833;4095;;;;;;;;45589876;211.902;874.311;-392.142;-2754.362;-6048.492;1280.32
0.73665;45591333;4095;45590315;556.75;766.139;296.099;-6080.918;-3180.391;-3672.566;;;;;;;
0.73915;45593833;3083;;;;;;;;;;;;;;
0.74165;45596333;28;;;;;;;;;;;;;;
0.74415;45598833;9;;;;;;;;;;;;;;
0.74665;45601333;3402;;;;;;;;;;;;;;
0.75383;45608513;4095;;;;;;;;;;;;;;
0.75633;45611013;4095;;;;;;;;;;;;;;
0.75883;45613513;4095;;;;;;;;;;;;;;
0.76133;45616013;2432;;;;;;;;;;;;;;
0.76383;45618513;24;;;;;;;;;;;;;;
0.76633;45621013;9;;;;;;;;;;;;;;
0.76883;45623513;3323;45623042;556.85;766.342;297.74;-5854.31;-3369.622;-3572.5;45622600;212.86;874.418;-390.889;-2632.831;-5967.005;1477.491
0.77133;45626013;4095;;;;;;;;;;;;;;
0.77383;45628513;4095;;;;;;;;;;;;;;
0.77633;45631013;4095;;;;;;;;;;;;;;
0.777808;45632491;4095;;;;;;;;;;;;;;
0.77883;45633513;4095;;;;;;;;;;;;;;
0.78133;45636013;2509;;;;;;;;;;;;;;
0.783301;45637984;25;;;;;;;;;;;;;;
0.785801;45640484;9;;;;;;;;;;;;;;
0.788301;45642984;3325;;;;;;;;;;;;;;
0.790801;45645484;4095;;;;;;;;;;;;;;
0.793301;45647984;4095;;;;;;;;;;;;;;
0.795801;45650484;4095;;;;;;;;;;;;;;
0.798301;45652984;4095;;;;;;;;;;;;;;
0.800801;45655484;1449;45656015;556.031;767.339;298.756;-5585.22;-3559.453;-3480.063;45655576;212.856;874.08;-388.809;-2355.065;-5795.092;1752.304
0.803301;45657984;21;;;;;;;;;;;;;;
0.805801;45660484;10;;;;;;;;;;;;;;
0.808301;45662984;2967;;;;;;;;;;;;;;
0.810801;45665484;4095;;;;;;;;;;;;;;
0.812294;45666977;4095;;;;;;;;;;;;;;
0.814794;45669477;4095;;;;;;;;;;;;;;
0.817294;45671977;4095;;;;;;;;;;;;;;
0.819794;45674477;414;;;;;;;;;;;;;;
0.822294;45676977;19;;;;;;;;;;;;;;
0.824794;45679477;9;;;;;;;;;;;;;;
0.827294;45681977;2392;;;;;;;;;;;;;;
0.829794;45684477;4095;;;;;;;;;;;;;;
0.832294;45686977;4095;45687015;556.015;766.804;299.379;-5195.271;-3668.918;-3436.435;45686573;214.614;871.972;-386.723;-1989.249;-5412.15;2117.939
0.834794;45689477;4095;;;;;;;;;;;;;;
0.837294;45691977;4008;;;;;;;;;;;;;;
0.839794;45694477;39;;;;;;;;;;;;;;
0.842294;45696977;17;;;;;;;;;;;;;;
0.857301;45711984;4095;;;;;;;;;;;;;;
0.859801;45714484;4095;;;;;;;;;;;;;;
0.862301;45716984;1053;;;;;;;;;;;;;;
0.864801;45719484;21;45719554;556.554;765.43;301.124;-4722.445;-3798.722;-3313.175;45719115;216.163;874.551;-386.474;-1357.349;-5043.98;2485.417
0.867301;45721984;18;;;;;;;;;;;;;;
0.869298;45723981;7;;;;;;;;;;;;;;
0.869801;45724484;16;;;;;;;;;;;;;;
0.871798;45726481;506;;;;;;;;;;;;;;
0.872301;45726984;7;;;;;;;;;;;;;;
0.874298;45728981;3624;;;;;;;;;;;;;;
0.874801;45729484;2298;;;;;;;;;;;;;;
0.877301;45731984;4095;;;;;;;;;;;;;;
0.878129;45732812;57;;;;;;;;;;;;;;
0.879801;45734484;4095;;;;;;;;;;;;;;
0.880629;45735312;18;;;;;;;;;;;;;;
0.883129;45737812;9;;;;;;;;;;;;;;
0.885629;45740312;9;;;;;;;;;;;;;;
0.888129;45742812;10;;;;;;;;;;;;;;
0.890629;45745312;1679;;;;;;;;;;;;;;
0.893129;45747812;4095;;;;;;;;;;;;;;
0.895629;45750312;4095;;;;;;;;45751402;217.671;879.538;-387.628;-1026.107;-4973.781;2483.646
0.898129;45752812;41;45751840;557.043;765.241;304.325;-4537.073;-3771.098;-3169.829;;;;;;;
0.900629;45755312;20;;;;;;;;;;;;;;
0.903129;45757812;8;;;;;;;;;;;;;;
0.905629;45760312;16;;;;;;;;;;;;;;
0.908129;45762812;21;;;;;;;;;;;;;;
0.909981;45764664;2029;;;;;;;;;;;;;;
0.912481;45767164;4095;;;;;;;;;;;;;;
0.914981;45769664;4095;;;;;;;;;;;;;;
0.917481;45772164;46;;;;;;;;;;;;;;
0.919981;45774664;19;;;;;;;;;;;;;;
0.922481;45777164;16;;;;;;;;;;;;;;
0.924981;45779664;17;;;;;;;;;;;;;;
0.927481;45782164;7;45783258;556.69;766.049;306.189;-4654.969;-3700.668;-3107.15;45782822;218.365;880.14;-386.797;-882.489;-5084.717;2444.776
0.929981;45784664;1464;;;;;;;;;;;;;;
0.932481;45787164;4095;;;;;;;;;;;;;;
0.934981;45789664;3016;;;;;;;;;;;;;;
0.937481;45792164;38;;;;;;;;;;;;;;
0.939981;45794664;17;;;;;;;;;;;;;;
0.958331;45813014;3517;;;;;;;;;;;;;;
0.960831;45815514;919;45815290;556.738;766.415;307.551;-4861.033;-3744.885;-3044.542;45814852;219.659;880.797;-384.976;-1152.052;-5089.481;2600.787
0.962544;45817227;17;;;;;;;;;;;;;;
0.963331;45818014;20;;;;;;;;;;;;;;
0.965044;45819727;9;;;;;;;;;;;;;;
0.965831;45820514;8;;;;;;;;;;;;;;
0.967544;45822227;10;;;;;;;;;;;;;;
0.968331;45823014;8;;;;;;;;;;;;;;
0.970044;45824727;443;;;;;;;;;;;;;;
0.970252;45824935;1850;;;;;;;;;;;;;;
0.970831;45825514;16;;;;;;;;;;;;;;
0.972752;45827435;24;;;;;;;;;;;;;;
0.973331;45828014;9;;;;;;;;;;;;;;
0.975252;45829935;8;;;;;;;;;;;;;;
0.975831;45830514;16;;;;;;;;;;;;;;
0.977752;45832435;9;;;;;;;;;;;;;;
0.980252;45834935;9;;;;;;;;;;;;;;
0.982752;45837435;17;;;;;;;;;;;;;;
0.985252;45839935;8;;;;;;;;;;;;;;
0.987752;45842435;8;;;;;;;;;;;;;;
0.990252;45844935;734;45844973;557.547;762.065;307.722;-4708.106;-3710.765;-2864.315;45844535;223.017;878.719;-382.551;-1065.137;-4939.132;2526.748
0.992752;45847435;17;;;;;;;;;;;;;;
0.995252;45849935;9;;;;;;;;;;;;;;
0.997752;45852435;9;;;;;;;;;;;;;;
1.000252;45854935;10;;;;;;;;;;;;;;
1.001503;45856186;8;;;;;;;;;;;;;;
1.004003;45858686;8;;;;;;;;;;;;;;
1.006503;45861186;10;;;;;;;;;;;;;;
1.009003;45863686;7;;;;;;;;;;;;;;
1.011503;45866186;16;;;;;;;;;;;;;;
1.014003;45868686;10;;;;;;;;;;;;;;
1.016503;45871186;9;;;;;;;;;;;;;;
1.019003;45873686;17;;;;;;;;;;;;;;
1.021503;45876186;8;45875794;557.242;762.953;310.05;-4144.139;-3575.54;-2699.662;45875352;223.597;880.667;-382.15;-574.38;-4719.3;2514.161
1.024003;45878686;8;;;;;;;;;;;;;;
1.026503;45881186;16;;;;;;;;;;;;;;
1.029003;45883686;17;;;;;;;;;;;;;;
1.031503;45886186;7;;;;;;;;;;;;;;
1.048451;45903134;10;;;;;;;;;;;;;;
1.050951;45905634;8;45906252;557.299;763.156;310.268;-3804.369;-3538.075;-2545.866;45905813;225.044;880.535;-379.574;-221.911;-4578.273;2493.015
1.053451;45908134;18;;;;;;;;;;;;;;
1.055808;45910491;8;;;;;;;;;;;;;;
1.055951;45910634;8;;;;;;;;;;;;;;
1.058308;45912991;9;;;;;;;;;;;;;;
1.058451;45913134;9;;;;;;;;;;;;;;
1.060808;45915491;7;;;;;;;;;;;;;;
1.060951;45915634;8;;;;;;;;;;;;;;
1.063153;45917836;11;;;;;;;;;;;;;;
1.063308;45917991;16;;;;;;;;;;;;;;
1.065653;45920336;8;;;;;;;;;;;;;;
1.065808;45920491;8;;;;;;;;;;;;;;
1.068153;45922836;8;;;;;;;;;;;;;;
1.068308;45922991;8;;;;;;;;;;;;;;
1.070653;45925336;8;;;;;;;;;;;;;;
1.070808;45925491;19;;;;;;;;;;;;;;
1.073153;45927836;8;;;;;;;;;;;;;;
1.075653;45930336;9;;;;;;;;;;;;;;
1.078153;45932836;8;;;;;;;;;;;;;;
1.080653;45935336;8;45936541;557.268;762.202;311.072;-3349.901;-3362.046;-2375.698;45936102;226.626;880.239;-377.559;225.372;-4241.734;2409.927
1.083153;45937836;9;;;;;;;;;;;;;;
1.085653;45940336;8;;;;;;;;;;;;;;
1.088153;45942836;8;;;;;;;;;;;;;;
1.090653;45945336;8;;;;;;;;;;;;;;
1.093153;45947836;8;;;;;;;;;;;;;;
1.093656;45948339;7;;;;;;;;;;;;;;
1.096156;45950839;9;;;;;;;;;;;;;;
1.098656;45953339;9;;;;;;;;;;;;;;
1.101156;45955839;8;;;;;;;;;;;;;;
1.103656;45958339;17;;;;;;;;;;;;;;
1.106156;45960839;7;;;;;;;;;;;;;;
1.108656;45963339;8;;;;;;;;;;;;;;
1.111156;45965839;9;45966484;556.562;761.595;312.049;-2676.218;-3145.381;-2249.038;45966048;227.495;879.678;-376.268;869.916;-3814.835;2278.93
1.113656;45968339;17;;;;;;;;;;;;;;
1.116156;45970839;16;;;;;;;;;;;;;;
1.118656;45973339;9;;;;;;;;;;;;;;
1.121156;45975839;10;;;;;;;;;;;;;;
1.136504;45991187;8;;;;;;;;;;;;;;
1.139004;45993687;10;;;;;;;;45994872;226.411;882.17;-379.243;1362.795;-3642.906;2203.921
1.141504;45996187;8;45995311;556.117;761.799;313.258;-2595.344;-2697.612;-2063.524;;;;;;;
1.144004;45998687;8;;;;;;;;;;;;;;
1.146504;46001187;10;;;;;;;;;;;;;;
1.147684;46002367;8;;;;;;;;;;;;;;
1.149004;46003687;8;;;;;;;;;;;;;;
1.150184;46004867;9;;;;;;;;;;;;;;
1.151504;46006187;8;;;;;;;;;;;;;;
1.152684;46007367;16;;;;;;;;;;;;;;
1.155184;46009867;8;;;;;;;;;;;;;;
1.157684;46012367;9;;;;;;;;;;;;;;
1.159732;46014415;8;;;;;;;;;;;;;;
1.160184;46014867;8;;;;;;;;;;;;;;
1.162684;46017367;10;46018479;554.956;761.943;313.23;-2466.015;-2517.232;-1854.035;46018040;226.143;881.682;-380.387;1590.406;-3690.011;2021.1
1.165184;46019867;8;;;;;;;;;;;;;;
1.167684;46022367;7;;;;;;;;;;;;;;
1.170184;46024867;8;;;;;;;;;;;;;;
1.172684;46027367;9;;;;;;;;;;;;;;
1.174427;46029110;7;;;;;;;;;;;;;;
1.175184;46029867;7;;;;;;;;;;;;;;
1.176927;46031610;17;;;;;;;;;;;;;;
1.179427;46034110;8;;;;;;;;;;;;;;
1.181927;46036610;16;;;;;;;;;;;;;;
1.184427;46039110;8;;;;;;;;;;;;;;
1.186927;46041610;8;;;;;;;;;;;;;;
1.189427;46044110;16;;;;;;;;;;;;;;
1.191927;46046610;16;46047214;554.298;761.038;312.934;-2396.964;-2306.058;-1739.021;46046772;226.804;879.389;-381.15;1990.385;-3675.698;1800.608
1.194427;46049110;8;;;;;;;;;;;;;;
1.196927;46051610;8;;;;;;;;;;;;;;
1.199427;46054110;8;;;;;;;;;;;;;;
1.201927;46056610;16;;;;;;;;;;;;;;
1.21738;46072063;17;;;;;;;;;;;;;;
1.21988;46074563;8;;;;;;;;46075764;226.694;878.291;-381.582;2516.491;-3669.1;1703.14
1.22238;46077063;8;46076203;553.289;761.745;313.336;-2084.616;-2207.38;-1590.82;;;;;;;
1.22488;46079563;18;;;;;;;;;;;;;;
1.22738;46082063;17;;;;;;;;;;;;;;
1.228817;46083500;10;;;;;;;;;;;;;;
1.22988;46084563;8;;;;;;;;;;;;;;
1.231317;46086000;20;;;;;;;;;;;;;;
1.23238;46087063;16;;;;;;;;;;;;;;
1.233817;46088500;9;;;;;;;;;;;;;;
1.236317;46091000;16;;;;;;;;;;;;;;
1.238817;46093500;18;;;;;;;;;;;;;;
1.241317;46096000;8;;;;;;;;;;;;;;
1.244147;46098830;9;;;;;;;;;;;;;;
1.246647;46101330;8;;;;;;;;;;;;;;
1.249147;46103830;8;;;;;;;;;;;;;;
1.251647;46106330;10;46106837;553.02;763.668;313.621;-1911.697;-2170.511;-1441.279;46106398;226.455;878.967;-382.608;2915.229;-3620.395;1736.545
1.254147;46108830;19;;;;;;;;;;;;;;
1.256522;46111205;8;;;;;;;;;;;;;;
1.256647;46111330;10;;;;;;;;;;;;;;
1.259022;46113705;16;;;;;;;;;;;;;;
1.259147;46113830;16;;;;;;;;;;;;;;
1.261522;46116205;8;;;;;;;;;;;;;;
1.261647;46116330;17;;;;;;;;;;;;;;
1.264147;46118830;7;;;;;;;;;;;;;;
1.266647;46121330;9;;;;;;;;;;;;;;
1.279466;46134149;8;;;;;;;;;;;;;;
1.281966;46136649;7;46137302;553.715;764.207;314.319;-2200.675;-2035.735;-1256.34;46136863;227.558;878.432;-383.943;3226.218;-3645.0;1773.531
1.284466;46139149;9;;;;;;;;;;;;;;
1.286863;46141546;9;;;;;;;;;;;;;;
1.286966;46141649;9;;;;;;;;;;;;;;
1.289363;46144046;9;;;;;;;;;;;;;;
1.289466;46144149;17;;;;;;;;;;;;;;
1.291863;46146546;10;;;;;;;;;;;;;;
1.291966;46146649;17;;;;;;;;;;;;;;
1.294363;46149046;17;;;;;;;;;;;;;;
1.296863;46151546;17;;;;;;;;;;;;;;
1.299363;46154046;17;;;;;;;;;;;;;;
1.301863;46156546;16;;;;;;;;;;;;;;
1.31056;46165243;8;;;;;;;;;;;;;;
1.31306;46167743;350;46167854;553.596;764.293;314.81;-2753.454;-1903.761;-1120.898;46167416;227.972;876.93;-386.956;3967.469;-3685.0;1662.104
1.31556;46170243;9;;;;;;;;;;;;;;
1.317997;46172680;9;;;;;;;;;;;;;;
1.31806;46172743;9;;;;;;;;;;;;;;
1.320497;46175180;9;;;;;;;;;;;;;;
1.32056;46175243;9;;;;;;;;;;;;;;
1.322997;46177680;713;;;;;;;;;;;;;;
1.32306;46177743;16;;;;;;;;;;;;;;
1.325497;46180180;3305;;;;;;;;;;;;;;
1.327997;46182680;1344;;;;;;;;;;;;;;
1.330497;46185180;23;;;;;;;;;;;;;;
1.332997;46187680;17;;;;;;;;;;;;;;
1.344244;46198927;;46198927;554.018;763.898;316.406;-2789.906;-1962.573;-1019.79;46198488;229.06;879.694;-388.33;4739.908;-3929.063;1477.061
1.346115;46200798;18;;;;;;;;;;;;;;
1.348615;46203298;8;;;;;;;;;;;;;;
1.350175;46204858;2105;;;;;;;;;;;;;;
1.351115;46205798;9;;;;;;;;;;;;;;
1.352675;46207358;45;;;;;;;;;;;;;;
1.353615;46208298;4072;;;;;;;;;;;;;;
1.355175;46209858;10;;;;;;;;;;;;;;
1.357675;46212358;8;;;;;;;;;;;;;;
1.357874;46212557;4095;;;;;;;;;;;;;;
1.360175;46214858;3086;;;;;;;;;;;;;;
1.360374;46215057;4095;;;;;;;;;;;;;;
1.362675;46217358;4095;;;;;;;;;;;;;;
1.370422;46225105;4095;;;;;;;;;;;;;;
1.372922;46227605;4095;;;;;;;;;;;;;;
1.375422;46230105;4095;46229312;554.89;763.676;317.861;-2732.223;-1772.132;-878.238;46228873;230.697;883.472;-388.22;5001.225;-4083.485;1050.146
1.377922;46232605;1208;;;;;;;;;;;;;;
1.380422;46235105;22;;;;;;;;;;;;;;
1.382922;46237605;253;;;;;;;;;;;;;;
1.385422;46240105;4095;;;;;;;;;;;;;;
1.394913;46249596;4095;;;;;;;;;;;;;;
1.397413;46252096;4095;46252397;556.163;765.66;320.292;-2751.362;-1481.838;-726.264;46251962;232.052;884.53;-389.11;4636.976;-4007.061;690.951
1.399913;46254596;4095;;;;;;;;;;;;;;
1.402413;46257096;4095;;;;;;;;;;;;;;
1.403582;46258265;4009;;;;;;;;;;;;;;
1.404913;46259596;3149;;;;;;;;;;;;;;
1.406082;46260765;4095;;;;;;;;;;;;;;
1.407413;46262096;539;;;;;;;;;;;;;;
1.408582;46263265;4095;;;;;;;;;;;;;;
1.411082;46265765;4095;;;;;;;;;;;;;;
1.413582;46268265;4095;;;;;;;;;;;;;;
1.416082;46270765;4095;;;;;;;;;;;;;;
1.418582;46273265;4095;;;;;;;;;;;;;;
1.428466;46283149;4095;;;;;;;;;;;;;;
1.430966;46285649;4095;46285465;557.116;766.735;323.389;-3210.107;-1162.746;-558.701;46285027;232.381;885.492;-391.596;4052.065;-3995.27;473.966
1.433466;46288149;4095;;;;;;;;;;;;;;
1.435966;46290649;4095;;;;;;;;;;;;;;
1.437237;46291920;4095;;;;;;;;;;;;;;
1.438466;46293149;4095;;;;;;;;;;;;;;
1.439737;46294420;4095;;;;;;;;;;;;;;
1.440966;46295649;4095;;;;;;;;;;;;;;
1.442237;46296920;4095;;;;;;;;;;;;;;
1.444737;46299420;4095;;;;;;;;;;;;;;
1.447237;46301920;4095;;;;;;;;;;;;;;
1.449737;46304420;4095;;;;;;;;;;;;;;
1.457888;46312571;4095;;;;;;;;;;;;;;
1.460388;46315071;4095;;;;;;;;;;;;;;
1.462888;46317571;4095;46316977;556.784;766.81;324.69;-3612.226;-847.358;-539.516;46316538;231.01;888.419;-392.842;3657.837;-3950.382;249.018
1.465388;46320071;4095;;;;;;;;;;;;;;
1.466678;46321361;4095;;;;;;;;;;;;;;
1.467888;46322571;4095;;;;;;;;;;;;;;
1.469178;46323861;4095;;;;;;;;;;;;;;
1.470388;46325071;4095;;;;;;;;;;;;;;
1.471678;46326361;4095;;;;;;;;;;;;;;
1.472888;46327571;4095;;;;;;;;;;;;;;
1.474178;46328861;4095;;;;;;;;;;;;;;
1.476678;46331361;4095;;;;;;;;;;;;;;
1.479178;46333861;4095;;;;;;;;;;;;;;
1.481678;46336361;4095;;;;;;;;;;;;;;
1.484178;46338861;4095;;;;;;;;46339716;230.653;891.292;-394.312;3264.507;-3885.863;-151.933
1.486678;46341361;4095;46340158;557.133;767.064;326.426;-3805.677;-455.428;-597.852;;;;;;;
1.489178;46343861;4095;;;;;;;;;;;;;;
1.491678;46346361;4095;;;;;;;;;;;;;;
1.494178;46348861;4095;;;;;;;;;;;;;;
1.496678;46351361;4095;;;;;;;;;;;;;;
1.500253;46354936;4095;;;;;;;;;;;;;;
1.502753;46357436;4095;;;;;;;;;;;;;;
1.505253;46359936;4095;;;;;;;;;;;;;;
1.507753;46362436;4095;;;;;;;;;;;;;;
1.510253;46364936;4095;;;;;;;;;;;;;;
1.512753;46367436;4095;;;;;;;;;;;;;;
1.515253;46369936;4095;;;;;;;;;;;;;;
1.517753;46372436;4095;46373307;559.459;767.458;331.29;-4311.019;123.844;-610.397;46372869;230.112;888.951;-394.433;3113.094;-3799.194;-825.962
1.520253;46374936;4095;;;;;;;;;;;;;;
1.522753;46377436;4095;;;;;;;;;;;;;;
1.525253;46379936;4095;;;;;;;;;;;;;;
1.527753;46382436;4095;;;;;;;;;;;;;;
1.54172;46396403;4095;;;;;;;;;;;;;;
1.54279;46397473;4095;;;;;;;;;;;;;;
1.54422;46398903;4095;;;;;;;;;;;;;;
1.54529;46399973;4095;;;;;;;;;;;;;;
1.54672;46401403;4095;;;;;;;;;;;;;;
1.54779;46402473;4095;;;;;;;;;;;;;;
1.54922;46403903;4095;;;;;;;;46404296;228.58;892.45;-397.172;3120.19;-3756.672;-1472.851
1.55029;46404973;4095;46404738;559.174;768.729;334.502;-3999.218;600.651;-691.44;;;;;;;
1.55172;46406403;4095;;;;;;;;;;;;;;
1.55279;46407473;4095;;;;;;;;;;;;;;
1.55422;46408903;4095;;;;;;;;;;;;;;
1.55529;46409973;4095;;;;;;;;;;;;;;
1.55672;46411403;4095;;;;;;;;;;;;;;
1.55779;46412473;4095;;;;;;;;;;;;;;
1.55922;46413903;4095;;;;;;;;;;;;;;
1.56029;46414973;4095;;;;;;;;;;;;;;
1.56279;46417473;4095;;;;;;;;;;;;;;
1.56529;46419973;4095;;;;;;;;;;;;;;
1.56779;46422473;4095;;;;;;;;;;;;;;
1.57029;46424973;4095;;;;;;;;;;;;;;
1.57279;46427473;4095;;;;;;;;;;;;;;
1.57529;46429973;4095;46429642;562.215;772.266;340.414;-4321.632;1270.181;-732.555;46429204;225.954;895.663;-398.682;2935.305;-3850.151;-2310.521
1.57779;46432473;4095;;;;;;;;;;;;;;
1.58029;46434973;4095;;;;;;;;;;;;;;
1.58279;46437473;4095;;;;;;;;;;;;;;
1.58529;46439973;4095;;;;;;;;;;;;;;
1.597344;46452027;4095;;;;;;;;;;;;;;
1.599844;46454527;4095;;;;;;;;;;;;;;
1.602344;46457027;4095;;;;;;;;;;;;;;
1.604844;46459527;4095;;;;;;;;;;;;;;
1.607344;46462027;4095;;;;;;;;;;;;;;
1.609844;46464527;4095;;;;;;;;;;;;;;
1.612344;46467027;4095;;;;;;;;;;;;;;
1.614844;46469527;4095;;;;;;;;46470693;223.989;898.735;-400.592;2330.04;-4030.393;-3276.057
1.617344;46472027;4095;46471136;561.426;771.943;342.73;-4408.738;1974.485;-1040.24;;;;;;;
1.619844;46474527;4095;;;;;;;;;;;;;;
1.622344;46477027;4095;;;;;;;;;;;;;;
1.624844;46479527;4095;;;;;;;;;;;;;;
1.627344;46482027;4095;;;;;;;;;;;;;;
1.63915;46493833;4095;;;;;;;;;;;;;;
1.64165;46496333;4095;;;;;;;;;;;;;;
1.64415;46498833;4095;;;;;;;;;;;;;;
1.64665;46501333;4095;;;;;;;;;;;;;;
1.648396;46503079;4095;;;;;;;;;;;;;;
1.64915;46503833;4095;46504458;560.024;771.599;344.693;-4461.301;2738.51;-1403.416;46504020;221.336;899.633;-402.784;1616.788;-4246.686;-4373.567
1.650896;46505579;4095;;;;;;;;;;;;;;
1.65165;46506333;4095;;;;;;;;;;;;;;
1.653396;46508079;4095;;;;;;;;;;;;;;
1.65415;46508833;4095;;;;;;;;;;;;;;
1.655896;46510579;4095;;;;;;;;;;;;;;
1.65665;46511333;4095;;;;;;;;;;;;;;
1.658396;46513079;4095;;;;;;;;;;;;;;
1.65915;46513833;4095;;;;;;;;;;;;;;
1.660896;46515579;4095;;;;;;;;;;;;;;
1.663396;46518079;4095;;;;;;;;;;;;;;
1.665896;46520579;4095;;;;;;;;;;;;;;
1.668396;46523079;4095;;;;;;;;;;;;;;
1.670896;46525579;4095;;;;;;;;;;;;;;
1.673396;46528079;4095;;;;;;;;;;;;;;
1.675896;46530579;4095;46531201;559.455;772.303;344.038;-4808.736;3540.897;-1789.12;46530759;217.43;893.631;-402.928;1393.761;-4480.164;-5550.951
1.678396;46533079;4095;;;;;;;;;;;;;;
1.680896;46535579;4095;;;;;;;;;;;;;;
1.683396;46538079;4095;;;;;;;;;;;;;;
1.685896;46540579;4095;;;;;;;;;;;;;;
1.694658;46549341;4095;;;;;;;;;;;;;;
1.697158;46551841;4095;;;;;;;;;;;;;;
1.699658;46554341;4095;;;;;;;;;;;;;;
1.702158;46556841;4095;;;;;;;;;;;;;;
1.704658;46559341;4095;;;;;;;;;;;;;;
1.707158;46561841;4095;;;;;;;;;;;;;;
1.709658;46564341;4095;;;;;;;;;;;;;;
1.712158;46566841;4095;;;;;;;;;;;;;;
1.714658;46569341;4095;46569479;558.072;771.501;348.607;-5295.861;4181.103;-2086.414;46569041;212.701;897.359;-405.729;2162.323;-4814.406;-6882.091
1.717158;46571841;4095;;;;;;;;;;;;;;
1.719658;46574341;4095;;;;;;;;;;;;;;
1.722158;46576841;4095;;;;;;;;;;;;;;
1.724658;46579341;4095;;;;;;;;;;;;;;
1.732492;46587175;4095;;;;;;;;;;;;;;
1.734992;46589675;4095;;;;;;;;;;;;;;
1.737492;46592175;4095;;;;;;;;;;;;;;
1.739992;46594675;4095;;;;;;;;;;;;;;
1.742492;46597175;4095;;;;;;;;;;;;;;
1.744992;46599675;4095;;;;;;;;;;;;;;
1.747492;46602175;4095;46602807;555.288;769.044;350.227;-5833.881;4862.797;-2521.968;46602365;208.947;896.868;-406.842;2542.019;-5231.248;-7900.361
1.749992;46604675;4095;;;;;;;;;;;;;;
1.752492;46607175;4095;;;;;;;;;;;;;;
1.754013;46608696;4095;;;;;;;;;;;;;;
1.754992;46609675;4095;;;;;;;;;;;;;;
1.756513;46611196;4095;;;;;;;;;;;;;;
1.757492;46612175;4095;;;;;;;;;;;;;;
1.759013;46613696;4095;;;;;;;;;;;;;;
1.761513;46616196;4095;;;;;;;;;;;;;;
1.764013;46618696;4095;;;;;;;;;;;;;;
1.766513;46621196;4095;;;;;;;;;;;;;;
1.769013;46623696;4095;;;;;;;;;;;;;;
1.771513;46626196;4095;;;;;;;;;;;;;;
1.774013;46628696;4095;;;;;;;;;;;;;;
1.776513;46631196;4095;;;;;;;;46632395;203.764;898.354;-407.288;2224.605;-5616.748;-8638.906
1.779013;46633696;4095;46632834;552.278;768.662;353.181;-6040.937;5413.72;-2924.369;;;;;;;
1.781513;46636196;4095;;;;;;;;;;;;;;
1.784013;46638696;4095;;;;;;;;;;;;;;
1.786513;46641196;4095;;;;;;;;;;;;;;
1.789013;46643696;4095;;;;;;;;;;;;;;
1.796061;46650744;4095;;;;;;;;;;;;;;
1.798561;46653244;4095;;;;;;;;;;;;;;
1.801061;46655744;4095;;;;;;;;;;;;;;
1.803561;46658244;4095;;;;;;;;;;;;;;
1.806061;46660744;4095;;;;;;;;;;;;;;
1.808561;46663244;4095;;;;;;;;;;;;;;
1.811061;46665744;4095;;;;;;;;;;;;;;
1.813561;46668244;4095;46669465;548.905;767.872;356.439;-6520.265;5924.409;-3323.713;46669023;198.627;895.948;-406.841;748.813;-5867.473;-9116.523
1.816061;46670744;4095;;;;;;;;;;;;;;
1.818561;46673244;4095;;;;;;;;;;;;;;
1.821061;46675744;4095;;;;;;;;;;;;;;
1.823561;46678244;4095;;;;;;;;;;;;;;
1.826061;46680744;4095;;;;;;;;;;;;;;
1.829909;46684592;4095;;;;;;;;;;;;;;
1.832409;46687092;4095;;;;;;;;;;;;;;
1.834909;46689592;4095;;;;;;;;;;;;;;
1.837409;46692092;4095;;;;;;;;;;;;;;
1.839909;46694592;4095;;;;;;;;;;;;;;
1.842409;46697092;4095;;;;;;;;;;;;;;
1.843678;46698361;3247;;;;;;;;;;;;;;
1.844909;46699592;4029;;;;;;;;;;;;;;
1.846178;46700861;3159;;;;;;;;;;;;;;
1.847409;46702092;3800;46702702;545.329;766.292;358.338;-6796.251;6287.063;-3636.59;46702263;193.777;890.495;-405.72;-425.69;-5905.287;-9352.822
1.848678;46703361;3000;;;;;;;;;;;;;;
1.849909;46704592;3580;;;;;;;;;;;;;;
1.851178;46705861;2799;;;;;;;;;;;;;;
1.852409;46707092;3422;;;;;;;;;;;;;;
1.853678;46708361;2604;;;;;;;;;;;;;;
1.854909;46709592;3336;;;;;;;;;;;;;;
1.856178;46710861;2455;;;;;;;;;;;;;;
1.857409;46712092;3291;;;;;;;;;;;;;;
1.858678;46713361;2352;;;;;;;;;;;;;;
1.861178;46715861;2298;;;;;;;;;;;;;;
1.863678;46718361;2239;;;;;;;;;;;;;;
1.866178;46720861;2139;;;;;;;;;;;;;;
1.868678;46723361;1966;;;;;;;;;;;;;;
1.871178;46725861;1751;;;;;;;;;;;;;;
1.873678;46728361;1534;;;;;;;;;;;;;;
1.876178;46730861;1373;;;;;;;;;;;;;;
1.878678;46733361;1274;46734392;540.907;765.889;361.539;-6877.751;6492.46;-3861.635;46733950;188.071;885.09;-404.234;-1176.593;-5781.522;-9274.118
1.881178;46735861;1211;;;;;;;;;;;;;;
1.883678;46738361;1163;;;;;;;;;;;;;;
1.886178;46740861;1065;;;;;;;;;;;;;;
1.888678;46743361;905;;;;;;;;;;;;;;
1.891178;46745861;702;;;;;;;;;;;;;;
1.906436;46761119;520;;;;;;;;;;;;;;
1.908936;46763619;364;;;;;;;;;;;;;;
1.911436;46766119;272;;;;;;;;;;;;;;
1.913936;46768619;222;;;;;;;;;;;;;;
1.916436;46771119;173;;;;;;;;;;;;;;
1.918936;46773619;77;;;;;;;;;;;;;;
1.921436;46776119;17;;;;;;;;;;;;;;
1.923936;46778619;16;46779168;536.664;763.621;364.087;-6959.551;6497.712;-3920.554;46778730;183.255;880.979;-401.968;-1476.514;-5566.821;-8887.412
1.926436;46781119;16;;;;;;;;;;;;;;
1.928936;46783619;16;;;;;;;;;;;;;;
1.931436;46786119;8;;;;;;;;;;;;;;
1.933936;46788619;8;;;;;;;;;;;;;;
1.945674;46800357;10;;;;;;;;;;;;;;
1.946391;46801074;7;;;;;;;;;;;;;;
1.948174;46802857;16;;;;;;;;;;;;;;
1.948891;46803574;8;;;;;;;;;;;;;;
1.950674;46805357;9;;;;;;;;;;;;;;
1.951391;46806074;8;;;;;;;;;;;;;;
1.953174;46807857;18;;;;;;;;;;;;;;
1.953891;46808574;8;46809121;532.034;759.777;365.506;-6944.949;6497.889;-3878.526;46808679;178.13;880.021;-400.902;-1746.125;-5302.48;-8497.291
1.955674;46810357;8;;;;;;;;;;;;;;
1.956391;46811074;8;;;;;;;;;;;;;;
1.958174;46812857;9;;;;;;;;;;;;;;
1.958891;46813574;9;;;;;;;;;;;;;;
1.960674;46815357;17;;;;;;;;;;;;;;
1.961391;46816074;17;;;;;;;;;;;;;;
1.963174;46817857;8;;;;;;;;;;;;;;
1.963891;46818574;18;;;;;;;;;;;;;;
1.965674;46820357;16;;;;;;;;;;;;;;
1.968174;46822857;9;;;;;;;;;;;;;;
1.970674;46825357;8;;;;;;;;;;;;;;
1.973174;46827857;10;;;;;;;;;;;;;;
1.975674;46830357;8;;;;;;;;;;;;;;
1.978174;46832857;10;46832377;528.009;757.229;368.611;-6773.576;6446.432;-3776.037;46831939;173.244;879.379;-399.504;-1955.007;-5088.106;-8243.051
1.980674;46835357;9;;;;;;;;;;;;;;
1.983174;46837857;9;;;;;;;;;;;;;;
1.985674;46840357;8;;;;;;;;;;;;;;
1.988174;46842857;10;;;;;;;;;;;;;;
1.996313;46850996;17;;;;;;;;;;;;;;
1.998813;46853496;16;;;;;;;;;;;;;;
2.001313;46855996;17;;;;;;;;;;;;;;
2.003813;46858496;18;;;;;;;;;;;;;;
2.006313;46860996;9;;;;;;;;;;;;;;
2.008813;46863496;10;;;;;;;;;;;;;;
2.011313;46865996;8;;;;;;;;;;;;;;
2.013813;46868496;9;;;;;;;;46869610;167.625;878.219;-399.287;-2201.569;-4911.138;-7943.335
2.016313;46870996;10;46870058;523.971;756.822;373.184;-6741.585;6316.172;-3634.485;;;;;;;
2.018813;46873496;8;;;;;;;;;;;;;;
2.021313;46875996;9;;;;;;;;;;;;;;
2.023813;46878496;9;;;;;;;;;;;;;;
2.026313;46880996;8;;;;;;;;;;;;;;
2.035368;46890051;17;;;;;;;;;;;;;;
2.037868;46892551;10;;;;;;;;;;;;;;
2.040368;46895051;16;;;;;;;;;;;;;;
2.042793;46897476;16;;;;;;;;;;;;;;
2.042868;46897551;9;;;;;;;;;;;;;;
2.045293;46899976;8;;;;;;;;;;;;;;
2.045368;46900051;9;46900596;519.873;755.495;377.302;-6786.006;6074.301;-3470.261;46900157;162.3;877.594;-398.916;-2242.865;-4963.956;-7564.981
2.047793;46902476;8;;;;;;;;;;;;;;
2.047868;46902551;17;;;;;;;;;;;;;;
2.050293;46904976;16;;;;;;;;;;;;;;
2.050368;46905051;8;;;;;;;;;;;;;;
2.052793;46907476;9;;;;;;;;;;;;;;
2.052868;46907551;16;;;;;;;;;;;;;;
2.055293;46909976;16;;;;;;;;;;;;;;
2.055368;46910051;8;;;;;;;;;;;;;;
2.057793;46912476;20;;;;;;;;;;;;;;
2.060293;46914976;8;;;;;;;;;;;;;;
2.062793;46917476;17;;;;;;;;;;;;;;
2.065293;46919976;8;;;;;;;;;;;;;;
2.067793;46922476;8;;;;;;;;;;;;;;
2.070293;46924976;8;46925516;516.229;754.845;381.452;-6808.081;5749.148;-3297.185;46925073;156.906;878.69;-399.448;-2147.347;-5143.633;-7167.919
2.072793;46927476;17;;;;;;;;;;;;;;
2.075293;46929976;9;;;;;;;;;;;;;;
2.077793;46932476;8;;;;;;;;;;;;;;
2.080293;46934976;17;;;;;;;;;;;;;;
2.085663;46940346;16;;;;;;;;;;;;;;
2.088163;46942846;17;;;;;;;;;;;;;;
2.090663;46945346;8;;;;;;;;;;;;;;
2.093163;46947846;7;;;;;;;;;;;;;;
2.095663;46950346;9;;;;;;;;;;;;;;
2.098163;46952846;20;;;;;;;;;;;;;;
2.100663;46955346;8;;;;;;;;;;;;;;
2.103163;46957846;18;;;;;;;;;;;;;;
2.105663;46960346;9;46960316;513.22;754.856;386.969;-6962.489;5348.378;-3143.701;46959877;151.58;881.908;-399.587;-2207.98;-5617.514;-6818.711
2.108163;46962846;16;;;;;;;;;;;;;;
2.110663;46965346;17;;;;;;;;;;;;;;
2.113163;46967846;6;;;;;;;;;;;;;;
2.115663;46970346;16;;;;;;;;;;;;;;
2.120724;46975407;10;;;;;;;;;;;;;;
2.123224;46977907;17;;;;;;;;;;;;;;
2.125724;46980407;9;;;;;;;;;;;;;;
2.128224;46982907;9;;;;;;;;;;;;;;
2.130724;46985407;16;;;;;;;;;;;;;;
2.133224;46987907;17;;;;;;;;;;;;;;
2.135724;46990407;8;46990961;509.866;756.11;392.642;-7382.177;4897.647;-3090.203;46990518;145.66;886.265;-399.073;-2503.143;-6303.513;-6512.775
2.138224;46992907;9;;;;;;;;;;;;;;
2.140724;46995407;10;;;;;;;;;;;;;;
2.143224;46997907;9;;;;;;;;;;;;;;
2.145724;47000407;19;;;;;;;;;;;;;;
2.155986;47010669;9;;;;;;;;;;;;;;
2.158486;47013169;7;;;;;;;;;;;;;;
2.160986;47015669;8;;;;;;;;;;;;;;
2.163486;47018169;9;47018730;502.777;759.144;398.905;-9004.568;4651.015;-3255.068;47018292;138.133;887.305;-399.444;-2983.049;-7148.587;-6229.574
2.165986;47020669;9;;;;;;;;;;;;;;
2.167268;47021951;9;;;;;;;;;;;;;;
2.168486;47023169;10;;;;;;;;;;;;;;
2.169768;47024451;17;;;;;;;;;;;;;;
2.170986;47025669;16;;;;;;;;;;;;;;
2.172268;47026951;16;;;;;;;;;;;;;;
2.173486;47028169;9;;;;;;;;;;;;;;
2.174768;47029451;8;;;;;;;;;;;;;;
2.177268;47031951;17;;;;;;;;;;;;;;
2.179768;47034451;8;;;;;;;;;;;;;;
2.182268;47036951;10;;;;;;;;;;;;;;
2.184768;47039451;16;;;;;;;;;;;;;;
2.187268;47041951;18;47041997;499.421;759.837;403.359;-9828.777;4163.839;-3395.502;47041555;131.678;890.971;-398.565;-3854.584;-8083.97;-5677.908
2.189768;47044451;16;;;;;;;;;;;;;;
2.192268;47046951;9;;;;;;;;;;;;;;
2.194768;47049451;16;;;;;;;;;;;;;;
2.197268;47051951;10;;;;;;;;;;;;;;
2.198679;47053362;16;;;;;;;;;;;;;;
2.201179;47055862;9;;;;;;;;;;;;;;
2.203679;47058362;17;;;;;;;;;;;;;;
2.206179;47060862;7;;;;;;;;;;;;;;
2.208679;47063362;8;;;;;;;;;;;;;;
2.211179;47065862;9;;;;;;;;;;;;;;
2.213679;47068362;9;;;;;;;;;;;;;;
2.216179;47070862;9;;;;;;;;;;;;;;
2.218679;47073362;18;47072804;497.051;760.366;408.433;-10686.15;3619.209;-3537.664;47072365;126.686;893.442;-397.022;-4903.042;-9055.271;-5075.075
2.221179;47075862;16;;;;;;;;;;;;;;
2.223679;47078362;16;;;;;;;;;;;;;;
2.226179;47080862;17;;;;;;;;;;;;;;
2.228679;47083362;16;;;;;;;;;;;;;;
2.245986;47100669;16;;;;;;;;;;;;;;
2.248486;47103169;9;47103535;494.622;761.339;414.833;-11721.593;3079.937;-3744.469;47103093;121.95;896.197;-393.989;-6087.64;-10127.633;-4340.508
2.250986;47105669;18;;;;;;;;;;;;;;
2.253486;47108169;9;;;;;;;;;;;;;;
2.253514;47108197;18;;;;;;;;;;;;;;
2.255986;47110669;19;;;;;;;;;;;;;;
2.256014;47110697;9;;;;;;;;;;;;;;
2.258486;47113169;17;;;;;;;;;;;;;;
2.258514;47113197;9;;;;;;;;;;;;;;
2.261014;47115697;9;;;;;;;;;;;;;;
2.2612;47115883;16;;;;;;;;;;;;;;
2.263514;47118197;9;;;;;;;;;;;;;;
2.2637;47118383;9;;;;;;;;;;;;;;
2.266014;47120697;17;;;;;;;;;;;;;;
2.2662;47120883;17;;;;;;;;;;;;;;
2.268514;47123197;9;;;;;;;;;;;;;;
2.2687;47123383;18;;;;;;;;;;;;;;
2.2712;47125883;8;;;;;;;;;;;;;;
2.2737;47128383;9;;;;;;;;;;;;;;
2.2762;47130883;10;;;;;;;;;;;;;;
2.2787;47133383;16;47134250;492.4;761.428;421.109;-13102.513;2567.19;-3999.995;47133811;117.591;898.29;-390.833;-7463.695;-11235.188;-3502.233
2.2812;47135883;8;;;;;;;;;;;;;;
2.2837;47138383;8;;;;;;;;;;;;;;
2.2862;47140883;7;;;;;;;;;;;;;;
2.2887;47143383;9;;;;;;;;;;;;;;
2.2912;47145883;8;;;;;;;;;;;;;;
2.308344;47163027;16;;;;;;;;;;;;;;
2.310844;47165527;16;47164897;489.611;759.767;425.972;-14421.824;2034.143;-4241.433;47164455;113.578;898.875;-386.901;-8841.822;-12293.054;-2544.434
2.313344;47168027;8;;;;;;;;;;;;;;
2.315703;47170386;8;;;;;;;;;;;;;;
2.315844;47170527;8;;;;;;;;;;;;;;
2.318203;47172886;17;;;;;;;;;;;;;;
2.318344;47173027;8;;;;;;;;;;;;;;
2.320703;47175386;8;;;;;;;;;;;;;;
2.320844;47175527;8;;;;;;;;;;;;;;
2.323203;47177886;8;;;;;;;;;;;;;;
2.325703;47180386;8;;;;;;;;;;;;;;
2.328203;47182886;9;;;;;;;;;;;;;;
2.335507;47190190;17;;;;;;;;;;;;;;
2.338007;47192690;8;;;;;;;;47193530;111.022;899.523;-382.598;-10045.606;-13304.588;-1619.65
2.340507;47195190;10;47193969;487.969;757.665;430.842;-15602.107;1451.185;-4382.861;;;;;;;
2.343007;47197690;7;;;;;;;;;;;;;;
2.345507;47200190;9;;;;;;;;;;;;;;
2.347139;47201822;17;;;;;;;;;;;;;;
2.348007;47202690;16;;;;;;;;;;;;;;
2.349639;47204322;8;;;;;;;;;;;;;;
2.350507;47205190;10;;;;;;;;;;;;;;
2.352139;47206822;16;;;;;;;;;;;;;;
2.354639;47209322;8;;;;;;;;;;;;;;
2.357139;47211822;7;;;;;;;;;;;;;;
2.358922;47213605;10;;;;;;;;;;;;;;
2.359639;47214322;8;;;;;;;;;;;;;;
2.362139;47216822;7;47217752;485.909;755.375;436.006;-16645.064;867.189;-4537.78;47217314;107.759;900.144;-378.249;-11065.826;-14170.171;-704.355
2.364639;47219322;16;;;;;;;;;;;;;;
2.367139;47221822;8;;;;;;;;;;;;;;
2.369639;47224322;17;;;;;;;;;;;;;;
2.372139;47226822;17;;;;;;;;;;;;;;
2.37431;47228993;17;;;;;;;;;;;;;;
2.374639;47229322;10;;;;;;;;;;;;;;
2.37681;47231493;10;;;;;;;;;;;;;;
2.37931;47233993;9;;;;;;;;;;;;;;
2.38181;47236493;16;;;;;;;;;;;;;;
2.38431;47238993;17;;;;;;;;;;;;;;
2.38681;47241493;16;;;;;;;;;;;;;;
2.38931;47243993;8;;;;;;;;;;;;;;
2.39181;47246493;9;47247000;483.58;752.09;441.058;-17563.248;210.017;-4705.954;47246564;105.158;900.692;-372.311;-11623.348;-15056.787;201.926
2.39431;47248993;8;;;;;;;;;;;;;;
2.39681;47251493;17;;;;;;;;;;;;;;
2.39931;47253993;16;;;;;;;;;;;;;;
2.40181;47256493;8;;;;;;;;;;;;;;
2.417649;47272332;18;;;;;;;;;;;;;;
2.420149;47274832;8;;;;;;;;47275820;104.164;903.5;-365.999;-12016.055;-15856.635;932.954
2.422649;47277332;8;47276258;482.678;748.389;447.12;-18291.148;-377.109;-4892.406;;;;;;;
2.425149;47279832;16;;;;;;;;;;;;;;
2.427649;47282332;16;;;;;;;;;;;;;;
2.429041;47283724;9;;;;;;;;;;;;;;
2.430149;47284832;7;;;;;;;;;;;;;;
2.431541;47286224;8;;;;;;;;;;;;;;
2.432649;47287332;18;;;;;;;;;;;;;;
2.434041;47288724;8;;;;;;;;;;;;;;
2.436541;47291224;7;;;;;;;;;;;;;;
2.439041;47293724;9;;;;;;;;;;;;;;
2.441541;47296224;17;;;;;;;;;;;;;;
2.444378;47299061;9;;;;;;;;;;;;;;
2.446878;47301561;16;;;;;;;;;;;;;;
2.449378;47304061;17;;;;;;;;;;;;;;
2.451878;47306561;8;47306805;481.114;744.995;454.081;-19085.902;-836.441;-5099.286;47306366;102.671;906.441;-359.186;-12606.564;-16614.74;1612.557
2.454378;47309061;17;;;;;;;;;;;;;;
2.456751;47311434;16;;;;;;;;;;;;;;
2.456878;47311561;9;;;;;;;;;;;;;;
2.459251;47313934;9;;;;;;;;;;;;;;
2.459378;47314061;17;;;;;;;;;;;;;;
2.461751;47316434;8;;;;;;;;;;;;;;
2.461878;47316561;18;;;;;;;;;;;;;;
2.464378;47319061;17;;;;;;;;;;;;;;
2.466878;47321561;10;;;;;;;;;;;;;;
2.480262;47334945;8;;;;;;;;;;;;;;
2.482762;47337445;9;47337703;479.385;738.423;459.089;-19970.42;-1135.869;-5263.009;47337265;102.661;908.864;-351.493;-13328.549;-17460.941;2198.679
2.485262;47339945;17;;;;;;;;;;;;;;
2.487607;47342290;18;;;;;;;;;;;;;;
2.487762;47342445;9;;;;;;;;;;;;;;
2.490107;47344790;7;;;;;;;;;;;;;;
2.490262;47344945;8;;;;;;;;;;;;;;
2.492607;47347290;9;;;;;;;;;;;;;;
2.492762;47347445;16;;;;;;;;;;;;;;
2.495107;47349790;8;;;;;;;;;;;;;;
2.497607;47352290;16;;;;;;;;;;;;;;
2.500107;47354790;8;;;;;;;;;;;;;;
2.502607;47357290;18;;;;;;;;;;;;;;
2.51145;47366133;17;;;;;;;;;;;;;;
2.51395;47368633;8;47368429;477.436;731.141;464.201;-20393.336;-1490.763;-5318.358;47367990;102.353;908.079;-344.989;-13789.559;-18092.457;2388.432
2.51645;47371133;10;;;;;;;;;;;;;;
2.518922;47373605;18;;;;;;;;;;;;;;
2.51895;47373633;9;;;;;;;;;;;;;;
2.521422;47376105;16;;;;;;;;;;;;;;
2.52145;47376133;9;;;;;;;;;;;;;;
2.523922;47378605;17;;;;;;;;;;;;;;
2.52395;47378633;18;;;;;;;;;;;;;;
2.526422;47381105;8;;;;;;;;;;;;;;
2.528922;47383605;19;;;;;;;;;;;;;;
2.531422;47386105;9;;;;;;;;;;;;;;
2.533922;47388605;8;;;;;;;;;;;;;;
2.544643;47399326;;47399326;475.537;725.469;470.502;-20361.543;-1964.85;-5259.378;47398888;101.713;906.083;-337.61;-13625.518;-18681.459;2533.26
2.546854;47401537;9;;;;;;;;;;;;;;
2.549354;47404037;9;;;;;;;;;;;;;;
2.550233;47404916;7;;;;;;;;;;;;;;
2.551854;47406537;8;;;;;;;;;;;;;;
2.552733;47407416;8;;;;;;;;;;;;;;
2.554354;47409037;8;;;;;;;;;;;;;;
2.555233;47409916;17;;;;;;;;;;;;;;
2.557733;47412416;10;;;;;;;;;;;;;;
2.558268;47412951;11;;;;;;;;;;;;;;
2.560233;47414916;17;;;;;;;;;;;;;;
2.560768;47415451;25;;;;;;;;;;;;;;
2.562733;47417416;8;;;;;;;;;;;;;;
2.570218;47424901;9;;;;;;;;;;;;;;
2.572718;47427401;9;;;;;;;;47428229;101.227;910.737;-327.513;-13104.366;-19388.449;2714.16
2.575218;47429901;7;47428667;473.329;719.073;476.623;-20393.027;-2516.732;-5226.097;;;;;;;
2.577718;47432401;16;;;;;;;;;;;;;;
2.580218;47434901;8;;;;;;;;;;;;;;
2.581547;47436230;9;;;;;;;;;;;;;;
2.582718;47437401;17;;;;;;;;;;;;;;
2.584047;47438730;10;;;;;;;;;;;;;;
2.585218;47439901;16;;;;;;;;;;;;;;
2.586547;47441230;18;;;;;;;;;;;;;;
2.589047;47443730;7;;;;;;;;;;;;;;
2.591547;47446230;8;;;;;;;;;;;;;;
2.594047;47448730;16;;;;;;;;;;;;;;
2.601493;47456176;8;;;;;;;;;;;;;;
2.603993;47458676;8;47459480;463.193;707.348;499.433;-19775.0;-4053.833;-5993.792;47459042;100.021;921.375;-322.44;-12073.335;-19827.34;2076.639
2.606493;47461176;9;;;;;;;;;;;;;;
2.608993;47463676;16;;;;;;;;;;;;;;
2.611493;47466176;17;;;;;;;;;;;;;;
2.612942;47467625;9;;;;;;;;;;;;;;
2.613993;47468676;10;;;;;;;;;;;;;;
2.615442;47470125;8;;;;;;;;;;;;;;
2.616493;47471176;16;;;;;;;;;;;;;;
2.617942;47472625;6;;;;;;;;;;;;;;
2.620442;47475125;16;;;;;;;;;;;;;;
2.622942;47477625;18;;;;;;;;;;;;;;
2.625442;47480125;17;;;;;;;;;;;;;;
2.632818;47487501;17;;;;;;;;;;;;;;
2.635318;47490001;8;47490379;464.104;703.311;505.583;-19298.125;-4005.579;-5706.79;47489941;99.82;924.778;-314.114;-12496.918;-19986.598;1510.807
2.637818;47492501;17;;;;;;;;;;;;;;
2.640318;47495001;17;;;;;;;;;;;;;;
2.642818;47497501;17;;;;;;;;;;;;;;
2.645318;47500001;9;;;;;;;;;;;;;;
2.652653;47507336;16;;;;;;;;;;;;;;
2.655153;47509836;9;;;;;;;;;;;;;;
2.657653;47512336;8;47512659;464.255;699.462;510.902;-18567.281;-3880.988;-5426.263;47512221;99.093;922.471;-305.094;-12876.135;-19827.705;1101.892
2.660153;47514836;8;;;;;;;;;;;;;;
2.662653;47517336;8;;;;;;;;;;;;;;
2.664;47518683;8;;;;;;;;;;;;;;
2.665153;47519836;10;;;;;;;;;;;;;;
2.6665;47521183;16;;;;;;;;;;;;;;
2.667653;47522336;10;;;;;;;;;;;;;;
2.669;47523683;16;;;;;;;;;;;;;;
2.6715;47526183;10;;;;;;;;;;;;;;
2.674;47528683;6;;;;;;;;;;;;;;
2.6765;47531183;7;;;;;;;;;;;;;;
2.683805;47538488;9;;;;;;;;;;;;;;
2.686305;47540988;18;47541942;464.583;695.935;516.979;-17856.791;-3864.126;-5060.013;47541498;97.945;920.713;-297.422;-12636.141;-19588.82;854.735
2.688805;47543488;10;;;;;;;;;;;;;;
2.691305;47545988;18;;;;;;;;;;;;;;
2.693805;47548488;16;;;;;;;;;;;;;;
2.696305;47550988;8;;;;;;;;;;;;;;
2.698805;47553488;18;;;;;;;;;;;;;;
2.707526;47562209;8;;;;;;;;;;;;;;
2.710026;47564709;8;47564164;466.058;692.035;522.35;-17268.451;-3833.669;-4659.575;47563722;98.172;922.391;-289.633;-12131.646;-19432.316;714.436
2.712526;47567209;9;;;;;;;;;;;;;;
2.714708;47569391;16;;;;;;;;;;;;;;
2.715026;47569709;8;;;;;;;;;;;;;;
2.717208;47571891;17;;;;;;;;;;;;;;
2.717526;47572209;8;;;;;;;;;;;;;;
2.719708;47574391;16;;;;;;;;;;;;;;
2.720026;47574709;9;;;;;;;;;;;;;;
2.722208;47576891;9;;;;;;;;;;;;;;
2.724708;47579391;9;;;;;;;;;;;;;;
2.727208;47581891;8;;;;;;;;;;;;;;
2.734513;47589196;18;;;;;;;;;;;;;;
2.737013;47591696;10;;;;;;;;47592709;98.101;925.932;-282.41;-11783.626;-19134.889;625.776
2.739513;47594196;16;47593147;467.558;689.141;530.539;-16757.654;-3686.173;-4263.846;;;;;;;
2.742013;47596696;9;;;;;;;;;;;;;;
2.744513;47599196;17;;;;;;;;;;;;;;
2.746075;47600758;16;;;;;;;;;;;;;;
2.747013;47601696;16;;;;;;;;;;;;;;
2.748575;47603258;18;;;;;;;;;;;;;;
2.749513;47604196;10;;;;;;;;;;;;;;
2.751075;47605758;7;;;;;;;;;;;;;;
2.753575;47608258;16;;;;;;;;;;;;;;
2.756075;47610758;17;;;;;;;;;;;;;;
2.758575;47613258;9;;;;;;;;;;;;;;
2.761075;47615758;8;47615462;468.495;687.075;538.373;-16667.896;-3477.365;-3837.591;47615020;96.611;928.978;-276.256;-11789.444;-18970.895;751.112
2.763575;47618258;9;;;;;;;;;;;;;;
2.766075;47620758;8;;;;;;;;;;;;;;
2.768575;47623258;8;;;;;;;;;;;;;;
2.770315;47624998;8;;;;;;;;;;;;;;
2.771075;47625758;9;;;;;;;;;;;;;;
2.773366;47628049;11;;;;;;;;;;;;;;
2.773575;47628258;9;;;;;;;;;;;;;;
2.775866;47630549;8;;;;;;;;;;;;;;
2.778366;47633049;10;;;;;;;;;;;;;;
2.780866;47635549;9;;;;;;;;;;;;;;
2.783366;47638049;7;;;;;;;;;;;;;;
2.785866;47640549;18;;;;;;;;;;;;;;
2.788366;47643049;9;;;;;;;;;;;;;;
2.790866;47645549;9;47645916;469.427;681.641;543.309;-16894.562;-3208.559;-3443.586;47645478;96.618;932.287;-271.075;-11991.847;-18934.975;1001.432
2.793366;47648049;10;;;;;;;;;;;;;;
2.795866;47650549;9;;;;;;;;;;;;;;
2.798366;47653049;18;;;;;;;;;;;;;;
2.800866;47655549;17;;;;;;;;;;;;;;
2.8167;47671383;18;;;;;;;;;;;;;;
2.8192;47673883;17;;;;;;;;47674826;96.13;933.893;-266.647;-12485.129;-18900.414;1149.985
2.8217;47676383;17;47675268;470.57;676.29;547.766;-17053.459;-3078.319;-2934.094;;;;;;;
2.8242;47678883;8;;;;;;;;;;;;;;
2.8267;47681383;17;;;;;;;;;;;;;;
2.8292;47683883;7;;;;;;;;;;;;;;
2.8317;47686383;11;;;;;;;;;;;;;;
2.8325;47687183;22;;;;;;;;;;;;;;
2.835;47689683;26;;;;;;;;;;;;;;
2.8375;47692183;10;;;;;;;;;;;;;;
2.84;47694683;18;;;;;;;;;;;;;;
2.8425;47697183;10;47697566;471.258;669.639;550.151;-16814.16;-3187.34;-2328.889;47697127;96.387;931.558;-261.22;-12811.997;-18825.143;1169.486
2.845;47699683;18;;;;;;;;;;;;;;
2.8475;47702183;17;;;;;;;;;;;;;;
2.85;47704683;17;;;;;;;;;;;;;;
2.8525;47707183;24;;;;;;;;;;;;;;
2.856441;47711124;27;;;;;;;;;;;;;;
2.858941;47713624;9;;;;;;;;;;;;;;
2.861441;47716124;16;;;;;;;;;;;;;;
2.863941;47718624;9;;;;;;;;;;;;;;
2.866441;47721124;7;;;;;;;;;;;;;;
2.868941;47723624;9;47723006;472.559;665.559;554.571;-16182.14;-3301.411;-1861.57;47722564;95.551;930.321;-256.003;-12478.085;-18681.01;1232.637
2.871441;47726124;16;;;;;;;;;;;;;;
2.873941;47728624;24;;;;;;;;;;;;;;
2.87601;47730693;9;;;;;;;;;;;;;;
2.876441;47731124;39;;;;;;;;;;;;;;
2.87851;47733193;8;;;;;;;;;;;;;;
2.878941;47733624;16;;;;;;;;;;;;;;
2.88101;47735693;17;;;;;;;;;;;;;;
2.88351;47738193;9;;;;;;;;;;;;;;
2.88601;47740693;16;;;;;;;;;;;;;;
2.88851;47743193;25;;;;;;;;;;;;;;
2.89101;47745693;40;;;;;;;;;;;;;;
2.89351;47748193;11;;;;;;;;47749119;93.787;932.825;-250.828;-12154.743;-18811.834;1402.88
2.89601;47750693;8;47749558;472.471;662.378;559.947;-15766.345;-3426.84;-1486.304;;;;;;;
2.89851;47753193;16;;;;;;;;;;;;;;
2.90101;47755693;17;;;;;;;;;;;;;;
2.90351;47758193;10;;;;;;;;;;;;;;
2.90601;47760693;8;;;;;;;;;;;;;;
2.907424;47762107;27;;;;;;;;;;;;;;
2.909924;47764607;39;;;;;;;;;;;;;;
2.912424;47767107;7;;;;;;;;;;;;;;
2.914924;47769607;9;;;;;;;;;;;;;;
2.917424;47772107;18;;;;;;;;;;;;;;
2.919924;47774607;16;;;;;;;;;;;;;;
2.922424;47777107;16;;;;;;;;;;;;;;
2.924924;47779607;9;47780462;472.381;659.936;565.274;-15588.34;-3477.311;-1198.051;47780020;91.373;934.965;-243.673;-12061.068;-19010.055;1574.673
2.927424;47782107;27;;;;;;;;;;;;;;
2.929924;47784607;42;;;;;;;;;;;;;;
2.932424;47787107;10;;;;;;;;;;;;;;
2.934924;47789607;9;;;;;;;;;;;;;;
2.937424;47792107;16;;;;;;;;;;;;;;
2.954401;47809084;46;;;;;;;;;;;;;;
2.956901;47811584;16;47811443;472.723;656.158;569.475;-15474.36;-3520.445;-795.586;47811004;89.97;937.669;-235.412;-11970.765;-19170.363;1712.065
2.958781;47813464;17;;;;;;;;;;;;;;
2.959401;47814084;10;;;;;;;;;;;;;;
2.961281;47815964;7;;;;;;;;;;;;;;
2.961901;47816584;7;;;;;;;;;;;;;;
2.963781;47818464;8;;;;;;;;;;;;;;
2.964401;47819084;7;;;;;;;;;;;;;;
2.966237;47820920;55;;;;;;;;;;;;;;
2.966281;47820964;29;;;;;;;;;;;;;;
2.966901;47821584;10;;;;;;;;;;;;;;
2.968737;47823420;8;;;;;;;;;;;;;;
2.969401;47824084;18;;;;;;;;;;;;;;
2.971237;47825920;10;;;;;;;;;;;;;;
2.971901;47826584;29;;;;;;;;;;;;;;
2.973737;47828420;17;;;;;;;;;;;;;;
2.976237;47830920;18;;;;;;;;;;;;;;
2.978737;47833420;9;;;;;;;;;;;;;;
2.981237;47835920;17;;;;;;;;;;;;;;
2.983737;47838420;44;;;;;;;;;;;;;;
2.986237;47840920;71;47840867;476.549;657.193;580.767;-15799.643;-3310.735;-378.682;47840428;86.313;938.964;-224.428;-12047.289;-19189.221;1767.336
2.988737;47843420;30;;;;;;;;;;;;;;
2.991237;47845920;8;;;;;;;;;;;;;;
2.993737;47848420;8;;;;;;;;;;;;;;
2.996237;47850920;16;;;;;;;;;;;;;;
2.997566;47852249;9;;;;;;;;;;;;;;
3.000066;47854749;18;;;;;;;;;;;;;;
3.002566;47857249;59;;;;;;;;;;;;;;
3.005066;47859749;91;;;;;;;;;;;;;;
3.007566;47862249;62;;;;;;;;;;;;;;
3.010066;47864749;9;;;;;;;;;;;;;;
3.012566;47867249;18;;;;;;;;;;;;;;
3.015066;47869749;8;;;;;;;;;;;;;;
3.017566;47872249;8;47871766;477.188;653.705;588.237;-15799.785;-3199.886;-32.498;47871330;86.585;942.993;-212.347;-12562.3;-19118.76;1889.845
3.020066;47874749;23;;;;;;;;;;;;;;
3.022566;47877249;73;;;;;;;;;;;;;;
3.025066;47879749;109;;;;;;;;;;;;;;
3.027566;47882249;88;;;;;;;;;;;;;;
3.044947;47899630;8;;;;;;;;;;;;;;
3.047447;47902130;17;47902670;477.473;648.464;593.534;-16100.921;-2780.017;366.377;47902232;87.093;943.759;-198.557;-13046.747;-18709.697;1985.665
3.049947;47904630;17;;;;;;;;;;;;;;
3.052447;47907130;9;;;;;;;;;;;;;;
3.052481;47907164;121;;;;;;;;;;;;;;
3.054947;47909630;23;;;;;;;;;;;;;;
3.054981;47909664;104;;;;;;;;;;;;;;
3.057447;47912130;78;;;;;;;;;;;;;;
3.057481;47912164;25;;;;;;;;;;;;;;
3.059981;47914664;8;;;;;;;;;;;;;;
3.060344;47915027;91;;;;;;;;;;;;;;
3.062481;47917164;8;;;;;;;;;;;;;;
3.062844;47917527;149;;;;;;;;;;;;;;
3.064981;47919664;7;;;;;;;;;;;;;;
3.065344;47920027;127;;;;;;;;;;;;;;
3.067481;47922164;26;;;;;;;;;;;;;;
3.067844;47922527;58;;;;;;;;;;;;;;
3.070344;47925027;16;;;;;;;;;;;;;;
3.072844;47927527;7;;;;;;;;;;;;;;
3.075344;47930027;8;;;;;;;;;;;;;;
3.077844;47932527;28;47933563;477.981;641.575;597.554;-15938.562;-2105.953;861.246;47933125;88.661;943.688;-184.304;-13034.472;-17810.963;2121.319
3.080344;47935027;92;;;;;;;;;;;;;;
3.082844;47937527;138;;;;;;;;;;;;;;
3.085344;47940027;121;;;;;;;;;;;;;;
3.087844;47942527;39;;;;;;;;;;;;;;
3.090344;47945027;17;;;;;;;;;;;;;;
3.108266;47962949;16;;;;;;;;;;;;;;
3.110766;47965449;19;47964906;478.024;634.183;601.622;-15272.009;-1320.78;1450.809;47964463;90.78;944.388;-169.361;-12664.936;-16296.102;2154.815
3.113266;47967949;24;;;;;;;;;;;;;;
3.115766;47970449;79;;;;;;;;;;;;;;
3.116146;47970829;24;;;;;;;;;;;;;;
3.118266;47972949;123;;;;;;;;;;;;;;
3.118646;47973329;8;;;;;;;;;;;;;;
3.120766;47975449;106;;;;;;;;;;;;;;
3.121146;47975829;16;;;;;;;;;;;;;;
3.123646;47978329;9;;;;;;;;;;;;;;
3.126146;47980829;26;;;;;;;;;;;;;;
3.128646;47983329;90;;;;;;;;;;;;;;
3.135949;47990632;126;;;;;;;;;;;;;;
3.138449;47993132;109;;;;;;;;47994233;92.213;943.834;-154.287;-12099.501;-14080.421;2080.762
3.140949;47995632;29;47994671;477.913;628.008;606.409;-14183.346;-396.366;2134.706;;;;;;;
3.143449;47998132;9;;;;;;;;;;;;;;
3.145949;48000632;8;;;;;;;;;;;;;;
3.147425;48002108;139;;;;;;;;;;;;;;
3.148449;48003132;8;;;;;;;;;;;;;;
3.149925;48004608;126;;;;;;;;;;;;;;
3.150949;48005632;30;;;;;;;;;;;;;;
3.152425;48007108;46;;;;;;;;;;;;;;
3.154925;48009608;10;;;;;;;;;;;;;;
3.157425;48012108;16;;;;;;;;;;;;;;
3.159925;48014608;10;;;;;;;;;;;;;;
3.162425;48017108;27;48016898;477.185;621.106;610.572;-12857.741;592.515;2746.345;48016456;94.361;941.819;-140.186;-11239.9;-11505.649;2004.287
3.164925;48019608;92;;;;;;;;;;;;;;
3.167425;48022108;141;;;;;;;;;;;;;;
3.169925;48024608;119;;;;;;;;;;;;;;
3.17158;48026263;92;;;;;;;;;;;;;;
3.172425;48027108;31;;;;;;;;;;;;;;
3.174925;48029608;9;;;;;;;;;;;;;;
3.175316;48029999;8;;;;;;;;;;;;;;
3.177816;48032499;8;;;;;;;;;;;;;;
3.180316;48034999;30;;;;;;;;;;;;;;
3.182816;48037499;104;;;;;;;;;;;;;;
3.185316;48039999;144;;;;;;;;;;;;;;
3.187816;48042499;137;;;;;;;;;;;;;;
3.190316;48044999;57;;;;;;;;;;;;;;
3.192816;48047499;17;48048220;476.878;614.81;614.533;-11161.354;1698.201;3424.09;48047781;97.756;939.465;-128.48;-9843.593;-8402.492;1947.385
3.195316;48049999;19;;;;;;;;;;;;;;
3.197816;48052499;7;;;;;;;;;;;;;;
3.200316;48054999;31;;;;;;;;;;;;;;
3.202816;48057499;107;;;;;;;;;;;;;;
3.202928;48057611;157;;;;;;;;;;;;;;
3.205428;48060111;142;;;;;;;;;;;;;;
3.207928;48062611;62;;;;;;;;;;;;;;
3.210428;48065111;9;;;;;;;;;;;;;;
3.212928;48067611;17;;;;;;;;;;;;;;
3.215428;48070111;9;;;;;;;;;;;;;;
3.217928;48072611;30;;;;;;;;;;;;;;
3.220428;48075111;96;;;;;;;;;;;;;;
3.222928;48077611;143;48077833;477.343;609.653;617.82;-9198.474;2872.854;4253.011;48077391;101.274;937.601;-118.225;-8057.726;-4824.055;1846.078
3.225428;48080111;120;;;;;;;;;;;;;;
3.227928;48082611;39;;;;;;;;;;;;;;
3.230428;48085111;18;;;;;;;;;;;;;;
3.232928;48087611;16;;;;;;;;;;;;;;
3.246209;48100892;138;;;;;;;;;;;;;;
3.248709;48103392;122;;;;;;;;;;;;;;
3.251209;48105892;40;;;;;;;;;;;;;;
3.253709;48108392;18;48108985;477.869;601.124;619.338;-7371.8;4237.273;5068.923;48108546;104.878;936.197;-110.667;-5457.277;-794.54;1478.149
3.256209;48110892;18;;;;;;;;;;;;;;
3.258484;48113167;8;;;;;;;;;;;;;;
3.258709;48113392;16;;;;;;;;;;;;;;
3.260984;48115667;29;;;;;;;;;;;;;;
3.261209;48115892;30;;;;;;;;;;;;;;
3.263484;48118167;94;;;;;;;;;;;;;;
3.263709;48118392;105;;;;;;;;;;;;;;
3.266209;48120892;155;;;;;;;;;;;;;;
3.268709;48123392;136;;;;;;;;;;;;;;
3.282217;48136900;58;;;;;;;;;;;;;;
3.284717;48139400;8;48140229;477.626;595.639;622.714;-4876.085;5631.472;6047.477;48139790;109.077;934.533;-105.707;-2873.101;3512.562;1039.367
3.287217;48141900;8;;;;;;;;;;;;;;
3.289717;48144400;17;;;;;;;;;;;;;;
3.289784;48144467;137;;;;;;;;;;;;;;
3.292217;48146900;31;;;;;;;;;;;;;;
3.292284;48146967;111;;;;;;;;;;;;;;
3.294717;48149400;93;;;;;;;;;;;;;;
3.294784;48149467;24;;;;;;;;;;;;;;
3.297284;48151967;18;;;;;;;;;;;;;;
3.299784;48154467;9;;;;;;;;;;;;;;
3.302284;48156967;8;;;;;;;;;;;;;;
3.304784;48159467;24;;;;;;;;;;;;;;
3.313283;48167966;76;;;;;;;;;;;;;;
3.315783;48170466;111;48170953;475.21;593.423;623.213;-2047.093;6928.836;6942.103;48170514;110.803;935.441;-104.521;-283.821;8005.496;634.336
3.318283;48172966;79;;;;;;;;;;;;;;
3.320783;48175466;16;;;;;;;;;;;;;;
3.320924;48175607;9;;;;;;;;;;;;;;
3.323283;48177966;8;;;;;;;;;;;;;;
3.323424;48178107;24;;;;;;;;;;;;;;
3.325783;48180466;9;;;;;;;;;;;;;;
3.325924;48180607;77;;;;;;;;;;;;;;
3.328424;48183107;111;;;;;;;;;;;;;;
3.330924;48185607;79;;;;;;;;;;;;;;
3.333424;48188107;9;;;;;;;;;;;;;;
3.335924;48190607;9;;;;;;;;;;;;;;
3.343942;48198625;120;;;;;;;;;;;;;;
3.346442;48201125;87;48201424;475.258;592.867;625.48;1465.574;8074.269;7971.373;48200978;114.376;935.542;-108.097;2480.058;12547.221;-61.506
3.348254;48202937;17;;;;;;;;;;;;;;
3.348942;48203625;40;;;;;;;;;;;;;;
3.350754;48205437;9;;;;;;;;;;;;;;
3.351442;48206125;9;;;;;;;;;;;;;;
3.353254;48207937;25;;;;;;;;;;;;;;
3.353942;48208625;9;;;;;;;;;;;;;;
3.355754;48210437;80;;;;;;;;;;;;;;
3.356442;48211125;18;;;;;;;;;;;;;;
3.358942;48213625;25;;;;;;;;;;;;;;
3.361442;48216125;80;;;;;;;;;;;;;;
3.371428;48226111;120;;;;;;;;;;;;;;
3.373928;48228611;90;;;;;;;;;;;;;;
3.376428;48231111;17;48230498;472.949;597.628;630.361;4408.42;9320.806;8915.054;48230060;115.941;936.625;-114.337;5141.18;16766.047;-633.743
3.378928;48233611;8;;;;;;;;;;;;;;
3.381428;48236111;8;;;;;;;;;;;;;;
3.383928;48238611;16;;;;;;;;;;;;;;
3.386428;48241111;26;;;;;;;;;;;;;;
3.394892;48249575;79;;;;;;;;;;;;;;
3.397392;48252075;112;48252378;471.365;602.297;634.083;7111.375;10397.828;9766.488;48251936;116.207;939.728;-122.449;7457.934;20496.119;-917.931
3.399892;48254575;90;;;;;;;;;;;;;;
3.402392;48257075;17;;;;;;;;;;;;;;
3.402596;48257279;16;;;;;;;;;;;;;;
3.404892;48259575;9;;;;;;;;;;;;;;
3.405096;48259779;40;;;;;;;;;;;;;;
3.407392;48262075;16;;;;;;;;;;;;;;
3.407596;48262279;104;;;;;;;;;;;;;;
3.410096;48264779;143;;;;;;;;;;;;;;
3.412596;48267279;124;;;;;;;;;;;;;;
3.415096;48269779;45;;;;;;;;;;;;;;
3.417596;48272279;16;;;;;;;;;;;;;;
3.426699;48281382;17;;;;;;;;;;;;;;
3.429199;48283882;9;48283527;471.538;605.518;635.141;8980.056;11502.374;10525.914;48283089;116.265;944.61;-132.015;9182.412;23710.688;-1092.097
3.431699;48286382;44;;;;;;;;;;;;;;
3.434199;48288882;122;;;;;;;;;;;;;;
3.434609;48289292;91;;;;;;;;;;;;;;
3.436699;48291382;182;;;;;;;;;;;;;;
3.437109;48291792;9;;;;;;;;;;;;;;
3.439199;48293882;168;;;;;;;;;;;;;;
3.439609;48294292;9;;;;;;;;;;;;;;
3.442109;48296792;10;;;;;;;;;;;;;;
3.444609;48299292;59;;;;;;;;;;;;;;
3.447109;48301792;141;;;;;;;;;;;;;;
3.454573;48309256;202;;;;;;;;;;;;;;
3.457073;48311756;199;;;;;;;;48312778;115.441;950.017;-144.947;10160.041;26471.84;-1453.992
3.459573;48314256;133;48313216;471.062;607.816;635.623;10487.553;12638.755;11104.743;;;;;;;
3.462073;48316756;39;;;;;;;;;;;;;;
3.462558;48317241;169;;;;;;;;;;;;;;
3.464573;48319256;9;;;;;;;;;;;;;;
3.465058;48319741;240;;;;;;;;;;;;;;
3.467073;48321756;9;;;;;;;;;;;;;;
3.467558;48322241;248;;;;;;;;;;;;;;
3.469573;48324256;75;;;;;;;;;;;;;;
3.470058;48324741;190;;;;;;;;;;;;;;
3.472558;48327241;110;;;;;;;;;;;;;;
3.475058;48329741;62;;;;;;;;;;;;;;
3.477558;48332241;76;;;;;;;;;;;;;;
3.480058;48334741;158;48335694;469.469;612.702;636.495;11521.112;13587.505;11561.881;48335258;112.585;953.256;-157.805;10547.602;28741.873;-1815.292
3.482558;48337241;269;;;;;;;;;;;;;;
3.485058;48339741;349;;;;;;;;;;;;;;
3.487558;48342241;365;;;;;;;;;;;;;;
3.490058;48344741;328;;;;;;;;;;;;;;
3.492558;48347241;255;;;;;;;;;;;;;;
3.495291;48349974;219;;;;;;;;;;;;;;
3.497791;48352474;249;;;;;;;;;;;;;;
3.500291;48354974;329;;;;;;;;;;;;;;
3.502791;48357474;439;;;;;;;;;;;;;;
3.505291;48359974;509;;;;;;;;;;;;;;
3.507791;48362474;525;;;;;;;;;;;;;;
3.510291;48364974;487;;;;;;;;;;;;;;
3.512791;48367474;409;48367901;467.528;614.555;633.224;12202.869;14247.317;11712.662;48367463;110.543;953.051;-168.642;10693.097;30265.342;-2155.028
3.515291;48369974;366;;;;;;;;;;;;;;
3.517791;48372474;390;;;;;;;;;;;;;;
3.520291;48374974;460;;;;;;;;;;;;;;
3.522791;48377474;570;;;;;;;;;;;;;;
3.53606;48390743;639;;;;;;;;;;;;;;
3.53856;48393243;648;;;;;;;;;;;;;;
3.54106;48395743;600;;;;;;;;;;;;;;
3.54356;48398243;522;48398712;465.697;616.249;631.654;13185.226;14763.889;11770.592;48398276;109.164;953.259;-179.108;11069.754;31318.012;-2703.526
3.54606;48400743;476;;;;;;;;;;;;;;
3.54856;48403243;491;;;;;;;;;;;;;;
3.55106;48405743;569;;;;;;;;;;;;;;
3.552673;48407356;734;;;;;;;;;;;;;;
3.55356;48408243;667;;;;;;;;;;;;;;
3.555173;48409856;735;;;;;;;;;;;;;;
3.557673;48412356;685;;;;;;;;;;;;;;
3.560173;48414856;614;;;;;;;;;;;;;;
3.562673;48417356;555;;;;;;;;;;;;;;
3.565173;48419856;584;;;;;;;;;;;;;;
3.567673;48422356;654;48423281;462.817;621.329;631.987;13893.151;15074.819;11787.125;48422843;105.511;955.238;-189.148;11228.953;31813.611;-3228.975
3.570173;48424856;749;;;;;;;;;;;;;;
3.572673;48427356;827;;;;;;;;;;;;;;
3.575173;48429856;841;;;;;;;;;;;;;;
3.577673;48432356;791;;;;;;;;;;;;;;
3.580173;48434856;714;;;;;;;;;;;;;;
3.581453;48436136;670;;;;;;;;;;;;;;
3.583953;48438636;686;;;;;;;;;;;;;;
3.586453;48441136;777;;;;;;;;;;;;;;
3.588953;48443636;885;;;;;;;;;;;;;;
3.591453;48446136;953;;;;;;;;;;;;;;
3.593953;48448636;959;;;;;;;;;;;;;;
3.596453;48451136;923;;;;;;;;;;;;;;
3.598953;48453636;861;48454085;459.812;626.161;630.778;14010.056;15165.016;11651.456;48453649;102.139;952.36;-198.076;11317.192;31751.555;-3643.276
3.601453;48456136;832;;;;;;;;;;;;;;
3.603953;48458636;861;;;;;;;;;;;;;;
3.606453;48461136;955;;;;;;;;;;;;;;
3.608953;48463636;1078;;;;;;;;;;;;;;
3.610367;48465050;1162;;;;;;;;;;;;;;
3.612867;48467550;1180;;;;;;;;;;;;;;
3.615367;48470050;1148;;;;;;;;;;;;;;
3.617867;48472550;1097;;;;;;;;;;;;;;
3.620367;48475050;1079;;;;;;;;;;;;;;
3.622867;48477550;1117;;;;;;;;;;;;;;
3.625367;48480050;1226;;;;;;;;;;;;;;
3.627867;48482550;1352;;;;;;;;;;;;;;
3.630367;48485050;1447;48484995;458.391;631.532;632.252;13606.615;15070.89;11369.883;48484556;101.235;948.79;-206.899;11483.271;31124.727;-3678.113
3.632867;48487550;1471;;;;;;;;;;;;;;
3.635367;48490050;1439;;;;;;;;;;;;;;
3.637867;48492550;1401;;;;;;;;;;;;;;
3.640367;48495050;1371;;;;;;;;;;;;;;
3.656585;48511268;1704;;;;;;;;;;;;;;
3.659085;48513768;1719;;;;;;;;;;;;;;
3.661585;48516268;1662;;;;;;;;;;;;;;
3.664085;48518768;1594;48518492;455.04;632.749;629.7;12355.784;14890.47;11064.326;48518056;97.588;954.719;-214.079;10486.919;29884.803;-3360.332
3.666585;48521268;1549;;;;;;;;;;;;;;
3.668235;48522918;1407;;;;;;;;;;;;;;
3.669085;48523768;1566;;;;;;;;;;;;;;
3.670735;48525418;1515;;;;;;;;;;;;;;
3.671585;48526268;1647;;;;;;;;;;;;;;
3.673235;48527918;1626;;;;;;;;;;;;;;
3.674085;48528768;1740;;;;;;;;;;;;;;
3.676585;48531268;1801;;;;;;;;;;;;;;
3.678114;48532797;1721;;;;;;;;;;;;;;
3.679085;48533768;1788;;;;;;;;;;;;;;
3.680614;48535297;1624;;;;;;;;;;;;;;
3.683114;48537797;1562;;;;;;;;;;;;;;
3.685614;48540297;1567;;;;;;;;;;;;;;
3.688114;48542797;1641;;;;;;;;;;;;;;
3.690614;48545297;1736;;;;;;;;;;;;;;
3.693114;48547797;1791;;;;;;;;;;;;;;
3.695614;48550297;1801;;;;;;;;48551469;95.21;957.064;-220.632;9007.511;28377.875;-3303.003
3.698114;48552797;1740;48551907;452.254;635.876;630.496;11008.683;14528.759;10605.172;;;;;;;
3.700614;48555297;1662;;;;;;;;;;;;;;
3.703114;48557797;1614;;;;;;;;;;;;;;
3.705614;48560297;1639;;;;;;;;;;;;;;
3.708114;48562797;1720;;;;;;;;;;;;;;
3.711832;48566515;1821;;;;;;;;;;;;;;
3.714332;48569015;1885;;;;;;;;;;;;;;
3.716832;48571515;1886;;;;;;;;;;;;;;
3.719332;48574015;1823;;;;;;;;;;;;;;
3.721832;48576515;1742;;;;;;;;;;;;;;
3.724332;48579015;1692;;;;;;;;;;;;;;
3.726832;48581515;1707;;;;;;;;;;;;;;
3.729332;48584015;1784;48585237;450.106;638.712;631.063;9325.561;13982.57;10027.663;48584801;93.518;953.753;-226.595;7347.447;26523.23;-2898.978
3.731832;48586515;1882;;;;;;;;;;;;;;
3.734332;48589015;1947;;;;;;;;;;;;;;
3.736832;48591515;1944;;;;;;;;;;;;;;
3.739332;48594015;1880;;;;;;;;;;;;;;
3.741832;48596515;1788;;;;;;;;;;;;;;
3.745974;48600657;1975;;;;;;;;;;;;;;
3.748474;48603157;1962;;;;;;;;;;;;;;
3.750974;48605657;1887;;;;;;;;;;;;;;
3.753474;48608157;1790;;;;;;;;;;;;;;
3.755974;48610657;1736;;;;;;;;;;;;;;
3.758474;48613157;1738;;;;;;;;;;;;;;
3.760974;48615657;1803;;;;;;;;;;;;;;
3.763474;48618157;1896;48618485;448.841;640.125;632.206;7517.907;13209.504;9358.718;48618046;92.965;954.756;-230.216;5698.2;24371.943;-2252.216
3.765484;48620167;1737;;;;;;;;;;;;;;
3.765974;48620657;1949;;;;;;;;;;;;;;
3.767984;48622667;1741;;;;;;;;;;;;;;
3.768474;48623157;1935;;;;;;;;;;;;;;
3.770484;48625167;1815;;;;;;;;;;;;;;
3.770974;48625657;1856;;;;;;;;;;;;;;
3.772984;48627667;1913;;;;;;;;;;;;;;
3.773474;48628157;1758;;;;;;;;;;;;;;
3.775974;48630657;1692;;;;;;;;;;;;;;
3.778474;48633157;1694;;;;;;;;;;;;;;
3.780974;48635657;1757;;;;;;;;;;;;;;
3.788036;48642719;1849;;;;;;;;;;;;;;
3.790536;48645219;1901;;;;;;;;;;;;;;
3.793036;48647719;1883;;;;;;;;;;;;;;
3.795536;48650219;1807;;;;;;;;;;;;;;
3.798036;48652719;1710;;;;;;;;;;;;;;
3.800536;48655219;1654;;;;;;;;;;;;;;
3.803036;48657719;1659;;;;;;;;;;;;;;
3.805536;48660219;1725;;;;;;;;48661093;93.703;960.57;-230.009;2730.54;22136.158;-1807.98
3.808036;48662719;1816;48661531;447.633;638.795;632.243;6140.137;12480.341;8710.532;;;;;;;
3.810536;48665219;1870;;;;;;;;;;;;;;
3.813036;48667719;1864;;;;;;;;;;;;;;
3.815536;48670219;1786;;;;;;;;;;;;;;
3.818036;48672719;1691;;;;;;;;;;;;;;
3.8218;48676483;1640;;;;;;;;;;;;;;
3.8243;48678983;1644;;;;;;;;;;;;;;
3.8268;48681483;1721;;;;;;;;;;;;;;
3.8293;48683983;1816;;;;;;;;;;;;;;
3.8318;48686483;1881;;;;;;;;;;;;;;
3.8343;48688983;1870;;;;;;;;;;;;;;
3.8368;48691483;1806;;;;;;;;;;;;;;
3.8393;48693983;1724;48694696;446.699;643.931;638.408;4805.88;11872.073;8164.756;48694254;95.96;965.239;-230.885;-1041.613;19770.662;-1495.769
3.8418;48696483;1675;;;;;;;;;;;;;;
3.8443;48698983;1703;;;;;;;;;;;;;;
3.8468;48701483;1786;;;;;;;;;;;;;;
3.8493;48703983;1886;;;;;;;;;;;;;;
3.851373;48706056;1960;;;;;;;;;;;;;;
3.853873;48708556;1961;;;;;;;;;;;;;;
3.856373;48711056;1902;;;;;;;;;;;;;;
3.858873;48713556;1822;;;;;;;;;;;;;;
3.861373;48716056;1787;;;;;;;;;;;;;;
3.863873;48718556;1816;;;;;;;;;;;;;;
3.866373;48721056;1897;;;;;;;;;;;;;;
3.868873;48723556;2010;;;;;;;;;;;;;;
3.871373;48726056;2077;48726288;445.867;650.476;644.954;3146.773;11345.407;7549.581;48725849;98.189;965.307;-228.686;-5609.969;17362.879;-1006.23
3.873873;48728556;2077;;;;;;;;;;;;;;
3.876373;48731056;2015;;;;;;;;;;;;;;
3.878873;48733556;1932;;;;;;;;;;;;;;
3.881373;48736056;1887;;;;;;;;;;;;;;
3.88495;48739633;1915;;;;;;;;;;;;;;
3.88745;48742133;1996;;;;;;;;;;;;;;
3.88995;48744633;2105;;;;;;;;;;;;;;
3.89245;48747133;2171;;;;;;;;;;;;;;
3.89495;48749633;2172;;;;;;;;;;;;;;
3.89745;48752133;2108;;;;;;;;;;;;;;
3.89995;48754633;2024;;;;;;;;;;;;;;
3.90245;48757133;1979;;;;;;;;;;;;;;
3.90495;48759633;1996;48759536;445.777;650.837;650.032;521.06;10846.824;6790.602;48759094;100.118;963.878;-221.577;-10791.658;14921.047;21.019
3.90745;48762133;2090;;;;;;;;;;;;;;
3.90995;48764633;2202;;;;;;;;;;;;;;
3.91245;48767133;2268;;;;;;;;;;;;;;
3.91495;48769633;2272;;;;;;;;;;;;;;
3.918802;48773485;2216;;;;;;;;;;;;;;
3.921302;48775985;2140;;;;;;;;;;;;;;
3.923802;48778485;2107;;;;;;;;;;;;;;
3.926302;48780985;2142;;;;;;;;;;;;;;
3.928802;48783485;2237;;;;;;;;;;;;;;
3.931302;48785985;2360;;;;;;;;;;;;;;
3.933802;48788485;2439;;;;;;;;;;;;;;
3.936302;48790985;2442;;;;;;;;48792160;100.15;968.083;-217.245;-15656.075;12448.619;995.155
3.938802;48793485;2396;48792598;445.205;644.287;651.471;-2307.618;10294.42;5902.009;;;;;;;
3.941302;48795985;2332;;;;;;;;;;;;;;
3.943802;48798485;2299;;;;;;;;;;;;;;
3.946302;48800985;2334;;;;;;;;;;;;;;
3.948802;48803485;2431;;;;;;;;;;;;;;
3.956461;48811144;2617;;;;;;;;;;;;;;
3.958961;48813644;2615;;;;;;;;;;;;;;
3.961461;48816144;2554;;;;;;;;;;;;;;
3.963961;48818644;2478;;;;;;;;;;;;;;
3.966461;48821144;2444;;;;;;;;;;;;;;
3.968961;48823644;2475;;;;;;;;;;;;;;
3.971461;48826144;2570;48825934;446.069;641.292;657.816;-3170.05;9843.574;4988.721;48825492;98.772;979.623;-208.713;-21302.334;9844.313;1845.335
3.973961;48828644;2672;;;;;;;;;;;;;;
3.976461;48831144;2735;;;;;;;;;;;;;;
3.978961;48833644;2744;;;;;;;;;;;;;;
3.980416;48835099;2542;;;;;;;;;;;;;;
3.981461;48836144;2680;;;;;;;;;;;;;;
3.983961;48838644;2617;;;;;;;;;;;;;;
3.986202;48840885;2575;;;;;;;;;;;;;;
3.988702;48843385;2605;;;;;;;;;;;;;;
3.991202;48845885;2700;;;;;;;;;;;;;;
3.993702;48848385;2811;;;;;;;;;;;;;;
3.996202;48850885;2875;;;;;;;;;;;;;;
3.998702;48853385;2873;;;;;;;;;;;;;;
4.001202;48855885;2823;;;;;;;;;;;;;;
4.003702;48858385;2746;48859080;448.349;626.612;656.913;-6474.36;8780.458;3904.535;48858641;103.49;971.555;-194.172;-27254.279;7235.91;2425.943
4.006202;48860885;2715;;;;;;;;;;;;;;
4.008702;48863385;2748;;;;;;;;;;;;;;
4.011202;48865885;2841;;;;;;;;;;;;;;
4.013702;48868385;2954;;;;;;;;;;;;;;
4.015855;48870538;3017;;;;;;;;;;;;;;
4.018355;48873038;3017;;;;;;;;;;;;;;
4.020855;48875538;2957;;;;;;;;;;;;;;
4.023355;48878038;2894;;;;;;;;;;;;;;
4.025855;48880538;2863;;;;;;;;;;;;;;
4.028355;48883038;2907;;;;;;;;;;;;;;
4.030855;48885538;3006;;;;;;;;;;;;;;
4.033355;48888038;3130;;;;;;;;;;;;;;
4.035855;48890538;3183;48890687;446.909;612.35;653.72;-10058.829;7852.31;2843.495;48890245;104.172;957.772;-174.38;-32657.502;4988.49;3264.959
4.038355;48893038;3183;;;;;;;;;;;;;;
4.040855;48895538;3131;;;;;;;;;;;;;;
4.043355;48898038;3063;;;;;;;;;;;;;;
4.045855;48900538;3032;;;;;;;;;;;;;;
4.046031;48900714;3356;;;;;;;;;;;;;;
4.048531;48903214;3353;;;;;;;;;;;;;;
4.051031;48905714;3288;;;;;;;;;;;;;;
4.053531;48908214;3209;;;;;;;;;;;;;;
4.056031;48910714;3165;;;;;;;;;;;;;;
4.058531;48913214;3196;;;;;;;;;;;;;;
4.061031;48915714;3288;;;;;;;;;;;;;;
4.063531;48918214;3415;;;;;;;;;;;;;;
4.066031;48920714;3464;;;;;;;;;;;;;;
4.068531;48923214;3438;48924010;443.828;591.437;649.832;-12247.388;6824.006;2151.383;48923571;109.284;947.483;-151.594;-36261.062;2818.878;4513.961
4.071031;48925714;3356;;;;;;;;;;;;;;
4.073531;48928214;3261;;;;;;;;;;;;;;
4.073672;48928355;3069;;;;;;;;;;;;;;
4.076031;48930714;3209;;;;;;;;;;;;;;
4.076172;48930855;3176;;;;;;;;;;;;;;
4.078531;48933214;3224;;;;;;;;;;;;;;
4.078672;48933355;3304;;;;;;;;;;;;;;
4.081031;48935714;3294;;;;;;;;;;;;;;
4.083531;48938214;3406;;;;;;;;;;;;;;
4.092424;48947107;3449;;;;;;;;;;;;;;
4.094924;48949607;3416;;;;;;;;;;;;;;
4.097424;48952107;3320;;;;;;;;;;;;;;
4.099924;48954607;3211;;;;;;;;;;;;;;
4.102424;48957107;3147;;;;;;;;;;;;;;
4.104924;48959607;3145;;;;;;;;;;;;;;
4.107424;48962107;3208;;;;;;;;;;;;;;
4.109924;48964607;3292;;;;;;;;;;;;;;
4.112424;48967107;3311;48967232;440.674;587.528;652.232;-13383.269;5978.806;1719.189;48966794;118.271;936.99;-122.957;-37956.32;1369.372;5544.763
4.114924;48969607;3262;;;;;;;;;;;;;;
4.117424;48972107;3161;;;;;;;;;;;;;;
4.119924;48974607;3036;;;;;;;;;;;;;;
4.122424;48977107;2956;;;;;;;;;;;;;;
4.130095;48984778;2942;;;;;;;;;;;;;;
4.132595;48987278;2987;;;;;;;;;;;;;;
4.135095;48989778;3048;;;;;;;;;;;;;;
4.137595;48992278;3054;;;;;;;;;;;;;;
4.140095;48994778;2999;;;;;;;;;;;;;;
4.142595;48997278;2875;;;;;;;;;;;;;;
4.145095;48999778;2749;49000562;439.137;579.855;656.501;-14835.104;5252.428;1358.479;49000126;124.685;930.406;-95.35;-38344.004;287.653;6146.462
4.147595;49002278;2663;;;;;;;;;;;;;;
4.150095;49004778;2631;;;;;;;;;;;;;;
4.151554;49006237;2701;;;;;;;;;;;;;;
4.152595;49007278;2663;;;;;;;;;;;;;;
4.154054;49008737;2633;;;;;;;;;;;;;;
4.155095;49009778;2703;;;;;;;;;;;;;;
4.156554;49011237;2496;;;;;;;;;;;;;;
4.159054;49013737;2364;;;;;;;;;;;;;;
4.161554;49016237;2270;;;;;;;;;;;;;;
4.164054;49018737;2237;;;;;;;;;;;;;;
4.166554;49021237;2263;;;;;;;;;;;;;;
4.169054;49023737;2302;;;;;;;;;;;;;;
4.171554;49026237;2298;;;;;;;;;;;;;;
4.174054;49028737;2222;;;;;;;;;;;;;;
4.176554;49031237;2092;49030426;438.957;568.052;659.623;-15434.724;4534.369;1154.055;49029988;132.768;923.109;-67.176;-38308.055;-510.73;6673.451
4.179054;49033737;1948;;;;;;;;;;;;;;
4.181554;49036237;1850;;;;;;;;;;;;;;
4.184054;49038737;1820;;;;;;;;;;;;;;
4.186554;49041237;1848;;;;;;;;;;;;;;
4.193565;49048248;1895;;;;;;;;;;;;;;
4.196065;49050748;1897;;;;;;;;;;;;;;
4.198565;49053248;1821;;;;;;;;;;;;;;
4.201065;49055748;1702;;;;;;;;;;;;;;
4.203565;49058248;1565;;;;;;;;;;;;;;
4.206065;49060748;1480;;;;;;;;;;;;;;
4.208565;49063248;1463;;;;;;;;;;;;;;
4.211065;49065748;1497;49066959;437.712;558.304;664.859;-15208.55;3927.9;1063.103;49066524;139.8;917.494;-41.26;-37357.34;-672.443;7017.466
4.213565;49068248;1547;;;;;;;;;;;;;;
4.216065;49070748;1560;;;;;;;;;;;;;;
4.218565;49073248;1496;;;;;;;;;;;;;;
4.221065;49075748;1374;;;;;;;;;;;;;;
4.223565;49078248;1258;;;;;;;;;;;;;;
4.227334;49082017;1183;;;;;;;;;;;;;;
4.229834;49084517;1168;;;;;;;;;;;;;;
4.232334;49087017;1212;;;;;;;;;;;;;;
4.234834;49089517;1273;;;;;;;;;;;;;;
4.237334;49092017;1289;;;;;;;;;;;;;;
4.239834;49094517;1231;;;;;;;;;;;;;;
4.242334;49097017;1129;;;;;;;;;;;;;;
4.244834;49099517;1016;49100207;438.885;551.519;672.51;-14651.56;3494.38;1084.76;49099769;148.712;914.936;-15.694;-36062.16;-676.446;7208.217
4.247334;49102017;952;;;;;;;;;;;;;;
4.249834;49104517;944;;;;;;;;;;;;;;
4.252334;49107017;1000;;;;;;;;;;;;;;
4.254834;49109517;1064;;;;;;;;;;;;;;
4.256557;49111240;1083;;;;;;;;;;;;;;
4.259057;49113740;1034;;;;;;;;;;;;;;
4.261557;49116240;928;;;;;;;;;;;;;;
4.264057;49118740;826;;;;;;;;;;;;;;
4.266557;49121240;761;;;;;;;;;;;;;;
4.269057;49123740;765;;;;;;;;;;;;;;
4.271557;49126240;823;;;;;;;;;;;;;;
4.274057;49128740;887;;;;;;;;;;;;;;
4.276557;49131240;907;49131626;439.023;544.933;678.559;-13978.481;3118.411;1065.522;49131191;155.246;913.554;8.393;-34602.926;-544.186;7206.119
4.279057;49133740;861;;;;;;;;;;;;;;
4.281557;49136240;764;;;;;;;;;;;;;;
4.284057;49138740;664;;;;;;;;;;;;;;
4.286557;49141240;604;;;;;;;;;;;;;;
4.289183;49143866;615;;;;;;;;;;;;;;
4.291683;49146366;669;;;;;;;;;;;;;;
4.294183;49148866;734;;;;;;;;;;;;;;
4.296683;49151366;765;;;;;;;;;;;;;;
4.299183;49153866;729;;;;;;;;;;;;;;
4.301683;49156366;634;;;;;;;;;;;;;;
4.304183;49158866;536;;;;;;;;;;;;;;
4.306683;49161366;476;;;;;;;;;;;;;;
4.309183;49163866;491;49163744;439.129;537.804;683.299;-12988.62;2831.241;989.496;49163306;162.197;910.625;31.208;-32922.652;-227.352;7001.125
4.311683;49166366;555;;;;;;;;;;;;;;
4.314183;49168866;633;;;;;;;;;;;;;;
4.316683;49171366;665;;;;;;;;;;;;;;
4.319183;49173866;631;;;;;;;;;;;;;;
4.321687;49176370;538;;;;;;;;;;;;;;
4.324187;49178870;441;;;;;;;;;;;;;;
4.326687;49181370;392;;;;;;;;;;;;;;
4.329187;49183870;408;;;;;;;;;;;;;;
4.331687;49186370;473;;;;;;;;;;;;;;
4.334187;49188870;556;;;;;;;;;;;;;;
4.336687;49191370;589;;;;;;;;;;;;;;
4.339187;49193870;557;;;;;;;;;;;;;;
4.341687;49196370;473;49195679;439.114;530.879;688.302;-11330.751;2633.241;1138.208;49195243;168.812;903.798;53.963;-30409.395;330.016;6678.194
4.344187;49198870;378;;;;;;;;;;;;;;
4.346687;49201370;332;;;;;;;;;;;;;;
4.349187;49203870;358;;;;;;;;;;;;;;
4.351687;49206370;426;;;;;;;;;;;;;;
4.357984;49212667;552;;;;;;;;;;;;;;
4.360484;49215167;522;;;;;;;;;;;;;;
4.362984;49217667;431;;;;;;;;;;;;;;
4.365484;49220167;345;;;;;;;;;;;;;;
4.367984;49222667;299;;;;;;;;;;;;;;
4.370484;49225167;315;;;;;;;;;;;;;;
4.372984;49227667;391;49227625;438.637;525.026;692.5;-9222.9;2494.142;1401.111;49227187;174.731;895.867;74.865;-27113.986;1133.39;6349.534
4.375484;49230167;471;;;;;;;;;;;;;;
4.377984;49232667;507;;;;;;;;;;;;;;
4.380484;49235167;472;;;;;;;;;;;;;;
4.382025;49236708;508;;;;;;;;;;;;;;
4.382984;49237667;381;;;;;;;;;;;;;;
4.385484;49240167;295;;;;;;;;;;;;;;
4.386499;49241182;250;;;;;;;;;;;;;;
4.388999;49243682;263;;;;;;;;;;;;;;
4.391499;49246182;332;;;;;;;;;;;;;;
4.393999;49248682;411;;;;;;;;;;;;;;
4.396499;49251182;443;;;;;;;;;;;;;;
4.398999;49253682;411;;;;;;;;;;;;;;
4.401499;49256182;318;;;;;;;;;;;;;;
4.403999;49258682;222;49259559;438.384;518.582;692.48;-6496.817;2252.185;1773.805;49259121;180.275;890.279;91.911;-22741.725;2131.97;6038.62
4.406499;49261182;175;;;;;;;;;;;;;;
4.408999;49263682;191;;;;;;;;;;;;;;
4.411499;49266182;266;;;;;;;;;;;;;;
4.413999;49268682;344;;;;;;;;;;;;;;
4.414979;49269662;377;;;;;;;;;;;;;;
4.417479;49272162;335;;;;;;;;;;;;;;
4.419979;49274662;248;;;;;;;;;;;;;;
4.422479;49277162;153;;;;;;;;;;;;;;
4.424979;49279662;96;;;;;;;;;;;;;;
4.427479;49282162;121;;;;;;;;;;;;;;
4.429979;49284662;187;;;;;;;;;;;;;;
4.432479;49287162;266;;;;;;;;;;;;;;
4.434979;49289662;298;49289952;438.437;514.869;691.894;-2830.352;1945.763;2095.927;49289509;184.833;885.213;103.938;-17714.389;3325.184;5370.064
4.437479;49292162;263;;;;;;;;;;;;;;
4.439979;49294662;170;;;;;;;;;;;;;;
4.442479;49297162;74;;;;;;;;;;;;;;
4.443126;49297809;235;;;;;;;;;;;;;;
4.444979;49299662;26;;;;;;;;;;;;;;
4.445626;49300309;201;;;;;;;;;;;;;;
4.448126;49302809;120;;;;;;;;;;;;;;
4.450626;49305309;25;;;;;;;;;;;;;;
4.453126;49307809;7;;;;;;;;;;;;;;
4.455626;49310309;25;;;;;;;;;;;;;;
4.458126;49312809;88;;;;;;;;;;;;;;
4.460626;49315309;188;;;;;;;;;;;;;;
4.463126;49317809;232;;;;;;;;;;;;;;
4.465626;49320309;201;;;;;;;;49321272;187.304;876.461;115.388;-11629.42;4684.05;4552.498
4.468126;49322809;121;49321710;438.097;519.4;691.887;1021.166;1666.474;2202.443;;;;;;;
4.470626;49325309;38;;;;;;;;;;;;;;
4.47116;49325843;43;;;;;;;;;;;;;;
4.473126;49327809;17;;;;;;;;;;;;;;
4.47366;49328343;119;;;;;;;;;;;;;;
4.475626;49330309;29;;;;;;;;;;;;;;
4.47616;49330843;200;;;;;;;;;;;;;;
4.478126;49332809;109;;;;;;;;;;;;;;
4.480626;49335309;205;;;;;;;;;;;;;;
4.487073;49341756;251;;;;;;;;;;;;;;
4.489573;49344256;221;;;;;;;;;;;;;;
4.492073;49346756;151;;;;;;;;;;;;;;
4.494573;49349256;64;;;;;;;;;;;;;;
4.497073;49351756;33;;;;;;;;;;;;;;
4.499573;49354256;63;;;;;;;;;;;;;;
4.502073;49356756;151;;;;;;;;;;;;;;
4.504573;49359256;249;;;;;;;;;;;;;;
4.507073;49361756;295;49362244;437.347;521.374;690.232;5923.483;1472.463;2364.884;49361805;187.095;878.717;115.767;-3963.512;6225.66;3557.061
4.509573;49364256;269;;;;;;;;;;;;;;
4.512073;49366756;190;;;;;;;;;;;;;;
4.514573;49369256;119;;;;;;;;;;;;;;
4.517073;49371756;88;;;;;;;;;;;;;;
4.522998;49377681;123;;;;;;;;;;;;;;
4.525498;49380181;217;;;;;;;;;;;;;;
4.527998;49382681;316;;;;;;;;;;;;;;
4.530498;49385181;375;;;;;;;;;;;;;;
4.532998;49387681;359;;;;;;;;;;;;;;
4.535498;49390181;296;;;;;;;;;;;;;;
4.537998;49392681;223;49393749;436.433;518.443;686.477;9314.996;1468.403;2498.202;49393314;186.219;889.889;106.978;4426.852;7384.376;1799.833
4.540498;49395181;203;;;;;;;;;;;;;;
4.542998;49397681;251;;;;;;;;;;;;;;
4.543246;49397929;509;;;;;;;;;;;;;;
4.545498;49400181;350;;;;;;;;;;;;;;
4.545746;49400429;493;;;;;;;;;;;;;;
4.547998;49402681;454;;;;;;;;;;;;;;
4.548246;49402929;432;;;;;;;;;;;;;;
4.550746;49405429;375;;;;;;;;;;;;;;
4.553246;49407929;349;;;;;;;;;;;;;;
4.555746;49410429;396;;;;;;;;;;;;;;
4.558246;49412929;495;;;;;;;;;;;;;;
4.560746;49415429;606;;;;;;;;;;;;;;
4.563246;49417929;665;;;;;;;;;;;;;;
4.565746;49420429;654;;;;;;;;;;;;;;
4.568246;49422929;600;49422400;439.42;530.133;692.669;12094.621;1468.045;2498.854;49421961;184.203;893.383;97.902;10954.384;8175.408;-164.409
4.570746;49425429;538;;;;;;;;;;;;;;
4.573246;49427929;523;;;;;;;;;;;;;;
4.575746;49430429;573;;;;;;;;;;;;;;
4.578246;49432929;671;;;;;;;;;;;;;;
4.583796;49438479;778;;;;;;;;;;;;;;
4.586296;49440979;839;;;;;;;;;;;;;;
4.588796;49443479;824;;;;;;;;;;;;;;
4.591296;49445979;764;;;;;;;;;;;;;;
4.593796;49448479;701;;;;;;;;;;;;;;
4.596296;49450979;686;;;;;;;;;;;;;;
4.598796;49453479;734;;;;;;;;;;;;;;
4.601296;49455979;839;;;;;;;;49456935;180.63;892.463;93.08;15410.789;8678.387;-1964.376
4.603796;49458479;936;49457371;440.068;540.092;688.658;13915.39;1371.018;2502.099;;;;;;;
4.606296;49460979;984;;;;;;;;;;;;;;
4.608796;49463479;967;;;;;;;;;;;;;;
4.611296;49465979;895;;;;;;;;;;;;;;
4.613796;49468479;825;;;;;;;;;;;;;;
4.616243;49470926;797;;;;;;;;;;;;;;
4.618743;49473426;840;;;;;;;;;;;;;;
4.621243;49475926;922;;;;;;;;;;;;;;
4.623743;49478426;1017;;;;;;;;;;;;;;
4.626243;49480926;1055;;;;;;;;;;;;;;
4.628743;49483426;1038;;;;;;;;;;;;;;
4.631243;49485926;966;;;;;;;;;;;;;;
4.633743;49488426;891;49489316;440.055;548.041;686.347;15155.995;1104.717;2509.119;49488878;179.937;891.443;82.094;19434.812;8846.029;-3181.72
4.636243;49490926;858;;;;;;;;;;;;;;
4.638743;49493426;892;;;;;;;;;;;;;;
4.641243;49495926;975;;;;;;;;;;;;;;
4.643743;49498426;1068;;;;;;;;;;;;;;
4.644895;49499578;1102;;;;;;;;;;;;;;
4.647395;49502078;1066;;;;;;;;;;;;;;
4.649895;49504578;983;;;;;;;;;;;;;;
4.652395;49507078;893;;;;;;;;;;;;;;
4.654895;49509578;845;;;;;;;;;;;;;;
4.657395;49512078;862;;;;;;;;;;;;;;
4.659895;49514578;927;;;;;;;;;;;;;;
4.662395;49517078;1000;;;;;;;;;;;;;;
4.664895;49519578;1022;49520049;441.818;560.77;686.715;16580.008;540.231;2678.538;49519607;175.771;897.842;69.626;23758.572;9001.353;-4023.196
4.667395;49522078;985;;;;;;;;;;;;;;
4.669895;49524578;893;;;;;;;;;;;;;;
4.672395;49527078;808;;;;;;;;;;;;;;
4.674895;49529578;765;;;;;;;;;;;;;;
4.677491;49532174;791;;;;;;;;;;;;;;
4.679991;49534674;860;;;;;;;;;;;;;;
4.682491;49537174;935;;;;;;;;;;;;;;
4.684991;49539674;958;;;;;;;;;;;;;;
4.687491;49542174;920;;;;;;;;;;;;;;
4.689991;49544674;822;;;;;;;;;;;;;;
4.692491;49547174;735;;;;;;;;;;;;;;
4.694991;49549674;696;;;;;;;;;;;;;;
4.697491;49552174;716;49552247;443.145;567.148;681.201;17643.195;77.907;2784.799;49551809;173.803;907.191;58.929;27631.205;8738.098;-5021.224
4.699991;49554674;792;;;;;;;;;;;;;;
4.702491;49557174;863;;;;;;;;;;;;;;
4.704991;49559674;891;;;;;;;;;;;;;;
4.707491;49562174;856;;;;;;;;;;;;;;
4.70994;49564623;766;;;;;;;;;;;;;;
4.71244;49567123;682;;;;;;;;;;;;;;
4.71494;49569623;639;;;;;;;;;;;;;;
4.71744;49572123;667;;;;;;;;;;;;;;
4.71994;49574623;745;;;;;;;;;;;;;;
4.72244;49577123;827;;;;;;;;;;;;;;
4.72494;49579623;857;;;;;;;;;;;;;;
4.72744;49582123;823;;;;;;;;;;;;;;
4.72994;49584623;735;49584008;445.833;574.36;677.458;18198.223;-118.051;2724.746;49583573;170.584;909.113;45.783;31465.52;8704.567;-6241.038
4.73244;49587123;651;;;;;;;;;;;;;;
4.73494;49589623;619;;;;;;;;;;;;;;
4.73744;49592123;649;;;;;;;;;;;;;;
4.73994;49594623;729;;;;;;;;;;;;;;
4.746314;49600997;845;;;;;;;;;;;;;;
4.748814;49603497;813;;;;;;;;;;;;;;
4.751314;49605997;730;;;;;;;;;;;;;;
4.753814;49608497;652;;;;;;;;;;;;;;
4.756314;49610997;618;;;;;;;;;;;;;;
4.758814;49613497;653;;;;;;;;;;;;;;
4.761314;49615997;743;49615954;448.033;582.138;673.933;18858.061;-326.086;2635.321;49615516;166.801;909.572;31.367;35457.68;8725.214;-7188.548
4.763814;49618497;827;;;;;;;;;;;;;;
4.766314;49620997;862;;;;;;;;;;;;;;
4.768814;49623497;841;;;;;;;;;;;;;;
4.770373;49625056;810;;;;;;;;;;;;;;
4.771314;49625997;764;;;;;;;;;;;;;;
4.773814;49628497;686;;;;;;;;;;;;;;
4.774809;49629492;653;;;;;;;;;;;;;;
4.777309;49631992;699;;;;;;;;;;;;;;
4.779809;49634492;781;;;;;;;;;;;;;;
4.782309;49636992;873;;;;;;;;;;;;;;
4.784809;49639492;907;;;;;;;;;;;;;;
4.787309;49641992;876;;;;;;;;;;;;;;
4.789809;49644492;798;;;;;;;;;;;;;;
4.792309;49646992;720;49647889;449.208;589.704;669.37;20149.471;-541.657;2630.43;49647450;165.421;911.582;14.134;38254.047;8479.703;-7967.058
4.794809;49649492;687;;;;;;;;;;;;;;
4.797309;49651992;729;;;;;;;;;;;;;;
4.799809;49654492;814;;;;;;;;;;;;;;
4.802309;49656992;906;;;;;;;;;;;;;;
4.803203;49657886;941;;;;;;;;;;;;;;
4.805703;49660386;919;;;;;;;;;;;;;;
4.808203;49662886;842;;;;;;;;;;;;;;
4.810703;49665386;764;;;;;;;;;;;;;;
4.813203;49667886;743;;;;;;;;;;;;;;
4.815703;49670386;781;;;;;;;;;;;;;;
4.818203;49672886;863;;;;;;;;;;;;;;
4.820703;49675386;955;;;;;;;;;;;;;;
4.823203;49677886;990;49678281;449.811;595.074;661.393;20990.871;-840.511;2641.971;49677839;161.389;908.532;-6.251;41269.781;8359.78;-8675.143
4.825703;49680386;957;;;;;;;;;;;;;;
4.828203;49682886;874;;;;;;;;;;;;;;
4.830703;49685386;797;;;;;;;;;;;;;;
4.833203;49687886;764;;;;;;;;;;;;;;
4.847873;49702556;1001;;;;;;;;;;;;;;
4.850373;49705056;966;;;;;;;;;;;;;;
4.852873;49707556;878;;;;;;;;;;;;;;
4.855373;49710056;799;49710215;451.318;598.547;649.625;21666.828;-1043.048;2641.56;49709776;154.961;911.991;-32.266;45270.918;8486.041;-9164.948
4.857873;49712556;775;;;;;;;;;;;;;;
4.859809;49714492;798;;;;;;;;;;;;;;
4.860373;49715056;808;;;;;;;;;;;;;;
4.862309;49716992;880;;;;;;;;;;;;;;
4.862873;49717556;879;;;;;;;;;;;;;;
4.864809;49719492;960;;;;;;;;;;;;;;
4.865373;49720056;968;;;;;;;;;;;;;;
4.867873;49722556;992;;;;;;;;;;;;;;
4.868518;49723201;871;;;;;;;;;;;;;;
4.870373;49725056;954;;;;;;;;;;;;;;
4.871018;49725701;782;;;;;;;;;;;;;;
4.873518;49728201;746;;;;;;;;;;;;;;
4.876018;49730701;778;;;;;;;;;;;;;;
4.878518;49733201;860;;;;;;;;;;;;;;
4.881018;49735701;936;;;;;;;;;;;;;;
4.883518;49738201;968;;;;;;;;;;;;;;
4.886018;49740701;924;;;;;;;;;;;;;;
4.888518;49743201;846;49742412;453.232;612.625;647.723;22355.361;-1327.771;2516.044;49741974;151.788;914.301;-53.845;47999.684;8171.989;-9408.451
4.891018;49745701;763;;;;;;;;;;;;;;
4.893518;49748201;730;;;;;;;;;;;;;;
4.896018;49750701;764;;;;;;;;;;;;;;
4.898518;49753201;844;;;;;;;;;;;;;;
4.901236;49755919;927;;;;;;;;;;;;;;
4.903736;49758419;959;;;;;;;;;;;;;;
4.906236;49760919;923;;;;;;;;;;;;;;
4.908736;49763419;840;;;;;;;;;;;;;;
4.911236;49765919;750;;;;;;;;;;;;;;
4.913736;49768419;715;;;;;;;;;;;;;;
4.916236;49770919;745;;;;;;;;;;;;;;
4.918736;49773419;827;49774527;452.469;616.789;636.76;22879.531;-1407.507;2382.367;49774091;147.95;916.044;-75.62;52349.012;8051.702;-10195.403
4.921236;49775919;906;;;;;;;;;;;;;;
4.923736;49778419;937;;;;;;;;;;;;;;
4.926236;49780919;892;;;;;;;;;;;;;;
4.928736;49783419;809;;;;;;;;;;;;;;
4.931236;49785919;727;;;;;;;;;;;;;;
4.950033;49804716;893;;;;;;;;;;;;;;
4.952533;49807216;856;49806733;453.001;628.051;630.188;23605.867;-1601.382;2341.124;49806294;145.237;904.773;-95.147;54125.809;7901.992;-10641.133
4.953885;49808568;686;;;;;;;;;;;;;;
4.955033;49809716;752;;;;;;;;;;;;;;
4.956385;49811068;716;;;;;;;;;;;;;;
4.957533;49812216;666;;;;;;;;;;;;;;
4.958885;49813568;794;;;;;;;;;;;;;;
4.960033;49814716;633;;;;;;;;;;;;;;
4.961385;49816068;875;;;;;;;;;;;;;;
4.962533;49817216;654;;;;;;;;;;;;;;
4.962692;49817375;824;;;;;;;;;;;;;;
4.965033;49819716;729;;;;;;;;;;;;;;
4.965192;49819875;776;;;;;;;;;;;;;;
4.967533;49822216;799;;;;;;;;;;;;;;
4.967692;49822375;683;;;;;;;;;;;;;;
4.970192;49824875;591;;;;;;;;;;;;;;
4.972692;49827375;556;;;;;;;;;;;;;;
4.975192;49829875;584;;;;;;;;;;;;;;
4.977692;49832375;664;;;;;;;;;;;;;;
4.980192;49834875;729;;;;;;;;;;;;;;
4.982692;49837375;745;49837370;454.196;626.435;614.563;23553.449;-1582.563;2110.755;49836931;140.714;902.424;-123.409;57049.266;7929.08;-11574.701
4.985192;49839875;700;;;;;;;;;;;;;;
4.987692;49842375;590;;;;;;;;;;;;;;
4.990192;49844875;508;;;;;;;;;;;;;;
4.992692;49847375;480;;;;;;;;;;;;;;
4.995443;49850126;511;;;;;;;;;;;;;;
4.997943;49852626;591;;;;;;;;;;;;;;
5.000443;49855126;669;;;;;;;;;;;;;;
5.002943;49857626;697;;;;;;;;;;;;;;
5.005443;49860126;651;;;;;;;;;;;;;;
5.007943;49862626;572;;;;;;;;;;;;;;
5.010443;49865126;491;;;;;;;;;;;;;;
5.012943;49867626;461;;;;;;;;;;;;;;
5.015443;49870126;505;49869674;454.27;628.596;600.842;25468.902;-1394.497;1994.717;49869225;134.868;904.334;-150.124;59030.301;7971.875;-12969.966
5.017943;49872626;585;;;;;;;;;;;;;;
5.020443;49875126;669;;;;;;;;;;;;;;
5.022943;49877626;699;;;;;;;;;;;;;;
5.025443;49880126;666;;;;;;;;;;;;;;
5.044233;49898916;587;;;;;;;;;;;;;;
5.046733;49901416;509;49901948;454.687;637.725;592.68;26892.645;-1288.022;2101.481;49901510;129.039;895.54;-176.119;60638.41;8406.719;-14342.28
5.049233;49903916;489;;;;;;;;;;;;;;
5.051733;49906416;527;;;;;;;;;;;;;;
5.052459;49907142;719;;;;;;;;;;;;;;
5.054233;49908916;619;;;;;;;;;;;;;;
5.054959;49909642;702;;;;;;;;;;;;;;
5.056733;49911416;702;;;;;;;;;;;;;;
5.057459;49912142;633;;;;;;;;;;;;;;
5.059959;49914642;566;;;;;;;;;;;;;;
5.060919;49915602;751;;;;;;;;;;;;;;
5.062459;49917142;539;;;;;;;;;;;;;;
5.063419;49918102;782;;;;;;;;;;;;;;
5.064959;49919642;585;;;;;;;;;;;;;;
5.065919;49920602;751;;;;;;;;;;;;;;
5.067459;49922142;668;;;;;;;;;;;;;;
5.068419;49923102;679;;;;;;;;;;;;;;
5.070919;49925602;604;;;;;;;;;;;;;;
5.073419;49928102;584;;;;;;;;;;;;;;
5.075919;49930602;621;;;;;;;;;;;;;;
5.078419;49933102;717;49934232;456.115;640.078;576.741;28128.387;-880.621;2062.47;49933794;122.02;885.838;-204.968;61883.488;8517.945;-15653.416
5.080919;49935602;810;;;;;;;;;;;;;;
5.083419;49938102;827;;;;;;;;;;;;;;
5.085919;49940602;793;;;;;;;;;;;;;;
5.088419;49943102;711;;;;;;;;;;;;;;
5.090919;49945602;636;;;;;;;;;;;;;;
5.093694;49948377;606;;;;;;;;;;;;;;
5.096194;49950877;648;;;;;;;;;;;;;;
5.098694;49953377;733;;;;;;;;;;;;;;
5.101194;49955877;812;;;;;;;;;;;;;;
5.103694;49958377;842;;;;;;;;;;;;;;
5.106194;49960877;799;;;;;;;;;;;;;;
5.108694;49963377;718;;;;;;;;;;;;;;
5.111194;49965877;647;49966433;457.923;648.109;568.18;29707.467;-564.028;2086.221;49965998;118.072;876.511;-232.515;63534.438;8635.86;-17346.559
5.113694;49968377;617;;;;;;;;;;;;;;
5.116194;49970877;654;;;;;;;;;;;;;;
5.118694;49973377;743;;;;;;;;;;;;;;
5.121194;49975877;824;;;;;;;;;;;;;;
5.138275;49992958;855;;;;;;;;;;;;;;
5.140775;49995458;810;;;;;;;;49996644;111.833;866.864;-257.252;64201.152;8909.317;-18685.105
5.143275;49997958;730;49997082;459.628;662.179;562.14;31019.469;-430.826;2149.473;;;;;;;
5.145775;50000458;652;;;;;;;;;;;;;;
5.148275;50002958;631;;;;;;;;;;;;;;
5.150441;50005124;860;;;;;;;;;;;;;;
5.150775;50005458;667;;;;;;;;;;;;;;
5.152941;50007624;825;;;;;;;;;;;;;;
5.153275;50007958;759;;;;;;;;;;;;;;
5.155441;50010124;734;;;;;;;;;;;;;;
5.157941;50012624;665;;;;;;;;;;;;;;
5.160441;50015124;636;;;;;;;;;;;;;;
5.162941;50017624;681;;;;;;;;;;;;;;
5.165441;50020124;763;50019901;459.375;674.472;553.492;31243.869;289.403;1904.187;50019466;107.279;858.163;-282.856;64323.094;8956.039;-19745.412
5.167941;50022624;843;;;;;;;;;;;;;;
5.170441;50025124;871;;;;;;;;;;;;;;
5.172941;50027624;827;;;;;;;;;;;;;;
5.1745;50029183;840;;;;;;;;;;;;;;
5.175441;50030124;745;;;;;;;;;;;;;;
5.177941;50032624;665;;;;;;;;;;;;;;
5.179112;50033795;638;;;;;;;;;;;;;;
5.181612;50036295;680;;;;;;;;;;;;;;
5.184112;50038795;764;;;;;;;;;;;;;;
5.186612;50041295;843;;;;;;;;;;;;;;
5.189112;50043795;872;;;;;;;;;;;;;;
5.191612;50046295;828;;;;;;;;;;;;;;
5.194112;50048795;746;;;;;;;;;;;;;;
5.196612;50051295;671;50052015;461.514;682.15;544.398;30776.301;962.245;1776.602;50051576;102.421;849.982;-308.613;62678.438;9162.737;-20435.516
5.199112;50053795;651;;;;;;;;;;;;;;
5.201612;50056295;687;;;;;;;;;;;;;;
5.204112;50058795;777;;;;;;;;;;;;;;
5.206612;50061295;861;;;;;;;;;;;;;;
5.207695;50062378;892;;;;;;;;;;;;;;
5.210195;50064878;857;;;;;;;;;;;;;;
5.212695;50067378;777;;;;;;;;;;;;;;
5.215195;50069878;701;;;;;;;;;;;;;;
5.217695;50072378;685;;;;;;;;;;;;;;
5.220195;50074878;732;;;;;;;;;;;;;;
5.222695;50077378;826;;;;;;;;;;;;;;
5.225195;50079878;911;;;;;;;;;;;;;;
5.227695;50082378;942;50082571;462.082;688.79;535.429;30215.736;1446.57;1728.022;50082136;97.611;835.793;-334.199;60332.453;9342.913;-20892.49
5.230195;50084878;909;;;;;;;;;;;;;;
5.232695;50087378;830;;;;;;;;;;;;;;
5.235195;50089878;775;;;;;;;;;;;;;;
5.237695;50092378;759;;;;;;;;;;;;;;
5.252343;50107026;1021;;;;;;;;;;;;;;
5.254843;50109526;991;;;;;;;;;;;;;;
5.257343;50112026;923;;;;;;;;;;;;;;
5.259843;50114526;858;50114691;462.42;694.678;525.658;29711.199;1778.054;1589.121;50114252;94.036;820.258;-358.414;58074.453;9546.893;-21050.99
5.262343;50117026;846;;;;;;;;;;;;;;
5.264289;50118972;809;;;;;;;;;;;;;;
5.264843;50119526;906;;;;;;;;;;;;;;
5.266789;50121472;903;;;;;;;;;;;;;;
5.267343;50122026;1004;;;;;;;;;;;;;;
5.269289;50123972;998;;;;;;;;;;;;;;
5.269843;50124526;1096;;;;;;;;;;;;;;
5.272343;50127026;1131;;;;;;;;;;;;;;
5.273426;50128109;1023;;;;;;;;;;;;;;
5.274843;50129526;1102;;;;;;;;;;;;;;
5.275926;50130609;968;;;;;;;;;;;;;;
5.278426;50133109;966;;;;;;;;;;;;;;
5.280926;50135609;1018;;;;;;;;;;;;;;
5.283426;50138109;1118;;;;;;;;;;;;;;
5.285926;50140609;1211;;;;;;;;;;;;;;
5.288426;50143109;1245;;;;;;;;;;;;;;
5.290926;50145609;1211;;;;;;;;50146795;86.675;808.342;-379.637;55711.043;10048.235;-20756.629
5.293426;50148109;1146;50147234;471.458;710.464;535.06;29498.326;2276.714;1213.915;;;;;;;
5.295926;50150609;1085;;;;;;;;;;;;;;
5.298426;50153109;1081;;;;;;;;;;;;;;
5.300926;50155609;1134;;;;;;;;;;;;;;
5.303426;50158109;1241;;;;;;;;;;;;;;
5.307106;50161789;1326;;;;;;;;;;;;;;
5.309606;50164289;1368;;;;;;;;;;;;;;
5.312106;50166789;1337;;;;;;;;;;;;;;
5.314606;50169289;1261;;;;;;;;;;;;;;
5.317106;50171789;1208;;;;;;;;;;;;;;
5.319606;50174289;1198;;;;;;;;;;;;;;
5.322106;50176789;1258;;;;;;;;;;;;;;
5.324606;50179289;1358;50180399;471.511;714.511;523.99;28723.41;2548.753;1256.907;50179957;82.865;794.112;-402.775;53381.363;10203.386;-20389.047
5.327106;50181789;1448;;;;;;;;;;;;;;
5.329606;50184289;1486;;;;;;;;;;;;;;
5.332106;50186789;1452;;;;;;;;;;;;;;
5.334606;50189289;1384;;;;;;;;;;;;;;
5.337106;50191789;1322;;;;;;;;;;;;;;
5.357375;50212058;1598;;;;;;;;50213283;79.058;781.472;-422.945;51055.293;10164.404;-19930.469
5.359875;50214558;1564;50213722;471.054;720.778;513.437;27869.99;2694.316;1277.186;;;;;;;
5.360882;50215565;1310;;;;;;;;;;;;;;
5.362375;50217058;1486;;;;;;;;;;;;;;
5.363382;50218065;1372;;;;;;;;;;;;;;
5.364875;50219558;1422;;;;;;;;;;;;;;
5.365882;50220565;1478;;;;;;;;;;;;;;
5.367375;50222058;1418;;;;;;;;;;;;;;
5.368382;50223065;1565;;;;;;;;;;;;;;
5.369875;50224558;1470;;;;;;;;;;;;;;
5.370594;50225277;1694;;;;;;;;;;;;;;
5.372375;50227058;1579;;;;;;;;;;;;;;
5.373094;50227777;1661;;;;;;;;;;;;;;
5.374875;50229558;1670;;;;;;;;;;;;;;
5.375594;50230277;1591;;;;;;;;;;;;;;
5.378094;50232777;1517;;;;;;;;;;;;;;
5.380594;50235277;1511;;;;;;;;;;;;;;
5.383094;50237777;1566;;;;;;;;;;;;;;
5.385594;50240277;1672;;;;;;;;;;;;;;
5.388094;50242777;1757;;;;;;;;;;;;;;
5.390594;50245277;1790;50245403;470.639;728.086;503.833;26384.178;2899.1;1260.139;50244965;74.928;770.519;-442.686;48572.965;10268.246;-19203.883
5.393094;50247777;1744;;;;;;;;;;;;;;
5.395594;50250277;1662;;;;;;;;;;;;;;
5.398094;50252777;1598;;;;;;;;;;;;;;
5.400594;50255277;1583;;;;;;;;;;;;;;
5.404446;50259129;1641;;;;;;;;;;;;;;
5.406946;50261629;1741;;;;;;;;;;;;;;
5.409446;50264129;1821;;;;;;;;;;;;;;
5.411946;50266629;1852;;;;;;;;;;;;;;
5.414446;50269129;1807;;;;;;;;;;;;;;
5.416946;50271629;1723;;;;;;;;;;;;;;
5.419446;50274129;1656;;;;;;;;;;;;;;
5.421946;50276629;1640;;;;;;;;;;;;;;
5.424446;50279129;1692;50278733;470.897;732.326;494.55;24543.469;3139.145;1334.507;50278297;71.584;759.163;-463.222;45726.504;10257.521;-18238.0
5.426946;50281629;1789;;;;;;;;;;;;;;
5.429446;50284129;1879;;;;;;;;;;;;;;
5.431946;50286629;1899;;;;;;;;;;;;;;
5.434446;50289129;1853;;;;;;;;;;;;;;
5.447023;50301706;1944;;;;;;;;;;;;;;
5.449523;50304206;1900;;;;;;;;;;;;;;
5.452023;50306706;1807;;;;;;;;;;;;;;
5.454235;50308918;1772;;;;;;;;;;;;;;
5.454523;50309206;1740;;;;;;;;;;;;;;
5.456735;50311418;1702;;;;;;;;;;;;;;
5.457023;50311706;1726;50312067;470.068;735.988;485.426;22716.92;3253.875;1417.845;50311629;67.865;747.77;-482.065;42851.742;10106.458;-17148.037
5.459235;50313918;1678;;;;;;;;;;;;;;
5.459523;50314206;1784;;;;;;;;;;;;;;
5.461735;50316418;1737;;;;;;;;;;;;;;
5.462023;50316706;1880;;;;;;;;;;;;;;
5.464235;50318918;1834;;;;;;;;;;;;;;
5.464523;50319206;1965;;;;;;;;;;;;;;
5.466735;50321418;1916;;;;;;;;;;;;;;
5.467023;50321706;1995;;;;;;;;;;;;;;
5.469523;50324206;1950;;;;;;;;;;;;;;
5.472023;50326706;1868;;;;;;;;;;;;;;
5.474523;50329206;1803;;;;;;;;;;;;;;
5.477023;50331706;1786;;;;;;;;;;;;;;
5.480967;50335650;1839;;;;;;;;;;;;;;
5.483467;50338150;1944;;;;;;;;;;;;;;
5.485967;50340650;2029;;;;;;;;;;;;;;
5.488467;50343150;2060;;;;;;;;;;;;;;
5.490967;50345650;2013;;;;;;;;;;;;;;
5.493467;50348150;1930;;;;;;;;;;;;;;
5.495967;50350650;1865;;;;;;;;;;;;;;
5.498467;50353150;1849;;;;;;;;;;;;;;
5.500967;50355650;1911;50355287;470.483;736.277;474.105;20746.324;3524.744;1397.265;50354849;62.245;737.27;-498.204;39961.031;10199.197;-16199.635
5.503467;50358150;2009;;;;;;;;;;;;;;
5.505967;50360650;2095;;;;;;;;;;;;;;
5.508467;50363150;2122;;;;;;;;;;;;;;
5.510967;50365650;2076;;;;;;;;;;;;;;
5.514823;50369506;1992;;;;;;;;;;;;;;
5.517323;50372006;1917;;;;;;;;;;;;;;
5.519823;50374506;1913;;;;;;;;;;;;;;
5.522323;50377006;1964;;;;;;;;;;;;;;
5.524823;50379506;2064;;;;;;;;;;;;;;
5.527323;50382006;2157;;;;;;;;;;;;;;
5.529823;50384506;2188;;;;;;;;;;;;;;
5.532323;50387006;2142;;;;;;;;50388184;59.785;735.5;-512.925;36244.918;10114.925;-15022.591
5.534823;50389506;2060;50388626;470.56;740.717;467.81;18842.32;3959.694;1580.277;;;;;;;
5.537323;50392006;1994;;;;;;;;;;;;;;
5.539823;50394506;1978;;;;;;;;;;;;;;
5.542323;50397006;2043;;;;;;;;;;;;;;
5.544823;50399506;2151;;;;;;;;;;;;;;
5.552574;50407257;2266;;;;;;;;;;;;;;
5.555074;50409757;2222;;;;;;;;;;;;;;
5.557574;50412257;2138;;;;;;;;;;;;;;
5.560074;50414757;2064;;;;;;;;;;;;;;
5.562574;50417257;2058;;;;;;;;;;;;;;
5.565074;50419757;2120;;;;;;;;;;;;;;
5.567574;50422257;2222;50421949;471.365;745.765;464.238;16282.766;4338.334;1817.138;50421510;58.425;739.083;-525.013;30516.172;9827.054;-13901.773
5.570074;50424757;2314;;;;;;;;;;;;;;
5.572574;50427257;2332;;;;;;;;;;;;;;
5.575074;50429757;2294;;;;;;;;;;;;;;
5.576547;50431230;2238;;;;;;;;;;;;;;
5.577574;50432257;2205;;;;;;;;;;;;;;
5.580074;50434757;2137;;;;;;;;;;;;;;
5.582303;50436986;2125;;;;;;;;;;;;;;
5.584803;50439486;2186;;;;;;;;;;;;;;
5.587303;50441986;2287;;;;;;;;;;;;;;
5.589803;50444486;2375;;;;;;;;;;;;;;
5.592303;50446986;2394;;;;;;;;;;;;;;
5.594803;50449486;2346;;;;;;;;;;;;;;
5.597303;50451986;2252;;;;;;;;;;;;;;
5.599803;50454486;2185;50455187;471.672;753.477;462.553;13175.252;5063.792;1966.031;50454749;55.473;754.259;-547.593;22069.988;9536.951;-12378.935
5.602303;50456986;2168;;;;;;;;;;;;;;
5.604803;50459486;2217;;;;;;;;;;;;;;
5.607303;50461986;2315;;;;;;;;;;;;;;
5.609803;50464486;2394;;;;;;;;;;;;;;
5.611819;50466502;2413;;;;;;;;;;;;;;
5.614319;50469002;2365;;;;;;;;;;;;;;
5.616819;50471502;2280;;;;;;;;;;;;;;
5.619319;50474002;2204;;;;;;;;;;;;;;
5.621819;50476502;2199;;;;;;;;;;;;;;
5.624319;50479002;2250;;;;;;;;;;;;;;
5.626819;50481502;2348;;;;;;;;;;;;;;
5.629319;50484002;2429;;;;;;;;;;;;;;
5.631819;50486502;2441;50486786;470.262;761.473;462.587;8025.989;5703.978;1903.167;50486350;56.164;756.038;-557.796;11145.926;8276.104;-10448.362
5.634319;50489002;2395;;;;;;;;;;;;;;
5.636819;50491502;2312;;;;;;;;;;;;;;
5.639319;50494002;2235;;;;;;;;;;;;;;
5.641819;50496502;2220;;;;;;;;;;;;;;
5.657512;50512195;2476;;;;;;;;;;;;;;
5.660012;50514695;2428;;;;;;;;;;;;;;
5.662512;50517195;2343;;;;;;;;;;;;;;
5.665012;50519695;2269;50519947;468.16;761.769;457.91;3592.252;5972.216;1569.134;50519508;53.197;752.853;-565.323;238.691;6789.548;-8356.194
5.667512;50522195;2254;;;;;;;;;;;;;;
5.669171;50523854;2281;;;;;;;;;;;;;;
5.670012;50524695;2317;;;;;;;;;;;;;;
5.671671;50526354;2378;;;;;;;;;;;;;;
5.672512;50527195;2415;;;;;;;;;;;;;;
5.674171;50528854;2459;;;;;;;;;;;;;;
5.675012;50529695;2494;;;;;;;;;;;;;;
5.677512;50532195;2520;;;;;;;;;;;;;;
5.678695;50533378;2390;;;;;;;;;;;;;;
5.680012;50534695;2473;;;;;;;;;;;;;;
5.681195;50535878;2318;;;;;;;;;;;;;;
5.683695;50538378;2314;;;;;;;;;;;;;;
5.686195;50540878;2375;;;;;;;;;;;;;;
5.688695;50543378;2475;;;;;;;;;;;;;;
5.691195;50545878;2555;;;;;;;;;;;;;;
5.693695;50548378;2583;;;;;;;;;;;;;;
5.696195;50550878;2537;;;;;;;;;;;;;;
5.698695;50553378;2456;50552836;470.091;758.713;457.408;-26.11;5691.105;1100.864;50552397;53.728;751.945;-566.843;-8975.181;5229.446;-6380.447
5.701195;50555878;2394;;;;;;;;;;;;;;
5.703695;50558378;2393;;;;;;;;;;;;;;
5.706195;50560878;2456;;;;;;;;;;;;;;
5.708695;50563378;2556;;;;;;;;;;;;;;
5.712361;50567044;2638;;;;;;;;;;;;;;
5.714861;50569544;2665;;;;;;;;;;;;;;
5.717361;50572044;2618;;;;;;;;;;;;;;
5.719861;50574544;2536;;;;;;;;;;;;;;
5.722361;50577044;2474;;;;;;;;;;;;;;
5.724861;50579544;2463;;;;;;;;;;;;;;
5.727361;50582044;2525;;;;;;;;;;;;;;
5.729861;50584544;2623;;;;;;;;50585385;53.982;755.303;-564.749;-15781.047;3655.036;-4915.174
5.732361;50587044;2703;50585827;467.339;759.372;457.992;-2209.68;5406.988;501.571;;;;;;;
5.734861;50589544;2728;;;;;;;;;;;;;;
5.737361;50592044;2683;;;;;;;;;;;;;;
5.739861;50594544;2616;;;;;;;;;;;;;;
5.742361;50597044;2559;;;;;;;;;;;;;;
5.746559;50601242;2840;;;;;;;;;;;;;;
5.749059;50603742;2781;;;;;;;;;;;;;;
5.751559;50606242;2698;;;;;;;;;;;;;;
5.754059;50608742;2631;;;;;;;;;;;;;;
5.756559;50611242;2621;;;;;;;;;;;;;;
5.759059;50613742;2686;;;;;;;;;;;;;;
5.761559;50616242;2793;;;;;;;;;;;;;;
5.764059;50618742;2872;50618976;464.98;762.383;459.858;-3987.883;5075.388;-104.945;50618538;48.885;759.17;-557.258;-21125.307;1860.534;-3392.791
5.766057;50620740;2573;;;;;;;;;;;;;;
5.766559;50621242;2905;;;;;;;;;;;;;;
5.768557;50623240;2639;;;;;;;;;;;;;;
5.769059;50623742;2862;;;;;;;;;;;;;;
5.771057;50625740;2748;;;;;;;;;;;;;;
5.771559;50626242;2794;;;;;;;;;;;;;;
5.773557;50628240;2826;;;;;;;;;;;;;;
5.774059;50628742;2744;;;;;;;;;;;;;;
5.776559;50631242;2752;;;;;;;;;;;;;;
5.779059;50633742;2825;;;;;;;;;;;;;;
5.781559;50636242;2927;;;;;;;;;;;;;;
5.788633;50643316;3017;;;;;;;;;;;;;;
5.791133;50645816;3032;;;;;;;;;;;;;;
5.793633;50648316;2989;;;;;;;;;;;;;;
5.796133;50650816;2911;;;;;;;;;;;;;;
5.798633;50653316;2856;;;;;;;;;;;;;;
5.801133;50655816;2848;;;;;;;;;;;;;;
5.803633;50658316;2910;;;;;;;;;;;;;;
5.806133;50660816;3005;;;;;;;;50661674;50.15;771.488;-545.194;-25711.041;353.945;-1937.338
5.808633;50663316;3079;50662112;465.192;765.811;470.464;-6035.489;4808.494;-840.385;;;;;;;
5.811133;50665816;3082;;;;;;;;;;;;;;
5.813633;50668316;3019;;;;;;;;;;;;;;
5.816133;50670816;2934;;;;;;;;;;;;;;
5.818633;50673316;2859;;;;;;;;;;;;;;
5.822487;50677170;2847;;;;;;;;;;;;;;
5.824987;50679670;2893;;;;;;;;;;;;;;
5.827487;50682170;2999;;;;;;;;;;;;;;
5.829987;50684670;3065;;;;;;;;;;;;;;
5.832487;50687170;3070;;;;;;;;;;;;;;
5.834987;50689670;3006;;;;;;;;;;;;;;
5.837487;50692170;2937;;;;;;;;;;;;;;
5.839987;50694670;2875;50695268;462.038;765.151;471.939;-8494.34;4644.631;-1611.678;50694833;47.471;786.032;-531.616;-30276.613;-1059.377;-485.096
5.842487;50697170;2877;;;;;;;;;;;;;;
5.844987;50699670;2951;;;;;;;;;;;;;;
5.847487;50702170;3052;;;;;;;;;;;;;;
5.849987;50704670;3144;;;;;;;;;;;;;;
5.852165;50706848;3160;;;;;;;;;;;;;;
5.854665;50709348;3116;;;;;;;;;;;;;;
5.857165;50711848;3039;;;;;;;;;;;;;;
5.859665;50714348;2988;;;;;;;;;;;;;;
5.862165;50716848;3002;;;;;;;;;;;;;;
5.864665;50719348;3071;;;;;;;;;;;;;;
5.867165;50721848;3184;;;;;;;;;;;;;;
5.869665;50724348;3273;;;;;;;;;;;;;;
5.872165;50726848;3290;50726958;458.401;764.659;474.511;-10527.498;4457.462;-2394.282;50726520;44.744;797.971;-514.96;-35137.156;-2412.533;468.846
5.874665;50729348;3245;;;;;;;;;;;;;;
5.877165;50731848;3176;;;;;;;;;;;;;;
5.879665;50734348;3126;;;;;;;;;;;;;;
5.882165;50736848;3131;;;;;;;;;;;;;;
5.886075;50740758;3207;;;;;;;;;;;;;;
5.888575;50743258;3310;;;;;;;;;;;;;;
5.891075;50745758;3400;;;;;;;;;;;;;;
5.893575;50748258;3416;;;;;;;;;;;;;;
5.896075;50750758;3368;;;;;;;;;;;;;;
5.898575;50753258;3278;;;;;;;;;;;;;;
5.901075;50755758;3228;;;;;;;;;;;;;;
5.903575;50758258;3241;;;;;;;;;;;;;;
5.906075;50760758;3307;50760282;453.177;767.082;480.773;-12448.061;4057.839;-3060.755;50759846;50.955;798.155;-494.117;-40174.672;-3757.532;1775.404
5.908575;50763258;3408;;;;;;;;;;;;;;
5.911075;50765758;3484;;;;;;;;;;;;;;
5.913575;50768258;3485;;;;;;;;;;;;;;
5.916075;50770758;3431;;;;;;;;;;;;;;
5.919994;50774677;3327;;;;;;;;;;;;;;
5.922494;50777177;3257;;;;;;;;;;;;;;
5.924994;50779677;3245;;;;;;;;;;;;;;
5.927494;50782177;3293;;;;;;;;;;;;;;
5.929994;50784677;3384;;;;;;;;;;;;;;
5.932494;50787177;3438;;;;;;;;;;;;;;
5.934994;50789677;3432;;;;;;;;;;;;;;
5.937494;50792177;3354;;;;;;;;50793265;53.483;798.947;-469.466;-43715.625;-4938.155;2939.196
5.939994;50794677;3242;50793703;449.788;760.759;486.655;-15197.47;3671.635;-3749.905;;;;;;;
5.942494;50797177;3151;;;;;;;;;;;;;;
5.944994;50799677;3128;;;;;;;;;;;;;;
5.947494;50802177;3160;;;;;;;;;;;;;;
5.949994;50804677;3226;;;;;;;;;;;;;;
5.957914;50812597;3246;;;;;;;;;;;;;;
5.960414;50815097;3151;;;;;;;;;;;;;;
5.962914;50817597;3035;;;;;;;;;;;;;;
5.965414;50820097;2942;;;;;;;;;;;;;;
5.967914;50822597;2921;;;;;;;;;;;;;;
5.970414;50825097;2953;;;;;;;;;;;;;;
5.972914;50827597;3020;50827113;446.935;758.083;494.786;-17567.908;3197.115;-4331.534;50826678;55.689;806.787;-442.814;-46398.344;-6296.435;4025.549
5.975414;50830097;3065;;;;;;;;;;;;;;
5.977914;50832597;3048;;;;;;;;;;;;;;
5.980414;50835097;2958;;;;;;;;;;;;;;
5.98187;50836553;3263;;;;;;;;;;;;;;
5.982914;50837597;2845;;;;;;;;;;;;;;
5.985414;50840097;2763;;;;;;;;;;;;;;
5.987831;50842514;2734;;;;;;;;;;;;;;
5.990331;50845014;2766;;;;;;;;;;;;;;
5.992831;50847514;2841;;;;;;;;;;;;;;
5.995331;50850014;2876;;;;;;;;;;;;;;
5.997831;50852514;2857;;;;;;;;;;;;;;
6.000331;50855014;2764;;;;;;;;;;;;;;
6.002831;50857514;2646;;;;;;;;;;;;;;
6.005331;50860014;2552;50860529;443.266;750.49;498.308;-19840.824;2605.447;-4894.583;50860091;59.931;801.931;-411.67;-48973.176;-7452.488;5209.833
6.007831;50862514;2523;;;;;;;;;;;;;;
6.010331;50865014;2543;;;;;;;;;;;;;;
6.012831;50867514;2606;;;;;;;;;;;;;;
6.015331;50870014;2651;;;;;;;;;;;;;;
6.017573;50872256;2618;;;;;;;;;;;;;;
6.020073;50874756;2523;;;;;;;;;;;;;;
6.022573;50877256;2397;;;;;;;;;;;;;;
6.025073;50879756;2302;;;;;;;;;;;;;;
6.027573;50882256;2270;;;;;;;;;;;;;;
6.030073;50884756;2312;;;;;;;;;;;;;;
6.032573;50887256;2367;;;;;;;;;;;;;;
6.035073;50889756;2408;;;;;;;;;;;;;;
6.037573;50892256;2379;50892300;443.398;735.493;500.397;-20491.596;2090.175;-5022.604;50891865;69.434;796.202;-381.546;-48903.203;-7781.614;5922.779
6.040073;50894756;2284;;;;;;;;;;;;;;
6.042573;50897256;2157;;;;;;;;;;;;;;
6.045073;50899756;2059;;;;;;;;;;;;;;
6.047573;50902256;2027;;;;;;;;;;;;;;
6.047824;50902507;2136;;;;;;;;;;;;;;
6.050324;50905007;2040;;;;;;;;;;;;;;
6.052824;50907507;1913;;;;;;;;;;;;;;
6.055324;50910007;1819;;;;;;;;;;;;;;
6.057824;50912507;1790;;;;;;;;;;;;;;
6.060324;50915007;1834;;;;;;;;;;;;;;
6.062824;50917507;1900;;;;;;;;;;;;;;
6.065324;50920007;1947;;;;;;;;;;;;;;
6.067824;50922507;1929;;;;;;;;;;;;;;
6.070324;50925007;1834;50925722;441.175;725.509;507.201;-19953.953;1680.729;-5006.411;50925284;75.197;805.411;-354.911;-46922.668;-7722.846;6617.578
6.072824;50927507;1712;;;;;;;;;;;;;;
6.075324;50930007;1629;;;;;;;;;;;;;;
6.075472;50930155;2058;;;;;;;;;;;;;;
6.077824;50932507;1608;;;;;;;;;;;;;;
6.077972;50932655;2123;;;;;;;;;;;;;;
6.080324;50935007;1645;;;;;;;;;;;;;;
6.080472;50935155;2168;;;;;;;;;;;;;;
6.082824;50937507;1723;;;;;;;;;;;;;;
6.085324;50940007;1772;;;;;;;;;;;;;;
6.094304;50948987;1754;;;;;;;;;;;;;;
6.096804;50951487;1672;;;;;;;;;;;;;;
6.099304;50953987;1558;;;;;;;;;;;;;;
6.101804;50956487;1471;;;;;;;;;;;;;;
6.104304;50958987;1456;;;;;;;;;;;;;;
6.106804;50961487;1512;;;;;;;;;;;;;;
6.109304;50963987;1584;;;;;;;;;;;;;;
6.111804;50966487;1641;;;;;;;;;;;;;;
6.114304;50968987;1626;50969036;440.088;719.282;516.416;-20140.568;1302.692;-5019.027;50968590;80.929;810.354;-324.532;-45900.848;-7835.891;6681.324
6.116804;50971487;1546;;;;;;;;;;;;;;
6.119304;50973987;1435;;;;;;;;;;;;;;
6.121804;50976487;1358;;;;;;;;;;;;;;
6.124304;50978987;1353;;;;;;;;;;;;;;
6.132241;50986924;1403;;;;;;;;;;;;;;
6.134741;50989424;1483;;;;;;;;;;;;;;
6.137241;50991924;1545;;;;;;;;;;;;;;
6.139741;50994424;1532;;;;;;;;;;;;;;
6.142241;50996924;1465;;;;;;;;;;;;;;
6.144741;50999424;1368;;;;;;;;;;;;;;
6.147241;51001924;1303;51002454;439.214;712.568;526.237;-20084.664;1105.432;-4865.638;51002012;86.185;812.207;-298.454;-44240.18;-7574.909;7011.382
6.149741;51004424;1303;;;;;;;;;;;;;;
6.152241;51006924;1356;;;;;;;;;;;;;;
6.153743;51008426;1514;;;;;;;;;;;;;;
6.154741;51009424;1450;;;;;;;;;;;;;;
6.156243;51010926;1451;;;;;;;;;;;;;;
6.157241;51011924;1515;;;;;;;;;;;;;;
6.158743;51013426;1367;;;;;;;;;;;;;;
6.161243;51015926;1295;;;;;;;;;;;;;;
6.163743;51018426;1307;;;;;;;;;;;;;;
6.166243;51020926;1372;;;;;;;;;;;;;;
6.168743;51023426;1477;;;;;;;;;;;;;;
6.171243;51025926;1546;;;;;;;;;;;;;;
6.173743;51028426;1547;;;;;;;;;;;;;;
6.176243;51030926;1484;;;;;;;;51032129;91.63;824.953;-274.955;-42420.609;-7628.851;7334.125
6.178743;51033426;1403;51032567;437.359;703.45;534.195;-20047.742;830.536;-4663.919;;;;;;;
6.181243;51035926;1353;;;;;;;;;;;;;;
6.183743;51038426;1368;;;;;;;;;;;;;;
6.186243;51040926;1438;;;;;;;;;;;;;;
6.188743;51043426;1546;;;;;;;;;;;;;;
6.195899;51050582;1626;;;;;;;;;;;;;;
6.198399;51053082;1640;;;;;;;;;;;;;;
6.200899;51055582;1593;;;;;;;;;;;;;;
6.203399;51058082;1512;;;;;;;;;;;;;;
6.205899;51060582;1465;;;;;;;;;;;;;;
6.208399;51063082;1485;;;;;;;;;;;;;;
6.210899;51065582;1576;;;;;;;;;;;;;;
6.213399;51068082;1688;51069199;436.835;696.484;543.018;-19731.355;468.759;-4606.161;51068757;97.455;833.116;-249.538;-41504.016;-7686.221;7200.606
6.215899;51070582;1770;;;;;;;;;;;;;;
6.218399;51073082;1786;;;;;;;;;;;;;;
6.220899;51075582;1737;;;;;;;;;;;;;;
6.223399;51078082;1659;;;;;;;;;;;;;;
6.225899;51080582;1611;;;;;;;;;;;;;;
6.229787;51084470;1631;;;;;;;;;;;;;;
6.232287;51086970;1720;;;;;;;;;;;;;;
6.234787;51089470;1830;;;;;;;;;;;;;;
6.237287;51091970;1912;;;;;;;;;;;;;;
6.239787;51094470;1916;;;;;;;;;;;;;;
6.242287;51096970;1854;;;;;;;;;;;;;;
6.243593;51098276;1982;;;;;;;;;;;;;;
6.244787;51099470;1772;;;;;;;;;;;;;;
6.246093;51100776;1916;;;;;;;;;;;;;;
6.247287;51101970;1721;51102522;437.295;686.56;548.209;-19007.287;185.009;-4473.853;51102083;100.555;836.222;-224.165;-40987.188;-7406.91;7191.451
6.248593;51103276;1817;;;;;;;;;;;;;;
6.249787;51104470;1736;;;;;;;;;;;;;;
6.251093;51105776;1753;;;;;;;;;;;;;;
6.252287;51106970;1807;;;;;;;;;;;;;;
6.253593;51108276;1756;;;;;;;;;;;;;;
6.254787;51109470;1914;;;;;;;;;;;;;;
6.256093;51110776;1820;;;;;;;;;;;;;;
6.257287;51111970;1982;;;;;;;;;;;;;;
6.258593;51113276;1914;;;;;;;;;;;;;;
6.261093;51115776;1979;;;;;;;;;;;;;;
6.263593;51118276;1963;;;;;;;;;;;;;;
6.266093;51120776;1886;;;;;;;;;;;;;;
6.268593;51123276;1784;;;;;;;;;;;;;;
6.271093;51125776;1707;;;;;;;;;;;;;;
6.273593;51128276;1706;;;;;;;;;;;;;;
6.276093;51130776;1767;;;;;;;;;;;;;;
6.278593;51133276;1851;51134300;432.053;673.984;546.584;-18519.797;-35.117;-4030.097;51133857;108.612;834.091;-199.702;-39425.641;-6988.439;7068.566
6.281093;51135776;1900;;;;;;;;;;;;;;
6.283593;51138276;1897;;;;;;;;;;;;;;
6.286093;51140776;1819;;;;;;;;;;;;;;
6.288593;51143276;1711;;;;;;;;;;;;;;
6.291093;51145776;1646;;;;;;;;;;;;;;
6.306621;51161304;1644;;;;;;;;;;;;;;
6.309121;51163804;1707;;;;;;;;;;;;;;
6.311621;51166304;1792;;;;;;;;;;;;;;
6.314121;51168804;1855;;;;;;;;;;;;;;
6.316621;51171304;1846;;;;;;;;;;;;;;
6.319121;51173804;1768;;;;;;;;;;;;;;
6.321621;51176304;1662;;;;;;;;;;;;;;
6.324121;51178804;1595;51179250;431.538;664.862;549.998;-16540.307;-499.736;-3302.28;51178812;115.18;827.986;-175.998;-36145.797;-6700.267;6596.138
6.326621;51181304;1596;;;;;;;;;;;;;;
6.329121;51183804;1660;;;;;;;;;;;;;;
6.331621;51186304;1743;;;;;;;;;;;;;;
6.334121;51188804;1804;;;;;;;;;;;;;;
6.348468;51203151;1788;;;;;;;;;;;;;;
6.349849;51204532;1740;;;;;;;;;;;;;;
6.350968;51205651;1711;;;;;;;;;;;;;;
6.352349;51207032;1660;;;;;;;;;;;;;;
6.353468;51208151;1612;;;;;;;;;;;;;;
6.354849;51209532;1563;;;;;;;;;;;;;;
6.355968;51210651;1546;51211115;430.536;657.867;553.053;-14317.229;-951.624;-2679.103;51210673;119.644;821.668;-159.347;-31224.383;-6213.003;6328.456
6.357349;51212032;1502;;;;;;;;;;;;;;
6.358468;51213151;1533;;;;;;;;;;;;;;
6.359849;51214532;1512;;;;;;;;;;;;;;
6.360968;51215651;1609;;;;;;;;;;;;;;
6.362349;51217032;1579;;;;;;;;;;;;;;
6.363468;51218151;1694;;;;;;;;;;;;;;
6.364849;51219532;1674;;;;;;;;;;;;;;
6.365968;51220651;1752;;;;;;;;;;;;;;
6.367349;51222032;1738;;;;;;;;;;;;;;
6.369849;51224532;1735;;;;;;;;;;;;;;
6.372349;51227032;1659;;;;;;;;;;;;;;
6.374849;51229532;1567;;;;;;;;;;;;;;
6.377349;51232032;1513;;;;;;;;;;;;;;
6.379849;51234532;1527;;;;;;;;;;;;;;
6.382349;51237032;1607;51236366;432.092;651.472;558.2;-11393.742;-1456.168;-2106.336;51235928;125.594;822.65;-144.999;-25110.102;-5882.228;5985.345
6.384849;51239532;1706;;;;;;;;;;;;;;
6.387349;51242032;1774;;;;;;;;;;;;;;
6.388592;51243275;1628;;;;;;;;;;;;;;
6.389849;51244532;1776;;;;;;;;;;;;;;
6.391092;51245775;1577;;;;;;;;;;;;;;
6.392349;51247032;1710;;;;;;;;;;;;;;
6.393592;51248275;1596;;;;;;;;;;;;;;
6.396092;51250775;1679;;;;;;;;;;;;;;
6.398592;51253275;1786;;;;;;;;;;;;;;
6.401092;51255775;1865;;;;;;;;;;;;;;
6.403592;51258275;1867;;;;;;;;;;;;;;
6.406092;51260775;1805;;;;;;;;;;;;;;
6.408592;51263275;1725;;;;;;;;;;;;;;
6.411092;51265775;1688;;;;;;;;;;;;;;
6.413592;51268275;1710;;;;;;;;;;;;;;
6.416092;51270775;1801;;;;;;;;;;;;;;
6.418592;51273275;1920;;;;;;;;;;;;;;
6.421092;51275775;1999;;;;;;;;;;;;;;
6.423592;51278275;2012;51278207;429.928;650.125;560.498;-8296.617;-1980.547;-1708.331;51277765;128.574;831.544;-136.273;-17856.908;-5899.179;5145.328
6.426092;51280775;1963;;;;;;;;;;;;;;
6.428592;51283275;1887;;;;;;;;;;;;;;
6.431092;51285775;1851;;;;;;;;;;;;;;
6.433592;51288275;1884;;;;;;;;;;;;;;
6.443795;51298478;2201;;;;;;;;;;;;;;
6.446295;51300978;2152;;;;;;;;;;;;;;
6.448795;51303478;2077;;;;;;;;;;;;;;
6.451295;51305978;2041;;;;;;;;;;;;;;
6.453795;51308478;2077;;;;;;;;;;;;;;
6.456295;51310978;2185;;;;;;;;;;;;;;
6.458795;51313478;2314;;;;;;;;;;;;;;
6.461295;51315978;2400;;;;;;;;;;;;;;
6.463795;51318478;2415;;;;;;;;;;;;;;
6.466295;51320978;2377;51321600;427.616;651.73;564.29;-5596.286;-2445.02;-1247.102;51321161;128.367;842.134;-134.108;-11179.875;-6365.908;3608.812
6.468795;51323478;2302;;;;;;;;;;;;;;
6.471295;51325978;2268;;;;;;;;;;;;;;
6.471448;51326131;1982;;;;;;;;;;;;;;
6.473795;51328478;2299;;;;;;;;;;;;;;
6.473948;51328631;2105;;;;;;;;;;;;;;
6.476295;51330978;2394;;;;;;;;;;;;;;
6.476448;51331131;2189;;;;;;;;;;;;;;
6.478795;51333478;2506;;;;;;;;;;;;;;
6.481295;51335978;2576;;;;;;;;;;;;;;
6.490185;51344868;2584;;;;;;;;;;;;;;
6.492685;51347368;2510;;;;;;;;;;;;;;
6.495185;51349868;2428;;;;;;;;;;;;;;
6.497685;51352368;2364;;;;;;;;;;;;;;
6.500185;51354868;2383;;;;;;;;;;;;;;
6.502685;51357368;2461;;;;;;;;;;;;;;
6.505185;51359868;2556;;;;;;;;;;;;;;
6.507685;51362368;2618;;;;;;;;;;;;;;
6.510185;51364868;2606;51364996;428.372;653.053;568.619;-4255.972;-2820.206;-645.747;51364558;126.066;847.991;-128.61;-2867.506;-6745.425;1378.683
6.512685;51367368;2536;;;;;;;;;;;;;;
6.515185;51369868;2442;;;;;;;;;;;;;;
6.517685;51372368;2382;;;;;;;;;;;;;;
6.520185;51374868;2395;;;;;;;;;;;;;;
6.527934;51382617;2462;;;;;;;;;;;;;;
6.530434;51385117;2553;;;;;;;;;;;;;;
6.532934;51387617;2615;;;;;;;;;;;;;;
6.535434;51390117;2590;;;;;;;;;;;;;;
6.537934;51392617;2510;;;;;;;;;;;;;;
6.540434;51395117;2414;;;;;;;;;;;;;;
6.542934;51397617;2347;51398326;431.524;660.581;573.525;-2491.361;-2929.008;-347.46;51397890;123.484;858.857;-134.367;6146.182;-6766.466;-464.313
6.545434;51400117;2348;;;;;;;;;;;;;;
6.547934;51402617;2409;;;;;;;;;;;;;;
6.549481;51404164;2504;;;;;;;;;;;;;;
6.550434;51405117;2488;;;;;;;;;;;;;;
6.551981;51406664;2408;;;;;;;;;;;;;;
6.552934;51407617;2526;;;;;;;;;;;;;;
6.554481;51409164;2296;;;;;;;;;;;;;;
6.556981;51411664;2220;;;;;;;;;;;;;;
6.559481;51414164;2216;;;;;;;;;;;;;;
6.561981;51416664;2250;;;;;;;;;;;;;;
6.564481;51419164;2344;;;;;;;;;;;;;;
6.566981;51421664;2378;;;;;;;;;;;;;;
6.569481;51424164;2345;;;;;;;;;;;;;;
6.571981;51426664;2250;;;;;;;;51427839;118.078;879.482;-145.87;14363.998;-7308.393;-2279.91
6.574481;51429164;2127;51428277;430.615;660.437;573.153;-836.855;-2903.308;-140.649;;;;;;;
6.576981;51431664;2046;;;;;;;;;;;;;;
6.579481;51434164;2038;;;;;;;;;;;;;;
6.581981;51436664;2090;;;;;;;;;;;;;;
6.584481;51439164;2158;;;;;;;;;;;;;;
6.591515;51446198;2201;;;;;;;;;;;;;;
6.594015;51448698;2170;;;;;;;;;;;;;;
6.596515;51451198;2064;;;;;;;;;;;;;;
6.599015;51453698;1950;;;;;;;;;;;;;;
6.601515;51456198;1881;;;;;;;;;;;;;;
6.604015;51458698;1880;;;;;;;;;;;;;;
6.606515;51461198;1942;;;;;;;;;;;;;;
6.609015;51463698;2026;51464897;429.568;666.284;578.588;381.425;-2449.705;-381.679;51464461;111.924;892.47;-156.04;21672.172;-7824.098;-4463.665
6.611515;51466198;2074;;;;;;;;;;;;;;
6.614015;51468698;2044;;;;;;;;;;;;;;
6.616515;51471198;1962;;;;;;;;;;;;;;
6.619015;51473698;1850;;;;;;;;;;;;;;
6.621515;51476198;1782;;;;;;;;;;;;;;
6.625349;51480032;1785;;;;;;;;;;;;;;
6.627849;51482532;1848;;;;;;;;;;;;;;
6.630349;51485032;1927;;;;;;;;;;;;;;
6.632849;51487532;1966;;;;;;;;;;;;;;
6.635349;51490032;1944;;;;;;;;;;;;;;
6.637849;51492532;1851;;;;;;;;;;;;;;
6.640349;51495032;1742;;;;;;;;;;;;;;
6.642849;51497532;1676;51498144;428.677;674.816;581.153;2172.729;-1842.032;-690.72;51497706;104.218;904.607;-169.131;26473.375;-7880.018;-5534.169
6.645349;51500032;1676;;;;;;;;;;;;;;
6.647849;51502532;1738;;;;;;;;;;;;;;
6.650349;51505032;1819;;;;;;;;;;;;;;
6.652849;51507532;1852;;;;;;;;;;;;;;
6.655089;51509772;1819;;;;;;;;;;;;;;
6.657589;51512272;1722;;;;;;;;;;;;;;
6.660089;51514772;1608;;;;;;;;;;;;;;
6.662589;51517272;1534;;;;;;;;;;;;;;
6.665089;51519772;1534;;;;;;;;;;;;;;
6.667589;51522272;1595;;;;;;;;;;;;;;
6.670089;51524772;1672;;;;;;;;;;;;;;
6.672589;51527272;1707;;;;;;;;;;;;;;
6.675089;51529772;1676;51529824;429.252;680.298;584.163;2720.78;-1347.43;-1138.309;51529388;104.112;901.613;-182.018;29007.143;-7932.704;-6189.773
6.677589;51532272;1584;;;;;;;;;;;;;;
6.680089;51534772;1484;;;;;;;;;;;;;;
6.682589;51537272;1432;;;;;;;;;;;;;;
6.685089;51539772;1435;;;;;;;;;;;;;;
6.688949;51543632;1500;;;;;;;;;;;;;;
6.691449;51546132;1592;;;;;;;;;;;;;;
6.693949;51548632;1640;;;;;;;;;;;;;;
6.696449;51551132;1613;;;;;;;;;;;;;;
6.698949;51553632;1534;;;;;;;;;;;;;;
6.701449;51556132;1439;;;;;;;;;;;;;;
6.703949;51558632;1391;;;;;;;;;;;;;;
6.706449;51561132;1415;;;;;;;;;;;;;;
6.708949;51563632;1484;51563245;432.952;678.138;588.297;2389.178;-549.434;-1687.769;51562806;103.482;904.375;-198.83;30432.473;-7907.069;-7407.597
6.711449;51566132;1582;;;;;;;;;;;;;;
6.713949;51568632;1640;;;;;;;;;;;;;;
6.716449;51571132;1624;;;;;;;;;;;;;;
6.718949;51573632;1548;;;;;;;;;;;;;;
6.722709;51577392;1465;;;;;;;;;;;;;;
6.725209;51579892;1419;;;;;;;;;;;;;;
6.727709;51582392;1437;;;;;;;;;;;;;;
6.730209;51584892;1518;;;;;;;;;;;;;;
6.732709;51587392;1628;;;;;;;;;;;;;;
6.735209;51589892;1678;;;;;;;;;;;;;;
6.737709;51592392;1663;;;;;;;;;;;;;;
6.740209;51594892;1597;;;;;;;;51596133;104.908;896.72;-212.325;28771.287;-7927.34;-8093.342
6.742709;51597392;1512;51596568;434.612;675.298;588.663;2344.094;138.663;-2263.13;;;;;;;
6.744453;51599136;1693;;;;;;;;;;;;;;
6.745209;51599892;1466;;;;;;;;;;;;;;
6.746953;51601636;1614;;;;;;;;;;;;;;
6.747709;51602392;1484;;;;;;;;;;;;;;
6.749453;51604136;1529;;;;;;;;;;;;;;
6.750209;51604892;1564;;;;;;;;;;;;;;
6.751953;51606636;1480;;;;;;;;;;;;;;
6.752709;51607392;1658;;;;;;;;;;;;;;
6.754453;51609136;1498;;;;;;;;;;;;;;
6.756953;51611636;1575;;;;;;;;;;;;;;
6.759453;51614136;1671;;;;;;;;;;;;;;
6.761953;51616636;1721;;;;;;;;;;;;;;
6.764453;51619136;1696;;;;;;;;;;;;;;
6.766953;51621636;1614;;;;;;;;;;;;;;
6.769453;51624136;1527;;;;;;;;;;;;;;
6.771953;51626636;1470;;;;;;;;;;;;;;
6.774453;51629136;1487;51629817;434.268;670.478;586.503;2282.89;685.605;-2520.974;51629378;105.348;881.975;-225.328;26839.66;-7483.723;-8343.175
6.776953;51631636;1561;;;;;;;;;;;;;;
6.779453;51634136;1656;;;;;;;;;;;;;;
6.781953;51636636;1704;;;;;;;;;;;;;;
6.784386;51639069;1719;;;;;;;;;;;;;;
6.784453;51639136;1679;;;;;;;;;;;;;;
6.786953;51641636;1596;;;;;;;;;;;;;;
6.799044;51653727;1499;;;;;;;;;;;;;;
6.801544;51656227;1450;;;;;;;;;;;;;;
6.804044;51658727;1464;;;;;;;;;;;;;;
6.806544;51661227;1532;;;;;;;;;;;;;;
6.809044;51663727;1628;;;;;;;;;;;;;;
6.811544;51666227;1675;;;;;;;;;;;;;;
6.814044;51668727;1656;;;;;;;;;;;;;;
6.816544;51671227;1567;;;;;;;;;;;;;;
6.819044;51673727;1480;51672949;434.094;664.666;583.895;2884.495;569.074;-2306.988;51672511;105.515;872.518;-237.144;24810.365;-6752.1;-8089.204
6.821544;51676227;1421;;;;;;;;;;;;;;
6.824044;51678727;1436;;;;;;;;;;;;;;
6.826544;51681227;1513;;;;;;;;;;;;;;
6.829044;51683727;1609;;;;;;;;;;;;;;
6.840809;51695492;1646;;;;;;;;;;;;;;
6.843309;51697992;1628;;;;;;;;;;;;;;
6.845809;51700492;1549;;;;;;;;;;;;;;
6.848309;51702992;1453;;;;;;;;;;;;;;
6.84988;51704563;1607;;;;;;;;;;;;;;
6.850809;51705492;1403;51706202;433.056;665.227;584.249;3293.27;281.621;-1792.638;51705759;104.211;865.998;-246.6;21296.158;-5926.682;-7366.681
6.85238;51707063;1517;;;;;;;;;;;;;;
6.853309;51707992;1419;;;;;;;;;;;;;;
6.85488;51709563;1423;;;;;;;;;;;;;;
6.855809;51710492;1488;;;;;;;;;;;;;;
6.85738;51712063;1371;;;;;;;;;;;;;;
6.858309;51712992;1584;;;;;;;;;;;;;;
6.85988;51714563;1386;;;;;;;;;;;;;;
6.860809;51715492;1630;;;;;;;;;;;;;;
6.86238;51717063;1453;;;;;;;;;;;;;;
6.86488;51719563;1534;;;;;;;;;;;;;;
6.86738;51722063;1579;;;;;;;;;;;;;;
6.86988;51724563;1549;;;;;;;;;;;;;;
6.87238;51727063;1465;;;;;;;;;;;;;;
6.87488;51729563;1369;;;;;;;;;;;;;;
6.87738;51732063;1311;51732844;429.337;670.042;586.183;3028.857;54.915;-1230.944;51732406;103.417;866.734;-257.31;15860.287;-5332.848;-6041.534
6.87988;51734563;1324;;;;;;;;;;;;;;
6.88238;51737063;1388;;;;;;;;;;;;;;
6.88488;51739563;1479;;;;;;;;;;;;;;
6.88738;51742063;1513;;;;;;;;;;;;;;
6.89596;51750643;1480;;;;;;;;;;;;;;
6.89846;51753143;1388;;;;;;;;;;;;;;
6.90096;51755643;1293;;;;;;;;;;;;;;
6.90346;51758143;1243;;;;;;;;;;;;;;
6.90596;51760643;1258;;;;;;;;;;;;;;
6.90846;51763143;1326;;;;;;;;;;;;;;
6.91096;51765643;1417;;;;;;;;;;;;;;
6.91346;51768143;1454;;;;;;;;;;;;;;
6.91596;51770643;1432;51770955;430.02;668.382;587.886;2023.851;-532.769;-532.834;51770512;100.369;868.202;-267.893;8856.522;-4682.956;-3992.958
6.91846;51773143;1351;;;;;;;;;;;;;;
6.92096;51775643;1256;;;;;;;;;;;;;;
6.92346;51778143;1208;;;;;;;;;;;;;;
6.92596;51780643;1225;;;;;;;;;;;;;;
6.933454;51788137;1292;;;;;;;;;;;;;;
6.935954;51790637;1376;;;;;;;;;;;;;;
6.938454;51793137;1422;;;;;;;;;;;;;;
6.940954;51795637;1400;;;;;;;;;;;;;;
6.943454;51798137;1320;;;;;;;;;;;;;;
6.945954;51800637;1227;;;;;;;;;;;;;;
6.948454;51803137;1181;51804104;431.851;666.969;587.37;536.221;-1074.005;174.995;51803665;98.98;865.656;-273.762;1255.759;-3832.37;-1747.997
6.950954;51805637;1208;;;;;;;;;;;;;;
6.953454;51808137;1280;;;;;;;;;;;;;;
6.954614;51809297;1405;;;;;;;;;;;;;;
6.955954;51810637;1373;;;;;;;;;;;;;;
6.957114;51811797;1340;;;;;;;;;;;;;;
6.958454;51813137;1423;;;;;;;;;;;;;;
6.959614;51814297;1260;;;;;;;;;;;;;;
6.962114;51816797;1226;;;;;;;;;;;;;;
6.964614;51819297;1259;;;;;;;;;;;;;;
6.967114;51821797;1352;;;;;;;;;;;;;;
6.969614;51824297;1453;;;;;;;;;;;;;;
6.972114;51826797;1513;;;;;;;;;;;;;;
6.974614;51829297;1498;;;;;;;;;;;;;;
6.977114;51831797;1434;;;;;;;;;;;;;;
6.979614;51834297;1358;51833795;430.602;672.429;591.081;220.66;-2173.117;731.058;51833353;101.784;862.206;-271.987;-6160.967;-3144.189;979.715
6.980604;51835287;1646;;;;;;;;;;;;;;
6.982114;51836797;1335;;;;;;;;;;;;;;
6.983104;51837787;1644;;;;;;;;;;;;;;
6.984614;51839297;1369;;;;;;;;;;;;;;
6.985604;51840287;1582;;;;;;;;;;;;;;
6.987114;51841797;1467;;;;;;;;;;;;;;
6.988104;51842787;1513;;;;;;;;;;;;;;
6.989614;51844297;1582;;;;;;;;;;;;;;
6.990604;51845287;1485;;;;;;;;;;;;;;
6.993104;51847787;1529;;;;;;;;;;;;;;
6.995604;51850287;1628;;;;;;;;;;;;;;
6.998104;51852787;1737;;;;;;;;;;;;;;
7.000604;51855287;1800;;;;;;;;;;;;;;
7.003104;51857787;1786;;;;;;;;;;;;;;
7.005604;51860287;1722;;;;;;;;;;;;;;
7.008104;51862787;1647;;;;;;;;;;;;;;
7.010604;51865287;1624;;;;;;;;;;;;;;
7.013104;51867787;1673;;;;;;;;;;;;;;
7.015604;51870287;1768;51870074;429.598;675.95;590.008;52.565;-3295.586;1208.568;51869629;104.948;858.63;-268.001;-12089.48;-1982.479;3934.604
7.018104;51872787;1882;;;;;;;;;;;;;;
7.020604;51875287;1945;;;;;;;;;;;;;;
7.023104;51877787;1932;;;;;;;;;;;;;;
7.025604;51880287;1865;;;;;;;;;;;;;;
7.047989;51902672;2057;;;;;;;;;;;;;;
7.050489;51905172;1977;;;;;;;;;;;;;;
7.052989;51907672;1897;;;;;;;;;;;;;;
7.05521;51909893;1791;;;;;;;;;;;;;;
7.055489;51910172;1864;;;;;;;;;;;;;;
7.05771;51912393;1760;;;;;;;;;;;;;;
7.057989;51912672;1899;51913126;428.181;677.252;591.209;-154.376;-4179.495;1656.514;51912684;98.956;864.285;-266.368;-14363.756;-1147.918;6212.812
7.06021;51914893;1816;;;;;;;;;;;;;;
7.060489;51915172;1990;;;;;;;;;;;;;;
7.06271;51917393;1911;;;;;;;;;;;;;;
7.062989;51917672;2094;;;;;;;;;;;;;;
7.06521;51919893;2013;;;;;;;;;;;;;;
7.065489;51920172;2141;;;;;;;;;;;;;;
7.06771;51922393;2072;;;;;;;;;;;;;;
7.067989;51922672;2119;;;;;;;;;;;;;;
7.070489;51925172;2040;;;;;;;;;;;;;;
7.072989;51927672;1935;;;;;;;;;;;;;;
7.075489;51930172;1897;;;;;;;;;;;;;;
7.077989;51932672;1928;;;;;;;;;;;;;;
7.081941;51936624;2011;;;;;;;;;;;;;;
7.084441;51939124;2108;;;;;;;;;;;;;;
7.086941;51941624;2155;;;;;;;;;;;;;;
7.089441;51944124;2123;;;;;;;;;;;;;;
7.091941;51946624;2028;;;;;;;;;;;;;;
7.094441;51949124;1934;;;;;;;;;;;;;;
7.096941;51951624;1886;;;;;;;;;;;;;;
7.099441;51954124;1912;;;;;;;;;;;;;;
7.101941;51956624;1978;51956255;429.592;675.738;589.794;-460.782;-5183.707;2001.564;51955817;104.061;867.492;-260.449;-14713.068;-1049.835;8036.733
7.104441;51959124;2088;;;;;;;;;;;;;;
7.106941;51961624;2125;;;;;;;;;;;;;;
7.109441;51964124;2091;;;;;;;;;;;;;;
7.111941;51966624;1995;;;;;;;;;;;;;;
7.115792;51970475;1900;;;;;;;;;;;;;;
7.118292;51972975;1835;;;;;;;;;;;;;;
7.120792;51975475;1870;;;;;;;;;;;;;;
7.123292;51977975;1949;;;;;;;;;;;;;;
7.125792;51980475;2042;;;;;;;;;;;;;;
7.128292;51982975;2075;;;;;;;;;;;;;;
7.130792;51985475;2043;;;;;;;;;;;;;;
7.133292;51987975;1950;;;;;;;;51989152;108.765;874.058;-253.636;-13534.665;-1021.405;9272.459
7.135792;51990475;1852;51989594;432.525;672.793;587.742;-602.243;-6083.021;2133.798;;;;;;;
7.138292;51992975;1803;;;;;;;;;;;;;;
7.140792;51995475;1823;;;;;;;;;;;;;;
7.143292;51997975;1902;;;;;;;;;;;;;;
7.145792;52000475;1993;;;;;;;;;;;;;;
7.153543;52008226;1992;;;;;;;;;;;;;;
7.156043;52010726;1898;;;;;;;;;;;;;;
7.158543;52013226;1801;;;;;;;;;;;;;;
7.161043;52015726;1752;;;;;;;;;;;;;;
7.163543;52018226;1773;;;;;;;;;;;;;;
7.166043;52020726;1850;;;;;;;;;;;;;;
7.168543;52023226;1934;52022917;436.805;673.161;588.812;-279.006;-6794.745;2195.983;52022478;114.105;884.224;-247.536;-11745.369;-953.273;9827.336
7.171043;52025726;1976;;;;;;;;;;;;;;
7.173543;52028226;1934;;;;;;;;;;;;;;
7.176043;52030726;1847;;;;;;;;;;;;;;
7.177492;52032175;2028;;;;;;;;;;;;;;
7.178543;52033226;1752;;;;;;;;;;;;;;
7.181043;52035726;1703;;;;;;;;;;;;;;
7.183266;52037949;1722;;;;;;;;;;;;;;
7.185766;52040449;1804;;;;;;;;;;;;;;
7.188266;52042949;1886;;;;;;;;;;;;;;
7.190766;52045449;1928;;;;;;;;;;;;;;
7.193266;52047949;1885;;;;;;;;;;;;;;
7.195766;52050449;1802;;;;;;;;;;;;;;
7.198266;52052949;1705;;;;;;;;;;;;;;
7.200766;52055449;1662;52056156;440.793;675.23;591.122;29.382;-7223.258;2233.184;52055717;119.16;894.413;-241.632;-10207.413;-1010.609;10017.156
7.203266;52057949;1690;;;;;;;;;;;;;;
7.205766;52060449;1771;;;;;;;;;;;;;;
7.208266;52062949;1867;;;;;;;;;;;;;;
7.210766;52065449;1903;;;;;;;;;;;;;;
7.21293;52067613;1869;;;;;;;;;;;;;;
7.21543;52070113;1786;;;;;;;;;;;;;;
7.21793;52072613;1694;;;;;;;;;;;;;;
7.22043;52075113;1657;;;;;;;;;;;;;;
7.22293;52077613;1689;;;;;;;;;;;;;;
7.22543;52080113;1774;;;;;;;;;;;;;;
7.22793;52082613;1866;;;;;;;;;;;;;;
7.23043;52085113;1912;;;;;;;;;;;;;;
7.23293;52087613;1879;52087754;445.794;677.288;593.207;-125.212;-7369.595;2255.837;52087318;124.939;907.075;-235.674;-9464.729;-1092.203;10342.735
7.23543;52090113;1790;;;;;;;;;;;;;;
7.23793;52092613;1694;;;;;;;;;;;;;;
7.24043;52095113;1661;;;;;;;;;;;;;;
7.24293;52097613;1691;;;;;;;;;;;;;;
7.243104;52097787;1883;;;;;;;;;;;;;;
7.245604;52100287;1802;;;;;;;;;;;;;;
7.248104;52102787;1720;;;;;;;;;;;;;;
7.250604;52105287;1680;;;;;;;;;;;;;;
7.253104;52107787;1720;;;;;;;;;;;;;;
7.255604;52110287;1805;;;;;;;;;;;;;;
7.258104;52112787;1899;;;;;;;;;;;;;;
7.260604;52115287;1943;;;;;;;;;;;;;;
7.263104;52117787;1913;;;;;;;;;;;;;;
7.265604;52120287;1820;52121089;450.979;679.328;596.688;-637.389;-7128.865;2247.608;52120650;130.654;921.19;-230.43;-9637.681;-1295.281;10211.911
7.268104;52122787;1736;;;;;;;;;;;;;;
7.270604;52125287;1694;;;;;;;;;;;;;;
7.270745;52125428;1774;;;;;;;;;;;;;;
7.273104;52127787;1728;;;;;;;;;;;;;;
7.273245;52127928;1869;;;;;;;;;;;;;;
7.275604;52130287;1818;;;;;;;;;;;;;;
7.275745;52130428;1914;;;;;;;;;;;;;;
7.278104;52132787;1913;;;;;;;;;;;;;;
7.280604;52135287;1951;;;;;;;;;;;;;;
7.289716;52144399;1927;;;;;;;;;;;;;;
7.292216;52146899;1838;;;;;;;;;;;;;;
7.294716;52149399;1754;;;;;;;;;;;;;;
7.297216;52151899;1720;;;;;;;;;;;;;;
7.299716;52154399;1756;;;;;;;;;;;;;;
7.302216;52156899;1849;;;;;;;;;;;;;;
7.304716;52159399;1944;;;;;;;;;;;;;;
7.307216;52161899;1983;;;;;;;;;;;;;;
7.309716;52164399;1950;52164309;457.618;683.444;599.488;-2344.582;-6533.984;2101.54;52163870;136.675;935.252;-226.527;-11241.797;-1761.204;10099.878
7.312216;52166899;1866;;;;;;;;;;;;;;
7.314716;52169399;1774;;;;;;;;;;;;;;
7.317216;52171899;1742;;;;;;;;;;;;;;
7.319716;52174399;1785;;;;;;;;;;;;;;
7.327592;52182275;1880;;;;;;;;;;;;;;
7.330092;52184775;1977;;;;;;;;;;;;;;
7.332592;52187275;2028;;;;;;;;;;;;;;
7.335092;52189775;2008;;;;;;;;;;;;;;
7.337592;52192275;1932;;;;;;;;;;;;;;
7.340092;52194775;1865;;;;;;;;;;;;;;
7.342592;52197275;1850;52197821;461.602;685.628;603.985;-4418.791;-5806.535;1800.463;52197379;141.645;943.542;-221.972;-13218.52;-2515.769;9470.196
7.345092;52199775;1912;;;;;;;;;;;;;;
7.347592;52202275;2025;;;;;;;;;;;;;;
7.34924;52203923;2200;;;;;;;;;;;;;;
7.350092;52204775;2144;;;;;;;;;;;;;;
7.35174;52206423;2139;;;;;;;;;;;;;;
7.352592;52207275;2205;;;;;;;;;;;;;;
7.35424;52208923;2076;;;;;;;;;;;;;;
7.35674;52211423;2064;;;;;;;;;;;;;;
7.35924;52213923;2137;;;;;;;;;;;;;;
7.36174;52216423;2254;;;;;;;;;;;;;;
7.36424;52218923;2378;;;;;;;;;;;;;;
7.36674;52221423;2442;;;;;;;;;;;;;;
7.36924;52223923;2431;;;;;;;;;;;;;;
7.37174;52226423;2378;;;;;;;;52227495;146.689;947.891;-215.827;-15726.406;-3531.855;9060.124
7.37424;52228923;2320;52227934;464.386;683.097;606.25;-6913.851;-4990.771;1411.627;;;;;;;
7.37674;52231423;2317;;;;;;;;;;;;;;
7.37924;52233923;2380;;;;;;;;;;;;;;
7.38174;52236423;2502;;;;;;;;;;;;;;
7.38424;52238923;2606;;;;;;;;;;;;;;
7.391345;52246028;2668;;;;;;;;;;;;;;
7.393845;52248528;2651;;;;;;;;;;;;;;
7.396345;52251028;2600;;;;;;;;;;;;;;
7.398845;52253528;2538;;;;;;;;;;;;;;
7.401345;52256028;2525;;;;;;;;;;;;;;
7.403845;52258528;2599;;;;;;;;;;;;;;
7.406345;52261028;2700;;;;;;;;;;;;;;
7.408845;52263528;2811;52264653;465.17;672.732;604.376;-8823.471;-4345.732;855.858;52264211;152.848;947.455;-207.365;-18112.398;-4620.513;8206.806
7.411345;52266028;2861;;;;;;;;;;;;;;
7.413845;52268528;2847;;;;;;;;;;;;;;
7.416345;52271028;2781;;;;;;;;;;;;;;
7.418845;52273528;2719;;;;;;;;;;;;;;
7.421345;52276028;2715;;;;;;;;;;;;;;
7.425151;52279834;2767;;;;;;;;;;;;;;
7.427651;52282334;2879;;;;;;;;;;;;;;
7.430151;52284834;2983;;;;;;;;;;;;;;
7.432651;52287334;3021;;;;;;;;;;;;;;
7.435151;52289834;3004;;;;;;;;;;;;;;
7.437651;52292334;2936;;;;;;;;;;;;;;
7.440151;52294834;2873;;;;;;;;;;;;;;
7.442651;52297334;2858;52297975;464.421;662.111;602.046;-9691.297;-3926.758;290.69;52297537;157.442;941.971;-198.839;-20168.652;-5461.362;6795.465
7.445151;52299834;2911;;;;;;;;;;;;;;
7.447651;52302334;3017;;;;;;;;;;;;;;
7.450151;52304834;3116;;;;;;;;;;;;;;
7.452651;52307334;3161;;;;;;;;;;;;;;
7.454925;52309608;3132;;;;;;;;;;;;;;
7.457425;52312108;3054;;;;;;;;;;;;;;
7.459925;52314608;2986;;;;;;;;;;;;;;
7.462425;52317108;2970;;;;;;;;;;;;;;
7.464925;52319608;3017;;;;;;;;;;;;;;
7.467425;52322108;3112;;;;;;;;;;;;;;
7.469925;52324608;3209;;;;;;;;;;;;;;
7.472425;52327108;3242;;;;;;;;;;;;;;
7.474925;52329608;3209;52329673;464.331;652.082;598.637;-9124.481;-3947.42;-206.407;52329224;162.337;930.551;-187.738;-21266.344;-6030.043;5083.692
7.477425;52332108;3127;;;;;;;;;;;;;;
7.479925;52334608;3048;;;;;;;;;;;;;;
7.482425;52337108;3017;;;;;;;;;;;;;;
7.484925;52339608;3063;;;;;;;;;;;;;;
7.48886;52343543;3150;;;;;;;;;;;;;;
7.49136;52346043;3241;;;;;;;;;;;;;;
7.49386;52348543;3273;;;;;;;;;;;;;;
7.49636;52351043;3228;;;;;;;;;;;;;;
7.49886;52353543;3135;;;;;;;;;;;;;;
7.50136;52356043;3051;;;;;;;;;;;;;;
7.50386;52358543;3017;;;;;;;;;;;;;;
7.50636;52361043;3051;;;;;;;;;;;;;;
7.50886;52363543;3134;52363076;463.855;645.427;595.423;-7749.944;-4178.361;-754.774;52362637;165.463;914.584;-176.564;-20265.15;-6351.104;3699.882
7.51136;52366043;3213;;;;;;;;;;;;;;
7.51386;52368543;3238;;;;;;;;;;;;;;
7.51636;52371043;3183;;;;;;;;;;;;;;
7.51886;52373543;3083;;;;;;;;;;;;;;
7.52284;52377523;2988;;;;;;;;;;;;;;
7.52534;52380023;2942;;;;;;;;;;;;;;
7.52784;52382523;2970;;;;;;;;;;;;;;
7.53034;52385023;3035;;;;;;;;;;;;;;
7.53284;52387523;3111;;;;;;;;;;;;;;
7.53534;52390023;3119;;;;;;;;;;;;;;
7.53784;52392523;3054;;;;;;;;;;;;;;
7.54034;52395023;2944;;;;;;;;52396056;167.834;904.583;-167.205;-16973.393;-6583.923;2727.826
7.54284;52397523;2846;52396498;463.629;638.678;591.596;-5598.885;-4852.756;-1171.598;;;;;;;
7.544897;52399580;2878;;;;;;;;;;;;;;
7.54534;52400023;2797;;;;;;;;;;;;;;
7.547397;52402080;2766;;;;;;;;;;;;;;
7.54784;52402523;2814;;;;;;;;;;;;;;
7.549897;52404580;2664;;;;;;;;;;;;;;
7.55034;52405023;2886;;;;;;;;;;;;;;
7.552397;52407080;2607;;;;;;;;;;;;;;
7.55284;52407523;2943;;;;;;;;;;;;;;
7.554897;52409580;2621;;;;;;;;;;;;;;
7.557397;52412080;2681;;;;;;;;;;;;;;
7.559897;52414580;2734;;;;;;;;;;;;;;
7.562397;52417080;2731;;;;;;;;;;;;;;
7.564897;52419580;2653;;;;;;;;;;;;;;
7.567397;52422080;2535;;;;;;;;;;;;;;
7.569897;52424580;2426;;;;;;;;;;;;;;
7.572397;52427080;2360;;;;;;;;;;;;;;
7.574897;52429580;2366;52429999;463.725;635.262;588.539;-3170.815;-5669.743;-1480.518;52429556;169.623;897.778;-160.01;-12828.16;-6695.29;2033.184
7.577397;52432080;2426;;;;;;;;;;;;;;
7.579897;52434580;2471;;;;;;;;;;;;;;
7.582397;52437080;2458;;;;;;;;;;;;;;
7.584837;52439520;2952;;;;;;;;;;;;;;
7.584897;52439580;2378;;;;;;;;;;;;;;
7.587397;52442080;2184;;;;;;;;;;;;;;
7.599719;52454402;2125;;;;;;;;;;;;;;
7.602219;52456902;2059;;;;;;;;;;;;;;
7.604719;52459402;2061;;;;;;;;;;;;;;
7.607219;52461902;2112;;;;;;;;;;;;;;
7.609719;52464402;2157;;;;;;;;;;;;;;
7.612219;52466902;2151;;;;;;;;;;;;;;
7.614719;52469402;2062;;;;;;;;;;;;;;
7.617219;52471902;1931;;;;;;;;52472952;170.207;897.516;-154.413;-8501.252;-6885.525;1684.775
7.619719;52474402;1806;52473390;464.981;635.92;586.104;-1428.962;-6494.006;-1544.304;;;;;;;
7.622219;52476902;1744;;;;;;;;;;;;;;
7.624719;52479402;1754;;;;;;;;;;;;;;
7.627219;52481902;1804;;;;;;;;;;;;;;
7.629719;52484402;1851;;;;;;;;;;;;;;
7.641505;52496188;1838;;;;;;;;;;;;;;
7.644005;52498688;1767;;;;;;;;;;;;;;
7.646505;52501188;1640;;;;;;;;;;;;;;
7.649005;52503688;1520;;;;;;;;;;;;;;
7.650726;52505409;1513;;;;;;;;;;;;;;
7.651505;52506188;1468;52506807;466.364;637.814;585.213;-490.827;-7189.118;-1575.589;52506371;171.597;899.556;-150.779;-4487.814;-6898.249;1499.911
7.653226;52507909;1400;;;;;;;;;;;;;;
7.654005;52508688;1482;;;;;;;;;;;;;;
7.655726;52510409;1296;;;;;;;;;;;;;;
7.656505;52511188;1534;;;;;;;;;;;;;;
7.658226;52512909;1256;;;;;;;;;;;;;;
7.659005;52513688;1593;;;;;;;;;;;;;;
7.660726;52515409;1274;;;;;;;;;;;;;;
7.661505;52516188;1592;;;;;;;;;;;;;;
7.663226;52517909;1339;;;;;;;;;;;;;;
7.665726;52520409;1399;;;;;;;;;;;;;;
7.668226;52522909;1400;;;;;;;;;;;;;;
7.670726;52525409;1338;;;;;;;;;;;;;;
7.673226;52527909;1230;;;;;;;;;;;;;;
7.675726;52530409;1143;;;;;;;;;;;;;;
7.678226;52532909;1100;52533548;469.428;640.498;586.074;1016.84;-8146.537;-1701.122;52533110;173.35;901.096;-148.249;-1390.799;-6934.398;1700.103
7.680726;52535409;1130;;;;;;;;;;;;;;
7.683226;52537909;1198;;;;;;;;;;;;;;
7.685726;52540409;1271;;;;;;;;;;;;;;
7.688226;52542909;1277;;;;;;;;;;;;;;
7.696928;52551611;1225;;;;;;;;;;;;;;
7.699428;52554111;1118;;;;;;;;;;;;;;
7.701928;52556611;1035;;;;;;;;;;;;;;
7.704428;52559111;1003;;;;;;;;;;;;;;
7.706928;52561611;1038;;;;;;;;;;;;;;
7.709428;52564111;1126;;;;;;;;;;;;;;
7.711928;52566611;1192;;;;;;;;;;;;;;
7.714428;52569111;1209;;;;;;;;;;;;;;
7.716928;52571611;1159;52571820;471.388;641.956;584.69;1895.685;-8883.71;-1793.254;52571385;174.199;907.66;-147.851;1100.741;-6781.053;2044.723
7.719428;52574111;1064;;;;;;;;;;;;;;
7.721928;52576611;984;;;;;;;;;;;;;;
7.724428;52579111;954;;;;;;;;;;;;;;
7.726928;52581611;990;;;;;;;;;;;;;;
7.734422;52589105;1079;;;;;;;;;;;;;;
7.736922;52591605;1148;;;;;;;;;;;;;;
7.739422;52594105;1176;;;;;;;;;;;;;;
7.741922;52596605;1130;;;;;;;;;;;;;;
7.744422;52599105;1039;;;;;;;;;;;;;;
7.746922;52601605;968;;;;;;;;;;;;;;
7.749422;52604105;941;52604806;474.39;643.567;584.577;1951.401;-9328.962;-1792.403;52604368;175.346;914.041;-149.633;3571.829;-6669.063;2204.987
7.751922;52606605;987;;;;;;;;;;;;;;
7.754422;52609105;1082;;;;;;;;;;;;;;
7.755584;52610267;1144;;;;;;;;;;;;;;
7.756922;52611605;1161;;;;;;;;;;;;;;
7.758084;52612767;1052;;;;;;;;;;;;;;
7.759422;52614105;1181;;;;;;;;;;;;;;
7.760584;52615267;974;;;;;;;;;;;;;;
7.763084;52617767;955;;;;;;;;;;;;;;
7.765584;52620267;1001;;;;;;;;;;;;;;
7.768084;52622767;1096;;;;;;;;;;;;;;
7.770584;52625267;1176;;;;;;;;;;;;;;
7.773084;52627767;1195;;;;;;;;;;;;;;
7.775584;52630267;1149;;;;;;;;;;;;;;
7.778084;52632767;1064;;;;;;;;;;;;;;
7.780584;52635267;986;52634487;479.914;646.995;583.847;2324.581;-9692.014;-1899.221;52634052;177.571;921.19;-151.283;5390.425;-6469.922;2552.8
7.781314;52635997;1209;;;;;;;;;;;;;;
7.783084;52637767;959;;;;;;;;;;;;;;
7.783814;52638497;1163;;;;;;;;;;;;;;
7.785584;52640267;1015;;;;;;;;;;;;;;
7.786314;52640997;1080;;;;;;;;;;;;;;
7.788084;52642767;1102;;;;;;;;;;;;;;
7.788814;52643497;1003;;;;;;;;;;;;;;
7.790584;52645267;1180;;;;;;;;;;;;;;
7.791314;52645997;983;;;;;;;;;;;;;;
7.793814;52648497;1034;;;;;;;;;;;;;;
7.796314;52650997;1120;;;;;;;;;;;;;;
7.798814;52653497;1208;;;;;;;;;;;;;;
7.801314;52655997;1229;;;;;;;;;;;;;;
7.803814;52658497;1193;;;;;;;;;;;;;;
7.806314;52660997;1101;;;;;;;;;;;;;;
7.808814;52663497;1033;;;;;;;;;;;;;;
7.811314;52665997;1008;;;;;;;;;;;;;;
7.813814;52668497;1063;;;;;;;;;;;;;;
7.816314;52670997;1148;52670684;483.094;650.171;582.044;2429.29;-9864.976;-1941.635;52670246;178.922;927.371;-154.796;6190.591;-6274.176;2870.972
7.818814;52673497;1231;;;;;;;;;;;;;;
7.821314;52675997;1259;;;;;;;;;;;;;;
7.823814;52678497;1210;;;;;;;;;;;;;;
7.826314;52680997;1127;;;;;;;;;;;;;;
7.848607;52703290;1224;;;;;;;;;;;;;;
7.851107;52705790;1130;;;;;;;;;;;;;;
7.853607;52708290;1053;;;;;;;;;;;;;;
7.855828;52710511;1053;;;;;;;;;;;;;;
7.856107;52710790;1036;;;;;;;;;;;;;;
7.858328;52713011;1024;;;;;;;;;;;;;;
7.858607;52713290;1083;52713731;485.974;653.903;579.422;1946.45;-9948.789;-2054.99;52713295;179.645;930.266;-159.281;6417.436;-6276.342;3077.424
7.860828;52715511;1080;;;;;;;;;;;;;;
7.861107;52715790;1176;;;;;;;;;;;;;;
7.863328;52718011;1166;;;;;;;;;;;;;;
7.863607;52718290;1256;;;;;;;;;;;;;;
7.865828;52720511;1244;;;;;;;;;;;;;;
7.866107;52720790;1276;;;;;;;;;;;;;;
7.868328;52723011;1271;;;;;;;;;;;;;;
7.868607;52723290;1228;;;;;;;;;;;;;;
7.871107;52725790;1145;;;;;;;;;;;;;;
7.873607;52728290;1079;;;;;;;;;;;;;;
7.876107;52730790;1063;;;;;;;;;;;;;;
7.878607;52733290;1115;;;;;;;;;;;;;;
7.882558;52737241;1211;;;;;;;;;;;;;;
7.885058;52739741;1293;;;;;;;;;;;;;;
7.887558;52742241;1322;;;;;;;;;;;;;;
7.890058;52744741;1279;;;;;;;;;;;;;;
7.892558;52747241;1196;;;;;;;;;;;;;;
7.895058;52749741;1131;;;;;;;;;;;;;;
7.897558;52752241;1128;;;;;;;;;;;;;;
7.900058;52754741;1179;;;;;;;;;;;;;;
7.902558;52757241;1278;52756870;487.448;654.337;575.302;2333.877;-10145.225;-2322.803;52756431;179.318;933.162;-164.334;7034.126;-6344.9;2921.365
7.905058;52759741;1371;;;;;;;;;;;;;;
7.907558;52762241;1402;;;;;;;;;;;;;;
7.910058;52764741;1367;;;;;;;;;;;;;;
7.912558;52767241;1289;;;;;;;;;;;;;;
7.91641;52771093;1226;;;;;;;;;;;;;;
7.91891;52773593;1214;;;;;;;;;;;;;;
7.92141;52776093;1278;;;;;;;;;;;;;;
7.92391;52778593;1388;;;;;;;;;;;;;;
7.92641;52781093;1481;;;;;;;;;;;;;;
7.92891;52783593;1513;;;;;;;;;;;;;;
7.93141;52786093;1480;;;;;;;;;;;;;;
7.93391;52788593;1401;;;;;;;;52789763;182.248;933.706;-168.623;7798.045;-6225.405;2693.484
7.93641;52791093;1341;52790199;490.483;654.194;571.699;3274.184;-10336.213;-2655.101;;;;;;;
7.93891;52793593;1340;;;;;;;;;;;;;;
7.94141;52796093;1402;;;;;;;;;;;;;;
7.94391;52798593;1498;;;;;;;;;;;;;;
7.94641;52801093;1608;;;;;;;;;;;;;;
7.954241;52808924;1595;;;;;;;;;;;;;;
7.956741;52811424;1516;;;;;;;;;;;;;;
7.959241;52813924;1456;;;;;;;;;;;;;;
7.961741;52816424;1449;;;;;;;;;;;;;;
7.964241;52818924;1515;;;;;;;;;;;;;;
7.966741;52821424;1625;;;;;;;;;;;;;;
7.969241;52823924;1709;52823534;493.055;656.504;568.039;4161.787;-10532.527;-2852.658;52823096;184.17;934.759;-172.544;8615.643;-6246.634;2377.685
7.971741;52826424;1742;;;;;;;;;;;;;;
7.974241;52828924;1706;;;;;;;;;;;;;;
7.976741;52831424;1624;;;;;;;;;;;;;;
7.978194;52832877;1631;;;;;;;;;;;;;;
7.979241;52833924;1560;;;;;;;;;;;;;;
7.981741;52836424;1560;;;;;;;;;;;;;;
7.984059;52838742;1613;;;;;;;;;;;;;;
7.986559;52841242;1728;;;;;;;;;;;;;;
7.989059;52843742;1820;;;;;;;;;;;;;;
7.991559;52846242;1848;;;;;;;;;;;;;;
7.994059;52848742;1805;;;;;;;;;;;;;;
7.996559;52851242;1725;;;;;;;;;;;;;;
7.999059;52853742;1660;;;;;;;;;;;;;;
8.001559;52856242;1655;52856857;495.938;659.297;563.323;4314.198;-10581.65;-2970.775;52856419;185.832;934.936;-176.898;8831.485;-6451.427;2130.613
8.004059;52858742;1722;;;;;;;;;;;;;;
8.006559;52861242;1831;;;;;;;;;;;;;;
8.009059;52863742;1916;;;;;;;;;;;;;;
8.011559;52866242;1945;;;;;;;;;;;;;;
8.013725;52868408;1888;;;;;;;;;;;;;;
8.016225;52870908;1801;;;;;;;;;;;;;;
8.018725;52873408;1726;;;;;;;;;;;;;;
8.021225;52875908;1712;;;;;;;;;;;;;;
8.023725;52878408;1769;;;;;;;;;;;;;;
8.026225;52880908;1871;;;;;;;;;;;;;;
8.028725;52883408;1950;;;;;;;;;;;;;;
8.031225;52885908;1967;;;;;;;;;;;;;;
8.033725;52888408;1918;52888551;498.109;660.608;558.081;4329.488;-10662.88;-3041.424;52888109;187.24;932.476;-181.589;8856.286;-6569.418;1973.77
8.036225;52890908;1823;;;;;;;;;;;;;;
8.038725;52893408;1743;;;;;;;;;;;;;;
8.041225;52895908;1726;;;;;;;;;;;;;;
8.043725;52898408;1786;;;;;;;;;;;;;;
8.043895;52898578;1931;;;;;;;;;;;;;;
8.046395;52901078;1834;;;;;;;;;;;;;;
8.048895;52903578;1767;;;;;;;;;;;;;;
8.051395;52906078;1753;;;;;;;;;;;;;;
8.053895;52908578;1805;;;;;;;;;;;;;;
8.056395;52911078;1913;;;;;;;;;;;;;;
8.058895;52913578;1996;;;;;;;;;;;;;;
8.061395;52916078;2014;;;;;;;;;;;;;;
8.063895;52918578;1966;;;;;;;;;;;;;;
8.066395;52921078;1872;52921874;501.361;661.286;553.381;4443.326;-10730.86;-3098.04;52921435;190.395;928.686;-186.326;9112.159;-6587.447;1970.019
8.068895;52923578;1801;;;;;;;;;;;;;;
8.071395;52926078;1787;;;;;;;;;;;;;;
8.071541;52926224;1883;;;;;;;;;;;;;;
8.073895;52928578;1848;;;;;;;;;;;;;;
8.074041;52928724;1965;;;;;;;;;;;;;;
8.076395;52931078;1947;;;;;;;;;;;;;;
8.076541;52931224;1990;;;;;;;;;;;;;;
8.078895;52933578;2029;;;;;;;;;;;;;;
8.081395;52936078;2045;;;;;;;;;;;;;;
8.090281;52944964;1994;;;;;;;;;;;;;;
8.092781;52947464;1898;;;;;;;;;;;;;;
8.095281;52949964;1819;;;;;;;;;;;;;;
8.097781;52952464;1805;;;;;;;;;;;;;;
8.100281;52954964;1865;;;;;;;;;;;;;;
8.102781;52957464;1961;;;;;;;;;;;;;;
8.105281;52959964;2041;;;;;;;;;;;;;;
8.107781;52962464;2048;;;;;;;;;;;;;;
8.110281;52964964;1991;52965096;505.439;661.461;549.338;4411.472;-10752.567;-2822.388;52964658;195.051;926.214;-189.222;9365.738;-6592.762;2119.143
8.112781;52967464;1882;;;;;;;;;;;;;;
8.115281;52969964;1801;;;;;;;;;;;;;;
8.117781;52972464;1786;;;;;;;;;;;;;;
8.120281;52974964;1823;;;;;;;;;;;;;;
8.128124;52982807;1915;;;;;;;;;;;;;;
8.130624;52985307;1991;;;;;;;;;;;;;;
8.133124;52987807;1984;;;;;;;;;;;;;;
8.135624;52990307;1919;;;;;;;;;;;;;;
8.138124;52992807;1815;;;;;;;;;;;;;;
8.140624;52995307;1722;;;;;;;;;;;;;;
8.143124;52997807;1695;52998426;508.867;661.492;545.191;3991.398;-10659.876;-2384.644;52997990;198.511;923.757;-192.058;9551.514;-6502.874;2385.936
8.145624;53000307;1739;;;;;;;;;;;;;;
8.148124;53002807;1821;;;;;;;;;;;;;;
8.149642;53004325;1808;;;;;;;;;;;;;;
8.150624;53005307;1885;;;;;;;;;;;;;;
8.152142;53006825;1694;;;;;;;;;;;;;;
8.153124;53007807;1887;;;;;;;;;;;;;;
8.154642;53009325;1599;;;;;;;;;;;;;;
8.157142;53011825;1576;;;;;;;;;;;;;;
8.159642;53014325;1614;;;;;;;;;;;;;;
8.162142;53016825;1693;;;;;;;;;;;;;;
8.164642;53019325;1752;;;;;;;;;;;;;;
8.167142;53021825;1741;;;;;;;;;;;;;;
8.169642;53024325;1663;;;;;;;;;;;;;;
8.172142;53026825;1547;;;;;;;;53028026;201.774;922.568;-197.126;9725.375;-6445.918;2576.827
8.174642;53029325;1453;53028464;512.521;661.309;540.63;3729.703;-10589.757;-1834.036;;;;;;;
8.177142;53031825;1423;;;;;;;;;;;;;;
8.179642;53034325;1454;;;;;;;;;;;;;;
8.182142;53036825;1530;;;;;;;;;;;;;;
8.184642;53039325;1591;;;;;;;;;;;;;;
8.191785;53046468;1577;;;;;;;;;;;;;;
8.194285;53048968;1497;;;;;;;;;;;;;;
8.196785;53051468;1372;;;;;;;;;;;;;;
8.199285;53053968;1288;;;;;;;;;;;;;;
8.201785;53056468;1246;;;;;;;;;;;;;;
8.204285;53058968;1288;;;;;;;;;;;;;;
8.206785;53061468;1356;;;;;;;;;;;;;;
8.209285;53063968;1405;53065084;512.423;660.555;533.484;3376.093;-10632.956;-1286.897;53064648;198.401;922.092;-206.021;9951.356;-6200.185;2867.11
8.211785;53066468;1389;;;;;;;;;;;;;;
8.214285;53068968;1308;;;;;;;;;;;;;;
8.216785;53071468;1193;;;;;;;;;;;;;;
8.219285;53073968;1102;;;;;;;;;;;;;;
8.221785;53076468;1071;;;;;;;;;;;;;;
8.225595;53080278;1110;;;;;;;;;;;;;;
8.228095;53082778;1177;;;;;;;;;;;;;;
8.230595;53085278;1222;;;;;;;;;;;;;;
8.233095;53087778;1197;;;;;;;;;;;;;;
8.235595;53090278;1113;;;;;;;;;;;;;;
8.238095;53092778;988;;;;;;;;;;;;;;
8.240595;53095278;896;;;;;;;;;;;;;;
8.243095;53097778;862;53098418;512.55;662.169;527.062;3840.788;-10920.746;-936.427;53097980;196.113;922.22;-214.008;10774.601;-6323.738;3002.005
8.245595;53100278;892;;;;;;;;;;;;;;
8.248095;53102778;954;;;;;;;;;;;;;;
8.250595;53105278;990;;;;;;;;;;;;;;
8.253095;53107778;971;;;;;;;;;;;;;;
8.254727;53109410;879;;;;;;;;;;;;;;
8.257227;53111910;761;;;;;;;;;;;;;;
8.259727;53114410;667;;;;;;;;;;;;;;
8.262227;53116910;635;;;;;;;;;;;;;;
8.264727;53119410;665;;;;;;;;;;;;;;
8.267227;53121910;728;;;;;;;;;;;;;;
8.269727;53124410;765;;;;;;;;;;;;;;
8.272227;53126910;746;;;;;;;;;;;;;;
8.274727;53129410;654;53129496;514.574;667.399;523.035;4795.874;-11293.459;-746.106;53129061;194.621;925.555;-223.34;11365.495;-6356.676;2951.655
8.277227;53131910;345;;;;;;;;;;;;;;
8.279727;53134410;364;;;;;;;;;;;;;;
8.282227;53136910;348;;;;;;;;;;;;;;
8.284727;53139410;393;;;;;;;;;;;;;;
8.287397;53142080;472;;;;;;;;;;;;;;
8.289897;53144580;525;;;;;;;;;;;;;;
8.292397;53147080;522;;;;;;;;;;;;;;
8.294897;53149580;454;;;;;;;;;;;;;;
8.297397;53152080;18;;;;;;;;;;;;;;
8.299897;53154580;28;;;;;;;;;;;;;;
8.302397;53157080;57;;;;;;;;;;;;;;
8.304897;53159580;141;;;;;;;;;;;;;;
8.307397;53162080;269;53161695;515.344;675.705;519.404;5580.705;-11798.474;-865.863;53161257;191.039;931.201;-232.199;11153.783;-6686.342;3218.384
8.309897;53164580;366;;;;;;;;;;;;;;
8.312397;53167080;398;;;;;;;;;;;;;;
8.314897;53169580;378;;;;;;;;;;;;;;
8.317397;53172080;19;;;;;;;;;;;;;;
8.319815;53174498;57;;;;;;;;;;;;;;
8.322315;53176998;107;;;;;;;;;;;;;;
8.324815;53179498;219;;;;;;;;;;;;;;
8.327315;53181998;365;;;;;;;;;;;;;;
8.329815;53184498;487;;;;;;;;;;;;;;
8.332315;53186998;542;;;;;;;;;;;;;;
8.334815;53189498;536;;;;;;;;;;;;;;
8.337315;53191998;520;;;;;;;;53193106;187.709;930.598;-240.011;10257.031;-6905.024;3436.34
8.339815;53194498;476;53193542;515.434;680.917;509.489;5875.67;-12314.987;-1295.507;;;;;;;
8.342315;53196998;524;;;;;;;;;;;;;;
8.344815;53199498;633;;;;;;;;;;;;;;
8.347315;53201998;774;;;;;;;;;;;;;;
8.349815;53204498;878;;;;;;;;;;;;;;
8.356369;53211052;909;;;;;;;;;;;;;;
8.358869;53213552;890;;;;;;;;;;;;;;
8.361369;53216052;828;;;;;;;;;;;;;;
8.363869;53218552;871;;;;;;;;;;;;;;
8.366369;53221052;969;;;;;;;;;;;;;;
8.368869;53223552;1097;;;;;;;;;;;;;;
8.371369;53226052;1199;53225749;516.295;684.978;501.247;6914.074;-13120.237;-1938.607;53225311;185.07;924.395;-246.341;9718.367;-7041.46;3803.523
8.373869;53228552;1241;;;;;;;;;;;;;;
8.376369;53231052;1209;;;;;;;;;;;;;;
8.378869;53233552;892;;;;;;;;;;;;;;
8.380413;53235096;934;;;;;;;;;;;;;;
8.381369;53236052;875;;;;;;;;;;;;;;
8.383869;53238552;922;;;;;;;;;;;;;;
8.3855;53240183;1024;;;;;;;;;;;;;;
8.388;53242683;1176;;;;;;;;;;;;;;
8.3905;53245183;1289;;;;;;;;;;;;;;
8.393;53247683;1326;;;;;;;;;;;;;;
8.3955;53250183;1305;;;;;;;;;;;;;;
8.398;53252683;28;;;;;;;;;;;;;;
8.4005;53255183;237;;;;;;;;;;;;;;
8.403;53257683;345;53258291;519.364;689.909;492.899;8246.183;-13883.038;-2788.427;53257853;185.327;925.17;-255.112;9340.073;-6838.575;4345.722
8.4055;53260183;503;;;;;;;;;;;;;;
8.408;53262683;685;;;;;;;;;;;;;;
8.4105;53265183;839;;;;;;;;;;;;;;
8.413;53267683;922;;;;;;;;;;;;;;
8.414501;53269184;950;;;;;;;;;;;;;;
8.417001;53271684;19;;;;;;;;;;;;;;
8.419501;53274184;125;;;;;;;;;;;;;;
8.422001;53276684;329;;;;;;;;;;;;;;
8.424501;53279184;572;;;;;;;;;;;;;;
8.427001;53281684;829;;;;;;;;;;;;;;
8.429501;53284184;1064;;;;;;;;;;;;;;
8.432001;53286684;1214;;;;;;;;;;;;;;
8.434501;53289184;1100;53289291;523.792;693.41;486.017;8356.248;-14261.198;-3506.068;53288849;189.151;922.947;-260.687;8999.944;-7018.583;4568.123
8.437001;53291684;17;;;;;;;;;;;;;;
8.439501;53294184;185;;;;;;;;;;;;;;
8.442001;53296684;507;;;;;;;;;;;;;;
8.443595;53298278;1692;;;;;;;;;;;;;;
8.444501;53299184;872;;;;;;;;;;;;;;
8.446095;53300778;23;;;;;;;;;;;;;;
8.448595;53303278;330;;;;;;;;;;;;;;
8.451095;53305778;697;;;;;;;;;;;;;;
8.453595;53308278;1183;;;;;;;;;;;;;;
8.456095;53310778;1676;;;;;;;;;;;;;;
8.458595;53313278;2134;;;;;;;;;;;;;;
8.461095;53315778;2520;;;;;;;;;;;;;;
8.463595;53318278;2283;;;;;;;;;;;;;;
8.466095;53320778;24;53321572;527.419;694.236;478.601;8091.998;-14530.325;-4189.577;53321134;193.803;918.201;-263.299;9011.51;-7295.904;4724.717
8.468595;53323278;175;;;;;;;;;;;;;;
8.471095;53325778;880;;;;;;;;;;;;;;
8.471247;53325930;1247;;;;;;;;;;;;;;
8.473595;53328278;1484;;;;;;;;;;;;;;
8.473747;53328430;1582;;;;;;;;;;;;;;
8.476095;53330778;2103;;;;;;;;;;;;;;
8.476247;53330930;1847;;;;;;;;;;;;;;
8.478595;53333278;2670;;;;;;;;;;;;;;
8.481095;53335778;3147;;;;;;;;;;;;;;
8.489284;53343967;2701;;;;;;;;;;;;;;
8.491784;53346467;24;;;;;;;;;;;;;;
8.494284;53348967;16;;;;;;;;;;;;;;
8.496784;53351467;1033;;;;;;;;;;;;;;
8.499284;53353967;1787;;;;;;;;;;;;;;
8.501784;53356467;2542;;;;;;;;;;;;;;
8.504284;53358967;3244;;;;;;;;;;;;;;
8.506784;53361467;3849;;;;;;;;;;;;;;
8.509284;53363967;1434;53364102;533.201;693.708;471.422;7633.585;-14543.184;-4719.036;53363663;201.662;913.557;-266.244;9055.31;-7291.171;5023.543
8.511784;53366467;22;;;;;;;;;;;;;;
8.514284;53368967;9;;;;;;;;;;;;;;
8.516784;53371467;1117;;;;;;;;;;;;;;
8.519284;53373967;2238;;;;;;;;;;;;;;
8.526356;53381039;3368;;;;;;;;;;;;;;
8.528856;53383539;4095;;;;;;;;;;;;;;
8.531356;53386039;4095;;;;;;;;;;;;;;
8.533856;53388539;58;;;;;;;;;;;;;;
8.536356;53391039;20;;;;;;;;;;;;;;
8.538856;53393539;16;;;;;;;;;;;;;;
8.541356;53396039;698;53396650;538.078;693.671;465.681;6883.094;-14570.712;-4877.271;53396214;208.275;911.708;-270.732;9271.044;-7398.238;5194.991
8.543856;53398539;2583;;;;;;;;;;;;;;
8.546356;53401039;4095;;;;;;;;;;;;;;
8.547293;53401976;24;;;;;;;;;;;;;;
8.548856;53403539;4095;;;;;;;;;;;;;;
8.549793;53404476;10;;;;;;;;;;;;;;
8.551356;53406039;2638;;;;;;;;;;;;;;
8.552293;53406976;8;;;;;;;;;;;;;;
8.554793;53409476;10;;;;;;;;;;;;;;
8.557293;53411976;2156;;;;;;;;;;;;;;
8.559793;53414476;4095;;;;;;;;;;;;;;
8.562293;53416976;4095;;;;;;;;;;;;;;
8.564793;53419476;62;;;;;;;;;;;;;;
8.567293;53421976;19;;;;;;;;;;;;;;
8.569793;53424476;9;;;;;;;;53425642;214.874;912.299;-275.196;9522.804;-7648.263;5161.867
8.572293;53426976;18;53426080;543.37;693.434;460.288;6228.751;-14421.863;-5001.783;;;;;;;
8.574793;53429476;18;;;;;;;;;;;;;;
8.577293;53431976;10;;;;;;;;;;;;;;
8.579793;53434476;2605;;;;;;;;;;;;;;
8.582293;53436976;296;;;;;;;;;;;;;;
8.587404;53442087;18;;;;;;;;;;;;;;
8.589904;53444587;10;;;;;;;;;;;;;;
8.592404;53447087;8;;;;;;;;;;;;;;
8.594904;53449587;8;;;;;;;;;;;;;;
8.597404;53452087;16;;;;;;;;;;;;;;
8.599904;53454587;8;;;;;;;;;;;;;;
8.602404;53457087;9;;;;;;;;;;;;;;
8.604904;53459587;9;53460703;548.196;694.502;455.019;6062.126;-14183.332;-5144.568;53460267;220.789;912.782;-278.327;9542.351;-7721.288;5032.836
8.607404;53462087;18;;;;;;;;;;;;;;
8.609904;53464587;16;;;;;;;;;;;;;;
8.612404;53467087;10;;;;;;;;;;;;;;
8.614904;53469587;9;;;;;;;;;;;;;;
8.617404;53472087;16;;;;;;;;;;;;;;
8.618458;53473141;17;;;;;;;;;;;;;;
8.620958;53475641;8;;;;;;;;;;;;;;
8.623458;53478141;16;;;;;;;;;;;;;;
8.625958;53480641;8;;;;;;;;;;;;;;
8.628458;53483141;8;;;;;;;;;;;;;;
8.630958;53485641;16;;;;;;;;;;;;;;
8.633458;53488141;9;;;;;;;;;;;;;;
8.635958;53490641;16;53491259;552.031;696.383;450.244;6004.02;-13899.415;-5161.652;53490821;225.903;911.173;-281.607;9080.108;-7562.286;4927.319
8.638458;53493141;16;;;;;;;;;;;;;;
8.640958;53495641;16;;;;;;;;;;;;;;
8.643458;53498141;9;;;;;;;;;;;;;;
8.645547;53500230;8;;;;;;;;;;;;;;
8.645958;53500641;9;;;;;;;;;;;;;;
8.648047;53502730;9;;;;;;;;;;;;;;
8.650547;53505230;10;;;;;;;;;;;;;;
8.653047;53507730;8;;;;;;;;;;;;;;
8.655547;53510230;16;;;;;;;;;;;;;;
8.658047;53512730;9;;;;;;;;;;;;;;
8.660547;53515230;9;;;;;;;;;;;;;;
8.663047;53517730;16;;;;;;;;;;;;;;
8.665547;53520230;8;53520333;554.075;698.207;444.714;5986.006;-13569.757;-5134.57;53519897;229.418;909.918;-285.21;8546.04;-7257.671;4885.703
8.668047;53522730;9;;;;;;;;;;;;;;
8.670547;53525230;16;;;;;;;;;;;;;;
8.673047;53527730;9;;;;;;;;;;;;;;
8.675547;53530230;17;;;;;;;;;;;;;;
8.676402;53531085;9;;;;;;;;;;;;;;
8.678902;53533585;9;;;;;;;;;;;;;;
8.681402;53536085;8;;;;;;;;;;;;;;
8.683902;53538585;9;;;;;;;;;;;;;;
8.686402;53541085;18;;;;;;;;;;;;;;
8.688902;53543585;8;;;;;;;;;;;;;;
8.691402;53546085;17;;;;;;;;;;;;;;
8.693902;53548585;18;;;;;;;;;;;;;;
8.696402;53551085;7;53550717;555.944;699.677;438.491;5715.581;-13160.769;-5081.716;53550279;232.783;908.013;-288.554;7919.238;-6995.85;4865.855
8.698902;53553585;9;;;;;;;;;;;;;;
8.701402;53556085;8;;;;;;;;;;;;;;
8.703902;53558585;10;;;;;;;;;;;;;;
8.706402;53561085;18;;;;;;;;;;;;;;
8.723282;53577965;18;;;;;;;;;;;;;;
8.725782;53580465;8;53581090;558.324;701.159;432.5;5304.239;-12642.292;-4921.255;53580654;236.064;905.318;-291.658;7328.151;-6699.87;4755.562
8.728282;53582965;16;;;;;;;;;;;;;;
8.730734;53585417;10;;;;;;;;;;;;;;
8.730782;53585465;8;;;;;;;;;;;;;;
8.733234;53587917;17;;;;;;;;;;;;;;
8.733282;53587965;9;;;;;;;;;;;;;;
8.735734;53590417;9;;;;;;;;;;;;;;
8.735782;53590465;18;;;;;;;;;;;;;;
8.738234;53592917;9;;;;;;;;;;;;;;
8.740734;53595417;8;;;;;;;;;;;;;;
8.743234;53597917;8;;;;;;;;;;;;;;
8.745734;53600417;11;;;;;;;;;;;;;;
8.756433;53611116;;;;;;;;;53611116;239.907;903.96;-293.746;6743.431;-6430.939;4607.471
8.757989;53612672;9;53611554;560.81;703.061;427.449;4612.465;-12031.614;-4671.692;;;;;;;
8.760489;53615172;17;;;;;;;;;;;;;;
8.761692;53616375;16;;;;;;;;;;;;;;
8.762989;53617672;17;;;;;;;;;;;;;;
8.764192;53618875;16;;;;;;;;;;;;;;
8.765489;53620172;18;;;;;;;;;;;;;;
8.766244;53620927;9;;;;;;;;;;;;;;
8.766692;53621375;9;;;;;;;;;;;;;;
8.767989;53622672;9;;;;;;;;;;;;;;
8.769192;53623875;9;;;;;;;;;;;;;;
8.771692;53626375;9;;;;;;;;;;;;;;
8.774192;53628875;16;;;;;;;;;;;;;;
8.776692;53631375;9;;;;;;;;;;;;;;
8.785229;53639912;20;;;;;;;;;;;;;;
8.787729;53642412;9;53642018;563.593;703.983;422.449;3539.654;-11328.971;-4417.545;53641580;243.772;903.536;-296.95;5868.572;-6186.83;4458.035
8.790229;53644912;16;;;;;;;;;;;;;;
8.792664;53647347;18;;;;;;;;;;;;;;
8.792729;53647412;17;;;;;;;;;;;;;;
8.795164;53649847;8;;;;;;;;;;;;;;
8.795229;53649912;8;;;;;;;;;;;;;;
8.797664;53652347;8;;;;;;;;;;;;;;
8.797729;53652412;9;;;;;;;;;;;;;;
8.800164;53654847;9;;;;;;;;;;;;;;
8.802664;53657347;8;;;;;;;;;;;;;;
8.805164;53659847;17;;;;;;;;;;;;;;
8.812193;53666876;9;;;;;;;;;;;;;;
8.814693;53669376;18;;;;;;;;53670575;247.022;902.17;-300.275;4985.831;-5963.675;4198.821
8.817193;53671876;17;53671013;565.413;704.664;418.254;2537.984;-10617.71;-4161.668;;;;;;;
8.819693;53674376;7;;;;;;;;;;;;;;
8.822193;53676876;8;;;;;;;;;;;;;;
8.823452;53678135;9;;;;;;;;;;;;;;
8.824693;53679376;7;;;;;;;;;;;;;;
8.825952;53680635;9;;;;;;;;;;;;;;
8.827193;53681876;7;;;;;;;;;;;;;;
8.828452;53683135;10;;;;;;;;;;;;;;
8.830952;53685635;16;;;;;;;;;;;;;;
8.833452;53688135;16;;;;;;;;;;;;;;
8.835952;53690635;18;;;;;;;;;;;;;;
8.846795;53701478;;53701478;565.824;705.494;414.238;2005.959;-10043.512;-3945.272;53701040;248.378;901.158;-302.982;4323.539;-5719.304;3869.88
8.851208;53705891;18;;;;;;;;;;;;;;
8.853708;53708391;16;;;;;;;;;;;;;;
8.854673;53709356;18;;;;;;;;;;;;;;
8.854861;53709544;18;;;;;;;;;;;;;;
8.856208;53710891;9;;;;;;;;;;;;;;
8.857173;53711856;8;;;;;;;;;;;;;;
8.857361;53712044;10;;;;;;;;;;;;;;
8.859673;53714356;16;;;;;;;;;;;;;;
8.859861;53714544;17;;;;;;;;;;;;;;
8.862173;53716856;8;;;;;;;;;;;;;;
8.862361;53717044;8;;;;;;;;;;;;;;
8.864673;53719356;16;;;;;;;;;;;;;;
8.867173;53721856;16;;;;;;;;;;;;;;
8.874318;53729001;17;;;;;;;;;;;;;;
8.876818;53731501;8;53732203;566.13;707.167;411.246;1846.599;-9428.898;-3757.196;53731765;249.763;899.862;-305.12;3838.737;-5332.276;3525.01
8.879318;53734001;18;;;;;;;;;;;;;;
8.881818;53736501;17;;;;;;;;;;;;;;
8.882619;53737302;9;;;;;;;;;;;;;;
8.884318;53739001;16;;;;;;;;;;;;;;
8.885119;53739802;16;;;;;;;;;;;;;;
8.886818;53741501;9;;;;;;;;;;;;;;
8.887619;53742302;19;;;;;;;;;;;;;;
8.890119;53744802;18;;;;;;;;;;;;;;
8.892619;53747302;8;;;;;;;;;;;;;;
8.895119;53749802;18;;;;;;;;;;;;;;
8.897619;53752302;9;;;;;;;;;;;;;;
8.905344;53760027;17;;;;;;;;;;;;;;
8.907844;53762527;9;53762753;565.859;710.525;408.319;1691.707;-8890.953;-3608.711;53762315;249.677;899.545;-307.969;3463.488;-5007.038;3287.073
8.910344;53765027;9;;;;;;;;;;;;;;
8.912844;53767527;9;;;;;;;;;;;;;;
8.915344;53770027;9;;;;;;;;;;;;;;
8.917844;53772527;9;;;;;;;;;;;;;;
8.924593;53779276;9;;;;;;;;;;;;;;
8.927093;53781776;7;;;;;;;;;;;;;;
8.929593;53784276;8;53784689;565.986;712.813;404.453;1497.746;-8338.78;-3501.775;53784247;250.296;898.823;-310.144;3103.501;-4674.873;3071.531
8.932093;53786776;7;;;;;;;;;;;;;;
8.934593;53789276;18;;;;;;;;;;;;;;
8.937093;53791776;8;;;;;;;;;;;;;;
8.939593;53794276;8;;;;;;;;;;;;;;
8.939741;53794424;18;;;;;;;;;;;;;;
8.942241;53796924;10;;;;;;;;;;;;;;
8.944741;53799424;10;;;;;;;;;;;;;;
8.947241;53801924;16;;;;;;;;;;;;;;
8.94759;53802273;10;;;;;;;;;;;;;;
8.95009;53804773;8;;;;;;;;;;;;;;
8.95259;53807273;8;;;;;;;;;;;;;;
8.95509;53809773;8;53810496;565.869;714.822;401.231;1253.984;-7708.341;-3310.499;53810057;250.92;897.064;-310.991;2935.201;-4344.004;2793.705
8.95759;53812273;11;;;;;;;;;;;;;;
8.96009;53814773;10;;;;;;;;;;;;;;
8.96259;53817273;8;;;;;;;;;;;;;;
8.96509;53819773;9;;;;;;;;;;;;;;
8.974716;53829399;9;;;;;;;;;;;;;;
8.977216;53831899;9;;;;;;;;;;;;;;
8.979716;53834399;8;53833679;566.831;715.565;399.823;536.347;-6982.987;-2950.724;53833237;253.514;894.215;-310.057;2870.253;-4072.554;2508.332
8.982216;53836899;8;;;;;;;;;;;;;;
8.984716;53839399;18;;;;;;;;;;;;;;
8.985934;53840617;18;;;;;;;;;;;;;;
8.987216;53841899;10;;;;;;;;;;;;;;
8.988434;53843117;18;;;;;;;;;;;;;;
8.989716;53844399;9;;;;;;;;;;;;;;
8.990934;53845617;16;;;;;;;;;;;;;;
8.993434;53848117;16;;;;;;;;;;;;;;
8.995934;53850617;9;;;;;;;;;;;;;;
8.998434;53853117;9;;;;;;;;;;;;;;
9.005552;53860235;8;;;;;;;;;;;;;;
9.008052;53862735;16;53863960;565.677;716.472;397.125;-253.033;-6305.712;-2521.438;53863522;252.819;894.968;-311.128;2984.865;-3727.177;2130.915
9.010552;53865235;16;;;;;;;;;;;;;;
9.013052;53867735;9;;;;;;;;;;;;;;
9.015552;53870235;7;;;;;;;;;;;;;;
9.016904;53871587;16;;;;;;;;;;;;;;
9.018052;53872735;19;;;;;;;;;;;;;;
9.019404;53874087;8;;;;;;;;;;;;;;
9.020552;53875235;8;;;;;;;;;;;;;;
9.021904;53876587;9;;;;;;;;;;;;;;
9.024404;53879087;9;;;;;;;;;;;;;;
9.026904;53881587;17;;;;;;;;;;;;;;
9.029404;53884087;17;;;;;;;;;;;;;;
9.036448;53891131;9;;;;;;;;;;;;;;
9.038948;53893631;9;53894339;565.965;716.065;394.691;-783.319;-5524.489;-2188.866;53893901;253.519;894.097;-314.012;2728.872;-3324.255;1767.995
9.041448;53896131;7;;;;;;;;;;;;;;
9.043808;53898491;8;;;;;;;;;;;;;;
9.043948;53898631;17;;;;;;;;;;;;;;
9.046308;53900991;9;;;;;;;;;;;;;;
9.046448;53901131;18;;;;;;;;;;;;;;
9.048808;53903491;8;;;;;;;;;;;;;;
9.048948;53903631;8;;;;;;;;;;;;;;
9.051308;53905991;8;;;;;;;;;;;;;;
9.053808;53908491;8;;;;;;;;;;;;;;
9.056308;53910991;16;;;;;;;;;;;;;;
9.058808;53913491;16;;;;;;;;;;;;;;
9.067218;53921901;17;;;;;;;;;;;;;;
9.069718;53924401;18;53924544;564.8;716.404;392.164;-1004.465;-4949.89;-1831.36;53924105;253.836;890.579;-316.807;2557.428;-3006.23;1474.845
9.072218;53926901;9;;;;;;;;;;;;;;
9.074718;53929401;8;;;;;;;;;;;;;;
9.075119;53929802;16;;;;;;;;;;;;;;
9.077218;53931901;16;;;;;;;;;;;;;;
9.077619;53932302;8;;;;;;;;;;;;;;
9.079718;53934401;8;;;;;;;;;;;;;;
9.080119;53934802;18;;;;;;;;;;;;;;
9.082619;53937302;8;;;;;;;;;;;;;;
9.085119;53939802;17;;;;;;;;;;;;;;
9.087619;53942302;16;;;;;;;;;;;;;;
9.090119;53944802;7;;;;;;;;;;;;;;
9.098274;53952957;16;;;;;;;;;;;;;;
9.100774;53955457;9;53955094;565.657;717.123;391.679;-1107.367;-4543.145;-1482.98;53954656;254.9;889.159;-319.254;2527.995;-2809.106;1299.165
9.103274;53957957;16;;;;;;;;;;;;;;
9.105774;53960457;16;;;;;;;;;;;;;;
9.108274;53962957;17;;;;;;;;;;;;;;
9.110774;53965457;9;;;;;;;;;;;;;;
9.11784;53972523;16;;;;;;;;;;;;;;
9.12034;53975023;10;;;;;;;;;;;;;;
9.12284;53977523;10;53977123;566.05;717.062;389.548;-1071.686;-4137.05;-1197.081;53976679;255.257;889.084;-320.914;2494.345;-2480.963;1179.957
9.12534;53980023;8;;;;;;;;;;;;;;
9.125401;53980084;24;;;;;;;;;;;;;;
9.12784;53982523;9;;;;;;;;;;;;;;
9.127901;53982584;9;;;;;;;;;;;;;;
9.13034;53985023;16;;;;;;;;;;;;;;
9.130401;53985084;9;;;;;;;;;;;;;;
9.132901;53987584;8;;;;;;;;;;;;;;
9.135401;53990084;16;;;;;;;;;;;;;;
9.137901;53992584;11;;;;;;;;;;;;;;
9.140401;53995084;9;;;;;;;;;;;;;;
9.151097;54005780;;;;;;;;;54005780;256.604;888.52;-321.851;2468.503;-2153.477;938.959
9.152482;54007165;9;54006218;567.241;717.022;388.639;-915.727;-3705.323;-869.477;;;;;;;
9.154982;54009665;9;;;;;;;;;;;;;;
9.155923;54010606;10;;;;;;;;;;;;;;
9.157482;54012165;8;;;;;;;;;;;;;;
9.158423;54013106;10;;;;;;;;;;;;;;
9.159982;54014665;8;;;;;;;;;;;;;;
9.160626;54015309;10;;;;;;;;;;;;;;
9.160923;54015606;18;;;;;;;;;;;;;;
9.162482;54017165;8;;;;;;;;;;;;;;
9.163423;54018106;17;;;;;;;;;;;;;;
9.165923;54020606;10;;;;;;;;;;;;;;
9.168423;54023106;17;;;;;;;;;;;;;;
9.170923;54025606;16;;;;;;;;;;;;;;
9.179629;54034312;8;;;;;;;;;;;;;;
9.182129;54036812;10;54036598;567.622;718.99;389.422;-1067.253;-3131.557;-483.44;54036159;257.065;888.599;-322.381;2759.828;-1784.616;663.198
9.184629;54039312;18;;;;;;;;;;;;;;
9.187129;54041812;9;;;;;;;;;;;;;;
9.187616;54042299;9;;;;;;;;;;;;;;
9.189629;54044312;17;;;;;;;;;;;;;;
9.190116;54044799;9;;;;;;;;;;;;;;
9.192129;54046812;18;;;;;;;;;;;;;;
9.192616;54047299;17;;;;;;;;;;;;;;
9.195116;54049799;8;;;;;;;;;;;;;;
9.197616;54052299;16;;;;;;;;;;;;;;
9.200116;54054799;8;;;;;;;;;;;;;;
9.206502;54061185;8;;;;;;;;;;;;;;
9.209002;54063685;16;;;;;;;;;;;;;;
9.211502;54066185;10;54065503;569.564;718.921;390.392;-1621.578;-2477.979;-130.268;54065065;259.176;889.498;-321.823;2816.524;-1562.823;479.976
9.214002;54068685;9;;;;;;;;;;;;;;
9.216502;54071185;18;;;;;;;;;;;;;;
9.219002;54073685;17;;;;;;;;;;;;;;
9.221502;54076185;16;;;;;;;;;;;;;;
9.229819;54084502;8;;;;;;;;;;;;;;
9.232319;54087002;7;54087380;570.397;718.672;391.234;-2330.186;-1754.705;259.058;54086940;260.411;891.762;-320.909;2558.448;-1277.306;286.665
9.234819;54089502;18;;;;;;;;;;;;;;
9.237319;54092002;8;;;;;;;;;;;;;;
9.239819;54094502;10;;;;;;;;;;;;;;
9.242319;54097002;7;;;;;;;;;;;;;;
9.244725;54099408;16;;;;;;;;;;;;;;
9.245163;54099846;232;;;;;;;;;;;;;;
9.247225;54101908;17;;;;;;;;;;;;;;
9.247663;54102346;9;;;;;;;;;;;;;;
9.249725;54104408;11;;;;;;;;;;;;;;
9.250163;54104846;10;;;;;;;;;;;;;;
9.252225;54106908;8;;;;;;;;;;;;;;
9.254725;54109408;9;;;;;;;;;;;;;;
9.257225;54111908;713;54111941;570.773;720.913;394.493;-3417.677;-1041.345;705.042;54111503;260.335;891.972;-320.754;2094.088;-963.191;-8.981
9.259725;54114408;19;;;;;;;;;;;;;;
9.262225;54116908;17;;;;;;;;;;;;;;
9.264725;54119408;8;;;;;;;;;;;;;;
9.267225;54121908;8;;;;;;;;;;;;;;
9.27972;54134403;7;;;;;;;;;;;;;;
9.28222;54136903;10;54137891;570.501;718.576;393.818;-4290.668;-278.34;1139.228;54137455;259.939;892.318;-322.125;1384.758;-549.719;-20.344
9.28472;54139403;10;;;;;;;;;;;;;;
9.28722;54141903;342;;;;;;;;;;;;;;
9.287449;54142132;8;;;;;;;;;;;;;;
9.28972;54144403;17;;;;;;;;;;;;;;
9.289949;54144632;9;;;;;;;;;;;;;;
9.29222;54146903;10;;;;;;;;;;;;;;
9.292449;54147132;16;;;;;;;;;;;;;;
9.294949;54149632;9;;;;;;;;;;;;;;
9.297449;54152132;16;;;;;;;;;;;;;;
9.299949;54154632;9;;;;;;;;;;;;;;
9.302449;54157132;9;;;;;;;;;;;;;;
9.310342;54165025;9;;;;;;;;;;;;;;
9.312842;54167525;9;54168181;571.451;714.355;394.3;-4794.51;376.077;1533.329;54167743;262.15;890.689;-323.355;1518.958;79.767;-377.64
9.315342;54170025;8;;;;;;;;;;;;;;
9.317805;54172488;9;;;;;;;;;;;;;;
9.317842;54172525;16;;;;;;;;;;;;;;
9.320305;54174988;18;;;;;;;;;;;;;;
9.320342;54175025;16;;;;;;;;;;;;;;
9.322805;54177488;10;;;;;;;;;;;;;;
9.322842;54177525;16;;;;;;;;;;;;;;
9.325305;54179988;17;;;;;;;;;;;;;;
9.327805;54182488;9;;;;;;;;;;;;;;
9.330305;54184988;9;;;;;;;;;;;;;;
9.332805;54187488;17;;;;;;;;;;;;;;
9.343531;54198214;;54198214;571.488;712.949;396.307;-4248.534;1050.273;2003.537;54197775;261.419;889.702;-325.408;1710.76;737.279;-727.133
9.345064;54199747;8;;;;;;;;;;;;;;
9.347564;54202247;8;;;;;;;;;;;;;;
9.348505;54203188;9;;;;;;;;;;;;;;
9.350064;54204747;10;;;;;;;;;;;;;;
9.351005;54205688;8;;;;;;;;;;;;;;
9.352564;54207247;9;;;;;;;;;;;;;;
9.353505;54208188;17;;;;;;;;;;;;;;
9.356005;54210688;10;;;;;;;;;;;;;;
9.35655;54211233;10;;;;;;;;;;;;;;
9.358505;54213188;19;;;;;;;;;;;;;;
9.35905;54213733;16;;;;;;;;;;;;;;
9.361005;54215688;17;;;;;;;;;;;;;;
9.368053;54222736;8;;;;;;;;;;;;;;
9.370553;54225236;8;;;;;;;;;;;;;;
9.373053;54227736;9;54227034;572.328;711.254;398.037;-3676.482;1677.635;2463.798;54226596;261.579;888.985;-326.803;1975.222;1307.227;-1006.651
9.375553;54230236;18;;;;;;;;;;;;;;
9.378053;54232736;16;;;;;;;;;;;;;;
9.380553;54235236;17;;;;;;;;;;;;;;
9.383053;54237736;8;;;;;;;;;;;;;;
9.391219;54245902;18;;;;;;;;;;;;;;
9.393719;54248402;9;54248896;572.991;709.229;399.369;-3302.783;2263.565;2973.67;54248457;261.517;888.98;-328.135;2305.648;1760.303;-1299.756
9.396219;54250902;9;;;;;;;;;;;;;;
9.398615;54253298;9;;;;;;;;;;;;;;
9.398719;54253402;10;;;;;;;;;;;;;;
9.401115;54255798;8;;;;;;;;;;;;;;
9.401219;54255902;9;;;;;;;;;;;;;;
9.403615;54258298;17;;;;;;;;;;;;;;
9.403719;54258402;8;;;;;;;;;;;;;;
9.406115;54260798;9;;;;;;;;;;;;;;
9.408615;54263298;10;;;;;;;;;;;;;;
9.411115;54265798;18;;;;;;;;;;;;;;
9.413615;54268298;9;;;;;;;;;;;;;;
9.42193;54276613;16;;;;;;;;;;;;;;
9.42443;54279113;237;54278936;573.054;707.092;400.214;-2939.457;2753.262;3412.987;54278495;260.599;890.037;-329.638;2333.866;2152.226;-1603.581
9.42693;54281613;10;;;;;;;;;;;;;;
9.42943;54284113;9;;;;;;;;;;;;;;
9.429578;54284261;16;;;;;;;;;;;;;;
9.43193;54286613;8;;;;;;;;;;;;;;
9.432078;54286761;17;;;;;;;;;;;;;;
9.43443;54289113;20;;;;;;;;;;;;;;
9.434578;54289261;9;;;;;;;;;;;;;;
9.437078;54291761;540;;;;;;;;;;;;;;
9.439578;54294261;17;;;;;;;;;;;;;;
9.442078;54296761;7;;;;;;;;;;;;;;
9.449184;54303867;18;;;;;;;;;;;;;;
9.451684;54306367;8;;;;;;;;;;;;;;
9.454184;54308867;16;54308188;572.602;707.752;402.358;-2802.109;3118.287;3836.025;54307749;258.543;888.839;-332.871;1826.485;2458.927;-1760.089
9.456684;54311367;9;;;;;;;;;;;;;;
9.459184;54313867;9;;;;;;;;;;;;;;
9.461684;54316367;458;;;;;;;;;;;;;;
9.464184;54318867;16;;;;;;;;;;;;;;
9.472557;54327240;10;;;;;;;;;;;;;;
9.475057;54329740;16;54330075;571.44;707.873;403.676;-2867.628;3290.497;4163.099;54329627;255.461;887.671;-336.144;1379.473;2565.23;-1749.96
9.477557;54332240;8;;;;;;;;;;;;;;
9.480057;54334740;18;;;;;;;;;;;;;;
9.480113;54334796;60;;;;;;;;;;;;;;
9.482557;54337240;8;;;;;;;;;;;;;;
9.482613;54337296;18;;;;;;;;;;;;;;
9.485057;54339740;18;;;;;;;;;;;;;;
9.485113;54339796;17;;;;;;;;;;;;;;
9.487613;54342296;9;;;;;;;;;;;;;;
9.490113;54344796;9;;;;;;;;;;;;;;
9.492613;54347296;8;;;;;;;;;;;;;;
9.495113;54349796;18;;;;;;;;;;;;;;
9.503548;54358231;10;;;;;;;;;;;;;;
9.506048;54360731;78;54360524;570.995;706.072;404.037;-2872.997;3367.472;4391.131;54360085;253.18;887.75;-338.393;1067.687;2511.781;-1730.274
9.508548;54363231;17;;;;;;;;;;;;;;
9.510995;54365678;9;;;;;;;;;;;;;;
9.511048;54365731;8;;;;;;;;;;;;;;
9.513495;54368178;18;;;;;;;;;;;;;;
9.513548;54368231;7;;;;;;;;;;;;;;
9.515995;54370678;19;;;;;;;;;;;;;;
9.516048;54370731;8;;;;;;;;;;;;;;
9.518495;54373178;524;;;;;;;;;;;;;;
9.520995;54375678;19;;;;;;;;;;;;;;
9.523495;54378178;9;;;;;;;;;;;;;;
9.53059;54385273;7;;;;;;;;;;;;;;
9.53309;54387773;8;;;;;;;;;;;;;;
9.53559;54390273;16;54389603;570.92;703.83;405.203;-2534.222;3366.224;4582.387;54389165;251.843;888.155;-339.548;1031.365;2333.692;-1918.51
9.53809;54392773;16;;;;;;;;;;;;;;
9.54059;54395273;171;;;;;;;;;;;;;;
9.54309;54397773;1147;;;;;;;;;;;;;;
9.54559;54400273;18;;;;;;;;;;;;;;
9.556616;54411299;;;;;;;;;54411299;249.852;888.088;-340.639;975.86;2176.758;-2089.022
9.55791;54412593;17;54411735;570.684;704.067;407.495;-2093.823;3290.662;4722.08;;;;;;;
9.56041;54415093;8;;;;;;;;;;;;;;
9.561788;54416471;1659;;;;;;;;;;;;;;
9.56291;54417593;16;;;;;;;;;;;;;;
9.564288;54418971;217;;;;;;;;;;;;;;
9.56541;54420093;16;;;;;;;;;;;;;;
9.566211;54420894;8;;;;;;;;;;;;;;
9.566788;54421471;16;;;;;;;;;;;;;;
9.56791;54422593;582;;;;;;;;;;;;;;
9.569288;54423971;18;;;;;;;;;;;;;;
9.571788;54426471;8;;;;;;;;;;;;;;
9.574288;54428971;16;;;;;;;;;;;;;;
9.576788;54431471;16;;;;;;;;;;;;;;
9.58572;54440403;591;;;;;;;;;;;;;;
9.58822;54442903;1977;54442633;571.241;703.054;406.945;-1713.507;3212.317;4771.226;54442195;248.852;887.963;-340.071;1038.629;1990.92;-2235.696
9.59072;54445403;551;;;;;;;;;;;;;;
9.59322;54447903;19;;;;;;;;;;;;;;
9.59371;54448393;8;;;;;;;;;;;;;;
9.59572;54450403;19;;;;;;;;;;;;;;
9.59621;54450893;7;;;;;;;;;;;;;;
9.59822;54452903;16;;;;;;;;;;;;;;
9.59871;54453393;697;;;;;;;;;;;;;;
9.60121;54455893;2400;;;;;;;;;;;;;;
9.60371;54458393;861;;;;;;;;;;;;;;
9.60621;54460893;23;;;;;;;;;;;;;;
9.613593;54468276;16;;;;;;;;;;;;;;
9.616093;54470776;16;;;;;;;;;;;;;;
9.618593;54473276;9;54472582;571.874;699.823;406.216;-1080.519;3369.763;4932.102;54472144;248.536;887.223;-340.214;1242.198;1982.374;-2552.224
9.621093;54475776;9;;;;;;;;;;;;;;
9.623593;54478276;1338;;;;;;;;;;;;;;
9.626093;54480776;3049;;;;;;;;;;;;;;
9.628593;54483276;1465;;;;;;;;;;;;;;
9.629393;54484076;477;;;;;;;;;;;;;;
9.631893;54486576;11;;;;;;;;;;;;;;
9.634393;54489076;17;;;;;;;;;;;;;;
9.636893;54491576;18;;;;;;;;;;;;;;
9.639393;54494076;7;54494985;572.096;694.801;404.388;-272.681;3440.15;5202.184;54494543;247.919;885.598;-340.832;1706.4;1933.13;-3122.425
9.641893;54496576;2266;;;;;;;;;;;;;;
9.644393;54499076;4095;;;;;;;;;;;;;;
9.646893;54501576;3292;;;;;;;;;;;;;;
9.649393;54504076;2253;;;;;;;;;;;;;;
9.653505;54508188;1241;;;;;;;;;;;;;;
9.656005;54510688;317;;;;;;;;;;;;;;
9.658505;54513188;20;;;;;;;;;;;;;;
9.661005;54515688;17;;;;;;;;;;;;;;
9.663505;54518188;4095;;;;;;;;;;;;;;
9.666005;54520688;4095;54520587;573.595;690.11;401.895;1011.891;3433.517;5574.262;54520148;247.949;883.201;-343.097;2450.58;1855.724;-4005.366
9.668505;54523188;3753;;;;;;;;;;;;;;
9.671005;54525688;2519;;;;;;;;;;;;;;
9.673505;54528188;1372;;;;;;;;;;;;;;
9.674117;54528800;18;;;;;;;;;;;;;;
9.676005;54530688;312;;;;;;;;;;;;;;
9.676617;54531300;954;;;;;;;;;;;;;;
9.679117;54533800;4095;;;;;;;;;;;;;;
9.681617;54536300;4095;;;;;;;;;;;;;;
9.684117;54538800;4095;;;;;;;;;;;;;;
9.686617;54541300;2408;;;;;;;;;;;;;;
9.689117;54543800;839;;;;;;;;;;;;;;
9.691617;54546300;20;;;;;;;;;;;;;;
9.694117;54548800;17;54548191;574.769;686.916;399.588;2419.921;3287.654;5961.861;54547749;247.001;879.094;-346.042;3651.489;1654.437;-5034.91
9.696617;54551300;3645;;;;;;;;;;;;;;
9.699117;54553800;4095;;;;;;;;;;;;;;
9.701617;54556300;4095;;;;;;;;;;;;;;
9.704117;54558800;4095;;;;;;;;;;;;;;
9.707009;54561692;2687;;;;;;;;;;;;;;
9.709509;54564192;557;;;;;;;;;;;;;;
9.712009;54566692;20;;;;;;;;;;;;;;
9.714509;54569192;9;;;;;;;;;;;;;;
9.717009;54571692;4095;;;;;;;;;;;;;;
9.719509;54574192;4095;;;;;;;;;;;;;;
9.722009;54576692;4095;;;;;;;;;;;;;;
9.724509;54579192;4095;;;;;;;;54580122;245.35;875.106;-347.247;5530.852;1416.403;-6089.977
9.727009;54581692;3978;54580560;576.158;686.114;398.604;4114.55;2969.271;6322.206;;;;;;;
9.729509;54584192;719;;;;;;;;;;;;;;
9.732009;54586692;19;;;;;;;;;;;;;;
9.734509;54589192;1432;;;;;;;;;;;;;;
9.737009;54591692;4095;;;;;;;;;;;;;;
9.756235;54610918;1112;;;;;;;;;;;;;;
9.758735;54613418;22;54612854;577.374;690.067;400.634;5501.76;2545.62;6638.72;54612412;240.019;875.643;-349.021;7565.184;1406.833;-6702.478
9.759761;54614444;4095;;;;;;;;;;;;;;
9.761235;54615918;2427;;;;;;;;;;;;;;
9.762261;54616944;4095;;;;;;;;;;;;;;
9.763735;54618418;4095;;;;;;;;;;;;;;
9.764761;54619444;4095;;;;;;;;;;;;;;
9.766235;54620918;4095;;;;;;;;;;;;;;
9.767261;54621944;4095;;;;;;;;;;;;;;
9.768735;54623418;4095;;;;;;;;;;;;;;
9.769031;54623714;1383;;;;;;;;;;;;;;
9.771235;54625918;4095;;;;;;;;;;;;;;
9.771531;54626214;24;;;;;;;;;;;;;;
9.773735;54628418;4095;;;;;;;;;;;;;;
9.774031;54628714;2698;;;;;;;;;;;;;;
9.776531;54631214;4095;;;;;;;;;;;;;;
9.779031;54633714;4095;;;;;;;;;;;;;;
9.781531;54636214;4095;;;;;;;;;;;;;;
9.784031;54638714;4095;;;;;;;;;;;;;;
9.786531;54641214;4095;;;;;;;;;;;;;;
9.789031;54643714;1070;54644095;578.597;696.287;402.556;6465.672;2099.839;6716.284;54643657;234.691;877.8;-350.388;8555.862;1527.679;-6601.417
9.791531;54646214;21;;;;;;;;;;;;;;
9.794031;54648714;2232;;;;;;;;;;;;;;
9.796531;54651214;4095;;;;;;;;;;;;;;
9.799031;54653714;4095;;;;;;;;;;;;;;
9.80224;54656923;4095;;;;;;;;;;;;;;
9.80474;54659423;4095;;;;;;;;;;;;;;
9.80724;54661923;4095;;;;;;;;;;;;;;
9.80974;54664423;56;;;;;;;;;;;;;;
9.81224;54666923;19;;;;;;;;;;;;;;
9.81474;54669423;122;;;;;;;;;;;;;;
9.81724;54671923;4062;;;;;;;;;;;;;;
9.81974;54674423;4095;;;;;;;;;;;;;;
9.82224;54676923;4095;54676826;580.185;698.689;401.576;6823.576;1842.159;6619.782;54676384;231.381;879.849;-352.212;8569.068;1926.42;-6108.596
9.82474;54679423;4095;;;;;;;;;;;;;;
9.82724;54681923;1036;;;;;;;;;;;;;;
9.82974;54684423;27;;;;;;;;;;;;;;
9.83224;54686923;17;;;;;;;;;;;;;;
9.843372;54698055;19;;;;;;;;;;;;;;
9.845872;54700555;17;;;;;;;;;;;;;;
9.848372;54703055;8;;;;;;;;;;;;;;
9.850872;54705555;736;;;;;;;;;;;;;;
9.851016;54705699;7;;;;;;;;;;;;;;
9.853372;54708055;4095;;;;;;;;;;;;;;
9.853516;54708199;1687;54709105;581.579;699.324;401.426;7109.335;1627.114;6449.355;54708667;226.021;889.445;-359.3;8676.99;2026.536;-5948.854
9.855872;54710555;4095;;;;;;;;;;;;;;
9.856016;54710699;4095;;;;;;;;;;;;;;
9.858372;54713055;3785;;;;;;;;;;;;;;
9.858516;54713199;4095;;;;;;;;;;;;;;
9.860872;54715555;44;;;;;;;;;;;;;;
9.861016;54715699;3898;;;;;;;;;;;;;;
9.863372;54718055;10;;;;;;;;;;;;;;
9.863516;54718199;44;;;;;;;;;;;;;;
9.865872;54720555;18;;;;;;;;;;;;;;
9.868372;54723055;16;;;;;;;;;;;;;;
9.870872;54725555;504;;;;;;;;;;;;;;
9.873372;54728055;4095;;;;;;;;;;;;;;
9.875588;54730271;4095;;;;;;;;;;;;;;
9.878088;54732771;3144;;;;;;;;;;;;;;
9.880588;54735271;42;;;;;;;;;;;;;;
9.883088;54737771;19;;;;;;;;;;;;;;
9.885588;54740271;9;;;;;;;;;;;;;;
9.888088;54742771;17;;;;;;;;;;;;;;
9.890588;54745271;604;;;;;;;;;;;;;;
9.893088;54747771;4095;;;;;;;;;;;;;;
9.895588;54750271;4095;54750160;584.561;701.903;401.088;7148.056;1769.758;6177.638;54749722;223.364;889.167;-364.064;8840.328;1670.584;-6443.723
9.898088;54752771;4028;;;;;;;;;;;;;;
9.900588;54755271;44;;;;;;;;;;;;;;
9.903088;54757771;19;;;;;;;;;;;;;;
9.905588;54760271;9;;;;;;;;;;;;;;
9.907742;54762425;9;;;;;;;;;;;;;;
9.910242;54764925;2328;;;;;;;;;;;;;;
9.912742;54767425;4095;;;;;;;;;;;;;;
9.915242;54769925;4095;;;;;;;;;;;;;;
9.917742;54772425;4095;;;;;;;;;;;;;;
9.920242;54774925;926;;;;;;;;;;;;;;
9.922742;54777425;21;;;;;;;;;;;;;;
9.925242;54779925;16;;;;;;;;;;;;;;
9.927742;54782425;9;54781750;586.102;698.979;395.094;7156.84;1925.395;5961.943;54781314;222.383;885.78;-366.442;9631.624;1407.243;-6989.537
9.930242;54784925;3916;;;;;;;;;;;;;;
9.932742;54787425;4095;;;;;;;;;;;;;;
9.935242;54789925;4095;;;;;;;;;;;;;;
9.937742;54792425;4095;;;;;;;;;;;;;;
9.944406;54799089;30;;;;;;;;;;;;;;
9.946906;54801589;18;;;;;;;;;;;;;;
9.949406;54804089;1686;;;;;;;;;;;;;;
9.951906;54806589;4095;;;;;;;;;;;;;;
9.954406;54809089;4095;;;;;;;;;;;;;;
9.956906;54811589;4095;;;;;;;;;;;;;;
9.959406;54814089;4095;54813873;587.345;699.136;394.255;7998.623;2011.563;5789.846;54813435;218.62;887.747;-372.276;10771.418;1352.193;-7919.31
9.961906;54816589;4095;;;;;;;;;;;;;;
9.964406;54819089;936;;;;;;;;;;;;;;
9.966906;54821589;22;;;;;;;;;;;;;;
9.96834;54823023;3000;;;;;;;;;;;;;;
9.969406;54824089;3050;;;;;;;;;;;;;;
9.971906;54826589;4095;;;;;;;;;;;;;;
9.973434;54828117;4095;;;;;;;;;;;;;;
9.975934;54830617;4095;;;;;;;;;;;;;;
9.978434;54833117;4095;;;;;;;;;;;;;;
9.980934;54835617;4095;;;;;;;;;;;;;;
9.983434;54838117;3597;;;;;;;;;;;;;;
9.985934;54840617;4095;;;;;;;;;;;;;;
9.988434;54843117;4095;;;;;;;;;;;;;;
9.990934;54845617;4095;54846415;591.406;700.2;393.794;8698.129;2125.797;5453.979;54845977;212.411;885.981;-376.592;12060.284;1195.771;-9012.156
9.993434;54848117;4095;;;;;;;;;;;;;;
9.995934;54850617;4095;;;;;;;;;;;;;;
9.998434;54853117;4095;;;;;;;;;;;;;;
10.000934;54855617;4095;;;;;;;;;;;;;;
10.002872;54857555;4095;;;;;;;;;;;;;;
10.005372;54860055;4095;;;;;;;;;;;;;;
10.007872;54862555;4095;;;;;;;;;;;;;;
10.010372;54865055;4095;;;;;;;;;;;;;;
10.012872;54867555;4095;;;;;;;;;;;;;;
10.015372;54870055;4095;;;;;;;;;;;;;;
10.017872;54872555;4095;;;;;;;;;;;;;;
10.020372;54875055;4095;;;;;;;;;;;;;;
10.022872;54877555;4095;54877935;592.885;702.363;391.996;9462.848;2206.32;5060.53;54877493;208.897;887.578;-380.601;13575.207;968.857;-9934.86
10.025372;54880055;4095;;;;;;;;;;;;;;
10.027872;54882555;4095;;;;;;;;;;;;;;
10.030372;54885055;4095;;;;;;;;;;;;;;
10.032872;54887555;4095;;;;;;;;;;;;;;
10.048916;54903599;4095;;;;;;;;;;;;;;
10.051416;54906099;4095;;;;;;;;;;;;;;
10.053916;54908599;4095;;;;;;;;;;;;;;
10.056416;54911099;4095;54910998;595.125;705.169;391.288;10073.83;2385.629;4644.753;54910559;205.424;888.455;-383.763;13393.884;991.289;-10415.93
10.058916;54913599;4095;;;;;;;;;;;;;;
10.060596;54915279;4095;;;;;;;;;;;;;;
10.061416;54916099;4095;;;;;;;;;;;;;;
10.063096;54917779;4095;;;;;;;;;;;;;;
10.063916;54918599;4095;;;;;;;;;;;;;;
10.065596;54920279;4095;;;;;;;;;;;;;;
10.066416;54921099;4095;;;;;;;;;;;;;;
10.068916;54923599;4095;;;;;;;;;;;;;;
10.070348;54925031;4095;;;;;;;;;;;;;;
10.071416;54926099;4095;;;;;;;;;;;;;;
10.072848;54927531;4095;;;;;;;;;;;;;;
10.075348;54930031;4095;;;;;;;;;;;;;;
10.077848;54932531;4095;;;;;;;;;;;;;;
10.080348;54935031;4095;;;;;;;;;;;;;;
10.082848;54937531;4095;;;;;;;;;;;;;;
10.085348;54940031;4095;;;;;;;;;;;;;;
10.087848;54942531;4095;;;;;;;;;;;;;;
10.090348;54945031;4095;54944237;596.393;708.523;391.561;9889.514;2657.035;4323.266;54943799;201.466;882.688;-388.596;12506.314;1179.725;-10432.82
10.092848;54947531;4095;;;;;;;;;;;;;;
10.095348;54950031;4095;;;;;;;;;;;;;;
10.097848;54952531;4095;;;;;;;;;;;;;;
10.100348;54955031;4095;;;;;;;;;;;;;;
10.104016;54958699;4095;;;;;;;;;;;;;;
10.106516;54961199;4095;;;;;;;;;;;;;;
10.109016;54963699;4095;;;;;;;;;;;;;;
10.111516;54966199;4095;;;;;;;;;;;;;;
10.114016;54968699;4095;;;;;;;;;;;;;;
10.116516;54971199;4095;;;;;;;;;;;;;;
10.119016;54973699;4095;;;;;;;;;;;;;;
10.121516;54976199;4095;;;;;;;;54977044;198.103;877.71;-392.468;11721.749;1262.051;-9850.804
10.124016;54978699;4095;54977480;597.842;710.752;389.788;8868.288;2826.058;3997.727;;;;;;;
10.126516;54981199;4095;;;;;;;;;;;;;;
10.129016;54983699;4095;;;;;;;;;;;;;;
10.131516;54986199;4095;;;;;;;;;;;;;;
10.134016;54988699;4095;;;;;;;;;;;;;;
10.154114;55008797;4095;;;;;;;;;;;;;;
10.156614;55011297;4095;55010640;599.481;712.193;388.916;7575.249;3021.63;3694.591;55010202;195.219;875.694;-396.873;11007.911;1542.824;-9047.639
10.157621;55012304;4095;;;;;;;;;;;;;;
10.159114;55013797;4095;;;;;;;;;;;;;;
10.160121;55014804;4095;;;;;;;;;;;;;;
10.161614;55016297;4095;;;;;;;;;;;;;;
10.162621;55017304;4095;;;;;;;;;;;;;;
10.164114;55018797;4095;;;;;;;;;;;;;;
10.165121;55019804;4095;;;;;;;;;;;;;;
10.166614;55021297;4095;;;;;;;;;;;;;;
10.167092;55021775;4095;;;;;;;;;;;;;;
10.169114;55023797;4095;;;;;;;;;;;;;;
10.169592;55024275;4095;;;;;;;;;;;;;;
10.171614;55026297;4095;;;;;;;;;;;;;;
10.172092;55026775;4095;;;;;;;;;;;;;;
10.174592;55029275;4095;;;;;;;;;;;;;;
10.177092;55031775;4095;;;;;;;;;;;;;;
10.179592;55034275;4095;;;;;;;;;;;;;;
10.182092;55036775;4095;;;;;;;;;;;;;;
10.184592;55039275;4095;;;;;;;;;;;;;;
10.187092;55041775;4095;55042146;601.215;713.452;390.253;6130.736;3190.361;3438.549;55041707;191.381;876.934;-402.033;9944.766;1727.307;-8055.819
10.189592;55044275;4095;;;;;;;;;;;;;;
10.192092;55046775;4095;;;;;;;;;;;;;;
10.194592;55049275;4095;;;;;;;;;;;;;;
10.197092;55051775;4095;;;;;;;;;;;;;;
10.200636;55055319;4095;;;;;;;;;;;;;;
10.203136;55057819;4095;;;;;;;;;;;;;;
10.205636;55060319;4095;;;;;;;;;;;;;;
10.208136;55062819;4095;;;;;;;;;;;;;;
10.210636;55065319;4095;;;;;;;;;;;;;;
10.213136;55067819;4095;;;;;;;;;;;;;;
10.215636;55070319;4095;;;;;;;;;;;;;;
10.218136;55072819;4095;;;;;;;;;;;;;;
10.220636;55075319;4095;55075224;601.941;712.854;388.949;4440.824;3466.593;3066.684;55074782;187.656;879.911;-408.113;8296.465;1743.317;-6939.466
10.223136;55077819;4095;;;;;;;;;;;;;;
10.225636;55080319;4095;;;;;;;;;;;;;;
10.228136;55082819;4095;;;;;;;;;;;;;;
10.230636;55085319;4095;;;;;;;;;;;;;;
10.242987;55097670;4095;;;;;;;;;;;;;;
10.245487;55100170;4095;;;;;;;;;;;;;;
10.247987;55102670;4095;;;;;;;;;;;;;;
10.250206;55104889;4095;;;;;;;;;;;;;;
10.250487;55105170;4095;;;;;;;;;;;;;;
10.252706;55107389;4095;;;;;;;;;;;;;;
10.252987;55107670;4095;55108286;601.057;711.853;388.149;3050.22;3821.326;2712.974;55107848;182.641;884.111;-415.871;6838.642;1527.089;-6363.243
10.255206;55109889;4095;;;;;;;;;;;;;;
10.255487;55110170;4095;;;;;;;;;;;;;;
10.257706;55112389;4095;;;;;;;;;;;;;;
10.257987;55112670;4095;;;;;;;;;;;;;;
10.260206;55114889;4095;;;;;;;;;;;;;;
10.260487;55115170;4095;;;;;;;;;;;;;;
10.262706;55117389;4095;;;;;;;;;;;;;;
10.262987;55117670;4095;;;;;;;;;;;;;;
10.265487;55120170;4095;;;;;;;;;;;;;;
10.267987;55122670;4095;;;;;;;;;;;;;;
10.270487;55125170;4095;;;;;;;;;;;;;;
10.272987;55127670;4095;;;;;;;;;;;;;;
10.276578;55131261;4095;;;;;;;;;;;;;;
10.279078;55133761;4095;;;;;;;;;;;;;;
10.281578;55136261;4095;;;;;;;;;;;;;;
10.284078;55138761;4095;;;;;;;;;;;;;;
10.286578;55141261;4095;;;;;;;;;;;;;;
10.289078;55143761;4095;;;;;;;;;;;;;;
10.291578;55146261;4095;;;;;;;;;;;;;;
10.294078;55148761;4095;;;;;;;;;;;;;;
10.296578;55151261;4095;55151248;600.217;710.268;386.566;2321.959;4227.447;2152.076;55150810;177.663;893.025;-422.369;6061.397;638.734;-6763.018
10.299078;55153761;4095;;;;;;;;;;;;;;
10.301578;55156261;4095;;;;;;;;;;;;;;
10.304078;55158761;4095;;;;;;;;;;;;;;
10.306578;55161261;4095;;;;;;;;;;;;;;
10.310182;55164865;4095;;;;;;;;;;;;;;
10.312682;55167365;4095;;;;;;;;;;;;;;
10.315182;55169865;4095;;;;;;;;;;;;;;
10.317682;55172365;4095;;;;;;;;;;;;;;
10.320182;55174865;4095;;;;;;;;;;;;;;
10.322682;55177365;4095;;;;;;;;;;;;;;
10.325182;55179865;4095;;;;;;;;;;;;;;
10.327682;55182365;4095;;;;;;;;;;;;;;
10.330182;55184865;4095;55184231;600.755;710.617;387.13;2612.299;4825.45;1438.972;55183795;172.47;902.096;-431.506;5532.14;-565.703;-8453.555
10.332682;55187365;4095;;;;;;;;;;;;;;
10.335182;55189865;4095;;;;;;;;;;;;;;
10.337682;55192365;4095;;;;;;;;;;;;;;
10.340182;55194865;4095;;;;;;;;;;;;;;
10.347838;55202521;4095;;;;;;;;;;;;;;
10.350338;55205021;4095;;;;;;;;;;;;;;
10.352838;55207521;4095;;;;;;;;;;;;;;
10.355338;55210021;4095;;;;;;;;;;;;;;
10.357838;55212521;4095;;;;;;;;;;;;;;
10.360338;55215021;4095;;;;;;;;;;;;;;
10.362838;55217521;4095;55217305;601.205;711.332;387.964;2569.621;5498.553;661.336;55216866;167.415;907.145;-441.59;5279.595;-2451.042;-10759.127
10.365338;55220021;4095;;;;;;;;;;;;;;
10.367838;55222521;4095;;;;;;;;;;;;;;
10.370338;55225021;4095;;;;;;;;;;;;;;
10.371778;55226461;4095;;;;;;;;;;;;;;
10.372838;55227521;4095;;;;;;;;;;;;;;
10.375338;55230021;4095;;;;;;;;;;;;;;
10.377563;55232246;4095;;;;;;;;;;;;;;
10.380063;55234746;4095;;;;;;;;;;;;;;
10.382563;55237246;4095;;;;;;;;;;;;;;
10.385063;55239746;4095;;;;;;;;;;;;;;
10.387563;55242246;3960;;;;;;;;;;;;;;
10.390063;55244746;3758;;;;;;;;;;;;;;
10.392563;55247246;3624;;;;;;;;;;;;;;
10.395063;55249746;3549;55250455;599.571;711.383;387.775;2780.203;6130.125;-321.981;55250016;163.022;913.15;-445.38;5581.74;-4890.928;-13799.046
10.397563;55252246;3514;;;;;;;;;;;;;;
10.400063;55254746;3454;;;;;;;;;;;;;;
10.402563;55257246;3339;;;;;;;;;;;;;;
10.405063;55259746;3164;;;;;;;;;;;;;;
10.40726;55261943;2968;;;;;;;;;;;;;;
10.40976;55264443;2791;;;;;;;;;;;;;;
10.41226;55266943;2662;;;;;;;;;;;;;;
10.41476;55269443;2585;;;;;;;;;;;;;;
10.41726;55271943;2540;;;;;;;;;;;;;;
10.41976;55274443;2475;;;;;;;;;;;;;;
10.42226;55276943;2361;;;;;;;;;;;;;;
10.42476;55279443;2184;;;;;;;;;;;;;;
10.42726;55281943;1976;55282062;598.268;714.195;389.34;3241.442;6725.306;-1100.382;55281620;153.553;918.842;-446.2;4429.841;-7316.006;-16807.281
10.42976;55284443;1783;;;;;;;;;;;;;;
10.43226;55286943;1639;;;;;;;;;;;;;;
10.43476;55289443;1549;;;;;;;;;;;;;;
10.43726;55291943;1502;;;;;;;;;;;;;;
10.45339;55308073;967;;;;;;;;;;;;;;
10.45589;55310573;798;;;;;;;;;;;;;;
10.45839;55313073;697;;;;;;;;;;;;;;
10.46089;55315573;647;55315384;596.897;718.947;393.736;3703.245;7431.603;-1856.925;55314946;145.351;914.88;-446.692;2083.411;-9323.206;-19572.355
10.46339;55318073;616;;;;;;;;;;;;;;
10.465036;55319719;1437;;;;;;;;;;;;;;
10.46589;55320573;569;;;;;;;;;;;;;;
10.467536;55322219;1321;;;;;;;;;;;;;;
10.46839;55323073;459;;;;;;;;;;;;;;
10.470036;55324719;1151;;;;;;;;;;;;;;
10.47089;55325573;286;;;;;;;;;;;;;;
10.47339;55328073;117;;;;;;;;;;;;;;
10.473953;55328636;9;;;;;;;;;;;;;;
10.47589;55330573;10;;;;;;;;;;;;;;
10.476453;55331136;8;;;;;;;;;;;;;;
10.478953;55333636;16;;;;;;;;;;;;;;
10.481453;55336136;16;;;;;;;;;;;;;;
10.483953;55338636;16;;;;;;;;;;;;;;
10.486453;55341136;9;;;;;;;;;;;;;;
10.488953;55343636;16;;;;;;;;;;;;;;
10.491453;55346136;17;;;;;;;;55347315;134.319;906.157;-443.682;220.491;-11074.733;-21625.613
10.493953;55348636;18;55347753;592.861;723.15;396.174;3574.52;8122.71;-2515.266;;;;;;;
10.496453;55351136;9;;;;;;;;;;;;;;
10.498953;55353636;8;;;;;;;;;;;;;;
10.501453;55356136;16;;;;;;;;;;;;;;
10.503953;55358636;8;;;;;;;;;;;;;;
10.505116;55359799;17;;;;;;;;;;;;;;
10.507616;55362299;8;;;;;;;;;;;;;;
10.510116;55364799;8;;;;;;;;;;;;;;
10.512616;55367299;7;;;;;;;;;;;;;;
10.515116;55369799;19;;;;;;;;;;;;;;
10.517616;55372299;17;;;;;;;;;;;;;;
10.520116;55374799;16;;;;;;;;;;;;;;
10.522616;55377299;9;55378304;589.1;723.964;397.373;3226.919;8824.324;-3292.065;55377869;122.986;896.492;-437.23;-623.971;-12395.247;-22990.395
10.525116;55379799;16;;;;;;;;;;;;;;
10.527616;55382299;10;;;;;;;;;;;;;;
10.530116;55384799;9;;;;;;;;;;;;;;
10.532616;55387299;9;;;;;;;;;;;;;;
10.535116;55389799;10;;;;;;;;;;;;;;
10.551988;55406671;17;;;;;;;;;;;;;;
10.554488;55409171;16;55408949;584.789;723.195;397.94;3233.136;9351.295;-4067.65;55408511;110.669;889.963;-432.344;-1306.773;-13157.984;-23916.375
10.556282;55410965;10;;;;;;;;;;;;;;
10.556988;55411671;9;;;;;;;;;;;;;;
10.558782;55413465;6;;;;;;;;;;;;;;
10.559488;55414171;9;;;;;;;;;;;;;;
10.561282;55415965;16;;;;;;;;;;;;;;
10.561988;55416671;9;;;;;;;;;;;;;;
10.563575;55418258;9;;;;;;;;;;;;;;
10.563782;55418465;16;;;;;;;;;;;;;;
10.564488;55419171;17;;;;;;;;;;;;;;
10.566075;55420758;17;;;;;;;;;;;;;;
10.566988;55421671;9;;;;;;;;;;;;;;
10.568575;55423258;8;;;;;;;;;;;;;;
10.569488;55424171;9;;;;;;;;;;;;;;
10.571075;55425758;16;;;;;;;;;;;;;;
10.573575;55428258;10;;;;;;;;;;;;;;
10.576075;55430758;17;;;;;;;;;;;;;;
10.578575;55433258;17;;;;;;;;;;;;;;
10.581075;55435758;10;;;;;;;;;;;;;;
10.583575;55438258;9;55438196;579.907;718.548;394.568;3653.354;9641.043;-4591.392;55437758;100.012;882.864;-428.832;-2132.184;-13731.647;-24632.869
10.586075;55440758;16;;;;;;;;;;;;;;
10.588575;55443258;16;;;;;;;;;;;;;;
10.591075;55445758;7;;;;;;;;;;;;;;
10.593575;55448258;8;;;;;;;;;;;;;;
10.610797;55465480;10;;;;;;;;;;;;;;
10.613297;55467980;10;55469018;575.147;716.128;394.17;4309.812;9738.678;-4804.572;55468575;88.313;875.321;-422.909;-2525.2;-13883.752;-25403.662
10.615797;55470480;10;;;;;;;;;;;;;;
10.618297;55472980;17;;;;;;;;;;;;;;
10.61852;55473203;16;;;;;;;;;;;;;;
10.620797;55475480;18;;;;;;;;;;;;;;
10.62102;55475703;18;;;;;;;;;;;;;;
10.623297;55477980;8;;;;;;;;;;;;;;
10.62352;55478203;16;;;;;;;;;;;;;;
10.625797;55480480;18;;;;;;;;;;;;;;
10.62602;55480703;17;;;;;;;;;;;;;;
10.62852;55483203;9;;;;;;;;;;;;;;
10.63102;55485703;8;;;;;;;;;;;;;;
10.63352;55488203;9;;;;;;;;;;;;;;
10.63602;55490703;8;55491230;568.496;716.128;394.134;4942.633;9807.369;-5044.719;55490791;74.431;869.399;-415.94;-2356.065;-13829.189;-25938.604
10.63852;55493203;9;;;;;;;;;;;;;;
10.64102;55495703;8;;;;;;;;;;;;;;
10.64352;55498203;9;;;;;;;;;;;;;;
10.645521;55500204;18;;;;;;;;;;;;;;
10.64602;55500703;9;;;;;;;;;;;;;;
10.648021;55502704;17;;;;;;;;;;;;;;
10.650521;55505204;8;;;;;;;;;;;;;;
10.653021;55507704;17;;;;;;;;;;;;;;
10.655521;55510204;9;;;;;;;;;;;;;;
10.658021;55512704;16;;;;;;;;;;;;;;
10.660521;55515204;9;;;;;;;;;;;;;;
10.663021;55517704;9;;;;;;;;;;;;;;
10.665521;55520204;8;55520229;562.666;714.775;392.996;5876.751;9862.126;-5109.233;55519787;60.919;867.44;-408.648;-1842.761;-13656.167;-26618.736
10.668021;55522704;8;;;;;;;;;;;;;;
10.670521;55525204;8;;;;;;;;;;;;;;
10.673021;55527704;8;;;;;;;;;;;;;;
10.675521;55530204;8;;;;;;;;;;;;;;
10.676456;55531139;18;;;;;;;;;;;;;;
10.678956;55533639;10;;;;;;;;;;;;;;
10.681456;55536139;16;;;;;;;;;;;;;;
10.683956;55538639;18;;;;;;;;;;;;;;
10.686456;55541139;8;;;;;;;;;;;;;;
10.688956;55543639;9;;;;;;;;;;;;;;
10.691456;55546139;8;;;;;;;;;;;;;;
10.693956;55548639;9;;;;;;;;;;;;;;
10.696456;55551139;8;55550600;559.134;714.141;391.012;7383.227;10017.832;-4603.083;55550162;47.802;872.19;-408.767;-1555.061;-13332.983;-27710.236
10.698956;55553639;9;;;;;;;;;;;;;;
10.701456;55556139;17;;;;;;;;;;;;;;
10.703956;55558639;17;;;;;;;;;;;;;;
10.706456;55561139;9;;;;;;;;;;;;;;
10.723614;55578297;10;;;;;;;;;;;;;;
10.726114;55580797;7;55581245;554.51;710.862;386.754;9329.752;10149.565;-4211.054;55580803;32.547;878.442;-414.467;-1295.308;-13247.771;-29514.1
10.728614;55583297;9;;;;;;;;;;;;;;
10.731051;55585734;10;;;;;;;;;;;;;;
10.731114;55585797;17;;;;;;;;;;;;;;
10.733551;55588234;8;;;;;;;;;;;;;;
10.733614;55588297;9;;;;;;;;;;;;;;
10.736051;55590734;8;;;;;;;;;;;;;;
10.736114;55590797;16;;;;;;;;;;;;;;
10.738551;55593234;8;;;;;;;;;;;;;;
10.741051;55595734;17;;;;;;;;;;;;;;
10.743551;55598234;9;;;;;;;;;;;;;;
10.746051;55600734;10;;;;;;;;;;;;;;
10.757192;55611875;;55611875;549.909;713.249;385.008;11431.39;10195.962;-3758.126;55611437;15.401;888.896;-422.06;-755.855;-14063.258;-32735.395
10.758575;55613258;7;;;;;;;;;;;;;;
10.761075;55615758;9;;;;;;;;;;;;;;
10.762013;55616696;9;;;;;;;;;;;;;;
10.763575;55618258;8;;;;;;;;;;;;;;
10.764513;55619196;8;;;;;;;;;;;;;;
10.766075;55620758;9;;;;;;;;;;;;;;
10.766737;55621420;10;;;;;;;;;;;;;;
10.767013;55621696;8;;;;;;;;;;;;;;
10.768575;55623258;8;;;;;;;;;;;;;;
10.769513;55624196;10;;;;;;;;;;;;;;
10.772013;55626696;8;;;;;;;;;;;;;;
10.774513;55629196;16;;;;;;;;;;;;;;
10.777013;55631696;17;;;;;;;;;;;;;;
10.785734;55640417;10;;;;;;;;;;;;;;
10.788234;55642917;8;55642340;546.033;723.995;386.352;13689.133;10072.477;-3985.845;55641902;-9.092;899.509;-424.863;-236.812;-15158.22;-36681.125
10.790734;55645417;9;;;;;;;;;;;;;;
10.793155;55647838;10;;;;;;;;;;;;;;
10.793234;55647917;16;;;;;;;;;;;;;;
10.795655;55650338;9;;;;;;;;;;;;;;
10.795734;55650417;18;;;;;;;;;;;;;;
10.798155;55652838;7;;;;;;;;;;;;;;
10.798234;55652917;9;;;;;;;;;;;;;;
10.800655;55655338;8;;;;;;;;;;;;;;
10.803155;55657838;8;;;;;;;;;;;;;;
10.805655;55660338;10;;;;;;;;;;;;;;
10.813043;55667726;9;;;;;;;;;;;;;;
10.815543;55670226;8;;;;;;;;55671069;-36.789;906.963;-424.274;-1105.222;-16460.059;-40436.566
10.818043;55672726;11;55671508;543.339;737.736;384.303;15402.613;10115.29;-4688.24;;;;;;;
10.820543;55675226;17;;;;;;;;;;;;;;
10.823043;55677726;9;;;;;;;;;;;;;;
10.824384;55679067;17;;;;;;;;;;;;;;
10.825543;55680226;10;;;;;;;;;;;;;;
10.826884;55681567;16;;;;;;;;;;;;;;
10.828043;55682726;9;;;;;;;;;;;;;;
10.829384;55684067;10;;;;;;;;;;;;;;
10.831884;55686567;16;;;;;;;;;;;;;;
10.834384;55689067;16;;;;;;;;;;;;;;
10.836884;55691567;8;;;;;;;;;;;;;;
10.847808;55702491;;55702491;540.364;751.357;385.267;16216.67;10517.775;-5712.953;55702053;-61.857;906.212;-418.695;-3123.273;-17946.18;-44019.988
10.852525;55707208;8;;;;;;;;;;;;;;
10.855025;55709708;17;;;;;;;;;;;;;;
10.85595;55710633;9;;;;;;;;;;;;;;
10.856133;55710816;18;;;;;;;;;;;;;;
10.857525;55712208;8;;;;;;;;;;;;;;
10.85845;55713133;9;;;;;;;;;;;;;;
10.858633;55713316;8;;;;;;;;;;;;;;
10.86095;55715633;17;;;;;;;;;;;;;;
10.861133;55715816;17;;;;;;;;;;;;;;
10.86345;55718133;9;;;;;;;;;;;;;;
10.863633;55718316;10;;;;;;;;;;;;;;
10.86595;55720633;9;;;;;;;;;;;;;;
10.86845;55723133;9;;;;;;;;;;;;;;
10.875737;55730420;10;;;;;;;;;;;;;;
10.878237;55732920;9;55733217;535.55;761.308;387.055;17252.961;10929.449;-6727.555;55732779;-84.103;902.406;-411.186;-5846.297;-19466.059;-47119.738
10.880737;55735420;17;;;;;;;;;;;;;;
10.883237;55737920;17;;;;;;;;;;;;;;
10.883298;55737981;9;;;;;;;;;;;;;;
10.885737;55740420;9;;;;;;;;;;;;;;
10.885798;55740481;10;;;;;;;;;;;;;;
10.888237;55742920;10;;;;;;;;;;;;;;
10.888298;55742981;8;;;;;;;;;;;;;;
10.890798;55745481;8;;;;;;;;;;;;;;
10.893298;55747981;23;;;;;;;;;;;;;;
10.895798;55750481;20;;;;;;;;;;;;;;
10.898298;55752981;8;;;;;;;;;;;;;;
10.907236;55761919;10;;;;;;;;;;;;;;
10.909736;55764419;18;55764116;531.257;766.169;390.4;18440.438;11236.977;-7980.615;55763677;-105.378;890.208;-401.509;-8666.357;-20337.693;-49932.812
10.912236;55766919;8;;;;;;;;;;;;;;
10.914736;55769419;8;;;;;;;;;;;;;;
10.915117;55769800;69;;;;;;;;;;;;;;
10.917236;55771919;9;;;;;;;;;;;;;;
10.917617;55772300;18;;;;;;;;;;;;;;
10.919736;55774419;47;;;;;;;;;;;;;;
10.920117;55774800;8;;;;;;;;;;;;;;
10.922617;55777300;9;;;;;;;;;;;;;;
10.925117;55779800;9;;;;;;;;;;;;;;
10.927617;55782300;16;;;;;;;;;;;;;;
10.930117;55784800;28;;;;;;;;;;;;;;
10.94042;55795103;;55795103;526.606;771.079;386.6;19171.729;11686.628;-9154.834;55794664;-134.373;873.855;-391.779;-11144.602;-20893.184;-52340.109
10.942811;55797494;89;;;;;;;;;;;;;;
10.945311;55799994;109;;;;;;;;;;;;;;
10.947621;55802304;16;;;;;;;;;;;;;;
10.947811;55802494;60;;;;;;;;;;;;;;
10.950121;55804804;17;;;;;;;;;;;;;;
10.950311;55804994;22;;;;;;;;;;;;;;
10.952621;55807304;31;;;;;;;;;;;;;;
10.954655;55809338;17;;;;;;;;;;;;;;
10.955121;55809804;25;;;;;;;;;;;;;;
10.957155;55811838;20;;;;;;;;;;;;;;
10.957621;55812304;7;;;;;;;;;;;;;;
10.960121;55814804;9;;;;;;;;;;;;;;
10.966945;55821628;16;;;;;;;;;;;;;;
10.969445;55824128;16;55825139;520.979;775.981;381.891;19399.643;12171.984;-10412.967;55824698;-158.349;854.977;-380.602;-12387.246;-21551.273;-54151.039
10.971945;55826628;10;;;;;;;;;;;;;;
10.974445;55829128;7;;;;;;;;;;;;;;
10.976945;55831628;9;;;;;;;;;;;;;;
10.979445;55834128;10;;;;;;;;;;;;;;
10.981945;55836628;9;;;;;;;;;;;;;;
10.99101;55845693;9;;;;;;;;;;;;;;
10.99351;55848193;8;55847784;515.901;775.13;373.868;19732.535;12590.197;-11394.693;55847345;-177.357;839.684;-368.886;-13052.821;-22049.584;-55727.051
10.99601;55850693;9;;;;;;;;;;;;;;
10.998369;55853052;17;;;;;;;;;;;;;;
10.99851;55853193;10;;;;;;;;;;;;;;
11.000869;55855552;16;;;;;;;;;;;;;;
11.00101;55855693;8;;;;;;;;;;;;;;
11.003369;55858052;8;;;;;;;;;;;;;;
11.00351;55858193;24;;;;;;;;;;;;;;
11.005869;55860552;17;;;;;;;;;;;;;;
11.008369;55863052;9;;;;;;;;;;;;;;
11.010869;55865552;16;;;;;;;;;;;;;;
11.013369;55868052;10;;;;;;;;;;;;;;
11.022639;55877322;16;;;;;;;;55878423;-197.653;824.833;-356.493;-13853.992;-22095.543;-56765.324
11.025139;55879822;7;55878864;507.278;779.251;368.204;20151.158;12902.188;-12090.646;;;;;;;
11.027639;55882322;16;;;;;;;;;;;;;;
11.030139;55884822;17;;;;;;;;;;;;;;
11.030199;55884882;9;;;;;;;;;;;;;;
11.032639;55887322;9;;;;;;;;;;;;;;
11.032699;55887382;8;;;;;;;;;;;;;;
11.035139;55889822;17;;;;;;;;;;;;;;
11.035199;55889882;8;;;;;;;;;;;;;;
11.037699;55892382;17;;;;;;;;;;;;;;
11.040199;55894882;17;;;;;;;;;;;;;;
11.042699;55897382;16;;;;;;;;;;;;;;
11.050425;55905108;9;;;;;;;;;;;;;;
11.052925;55907608;7;55908637;498.524;783.659;363.013;20607.475;13048.078;-12433.739;55908198;-224.682;804.496;-344.945;-14750.292;-21844.328;-57435.371
11.055425;55910108;16;;;;;;;;;;;;;;
11.057925;55912608;8;;;;;;;;;;;;;;
11.060425;55915108;17;;;;;;;;;;;;;;
11.061775;55916458;20;;;;;;;;;;;;;;
11.062925;55917608;9;;;;;;;;;;;;;;
11.064275;55918958;7;;;;;;;;;;;;;;
11.065425;55920108;17;;;;;;;;;;;;;;
11.066775;55921458;17;;;;;;;;;;;;;;
11.069275;55923958;10;;;;;;;;;;;;;;
11.071775;55926458;8;;;;;;;;;;;;;;
11.074275;55928958;9;;;;;;;;;;;;;;
11.08201;55936693;8;;;;;;;;;;;;;;
11.08451;55939193;9;55939710;489.049;786.938;355.842;20564.977;13018.674;-12703.677;55939269;-247.107;782.071;-333.664;-15030.402;-21452.111;-57699.164
11.08701;55941693;9;;;;;;;;;;;;;;
11.08951;55944193;9;;;;;;;;;;;;;;
11.09201;55946693;16;;;;;;;;;;;;;;
11.093256;55947939;9;;;;;;;;;;;;;;
11.09451;55949193;10;;;;;;;;;;;;;;
11.095756;55950439;8;;;;;;;;;;;;;;
11.09701;55951693;7;;;;;;;;;;;;;;
11.098256;55952939;18;;;;;;;;;;;;;;
11.100756;55955439;7;;;;;;;;;;;;;;
11.103256;55957939;16;;;;;;;;;;;;;;
11.105756;55960439;8;;;;;;;;;;;;;;
11.113383;55968066;17;;;;;;;;;;;;;;
11.115883;55970566;17;55970606;482.683;787.985;349.872;20535.102;12806.553;-12792.993;55970168;-269.034;764.085;-323.739;-14747.444;-21059.381;-57683.332
11.118383;55973066;9;;;;;;;;;;;;;;
11.120883;55975566;18;;;;;;;;;;;;;;
11.123383;55978066;8;;;;;;;;;;;;;;
11.125883;55980566;8;;;;;;;;;;;;;;
11.133481;55988164;16;;;;;;;;;;;;;;
11.135981;55990664;9;;;;;;;;;;;;;;
11.138481;55993164;9;55993225;475.105;789.877;343.401;20358.846;12533.725;-13023.094;55992787;-293.055;745.834;-313.652;-14016.197;-20731.35;-57217.664
11.140981;55995664;10;;;;;;;;;;;;;;
11.143481;55998164;19;;;;;;;;;;;;;;
11.145538;56000221;9;;;;;;;;;;;;;;
11.145981;56000664;9;;;;;;;;;;;;;;
11.148038;56002721;8;;;;;;;;;;;;;;
11.148481;56003164;17;;;;;;;;;;;;;;
11.150538;56005221;8;;;;;;;;;;;;;;
11.153038;56007721;9;;;;;;;;;;;;;;
11.155538;56010221;17;;;;;;;;;;;;;;
11.156911;56011594;10;;;;;;;;;;;;;;
11.158038;56012721;9;;;;;;;;;;;;;;
11.160538;56015221;9;56015749;467.71;793.376;338.87;20501.59;12014.226;-13472.251;56015305;-316.478;728.435;-305.027;-13251.95;-20243.844;-56438.406
11.163038;56017721;8;;;;;;;;;;;;;;
11.165538;56020221;8;;;;;;;;;;;;;;
11.168038;56022721;9;;;;;;;;;;;;;;
11.170538;56025221;9;;;;;;;;;;;;;;
11.172837;56027520;17;;;;;;;;;;;;;;
11.173038;56027721;8;;;;;;;;;;;;;;
11.175337;56030020;10;;;;;;;;;;;;;;
11.177837;56032520;17;;;;;;;;;;;;;;
11.180337;56035020;10;;;;;;;;;;;;;;
11.182837;56037520;9;;;;;;;;;;;;;;
11.185337;56040020;10;;;;;;;;;;;;;;
11.187837;56042520;8;;;;;;;;;;;;;;
11.190337;56045020;8;56044999;461.746;799.744;335.084;19878.572;11501.015;-13639.076;56044557;-341.988;708.056;-297.474;-12666.353;-19955.275;-54814.797
11.192837;56047520;8;;;;;;;;;;;;;;
11.195337;56050020;9;;;;;;;;;;;;;;
11.197837;56052520;10;;;;;;;;;;;;;;
11.200337;56055020;7;;;;;;;;;;;;;;
11.21647;56071153;9;;;;;;;;;;;;;;
11.21897;56073653;8;56074681;455.165;805.427;331.268;18606.393;11030.964;-13387.185;56074242;-366.143;689.904;-292.098;-11582.848;-19979.074;-52647.18
11.22147;56076153;8;;;;;;;;;;;;;;
11.22397;56078653;10;;;;;;;;;;;;;;
11.22647;56081153;7;;;;;;;;;;;;;;
11.227817;56082500;19;;;;;;;;;;;;;;
11.22897;56083653;16;;;;;;;;;;;;;;
11.230317;56085000;8;;;;;;;;;;;;;;
11.23147;56086153;18;;;;;;;;;;;;;;
11.232817;56087500;8;;;;;;;;;;;;;;
11.235317;56090000;9;;;;;;;;;;;;;;
11.237817;56092500;18;;;;;;;;;;;;;;
11.240317;56095000;7;;;;;;;;;;;;;;
11.243669;56098352;11;;;;;;;;;;;;;;
11.246169;56100852;7;;;;;;;;;;;;;;
11.248669;56103352;17;;;;;;;;;;;;;;
11.251169;56105852;8;56105663;449.944;813.194;330.04;16231.885;10445.291;-12958.013;56105225;-392.463;675.947;-291.792;-10851.018;-20500.434;-49743.133
11.253669;56108352;16;;;;;;;;;;;;;;
11.255961;56110644;16;;;;;;;;;;;;;;
11.256169;56110852;16;;;;;;;;;;;;;;
11.258461;56113144;8;;;;;;;;;;;;;;
11.258669;56113352;16;;;;;;;;;;;;;;
11.260961;56115644;11;;;;;;;;;;;;;;
11.261169;56115852;8;;;;;;;;;;;;;;
11.263669;56118352;16;;;;;;;;;;;;;;
11.266169;56120852;9;;;;;;;;;;;;;;
11.279599;56134282;17;;;;;;;;;;;;;;
11.282099;56136782;8;56136909;443.1;823.054;332.125;12452.728;9565.589;-12560.362;56136471;-420.335;649.482;-296.362;-11083.279;-22201.475;-45108.727
11.284599;56139282;17;;;;;;;;;;;;;;
11.28699;56141673;7;;;;;;;;;;;;;;
11.287099;56141782;8;;;;;;;;;;;;;;
11.28949;56144173;9;;;;;;;;;;;;;;
11.289599;56144282;9;;;;;;;;;;;;;;
11.29199;56146673;17;;;;;;;;;;;;;;
11.292099;56146782;8;;;;;;;;;;;;;;
11.29449;56149173;16;;;;;;;;;;;;;;
11.29699;56151673;17;;;;;;;;;;;;;;
11.29949;56154173;9;;;;;;;;;;;;;;
11.30199;56156673;9;;;;;;;;;;;;;;
11.310838;56165521;9;;;;;;;;;;;;;;
11.313338;56168021;16;56167808;434.047;831.616;330.726;6851.341;8312.935;-12500.219;56167370;-445.556;628.867;-292.012;-9598.115;-25678.588;-39546.664
11.315838;56170521;8;;;;;;;;;;;;;;
11.318298;56172981;18;;;;;;;;;;;;;;
11.318338;56173021;17;;;;;;;;;;;;;;
11.320798;56175481;16;;;;;;;;;;;;;;
11.320838;56175521;16;;;;;;;;;;;;;;
11.323298;56177981;8;;;;;;;;;;;;;;
11.323338;56178021;8;;;;;;;;;;;;;;
11.325798;56180481;9;;;;;;;;;;;;;;
11.328298;56182981;16;;;;;;;;;;;;;;
11.330798;56185481;9;;;;;;;;;;;;;;
11.333298;56187981;18;;;;;;;;;;;;;;
11.344025;56198708;;56198708;420.391;842.721;330.635;1547.961;6448.288;-12780.833;56198269;-465.996;620.634;-284.53;-7283.334;-29854.221;-33803.77
11.346215;56200898;8;;;;;;;;;;;;;;
11.348715;56203398;17;;;;;;;;;;;;;;
11.349606;56204289;9;;;;;;;;;;;;;;
11.351215;56205898;8;;;;;;;;;;;;;;
11.352106;56206789;8;;;;;;;;;;;;;;
11.353715;56208398;10;;;;;;;;;;;;;;
11.354606;56209289;16;;;;;;;;;;;;;;
11.357106;56211789;8;;;;;;;;;;;;;;
11.357827;56212510;9;;;;;;;;;;;;;;
11.359606;56214289;9;;;;;;;;;;;;;;
11.360327;56215010;8;;;;;;;;;;;;;;
11.362106;56216789;9;;;;;;;;;;;;;;
11.369473;56224156;10;;;;;;;;;;;;;;
11.371973;56226656;8;56227874;413.206;850.666;336.552;-3824.062;4438.436;-13400.041;56227436;-489.246;612.227;-281.32;-6135.167;-33881.445;-27343.08
11.374473;56229156;9;;;;;;;;;;;;;;
11.376973;56231656;16;;;;;;;;;;;;;;
11.379473;56234156;17;;;;;;;;;;;;;;
11.380922;56235605;8;;;;;;;;;;;;;;
11.381973;56236656;16;;;;;;;;;;;;;;
11.383422;56238105;9;;;;;;;;;;;;;;
11.384473;56239156;9;;;;;;;;;;;;;;
11.385922;56240605;6;;;;;;;;;;;;;;
11.388422;56243105;16;;;;;;;;;;;;;;
11.390922;56245605;8;;;;;;;;;;;;;;
11.393422;56248105;16;;;;;;;;;;;;;;
11.400972;56255655;8;;;;;;;;;;;;;;
11.403472;56258155;8;56258774;398.42;856.713;340.336;-10033.483;2173.826;-14823.039;56258336;-505.129;608.431;-262.051;-4447.221;-38751.188;-20073.176
11.405972;56260655;9;;;;;;;;;;;;;;
11.408472;56263155;9;;;;;;;;;;;;;;
11.410972;56265655;8;;;;;;;;;;;;;;
11.413472;56268155;8;;;;;;;;;;;;;;
11.415972;56270655;8;;;;;;;;;;;;;;
11.424425;56279108;16;;;;;;;;;;;;;;
11.426925;56281608;10;56281312;387.326;872.023;348.427;-16309.997;28.135;-16319.262;56280874;-506.81;613.182;-239.883;-2449.047;-43974.629;-12740.205
11.429425;56284108;7;;;;;;;;;;;;;;
11.431925;56286608;16;;;;;;;;;;;;;;
11.43198;56286663;9;;;;;;;;;;;;;;
11.434425;56289108;16;;;;;;;;;;;;;;
11.43448;56289163;17;;;;;;;;;;;;;;
11.436925;56291608;9;;;;;;;;;;;;;;
11.43698;56291663;16;;;;;;;;;;;;;;
11.43948;56294163;8;;;;;;;;;;;;;;
11.44198;56296663;7;;;;;;;;;;;;;;
11.44448;56299163;16;;;;;;;;;;;;;;
11.452124;56306807;8;;;;;;;;;;;;;;
11.454624;56309307;16;56310425;381.276;878.942;360.725;-23107.871;-1598.147;-17239.736;56309981;-509.237;617.61;-221.814;-1572.345;-48500.273;-5614.194
11.457124;56311807;7;;;;;;;;;;;;;;
11.459624;56314307;7;;;;;;;;;;;;;;
11.462124;56316807;16;;;;;;;;;;;;;;
11.463557;56318240;17;;;;;;;;;;;;;;
11.464624;56319307;16;;;;;;;;;;;;;;
11.466057;56320740;8;;;;;;;;;;;;;;
11.467124;56321807;17;;;;;;;;;;;;;;
11.468557;56323240;9;;;;;;;;;;;;;;
11.471057;56325740;7;;;;;;;;;;;;;;
11.473557;56328240;8;;;;;;;;;;;;;;
11.476057;56330740;7;;;;;;;;;;;;;;
11.483452;56338135;8;;;;;;;;;;;;;;
11.485952;56340635;11;56341317;371.85;880.751;370.876;-30505.602;-2996.552;-18371.875;56340878;-508.254;623.885;-197.126;-1432.478;-53583.633;1643.328
11.488452;56343135;16;;;;;;;;;;;;;;
11.490952;56345635;9;;;;;;;;;;;;;;
11.493452;56348135;17;;;;;;;;;;;;;;
11.494866;56349549;9;;;;;;;;;;;;;;
11.495952;56350635;9;;;;;;;;;;;;;;
11.497366;56352049;7;;;;;;;;;;;;;;
11.498452;56353135;10;;;;;;;;;;;;;;
11.499866;56354549;16;;;;;;;;;;;;;;
11.502366;56357049;19;;;;;;;;;;;;;;
11.504866;56359549;9;;;;;;;;;;;;;;
11.507366;56362049;11;;;;;;;;;;;;;;
11.514914;56369597;17;;;;;;;;;;;;;;
11.517414;56372097;10;56372303;363.67;872.685;379.947;-36619.07;-4397.225;-19259.281;56371865;-494.267;629.998;-168.768;-1100.104;-57656.387;8207.225
11.519914;56374597;16;;;;;;;;;;;;;;
11.522414;56377097;8;;;;;;;;;;;;;;
11.522619;56377302;16;;;;;;;;;;;;;;
11.524914;56379597;27;;;;;;;;;;;;;;
11.525119;56379802;9;;;;;;;;;;;;;;
11.527414;56382097;8;;;;;;;;;;;;;;
11.527619;56382302;8;;;;;;;;;;;;;;
11.530119;56384802;18;;;;;;;;;;;;;;
11.532619;56387302;9;;;;;;;;;;;;;;
11.535119;56389802;9;;;;;;;;;;;;;;
11.537619;56392302;9;;;;;;;;;;;;;;
11.548518;56403201;;56403201;359.029;861.277;391.212;-41647.68;-5444.801;-19872.629;56402763;-480.6;643.901;-139.633;-794.849;-60143.879;13719.301
11.550159;56404842;9;;;;;;;;;;;;;;
11.552659;56407342;8;;;;;;;;;;;;;;
11.55512;56409803;8;;;;;;;;;;;;;;
11.555159;56409842;10;;;;;;;;;;;;;;
11.55762;56412303;16;;;;;;;;;;;;;;
11.557659;56412342;9;;;;;;;;;;;;;;
11.558318;56413001;16;;;;;;;;;;;;;;
11.56012;56414803;8;;;;;;;;;;;;;;
11.560159;56414842;8;;;;;;;;;;;;;;
11.56262;56417303;7;;;;;;;;;;;;;;
11.56512;56419803;9;;;;;;;;;;;;;;
11.56762;56422303;8;;;;;;;;;;;;;;
11.57012;56424803;8;;;;;;;;;;;;;;
11.577488;56432171;9;;;;;;;;56433401;-467.923;655.168;-116.614;-985.669;-61718.184;18585.211
11.579988;56434671;9;56433845;352.46;849.573;408.398;-46052.109;-6041.436;-20341.561;;;;;;;
11.582488;56437171;8;;;;;;;;;;;;;;
11.584988;56439671;17;;;;;;;;;;;;;;
11.587488;56442171;17;;;;;;;;;;;;;;
11.589988;56444671;16;;;;;;;;;;;;;;
11.597388;56452071;17;;;;;;;;;;;;;;
11.599888;56454571;8;;;;;;;;;;;;;;
11.602388;56457071;19;56456328;347.11;836.222;424.053;-50040.316;-6916.676;-20785.295;56455889;-454.299;662.145;-91.751;-1151.198;-63232.148;23210.449
11.604837;56459520;7;;;;;;;;;;;;;;
11.604888;56459571;8;;;;;;;;;;;;;;
11.607337;56462020;17;;;;;;;;;;;;;;
11.607388;56462071;7;;;;;;;;;;;;;;
11.609837;56464520;7;;;;;;;;;;;;;;
11.609888;56464571;18;;;;;;;;;;;;;;
11.612337;56467020;9;;;;;;;;;;;;;;
11.614837;56469520;8;;;;;;;;;;;;;;
11.617337;56472020;8;;;;;;;;;;;;;;
11.619837;56474520;8;;;;;;;;;;;;;;
11.628501;56483184;10;;;;;;;;;;;;;;
11.631001;56485684;9;56485490;342.851;818.097;438.841;-52958.488;-7694.342;-21076.029;56485046;-432.45;675.788;-64.185;-636.888;-64410.539;27410.613
11.633501;56488184;8;;;;;;;;;;;;;;
11.636001;56490684;9;;;;;;;;;;;;;;
11.638501;56493184;7;;;;;;;;;;;;;;
11.641001;56495684;8;;;;;;;;;;;;;;
11.643796;56498479;8;;;;;;;;;;;;;;
11.643918;56498601;8;;;;;;;;;;;;;;
11.646296;56500979;17;;;;;;;;;;;;;;
11.646418;56501101;8;;;;;;;;;;;;;;
11.648796;56503479;8;;;;;;;;;;;;;;
11.648918;56503601;8;;;;;;;;;;;;;;
11.651418;56506101;8;;;;;;;;;;;;;;
11.653918;56508601;10;;;;;;;;;;;;;;
11.656418;56511101;9;56510398;339.379;801.111;454.7;-55303.75;-8204.75;-21134.791;56509959;-414.024;692.806;-40.992;-171.481;-64545.637;31228.832
11.658918;56513601;19;;;;;;;;;;;;;;
11.661418;56516101;8;;;;;;;;;;;;;;
11.663918;56518601;8;;;;;;;;;;;;;;
11.666418;56521101;9;;;;;;;;;;;;;;
11.679056;56533739;9;;;;;;;;;;;;;;
11.681556;56536239;17;56536696;337.831;784.192;475.922;-56405.188;-8665.574;-20959.176;56536260;-394.585;704.257;-24.425;35.718;-64129.73;34565.641
11.684056;56538739;21;;;;;;;;;;;;;;
11.686514;56541197;8;;;;;;;;;;;;;;
11.686556;56541239;10;;;;;;;;;;;;;;
11.689014;56543697;16;;;;;;;;;;;;;;
11.689056;56543739;9;;;;;;;;;;;;;;
11.691514;56546197;9;;;;;;;;;;;;;;
11.691556;56546239;8;;;;;;;;;;;;;;
11.694014;56548697;8;;;;;;;;;;;;;;
11.696514;56551197;28;;;;;;;;;;;;;;
11.699014;56553697;16;;;;;;;;;;;;;;
11.701514;56556197;16;;;;;;;;;;;;;;
11.710376;56565059;9;;;;;;;;;;;;;;
11.712876;56567559;17;56567422;333.316;765.082;494.564;-58215.863;-9363.232;-20769.154;56566984;-376.46;709.908;-6.776;-556.693;-63288.805;37411.422
11.715376;56570059;8;;;;;;;;;;;;;;
11.717825;56572508;21;;;;;;;;;;;;;;
11.717876;56572559;9;;;;;;;;;;;;;;
11.720325;56575008;16;;;;;;;;;;;;;;
11.720376;56575059;21;;;;;;;;;;;;;;
11.722825;56577508;9;;;;;;;;;;;;;;
11.722876;56577559;42;;;;;;;;;;;;;;
11.725325;56580008;8;;;;;;;;;;;;;;
11.727825;56582508;9;;;;;;;;;;;;;;
11.730325;56585008;8;;;;;;;;;;;;;;
11.732825;56587508;22;;;;;;;;;;;;;;
11.743464;56598147;;56598147;326.819;746.257;512.999;-60037.508;-10098.195;-20598.26;56597709;-358.217;716.924;8.386;-845.17;-62594.926;40390.977
11.745613;56600296;45;;;;;;;;;;;;;;
11.748113;56602796;27;;;;;;;;;;;;;;
11.748958;56603641;17;;;;;;;;;;;;;;
11.750613;56605296;8;;;;;;;;;;;;;;
11.751458;56606141;23;;;;;;;;;;;;;;
11.753113;56607796;9;;;;;;;;;;;;;;
11.753958;56608641;45;;;;;;;;;;;;;;
11.756458;56611141;20;;;;;;;;;;;;;;
11.757178;56611861;8;;;;;;;;;;;;;;
11.758958;56613641;9;;;;;;;;;;;;;;
11.759678;56614361;7;;;;;;;;;;;;;;
11.761458;56616141;18;;;;;;;;;;;;;;
11.769213;56623896;16;;;;;;;;;;;;;;
11.771713;56626396;10;56627575;324.112;726.243;529.347;-62055.508;-10861.598;-19942.846;56627137;-334.066;725.284;25.766;-1053.162;-62155.367;43379.488
11.774213;56628896;18;;;;;;;;;;;;;;
11.776713;56631396;9;;;;;;;;;;;;;;
11.779213;56633896;26;;;;;;;;;;;;;;
11.780622;56635305;9;;;;;;;;;;;;;;
11.781713;56636396;9;;;;;;;;;;;;;;
11.783122;56637805;16;;;;;;;;;;;;;;
11.784213;56638896;8;;;;;;;;;;;;;;
11.785622;56640305;9;;;;;;;;;;;;;;
11.788122;56642805;18;;;;;;;;;;;;;;
11.790622;56645305;26;;;;;;;;;;;;;;
11.793122;56647805;59;;;;;;;;;;;;;;
11.800771;56655454;43;;;;;;;;;;;;;;
11.803271;56657954;17;56658648;322.229;701.796;544.482;-64145.855;-11515.08;-18716.453;56658209;-307.34;733.355;44.59;-1394.254;-61526.035;46085.574
11.805771;56660454;8;;;;;;;;;;;;;;
11.808271;56662954;19;;;;;;;;;;;;;;
11.810771;56665454;18;;;;;;;;;;;;;;
11.813271;56667954;17;;;;;;;;;;;;;;
11.815771;56670454;25;;;;;;;;;;;;;;
11.824828;56679511;58;;;;;;;;;;;;;;
11.827328;56682011;44;56681221;319.72;677.289;559.976;-65853.875;-12092.576;-17298.506;56680779;-281.274;742.291;61.941;-1687.666;-60572.922;48296.734
11.829828;56684511;8;;;;;;;;;;;;;;
11.832287;56686970;17;;;;;;;;;;;;;;
11.832328;56687011;8;;;;;;;;;;;;;;
11.834787;56689470;31;;;;;;;;;;;;;;
11.834828;56689511;9;;;;;;;;;;;;;;
11.837287;56691970;75;;;;;;;;;;;;;;
11.837328;56692011;17;;;;;;;;;;;;;;
11.839787;56694470;61;;;;;;;;;;;;;;
11.842287;56696970;18;;;;;;;;;;;;;;
11.844787;56699470;8;;;;;;;;;;;;;;
11.852522;56707205;9;;;;;;;;;;;;;;
11.855022;56709705;8;56710899;316.233;651.129;574.263;-66869.242;-12884.447;-15871.83;56710460;-256.37;748.876;76.845;-1947.158;-59534.023;50104.211
11.857522;56712205;18;;;;;;;;;;;;;;
11.860022;56714705;38;;;;;;;;;;;;;;
11.862522;56717205;74;;;;;;;;;;;;;;
11.86395;56718633;16;;;;;;;;;;;;;;
11.865022;56719705;46;;;;;;;;;;;;;;
11.86645;56721133;17;;;;;;;;;;;;;;
11.867522;56722205;8;;;;;;;;;;;;;;
11.86895;56723633;9;;;;;;;;;;;;;;
11.87145;56726133;8;;;;;;;;;;;;;;
11.87395;56728633;26;;;;;;;;;;;;;;
11.87645;56731133;59;;;;;;;;;;;;;;
11.884108;56738791;41;;;;;;;;;;;;;;
11.886608;56741291;16;56741972;314.561;625.289;589.354;-67112.844;-13720.725;-14742.676;56741534;-231.474;755.462;91.394;-1820.925;-58356.32;51361.5
11.889108;56743791;18;;;;;;;;;;;;;;
11.891608;56746291;10;;;;;;;;;;;;;;
11.894108;56748791;10;;;;;;;;;;;;;;
11.896608;56751291;16;;;;;;;;;;;;;;
11.899108;56753791;40;;;;;;;;;;;;;;
11.908317;56763000;87;;;;;;;;56764188;-205.577;761.993;106.351;-1637.566;-57248.004;52431.238
11.910817;56765500;78;56764624;312.009;598.435;602.934;-66913.328;-14540.563;-14177.479;;;;;;;
11.913317;56768000;16;;;;;;;;;;;;;;
11.915817;56770500;8;;;;;;;;;;;;;;
11.915962;56770645;10;;;;;;;;;;;;;;
11.918317;56773000;17;;;;;;;;;;;;;;
11.918462;56773145;58;;;;;;;;;;;;;;
11.920817;56775500;16;;;;;;;;;;;;;;
11.920962;56775645;109;;;;;;;;;;;;;;
11.923462;56778145;120;;;;;;;;;;;;;;
11.925962;56780645;55;;;;;;;;;;;;;;
11.928462;56783145;10;;;;;;;;;;;;;;
11.936525;56791208;18;;;;;;;;;;;;;;
11.939025;56793708;18;56794833;312.44;571.471;615.615;-66018.531;-15283.535;-13432.73;56794394;-178.896;769.619;120.193;-1426.188;-55740.102;52915.926
11.941525;56796208;19;;;;;;;;;;;;;;
11.944025;56798708;88;;;;;;;;;;;;;;
11.946525;56801208;167;;;;;;;;;;;;;;
11.948892;56803575;10;;;;;;;;;;;;;;
11.949025;56803708;187;;;;;;;;;;;;;;
11.951392;56806075;9;;;;;;;;;;;;;;
11.951525;56806208;140;;;;;;;;;;;;;;
11.953892;56808575;43;;;;;;;;;;;;;;
11.956392;56811075;152;;;;;;;;;;;;;;
11.958892;56813575;250;;;;;;;;;;;;;;
11.961392;56816075;313;;;;;;;;;;;;;;
11.963892;56818575;298;56817833;313.861;545.118;627.406;-64660.105;-15949.546;-12564.219;56817397;-151.12;777.718;135.302;-1490.941;-54134.785;52994.441
11.966392;56821075;247;;;;;;;;;;;;;;
11.968892;56823575;199;;;;;;;;;;;;;;
11.971392;56826075;203;;;;;;;;;;;;;;
11.973026;56827709;48;;;;;;;;;;;;;;
11.973892;56828575;285;;;;;;;;;;;;;;
11.976392;56831075;428;;;;;;;;;;;;;;
11.977767;56832450;569;;;;;;;;;;;;;;
11.980267;56834950;654;;;;;;;;;;;;;;
11.982767;56837450;682;;;;;;;;;;;;;;
11.985267;56839950;663;;;;;;;;;;;;;;
11.987767;56842450;654;;;;;;;;;;;;;;
11.990267;56844950;699;;;;;;;;;;;;;;
11.992767;56847450;811;;;;;;;;;;;;;;
11.995267;56849950;971;56850126;315.931;518.369;638.766;-62983.285;-16307.943;-11494.57;56849688;-125.008;781.715;152.162;-576.394;-52025.672;52067.156
11.997767;56852450;1131;;;;;;;;;;;;;;
12.000267;56854950;1246;;;;;;;;;;;;;;
12.002767;56857450;1288;;;;;;;;;;;;;;
12.005267;56859950;1288;;;;;;;;;;;;;;
12.007077;56861760;1292;;;;;;;;;;;;;;
12.009577;56864260;1356;;;;;;;;;;;;;;
12.012077;56866760;1483;;;;;;;;;;;;;;
12.014577;56869260;1660;;;;;;;;;;;;;;
12.017077;56871760;1833;;;;;;;;;;;;;;
12.019577;56874260;1952;;;;;;;;;;;;;;
12.022077;56876760;2012;;;;;;;;;;;;;;
12.024577;56879260;2025;;;;;;;;;;;;;;
12.027077;56881760;2040;56881545;318.88;493.085;652.352;-60170.559;-16452.422;-10481.904;56881110;-99.414;791.82;168.875;1081.238;-49559.137;50687.922
12.029577;56884260;2110;;;;;;;;;;;;;;
12.032077;56886760;2252;;;;;;;;;;;;;;
12.034577;56889260;2439;;;;;;;;;;;;;;
12.037077;56891760;2617;;;;;;;;;;;;;;
12.053487;56908170;2744;;;;;;;;;;;;;;
12.055987;56910670;2779;;;;;;;;;;;;;;
12.058487;56913170;2889;;;;;;;;;;;;;;
12.060987;56915670;3033;56915227;321.748;470.931;666.204;-56847.906;-16118.926;-9444.184;56914789;-76.192;803.261;182.678;1857.114;-46490.117;48724.023
12.063487;56918170;3173;;;;;;;;;;;;;;
12.065143;56919826;2719;;;;;;;;;;;;;;
12.065987;56920670;3256;;;;;;;;;;;;;;
12.067643;56922326;2761;;;;;;;;;;;;;;
12.068487;56923170;3264;;;;;;;;;;;;;;
12.070143;56924826;2748;;;;;;;;;;;;;;
12.070987;56925670;3228;;;;;;;;;;;;;;
12.073487;56928170;3194;;;;;;;;;;;;;;
12.075281;56929964;3295;;;;;;;;;;;;;;
12.075987;56930670;3210;;;;;;;;;;;;;;
12.077781;56932464;3434;;;;;;;;;;;;;;
12.080281;56934964;3550;;;;;;;;;;;;;;
12.082781;56937464;3623;;;;;;;;;;;;;;
12.085281;56939964;3609;;;;;;;;;;;;;;
12.087781;56942464;3547;;;;;;;;;;;;;;
12.090281;56944964;3497;;;;;;;;;;;;;;
12.092781;56947464;3497;;;;;;;;56948372;-57.468;807.866;193.686;1819.383;-42912.172;46229.195
12.095281;56949964;3567;56948811;323.631;452.442;679.077;-52972.137;-15783.729;-8704.662;;;;;;;
12.097781;56952464;3708;;;;;;;;;;;;;;
12.100281;56954964;3823;;;;;;;;;;;;;;
12.102781;56957464;3882;;;;;;;;;;;;;;
12.105281;56959964;3851;;;;;;;;;;;;;;
12.109346;56964029;3769;;;;;;;;;;;;;;
12.111846;56966529;3690;;;;;;;;;;;;;;
12.114346;56969029;3673;;;;;;;;;;;;;;
12.116846;56971529;3739;;;;;;;;;;;;;;
12.119346;56974029;3856;;;;;;;;;;;;;;
12.121846;56976529;3976;;;;;;;;;;;;;;
12.124346;56979029;4013;;;;;;;;;;;;;;
12.126846;56981529;3960;56982410;326.756;438.634;689.416;-48835.152;-15787.293;-8267.241;56981968;-39.613;805.903;203.9;1752.914;-39295.25;44175.859
12.129346;56984029;3848;;;;;;;;;;;;;;
12.131846;56986529;3755;;;;;;;;;;;;;;
12.134346;56989029;3721;;;;;;;;;;;;;;
12.136846;56991529;3770;;;;;;;;;;;;;;
12.139346;56994029;3880;;;;;;;;;;;;;;
12.143923;56998606;3695;;;;;;;;;;;;;;
12.146423;57001106;3644;;;;;;;;;;;;;;
12.148923;57003606;3675;;;;;;;;;;;;;;
12.151423;57006106;3758;;;;;;;;;;;;;;
12.153923;57008606;3837;;;;;;;;;;;;;;
12.156423;57011106;3840;;;;;;;;;;;;;;
12.158923;57013606;3759;;;;;;;;;;;;;;
12.161423;57016106;3627;57015993;329.902;424.291;703.013;-45633.895;-15477.865;-7695.941;57015555;-19.961;799.774;212.902;1697.643;-35269.426;42786.066
12.163434;57018117;3976;;;;;;;;;;;;;;
12.163923;57018606;3499;;;;;;;;;;;;;;
12.165934;57020617;4000;;;;;;;;;;;;;;
12.166423;57021106;3437;;;;;;;;;;;;;;
12.168434;57023117;3936;;;;;;;;;;;;;;
12.168923;57023606;3454;;;;;;;;;;;;;;
12.170934;57025617;3805;;;;;;;;;;;;;;
12.171423;57026106;3515;;;;;;;;;;;;;;
12.173923;57028606;3575;;;;;;;;;;;;;;
12.176423;57031106;3564;;;;;;;;;;;;;;
12.178923;57033606;3470;;;;;;;;;;;;;;
12.186268;57040951;3336;;;;;;;;;;;;;;
12.188768;57043451;3209;;;;;;;;;;;;;;
12.191268;57045951;3134;;;;;;;;;;;;;;
12.193768;57048451;3133;;;;;;;;;;;;;;
12.196268;57050951;3182;;;;;;;;;;;;;;
12.198768;57053451;3213;;;;;;;;;;;;;;
12.201268;57055951;3193;;;;;;;;;;;;;;
12.203768;57058451;3088;57059476;331.377;409.146;717.705;-43450.199;-15275.784;-6935.332;57059037;0.441;795.952;228.56;1990.324;-31832.516;42527.137
12.206268;57060951;2941;;;;;;;;;;;;;;
12.208768;57063451;2813;;;;;;;;;;;;;;
12.211268;57065951;2735;;;;;;;;;;;;;;
12.213768;57068451;2718;;;;;;;;;;;;;;
12.216268;57070951;2751;;;;;;;;;;;;;;
12.220289;57074972;2779;;;;;;;;;;;;;;
12.222789;57077472;2747;;;;;;;;;;;;;;
12.225289;57079972;2634;;;;;;;;;;;;;;
12.227789;57082472;2478;;;;;;;;;;;;;;
12.230289;57084972;2344;;;;;;;;;;;;;;
12.232789;57087472;2252;;;;;;;;;;;;;;
12.235289;57089972;2233;;;;;;;;;;;;;;
12.237789;57092472;2255;57092892;334.719;395.649;730.705;-41543.25;-15104.808;-6158.502;57092457;21.458;790.583;243.081;2402.682;-27912.514;43090.969
12.240289;57094972;2279;;;;;;;;;;;;;;
12.242789;57097472;2234;;;;;;;;;;;;;;
12.245289;57099972;2110;;;;;;;;;;;;;;
12.247789;57102472;1948;;;;;;;;;;;;;;
12.250109;57104792;1790;;;;;;;;;;;;;;
12.252609;57107292;1703;;;;;;;;;;;;;;
12.255109;57109792;1676;;;;;;;;;;;;;;
12.257609;57112292;1707;;;;;;;;;;;;;;
12.260109;57114792;1721;;;;;;;;;;;;;;
12.262609;57117292;1676;;;;;;;;;;;;;;
12.265109;57119792;1560;;;;;;;;;;;;;;
12.267609;57122292;1399;;;;;;;;;;;;;;
12.270109;57124792;1261;57124756;338.137;382.228;741.299;-40091.273;-15014.13;-5270.89;57124317;43.205;786.153;255.016;1881.798;-23573.387;44428.543
12.272609;57127292;1179;;;;;;;;;;;;;;
12.275109;57129792;1162;;;;;;;;;;;;;;
12.277609;57132292;1196;;;;;;;;;;;;;;
12.280109;57134792;1211;;;;;;;;;;;;;;
12.284143;57138826;1174;;;;;;;;;;;;;;
12.286643;57141326;1064;;;;;;;;;;;;;;
12.289143;57143826;919;;;;;;;;;;;;;;
12.291643;57146326;792;;;;;;;;;;;;;;
12.294143;57148826;714;;;;;;;;;;;;;;
12.296643;57151326;703;;;;;;;;;;;;;;
12.299143;57153826;735;;;;;;;;;;;;;;
12.301643;57156326;761;;;;;;;;;;;;;;
12.304143;57158826;729;57158253;341.269;368.839;751.314;-38519.398;-15152.86;-4471.408;57157817;68.135;776.003;265.396;1535.708;-19022.029;46421.555
12.306643;57161326;623;;;;;;;;;;;;;;
12.309143;57163826;480;;;;;;;;;;;;;;
12.311643;57166326;366;;;;;;;;;;;;;;
12.314143;57168826;299;;;;;;;;;;;;;;
12.317191;57171874;301;;;;;;;;;;;;;;
12.319691;57174374;348;;;;;;;;;;;;;;
12.322191;57176874;391;;;;;;;;;;;;;;
12.324691;57179374;365;;;;;;;;;;;;;;
12.327191;57181874;267;;;;;;;;;;;;;;
12.329691;57184374;140;;;;;;;;;;;;;;
12.332191;57186874;30;;;;;;;;;;;;;;
12.334691;57189374;8;;;;;;;;57190367;90.794;767.636;270.628;1616.423;-14227.053;49140.914
12.337191;57191874;16;57190805;342.341;356.485;759.187;-36230.742;-16005.217;-3294.087;;;;;;;
12.339691;57194374;61;;;;;;;;;;;;;;
12.342191;57196874;105;;;;;;;;;;;;;;
12.344691;57199374;79;;;;;;;;;;;;;;
12.347191;57201874;16;;;;;;;;;;;;;;
12.353278;57207961;19;;;;;;;;;;;;;;
12.355778;57210461;8;;;;;;;;;;;;;;
12.358278;57212961;16;;;;;;;;;;;;;;
12.360778;57215461;46;;;;;;;;;;;;;;
12.363278;57217961;78;;;;;;;;;;;;;;
12.365778;57220461;56;;;;;;;;;;;;;;
12.368278;57222961;19;57222565;352.064;346.474;769.143;-33179.328;-16926.957;-2027.758;57222130;121.122;760.26;277.117;2027.789;-10023.575;52633.43
12.370778;57225461;8;;;;;;;;;;;;;;
12.373278;57227961;9;;;;;;;;;;;;;;
12.375778;57230461;18;;;;;;;;;;;;;;
12.377499;57232182;9;;;;;;;;;;;;;;
12.378278;57232961;18;;;;;;;;;;;;;;
12.380778;57235461;28;;;;;;;;;;;;;;
12.380847;57235530;46;;;;;;;;;;;;;;
12.383347;57238030;18;;;;;;;;;;;;;;
12.385847;57240530;9;;;;;;;;;;;;;;
12.388347;57243030;9;;;;;;;;;;;;;;
12.390847;57245530;16;;;;;;;;;;;;;;
12.393347;57248030;17;;;;;;;;;;;;;;
12.395847;57250530;9;;;;;;;;;;;;;;
12.398347;57253030;27;57253550;357.506;330.035;774.807;-31172.986;-17685.359;-360.995;57253112;146.578;761.135;286.66;3362.275;-6122.584;55758.383
12.400847;57255530;43;;;;;;;;;;;;;;
12.403347;57258030;18;;;;;;;;;;;;;;
12.405847;57260530;16;;;;;;;;;;;;;;
12.408193;57262876;17;;;;;;;;;;;;;;
12.408347;57263030;8;;;;;;;;;;;;;;
12.410693;57265376;17;;;;;;;;;;;;;;
12.413193;57267876;18;;;;;;;;;;;;;;
12.415693;57270376;31;;;;;;;;;;;;;;
12.418193;57272876;56;;;;;;;;;;;;;;
12.420693;57275376;22;;;;;;;;;;;;;;
12.423193;57277876;16;;;;;;;;;;;;;;
12.425693;57280376;16;;;;;;;;;;;;;;
12.428193;57282876;19;57282890;364.165;318.383;779.413;-29784.523;-18244.842;1332.68;57282455;171.622;764.576;297.691;4072.224;-2620.08;58416.465
12.430693;57285376;9;;;;;;;;;;;;;;
12.433193;57287876;8;;;;;;;;;;;;;;
12.435693;57290376;43;;;;;;;;;;;;;;
12.438193;57292876;74;;;;;;;;;;;;;;
12.45128;57305963;8;;;;;;;;;;;;;;
12.45378;57308463;8;;;;;;;;;;;;;;
12.45628;57310963;8;;;;;;;;;;;;;;
12.45878;57313463;42;57313883;372.919;305.282;783.661;-28436.172;-18333.6;2712.421;57313444;197.555;764.247;305.859;3777.175;1167.549;60386.891
12.46128;57315963;72;;;;;;;;;;;;;;
12.463552;57318235;42;;;;;;;;;;;;;;
12.46378;57318463;39;;;;;;;;;;;;;;
12.466052;57320735;17;;;;;;;;;;;;;;
12.46628;57320963;16;;;;;;;;;;;;;;
12.468552;57323235;9;;;;;;;;;;;;;;
12.46878;57323463;10;;;;;;;;;;;;;;
12.470811;57325494;10;;;;;;;;;;;;;;
12.47128;57325963;10;;;;;;;;;;;;;;
12.473311;57327994;43;;;;;;;;;;;;;;
12.47378;57328463;17;;;;;;;;;;;;;;
12.475811;57330494;71;;;;;;;;;;;;;;
12.478311;57332994;29;;;;;;;;;;;;;;
12.480811;57335494;16;;;;;;;;;;;;;;
12.483311;57337994;8;;;;;;;;;;;;;;
12.485811;57340494;16;;;;;;;;;;;;;;
12.488311;57342994;18;;;;;;;;57344164;223.02;764.977;310.561;3195.878;4962.234;61756.547
12.490811;57345494;9;57344602;383.699;291.848;786.946;-26800.426;-17953.732;3948.362;;;;;;;
12.493311;57347994;56;;;;;;;;;;;;;;
12.495811;57350494;62;;;;;;;;;;;;;;
12.498311;57352994;24;;;;;;;;;;;;;;
12.500811;57355494;8;;;;;;;;;;;;;;
12.502129;57356812;9;;;;;;;;;;;;;;
12.504629;57359312;8;;;;;;;;;;;;;;
12.507129;57361812;8;;;;;;;;;;;;;;
12.509629;57364312;17;;;;;;;;;;;;;;
12.512129;57366812;40;;;;;;;;;;;;;;
12.514629;57369312;62;;;;;;;;;;;;;;
12.517129;57371812;26;;;;;;;;;;;;;;
12.519629;57374312;17;57375423;393.88;277.451;789.0;-24416.529;-17712.732;5362.694;57374980;246.542;764.146;317.048;2239.397;8342.748;62950.969
12.522129;57376812;9;;;;;;;;;;;;;;
12.524629;57379312;17;;;;;;;;;;;;;;
12.527129;57381812;17;;;;;;;;;;;;;;
12.529629;57384312;21;;;;;;;;;;;;;;
12.532129;57386812;88;;;;;;;;;;;;;;
12.549274;57403957;17;;;;;;;;;;;;;;
12.551774;57406457;8;57406142;400.495;267.842;793.945;-22370.141;-17044.096;6533.934;57405704;266.911;756.139;325.187;1328.99;11283.423;63376.918
12.553402;57408085;140;;;;;;;;;;;;;;
12.554274;57408957;47;;;;;;;;;;;;;;
12.555902;57410585;134;;;;;;;;;;;;;;
12.556774;57411457;152;;;;;;;;;;;;;;
12.558402;57413085;57;;;;;;;;;;;;;;
12.559274;57413957;233;;;;;;;;;;;;;;
12.560902;57415585;8;;;;;;;;;;;;;;
12.561774;57416457;248;;;;;;;;;;;;;;
12.564274;57418957;192;;;;;;;;;;;;;;
12.566774;57421457;104;;;;;;;;;;;;;;
12.577448;57432131;30;;;;;;;;;;;;;;
12.579948;57434631;26;;;;;;;;57435824;282.668;747.503;335.194;657.478;13666.252;63778.945
12.582448;57437131;95;57436263;411.056;263.96;799.095;-19657.82;-16643.828;7874.112;;;;;;;
12.584948;57439631;216;;;;;;;;;;;;;;
12.585537;57440220;205;;;;;;;;;;;;;;
12.587448;57442131;312;;;;;;;;;;;;;;
12.588037;57442720;141;;;;;;;;;;;;;;
12.589948;57444631;342;;;;;;;;;;;;;;
12.590537;57445220;169;;;;;;;;;;;;;;
12.592448;57447131;298;;;;;;;;;;;;;;
12.593037;57447720;238;;;;;;;;;;;;;;
12.595537;57450220;363;;;;;;;;;;;;;;
12.598037;57452720;461;;;;;;;;;;;;;;
12.600537;57455220;493;;;;;;;;;;;;;;
12.603037;57457720;459;57458827;417.746;257.38;802.792;-17707.617;-16077.637;8772.781;57458392;300.029;741.408;344.006;823.229;15452.627;63419.309
12.605537;57460220;380;;;;;;;;;;;;;;
12.608037;57462720;330;;;;;;;;;;;;;;
12.610537;57465220;344;;;;;;;;;;;;;;
12.613037;57467720;424;;;;;;;;;;;;;;
12.615537;57470220;542;;;;;;;;;;;;;;
12.618328;57473011;636;;;;;;;;;;;;;;
12.620828;57475511;669;;;;;;;;;;;;;;
12.623328;57478011;635;;;;;;;;;;;;;;
12.625828;57480511;559;;;;;;;;;;;;;;
12.628328;57483011;509;;;;;;;;;;;;;;
12.630828;57485511;523;;;;;;;;;;;;;;
12.633328;57488011;605;;;;;;;;;;;;;;
12.635828;57490511;729;57491034;422.747;250.331;806.28;-15960.799;-15406.755;9240.642;57490595;315.814;735.832;352.505;1447.942;16738.434;62622.656
12.638328;57493011;825;;;;;;;;;;;;;;
12.640828;57495511;860;;;;;;;;;;;;;;
12.643328;57498011;824;;;;;;;;;;;;;;
12.645828;57500511;750;;;;;;;;;;;;;;
12.647029;57501712;702;;;;;;;;;;;;;;
12.649529;57504212;716;;;;;;;;;;;;;;
12.652029;57506712;798;;;;;;;;;;;;;;
12.654529;57509212;925;;;;;;;;;;;;;;
12.657029;57511712;1005;;;;;;;;;;;;;;
12.659529;57514212;1049;;;;;;;;;;;;;;
12.662029;57516712;1017;;;;;;;;;;;;;;
12.664529;57519212;937;;;;;;;;;;;;;;
12.667029;57521712;877;57521758;428.34;242.487;809.093;-14326.259;-14789.104;9704.359;57521322;330.225;731.938;361.652;2290.795;17405.199;61557.398
12.669529;57524212;893;;;;;;;;;;;;;;
12.672029;57526712;971;;;;;;;;;;;;;;
12.674529;57529212;1095;;;;;;;;;;;;;;
12.677029;57531712;1182;;;;;;;;;;;;;;
12.680271;57534954;1208;;;;;;;;;;;;;;
12.682771;57537454;1160;;;;;;;;;;;;;;
12.685271;57539954;1082;;;;;;;;;;;;;;
12.687771;57542454;1017;;;;;;;;;;;;;;
12.690271;57544954;1022;;;;;;;;;;;;;;
12.692771;57547454;1087;;;;;;;;;;;;;;
12.695271;57549954;1214;;;;;;;;;;;;;;
12.697771;57552454;1306;;;;;;;;;;;;;;
12.700271;57554954;1321;57554486;432.262;235.846;811.381;-12626.883;-14298.587;9983.454;57554048;342.512;726.677;370.855;3102.443;17714.439;59954.777
12.702771;57557454;1273;;;;;;;;;;;;;;
12.705271;57559954;1179;;;;;;;;;;;;;;
12.707771;57562454;1111;;;;;;;;;;;;;;
12.710271;57564954;1098;;;;;;;;;;;;;;
12.714297;57568980;1161;;;;;;;;;;;;;;
12.716797;57571480;1255;;;;;;;;;;;;;;
12.719297;57573980;1324;;;;;;;;;;;;;;
12.721797;57576480;1338;;;;;;;;;;;;;;
12.724297;57578980;1288;;;;;;;;;;;;;;
12.726797;57581480;1198;;;;;;;;;;;;;;
12.729297;57583980;1160;;;;;;;;;;;;;;
12.731797;57586480;1179;;;;;;;;57587461;354.532;719.501;379.598;3529.196;17914.154;58247.664
12.734297;57588980;1278;57587896;437.55;229.367;812.975;-10635.351;-13812.907;10005.344;;;;;;;
12.736797;57591480;1422;;;;;;;;;;;;;;
12.739297;57593980;1533;;;;;;;;;;;;;;
12.741797;57596480;1577;;;;;;;;;;;;;;
12.744297;57598980;1550;;;;;;;;;;;;;;
12.752111;57606794;1448;;;;;;;;;;;;;;
12.754611;57609294;1481;;;;;;;;;;;;;;
12.757111;57611794;1576;;;;;;;;;;;;;;
12.759611;57614294;1704;;;;;;;;;;;;;;
12.762111;57616794;1800;;;;;;;;;;;;;;
12.764611;57619294;1821;;;;;;;;;;;;;;
12.767111;57621794;1773;57621405;441.811;223.059;813.312;-8703.583;-13261.387;9944.764;57620966;366.091;708.42;389.556;4426.361;18151.572;56350.281
12.769611;57624294;1690;;;;;;;;;;;;;;
12.772111;57626794;1626;;;;;;;;;;;;;;
12.774611;57629294;1631;;;;;;;;;;;;;;
12.776057;57630740;1485;;;;;;;;;;;;;;
12.777111;57631794;1706;;;;;;;;;;;;;;
12.779611;57634294;1818;;;;;;;;;;;;;;
12.781936;57636619;1899;;;;;;;;;;;;;;
12.784436;57639119;1902;;;;;;;;;;;;;;
12.786936;57641619;1836;;;;;;;;;;;;;;
12.789436;57644119;1737;;;;;;;;;;;;;;
12.791936;57646619;1658;;;;;;;;;;;;;;
12.794436;57649119;1654;;;;;;;;;;;;;;
12.796936;57651619;1719;;;;;;;;;;;;;;
12.799436;57654119;1819;57654728;446.091;217.903;813.779;-6693.403;-12493.317;9822.025;57654289;376.597;701.98;398.901;5869.73;18321.557;54341.703
12.801936;57656619;1897;;;;;;;;;;;;;;
12.804436;57659119;1902;;;;;;;;;;;;;;
12.806936;57661619;1834;;;;;;;;;;;;;;
12.809436;57664119;1726;;;;;;;;;;;;;;
12.811588;57666271;1655;;;;;;;;;;;;;;
12.814088;57668771;1643;;;;;;;;;;;;;;
12.816588;57671271;1708;;;;;;;;;;;;;;
12.819088;57673771;1816;;;;;;;;;;;;;;
12.821588;57676271;1895;;;;;;;;;;;;;;
12.824088;57678771;1896;;;;;;;;;;;;;;
12.826588;57681271;1821;;;;;;;;;;;;;;
12.829088;57683771;1710;;;;;;;;;;;;;;
12.831588;57686271;1638;57686422;449.125;212.241;812.905;-4773.233;-11667.839;9511.174;57685980;386.297;694.636;410.389;7208.556;18417.416;51930.43
12.834088;57688771;1627;;;;;;;;;;;;;;
12.836588;57691271;1691;;;;;;;;;;;;;;
12.839088;57693771;1788;;;;;;;;;;;;;;
12.841588;57696271;1865;;;;;;;;;;;;;;
12.85775;57712433;1591;;;;;;;;;;;;;;
12.86025;57714933;1568;;;;;;;;;;;;;;
12.86275;57717433;1626;;;;;;;;;;;;;;
12.86525;57719933;1719;57719745;452.899;207.296;811.739;-2165.071;-10530.135;9188.303;57719306;397.311;685.847;423.438;8965.191;18756.107;49307.219
12.86775;57722433;1783;;;;;;;;;;;;;;
12.86942;57724103;1863;;;;;;;;;;;;;;
12.87025;57724933;1770;;;;;;;;;;;;;;
12.87192;57726603;1786;;;;;;;;;;;;;;
12.87275;57727433;1680;;;;;;;;;;;;;;
12.87442;57729103;1673;;;;;;;;;;;;;;
12.87525;57729933;1562;;;;;;;;;;;;;;
12.87775;57732433;1471;;;;;;;;;;;;;;
12.879192;57733875;1500;;;;;;;;;;;;;;
12.88025;57734933;1451;;;;;;;;;;;;;;
12.881692;57736375;1595;;;;;;;;;;;;;;
12.884192;57738875;1657;;;;;;;;;;;;;;
12.886692;57741375;1640;;;;;;;;;;;;;;
12.889192;57743875;1551;;;;;;;;;;;;;;
12.891692;57746375;1436;;;;;;;;;;;;;;
12.894192;57748875;1352;;;;;;;;;;;;;;
12.896692;57751375;1336;;;;;;;;;;;;;;
12.899192;57753875;1385;57753076;456.625;204.361;810.631;1551.245;-9016.628;8821.2;57752632;407.555;676.571;437.731;11856.807;19634.365;46529.48
12.901692;57756375;1468;;;;;;;;;;;;;;
12.904192;57758875;1530;;;;;;;;;;;;;;
12.906692;57761375;1514;;;;;;;;;;;;;;
12.909192;57763875;1423;;;;;;;;;;;;;;
12.912917;57767600;1310;;;;;;;;;;;;;;
12.915417;57770100;1212;;;;;;;;;;;;;;
12.917917;57772600;1208;;;;;;;;;;;;;;
12.920417;57775100;1261;;;;;;;;;;;;;;
12.922917;57777600;1341;;;;;;;;;;;;;;
12.925417;57780100;1400;;;;;;;;;;;;;;
12.927917;57782600;1375;;;;;;;;;;;;;;
12.930417;57785100;1292;57786313;460.029;201.933;808.602;6809.87;-6897.609;8363.077;57785877;418.275;665.246;451.152;16073.841;21264.084;43300.445
12.932917;57787600;1177;;;;;;;;;;;;;;
12.935417;57790100;1088;;;;;;;;;;;;;;
12.937917;57792600;1080;;;;;;;;;;;;;;
12.940417;57795100;1128;;;;;;;;;;;;;;
12.942917;57797600;1206;;;;;;;;;;;;;;
12.947224;57801907;942;;;;;;;;;;;;;;
12.949724;57804407;922;;;;;;;;;;;;;;
12.952224;57806907;970;;;;;;;;;;;;;;
12.954724;57809407;1050;;;;;;;;;;;;;;
12.957224;57811907;1096;;;;;;;;;;;;;;
12.959724;57814407;1070;;;;;;;;;;;;;;
12.962224;57816907;988;;;;;;;;;;;;;;
12.964724;57819407;876;57819561;461.233;205.165;806.706;13236.189;-4293.042;7731.423;57819123;425.543;658.701;460.436;22147.648;23805.441;40022.859
12.966751;57821434;1255;;;;;;;;;;;;;;
12.967224;57821907;797;;;;;;;;;;;;;;
12.969251;57823934;1230;;;;;;;;;;;;;;
12.969724;57824407;792;;;;;;;;;;;;;;
12.971751;57826434;1145;;;;;;;;;;;;;;
12.972224;57826907;843;;;;;;;;;;;;;;
12.974251;57828934;1022;;;;;;;;;;;;;;
12.974724;57829407;937;;;;;;;;;;;;;;
12.977224;57831907;1000;;;;;;;;;;;;;;
12.979724;57834407;987;;;;;;;;;;;;;;
12.982224;57836907;908;;;;;;;;;;;;;;
12.988524;57843207;808;;;;;;;;;;;;;;
12.991024;57845707;744;;;;;;;;;;;;;;
12.993524;57848207;747;;;;;;;;;;;;;;
12.996024;57850707;812;;;;;;;;;;;;;;
12.998524;57853207;907;;;;;;;;;;;;;;
13.001024;57855707;970;;;;;;;;;;;;;;
13.003524;57858207;972;;;;;;;;;;;;;;
13.006024;57860707;911;57861825;460.162;212.511;802.873;20583.691;-1022.452;6852.665;57861387;430.521;653.716;460.747;29773.203;26787.17;36203.027
13.008524;57863207;823;;;;;;;;;;;;;;
13.011024;57865707;760;;;;;;;;;;;;;;
13.013524;57868207;768;;;;;;;;;;;;;;
13.016024;57870707;843;;;;;;;;;;;;;;
13.018524;57873207;941;;;;;;;;;;;;;;
13.021123;57875806;1018;;;;;;;;;;;;;;
13.023623;57878306;1019;;;;;;;;;;;;;;
13.026123;57880806;956;;;;;;;;;;;;;;
13.028623;57883306;872;;;;;;;;;;;;;;
13.031123;57885806;823;;;;;;;;;;;;;;
13.033623;57888306;826;;;;;;;;;;;;;;
13.036123;57890806;906;;;;;;;;;;;;;;
13.038623;57893306;1019;57894035;467.214;220.85;802.636;28521.943;2130.546;5856.844;57893593;433.761;645.235;451.849;38688.293;30101.061;32128.375
13.041123;57895806;1112;;;;;;;;;;;;;;
13.043623;57898306;1127;;;;;;;;;;;;;;
13.046123;57900806;1080;;;;;;;;;;;;;;
13.048623;57903306;1000;;;;;;;;;;;;;;
13.050286;57904969;956;;;;;;;;;;;;;;
13.052786;57907469;984;;;;;;;;;;;;;;
13.055286;57909969;1079;;;;;;;;;;;;;;
13.057786;57912469;1197;;;;;;;;;;;;;;
13.060286;57914969;1289;;;;;;;;;;;;;;
13.062786;57917469;1306;;;;;;;;;;;;;;
13.065286;57919969;1260;;;;;;;;;;;;;;
13.067786;57922469;1195;;;;;;;;;;;;;;
13.070286;57924969;1160;57925194;463.66;239.704;798.884;36805.719;5335.019;5480.876;57924756;435.021;645.609;438.48;49624.254;32484.945;28278.455
13.072786;57927469;1194;;;;;;;;;;;;;;
13.075286;57929969;1292;;;;;;;;;;;;;;
13.077786;57932469;1420;;;;;;;;;;;;;;
13.080286;57934969;1504;;;;;;;;;;;;;;
13.083882;57938565;1529;;;;;;;;;;;;;;
13.086382;57941065;1484;;;;;;;;;;;;;;
13.088882;57943565;1420;;;;;;;;;;;;;;
13.091382;57946065;1389;;;;;;;;;;;;;;
13.093882;57948565;1430;;;;;;;;;;;;;;
13.096382;57951065;1532;;;;;;;;;;;;;;
13.098882;57953565;1662;;;;;;;;;;;;;;
13.101382;57956065;1757;;;;;;;;;;;;;;
13.103882;57958565;1784;57958269;458.356;270.333;800.109;43855.871;7688.455;5375.708;57957827;431.942;656.705;418.575;60678.414;34251.32;24823.156
13.106382;57961065;1739;;;;;;;;;;;;;;
13.108882;57963565;1673;;;;;;;;;;;;;;
13.111382;57966065;1641;;;;;;;;;;;;;;
13.113882;57968565;1673;;;;;;;;;;;;;;
13.117631;57972314;1782;;;;;;;;;;;;;;
13.120131;57974814;1902;;;;;;;;;;;;;;
13.122631;57977314;1992;;;;;;;;;;;;;;
13.125131;57979814;2009;;;;;;;;;;;;;;
13.127631;57982314;1958;;;;;;;;;;;;;;
13.130131;57984814;1879;;;;;;;;;;;;;;
13.132631;57987314;1836;;;;;;;;;;;;;;
13.135131;57989814;1865;;;;;;;;;;;;;;
13.137631;57992314;1960;57991505;454.202;304.616;801.516;47717.203;9343.22;4905.672;57991066;428.279;682.302;398.47;69024.742;35193.504;22322.436
13.140131;57994814;2077;;;;;;;;;;;;;;
13.142631;57997314;2157;;;;;;;;;;;;;;
13.145131;57999814;2168;;;;;;;;;;;;;;
13.147631;58002314;2104;;;;;;;;;;;;;;
13.155454;58010137;1959;;;;;;;;;;;;;;
13.157954;58012637;1976;;;;;;;;;;;;;;
13.160454;58015137;2062;;;;;;;;;;;;;;
13.162954;58017637;2172;;;;;;;;;;;;;;
13.165454;58020137;2250;;;;;;;;;;;;;;
13.167954;58022637;2240;;;;;;;;;;;;;;
13.170454;58025137;2170;58024754;455.221;331.311;800.182;48036.844;10899.059;4848.513;58024311;427.355;700.891;380.285;72161.82;35832.641;20690.502
13.172954;58027637;2074;;;;;;;;;;;;;;
13.175454;58030137;1999;;;;;;;;;;;;;;
13.177954;58032637;2010;;;;;;;;;;;;;;
13.179419;58034102;2010;;;;;;;;;;;;;;
13.180454;58035137;2079;;;;;;;;;;;;;;
13.182954;58037637;2192;;;;;;;;;;;;;;
13.185294;58039977;2240;;;;;;;;;;;;;;
13.187794;58042477;2232;;;;;;;;;;;;;;
13.190294;58044977;2141;;;;;;;;;;;;;;
13.192794;58047477;2028;;;;;;;;;;;;;;
13.195294;58049977;1951;;;;;;;;;;;;;;
13.197794;58052477;1950;;;;;;;;;;;;;;
13.200294;58054977;2014;;;;;;;;;;;;;;
13.202794;58057477;2108;58058073;451.547;353.041;796.589;46008.625;11735.293;4962.65;58057635;424.287;718.556;360.069;70963.039;36096.82;19640.227
13.205294;58059977;2168;;;;;;;;;;;;;;
13.207794;58062477;2151;;;;;;;;;;;;;;
13.210294;58064977;2061;;;;;;;;;;;;;;
13.212794;58067477;1944;;;;;;;;;;;;;;
13.214941;58069624;1865;;;;;;;;;;;;;;
13.217441;58072124;1853;;;;;;;;;;;;;;
13.219941;58074624;1917;;;;;;;;;;;;;;
13.222441;58077124;1995;;;;;;;;;;;;;;
13.224941;58079624;2044;;;;;;;;;;;;;;
13.227441;58082124;2014;;;;;;;;;;;;;;
13.229941;58084624;1916;;;;;;;;;;;;;;
13.232441;58087124;1800;;;;;;;;;;;;;;
13.234941;58089624;1711;58089767;447.489;373.05;791.28;42238.629;11897.091;4798.08;58089325;421.318;737.565;342.596;67355.82;35800.043;19526.652
13.237441;58092124;1705;;;;;;;;;;;;;;
13.239941;58094624;1757;;;;;;;;;;;;;;
13.242441;58097124;1834;;;;;;;;;;;;;;
13.244941;58099624;1868;;;;;;;;;;;;;;
13.245111;58099794;1527;;;;;;;;;;;;;;
13.247611;58102294;1516;;;;;;;;;;;;;;
13.250111;58104794;1576;;;;;;;;;;;;;;
13.252611;58107294;1655;;;;;;;;;;;;;;
13.255111;58109794;1693;;;;;;;;;;;;;;
13.257611;58112294;1672;;;;;;;;;;;;;;
13.260111;58114794;1579;;;;;;;;;;;;;;
13.262611;58117294;1469;;;;;;;;;;;;;;
13.265111;58119794;1405;;;;;;;;;;;;;;
13.267611;58122294;1404;58123090;445.22;384.758;785.113;37495.133;12120.361;4795.738;58122651;419.54;752.884;324.82;61473.277;35138.789;18960.258
13.270111;58124794;1468;;;;;;;;;;;;;;
13.272611;58127294;1560;;;;;;;;;;;;;;
13.272765;58127448;1833;;;;;;;;;;;;;;
13.275111;58129794;1609;;;;;;;;;;;;;;
13.275265;58129948;1728;;;;;;;;;;;;;;
13.277611;58132294;1581;;;;;;;;;;;;;;
13.277765;58132448;1609;;;;;;;;;;;;;;
13.280111;58134794;1499;;;;;;;;;;;;;;
13.282611;58137294;1399;;;;;;;;;;;;;;
13.291518;58146201;1335;;;;;;;;;;;;;;
13.294018;58148701;1339;;;;;;;;;;;;;;
13.296518;58151201;1406;;;;;;;;;;;;;;
13.299018;58153701;1497;;;;;;;;;;;;;;
13.301518;58156201;1550;;;;;;;;;;;;;;
13.304018;58158701;1528;;;;;;;;;;;;;;
13.306518;58161201;1448;;;;;;;;;;;;;;
13.309018;58163701;1353;;;;;;;;;;;;;;
13.311518;58166201;1289;58166312;440.1;392.988;776.901;33287.188;12055.53;4789.576;58165874;416.954;757.416;308.634;54741.238;34075.723;18258.119
13.314018;58168701;1292;;;;;;;;;;;;;;
13.316518;58171201;1360;;;;;;;;;;;;;;
13.319018;58173701;1454;;;;;;;;;;;;;;
13.321518;58176201;1503;;;;;;;;;;;;;;
13.329352;58184035;1486;;;;;;;;;;;;;;
13.331852;58186535;1407;;;;;;;;;;;;;;
13.334352;58189035;1310;;;;;;;;;;;;;;
13.336852;58191535;1256;;;;;;;;;;;;;;
13.339352;58194035;1271;;;;;;;;;;;;;;
13.341852;58196535;1341;;;;;;;;;;;;;;
13.344352;58199035;1437;58199642;434.687;400.965;770.27;30763.578;11822.879;4701.035;58199206;414.748;755.297;297.789;50283.488;32809.875;17326.4
13.346852;58201535;1496;;;;;;;;;;;;;;
13.349352;58204035;1483;;;;;;;;;;;;;;
13.350859;58205542;1261;;;;;;;;;;;;;;
13.351852;58206535;1406;;;;;;;;;;;;;;
13.353359;58208042;1273;;;;;;;;;;;;;;
13.354352;58209035;1310;;;;;;;;;;;;;;
13.355859;58210542;1353;;;;;;;;;;;;;;
13.358359;58213042;1451;;;;;;;;;;;;;;
13.360859;58215542;1512;;;;;;;;;;;;;;
13.363359;58218042;1498;;;;;;;;;;;;;;
13.365859;58220542;1431;;;;;;;;;;;;;;
13.368359;58223042;1338;;;;;;;;;;;;;;
13.370859;58225542;1289;;;;;;;;;;;;;;
13.373359;58228042;1308;;;;;;;;58229242;412.073;755.017;286.712;48152.125;31534.693;16277.205
13.375859;58230542;1390;58229683;429.502;407.897;763.976;29766.148;11521.797;4611.67;;;;;;;
13.378359;58233042;1498;;;;;;;;;;;;;;
13.380859;58235542;1552;;;;;;;;;;;;;;
13.383359;58238042;1545;;;;;;;;;;;;;;
13.385859;58240542;1470;;;;;;;;;;;;;;
13.393008;58247691;1383;;;;;;;;;;;;;;
13.395508;58250191;1328;;;;;;;;;;;;;;
13.398008;58252691;1341;;;;;;;;;;;;;;
13.400508;58255191;1421;;;;;;;;;;;;;;
13.403008;58257691;1517;;;;;;;;;;;;;;
13.405508;58260191;1577;;;;;;;;;;;;;;
13.408008;58262691;1546;;;;;;;;;;;;;;
13.410508;58265191;1470;58266300;424.65;411.976;754.875;29998.09;11448.832;4923.587;58265864;408.147;750.743;271.962;48551.957;29957.084;14469.345
13.413008;58267691;1383;;;;;;;;;;;;;;
13.415508;58270191;1311;;;;;;;;;;;;;;
13.418008;58272691;1336;;;;;;;;;;;;;;
13.420508;58275191;1390;;;;;;;;;;;;;;
13.423008;58277691;1497;;;;;;;;;;;;;;
13.426819;58281502;1536;;;;;;;;;;;;;;
13.429319;58284002;1516;;;;;;;;;;;;;;
13.431819;58286502;1434;;;;;;;;;;;;;;
13.434319;58289002;1323;;;;;;;;;;;;;;
13.436819;58291502;1272;;;;;;;;;;;;;;
13.439319;58294002;1277;;;;;;;;;;;;;;
13.441819;58296502;1342;;;;;;;;;;;;;;
13.444319;58299002;1432;58299634;419.1;415.57;744.026;32167.936;11126.203;5569.033;58299196;401.739;743.382;252.282;52528.922;28089.541;11521.627
13.446819;58301502;1482;;;;;;;;;;;;;;
13.449319;58304002;1454;;;;;;;;;;;;;;
13.451819;58306502;1368;;;;;;;;;;;;;;
13.454319;58309002;1274;;;;;;;;;;;;;;
13.456431;58311114;1214;;;;;;;;;;;;;;
13.458931;58313614;1225;;;;;;;;;;;;;;
13.461431;58316114;1304;;;;;;;;;;;;;;
13.463931;58318614;1389;;;;;;;;;;;;;;
13.466431;58321114;1438;;;;;;;;;;;;;;
13.468931;58323614;1416;;;;;;;;;;;;;;
13.471431;58326114;1326;;;;;;;;;;;;;;
13.473931;58328614;1228;;;;;;;;;;;;;;
13.476431;58331114;1167;58331314;415.969;428.274;731.694;36130.664;10892.33;6397.456;58330878;393.724;744.344;226.339;61014.977;26311.439;7942.546
13.478931;58333614;1181;;;;;;;;;;;;;;
13.481431;58336114;1243;;;;;;;;;;;;;;
13.483931;58338614;1326;;;;;;;;;;;;;;
13.486431;58341114;1357;;;;;;;;;;;;;;
13.490145;58344828;1338;;;;;;;;;;;;;;
13.492645;58347328;1257;;;;;;;;;;;;;;
13.495145;58349828;1150;;;;;;;;;;;;;;
13.497645;58352328;1096;;;;;;;;;;;;;;
13.500145;58354828;1111;;;;;;;;;;;;;;
13.502645;58357328;1177;;;;;;;;;;;;;;
13.505145;58359828;1261;;;;;;;;;;;;;;
13.507645;58362328;1305;;;;;;;;;;;;;;
13.510145;58364828;1273;58364561;416.875;450.854;716.106;43816.566;10847.339;7369.958;58364123;389.349;735.888;190.098;72298.477;25134.555;2665.543
13.512645;58367328;1192;;;;;;;;;;;;;;
13.515145;58369828;1096;;;;;;;;;;;;;;
13.517645;58372328;1040;;;;;;;;;;;;;;
13.519992;58374675;1132;;;;;;;;;;;;;;
13.520145;58374828;1054;;;;;;;;;;;;;;
13.522492;58377175;1240;;;;;;;;;;;;;;
13.524992;58379675;1278;;;;;;;;;;;;;;
13.527492;58382175;1275;;;;;;;;;;;;;;
13.529992;58384675;1212;;;;;;;;;;;;;;
13.532492;58387175;1135;;;;;;;;;;;;;;
13.534992;58389675;1112;;;;;;;;;;;;;;
13.537492;58392175;1149;;;;;;;;;;;;;;
13.539992;58394675;1246;;;;;;;;;;;;;;
13.542492;58397175;1366;58397798;412.733;478.233;700.802;51806.801;10891.222;7662.96;58397363;367.264;744.106;141.467;83017.805;24394.951;-2720.796
13.544992;58399675;1437;;;;;;;;;;;;;;
13.545912;58400595;1279;;;;;;;;;;;;;;
13.547492;58402175;1436;;;;;;;;;;;;;;
13.548412;58403095;1326;;;;;;;;;;;;;;
13.549992;58404675;1386;;;;;;;;;;;;;;
13.550912;58405595;1421;;;;;;;;;;;;;;
13.552492;58407175;1310;;;;;;;;;;;;;;
13.553412;58408095;1534;;;;;;;;;;;;;;
13.555912;58410595;1609;;;;;;;;;;;;;;
13.558412;58413095;1608;;;;;;;;;;;;;;
13.560912;58415595;1535;;;;;;;;;;;;;;
13.563412;58418095;1455;;;;;;;;;;;;;;
13.565912;58420595;1423;;;;;;;;;;;;;;
13.568412;58423095;1452;;;;;;;;;;;;;;
13.570912;58425595;1535;;;;;;;;;;;;;;
13.573412;58428095;1639;;;;;;;;;;;;;;
13.575912;58430595;1690;;;;;;;;;;;;;;
13.578412;58433095;1673;58432785;405.107;504.665;690.602;58465.211;10815.223;7720.812;58432346;350.847;771.164;91.816;93201.164;23610.078;-6471.944
13.580912;58435595;1597;;;;;;;;;;;;;;
13.583412;58438095;1503;;;;;;;;;;;;;;
13.585912;58440595;1465;;;;;;;;;;;;;;
13.588412;58443095;1484;;;;;;;;;;;;;;
13.600467;58455150;1561;;;;;;;;;;;;;;
13.602967;58457650;1660;;;;;;;;;;;;;;
13.605467;58460150;1707;;;;;;;;;;;;;;
13.607967;58462650;1688;;;;;;;;;;;;;;
13.610467;58465150;1608;;;;;;;;;;;;;;
13.612967;58467650;1510;;;;;;;;;;;;;;
13.615467;58470150;1455;;;;;;;;;;;;;;
13.617967;58472650;1471;;;;;;;;58473830;345.188;794.539;54.706;100190.852;23045.574;-9353.472
13.620467;58475150;1548;58474266;405.885;529.183;672.218;62942.699;10950.398;8099.084;;;;;;;
13.622967;58477650;1640;;;;;;;;;;;;;;
13.625467;58480150;1676;;;;;;;;;;;;;;
13.627967;58482650;1643;;;;;;;;;;;;;;
13.630467;58485150;1549;;;;;;;;;;;;;;
13.642271;58496954;1452;;;;;;;;;;;;;;
13.644771;58499454;1391;;;;;;;;;;;;;;
13.647271;58501954;1405;;;;;;;;;;;;;;
13.649771;58504454;1471;;;;;;;;;;;;;;
13.651618;58506301;1320;;;;;;;;;;;;;;
13.652271;58506954;1560;58507601;404.799;555.263;656.688;63789.5;10674.128;8450.13;58507163;341.781;778.096;15.786;98548.305;23203.607;-10336.11
13.654118;58508801;1336;;;;;;;;;;;;;;
13.654771;58509454;1597;;;;;;;;;;;;;;
13.656618;58511301;1401;;;;;;;;;;;;;;
13.657271;58511954;1562;;;;;;;;;;;;;;
13.659118;58513801;1485;;;;;;;;;;;;;;
13.659771;58514454;1469;;;;;;;;;;;;;;
13.661618;58516301;1531;;;;;;;;;;;;;;
13.662271;58516954;1371;;;;;;;;;;;;;;
13.664118;58518801;1497;;;;;;;;;;;;;;
13.666618;58521301;1407;;;;;;;;;;;;;;
13.669118;58523801;1321;;;;;;;;;;;;;;
13.671618;58526301;1273;;;;;;;;;;;;;;
13.674118;58528801;1291;;;;;;;;;;;;;;
13.676618;58531301;1370;;;;;;;;;;;;;;
13.679118;58533801;1455;58534331;403.494;569.517;635.333;62643.586;10287.859;8654.123;58533896;335.434;757.65;-25.904;95859.141;23674.865;-10256.367
13.681618;58536301;1498;;;;;;;;;;;;;;
13.684118;58538801;1469;;;;;;;;;;;;;;
13.686618;58541301;1389;;;;;;;;;;;;;;
13.689118;58543801;1304;;;;;;;;;;;;;;
13.697813;58552496;1244;;;;;;;;;;;;;;
13.700313;58554996;1272;;;;;;;;;;;;;;
13.702813;58557496;1341;;;;;;;;;;;;;;
13.705313;58559996;1432;;;;;;;;;;;;;;
13.707813;58562496;1467;;;;;;;;;;;;;;
13.710313;58564996;1435;;;;;;;;;;;;;;
13.712813;58567496;1355;;;;;;;;;;;;;;
13.715313;58569996;1260;;;;;;;;;;;;;;
13.717813;58572496;1212;58572701;401.186;581.307;612.68;61312.156;9666.716;8767.417;58572263;326.916;737.158;-68.523;93168.367;23579.621;-9879.174
13.720313;58574996;1230;;;;;;;;;;;;;;
13.722813;58577496;1305;;;;;;;;;;;;;;
13.725313;58579996;1387;;;;;;;;;;;;;;
13.727813;58582496;1431;;;;;;;;;;;;;;
13.735618;58590301;1390;;;;;;;;;;;;;;
13.738118;58592801;1308;;;;;;;;;;;;;;
13.740618;58595301;1213;;;;;;;;;;;;;;
13.743118;58597801;1162;;;;;;;;;;;;;;
13.745618;58600301;1180;;;;;;;;;;;;;;
13.748118;58602801;1257;;;;;;;;;;;;;;
13.750618;58605301;1336;58605938;400.092;594.552;590.556;60130.859;8976.88;8801.983;58605502;319.915;720.241;-108.699;90392.07;23137.828;-9537.027
13.753118;58607801;1371;;;;;;;;;;;;;;
13.755618;58610301;1338;;;;;;;;;;;;;;
13.757172;58611855;1099;;;;;;;;;;;;;;
13.758118;58612801;1244;;;;;;;;;;;;;;
13.759672;58614355;1115;;;;;;;;;;;;;;
13.760618;58615301;1149;;;;;;;;;;;;;;
13.762172;58616855;1191;;;;;;;;;;;;;;
13.764672;58619355;1260;;;;;;;;;;;;;;
13.767172;58621855;1292;;;;;;;;;;;;;;
13.769672;58624355;1256;;;;;;;;;;;;;;
13.772172;58626855;1160;;;;;;;;;;;;;;
13.774672;58629355;1062;;;;;;;;;;;;;;
13.777172;58631855;1002;;;;;;;;;;;;;;
13.779672;58634355;1017;;;;;;;;58635538;313.051;707.33;-147.746;87391.906;22627.561;-9041.363
13.782172;58636855;1082;58635976;399.723;608.89;568.0;58634.566;8307.099;8813.821;;;;;;;
13.783299;58637982;936;;;;;;;;;;;;;;
13.784672;58639355;1150;;;;;;;;;;;;;;
13.785799;58640482;880;;;;;;;;;;;;;;
13.787172;58641855;1178;;;;;;;;;;;;;;
13.788299;58642982;892;;;;;;;;;;;;;;
13.789672;58644355;1131;;;;;;;;;;;;;;
13.790799;58645482;954;;;;;;;;;;;;;;
13.792172;58646855;1036;;;;;;;;;;;;;;
13.793299;58647982;1033;;;;;;;;;;;;;;
13.795799;58650482;1050;;;;;;;;;;;;;;
13.798299;58652982;1002;;;;;;;;;;;;;;
13.800799;58655482;908;;;;;;;;;;;;;;
13.803299;58657982;811;;;;;;;;;;;;;;
13.805799;58660482;761;;;;;;;;;;;;;;
13.808299;58662982;767;;;;;;;;;;;;;;
13.810799;58665482;839;;;;;;;;;;;;;;
13.813299;58667982;905;;;;;;;;;;;;;;
13.815799;58670482;926;;;;;;;;;;;;;;
13.818299;58672982;887;58672596;400.41;625.105;546.64;56947.523;7738.619;8939.692;58672161;308.086;691.605;-186.182;83889.0;21872.869;-8777.42
13.820799;58675482;782;;;;;;;;;;;;;;
13.823299;58677982;696;;;;;;;;;;;;;;
13.825799;58680482;639;;;;;;;;;;;;;;
13.828299;58682982;665;;;;;;;;;;;;;;
13.848872;58703555;571;;;;;;;;;;;;;;
13.851372;58706055;588;;;;;;;;;;;;;;
13.853872;58708555;667;;;;;;;;;;;;;;
13.856372;58711055;746;;;;;;;;;;;;;;
13.856622;58711305;730;;;;;;;;;;;;;;
13.858872;58713555;777;;;;;;;;;;;;;;
13.859122;58713805;808;58714437;400.355;640.734;524.291;55280.086;7160.062;8991.458;58713999;301.99;674.636;-224.605;80741.047;21204.912;-8418.174
13.861372;58716055;747;;;;;;;;;;;;;;
13.861622;58716305;828;;;;;;;;;;;;;;
13.863872;58718555;664;;;;;;;;;;;;;;
13.864122;58718805;792;;;;;;;;;;;;;;
13.866372;58721055;574;;;;;;;;;;;;;;
13.866622;58721305;700;;;;;;;;;;;;;;
13.868872;58723555;540;;;;;;;;;;;;;;
13.869122;58723805;606;;;;;;;;;;;;;;
13.871372;58726055;570;;;;;;;;;;;;;;
13.873872;58728555;651;;;;;;;;;;;;;;
13.876372;58731055;734;;;;;;;;;;;;;;
13.878872;58733555;775;;;;;;;;;;;;;;
13.881718;58736401;746;;;;;;;;;;;;;;
13.884218;58738901;668;;;;;;;;;;;;;;
13.886718;58741401;588;;;;;;;;;;;;;;
13.889218;58743901;555;;;;;;;;;;;;;;
13.891718;58746401;589;;;;;;;;;;;;;;
13.894218;58748901;670;;;;;;;;;;;;;;
13.896718;58751401;765;;;;;;;;;;;;;;
13.899218;58753901;808;;;;;;;;;;;;;;
13.901718;58756401;780;58756008;400.339;647.567;501.81;54146.207;6724.622;9093.135;58755570;292.704;658.472;-270.52;78734.43;19713.729;-8426.016
13.904218;58758901;713;;;;;;;;;;;;;;
13.906718;58761401;633;;;;;;;;;;;;;;
13.909218;58763901;603;;;;;;;;;;;;;;
13.911718;58766401;647;;;;;;;;;;;;;;
13.914425;58769108;733;;;;;;;;;;;;;;
13.916925;58771608;831;;;;;;;;;;;;;;
13.919425;58774108;877;;;;;;;;;;;;;;
13.921925;58776608;859;;;;;;;;;;;;;;
13.924425;58779108;793;;;;;;;;;;;;;;
13.926925;58781608;719;;;;;;;;;;;;;;
13.929425;58784108;698;;;;;;;;;;;;;;
13.931925;58786608;745;;;;;;;;58787776;280.789;644.422;-319.403;77381.148;16422.416;-9094.527
13.934425;58789108;830;58788218;398.969;655.607;480.148;52955.707;6142.516;9256.665;;;;;;;
13.936925;58791608;927;;;;;;;;;;;;;;
13.939425;58794108;973;;;;;;;;;;;;;;
13.941925;58796608;955;;;;;;;;;;;;;;
13.944425;58799108;888;;;;;;;;;;;;;;
13.951125;58805808;780;;;;;;;;;;;;;;
13.953625;58808308;811;;;;;;;;;;;;;;
13.956125;58810808;905;;;;;;;;;;;;;;
13.958625;58813308;990;;;;;;;;;;;;;;
13.961125;58815808;1024;;;;;;;;;;;;;;
13.963625;58818308;1004;;;;;;;;;;;;;;
13.966125;58820808;926;58820413;400.743;666.527;456.982;52442.047;5428.515;8679.645;58819975;266.268;637.186;-369.453;76137.969;10798.42;-10541.613
13.968625;58823308;857;;;;;;;;;;;;;;
13.971125;58825808;828;;;;;;;;;;;;;;
13.973625;58828308;870;;;;;;;;;;;;;;
13.975154;58829837;814;;;;;;;;;;;;;;
13.976125;58830808;955;;;;;;;;;;;;;;
13.978625;58833308;1040;;;;;;;;;;;;;;
13.980174;58834857;1085;;;;;;;;;;;;;;
13.982674;58837357;1056;;;;;;;;;;;;;;
13.985174;58839857;983;;;;;;;;;;;;;;
13.987674;58842357;908;;;;;;;;;;;;;;
13.990174;58844857;877;;;;;;;;;;;;;;
13.992674;58847357;912;;;;;;;;;;;;;;
13.995174;58849857;1002;;;;;;;;;;;;;;
13.997674;58852357;1086;58852959;402.208;687.204;436.738;51829.383;4698.151;7544.35;58852520;257.828;627.83;-422.411;73932.758;3741.499;-12250.595
14.000174;58854857;1130;;;;;;;;;;;;;;
14.002674;58857357;1097;;;;;;;;;;;;;;
14.005174;58859857;1018;;;;;;;;;;;;;;
14.007674;58862357;940;;;;;;;;;;;;;;
14.009478;58864161;909;;;;;;;;;;;;;;
14.011978;58866661;941;;;;;;;;;;;;;;
14.014478;58869161;1033;;;;;;;;;;;;;;
14.016978;58871661;1117;;;;;;;;;;;;;;
14.019478;58874161;1160;;;;;;;;;;;;;;
14.021978;58876661;1130;;;;;;;;;;;;;;
14.024478;58879161;1051;;;;;;;;;;;;;;
14.026978;58881661;973;;;;;;;;;;;;;;
14.029478;58884161;952;58884208;414.154;714.142;422.013;51361.102;4003.431;6244.882;58883773;240.618;615.971;-480.133;71184.617;-3764.513;-14036.002
14.031978;58886661;987;;;;;;;;;;;;;;
14.034478;58889161;1083;;;;;;;;;;;;;;
14.036978;58891661;1168;;;;;;;;;;;;;;
14.039478;58894161;1209;;;;;;;;;;;;;;
14.05537;58910053;1014;;;;;;;;;;;;;;
14.05787;58912553;1053;;;;;;;;;;;;;;
14.06037;58915053;1147;;;;;;;;;;;;;;
14.06287;58917553;1241;58917197;412.118;727.065;397.899;50252.984;3214.822;4645.513;58916759;231.046;606.394;-522.885;69240.195;-12066.412;-15881.765
14.06537;58920053;1288;;;;;;;;;;;;;;
14.067033;58921716;1190;;;;;;;;;;;;;;
14.06787;58922553;1259;;;;;;;;;;;;;;
14.069533;58924216;1112;;;;;;;;;;;;;;
14.07037;58925053;1181;;;;;;;;;;;;;;
14.072033;58926716;1036;;;;;;;;;;;;;;
14.07287;58927553;1112;;;;;;;;;;;;;;
14.07537;58930053;1096;;;;;;;;;;;;;;
14.077075;58931758;1229;;;;;;;;;;;;;;
14.07787;58932553;1133;;;;;;;;;;;;;;
14.079575;58934258;1327;;;;;;;;;;;;;;
14.082075;58936758;1372;;;;;;;;;;;;;;
14.084575;58939258;1351;;;;;;;;;;;;;;
14.087075;58941758;1275;;;;;;;;;;;;;;
14.089575;58944258;1200;;;;;;;;;;;;;;
14.092075;58946758;1182;;;;;;;;;;;;;;
14.094575;58949258;1231;;;;;;;;58950256;211.691;592.062;-558.186;66547.312;-20773.529;-17643.988
14.097075;58951758;1337;58950694;412.661;740.438;377.669;48981.961;2106.893;3199.612;;;;;;;
14.099575;58954258;1434;;;;;;;;;;;;;;
14.102075;58956758;1480;;;;;;;;;;;;;;
14.104575;58959258;1452;;;;;;;;;;;;;;
14.107075;58961758;1383;;;;;;;;;;;;;;
14.11097;58965653;1307;;;;;;;;;;;;;;
14.11347;58968153;1287;;;;;;;;;;;;;;
14.11597;58970653;1336;;;;;;;;;;;;;;
14.11847;58973153;1435;;;;;;;;;;;;;;
14.12097;58975653;1534;;;;;;;;;;;;;;
14.12347;58978153;1581;;;;;;;;;;;;;;
14.12597;58980653;1551;;;;;;;;;;;;;;
14.12847;58983153;1472;58984206;411.096;753.894;358.127;47519.426;870.174;1164.506;58983764;193.226;578.344;-586.11;63858.695;-29731.291;-19373.227
14.13097;58985653;1402;;;;;;;;;;;;;;
14.13347;58988153;1374;;;;;;;;;;;;;;
14.13597;58990653;1431;;;;;;;;;;;;;;
14.13847;58993153;1529;;;;;;;;;;;;;;
14.14097;58995653;1628;;;;;;;;;;;;;;
14.145545;59000228;1465;;;;;;;;;;;;;;
14.148045;59002728;1515;;;;;;;;;;;;;;
14.150545;59005228;1615;;;;;;;;;;;;;;
14.153045;59007728;1722;;;;;;;;;;;;;;
14.155545;59010228;1758;;;;;;;;;;;;;;
14.158045;59012728;1728;;;;;;;;;;;;;;
14.160545;59015228;1653;;;;;;;;;;;;;;
14.163045;59017728;1566;59017616;408.183;766.695;338.72;45923.078;-572.023;-1007.282;59017177;173.981;560.376;-607.404;60617.199;-38199.602;-21006.814
14.165071;59019754;1673;;;;;;;;;;;;;;
14.165545;59020228;1550;;;;;;;;;;;;;;
14.167571;59022254;1643;;;;;;;;;;;;;;
14.168045;59022728;1592;;;;;;;;;;;;;;
14.170071;59024754;1563;;;;;;;;;;;;;;
14.170545;59025228;1691;;;;;;;;;;;;;;
14.172571;59027254;1485;;;;;;;;;;;;;;
14.173045;59027728;1787;;;;;;;;;;;;;;
14.175545;59030228;1831;;;;;;;;;;;;;;
14.178045;59032728;1800;;;;;;;;;;;;;;
14.180545;59035228;1708;;;;;;;;;;;;;;
14.188144;59042827;1625;;;;;;;;;;;;;;
14.190644;59045327;1597;;;;;;;;;;;;;;
14.193144;59047827;1641;;;;;;;;;;;;;;
14.195644;59050327;1740;;;;;;;;;;;;;;
14.198144;59052827;1834;;;;;;;;;;;;;;
14.200644;59055327;1869;;;;;;;;;;;;;;
14.203144;59057827;1822;;;;;;;;;;;;;;
14.205644;59060327;1727;59061098;406.714;778.063;320.881;44358.422;-2037.921;-3505.355;59060660;148.715;540.47;-617.105;57390.34;-45739.184;-22517.598
14.208144;59062827;1642;;;;;;;;;;;;;;
14.210644;59065327;1608;;;;;;;;;;;;;;
14.213144;59067827;1646;;;;;;;;;;;;;;
14.215644;59070327;1738;;;;;;;;;;;;;;
14.218144;59072827;1833;;;;;;;;;;;;;;
14.222302;59076985;1883;;;;;;;;;;;;;;
14.224802;59079485;1948;;;;;;;;;;;;;;
14.227302;59081985;1961;;;;;;;;;;;;;;
14.229802;59084485;1960;;;;;;;;;;;;;;
14.232302;59086985;2009;;;;;;;;;;;;;;
14.234802;59089485;2136;;;;;;;;;;;;;;
14.237302;59091985;2302;;;;;;;;;;;;;;
14.239802;59094485;2456;59094775;401.641;788.509;300.225;42641.0;-3374.963;-5821.212;59094340;121.826;521.743;-622.325;54232.508;-52185.598;-23840.842
14.242302;59096985;2543;;;;;;;;;;;;;;
14.244802;59099485;2572;;;;;;;;;;;;;;
14.247302;59101985;2537;;;;;;;;;;;;;;
14.249802;59104485;2503;;;;;;;;;;;;;;
14.252265;59106948;2521;;;;;;;;;;;;;;
14.254765;59109448;2616;;;;;;;;;;;;;;
14.257265;59111948;2750;;;;;;;;;;;;;;
14.259765;59114448;2872;;;;;;;;;;;;;;
14.262265;59116948;2937;;;;;;;;;;;;;;
14.264765;59119448;2925;;;;;;;;;;;;;;
14.267265;59121948;2872;;;;;;;;;;;;;;
14.269765;59124448;2824;;;;;;;;;;;;;;
14.272265;59126948;2828;59126812;398.651;794.638;287.581;41523.074;-5237.965;-7367.214;59126374;96.873;499.48;-623.417;51271.508;-58318.004;-25259.799
14.274765;59129448;2905;;;;;;;;;;;;;;
14.277265;59131948;3020;;;;;;;;;;;;;;
14.279765;59134448;3131;;;;;;;;;;;;;;
14.282265;59136948;3176;;;;;;;;;;;;;;
14.286373;59141056;3148;;;;;;;;;;;;;;
14.288873;59143556;3082;;;;;;;;;;;;;;
14.291373;59146056;3016;;;;;;;;;;;;;;
14.293873;59148556;3006;;;;;;;;;;;;;;
14.296373;59151056;3067;;;;;;;;;;;;;;
14.298873;59153556;3181;;;;;;;;;;;;;;
14.301373;59156056;3280;;;;;;;;;;;;;;
14.303873;59158556;3324;;;;;;;;;;;;;;
14.306373;59161056;3289;59160396;392.346;801.608;268.858;40154.797;-6348.066;-8704.666;59159961;66.251;482.522;-618.311;48649.309;-62966.914;-26511.996
14.308873;59163556;3209;;;;;;;;;;;;;;
14.311373;59166056;3132;;;;;;;;;;;;;;
14.313873;59168556;3113;;;;;;;;;;;;;;
14.316373;59171056;3164;;;;;;;;;;;;;;
14.32043;59175113;3273;;;;;;;;;;;;;;
14.32293;59177613;3369;;;;;;;;;;;;;;
14.32543;59180113;3401;;;;;;;;;;;;;;
14.32793;59182613;3352;;;;;;;;;;;;;;
14.33043;59185113;3246;;;;;;;;;;;;;;
14.33293;59187613;3175;;;;;;;;;;;;;;
14.33543;59190113;3144;;;;;;;;;;;;;;
14.33793;59192613;3182;;;;;;;;59193553;30.523;464.233;-613.79;46073.781;-67263.938;-27532.709
14.34043;59195113;3280;59193991;386.405;808.522;255.653;38313.305;-6920.101;-9535.558;;;;;;;
14.342665;59197348;3111;;;;;;;;;;;;;;
14.34293;59197613;3369;;;;;;;;;;;;;;
14.345165;59199848;3145;;;;;;;;;;;;;;
14.34543;59200113;3391;;;;;;;;;;;;;;
14.347665;59202348;3231;;;;;;;;;;;;;;
14.34793;59202613;3340;;;;;;;;;;;;;;
14.350165;59204848;3311;;;;;;;;;;;;;;
14.35043;59205113;3229;;;;;;;;;;;;;;
14.352665;59207348;3326;;;;;;;;;;;;;;
14.355165;59209848;3274;;;;;;;;;;;;;;
14.357665;59212348;3164;;;;;;;;;;;;;;
14.360165;59214848;3066;;;;;;;;;;;;;;
14.362665;59217348;3021;;;;;;;;;;;;;;
14.365165;59219848;3054;;;;;;;;;;;;;;
14.367665;59222348;3142;;;;;;;;;;;;;;
14.370165;59224848;3212;;;;;;;;;;;;;;
14.372665;59227348;3227;59227575;376.179;806.331;233.721;35964.953;-7148.533;-10374.779;59227140;-0.686;443.132;-604.78;43473.027;-70707.359;-28108.197
14.375165;59229848;3161;;;;;;;;;;;;;;
14.377665;59232348;3047;;;;;;;;;;;;;;
14.380165;59234848;2943;;;;;;;;;;;;;;
14.382604;59237287;3144;;;;;;;;;;;;;;
14.382665;59237348;2906;;;;;;;;;;;;;;
14.385165;59239848;2938;;;;;;;;;;;;;;
14.397789;59252472;3018;;;;;;;;;;;;;;
14.400289;59254972;3084;;;;;;;;;;;;;;
14.402789;59257472;3099;;;;;;;;;;;;;;
14.405289;59259972;3032;;;;;;;;;;;;;;
14.407789;59262472;2911;;;;;;;;;;;;;;
14.410289;59264972;2825;;;;;;;;;;;;;;
14.412789;59267472;2781;;;;;;;;;;;;;;
14.415289;59269972;2811;59271148;368.088;807.543;215.264;34229.266;-7490.669;-10906.478;59270709;-33.402;425.093;-589.199;40861.0;-73330.242;-28555.162
14.417789;59272472;2892;;;;;;;;;;;;;;
14.420289;59274972;2957;;;;;;;;;;;;;;
14.422789;59277472;2967;;;;;;;;;;;;;;
14.425289;59279972;2904;;;;;;;;;;;;;;
14.427789;59282472;2792;;;;;;;;;;;;;;
14.440056;59294739;2687;;;;;;;;;;;;;;
14.442556;59297239;2653;;;;;;;;;;;;;;
14.445056;59299739;2684;;;;;;;;;;;;;;
14.447556;59302239;2763;;;;;;;;;;;;;;
14.449799;59304482;2523;;;;;;;;59304476;-72.206;404.509;-571.878;38486.324;-75098.789;-29149.967
14.450056;59304739;2828;59304911;358.187;814.02;199.98;33175.805;-7822.26;-11067.716;;;;;;;
14.452299;59306982;2554;;;;;;;;;;;;;;
14.452556;59307239;2839;;;;;;;;;;;;;;
14.454799;59309482;2638;;;;;;;;;;;;;;
14.455056;59309739;2765;;;;;;;;;;;;;;
14.457299;59311982;2712;;;;;;;;;;;;;;
14.457556;59312239;2654;;;;;;;;;;;;;;
14.459799;59314482;2718;;;;;;;;;;;;;;
14.460056;59314739;2558;;;;;;;;;;;;;;
14.462299;59316982;2656;;;;;;;;;;;;;;
14.464799;59319482;2553;;;;;;;;;;;;;;
14.467299;59321982;2459;;;;;;;;;;;;;;
14.469799;59324482;2429;;;;;;;;;;;;;;
14.472299;59326982;2460;;;;;;;;;;;;;;
14.474799;59329482;2550;;;;;;;;;;;;;;
14.477299;59331982;2619;59332087;349.226;815.751;184.125;31736.201;-8087.834;-11045.455;59331649;-108.331;386.041;-551.794;35609.57;-76694.477;-29627.531
14.479799;59334482;2623;;;;;;;;;;;;;;
14.482299;59336982;2560;;;;;;;;;;;;;;
14.484799;59339482;2460;;;;;;;;;;;;;;
14.487299;59341982;2364;;;;;;;;;;;;;;
14.496612;59351295;2332;;;;;;;;;;;;;;
14.499112;59353795;2374;;;;;;;;;;;;;;
14.501612;59356295;2460;;;;;;;;;;;;;;
14.504112;59358795;2527;;;;;;;;;;;;;;
14.506612;59361295;2541;;;;;;;;;;;;;;
14.509112;59363795;2477;;;;;;;;;;;;;;
14.511612;59366295;2366;;;;;;;;;;;;;;
14.514112;59368795;2270;;;;;;;;;;;;;;
14.516612;59371295;2248;59370880;335.956;825.605;164.0;31142.078;-8175.193;-11097.808;59370444;-141.192;365.049;-529.09;33019.715;-77124.5;-30145.529
14.519112;59373795;2281;;;;;;;;;;;;;;
14.521612;59376295;2364;;;;;;;;;;;;;;
14.524112;59378795;2438;;;;;;;;;;;;;;
14.526612;59381295;2440;;;;;;;;;;;;;;
14.534937;59389620;2375;;;;;;;;;;;;;;
14.537437;59392120;2263;;;;;;;;;;;;;;
14.539937;59394620;2157;;;;;;;;;;;;;;
14.542437;59397120;2123;;;;;;;;;;;;;;
14.544937;59399620;2158;;;;;;;;;;;;;;
14.547437;59402120;2236;;;;;;;;;;;;;;
14.549937;59404620;2300;59404735;328.156;838.176;149.078;30074.537;-7834.246;-10741.104;59404297;-182.353;343.93;-505.979;30304.729;-76936.273;-30218.502
14.552437;59407120;2299;;;;;;;;;;;;;;
14.554937;59409620;2223;;;;;;;;;;;;;;
14.557013;59411696;1962;;;;;;;;;;;;;;
14.557437;59412120;2105;;;;;;;;;;;;;;
14.559513;59414196;1983;;;;;;;;;;;;;;
14.559937;59414620;1999;;;;;;;;;;;;;;
14.562013;59416696;2060;;;;;;;;;;;;;;
14.564513;59419196;2111;;;;;;;;;;;;;;
14.567013;59421696;2107;;;;;;;;;;;;;;
14.569513;59424196;2027;;;;;;;;;;;;;;
14.572013;59426696;1900;;;;;;;;;;;;;;
14.574513;59429196;1801;;;;;;;;;;;;;;
14.577013;59431696;1758;;;;;;;;;;;;;;
14.579513;59434196;1786;59435283;317.372;843.267;134.03;28786.498;-7673.096;-10430.236;59434847;-220.126;325.172;-479.502;28431.617;-76732.961;-30184.139
14.582013;59436696;1853;;;;;;;;;;;;;;
14.583657;59438340;1582;;;;;;;;;;;;;;
14.584513;59439196;1900;;;;;;;;;;;;;;
14.586157;59440840;1535;;;;;;;;;;;;;;
14.587013;59441696;1887;;;;;;;;;;;;;;
14.588657;59443340;1561;;;;;;;;;;;;;;
14.589513;59444196;1806;;;;;;;;;;;;;;
14.591157;59445840;1614;;;;;;;;;;;;;;
14.592013;59446696;1688;;;;;;;;;;;;;;
14.593657;59448340;1658;;;;;;;;;;;;;;
14.596157;59450840;1644;;;;;;;;;;;;;;
14.598657;59453340;1561;;;;;;;;;;;;;;
14.601157;59455840;1437;;;;;;;;;;;;;;
14.603657;59458340;1341;;;;;;;;;;;;;;
14.606157;59460840;1303;;;;;;;;;;;;;;
14.608657;59463340;1321;;;;;;;;;;;;;;
14.611157;59465840;1372;;;;;;;;;;;;;;
14.613657;59468340;1416;;;;;;;;;;;;;;
14.616157;59470840;1398;;;;;;;;59471996;-257.181;308.071;-452.715;26198.91;-75303.0;-30059.619
14.618657;59473340;1310;59472435;308.561;849.447;120.545;27893.172;-7648.191;-10151.1;;;;;;;
14.621157;59475840;1194;;;;;;;;;;;;;;
14.623657;59478340;1100;;;;;;;;;;;;;;
14.626157;59480840;1064;;;;;;;;;;;;;;
14.628657;59483340;1079;;;;;;;;;;;;;;
14.651398;59506081;797;;;;;;;;;;;;;;
14.653898;59508581;813;;;;;;;;;;;;;;
14.656398;59511081;862;;;;;;;;;;;;;;
14.658777;59513460;1128;;;;;;;;;;;;;;
14.658898;59513581;892;;;;;;;;;;;;;;
14.661277;59515960;1162;;;;;;;;59515740;-294.745;286.683;-424.919;23468.84;-73132.977;-29438.639
14.661398;59516081;872;59516176;301.106;858.208;106.819;26610.951;-7058.844;-9563.482;;;;;;;
14.663777;59518460;1132;;;;;;;;;;;;;;
14.663898;59518581;783;;;;;;;;;;;;;;
14.666277;59520960;1050;;;;;;;;;;;;;;
14.666398;59521081;669;;;;;;;;;;;;;;
14.668777;59523460;928;;;;;;;;;;;;;;
14.668898;59523581;585;;;;;;;;;;;;;;
14.671277;59525960;842;;;;;;;;;;;;;;
14.671398;59526081;542;;;;;;;;;;;;;;
14.673898;59528581;557;;;;;;;;;;;;;;
14.676398;59531081;616;;;;;;;;;;;;;;
14.678898;59533581;632;;;;;;;;;;;;;;
14.681398;59536081;621;;;;;;;;;;;;;;
14.684582;59539265;539;;;;;;;;;;;;;;
14.687082;59541765;427;;;;;;;;;;;;;;
14.689582;59544265;347;;;;;;;;;;;;;;
14.692082;59546765;313;;;;;;;;;;;;;;
14.694582;59549265;330;;;;;;;;;;;;;;
14.697082;59551765;392;;;;;;;;;;;;;;
14.699582;59554265;426;;;;;;;;;;;;;;
14.702082;59556765;407;;;;;;;;;;;;;;
14.704582;59559265;329;59558532;281.744;866.123;87.387;25597.152;-6579.464;-9244.121;59558094;-325.77;268.592;-403.063;22069.211;-70349.141;-28198.582
14.707082;59561765;223;;;;;;;;;;;;;;
14.709582;59564265;144;;;;;;;;;;;;;;
14.712082;59566765;125;;;;;;;;;;;;;;
14.714582;59569265;152;;;;;;;;;;;;;;
14.717621;59572304;216;;;;;;;;;;;;;;
14.720121;59574804;252;;;;;;;;;;;;;;
14.722621;59577304;238;;;;;;;;;;;;;;
14.725121;59579804;169;;;;;;;;;;;;;;
14.727621;59582304;72;;;;;;;;;;;;;;
14.730121;59584804;9;;;;;;;;;;;;;;
14.732621;59587304;9;;;;;;;;;;;;;;
14.735121;59589804;29;;;;;;;;59590645;-359.703;250.386;-377.157;20684.438;-67309.867;-26769.402
14.737621;59592304;91;59591080;273.714;873.172;74.71;24170.295;-6393.116;-8827.415;;;;;;;
14.740121;59594804;138;;;;;;;;;;;;;;
14.742621;59597304;125;;;;;;;;;;;;;;
14.745121;59599804;57;;;;;;;;;;;;;;
14.747621;59602304;17;;;;;;;;;;;;;;
14.753732;59608415;9;;;;;;;;;;;;;;
14.756232;59610915;23;;;;;;;;;;;;;;
14.758732;59613415;92;;;;;;;;;;;;;;
14.761232;59615915;137;;;;;;;;;;;;;;
14.763732;59618415;124;;;;;;;;;;;;;;
14.766232;59620915;57;;;;;;;;;;;;;;
14.768732;59623415;7;59622851;266.677;876.898;62.056;22682.654;-6080.022;-8336.169;59622413;-389.212;229.339;-356.689;19726.34;-64216.934;-25173.244
14.771232;59625915;18;;;;;;;;;;;;;;
14.773732;59628415;17;;;;;;;;;;;;;;
14.776232;59630915;29;;;;;;;;;;;;;;
14.777862;59632545;18;;;;;;;;;;;;;;
14.778732;59633415;102;;;;;;;;;;;;;;
14.781232;59635915;143;;;;;;;;;;;;;;
14.781998;59636681;139;;;;;;;;;;;;;;
14.784498;59639181;74;;;;;;;;;;;;;;
14.786998;59641681;9;;;;;;;;;;;;;;
14.789498;59644181;9;;;;;;;;;;;;;;
14.791998;59646681;8;;;;;;;;;;;;;;
14.794498;59649181;31;;;;;;;;;;;;;;
14.796998;59651681;106;;;;;;;;;;;;;;
14.799498;59654181;155;59654440;260.572;879.645;50.737;21217.334;-6024.084;-7810.423;59654002;-416.471;213.815;-337.775;19171.836;-60962.773;-23694.52
14.801998;59656681;143;;;;;;;;;;;;;;
14.804498;59659181;87;;;;;;;;;;;;;;
14.806998;59661681;9;;;;;;;;;;;;;;
14.809498;59664181;18;;;;;;;;;;;;;;
14.809913;59664596;11;;;;;;;;;;;;;;
14.812413;59667096;41;;;;;;;;;;;;;;
14.814913;59669596;108;;;;;;;;;;;;;;
14.817413;59672096;158;;;;;;;;;;;;;;
14.819913;59674596;155;;;;;;;;;;;;;;
14.822413;59677096;93;;;;;;;;;;;;;;
14.824913;59679596;17;;;;;;;;;;;;;;
14.827413;59682096;16;;;;;;;;;;;;;;
14.829913;59684596;16;59684397;255.077;882.846;40.069;19927.217;-5920.63;-7221.277;59683955;-443.35;199.056;-320.435;18618.369;-57692.82;-22239.855
14.832413;59687096;44;;;;;;;;;;;;;;
14.834913;59689596;122;;;;;;;;;;;;;;
14.837413;59692096;170;;;;;;;;;;;;;;
14.839913;59694596;180;;;;;;;;;;;;;;
14.854161;59708844;16;;;;;;;;;;;;;;
14.856661;59711344;60;;;;;;;;;;;;;;
14.859161;59713844;139;;;;;;;;;;;;;;
14.861661;59716344;204;59716332;249.692;886.363;30.208;18684.105;-5774.223;-6578.463;59715894;-469.513;185.535;-304.7;18101.326;-54512.43;-20876.738
14.864161;59718844;217;;;;;;;;;;;;;;
14.866345;59721028;122;;;;;;;;;;;;;;
14.866661;59721344;167;;;;;;;;;;;;;;
14.868845;59723528;40;;;;;;;;;;;;;;
14.869161;59723844;91;;;;;;;;;;;;;;
14.871345;59726028;8;;;;;;;;;;;;;;
14.871661;59726344;33;;;;;;;;;;;;;;
14.874161;59728844;43;;;;;;;;;;;;;;
14.874705;59729388;190;;;;;;;;;;;;;;
14.876661;59731344;106;;;;;;;;;;;;;;
14.877205;59731888;263;;;;;;;;;;;;;;
14.879705;59734388;272;;;;;;;;;;;;;;
14.882205;59736888;236;;;;;;;;;;;;;;
14.884705;59739388;170;;;;;;;;;;;;;;
14.887205;59741888;123;;;;;;;;;;;;;;
14.889705;59744388;136;;;;;;;;;;;;;;
14.892205;59746888;200;;;;;;;;59747744;-494.508;172.616;-291.856;17610.572;-51511.184;-19540.65
14.894705;59749388;287;59748182;244.1;889.168;20.268;17672.025;-5607.574;-5879.415;;;;;;;
14.897205;59751888;361;;;;;;;;;;;;;;
14.899705;59754388;367;;;;;;;;;;;;;;
14.902205;59756888;328;;;;;;;;;;;;;;
14.904705;59759388;264;;;;;;;;;;;;;;
14.907774;59762457;221;;;;;;;;;;;;;;
14.910274;59764957;233;;;;;;;;;;;;;;
14.912774;59767457;298;;;;;;;;;;;;;;
14.915274;59769957;394;;;;;;;;;;;;;;
14.917774;59772457;464;;;;;;;;;;;;;;
14.920274;59774957;478;;;;;;;;;;;;;;
14.922774;59777457;444;;;;;;;;;;;;;;
14.925274;59779957;383;59780731;238.471;891.685;10.934;16637.049;-5432.195;-5249.006;59780295;-519.034;160.789;-280.386;17391.105;-48810.062;-18378.992
14.927774;59782457;349;;;;;;;;;;;;;;
14.930274;59784957;373;;;;;;;;;;;;;;
14.932774;59787457;442;;;;;;;;;;;;;;
14.935274;59789957;541;;;;;;;;;;;;;;
14.937774;59792457;616;;;;;;;;;;;;;;
14.956844;59811527;540;;;;;;;;;;;;;;
14.959344;59814027;620;59813284;233.544;894.407;2.53;15778.071;-5454.585;-4851.369;59812846;-541.967;150.255;-267.752;17026.426;-46292.121;-17350.668
14.960771;59815454;637;;;;;;;;;;;;;;
14.961844;59816527;727;;;;;;;;;;;;;;
14.963271;59817954;605;;;;;;;;;;;;;;
14.964344;59819027;797;;;;;;;;;;;;;;
14.965771;59820454;554;;;;;;;;;;;;;;
14.966844;59821527;825;;;;;;;;;;;;;;
14.968271;59822954;523;;;;;;;;;;;;;;
14.969344;59824027;795;;;;;;;;;;;;;;
14.969707;59824390;749;;;;;;;;;;;;;;
14.971844;59826527;745;;;;;;;;;;;;;;
14.972207;59826890;829;;;;;;;;;;;;;;
14.974344;59829027;718;;;;;;;;;;;;;;
14.974707;59829390;939;;;;;;;;;;;;;;
14.977207;59831890;1019;;;;;;;;;;;;;;
14.979707;59834390;1049;;;;;;;;;;;;;;
14.982207;59836890;1024;;;;;;;;;;;;;;
14.984707;59839390;982;;;;;;;;;;;;;;
14.987207;59841890;958;;;;;;;;;;;;;;
14.989707;59844390;1000;59844182;229.303;897.828;-4.257;14835.168;-5414.168;-4474.925;59843743;-563.98;140.448;-255.383;16452.043;-43954.766;-16324.76
14.992207;59846890;1084;;;;;;;;;;;;;;
14.994707;59849390;1197;;;;;;;;;;;;;;
14.997207;59851890;1287;;;;;;;;;;;;;;
14.999707;59854390;1311;;;;;;;;;;;;;;
15.003547;59858230;1290;;;;;;;;;;;;;;
15.006047;59860730;1256;;;;;;;;;;;;;;
15.008547;59863230;1232;;;;;;;;;;;;;;
15.011047;59865730;1277;;;;;;;;;;;;;;
15.013547;59868230;1376;;;;;;;;;;;;;;
15.016047;59870730;1486;;;;;;;;;;;;;;
15.018547;59873230;1580;;;;;;;;;;;;;;
15.021047;59875730;1613;;;;;;;;;;;;;;
15.023547;59878230;1595;59877435;226.115;901.87;-10.163;13745.159;-5306.647;-4067.867;59876992;-585.16;128.68;-243.693;15763.315;-41658.152;-15150.646
15.026047;59880730;1561;;;;;;;;;;;;;;
15.028547;59883230;1547;;;;;;;;;;;;;;
15.031047;59885730;1596;;;;;;;;;;;;;;
15.033547;59888230;1691;;;;;;;;;;;;;;
15.046587;59901270;1916;;;;;;;;;;;;;;
15.049087;59903770;2015;;;;;;;;;;;;;;
15.051587;59906270;2141;;;;;;;;;;;;;;
15.053813;59908496;1807;;;;;;;;;;;;;;
15.054087;59908770;2236;;;;;;;;;;;;;;
15.056313;59910996;1900;;;;;;;;59910753;-606.313;116.439;-233.632;15199.149;-39596.684;-13686.114
15.056587;59911270;2271;59911191;222.502;905.748;-16.432;12368.401;-5308.627;-3691.223;;;;;;;
15.058813;59913496;1935;;;;;;;;;;;;;;
15.059087;59913770;2251;;;;;;;;;;;;;;
15.061313;59915996;1926;;;;;;;;;;;;;;
15.061587;59916270;2205;;;;;;;;;;;;;;
15.063813;59918496;1884;;;;;;;;;;;;;;
15.064087;59918770;2190;;;;;;;;;;;;;;
15.066313;59920996;1871;;;;;;;;;;;;;;
15.066587;59921270;2233;;;;;;;;;;;;;;
15.069087;59923770;2329;;;;;;;;;;;;;;
15.071587;59926270;2444;;;;;;;;;;;;;;
15.074087;59928770;2535;;;;;;;;;;;;;;
15.076587;59931270;2552;;;;;;;;;;;;;;
15.080981;59935664;2524;;;;;;;;;;;;;;
15.083481;59938164;2473;;;;;;;;;;;;;;
15.085981;59940664;2442;;;;;;;;;;;;;;
15.088481;59943164;2475;;;;;;;;;;;;;;
15.090981;59945664;2552;;;;;;;;;;;;;;
15.093481;59948164;2653;;;;;;;;;;;;;;
15.095981;59950664;2719;;;;;;;;;;;;;;
15.098481;59953164;2731;;;;;;;;59954409;-624.047;110.623;-221.309;14366.129;-37629.098;-11834.996
15.100981;59955664;2683;59954848;219.459;908.26;-20.746;10843.044;-5361.696;-3354.412;;;;;;;
15.103481;59958164;2619;;;;;;;;;;;;;;
15.105981;59960664;2574;;;;;;;;;;;;;;
15.108481;59963164;2589;;;;;;;;;;;;;;
15.110981;59965664;2654;;;;;;;;;;;;;;
15.11509;59969773;2744;;;;;;;;;;;;;;
15.11759;59972273;2795;;;;;;;;;;;;;;
15.12009;59974773;2792;;;;;;;;;;;;;;
15.12259;59977273;2732;;;;;;;;;;;;;;
15.12509;59979773;2647;;;;;;;;;;;;;;
15.12759;59982273;2590;;;;;;;;;;;;;;
15.13009;59984773;2589;;;;;;;;;;;;;;
15.13259;59987273;2648;;;;;;;;59988176;-639.668;112.064;-208.188;11558.322;-35353.453;-9690.121
15.13509;59989773;2719;59988611;218.606;910.323;-22.161;9043.954;-5418.236;-2775.004;;;;;;;
15.13759;59992273;2762;;;;;;;;;;;;;;
15.14009;59994773;2744;;;;;;;;;;;;;;
15.14259;59997273;2668;;;;;;;;;;;;;;
15.14509;59999773;2570;;;;;;;;;;;;;;
15.153087;60007770;2489;;;;;;;;;;;;;;
15.155587;60010270;2523;;;;;;;;;;;;;;
15.158087;60012770;2584;;;;;;;;;;;;;;
15.160587;60015270;2619;;;;;;;;;;;;;;
15.163087;60017770;2586;;;;;;;;;;;;;;
15.165587;60020270;2495;;;;;;;;;;;;;;
15.168087;60022770;2381;60022206;215.057;916.425;-26.439;6376.256;-5341.574;-1457.191;60021768;-656.216;114.915;-199.804;3980.844;-32717.344;-6731.553
15.170587;60025270;2300;;;;;;;;;;;;;;
15.173087;60027770;2282;;;;;;;;;;;;;;
15.175587;60030270;2313;;;;;;;;;;;;;;
15.177038;60031721;2496;;;;;;;;;;;;;;
15.178087;60032770;2376;;;;;;;;;;;;;;
15.180587;60035270;2411;;;;;;;;;;;;;;
15.183;60037683;2382;;;;;;;;;;;;;;
15.1855;60040183;2299;;;;;;;;;;;;;;
15.188;60042683;2190;;;;;;;;;;;;;;
15.1905;60045183;2121;;;;;;;;;;;;;;
15.193;60047683;2110;;;;;;;;;;;;;;
15.1955;60050183;2168;;;;;;;;;;;;;;
15.198;60052683;2250;;;;;;;;;;;;;;
15.2005;60055183;2296;60055703;213.094;921.673;-25.221;3250.88;-5316.433;269.418;60055265;-676.39;107.535;-202.825;-5666.011;-30207.789;-2728.725
15.203;60057683;2280;;;;;;;;;;;;;;
15.2055;60060183;2200;;;;;;;;;;;;;;
15.208;60062683;2089;;;;;;;;;;;;;;
15.2105;60065183;2015;;;;;;;;;;;;;;
15.212838;60067521;2013;;;;;;;;;;;;;;
15.215338;60070021;2076;;;;;;;;;;;;;;
15.217838;60072521;2169;;;;;;;;;;;;;;
15.220338;60075021;2236;;;;;;;;;;;;;;
15.222838;60077521;2232;;;;;;;;;;;;;;
15.225338;60080021;2169;;;;;;;;;;;;;;
15.227838;60082521;2079;;;;;;;;;;;;;;
15.230338;60085021;2025;;;;;;;;;;;;;;
15.232838;60087521;2029;60087484;208.259;925.994;-26.04;-932.289;-5156.924;1511.135;60087042;-695.299;104.25;-200.919;-14424.085;-28921.398;1458.524
15.235338;60090021;2109;;;;;;;;;;;;;;
15.237838;60092521;2215;;;;;;;;;;;;;;
15.240338;60095021;2282;;;;;;;;;;;;;;
15.242838;60097521;2286;;;;;;;;;;;;;;
15.243175;60097858;2153;;;;;;;;;;;;;;
15.245675;60100358;2254;;;;;;;;;;;;;;
15.248175;60102858;2392;;;;;;;;;;;;;;
15.250675;60105358;2491;;;;;;;;;;;;;;
15.253175;60107858;2523;;;;;;;;;;;;;;
15.255675;60110358;2492;;;;;;;;;;;;;;
15.258175;60112858;2444;;;;;;;;;;;;;;
15.260675;60115358;2426;;;;;;;;;;;;;;
15.263175;60117858;2473;;;;;;;;;;;;;;
15.265675;60120358;2573;60120980;202.884;928.763;-32.29;-4668.737;-4820.328;2636.953;60120542;-706.375;96.909;-193.74;-21027.506;-28502.578;5764.535
15.268175;60122858;2699;;;;;;;;;;;;;;
15.270675;60125358;2782;;;;;;;;;;;;;;
15.270829;60125512;2234;;;;;;;;;;;;;;
15.273175;60127858;2810;;;;;;;;;;;;;;
15.273329;60128012;2156;;;;;;;;;;;;;;
15.275675;60130358;2767;;;;;;;;;;;;;;
15.275829;60130512;2122;;;;;;;;;;;;;;
15.278175;60132858;2699;;;;;;;;;;;;;;
15.280675;60135358;2666;;;;;;;;;;;;;;
15.289796;60144479;2697;;;;;;;;;;;;;;
15.292296;60146979;2782;;;;;;;;;;;;;;
15.294796;60149479;2892;;;;;;;;;;;;;;
15.297296;60151979;2969;;;;;;;;;;;;;;
15.299796;60154479;2974;;;;;;;;;;;;;;
15.302296;60156979;2922;;;;;;;;;;;;;;
15.304796;60159479;2846;;;;;;;;;;;;;;
15.307296;60161979;2807;;;;;;;;;;;;;;
15.309796;60164479;2825;60164376;201.433;930.765;-31.304;-7954.55;-4897.811;3350.793;60163938;-720.534;84.06;-185.407;-22465.943;-28710.637;9111.059
15.312296;60166979;2895;;;;;;;;;;;;;;
15.314796;60169479;2999;;;;;;;;;;;;;;
15.317296;60171979;3050;;;;;;;;;;;;;;
15.319796;60174479;3048;;;;;;;;;;;;;;
15.327939;60182622;2976;;;;;;;;;;;;;;
15.330439;60185122;2892;;;;;;;;;;;;;;
15.332939;60187622;2845;;;;;;;;;;;;;;
15.335439;60190122;2860;;;;;;;;;;;;;;
15.337939;60192622;2938;;;;;;;;;;;;;;
15.340439;60195122;3036;;;;;;;;;;;;;;
15.342939;60197622;3100;60197879;198.461;931.227;-28.622;-10238.26;-5055.858;3626.441;60197444;-724.249;86.555;-172.507;-21089.771;-29912.355;12093.381
15.345439;60200122;3088;;;;;;;;;;;;;;
15.347939;60202622;3022;;;;;;;;;;;;;;
15.349887;60204570;2894;;;;;;;;;;;;;;
15.350439;60205122;2937;;;;;;;;;;;;;;
15.352387;60207070;2958;;;;;;;;;;;;;;
15.352939;60207622;2877;;;;;;;;;;;;;;
15.354887;60209570;3051;;;;;;;;;;;;;;
15.357387;60212070;3111;;;;;;;;;;;;;;
15.359887;60214570;3086;;;;;;;;;;;;;;
15.362387;60217070;3015;;;;;;;;;;;;;;
15.364887;60219570;2920;;;;;;;;;;;;;;
15.367387;60222070;2857;;;;;;;;;;;;;;
15.369887;60224570;2860;;;;;;;;;;;;;;
15.372387;60227070;2926;60228265;199.823;929.568;-24.995;-11454.034;-5357.377;3767.119;60227826;-729.797;106.188;-157.398;-20072.033;-30472.113;14336.399
15.374887;60229570;3016;;;;;;;;;;;;;;
15.377387;60232070;3066;;;;;;;;;;;;;;
15.379887;60234570;3048;;;;;;;;;;;;;;
15.382387;60237070;2970;;;;;;;;;;;;;;
15.384887;60239570;2873;;;;;;;;;;;;;;
15.392465;60247148;2812;;;;;;;;;;;;;;
15.394965;60249648;2812;;;;;;;;;;;;;;
15.397465;60252148;2878;;;;;;;;;;;;;;
15.399965;60254648;2971;;;;;;;;;;;;;;
15.402465;60257148;3022;;;;;;;;;;;;;;
15.404965;60259648;3006;;;;;;;;;;;;;;
15.407465;60262148;2935;;;;;;;;;;;;;;
15.409965;60264648;2839;60265323;202.703;930.938;-17.95;-12206.52;-5327.508;3867.075;60264883;-737.556;117.636;-144.825;-19506.807;-29690.07;15548.517
15.412465;60267148;2767;;;;;;;;;;;;;;
15.414965;60269648;2777;;;;;;;;;;;;;;
15.417465;60272148;2839;;;;;;;;;;;;;;
15.419965;60274648;2922;;;;;;;;;;;;;;
15.422465;60277148;2971;;;;;;;;;;;;;;
15.4267;60281383;2942;;;;;;;;;;;;;;
15.4292;60283883;2860;;;;;;;;;;;;;;
15.4317;60286383;2760;;;;;;;;;;;;;;
15.4342;60288883;2685;;;;;;;;;;;;;;
15.4367;60291383;2683;;;;;;;;;;;;;;
15.4392;60293883;2743;;;;;;;;;;;;;;
15.4417;60296383;2815;;;;;;;;;;;;;;
15.4442;60298883;2858;60299087;204.561;929.012;-11.953;-12843.068;-5378.32;3804.096;60298649;-744.226;128.98;-130.965;-18268.967;-28869.691;16121.216
15.4467;60301383;2830;;;;;;;;;;;;;;
15.4492;60303883;2734;;;;;;;;;;;;;;
15.4517;60306383;2631;;;;;;;;;;;;;;
15.4542;60308883;2576;;;;;;;;;;;;;;
15.456801;60311484;2585;;;;;;;;;;;;;;
15.459301;60313984;2652;;;;;;;;;;;;;;
15.461801;60316484;2744;;;;;;;;;;;;;;
15.464301;60318984;2793;;;;;;;;;;;;;;
15.466801;60321484;2778;;;;;;;;;;;;;;
15.469301;60323984;2701;;;;;;;;;;;;;;
15.471801;60326484;2607;;;;;;;;;;;;;;
15.474301;60328984;2556;;;;;;;;;;;;;;
15.476801;60331484;2575;60331200;207.319;927.354;-4.999;-13027.79;-5416.092;3854.079;60330765;-750.655;142.204;-119.433;-16837.08;-27886.02;16341.093
15.479301;60333984;2653;;;;;;;;;;;;;;
15.481801;60336484;2761;;;;;;;;;;;;;;
15.484301;60338984;2826;;;;;;;;;;;;;;
15.486801;60341484;2813;;;;;;;;;;;;;;
15.49081;60345493;2749;;;;;;;;;;;;;;
15.49331;60347993;2668;;;;;;;;;;;;;;
15.49581;60350493;2624;;;;;;;;;;;;;;
15.49831;60352993;2651;;;;;;;;;;;;;;
15.50081;60355493;2734;;;;;;;;;;;;;;
15.50331;60357993;2845;;;;;;;;;;;;;;
15.50581;60360493;2908;;;;;;;;;;;;;;
15.50831;60362993;2904;;;;;;;;;;;;;;
15.51081;60365493;2840;60364882;210.044;925.937;2.412;-12914.088;-5415.225;3873.125;60364444;-756.633;153.247;-107.41;-15581.788;-26755.094;16331.226
15.51331;60367993;2752;;;;;;;;;;;;;;
15.51581;60370493;2714;;;;;;;;;;;;;;
15.51831;60372993;2734;;;;;;;;;;;;;;
15.52081;60375493;2826;;;;;;;;;;;;;;
15.520839;60375522;2936;;;;;;;;;;;;;;
15.523339;60378022;3004;;;;;;;;;;;;;;
15.525839;60380522;3000;;;;;;;;;;;;;;
15.528339;60383022;2936;;;;;;;;;;;;;;
15.530839;60385522;2856;;;;;;;;;;;;;;
15.533339;60388022;2812;;;;;;;;;;;;;;
15.535839;60390522;2840;;;;;;;;;;;;;;
15.538339;60393022;2927;;;;;;;;;;;;;;
15.540839;60395522;3035;;;;;;;;;;;;;;
15.543339;60398022;3099;60398466;212.565;924.951;9.63;-12419.759;-5333.463;3947.219;60398031;-761.556;162.762;-95.836;-14287.323;-25510.963;16235.664
15.545839;60400522;3088;;;;;;;;;;;;;;
15.547074;60401757;2921;;;;;;;;;;;;;;
15.548339;60403022;3022;;;;;;;;;;;;;;
15.549574;60404257;3001;;;;;;;;;;;;;;
15.550839;60405522;2942;;;;;;;;;;;;;;
15.552074;60406757;3099;;;;;;;;;;;;;;
15.553339;60408022;2894;;;;;;;;;;;;;;
15.554574;60409257;3158;;;;;;;;;;;;;;
15.557074;60411757;3147;;;;;;;;;;;;;;
15.559574;60414257;3068;;;;;;;;;;;;;;
15.562074;60416757;2985;;;;;;;;;;;;;;
15.564574;60419257;2938;;;;;;;;;;;;;;
15.567074;60421757;2957;;;;;;;;;;;;;;
15.569574;60424257;3034;;;;;;;;;;;;;;
15.572074;60426757;3134;;;;;;;;;;;;;;
15.574574;60429257;3194;;;;;;;;;;;;;;
15.577074;60431757;3177;;;;;;;;;;;;;;
15.579574;60434257;3099;60433626;216.046;922.19;17.792;-11941.396;-5224.728;4173.357;60433188;-764.641;170.911;-86.988;-13000.707;-24009.227;16256.443
15.582074;60436757;3005;;;;;;;;;;;;;;
15.584574;60439257;2956;;;;;;;;;;;;;;
15.587074;60441757;2975;;;;;;;;;;;;;;
15.589574;60444257;3048;;;;;;;;;;;;;;
15.601931;60456614;3145;;;;;;;;;;;;;;
15.604431;60459114;3197;;;;;;;;;;;;;;
15.606931;60461614;3175;;;;;;;;;;;;;;
15.609431;60464114;3086;;;;;;;;;;;;;;
15.611931;60466614;2989;;;;;;;;;;;;;;
15.614431;60469114;2936;;;;;;;;;;;;;;
15.616931;60471614;2942;;;;;;;;;;;;;;
15.619431;60474114;3015;;;;;;;;60475019;-766.071;175.42;-80.326;-11830.484;-22546.703;16797.684
15.621931;60476614;3101;60475455;221.055;918.006;26.79;-11707.013;-5189.241;4706.252;;;;;;;
15.624431;60479114;3144;;;;;;;;;;;;;;
15.626931;60481614;3114;;;;;;;;;;;;;;
15.629431;60484114;3022;;;;;;;;;;;;;;
15.631931;60486614;2924;;;;;;;;;;;;;;
15.643976;60498659;2860;;;;;;;;;;;;;;
15.646476;60501159;2862;;;;;;;;;;;;;;
15.648976;60503659;2923;;;;;;;;;;;;;;
15.651476;60506159;3002;;;;;;;;;;;;;;
15.653411;60508094;2729;;;;;;;;;;;;;;
15.653976;60508659;3037;60509050;225.954;912.896;33.564;-11849.225;-5348.467;5412.877;60508611;-762.959;178.983;-71.003;-10138.647;-21297.742;18064.799
15.655911;60510594;2784;;;;;;;;;;;;;;
15.656476;60511159;2988;;;;;;;;;;;;;;
15.658411;60513094;2860;;;;;;;;;;;;;;
15.658976;60513659;2905;;;;;;;;;;;;;;
15.660911;60515594;2890;;;;;;;;;;;;;;
15.661476;60516159;2798;;;;;;;;;;;;;;
15.663411;60518094;2847;;;;;;;;;;;;;;
15.663976;60518659;2730;;;;;;;;;;;;;;
15.665911;60520594;2746;;;;;;;;;;;;;;
15.668411;60523094;2632;;;;;;;;;;;;;;
15.670911;60525594;2558;;;;;;;;;;;;;;
15.673411;60528094;2556;;;;;;;;;;;;;;
15.675911;60530594;2615;;;;;;;;;;;;;;
15.678411;60533094;2686;;;;;;;;;;;;;;
15.680911;60535594;2714;60536041;232.395;907.792;38.705;-11981.264;-5754.356;6501.983;60535606;-757.97;181.453;-60.792;-8257.09;-19737.605;19979.496
15.683411;60538094;2667;;;;;;;;;;;;;;
15.683859;60538542;2376;;;;;;;;;;;;;;
15.685911;60540594;2568;;;;;;;;;;;;;;
15.686359;60541042;2428;;;;;;;;;;;;;;
15.688411;60543094;2445;;;;;;;;;;;;;;
15.688859;60543542;2503;;;;;;;;;;;;;;
15.690911;60545594;2378;;;;;;;;;;;;;;
15.691359;60546042;2536;;;;;;;;;;;;;;
15.693859;60548542;2494;;;;;;;;;;;;;;
15.696359;60551042;2393;;;;;;;;;;;;;;
15.698859;60553542;2279;;;;;;;;;;;;;;
15.701359;60556042;2207;;;;;;;;;;;;;;
15.703859;60558542;2215;;;;;;;;;;;;;;
15.706359;60561042;2270;;;;;;;;;;;;;;
15.708859;60563542;2359;;;;;;;;;;;;;;
15.711359;60566042;2393;;;;;;;;;;;;;;
15.713859;60568542;2351;;;;;;;;;;;;;;
15.716359;60571042;2255;;;;;;;;;;;;;;
15.718859;60573542;2143;60574498;238.38;908.897;46.921;-11684.513;-5887.951;8490.384;60574059;-755.019;184.66;-50.969;-6042.173;-17382.225;22610.896
15.721359;60576042;2087;;;;;;;;;;;;;;
15.723859;60578542;2092;;;;;;;;;;;;;;
15.726359;60581042;2159;;;;;;;;;;;;;;
15.728859;60583542;2252;;;;;;;;;;;;;;
15.731359;60586042;2300;;;;;;;;;;;;;;
15.747466;60602149;2013;;;;;;;;;;;;;;
15.749966;60604649;2090;;;;;;;;;;;;;;
15.752466;60607149;2186;;;;;;;;;;;;;;
15.754966;60609649;2233;;;;;;;;;;;;;;
15.757466;60612149;2202;;;;;;;;;;;;;;
15.759966;60614649;2108;;;;;;;;;;;;;;
15.762466;60617149;1994;;;;;;;;;;;;;;
15.764966;60619649;1932;60619536;241.351;909.348;51.376;-11567.537;-5810.991;10641.427;60619100;-756.759;200.595;-43.986;-2731.814;-14451.176;25337.789
15.766991;60621674;2268;;;;;;;;;;;;;;
15.767466;60622149;1944;;;;;;;;;;;;;;
15.769491;60624174;2173;;;;;;;;;;;;;;
15.769966;60624649;2015;;;;;;;;;;;;;;
15.771991;60626674;2061;;;;;;;;;;;;;;
15.772466;60627149;2120;;;;;;;;;;;;;;
15.774491;60629174;2007;;;;;;;;;;;;;;
15.774966;60629649;2168;;;;;;;;;;;;;;
15.777466;60632149;2125;;;;;;;;;;;;;;
15.779966;60634649;2025;;;;;;;;;;;;;;
15.782466;60637149;1913;;;;;;;;;;;;;;
15.789815;60644498;1849;;;;;;;;;;;;;;
15.792315;60646998;1863;;;;;;;;;;;;;;
15.794815;60649498;1930;;;;;;;;;;;;;;
15.797315;60651998;2011;;;;;;;;;;;;;;
15.799815;60654498;2028;;;;;;;;;;;;;;
15.802315;60656998;1950;;;;;;;;;;;;;;
15.804815;60659498;1819;;;;;;;;;;;;;;
15.807315;60661998;1680;60663021;246.687;911.949;57.195;-9950.098;-5695.003;12494.168;60662583;-761.127;219.479;-46.386;1398.714;-10011.18;27794.461
15.809815;60664498;1597;;;;;;;;;;;;;;
15.812315;60666998;1594;;;;;;;;;;;;;;
15.814815;60669498;1645;;;;;;;;;;;;;;
15.817315;60671998;1722;;;;;;;;;;;;;;
15.819815;60674498;1752;;;;;;;;;;;;;;
15.823623;60678306;1706;;;;;;;;;;;;;;
15.826123;60680806;1595;;;;;;;;;;;;;;
15.828623;60683306;1486;;;;;;;;;;;;;;
15.831123;60685806;1431;;;;;;;;;;;;;;
15.833623;60688306;1440;;;;;;;;;;;;;;
15.836123;60690806;1515;;;;;;;;;;;;;;
15.838623;60693306;1599;;;;;;;;;;;;;;
15.841123;60695806;1662;60696438;252.695;916.774;63.107;-8263.905;-5808.378;13449.271;60696003;-768.796;236.681;-53.802;6699.091;-5706.995;29454.551
15.843623;60698306;1640;;;;;;;;;;;;;;
15.846123;60700806;1550;;;;;;;;;;;;;;
15.848623;60703306;1451;;;;;;;;;;;;;;
15.851123;60705806;1401;;;;;;;;;;;;;;
15.853401;60708084;1431;;;;;;;;;;;;;;
15.855901;60710584;1498;;;;;;;;;;;;;;
15.858401;60713084;1594;;;;;;;;;;;;;;
15.860901;60715584;1640;;;;;;;;;;;;;;
15.863401;60718084;1594;;;;;;;;;;;;;;
15.865901;60720584;1486;;;;;;;;;;;;;;
15.868401;60723084;1373;;;;;;;;;;;;;;
15.870901;60725584;1309;;;;;;;;;;;;;;
15.873401;60728084;1322;60728128;256.482;918.009;68.644;-6471.71;-5888.959;13347.745;60727690;-773.795;260.624;-66.594;12728.012;-2215.208;30510.135
15.875901;60730584;1389;;;;;;;;;;;;;;
15.878401;60733084;1470;;;;;;;;;;;;;;
15.880901;60735584;1501;;;;;;;;;;;;;;
15.883401;60738084;1454;;;;;;;;;;;;;;
15.887133;60741816;1351;;;;;;;;;;;;;;
15.889633;60744316;1229;;;;;;;;;;;;;;
15.892133;60746816;1163;;;;;;;;;;;;;;
15.894633;60749316;1166;;;;;;;;;;;;;;
15.897133;60751816;1223;;;;;;;;;;;;;;
15.899633;60754316;1310;;;;;;;;;;;;;;
15.902133;60756816;1338;;;;;;;;;;;;;;
15.904633;60759316;1291;;;;;;;;;;;;;;
15.907133;60761816;1181;60761538;263.916;923.196;73.514;-5197.875;-5857.011;12907.857;60761103;-774.066;280.264;-79.905;19127.486;551.177;30454.627
15.909633;60764316;1065;;;;;;;;;;;;;;
15.912133;60766816;992;;;;;;;;;;;;;;
15.914633;60769316;1001;;;;;;;;;;;;;;
15.917133;60771816;1063;;;;;;;;;;;;;;
15.92088;60775563;1133;;;;;;;;;;;;;;
15.92338;60778063;1176;;;;;;;;;;;;;;
15.92588;60780563;1162;;;;;;;;;;;;;;
15.92838;60783063;1119;;;;;;;;;;;;;;
15.93088;60785563;1095;;;;;;;;;;;;;;
15.93338;60788063;1119;;;;;;;;;;;;;;
15.93588;60790563;1231;;;;;;;;;;;;;;
15.93838;60793063;1402;;;;;;;;60794261;-771.316;298.611;-93.691;26064.924;3054.994;29939.457
15.94088;60795563;1580;60794699;270.429;925.617;78.03;-4082.231;-5775.036;12158.777;;;;;;;
15.94284;60797523;1624;;;;;;;;;;;;;;
15.94338;60798063;1694;;;;;;;;;;;;;;
15.94534;60800023;1757;;;;;;;;;;;;;;
15.94588;60800563;1708;;;;;;;;;;;;;;
15.94784;60802523;1914;;;;;;;;;;;;;;
15.94838;60803063;1653;;;;;;;;;;;;;;
15.95034;60805023;2013;;;;;;;;;;;;;;
15.95088;60805563;1576;;;;;;;;;;;;;;
15.95284;60807523;2042;;;;;;;;;;;;;;
15.95534;60810023;1999;;;;;;;;;;;;;;
15.95784;60812523;1945;;;;;;;;;;;;;;
15.96034;60815023;1931;;;;;;;;;;;;;;
15.96284;60817523;2024;;;;;;;;;;;;;;
15.96534;60820023;2169;;;;;;;;;;;;;;
15.96784;60822523;2316;;;;;;;;;;;;;;
15.97034;60825023;2410;;;;;;;;;;;;;;
15.97284;60827523;2414;60828023;278.623;926.007;82.333;-2792.682;-5330.534;11481.275;60827588;-767.727;317.091;-111.363;32289.303;5745.119;28958.297
15.97534;60830023;2349;;;;;;;;;;;;;;
15.97784;60832523;2267;;;;;;;;;;;;;;
15.98034;60835023;2232;;;;;;;;;;;;;;
15.982791;60837474;1560;;;;;;;;;;;;;;
15.98284;60837523;2271;;;;;;;;;;;;;;
15.98534;60840023;2394;;;;;;;;;;;;;;
15.997618;60852301;2525;;;;;;;;;;;;;;
16.000118;60854801;2615;;;;;;;;;;;;;;
16.002618;60857301;2617;;;;;;;;;;;;;;
16.005118;60859801;2556;;;;;;;;;;;;;;
16.007618;60862301;2494;;;;;;;;;;;;;;
16.010118;60864801;2492;;;;;;;;;;;;;;
16.012618;60867301;2572;;;;;;;;;;;;;;
16.015118;60869801;2717;;;;;;;;60870897;-761.049;332.95;-129.725;36212.273;8353.238;27910.693
16.017618;60872301;2872;60871335;286.634;924.224;84.652;-2090.86;-4658.444;10949.212;;;;;;;
16.020118;60874801;2973;;;;;;;;;;;;;;
16.022618;60877301;2999;;;;;;;;;;;;;;
16.025118;60879801;2968;;;;;;;;;;;;;;
16.027618;60882301;2936;;;;;;;;;;;;;;
16.039634;60894317;2952;;;;;;;;;;;;;;
16.042134;60896817;3051;;;;;;;;;;;;;;
16.044634;60899317;3211;;;;;;;;;;;;;;
16.047134;60901817;3385;;;;;;;;;;;;;;
16.048931;60903614;3769;;;;;;;;;;;;;;
16.049634;60904317;3510;60904751;295.549;922.665;87.587;-1264.442;-3949.522;10468.688;60904316;-753.783;343.173;-152.049;38707.535;10893.076;26692.346
16.051431;60906114;3982;;;;;;;;;;;;;;
16.052134;60906817;3563;;;;;;;;;;;;;;
16.053931;60908614;4095;;;;;;;;;;;;;;
16.054634;60909317;3562;;;;;;;;;;;;;;
16.056431;60911114;4095;;;;;;;;;;;;;;
16.057134;60911817;3561;;;;;;;;;;;;;;
16.058931;60913614;4095;;;;;;;;;;;;;;
16.059634;60914317;3626;;;;;;;;;;;;;;
16.061431;60916114;4095;;;;;;;;;;;;;;
16.063931;60918614;4095;;;;;;;;;;;;;;
16.066431;60921114;4095;;;;;;;;;;;;;;
16.068931;60923614;4095;;;;;;;;;;;;;;
16.071431;60926114;4095;;;;;;;;;;;;;;
16.073931;60928614;4095;;;;;;;;;;;;;;
16.076431;60931114;4095;60931667;303.903;921.629;90.528;-683.22;-3328.983;10136.879;60931228;-744.434;349.749;-173.532;39893.281;13484.859;25988.604
16.078931;60933614;4095;;;;;;;;;;;;;;
16.081431;60936114;4095;;;;;;;;;;;;;;
16.083931;60938614;4095;;;;;;;;;;;;;;
16.086431;60941114;4095;;;;;;;;;;;;;;
16.095319;60950002;4095;;;;;;;;;;;;;;
16.097819;60952502;4095;;;;;;;;;;;;;;
16.100319;60955002;4095;;;;;;;;;;;;;;
16.102819;60957502;4095;;;;;;;;;;;;;;
16.105319;60960002;4095;;;;;;;;;;;;;;
16.107819;60962502;4095;;;;;;;;;;;;;;
16.110319;60965002;4095;;;;;;;;;;;;;;
16.112819;60967502;4095;;;;;;;;;;;;;;
16.115319;60970002;4095;60970028;310.113;918.821;93.614;-470.559;-2782.347;10016.785;60969590;-731.18;353.972;-199.631;40624.242;15623.741;25195.799
16.117819;60972502;4095;;;;;;;;;;;;;;
16.120319;60975002;4095;;;;;;;;;;;;;;
16.122819;60977502;4095;;;;;;;;;;;;;;
16.125319;60980002;4095;;;;;;;;;;;;;;
16.133113;60987796;4095;;;;;;;;;;;;;;
16.135613;60990296;4095;;;;;;;;;;;;;;
16.138113;60992796;4095;;;;;;;;;;;;;;
16.140613;60995296;4095;;;;;;;;;;;;;;
16.143113;60997796;4095;;;;;;;;;;;;;;
16.145613;61000296;4095;;;;;;;;;;;;;;
16.148113;61002796;4095;61003447;316.098;913.244;93.746;-327.594;-2264.354;9991.07;61003008;-719.1;361.674;-226.5;41100.781;17731.367;24425.133
16.150613;61005296;4095;;;;;;;;;;;;;;
16.153113;61007796;4095;;;;;;;;;;;;;;
16.15481;61009493;4095;;;;;;;;;;;;;;
16.155613;61010296;4095;;;;;;;;;;;;;;
16.15731;61011993;4095;;;;;;;;;;;;;;
16.158113;61012796;4095;;;;;;;;;;;;;;
16.15981;61014493;4095;;;;;;;;;;;;;;
16.16231;61016993;4095;;;;;;;;;;;;;;
16.16481;61019493;4095;;;;;;;;;;;;;;
16.16731;61021993;4095;;;;;;;;;;;;;;
16.16981;61024493;4095;;;;;;;;;;;;;;
16.17231;61026993;4095;;;;;;;;;;;;;;
16.17481;61029493;4095;;;;;;;;;;;;;;
16.17731;61031993;4095;;;;;;;;61033045;-709.149;370.357;-254.514;40181.492;19530.611;23652.312
16.17981;61034493;4095;61033481;321.856;908.647;93.872;-125.276;-1761.324;10197.204;;;;;;;
16.18088;61035563;4041;;;;;;;;;;;;;;
16.18231;61036993;4095;;;;;;;;;;;;;;
16.18338;61038063;4042;;;;;;;;;;;;;;
16.18481;61039493;4095;;;;;;;;;;;;;;
16.18588;61040563;4095;;;;;;;;;;;;;;
16.18731;61041993;4095;;;;;;;;;;;;;;
16.18838;61043063;4095;;;;;;;;;;;;;;
16.18981;61044493;4095;;;;;;;;;;;;;;
16.19088;61045563;4095;;;;;;;;;;;;;;
16.19338;61048063;4095;;;;;;;;;;;;;;
16.19588;61050563;3950;;;;;;;;;;;;;;
16.19838;61053063;3790;;;;;;;;;;;;;;
16.20088;61055563;3706;;;;;;;;;;;;;;
16.20338;61058063;3695;;;;;;;;;;;;;;
16.20588;61060563;3759;;;;;;;;;;;;;;
16.20838;61063063;3833;;;;;;;;;;;;;;
16.21088;61065563;3832;;;;;;;;;;;;;;
16.21338;61068063;3724;;;;;;;;;;;;;;
16.21588;61070563;3563;61070192;327.205;908.373;93.156;210.425;-1475.508;10311.656;61069753;-699.757;375.141;-278.04;37977.73;21071.893;22825.822
16.21838;61073063;3404;;;;;;;;;;;;;;
16.22088;61075563;3306;;;;;;;;;;;;;;
16.22338;61078063;3277;;;;;;;;;;;;;;
16.22588;61080563;3309;;;;;;;;;;;;;;
16.248288;61102971;2832;;;;;;;;;;;;;;
16.250788;61105471;2888;;;;;;;;;;;;;;
16.253288;61107971;2942;;;;;;;;;;;;;;
16.255482;61110165;3342;;;;;;;;;;;;;;
16.255788;61110471;2943;;;;;;;;;;;;;;
16.257982;61112665;3323;;;;;;;;;;;;;;
16.258288;61112971;2873;61113418;334.598;909.314;94.384;786.154;-992.232;10148.261;61112976;-691.377;376.233;-301.922;36401.281;22296.359;21993.844
16.260482;61115165;3224;;;;;;;;;;;;;;
16.260788;61115471;2746;;;;;;;;;;;;;;
16.262982;61117665;3067;;;;;;;;;;;;;;
16.263288;61117971;2623;;;;;;;;;;;;;;
16.265482;61120165;2926;;;;;;;;;;;;;;
16.265788;61120471;2559;;;;;;;;;;;;;;
16.267982;61122665;2844;;;;;;;;;;;;;;
16.268288;61122971;2574;;;;;;;;;;;;;;
16.270788;61125471;2651;;;;;;;;;;;;;;
16.273288;61127971;2731;;;;;;;;;;;;;;
16.275788;61130471;2749;;;;;;;;;;;;;;
16.278288;61132971;2699;;;;;;;;;;;;;;
16.282303;61136986;2586;;;;;;;;;;;;;;
16.284803;61139486;2474;;;;;;;;;;;;;;
16.287303;61141986;2425;;;;;;;;;;;;;;
16.289803;61144486;2447;;;;;;;;;;;;;;
16.292303;61146986;2537;;;;;;;;;;;;;;
16.294803;61149486;2634;;;;;;;;;;;;;;
16.297303;61151986;2679;;;;;;;;;;;;;;
16.299803;61154486;2634;;;;;;;;;;;;;;
16.302303;61156986;2541;61156551;340.761;911.727;93.709;1436.346;-855.996;10010.098;61156112;-681.068;383.615;-318.93;34912.402;23946.541;21033.713
16.304803;61159486;2447;;;;;;;;;;;;;;
16.307303;61161986;2415;;;;;;;;;;;;;;
16.309803;61164486;2472;;;;;;;;;;;;;;
16.312303;61166986;2576;;;;;;;;;;;;;;
16.315977;61170660;2701;;;;;;;;;;;;;;
16.318477;61173160;2764;;;;;;;;;;;;;;
16.320977;61175660;2749;;;;;;;;;;;;;;
16.323477;61178160;2671;;;;;;;;;;;;;;
16.325977;61180660;2604;;;;;;;;;;;;;;
16.328477;61183160;2600;;;;;;;;;;;;;;
16.330977;61185660;2669;;;;;;;;;;;;;;
16.333477;61188160;2799;;;;;;;;;;;;;;
16.335977;61190660;2937;61189880;347.611;918.394;96.551;2054.466;-237.883;9790.468;61189444;-671.275;382.362;-338.406;33119.094;26291.65;20211.715
16.338477;61193160;3015;;;;;;;;;;;;;;
16.340977;61195660;3015;;;;;;;;;;;;;;
16.343477;61198160;2957;;;;;;;;;;;;;;
16.345977;61200660;2906;;;;;;;;;;;;;;
16.353661;61208344;2999;;;;;;;;;;;;;;
16.356161;61210844;3135;;;;;;;;;;;;;;
16.358661;61213344;3276;;;;;;;;;;;;;;
16.361161;61215844;3358;;;;;;;;;;;;;;
16.363661;61218344;3367;;;;;;;;;;;;;;
16.366161;61220844;3306;;;;;;;;;;;;;;
16.368661;61223344;3257;61223128;353.721;917.443;98.263;1809.118;754.448;9385.382;61222689;-657.121;384.069;-361.764;32589.701;28488.881;19521.379
16.371161;61225844;3261;;;;;;;;;;;;;;
16.373661;61228344;3342;;;;;;;;;;;;;;
16.376161;61230844;3497;;;;;;;;;;;;;;
16.377543;61232226;2907;;;;;;;;;;;;;;
16.378661;61233344;3640;;;;;;;;;;;;;;
16.381161;61235844;3721;;;;;;;;;;;;;;
16.383365;61238048;3720;;;;;;;;;;;;;;
16.385865;61240548;3656;;;;;;;;;;;;;;
16.388365;61243048;3595;;;;;;;;;;;;;;
16.390865;61245548;3598;;;;;;;;;;;;;;
16.393365;61248048;3688;;;;;;;;;;;;;;
16.395865;61250548;3838;;;;;;;;;;;;;;
16.398365;61253048;3992;;;;;;;;;;;;;;
16.400865;61255548;4074;61256277;358.52;915.283;99.785;1219.474;1469.663;9080.612;61255839;-641.565;391.993;-384.564;32004.965;30598.561;18987.186
16.403365;61258048;4056;;;;;;;;;;;;;;
16.405865;61260548;3976;;;;;;;;;;;;;;
16.408365;61263048;3897;;;;;;;;;;;;;;
16.410865;61265548;3882;;;;;;;;;;;;;;
16.412974;61267657;3963;;;;;;;;;;;;;;
16.415474;61270157;4095;;;;;;;;;;;;;;
16.417974;61272657;4095;;;;;;;;;;;;;;
16.420474;61275157;4095;;;;;;;;;;;;;;
16.422974;61277657;4095;;;;;;;;;;;;;;
16.425474;61280157;4095;;;;;;;;;;;;;;
16.427974;61282657;4075;;;;;;;;;;;;;;
16.430474;61285157;4042;;;;;;;;;;;;;;
16.432974;61287657;4095;61287885;362.963;911.194;102.067;460.251;2012.618;8890.395;61287443;-624.224;394.548;-408.298;30088.842;32274.633;18766.701
16.435474;61290157;4095;;;;;;;;;;;;;;
16.437974;61292657;4095;;;;;;;;;;;;;;
16.440474;61295157;4095;;;;;;;;;;;;;;
16.442974;61297657;4095;;;;;;;;;;;;;;
16.443055;61297738;4095;;;;;;;;;;;;;;
16.445555;61300238;4095;;;;;;;;;;;;;;
16.448055;61302738;4095;;;;;;;;;;;;;;
16.450555;61305238;4095;;;;;;;;;;;;;;
16.453055;61307738;4095;;;;;;;;;;;;;;
16.455555;61310238;4095;;;;;;;;;;;;;;
16.458055;61312738;4095;;;;;;;;;;;;;;
16.460555;61315238;4095;;;;;;;;;;;;;;
16.463055;61317738;4095;;;;;;;;;;;;;;
16.465555;61320238;4095;61321121;367.415;905.169;100.746;-69.824;2391.924;8609.938;61320682;-606.963;395.482;-434.127;28002.086;33616.648;18412.865
16.468055;61322738;4095;;;;;;;;;;;;;;
16.470555;61325238;4095;;;;;;;;;;;;;;
16.470703;61325386;4095;;;;;;;;;;;;;;
16.473055;61327738;4095;;;;;;;;;;;;;;
16.473203;61327886;4063;;;;;;;;;;;;;;
16.475555;61330238;4095;;;;;;;;;;;;;;
16.475703;61330386;4030;;;;;;;;;;;;;;
16.478055;61332738;4095;;;;;;;;;;;;;;
16.480555;61335238;4095;;;;;;;;;;;;;;
16.489203;61343886;4095;;;;;;;;;;;;;;
16.491703;61346386;4095;;;;;;;;;;;;;;
16.494203;61348886;4095;;;;;;;;;;;;;;
16.496703;61351386;4095;;;;;;;;;;;;;;
16.499203;61353886;4095;;;;;;;;;;;;;;
16.501703;61356386;4095;;;;;;;;;;;;;;
16.504203;61358886;4095;;;;;;;;;;;;;;
16.506703;61361386;4095;;;;;;;;;;;;;;
16.509203;61363886;4095;61364256;372.45;898.261;99.844;-15.146;2560.203;8440.19;61363818;-589.578;398.003;-461.715;26325.918;34073.879;17807.223
16.511703;61366386;4095;;;;;;;;;;;;;;
16.514203;61368886;4095;;;;;;;;;;;;;;
16.516703;61371386;4095;;;;;;;;;;;;;;
16.519203;61373886;4095;;;;;;;;;;;;;;
16.526858;61381541;4095;;;;;;;;;;;;;;
16.529358;61384041;4095;;;;;;;;;;;;;;
16.531858;61386541;4095;;;;;;;;;;;;;;
16.534358;61389041;4095;;;;;;;;;;;;;;
16.536858;61391541;4095;;;;;;;;;;;;;;
16.539358;61394041;4095;;;;;;;;;;;;;;
16.541858;61396541;4095;61397412;377.148;892.254;99.269;440.174;2539.38;8176.118;61396977;-571.402;399.16;-484.099;25117.684;33742.184;16841.174
16.544358;61399041;4095;;;;;;;;;;;;;;
16.546858;61401541;4095;;;;;;;;;;;;;;
16.548374;61403057;4095;;;;;;;;;;;;;;
16.549358;61404041;4095;;;;;;;;;;;;;;
16.550874;61405557;4095;;;;;;;;;;;;;;
16.551858;61406541;4095;;;;;;;;;;;;;;
16.553374;61408057;4095;;;;;;;;;;;;;;
16.555874;61410557;4095;;;;;;;;;;;;;;
16.558374;61413057;4095;;;;;;;;;;;;;;
16.560874;61415557;4095;;;;;;;;;;;;;;
16.563374;61418057;4095;;;;;;;;;;;;;;
16.565874;61420557;4095;;;;;;;;;;;;;;
16.568374;61423057;4095;;;;;;;;;;;;;;
16.570874;61425557;4095;;;;;;;;;;;;;;
16.573374;61428057;4095;61427277;381.428;889.39;98.85;1200.853;2482.411;8028.5;61426838;-554.989;401.65;-506.248;24280.049;33210.074;15705.115
16.575874;61430557;4095;;;;;;;;;;;;;;
16.578374;61433057;4095;;;;;;;;;;;;;;
16.580874;61435557;4095;;;;;;;;;;;;;;
16.583374;61438057;4095;;;;;;;;;;;;;;
16.590434;61445117;4095;;;;;;;;;;;;;;
16.592934;61447617;4095;;;;;;;;;;;;;;
16.595434;61450117;4095;;;;;;;;;;;;;;
16.597934;61452617;4095;;;;;;;;;;;;;;
16.600434;61455117;4095;;;;;;;;;;;;;;
16.602934;61457617;4095;;;;;;;;;;;;;;
16.605434;61460117;4095;;;;;;;;;;;;;;
16.607934;61462617;4095;61463810;385.61;888.742;98.94;1934.873;2512.728;7836.637;61463374;-541.056;404.717;-528.613;23339.922;32285.883;14538.797
16.610434;61465117;4095;;;;;;;;;;;;;;
16.612934;61467617;4095;;;;;;;;;;;;;;
16.615434;61470117;4095;;;;;;;;;;;;;;
16.617934;61472617;4095;;;;;;;;;;;;;;
16.620434;61475117;4095;;;;;;;;;;;;;;
16.624142;61478825;4095;;;;;;;;;;;;;;
16.626642;61481325;4095;;;;;;;;;;;;;;
16.629142;61483825;4095;;;;;;;;;;;;;;
16.631642;61486325;4095;;;;;;;;;;;;;;
16.634142;61488825;4095;;;;;;;;;;;;;;
16.636642;61491325;4095;;;;;;;;;;;;;;
16.639142;61493825;4095;;;;;;;;;;;;;;
16.641642;61496325;4095;61497058;389.253;889.482;98.641;2610.317;2447.467;7590.492;61496619;-527.844;407.204;-547.768;22290.613;30991.838;13348.106
16.644142;61498825;4095;;;;;;;;;;;;;;
16.646642;61501325;4095;;;;;;;;;;;;;;
16.649142;61503825;4095;;;;;;;;;;;;;;
16.651642;61506325;4095;;;;;;;;;;;;;;
16.653809;61508492;4095;;;;;;;;;;;;;;
16.656309;61510992;4095;;;;;;;;;;;;;;
16.658809;61513492;4095;;;;;;;;;;;;;;
16.661309;61515992;4095;;;;;;;;;;;;;;
16.663809;61518492;4095;;;;;;;;;;;;;;
16.666309;61520992;4095;;;;;;;;;;;;;;
16.668809;61523492;4095;;;;;;;;;;;;;;
16.671309;61525992;4095;;;;;;;;;;;;;;
16.673809;61528492;4095;61528650;393.751;891.154;99.559;3185.051;2329.906;7295.405;61528214;-514.341;408.761;-564.836;21294.645;29667.996;12325.451
16.676309;61530992;4095;;;;;;;;;;;;;;
16.678809;61533492;4095;;;;;;;;;;;;;;
16.681309;61535992;4095;;;;;;;;;;;;;;
16.683809;61538492;4095;;;;;;;;;;;;;;
16.687572;61542255;4095;;;;;;;;;;;;;;
16.690072;61544755;4095;;;;;;;;;;;;;;
16.692572;61547255;4095;;;;;;;;;;;;;;
16.695072;61549755;4095;;;;;;;;;;;;;;
16.697572;61552255;4095;;;;;;;;;;;;;;
16.700072;61554755;4095;;;;;;;;;;;;;;
16.702572;61557255;4095;;;;;;;;;;;;;;
16.705072;61559755;4095;;;;;;;;;;;;;;
16.707572;61562255;4095;61561897;397.591;892.67;100.608;3318.923;2338.973;6894.759;61561459;-501.105;410.954;-580.27;20234.725;28453.221;11567.866
16.710072;61564755;4095;;;;;;;;;;;;;;
16.712572;61567255;4095;;;;;;;;;;;;;;
16.715072;61569755;4095;;;;;;;;;;;;;;
16.717572;61572255;4095;;;;;;;;;;;;;;
16.72141;61576093;4095;;;;;;;;;;;;;;
16.72391;61578593;4095;;;;;;;;;;;;;;
16.72641;61581093;4095;;;;;;;;;;;;;;
16.72891;61583593;4095;;;;;;;;;;;;;;
16.73141;61586093;4095;;;;;;;;;;;;;;
16.73391;61588593;4095;;;;;;;;;;;;;;
16.73641;61591093;4095;;;;;;;;;;;;;;
16.73891;61593593;4095;;;;;;;;61594786;-488.079;412.817;-593.768;19056.738;27328.934;10938.285
16.74141;61596093;4095;61595221;401.819;891.938;100.225;3193.227;2529.587;6430.146;;;;;;;
16.743192;61597875;3790;;;;;;;;;;;;;;
16.74391;61598593;4095;;;;;;;;;;;;;;
16.745692;61600375;3853;;;;;;;;;;;;;;
16.74641;61601093;4095;;;;;;;;;;;;;;
16.748192;61602875;3903;;;;;;;;;;;;;;
16.74891;61603593;3999;;;;;;;;;;;;;;
16.750692;61605375;3880;;;;;;;;;;;;;;
16.75141;61606093;3862;;;;;;;;;;;;;;
16.753192;61607875;3756;;;;;;;;;;;;;;
16.755692;61610375;3595;;;;;;;;;;;;;;
16.758192;61612875;3453;;;;;;;;;;;;;;
16.760692;61615375;3384;;;;;;;;;;;;;;
16.763192;61617875;3386;;;;;;;;;;;;;;
16.765692;61620375;3432;;;;;;;;;;;;;;
16.768192;61622875;3454;;;;;;;;;;;;;;
16.770692;61625375;3431;;;;;;;;;;;;;;
16.773192;61627875;3308;61628556;405.64;888.772;99.716;2994.19;2773.232;6015.889;61628117;-475.454;414.356;-608.762;17776.213;26214.924;10443.871
16.775692;61630375;3161;;;;;;;;;;;;;;
16.778192;61632875;3032;;;;;;;;;;;;;;
16.780692;61635375;2956;;;;;;;;;;;;;;
16.783149;61637832;3786;;;;;;;;;;;;;;
16.783192;61637875;2942;;;;;;;;;;;;;;
16.785692;61640375;2985;;;;;;;;;;;;;;
16.797722;61652405;3005;;;;;;;;;;;;;;
16.800222;61654905;2968;;;;;;;;;;;;;;
16.802722;61657405;2856;;;;;;;;;;;;;;
16.805222;61659905;2702;;;;;;;;;;;;;;
16.807722;61662405;2571;;;;;;;;;;;;;;
16.810222;61664905;2487;;;;;;;;;;;;;;
16.812722;61667405;2490;;;;;;;;;;;;;;
16.815222;61669905;2523;;;;;;;;;;;;;;
16.817722;61672405;2543;61671689;410.862;885.984;99.988;3222.481;2833.196;5628.907;61671251;-459.343;414.293;-622.115;16663.84;24966.74;9799.178
16.820222;61674905;2505;;;;;;;;;;;;;;
16.822722;61677405;2394;;;;;;;;;;;;;;
16.825222;61679905;2234;;;;;;;;;;;;;;
16.827722;61682405;2105;;;;;;;;;;;;;;
16.839344;61694027;2015;;;;;;;;;;;;;;
16.841844;61696527;2008;;;;;;;;;;;;;;
16.844344;61699027;2044;;;;;;;;;;;;;;
16.846844;61701527;2072;;;;;;;;;;;;;;
16.848425;61703108;1501;;;;;;;;;;;;;;
16.849344;61704027;2023;;;;;;;;61704412;-447.167;413.83;-633.862;15982.022;23956.402;9226.531
16.850925;61705608;1532;61704854;412.334;882.281;95.788;3661.169;2907.223;5280.961;;;;;;;
16.851844;61706527;1900;;;;;;;;;;;;;;
16.853425;61708108;1549;;;;;;;;;;;;;;
16.854344;61709027;1737;;;;;;;;;;;;;;
16.855925;61710608;1499;;;;;;;;;;;;;;
16.856844;61711527;1595;;;;;;;;;;;;;;
16.858425;61713108;1374;;;;;;;;;;;;;;
16.859344;61714027;1517;;;;;;;;;;;;;;
16.860925;61715608;1226;;;;;;;;;;;;;;
16.863425;61718108;1096;;;;;;;;;;;;;;
16.865925;61720608;1020;;;;;;;;;;;;;;
16.868425;61723108;1020;;;;;;;;;;;;;;
16.870925;61725608;1067;;;;;;;;;;;;;;
16.873425;61728108;1098;;;;;;;;;;;;;;
16.875925;61730608;1067;61731410;414.757;879.726;92.896;4635.298;2751.8;5119.288;61730972;-434.379;414.397;-644.131;15885.983;22700.395;8305.829
16.878425;61733108;967;;;;;;;;;;;;;;
16.880925;61735608;829;;;;;;;;;;;;;;
16.883425;61738108;716;;;;;;;;;;;;;;
16.885925;61740608;664;;;;;;;;;;;;;;
16.894199;61748882;669;;;;;;;;;;;;;;
16.896699;61751382;716;;;;;;;;;;;;;;
16.899199;61753882;750;;;;;;;;;;;;;;
16.901699;61756382;728;;;;;;;;;;;;;;
16.904199;61758882;622;;;;;;;;;;;;;;
16.906699;61761382;492;;;;;;;;;;;;;;
16.909199;61763882;383;;;;;;;;;;;;;;
16.911699;61766382;334;;;;;;;;;;;;;;
16.914199;61768882;348;61769172;419.602;881.118;93.741;5546.283;2748.085;5153.386;61768730;-423.775;413.222;-655.356;15799.996;21578.062;7287.663
16.916699;61771382;409;;;;;;;;;;;;;;
16.919199;61773882;445;;;;;;;;;;;;;;
16.921699;61776382;428;;;;;;;;;;;;;;
16.924199;61778882;344;;;;;;;;;;;;;;
16.930684;61785367;219;;;;;;;;;;;;;;
16.933184;61787867;122;;;;;;;;;;;;;;
16.935684;61790367;87;;;;;;;;;;;;;;
16.938184;61792867;107;;;;;;;;;;;;;;
16.940684;61795367;175;;;;;;;;;;;;;;
16.943184;61797867;231;;;;;;;;;;;;;;
16.945684;61800367;221;61801193;421.528;881.781;92.897;5772.094;2854.368;5001.592;61800755;-415.432;414.423;-665.929;15701.684;20507.471;6528.654
16.948184;61802867;144;;;;;;;;;;;;;;
16.950684;61805367;26;;;;;;;;;;;;;;
16.950815;61805498;28;;;;;;;;;;;;;;
16.953184;61807867;17;;;;;;;;;;;;;;
16.953315;61807998;105;;;;;;;;;;;;;;
16.955684;61810367;10;;;;;;;;;;;;;;
16.955815;61810498;159;;;;;;;;;;;;;;
16.958315;61812998;167;;;;;;;;;;;;;;
16.960815;61815498;89;;;;;;;;;;;;;;
16.963315;61817998;10;;;;;;;;;;;;;;
16.965815;61820498;16;;;;;;;;;;;;;;
16.968315;61822998;7;;;;;;;;;;;;;;
16.970815;61825498;31;;;;;;;;;;;;;;
16.973315;61827998;120;;;;;;;;;;;;;;
16.975815;61830498;175;61829755;424.07;881.721;91.424;5877.676;2712.087;4931.762;61829313;-406.11;414.607;-675.211;15443.35;19392.41;5890.284
16.978315;61832998;175;;;;;;;;;;;;;;
16.980815;61835498;103;;;;;;;;;;;;;;
16.983315;61837998;16;;;;;;;;;;;;;;
16.985815;61840498;7;;;;;;;;;;;;;;
16.99056;61845243;16;;;;;;;;;;;;;;
16.99306;61847743;31;;;;;;;;;;;;;;
16.99556;61850243;111;;;;;;;;;;;;;;
16.99806;61852743;183;;;;;;;;;;;;;;
17.00056;61855243;176;;;;;;;;;;;;;;
17.00306;61857743;108;;;;;;;;;;;;;;
17.00556;61860243;17;;;;;;;;;;;;;;
17.00806;61862743;18;;;;;;;;61863591;-397.065;413.701;-686.212;14973.494;18531.727;5554.645
17.01056;61865243;11;61864030;427.401;881.806;89.903;5772.355;2604.482;4859.299;;;;;;;
17.01306;61867743;43;;;;;;;;;;;;;;
17.01556;61870243;125;;;;;;;;;;;;;;
17.01806;61872743;191;;;;;;;;;;;;;;
17.02056;61875243;201;;;;;;;;;;;;;;
17.02254;61877223;135;;;;;;;;;;;;;;
17.02504;61879723;25;;;;;;;;;;;;;;
17.02754;61882223;16;;;;;;;;;;;;;;
17.03004;61884723;9;;;;;;;;;;;;;;
17.03254;61887223;41;;;;;;;;;;;;;;
17.03504;61889723;136;;;;;;;;;;;;;;
17.03754;61892223;205;;;;;;;;;;;;;;
17.04004;61894723;218;61895545;429.29;879.86;86.713;5611.05;2555.633;4734.459;61895103;-388.79;411.951;-696.169;14546.382;17621.328;5249.788
17.04254;61897223;151;;;;;;;;;;;;;;
17.04504;61899723;40;;;;;;;;;;;;;;
17.04754;61902223;18;;;;;;;;;;;;;;
17.05004;61904723;8;;;;;;;;;;;;;;
17.050233;61904916;47;;;;;;;;;;;;;;
17.052733;61907416;141;;;;;;;;;;;;;;
17.055233;61909916;218;;;;;;;;;;;;;;
17.057733;61912416;232;;;;;;;;;;;;;;
17.060233;61914916;171;;;;;;;;;;;;;;
17.062733;61917416;63;;;;;;;;;;;;;;
17.065233;61919916;8;;;;;;;;;;;;;;
17.067733;61922416;17;;;;;;;;;;;;;;
17.070233;61924916;61;61925224;431.726;879.427;84.72;5793.372;2298.352;4628.548;61924786;-380.391;410.47;-704.542;14329.188;16893.387;4878.798
17.072733;61927416;168;;;;;;;;;;;;;;
17.075233;61929916;252;;;;;;;;;;;;;;
17.077733;61932416;279;;;;;;;;;;;;;;
17.080233;61934916;232;;;;;;;;;;;;;;
17.082313;61936996;152;;;;;;;;;;;;;;
17.084813;61939496;91;;;;;;;;;;;;;;
17.087313;61941996;106;;;;;;;;;;;;;;
17.089813;61944496;188;;;;;;;;;;;;;;
17.092313;61946996;315;;;;;;;;;;;;;;
17.094813;61949496;428;;;;;;;;;;;;;;
17.097313;61951996;474;;;;;;;;;;;;;;
17.099813;61954496;456;;;;;;;;;;;;;;
17.102313;61956996;397;61956739;434.741;878.766;82.942;5837.516;2084.121;4489.434;61956297;-371.931;410.693;-712.674;14143.853;16171.654;4573.171
17.104813;61959496;364;;;;;;;;;;;;;;
17.107313;61961996;393;;;;;;;;;;;;;;
17.109813;61964496;491;;;;;;;;;;;;;;
17.112313;61966996;622;;;;;;;;;;;;;;
17.114679;61969362;732;;;;;;;;;;;;;;
17.117179;61971862;783;;;;;;;;;;;;;;
17.119679;61974362;764;;;;;;;;;;;;;;
17.122179;61976862;701;;;;;;;;;;;;;;
17.124679;61979362;671;;;;;;;;;;;;;;
17.127179;61981862;700;;;;;;;;;;;;;;
17.129679;61984362;795;;;;;;;;;;;;;;
17.132179;61986862;927;;;;;;;;;;;;;;
17.134679;61989362;1033;61988673;437.068;877.332;80.43;5776.64;1952.79;4330.587;61988235;-364.016;409.05;-720.686;13875.91;15502.634;4281.512
17.137179;61991862;1068;;;;;;;;;;;;;;
17.139679;61994362;1048;;;;;;;;;;;;;;
17.142179;61996862;983;;;;;;;;;;;;;;
17.144679;61999362;942;;;;;;;;;;;;;;
17.151408;62006091;1056;;;;;;;;;;;;;;
17.153908;62008591;1181;;;;;;;;;;;;;;
17.156408;62011091;1287;;;;;;;;;;;;;;
17.158908;62013591;1309;;;;;;;;;;;;;;
17.161408;62016091;1273;;;;;;;;;;;;;;
17.163908;62018591;1209;;;;;;;;;;;;;;
17.166408;62021091;1150;62020967;439.883;875.916;77.634;5702.621;1843.776;4182.745;62020525;-356.728;409.521;-730.249;13259.114;14903.814;4017.999
17.168908;62023591;1174;;;;;;;;;;;;;;
17.171408;62026091;1246;;;;;;;;;;;;;;
17.173908;62028591;1370;;;;;;;;;;;;;;
17.175453;62030136;969;;;;;;;;;;;;;;
17.176408;62031091;1455;;;;;;;;;;;;;;
17.178908;62033591;1480;;;;;;;;;;;;;;
17.181076;62035759;1422;;;;;;;;;;;;;;
17.183576;62038259;1344;;;;;;;;;;;;;;
17.186076;62040759;1273;;;;;;;;;;;;;;
17.188576;62043259;1277;;;;;;;;;;;;;;
17.191076;62045759;1352;;;;;;;;;;;;;;
17.193576;62048259;1455;;;;;;;;;;;;;;
17.196076;62050759;1533;;;;;;;;;;;;;;
17.198576;62053259;1545;62054028;441.911;876.217;77.175;5581.115;1687.712;4018.67;62053589;-350.005;409.943;-737.095;12732.658;14176.999;3646.474
17.201076;62055759;1481;;;;;;;;;;;;;;
17.203576;62058259;1385;;;;;;;;;;;;;;
17.206076;62060759;1305;;;;;;;;;;;;;;
17.208576;62063259;1294;;;;;;;;;;;;;;
17.210542;62065225;1353;;;;;;;;;;;;;;
17.213042;62067725;1436;;;;;;;;;;;;;;
17.215542;62070225;1516;;;;;;;;;;;;;;
17.218042;62072725;1518;;;;;;;;;;;;;;
17.220542;62075225;1449;;;;;;;;;;;;;;
17.223042;62077725;1340;;;;;;;;;;;;;;
17.225542;62080225;1244;;;;;;;;;;;;;;
17.228042;62082725;1243;;;;;;;;;;;;;;
17.230542;62085225;1295;62085548;443.886;875.716;76.525;5308.622;1627.389;3868.049;62085106;-343.449;409.972;-745.143;12153.775;13574.023;3420.838
17.233042;62087725;1388;;;;;;;;;;;;;;
17.235542;62090225;1455;;;;;;;;;;;;;;
17.238042;62092725;1452;;;;;;;;;;;;;;
17.240542;62095225;1371;;;;;;;;;;;;;;
17.256529;62111212;1214;;;;;;;;;;;;;;
17.259029;62113712;1296;;;;;;;;;;;;;;
17.261529;62116212;1368;;;;;;;;;;;;;;
17.264029;62118712;1367;62118697;445.969;875.002;74.034;4842.378;1619.519;3670.709;62118259;-337.555;408.933;-754.105;11279.649;12902.76;3301.421
17.266529;62121212;1292;;;;;;;;;;;;;;
17.2682;62122883;1263;;;;;;;;;;;;;;
17.269029;62123712;1181;;;;;;;;;;;;;;
17.2707;62125383;1181;;;;;;;;;;;;;;
17.271529;62126212;1101;;;;;;;;;;;;;;
17.2732;62127883;1163;;;;;;;;;;;;;;
17.274029;62128712;1085;;;;;;;;;;;;;;
17.276529;62131212;1144;;;;;;;;;;;;;;
17.277855;62132538;1303;;;;;;;;;;;;;;
17.279029;62133712;1230;;;;;;;;;;;;;;
17.280355;62135038;1295;;;;;;;;;;;;;;
17.282855;62137538;1228;;;;;;;;;;;;;;
17.285355;62140038;1128;;;;;;;;;;;;;;
17.287855;62142538;1055;;;;;;;;;;;;;;
17.290355;62145038;1049;;;;;;;;;;;;;;
17.292855;62147538;1111;;;;;;;;;;;;;;
17.295355;62150038;1210;;;;;;;;;;;;;;
17.297855;62152538;1279;62151849;448.406;874.525;71.425;4368.384;1605.043;3518.674;62151411;-331.596;407.762;-760.79;10435.667;12247.122;3151.662
17.300355;62155038;1289;;;;;;;;;;;;;;
17.302855;62157538;1225;;;;;;;;;;;;;;
17.305355;62160038;1130;;;;;;;;;;;;;;
17.307855;62162538;1067;;;;;;;;;;;;;;
17.311436;62166119;1054;;;;;;;;;;;;;;
17.313936;62168619;1117;;;;;;;;;;;;;;
17.316436;62171119;1215;;;;;;;;;;;;;;
17.318936;62173619;1292;;;;;;;;;;;;;;
17.321436;62176119;1293;;;;;;;;;;;;;;
17.323936;62178619;1228;;;;;;;;;;;;;;
17.326436;62181119;1143;;;;;;;;;;;;;;
17.328936;62183619;1070;;;;;;;;62184570;-325.807;404.686;-766.091;9741.509;11679.828;2990.142
17.331436;62186119;1070;62185005;449.581;873.316;69.433;4099.652;1522.604;3378.177;;;;;;;
17.333936;62188619;1144;;;;;;;;;;;;;;
17.336436;62191119;1242;;;;;;;;;;;;;;
17.338936;62193619;1322;;;;;;;;;;;;;;
17.341436;62196119;1335;;;;;;;;;;;;;;
17.345482;62200165;1214;;;;;;;;;;;;;;
17.347982;62202665;1339;;;;;;;;;;;;;;
17.350482;62205165;1431;;;;;;;;;;;;;;
17.352982;62207665;1453;;;;;;;;;;;;;;
17.355482;62210165;1404;;;;;;;;;;;;;;
17.357982;62212665;1323;;;;;;;;;;;;;;
17.360482;62215165;1276;;;;;;;;;;;;;;
17.362982;62217665;1292;62218079;451.081;872.442;68.883;3819.419;1477.536;3228.956;62217641;-320.668;405.527;-772.518;9080.309;11131.712;2858.572
17.365008;62219691;1274;;;;;;;;;;;;;;
17.365482;62220165;1383;;;;;;;;;;;;;;
17.367508;62222191;1192;;;;;;;;;;;;;;
17.367982;62222665;1498;;;;;;;;;;;;;;
17.370008;62224691;1129;;;;;;;;;;;;;;
17.370482;62225165;1591;;;;;;;;;;;;;;
17.372508;62227191;1133;;;;;;;;;;;;;;
17.372982;62227665;1611;;;;;;;;;;;;;;
17.375482;62230165;1564;;;;;;;;;;;;;;
17.377982;62232665;1484;;;;;;;;;;;;;;
17.380482;62235165;1437;;;;;;;;;;;;;;
17.387478;62242161;1454;;;;;;;;;;;;;;
17.389978;62244661;1547;;;;;;;;;;;;;;
17.392478;62247161;1674;;;;;;;;;;;;;;
17.394978;62249661;1757;;;;;;;;;;;;;;
17.397478;62252161;1773;;;;;;;;;;;;;;
17.399978;62254661;1726;;;;;;;;;;;;;;
17.402478;62257161;1644;;;;;;;;;;;;;;
17.404978;62259661;1596;;;;;;;;62260601;-314.949;405.777;-777.36;8545.355;10420.688;2670.143
17.407478;62262161;1614;62261039;453.067;871.215;66.812;3639.823;1337.159;3045.196;;;;;;;
17.409978;62264661;1705;;;;;;;;;;;;;;
17.412478;62267161;1832;;;;;;;;;;;;;;
17.414978;62269661;1917;;;;;;;;;;;;;;
17.417478;62272161;1932;;;;;;;;;;;;;;
17.420937;62275620;1882;;;;;;;;;;;;;;
17.423437;62278120;1800;;;;;;;;;;;;;;
17.425937;62280620;1742;;;;;;;;;;;;;;
17.428437;62283120;1769;;;;;;;;;;;;;;
17.430937;62285620;1855;;;;;;;;;;;;;;
17.433437;62288120;1982;;;;;;;;;;;;;;
17.435937;62290620;2076;;;;;;;;;;;;;;
17.438437;62293120;2091;62294117;455.326;870.891;65.728;3425.457;1286.926;2939.311;62293675;-309.572;406.765;-781.089;8171.462;9871.217;2415.011
17.440937;62295620;2038;;;;;;;;;;;;;;
17.443437;62298120;1950;;;;;;;;;;;;;;
17.445937;62300620;1896;;;;;;;;;;;;;;
17.448437;62303120;1903;;;;;;;;;;;;;;
17.450294;62304977;1995;;;;;;;;;;;;;;
17.452794;62307477;2111;;;;;;;;;;;;;;
17.455294;62309977;2207;;;;;;;;;;;;;;
17.457794;62312477;2222;;;;;;;;;;;;;;
17.460294;62314977;2156;;;;;;;;;;;;;;
17.462794;62317477;2073;;;;;;;;;;;;;;
17.465294;62319977;2010;;;;;;;;;;;;;;
17.467794;62322477;2025;;;;;;;;;;;;;;
17.470294;62324977;2111;62325448;455.716;870.455;64.07;3165.372;1282.517;2867.595;62325010;-306.074;407.728;-785.149;7591.389;9399.094;2271.948
17.472794;62327477;2236;;;;;;;;;;;;;;
17.475294;62329977;2316;;;;;;;;;;;;;;
17.477794;62332477;2328;;;;;;;;;;;;;;
17.480294;62334977;2265;;;;;;;;;;;;;;
17.483788;62338471;2157;;;;;;;;;;;;;;
17.486288;62340971;2095;;;;;;;;;;;;;;
17.488788;62343471;2106;;;;;;;;;;;;;;
17.491288;62345971;2184;;;;;;;;;;;;;;
17.493788;62348471;2295;;;;;;;;;;;;;;
17.496288;62350971;2366;;;;;;;;;;;;;;
17.498788;62353471;2376;;;;;;;;;;;;;;
17.501288;62355971;2303;;;;;;;;;;;;;;
17.503788;62358471;2204;62358437;457.22;869.962;62.636;3064.853;1269.579;2838.841;62357994;-301.695;406.191;-787.988;7211.382;8953.201;2041.101
17.506288;62360971;2140;;;;;;;;;;;;;;
17.508788;62363471;2141;;;;;;;;;;;;;;
17.511288;62365971;2221;;;;;;;;;;;;;;
17.513788;62368471;2328;;;;;;;;;;;;;;
17.517237;62371920;2399;;;;;;;;;;;;;;
17.519737;62374420;2395;;;;;;;;;;;;;;
17.522237;62376920;2318;;;;;;;;;;;;;;
17.524737;62379420;2215;;;;;;;;;;;;;;
17.527237;62381920;2138;;;;;;;;;;;;;;
17.529737;62384420;2139;;;;;;;;;;;;;;
17.532237;62386920;2216;;;;;;;;;;;;;;
17.534737;62389420;2301;;;;;;;;;;;;;;
17.537237;62391920;2365;62391412;459.003;869.67;62.823;2974.61;1337.35;2822.898;62390974;-297.926;407.432;-793.387;6847.313;8709.416;1913.233
17.539737;62394420;2360;;;;;;;;;;;;;;
17.542237;62396920;2268;;;;;;;;;;;;;;
17.544737;62399420;2157;;;;;;;;;;;;;;
17.547237;62401920;2093;;;;;;;;;;;;;;
17.554754;62409437;2125;;;;;;;;;;;;;;
17.557254;62411937;2219;;;;;;;;;;;;;;
17.559754;62414437;2281;;;;;;;;;;;;;;
17.562254;62416937;2254;;;;;;;;;;;;;;
17.564754;62419437;2159;;;;;;;;;;;;;;
17.567254;62421937;2030;;;;;;;;;;;;;;
17.569754;62424437;1943;62424400;459.672;868.862;62.067;2906.38;1287.982;2692.691;62423958;-295.083;409.484;-797.802;6523.76;8263.008;1758.947
17.572254;62426937;1915;;;;;;;;;;;;;;
17.574754;62429437;1966;;;;;;;;;;;;;;
17.577254;62431937;2043;;;;;;;;;;;;;;
17.57871;62433393;2060;;;;;;;;;;;;;;
17.579754;62434437;2090;;;;;;;;;;;;;;
17.582254;62436937;2072;;;;;;;;;;;;;;
17.584239;62438922;1966;;;;;;;;;;;;;;
17.586739;62441422;1848;;;;;;;;;;;;;;
17.589239;62443922;1757;;;;;;;;;;;;;;
17.591739;62446422;1742;;;;;;;;;;;;;;
17.594239;62448922;1803;;;;;;;;;;;;;;
17.596739;62451422;1895;;;;;;;;;;;;;;
17.599239;62453922;1949;;;;;;;;;;;;;;
17.601739;62456422;1932;62457380;461.491;869.412;61.196;2875.248;1228.833;2604.431;62456934;-291.016;409.762;-800.6;6250.072;7753.607;1527.937
17.604239;62458922;1848;;;;;;;;;;;;;;
17.606739;62461422;1724;;;;;;;;;;;;;;
17.609239;62463922;1646;;;;;;;;;;;;;;
17.611739;62466422;1642;;;;;;;;;;;;;;
17.613559;62468242;1694;;;;;;;;;;;;;;
17.616059;62470742;1787;;;;;;;;;;;;;;
17.618559;62473242;1839;;;;;;;;;;;;;;
17.621059;62475742;1816;;;;;;;;;;;;;;
17.623559;62478242;1725;;;;;;;;;;;;;;
17.626059;62480742;1612;;;;;;;;;;;;;;
17.628559;62483242;1534;;;;;;;;;;;;;;
17.631059;62485742;1534;;;;;;;;;;;;;;
17.633559;62488242;1598;62488720;462.396;868.458;59.533;2790.548;1320.954;2522.335;62488278;-288.251;409.978;-805.38;5936.255;7374.239;1365.352
17.636059;62490742;1691;;;;;;;;;;;;;;
17.638559;62493242;1753;;;;;;;;;;;;;;
17.641059;62495742;1739;;;;;;;;;;;;;;
17.643369;62498052;1559;;;;;;;;;;;;;;
17.643559;62498242;1658;;;;;;;;;;;;;;
17.645869;62500552;1655;;;;;;;;;;;;;;
17.648369;62503052;1719;;;;;;;;;;;;;;
17.650869;62505552;1709;;;;;;;;;;;;;;
17.653369;62508052;1640;;;;;;;;;;;;;;
17.655869;62510552;1534;;;;;;;;;;;;;;
17.658369;62513052;1471;;;;;;;;;;;;;;
17.660869;62515552;1484;;;;;;;;;;;;;;
17.663369;62518052;1564;;;;;;;;;;;;;;
17.665869;62520552;1671;62521695;463.322;867.76;57.935;3009.771;1254.031;2387.031;62521257;-285.166;409.432;-808.708;5820.13;6945.152;1100.21
17.668369;62523052;1727;;;;;;;;;;;;;;
17.670869;62525552;1738;;;;;;;;;;;;;;
17.671034;62525717;1548;;;;;;;;;;;;;;
17.673369;62528052;1664;;;;;;;;;;;;;;
17.673534;62528217;1482;;;;;;;;;;;;;;
17.675869;62530552;1577;;;;;;;;;;;;;;
17.676034;62530717;1484;;;;;;;;;;;;;;
17.678369;62533052;1517;;;;;;;;;;;;;;
17.680869;62535552;1535;;;;;;;;;;;;;;
17.689338;62544021;1628;;;;;;;;;;;;;;
17.691838;62546521;1737;;;;;;;;;;;;;;
17.694338;62549021;1807;;;;;;;;;;;;;;
17.696838;62551521;1805;;;;;;;;;;;;;;
17.699338;62554021;1742;;;;;;;;;;;;;;
17.701838;62556521;1644;;;;;;;;;;;;;;
17.704338;62559021;1592;;;;;;;;;;;;;;
17.706838;62561521;1608;;;;;;;;;;;;;;
17.709338;62564021;1677;62564570;464.891;868.713;58.174;3004.97;1277.955;2315.804;62564132;-281.997;410.402;-810.918;5868.186;6681.02;899.512
17.711838;62566521;1788;;;;;;;;;;;;;;
17.714338;62569021;1862;;;;;;;;;;;;;;
17.716838;62571521;1849;;;;;;;;;;;;;;
17.719338;62574021;1772;;;;;;;;;;;;;;
17.726738;62581421;1671;;;;;;;;;;;;;;
17.729238;62583921;1598;;;;;;;;;;;;;;
17.731738;62586421;1599;;;;;;;;;;;;;;
17.734238;62588921;1662;;;;;;;;;;;;;;
17.736738;62591421;1756;;;;;;;;;;;;;;
17.739238;62593921;1816;;;;;;;;;;;;;;
17.741738;62596421;1791;62597466;465.04;867.41;57.162;2808.346;1301.12;2135.701;62597030;-279.622;409.615;-814.749;5482.027;6270.843;799.849
17.744238;62598921;1703;;;;;;;;;;;;;;
17.746738;62601421;1578;;;;;;;;;;;;;;
17.747821;62602504;1551;;;;;;;;;;;;;;
17.749238;62603921;1502;;;;;;;;;;;;;;
17.750321;62605004;1630;;;;;;;;;;;;;;
17.751738;62606421;1496;;;;;;;;;;;;;;
17.752821;62607504;1673;;;;;;;;;;;;;;
17.755321;62610004;1644;;;;;;;;;;;;;;
17.757821;62612504;1547;;;;;;;;;;;;;;
17.760321;62615004;1418;;;;;;;;;;;;;;
17.762821;62617504;1340;;;;;;;;;;;;;;
17.765321;62620004;1326;;;;;;;;;;;;;;
17.767821;62622504;1372;;;;;;;;;;;;;;
17.770321;62625004;1448;;;;;;;;;;;;;;
17.772821;62627504;1479;62627070;466.268;866.684;56.055;2857.367;1212.876;1996.104;62626632;-276.12;408.502;-816.065;5444.613;5884.676;629.481
17.775321;62630004;1436;;;;;;;;;;;;;;
17.777821;62632504;1343;;;;;;;;;;;;;;
17.780321;62635004;1213;;;;;;;;;;;;;;
17.782821;62637504;1142;;;;;;;;;;;;;;
17.789535;62644218;1132;;;;;;;;;;;;;;
17.792035;62646718;1179;;;;;;;;;;;;;;
17.794535;62649218;1255;;;;;;;;;;;;;;
17.797035;62651718;1288;;;;;;;;;;;;;;
17.799535;62654218;1245;;;;;;;;;;;;;;
17.802035;62656718;1147;;;;;;;;;;;;;;
17.804535;62659218;1024;;;;;;;;;;;;;;
17.807035;62661718;957;;;;;;;;62662821;-273.422;409.073;-818.999;5334.695;5595.692;532.82
17.809535;62664218;955;62663256;467.165;866.66;55.411;2799.811;1175.857;1851.236;;;;;;;
17.812035;62666718;1003;;;;;;;;;;;;;;
17.814535;62669218;1081;;;;;;;;;;;;;;
17.817035;62671718;1118;;;;;;;;;;;;;;
17.819535;62674218;1086;;;;;;;;;;;;;;
17.822719;62677402;989;;;;;;;;;;;;;;
17.825219;62679902;888;;;;;;;;;;;;;;
17.827719;62682402;825;;;;;;;;;;;;;;
17.830219;62684902;827;;;;;;;;;;;;;;
17.832719;62687402;890;;;;;;;;;;;;;;
17.835219;62689902;970;;;;;;;;;;;;;;
17.837719;62692402;1015;;;;;;;;;;;;;;
17.840219;62694902;989;62695983;468.506;865.167;54.147;2856.695;1107.439;1761.299;62695545;-269.92;407.688;-821.182;5310.335;5305.407;354.804
17.842719;62697402;905;;;;;;;;;;;;;;
17.845219;62699902;807;;;;;;;;;;;;;;
17.847719;62702402;747;;;;;;;;;;;;;;
17.850219;62704902;760;;;;;;;;;;;;;;
17.851033;62705716;825;;;;;;;;;;;;;;
17.853533;62708216;920;;;;;;;;;;;;;;
17.856033;62710716;970;;;;;;;;;;;;;;
17.858533;62713216;953;;;;;;;;;;;;;;
17.861033;62715716;872;;;;;;;;;;;;;;
17.863533;62718216;776;;;;;;;;;;;;;;
17.866033;62720716;718;;;;;;;;;;;;;;
17.868533;62723216;743;;;;;;;;;;;;;;
17.871033;62725716;814;62726272;469.84;865.042;54.447;2982.923;1047.255;1720.922;62725836;-266.788;407.257;-823.445;5384.318;5160.887;194.001
17.873533;62728216;911;;;;;;;;;;;;;;
17.876033;62730716;973;;;;;;;;;;;;;;
17.878533;62733216;969;;;;;;;;;;;;;;
17.881033;62735716;894;;;;;;;;;;;;;;
17.88314;62737823;809;;;;;;;;;;;;;;
17.88564;62740323;761;;;;;;;;;;;;;;
17.88814;62742823;791;;;;;;;;;;;;;;
17.89064;62745323;873;;;;;;;;;;;;;;
17.89314;62747823;983;;;;;;;;;;;;;;
17.89564;62750323;1048;;;;;;;;;;;;;;
17.89814;62752823;1036;;;;;;;;;;;;;;
17.90064;62755323;970;;;;;;;;;;;;;;
17.90314;62757823;889;62758044;470.584;864.539;53.543;2895.027;923.58;1613.876;62757606;-264.593;406.975;-826.412;5267.79;4947.03;190.863
17.90564;62760323;843;;;;;;;;;;;;;;
17.90814;62762823;874;;;;;;;;;;;;;;
17.91064;62765323;957;;;;;;;;;;;;;;
17.91314;62767823;1070;;;;;;;;;;;;;;
17.915584;62770267;1132;;;;;;;;;;;;;;
17.918084;62772767;1133;;;;;;;;;;;;;;
17.920584;62775267;1070;;;;;;;;;;;;;;
17.923084;62777767;988;;;;;;;;;;;;;;
17.925584;62780267;936;;;;;;;;;;;;;;
17.928084;62782767;974;;;;;;;;;;;;;;
17.930584;62785267;1068;;;;;;;;;;;;;;
17.933084;62787767;1177;;;;;;;;;;;;;;
17.935584;62790267;1242;62789983;471.888;864.585;52.726;2742.838;818.338;1556.369;62789545;-262.075;407.385;-828.445;5073.963;4728.991;158.133
17.938084;62792767;1230;;;;;;;;;;;;;;
17.940584;62795267;1166;;;;;;;;;;;;;;
17.943084;62797767;1085;;;;;;;;;;;;;;
17.945584;62800267;1051;;;;;;;;;;;;;;
17.95272;62807403;1178;;;;;;;;;;;;;;
17.95522;62809903;1280;;;;;;;;;;;;;;
17.95772;62812403;1342;;;;;;;;;;;;;;
17.96022;62814903;1337;;;;;;;;;;;;;;
17.96272;62817403;1270;;;;;;;;;;;;;;
17.96522;62819903;1182;;;;;;;;;;;;;;
17.96772;62822403;1144;62822534;473.175;864.41;52.158;2557.571;779.171;1540.676;62822095;-259.591;406.352;-831.351;5077.515;4579.166;137.101
17.97022;62824903;1166;;;;;;;;;;;;;;
17.97272;62827403;1257;;;;;;;;;;;;;;
17.97522;62829903;1356;;;;;;;;;;;;;;
17.976602;62831285;1082;;;;;;;;;;;;;;
17.97772;62832403;1418;;;;;;;;;;;;;;
17.98022;62834903;1405;;;;;;;;;;;;;;
17.98194;62836623;1333;;;;;;;;;;;;;;
17.98444;62839123;1242;;;;;;;;;;;;;;
17.98694;62841623;1197;;;;;;;;;;;;;;
17.98944;62844123;1224;;;;;;;;;;;;;;
17.99194;62846623;1307;;;;;;;;;;;;;;
17.99444;62849123;1417;;;;;;;;;;;;;;
17.99694;62851623;1468;;;;;;;;;;;;;;
17.99944;62854123;1452;62855336;473.782;863.956;51.654;2373.692;701.275;1528.392;62854898;-257.824;407.867;-833.838;4894.951;4505.958;128.496
18.00194;62856623;1385;;;;;;;;;;;;;;
18.00444;62859123;1293;;;;;;;;;;;;;;
18.00694;62861623;1246;;;;;;;;;;;;;;
18.00944;62864123;1274;;;;;;;;;;;;;;
18.011014;62865697;1356;;;;;;;;;;;;;;
18.013514;62868197;1464;;;;;;;;;;;;;;
18.016014;62870697;1519;;;;;;;;;;;;;;
18.018514;62873197;1502;;;;;;;;;;;;;;
18.021014;62875697;1423;;;;;;;;;;;;;;
18.023514;62878197;1336;;;;;;;;;;;;;;
18.026014;62880697;1287;;;;;;;;;;;;;;
18.028514;62883197;1305;;;;;;;;;;;;;;
18.031014;62885697;1385;62886510;474.706;864.892;52.091;2210.383;668.399;1515.41;62886068;-255.809;405.962;-837.755;4683.454;4490.222;63.884
18.033514;62888197;1484;;;;;;;;;;;;;;
18.036014;62890697;1534;;;;;;;;;;;;;;
18.038514;62893197;1513;;;;;;;;;;;;;;
18.041014;62895697;1433;;;;;;;;;;;;;;
18.056622;62911305;1388;;;;;;;;;;;;;;
18.059122;62913805;1484;;;;;;;;;;;;;;
18.061622;62916305;1534;;;;;;;;;;;;;;
18.064122;62918805;1512;62919225;475.42;864.597;51.341;1997.489;667.354;1453.639;62918786;-253.748;406.752;-840.88;4412.968;4489.711;71.19
18.066622;62921305;1422;;;;;;;;;;;;;;
18.068211;62922894;1339;;;;;;;;;;;;;;
18.069122;62923805;1327;;;;;;;;;;;;;;
18.070711;62925394;1288;;;;;;;;;;;;;;
18.071622;62926305;1277;;;;;;;;;;;;;;
18.073211;62927894;1307;;;;;;;;;;;;;;
18.074122;62928805;1295;;;;;;;;;;;;;;
18.076622;62931305;1374;;;;;;;;;;;;;;
18.077457;62932140;1526;;;;;;;;;;;;;;
18.079122;62933805;1470;;;;;;;;;;;;;;
18.079957;62934640;1497;;;;;;;;;;;;;;
18.082457;62937140;1415;;;;;;;;;;;;;;
18.084957;62939640;1321;;;;;;;;;;;;;;
18.087457;62942140;1273;;;;;;;;;;;;;;
18.089957;62944640;1291;;;;;;;;;;;;;;
18.092457;62947140;1370;;;;;;;;;;;;;;
18.094957;62949640;1467;;;;;;;;;;;;;;
18.097457;62952140;1518;62951943;476.134;863.482;49.756;1833.302;506.236;1367.395;62951505;-251.583;406.965;-846.904;3900.945;4434.1;94.318
18.099957;62954640;1488;;;;;;;;;;;;;;
18.102457;62957140;1415;;;;;;;;;;;;;;
18.104957;62959640;1310;;;;;;;;;;;;;;
18.107457;62962140;1272;;;;;;;;;;;;;;
18.110856;62965539;1287;;;;;;;;;;;;;;
18.113356;62968039;1368;;;;;;;;;;;;;;
18.115856;62970539;1466;;;;;;;;;;;;;;
18.118356;62973039;1512;;;;;;;;;;;;;;
18.120856;62975539;1484;;;;;;;;;;;;;;
18.123356;62978039;1403;;;;;;;;;;;;;;
18.125856;62980539;1291;;;;;;;;;;;;;;
18.128356;62983039;1256;;;;;;;;62984229;-251.076;402.306;-840.011;4456.647;4207.583;-252.523
18.130856;62985539;1275;62984665;474.715;866.247;47.793;1794.136;391.237;1117.025;;;;;;;
18.133356;62988039;1353;;;;;;;;;;;;;;
18.135856;62990539;1448;;;;;;;;;;;;;;
18.138356;62993039;1494;;;;;;;;;;;;;;
18.140856;62995539;1464;;;;;;;;;;;;;;
18.144795;62999478;1326;;;;;;;;;;;;;;
18.147295;63001978;1418;;;;;;;;;;;;;;
18.149795;63004478;1466;;;;;;;;;;;;;;
18.152295;63006978;1436;;;;;;;;;;;;;;
18.154795;63009478;1344;;;;;;;;;;;;;;
18.157295;63011978;1254;;;;;;;;;;;;;;
18.159795;63014478;1207;;;;;;;;;;;;;;
18.162295;63016978;1224;63017565;476.581;867.617;51.674;1713.18;451.3;1220.861;63017127;-246.928;409.287;-842.742;5162.19;4728.266;-461.71
18.164229;63018912;1374;;;;;;;;;;;;;;
18.164795;63019478;1303;;;;;;;;;;;;;;
18.166729;63021412;1287;;;;;;;;;;;;;;
18.167295;63021978;1399;;;;;;;;;;;;;;
18.169229;63023912;1226;;;;;;;;;;;;;;
18.169795;63024478;1447;;;;;;;;;;;;;;
18.171729;63026412;1245;;;;;;;;;;;;;;
18.172295;63026978;1418;;;;;;;;;;;;;;
18.174795;63029478;1336;;;;;;;;;;;;;;
18.177295;63031978;1231;;;;;;;;;;;;;;
18.179795;63034478;1194;;;;;;;;;;;;;;
18.186541;63041224;1211;;;;;;;;;;;;;;
18.189041;63043724;1293;;;;;;;;;;;;;;
18.191541;63046224;1389;;;;;;;;;;;;;;
18.194041;63048724;1433;;;;;;;;;;;;;;
18.196541;63051224;1405;;;;;;;;;;;;;;
18.199041;63053724;1322;;;;;;;;;;;;;;
18.201541;63056224;1228;;;;;;;;;;;;;;
18.204041;63058724;1179;;;;;;;;63059913;-248.355;405.299;-848.789;4494.581;4651.102;-597.874
18.206541;63061224;1206;63060351;476.31;865.588;49.243;1367.646;151.36;1067.068;;;;;;;
18.209041;63063724;1288;;;;;;;;;;;;;;
18.211541;63066224;1384;;;;;;;;;;;;;;
18.214041;63068724;1432;;;;;;;;;;;;;;
18.216541;63071224;1400;;;;;;;;;;;;;;
18.220025;63074708;1312;;;;;;;;;;;;;;
18.222525;63077208;1223;;;;;;;;;;;;;;
18.225025;63079708;1177;;;;;;;;;;;;;;
18.227525;63082208;1197;;;;;;;;;;;;;;
18.230025;63084708;1286;;;;;;;;;;;;;;
18.232525;63087208;1373;;;;;;;;;;;;;;
18.235025;63089708;1421;;;;;;;;;;;;;;
18.237525;63092208;1401;63093256;478.102;866.814;47.842;1644.013;-112.583;775.277;63092814;-245.13;400.796;-847.0;4873.164;4257.109;-1117.043
18.240025;63094708;1309;;;;;;;;;;;;;;
18.242525;63097208;1213;;;;;;;;;;;;;;
18.245025;63099708;1175;;;;;;;;;;;;;;
18.247525;63102208;1197;;;;;;;;;;;;;;
18.249358;63104041;1279;;;;;;;;;;;;;;
18.251858;63106541;1375;;;;;;;;;;;;;;
18.254358;63109041;1420;;;;;;;;;;;;;;
18.256858;63111541;1390;;;;;;;;;;;;;;
18.259358;63114041;1307;;;;;;;;;;;;;;
18.261858;63116541;1212;;;;;;;;;;;;;;
18.264358;63119041;1166;;;;;;;;;;;;;;
18.266858;63121541;1195;;;;;;;;;;;;;;
18.269358;63124041;1276;63124587;478.585;867.644;48.878;1733.75;-176.516;660.388;63124149;-243.201;403.04;-848.802;5273.068;4574.941;-1320.191
18.271858;63126541;1373;;;;;;;;;;;;;;
18.274358;63129041;1419;;;;;;;;;;;;;;
18.276858;63131541;1391;;;;;;;;;;;;;;
18.279358;63134041;1305;;;;;;;;;;;;;;
18.282842;63137525;1208;;;;;;;;;;;;;;
18.285342;63140025;1162;;;;;;;;;;;;;;
18.287842;63142525;1183;;;;;;;;;;;;;;
18.290342;63145025;1270;;;;;;;;;;;;;;
18.292842;63147525;1355;;;;;;;;;;;;;;
18.295342;63150025;1401;;;;;;;;;;;;;;
18.297842;63152525;1368;;;;;;;;;;;;;;
18.300342;63155025;1275;;;;;;;;;;;;;;
18.302842;63157525;1175;63157576;478.287;866.089;48.014;1622.125;-257.378;564.807;63157133;-242.021;401.816;-851.514;4902.665;4593.382;-1462.431
18.305342;63160025;1120;;;;;;;;;;;;;;
18.307842;63162525;1146;;;;;;;;;;;;;;
18.310342;63165025;1223;;;;;;;;;;;;;;
18.312842;63167525;1305;;;;;;;;;;;;;;
18.316324;63171007;1339;;;;;;;;;;;;;;
18.318824;63173507;1304;;;;;;;;;;;;;;
18.321324;63176007;1207;;;;;;;;;;;;;;
18.323824;63178507;1101;;;;;;;;;;;;;;
18.326324;63181007;1051;;;;;;;;;;;;;;
18.328824;63183507;1069;;;;;;;;;;;;;;
18.331324;63186007;1142;;;;;;;;;;;;;;
18.333824;63188507;1225;;;;;;;;;;;;;;
18.336324;63191007;1255;63190551;478.895;865.466;47.285;1613.644;-297.009;524.316;63190112;-238.655;398.433;-851.778;4931.844;4415.775;-1628.622
18.338824;63193507;1213;;;;;;;;;;;;;;
18.341324;63196007;1115;;;;;;;;;;;;;;
18.343824;63198507;1006;;;;;;;;;;;;;;
18.346324;63201007;956;;;;;;;;;;;;;;
18.353718;63208401;1049;;;;;;;;;;;;;;
18.356218;63210901;1130;;;;;;;;;;;;;;
18.358718;63213401;1160;;;;;;;;;;;;;;
18.361218;63215901;1115;;;;;;;;;;;;;;
18.363718;63218401;1019;;;;;;;;;;;;;;
18.366218;63220901;922;;;;;;;;;;;;;;
18.368718;63223401;873;63223451;478.929;865.058;46.873;1462.962;-227.909;569.413;63223009;-236.794;398.55;-852.744;4988.002;4508.236;-1599.691
18.371218;63225901;893;;;;;;;;;;;;;;
18.373718;63228401;969;;;;;;;;;;;;;;
18.376218;63230901;1052;;;;;;;;;;;;;;
18.377692;63232375;973;;;;;;;;;;;;;;
18.378718;63233401;1084;;;;;;;;;;;;;;
18.381218;63235901;1049;;;;;;;;;;;;;;
18.382768;63237451;954;;;;;;;;;;;;;;
18.385268;63239951;859;;;;;;;;;;;;;;
18.387768;63242451;813;;;;;;;;;;;;;;
18.390268;63244951;842;;;;;;;;;;;;;;
18.392768;63247451;922;;;;;;;;;;;;;;
18.395268;63249951;1005;;;;;;;;;;;;;;
18.397768;63252451;1048;;;;;;;;;;;;;;
18.400268;63254951;1015;63255991;478.486;863.742;45.999;1303.626;-136.888;593.442;63255552;-235.373;397.776;-856.222;4581.102;4489.324;-1510.081
18.402768;63257451;926;;;;;;;;;;;;;;
18.405268;63259951;841;;;;;;;;;;;;;;
18.407768;63262451;798;;;;;;;;;;;;;;
18.410268;63264951;830;;;;;;;;;;;;;;
18.411322;63266005;921;;;;;;;;;;;;;;
18.413822;63268505;1006;;;;;;;;;;;;;;
18.416322;63271005;1052;;;;;;;;;;;;;;
18.418822;63273505;1022;;;;;;;;;;;;;;
18.421322;63276005;943;;;;;;;;;;;;;;
18.423822;63278505;870;;;;;;;;;;;;;;
18.426322;63281005;828;;;;;;;;;;;;;;
18.428822;63283505;872;;;;;;;;;;;;;;
18.431322;63286005;959;63286555;479.071;863.414;45.505;1301.882;-155.419;601.395;63286113;-232.083;394.894;-856.703;4409.796;4210.17;-1467.827
18.433822;63288505;1064;;;;;;;;;;;;;;
18.436322;63291005;1112;;;;;;;;;;;;;;
18.438822;63293505;1086;;;;;;;;;;;;;;
18.441322;63296005;1005;;;;;;;;;;;;;;
18.456407;63311090;1052;;;;;;;;;;;;;;
18.458907;63313590;1160;;;;;;;;;;;;;;
18.461407;63316090;1210;;;;;;;;;;;;;;
18.463907;63318590;1195;63319011;479.329;863.773;44.761;1244.226;-145.023;647.45;63318573;-230.257;392.626;-858.562;4362.994;4260.85;-1321.811
18.466407;63321090;1127;;;;;;;;;;;;;;
18.468258;63322941;938;;;;;;;;;;;;;;
18.468907;63323590;1051;;;;;;;;;;;;;;
18.470758;63325441;908;;;;;;;;;;;;;;
18.471407;63326090;1024;;;;;;;;;;;;;;
18.473258;63327941;955;;;;;;;;;;;;;;
18.473907;63328590;1083;;;;;;;;;;;;;;
18.476407;63331090;1192;;;;;;;;;;;;;;
18.477504;63332187;1353;;;;;;;;;;;;;;
18.478907;63333590;1292;;;;;;;;;;;;;;
18.480004;63334687;1336;;;;;;;;;;;;;;
18.482504;63337187;1263;;;;;;;;;;;;;;
18.485004;63339687;1195;;;;;;;;;;;;;;
18.487504;63342187;1181;;;;;;;;;;;;;;
18.490004;63344687;1231;;;;;;;;;;;;;;
18.492504;63347187;1339;;;;;;;;;;;;;;
18.495004;63349687;1449;;;;;;;;;;;;;;
18.497504;63352187;1500;63351729;479.482;863.479;44.2;1298.389;-122.459;688.578;63351291;-228.883;393.18;-860.762;4259.907;4147.557;-1265.783
18.500004;63354687;1481;;;;;;;;;;;;;;
18.502504;63357187;1405;;;;;;;;;;;;;;
18.505004;63359687;1338;;;;;;;;;;;;;;
18.507504;63362187;1320;;;;;;;;;;;;;;
18.510902;63365585;1369;;;;;;;;;;;;;;
18.513402;63368085;1472;;;;;;;;;;;;;;
18.515902;63370585;1579;;;;;;;;;;;;;;
18.518402;63373085;1629;;;;;;;;;;;;;;
18.520902;63375585;1610;;;;;;;;;;;;;;
18.523402;63378085;1531;;;;;;;;;;;;;;
18.525902;63380585;1455;;;;;;;;;;;;;;
18.528402;63383085;1435;;;;;;;;63384276;-226.942;390.271;-861.87;4014.536;4104.242;-1204.681
18.530902;63385585;1484;63384712;479.621;863.817;43.399;1404.97;-92.274;749.524;;;;;;;
18.533402;63388085;1592;;;;;;;;;;;;;;
18.535902;63390585;1694;;;;;;;;;;;;;;
18.538402;63393085;1742;;;;;;;;;;;;;;
18.540902;63395585;1720;;;;;;;;;;;;;;
18.544842;63399525;1704;;;;;;;;;;;;;;
18.547342;63402025;1803;;;;;;;;;;;;;;
18.549842;63404525;1851;;;;;;;;;;;;;;
18.552342;63407025;1820;;;;;;;;;;;;;;
18.554842;63409525;1739;;;;;;;;;;;;;;
18.557342;63412025;1659;;;;;;;;;;;;;;
18.559842;63414525;1629;;;;;;;;;;;;;;
18.562342;63417025;1676;63417612;479.631;864.155;43.401;1424.409;-57.035;807.423;63417174;-225.593;390.406;-863.477;4116.122;4046.03;-1148.822
18.564274;63418957;1642;;;;;;;;;;;;;;
18.564842;63419525;1784;;;;;;;;;;;;;;
18.566774;63421457;1566;;;;;;;;;;;;;;
18.567342;63422025;1883;;;;;;;;;;;;;;
18.569274;63423957;1546;;;;;;;;;;;;;;
18.569842;63424525;1928;;;;;;;;;;;;;;
18.571774;63426457;1595;;;;;;;;;;;;;;
18.572342;63427025;1897;;;;;;;;;;;;;;
18.574842;63429525;1805;;;;;;;;;;;;;;
18.577342;63432025;1724;;;;;;;;;;;;;;
18.579842;63434525;1695;;;;;;;;;;;;;;
18.586587;63441270;1743;;;;;;;;;;;;;;
18.589087;63443770;1847;;;;;;;;;;;;;;
18.591587;63446270;1946;;;;;;;;;;;;;;
18.594087;63448770;1992;;;;;;;;;;;;;;
18.596587;63451270;1950;;;;;;;;;;;;;;
18.599087;63453770;1866;;;;;;;;;;;;;;
18.601587;63456270;1772;;;;;;;;;;;;;;
18.604087;63458770;1741;;;;;;;;63459960;-223.964;388.417;-864.223;4096.691;3760.603;-1128.568
18.606587;63461270;1787;63460398;479.598;863.916;41.957;1283.188;-53.746;831.802;;;;;;;
18.609087;63463770;1882;;;;;;;;;;;;;;
18.611587;63466270;1977;;;;;;;;;;;;;;
18.614087;63468770;2013;;;;;;;;;;;;;;
18.616587;63471270;1980;;;;;;;;;;;;;;
18.619808;63474491;1885;;;;;;;;;;;;;;
18.622308;63476991;1800;;;;;;;;;;;;;;
18.624808;63479491;1757;;;;;;;;;;;;;;
18.627308;63481991;1803;;;;;;;;;;;;;;
18.629808;63484491;1900;;;;;;;;;;;;;;
18.632308;63486991;1992;;;;;;;;;;;;;;
18.634808;63489491;2030;;;;;;;;;;;;;;
18.637308;63491991;1993;;;;;;;;63492861;-222.111;386.894;-865.566;4031.419;3737.073;-1087.89
18.639808;63494491;1898;63493303;480.171;864.402;41.109;1195.841;1.004;919.711;;;;;;;
18.642308;63496991;1817;;;;;;;;;;;;;;
18.644808;63499491;1774;;;;;;;;;;;;;;
18.647308;63501991;1818;;;;;;;;;;;;;;
18.648968;63503651;1915;;;;;;;;;;;;;;
18.651468;63506151;2013;;;;;;;;;;;;;;
18.653968;63508651;2058;;;;;;;;;;;;;;
18.656468;63511151;2014;;;;;;;;;;;;;;
18.658968;63513651;1928;;;;;;;;;;;;;;
18.661468;63516151;1835;;;;;;;;;;;;;;
18.663968;63518651;1815;;;;;;;;;;;;;;
18.666468;63521151;1851;;;;;;;;;;;;;;
18.668968;63523651;1951;63524374;480.452;864.218;39.908;970.674;90.204;1008.476;63523935;-220.643;384.903;-867.288;3974.223;3742.281;-1007.683
18.671468;63526151;2056;;;;;;;;;;;;;;
18.673968;63528651;2093;;;;;;;;;;;;;;
18.676468;63531151;2056;;;;;;;;;;;;;;
18.678968;63533651;1966;;;;;;;;;;;;;;
18.682191;63536874;1879;;;;;;;;;;;;;;
18.684691;63539374;1847;;;;;;;;;;;;;;
18.687191;63541874;1886;;;;;;;;;;;;;;
18.689691;63544374;1992;;;;;;;;;;;;;;
18.692191;63546874;2090;;;;;;;;;;;;;;
18.694691;63549374;2136;;;;;;;;;;;;;;
18.697191;63551874;2092;;;;;;;;;;;;;;
18.699691;63554374;1995;;;;;;;;;;;;;;
18.702191;63556874;1914;63557188;481.092;862.469;38.76;874.453;80.881;1145.74;63556746;-217.285;381.695;-868.325;4164.887;3755.542;-968.674
18.704691;63559374;1883;;;;;;;;;;;;;;
18.707191;63561874;1930;;;;;;;;;;;;;;
18.709691;63564374;2031;;;;;;;;;;;;;;
18.712191;63566874;2137;;;;;;;;;;;;;;
18.715501;63570184;2174;;;;;;;;;;;;;;
18.718001;63572684;2138;;;;;;;;;;;;;;
18.720501;63575184;2044;;;;;;;;;;;;;;
18.723001;63577684;1960;;;;;;;;;;;;;;
18.725501;63580184;1931;;;;;;;;;;;;;;
18.728001;63582684;1979;;;;;;;;;;;;;;
18.730501;63585184;2079;;;;;;;;;;;;;;
18.733001;63587684;2188;;;;;;;;;;;;;;
18.735501;63590184;2224;63589903;482.182;861.514;37.823;996.543;104.837;1334.765;63589465;-214.826;380.685;-870.921;4386.268;3989.078;-879.553
18.738001;63592684;2189;;;;;;;;;;;;;;
18.740501;63595184;2094;;;;;;;;;;;;;;
18.743001;63597684;2011;;;;;;;;;;;;;;
18.745501;63600184;1980;;;;;;;;;;;;;;
18.752898;63607581;2138;;;;;;;;;;;;;;
18.755398;63610081;2235;;;;;;;;;;;;;;
18.757898;63612581;2280;;;;;;;;;;;;;;
18.760398;63615081;2237;;;;;;;;;;;;;;
18.762898;63617581;2140;;;;;;;;;;;;;;
18.765398;63620081;2048;;;;;;;;;;;;;;
18.767898;63622581;2026;63622718;482.997;860.651;37.688;981.278;135.908;1528.777;63622276;-213.143;379.42;-873.326;4450.454;4000.062;-770.387
18.770398;63625081;2073;;;;;;;;;;;;;;
18.772898;63627581;2184;;;;;;;;;;;;;;
18.775398;63630081;2279;;;;;;;;;;;;;;
18.776783;63631466;2028;;;;;;;;;;;;;;
18.777898;63632581;2315;;;;;;;;;;;;;;
18.780398;63635081;2279;;;;;;;;;;;;;;
18.782119;63636802;2184;;;;;;;;;;;;;;
18.784619;63639302;2092;;;;;;;;;;;;;;
18.787119;63641802;2060;;;;;;;;;;;;;;
18.789619;63644302;2110;;;;;;;;;;;;;;
18.792119;63646802;2217;;;;;;;;;;;;;;
18.794619;63649302;2315;;;;;;;;;;;;;;
18.797119;63651802;2349;;;;;;;;;;;;;;
18.799619;63654302;2303;63655517;484.431;860.257;38.091;811.027;157.55;1720.525;63655078;-211.221;378.737;-877.204;4181.119;3866.558;-548.118
18.802119;63656802;2217;;;;;;;;;;;;;;
18.804619;63659302;2125;;;;;;;;;;;;;;
18.807119;63661802;2093;;;;;;;;;;;;;;
18.809619;63664302;2151;;;;;;;;;;;;;;
18.81128;63665963;2251;;;;;;;;;;;;;;
18.81378;63668463;2345;;;;;;;;;;;;;;
18.81628;63670963;2381;;;;;;;;;;;;;;
18.81878;63673463;2344;;;;;;;;;;;;;;
18.82128;63675963;2249;;;;;;;;;;;;;;
18.82378;63678463;2159;;;;;;;;;;;;;;
18.82628;63680963;2137;;;;;;;;;;;;;;
18.82878;63683463;2188;;;;;;;;;;;;;;
18.83128;63685963;2287;63686690;485.567;859.035;37.321;695.226;146.61;1788.937;63686248;-209.2;377.191;-880.252;3966.375;3597.105;-410.462
18.83378;63688463;2392;;;;;;;;;;;;;;
18.83628;63690963;2427;;;;;;;;;;;;;;
18.83878;63693463;2381;;;;;;;;;;;;;;
18.84128;63695963;2287;;;;;;;;;;;;;;
18.856889;63711572;2343;;;;;;;;;;;;;;
18.859389;63714072;2430;;;;;;;;;;;;;;
18.861889;63716572;2464;;;;;;;;;;;;;;
18.864389;63719072;2428;63719492;486.433;859.448;37.95;639.027;80.654;1786.99;63719053;-207.842;376.814;-882.502;3868.681;3232.625;-269.189
18.866889;63721572;2334;;;;;;;;;;;;;;
18.868476;63723159;2205;;;;;;;;;;;;;;
18.869389;63724072;2252;;;;;;;;;;;;;;
18.870976;63725659;2184;;;;;;;;;;;;;;
18.871889;63726572;2233;;;;;;;;;;;;;;
18.873476;63728159;2235;;;;;;;;;;;;;;
18.874389;63729072;2285;;;;;;;;;;;;;;
18.876889;63731572;2391;;;;;;;;;;;;;;
18.877723;63732406;2519;;;;;;;;;;;;;;
18.879389;63734072;2479;;;;;;;;;;;;;;
18.880223;63734906;2474;;;;;;;;;;;;;;
18.882723;63737406;2381;;;;;;;;;;;;;;
18.885223;63739906;2303;;;;;;;;;;;;;;
18.887723;63742406;2284;;;;;;;;;;;;;;
18.890223;63744906;2333;;;;;;;;;;;;;;
18.892723;63747406;2439;;;;;;;;;;;;;;
18.895223;63749906;2519;;;;;;;;;;;;;;
18.897723;63752406;2555;63752210;487.823;859.975;38.444;441.7;-43.691;1763.265;63751772;-206.386;376.45;-885.402;3500.247;2892.494;-47.042
18.900223;63754906;2508;;;;;;;;;;;;;;
18.902723;63757406;2413;;;;;;;;;;;;;;
18.905223;63759906;2331;;;;;;;;;;;;;;
18.907723;63762406;2302;;;;;;;;;;;;;;
18.911037;63765720;2361;;;;;;;;;;;;;;
18.913537;63768220;2455;;;;;;;;;;;;;;
18.916037;63770720;2537;;;;;;;;;;;;;;
18.918537;63773220;2568;;;;;;;;;;;;;;
18.921037;63775720;2521;;;;;;;;;;;;;;
18.923537;63778220;2415;;;;;;;;;;;;;;
18.926037;63780720;2333;;;;;;;;;;;;;;
18.928537;63783220;2302;;;;;;;;;;;;;;
18.931037;63785720;2348;63784932;488.917;860.17;40.176;303.24;-269.006;1673.789;63784497;-207.187;378.252;-889.377;2858.422;2436.369;258.935
18.933537;63788220;2440;;;;;;;;;;;;;;
18.936037;63790720;2523;;;;;;;;;;;;;;
18.938537;63793220;2543;;;;;;;;;;;;;;
18.941037;63795720;2490;;;;;;;;;;;;;;
18.944802;63799485;2393;;;;;;;;;;;;;;
18.947302;63801985;2462;;;;;;;;;;;;;;
18.949802;63804485;2478;;;;;;;;;;;;;;
18.952302;63806985;2423;;;;;;;;;;;;;;
18.954802;63809485;2303;;;;;;;;;;;;;;
18.957302;63811985;2205;;;;;;;;;;;;;;
18.959802;63814485;2169;;;;;;;;;;;;;;
18.962302;63816985;2204;63817746;489.298;861.789;40.583;25.578;-518.056;1418.6;63817307;-206.917;377.755;-890.823;1667.251;1849.051;710.176
18.964234;63818917;2392;;;;;;;;;;;;;;
18.964802;63819485;2287;;;;;;;;;;;;;;
18.966734;63821417;2297;;;;;;;;;;;;;;
18.967302;63821985;2347;;;;;;;;;;;;;;
18.969234;63823917;2264;;;;;;;;;;;;;;
18.969802;63824485;2366;;;;;;;;;;;;;;
18.971734;63826417;2300;;;;;;;;;;;;;;
18.972302;63826985;2303;;;;;;;;;;;;;;
18.974802;63829485;2187;;;;;;;;;;;;;;
18.977302;63831985;2079;;;;;;;;;;;;;;
18.979802;63834485;2031;;;;;;;;;;;;;;
18.986452;63841135;2058;;;;;;;;;;;;;;
18.988952;63843635;2153;;;;;;;;;;;;;;
18.991452;63846135;2219;;;;;;;;;;;;;;
18.993952;63848635;2232;;;;;;;;;;;;;;
18.996452;63851135;2155;;;;;;;;;;;;;;
18.998952;63853635;2029;;;;;;;;;;;;;;
19.001452;63856135;1920;;;;;;;;;;;;;;
19.003952;63858635;1871;;;;;;;;;;;;;;
19.006452;63861135;1902;63860358;488.068;862.339;38.23;-451.701;-842.591;1141.17;63859920;-206.118;375.429;-887.639;8.889;1496.723;1558.854
19.008952;63863635;1983;;;;;;;;;;;;;;
19.011452;63866135;2055;;;;;;;;;;;;;;
19.013952;63868635;2059;;;;;;;;;;;;;;
19.016452;63871135;1991;;;;;;;;;;;;;;
19.01991;63874593;1864;;;;;;;;;;;;;;
19.02241;63877093;1757;;;;;;;;;;;;;;
19.02491;63879593;1722;;;;;;;;;;;;;;
19.02741;63882093;1753;;;;;;;;;;;;;;
19.02991;63884593;1832;;;;;;;;;;;;;;
19.03241;63887093;1898;;;;;;;;;;;;;;
19.03491;63889593;1901;;;;;;;;;;;;;;
19.03741;63892093;1831;63893089;490.06;861.001;39.625;-419.928;-955.774;1040.799;63892647;-202.827;379.045;-887.641;-785.181;1403.949;1820.849
19.03991;63894593;1709;;;;;;;;;;;;;;
19.04241;63897093;1613;;;;;;;;;;;;;;
19.04491;63899593;1576;;;;;;;;;;;;;;
19.04741;63902093;1610;;;;;;;;;;;;;;
19.049345;63904028;1692;;;;;;;;;;;;;;
19.051845;63906528;1757;;;;;;;;;;;;;;
19.054345;63909028;1770;;;;;;;;;;;;;;
19.056845;63911528;1695;;;;;;;;;;;;;;
19.059345;63914028;1582;;;;;;;;;;;;;;
19.061845;63916528;1496;;;;;;;;;;;;;;
19.064345;63919028;1464;;;;;;;;;;;;;;
19.066845;63921528;1498;;;;;;;;;;;;;;
19.069345;63924028;1582;63924420;490.774;861.341;43.493;-750.244;-1037.485;949.821;63923982;-202.513;380.692;-887.838;-1127.422;1280.377;2093.369
19.071845;63926528;1657;;;;;;;;;;;;;;
19.074345;63929028;1659;;;;;;;;;;;;;;
19.076845;63931528;1598;;;;;;;;;;;;;;
19.079345;63934028;1496;;;;;;;;;;;;;;
19.082934;63937617;1403;;;;;;;;;;;;;;
19.085434;63940117;1375;;;;;;;;;;;;;;
19.087934;63942617;1424;;;;;;;;;;;;;;
19.090434;63945117;1514;;;;;;;;;;;;;;
19.092934;63947617;1591;;;;;;;;;;;;;;
19.095434;63950117;1598;;;;;;;;;;;;;;
19.097934;63952617;1543;;;;;;;;;;;;;;
19.100434;63955117;1435;;;;;;;;;;;;;;
19.102934;63957617;1357;63957496;491.257;861.071;43.216;-1323.919;-1050.798;748.768;63957053;-201.329;382.831;-885.67;-1514.676;865.483;2246.388
19.105434;63960117;1339;;;;;;;;;;;;;;
19.107934;63962617;1386;;;;;;;;;;;;;;
19.110434;63965117;1485;;;;;;;;;;;;;;
19.112934;63967617;1560;;;;;;;;;;;;;;
19.116397;63971080;1577;;;;;;;;;;;;;;
19.118897;63973580;1517;;;;;;;;;;;;;;
19.121397;63976080;1421;;;;;;;;;;;;;;
19.123897;63978580;1342;;;;;;;;;;;;;;
19.126397;63981080;1326;;;;;;;;;;;;;;
19.128897;63983580;1385;;;;;;;;;;;;;;
19.131397;63986080;1481;;;;;;;;;;;;;;
19.133897;63988580;1565;;;;;;;;;;;;;;
19.136397;63991080;1583;63990558;492.272;859.302;44.477;-1829.973;-912.946;731.454;63990119;-199.022;385.454;-884.495;-1579.817;419.271;2274.944
19.138897;63993580;1532;;;;;;;;;;;;;;
19.141397;63996080;1436;;;;;;;;;;;;;;
19.143897;63998580;1369;;;;;;;;;;;;;;
19.146397;64001080;1352;;;;;;;;;;;;;;
19.153987;64008670;1513;;;;;;;;;;;;;;
19.156487;64011170;1598;;;;;;;;;;;;;;
19.158987;64013670;1624;;;;;;;;;;;;;;
19.161487;64016170;1567;;;;;;;;;;;;;;
19.163987;64018670;1478;;;;;;;;;;;;;;
19.166487;64021170;1403;;;;;;;;;;;;;;
19.168987;64023670;1399;64023546;491.747;857.152;44.498;-1804.1;-1078.611;591.194;64023104;-198.904;389.093;-882.879;-1590.951;-36.567;2287.634
19.171487;64026170;1450;;;;;;;;;;;;;;
19.173987;64028670;1560;;;;;;;;;;;;;;
19.176487;64031170;1643;;;;;;;;;;;;;;
19.177956;64032639;1415;;;;;;;;;;;;;;
19.178987;64033670;1660;;;;;;;;;;;;;;
19.181487;64036170;1612;;;;;;;;;;;;;;
19.183649;64038332;1517;;;;;;;;;;;;;;
19.186149;64040832;1447;;;;;;;;;;;;;;
19.188649;64043332;1438;;;;;;;;;;;;;;
19.191149;64045832;1500;;;;;;;;;;;;;;
19.193649;64048332;1607;;;;;;;;;;;;;;
19.196149;64050832;1689;;;;;;;;;;;;;;
19.198649;64053332;1709;;;;;;;;;;;;;;
19.201149;64055832;1656;64056605;492.707;857.861;46.732;-1427.332;-1136.681;455.322;64056167;-196.901;391.439;-880.672;-1507.466;-319.551;2096.69
19.203649;64058332;1560;;;;;;;;;;;;;;
19.206149;64060832;1485;;;;;;;;;;;;;;
19.208649;64063332;1470;;;;;;;;;;;;;;
19.211149;64065832;1531;;;;;;;;;;;;;;
19.213041;64067724;1640;;;;;;;;;;;;;;
19.215541;64070224;1722;;;;;;;;;;;;;;
19.218041;64072724;1738;;;;;;;;;;;;;;
19.220541;64075224;1690;;;;;;;;;;;;;;
19.223041;64077724;1592;;;;;;;;;;;;;;
19.225541;64080224;1512;;;;;;;;;;;;;;
19.228041;64082724;1504;;;;;;;;;;;;;;
19.230541;64085224;1566;;;;;;;;;;;;;;
19.233041;64087724;1672;64088125;493.868;857.973;48.843;-1369.966;-949.909;474.993;64087683;-194.98;395.121;-877.594;-1484.155;-373.136;2042.168
19.235541;64090224;1755;;;;;;;;;;;;;;
19.238041;64092724;1772;;;;;;;;;;;;;;
19.240541;64095224;1720;;;;;;;;;;;;;;
19.242949;64097632;1704;;;;;;;;;;;;;;
19.243041;64097724;1616;;;;;;;;;;;;;;
19.245449;64100132;1786;;;;;;;;;;;;;;
19.247949;64102632;1801;;;;;;;;;;;;;;
19.250449;64105132;1741;;;;;;;;;;;;;;
19.252949;64107632;1643;;;;;;;;;;;;;;
19.255449;64110132;1565;;;;;;;;;;;;;;
19.257949;64112632;1549;;;;;;;;;;;;;;
19.260449;64115132;1609;;;;;;;;;;;;;;
19.262949;64117632;1704;;;;;;;;;;;;;;
19.265449;64120132;1783;64121188;493.3;856.707;49.139;-1522.842;-813.164;518.181;64120749;-195.375;398.959;-877.208;-1755.135;-521.604;2044.622
19.267949;64122632;1789;;;;;;;;;;;;;;
19.270449;64125132;1725;;;;;;;;;;;;;;
19.270602;64125285;1549;;;;;;;;;;;;;;
19.272949;64127632;1626;;;;;;;;;;;;;;
19.273102;64127785;1533;;;;;;;;;;;;;;
19.275449;64130132;1545;;;;;;;;;;;;;;
19.275602;64130285;1596;;;;;;;;;;;;;;
19.277949;64132632;1528;;;;;;;;;;;;;;
19.280449;64135132;1579;;;;;;;;;;;;;;
19.289083;64143766;1674;;;;;;;;;;;;;;
19.291583;64146266;1753;;;;;;;;;;;;;;
19.294083;64148766;1757;;;;;;;;;;;;;;
19.296583;64151266;1694;;;;;;;;;;;;;;
19.299083;64153766;1596;;;;;;;;;;;;;;
19.301583;64156266;1516;;;;;;;;;;;;;;
19.304083;64158766;1499;;;;;;;;;;;;;;
19.306583;64161266;1563;;;;;;;;;;;;;;
19.309083;64163766;1659;64164150;492.95;857.761;49.867;-1482.138;-676.693;549.585;64163712;-195.092;400.349;-876.151;-2079.503;-615.399;2003.641
19.311583;64166266;1738;;;;;;;;;;;;;;
19.314083;64168766;1752;;;;;;;;;;;;;;
19.316583;64171266;1687;;;;;;;;;;;;;;
19.319083;64173766;1591;;;;;;;;;;;;;;
19.326667;64181350;1513;;;;;;;;;;;;;;
19.329167;64183850;1500;;;;;;;;;;;;;;
19.331667;64186350;1567;;;;;;;;;;;;;;
19.334167;64188850;1662;;;;;;;;;;;;;;
19.336667;64191350;1741;;;;;;;;;;;;;;
19.339167;64193850;1756;;;;;;;;;;;;;;
19.341667;64196350;1693;64197219;492.702;857.811;49.661;-1705.531;-596.483;491.918;64196784;-195.433;402.438;-874.378;-2217.903;-781.942;1983.521
19.344167;64198850;1597;;;;;;;;;;;;;;
19.346667;64201350;1520;;;;;;;;;;;;;;
19.347915;64202598;1687;;;;;;;;;;;;;;
19.349167;64203850;1519;;;;;;;;;;;;;;
19.350415;64205098;1768;;;;;;;;;;;;;;
19.351667;64206350;1582;;;;;;;;;;;;;;
19.352915;64207598;1774;;;;;;;;;;;;;;
19.355415;64210098;1721;;;;;;;;;;;;;;
19.357915;64212598;1624;;;;;;;;;;;;;;
19.360415;64215098;1548;;;;;;;;;;;;;;
19.362915;64217598;1536;;;;;;;;;;;;;;
19.365415;64220098;1608;;;;;;;;;;;;;;
19.367915;64222598;1706;;;;;;;;;;;;;;
19.370415;64225098;1786;;;;;;;;;;;;;;
19.372915;64227598;1800;64226997;493.065;856.638;48.874;-1605.817;-609.972;445.01;64226558;-194.58;402.977;-873.915;-2101.32;-835.157;1818.72
19.375415;64230098;1735;;;;;;;;;;;;;;
19.377915;64232598;1630;;;;;;;;;;;;;;
19.380415;64235098;1562;;;;;;;;;;;;;;
19.382915;64237598;1560;;;;;;;;;;;;;;
19.389772;64244455;1624;;;;;;;;;;;;;;
19.392272;64246955;1723;;;;;;;;;;;;;;
19.394772;64249455;1802;;;;;;;;;;;;;;
19.397272;64251955;1805;;;;;;;;;;;;;;
19.399772;64254455;1740;;;;;;;;;;;;;;
19.402272;64256955;1643;;;;;;;;;;;;;;
19.404772;64259455;1566;;;;;;;;;;;;;;
19.407272;64261955;1564;;;;;;;;64262921;-194.361;404.947;-871.857;-1705.754;-586.462;1647.284
19.409772;64264455;1626;64263357;493.574;858.531;50.761;-1517.651;-667.41;446.384;;;;;;;
19.412272;64266955;1725;;;;;;;;;;;;;;
19.414772;64269455;1804;;;;;;;;;;;;;;
19.417272;64271955;1807;;;;;;;;;;;;;;
19.419772;64274455;1741;;;;;;;;;;;;;;
19.423089;64277772;1645;;;;;;;;;;;;;;
19.425589;64280272;1574;;;;;;;;;;;;;;
19.428089;64282772;1561;;;;;;;;;;;;;;
19.430589;64285272;1625;;;;;;;;;;;;;;
19.433089;64287772;1723;;;;;;;;;;;;;;
19.435589;64290272;1799;;;;;;;;;;;;;;
19.438089;64292772;1800;;;;;;;;;;;;;;
19.440589;64295272;1728;64296431;494.284;858.012;52.267;-1738.393;-591.165;477.44;64295992;-193.963;407.953;-871.166;-1783.216;3.299;1689.607
19.443089;64297772;1627;;;;;;;;;;;;;;
19.445589;64300272;1548;;;;;;;;;;;;;;
19.448089;64302772;1535;;;;;;;;;;;;;;
19.450589;64305272;1598;;;;;;;;;;;;;;
19.452442;64307125;1707;;;;;;;;;;;;;;
19.454942;64309625;1771;;;;;;;;;;;;;;
19.457442;64312125;1770;;;;;;;;;;;;;;
19.459942;64314625;1696;;;;;;;;;;;;;;
19.462442;64317125;1594;;;;;;;;;;;;;;
19.464942;64319625;1515;;;;;;;;;;;;;;
19.467442;64322125;1502;;;;;;;;;;;;;;
19.469942;64324625;1568;;;;;;;;;;;;;;
19.472442;64327125;1664;64327589;495.062;858.098;55.76;-2199.224;-689.357;540.63;64327153;-193.769;411.107;-870.118;-2539.305;644.071;1947.69
19.474942;64329625;1738;;;;;;;;;;;;;;
19.477442;64332125;1740;;;;;;;;;;;;;;
19.479942;64334625;1672;;;;;;;;;;;;;;
19.482442;64337125;1560;;;;;;;;;;;;;;
19.485935;64340618;1484;;;;;;;;;;;;;;
19.488435;64343118;1478;;;;;;;;;;;;;;
19.490935;64345618;1534;;;;;;;;;;;;;;
19.493435;64348118;1630;;;;;;;;;;;;;;
19.495935;64350618;1704;;;;;;;;;;;;;;
19.498435;64353118;1694;;;;;;;;;;;;;;
19.500935;64355618;1616;;;;;;;;;;;;;;
19.503435;64358118;1514;;;;;;;;;;;;;;
19.505935;64360618;1436;64360576;495.508;855.581;56.388;-2807.2;-633.889;658.849;64360138;-190.394;412.969;-864.097;-3330.653;936.493;2266.368
19.508435;64363118;1431;;;;;;;;;;;;;;
19.510935;64365618;1485;;;;;;;;;;;;;;
19.513435;64368118;1581;;;;;;;;;;;;;;
19.515935;64370618;1643;;;;;;;;;;;;;;
19.519568;64374251;1642;;;;;;;;;;;;;;
19.522068;64376751;1565;;;;;;;;;;;;;;
19.524568;64379251;1463;;;;;;;;;;;;;;
19.527068;64381751;1384;;;;;;;;;;;;;;
19.529568;64384251;1373;;;;;;;;;;;;;;
19.532068;64386751;1434;;;;;;;;;;;;;;
19.534568;64389251;1527;;;;;;;;;;;;;;
19.537068;64391751;1594;;;;;;;;;;;;;;
19.539568;64394251;1593;64393553;496.48;852.239;59.077;-2978.34;-510.757;1003.031;64393117;-186.01;420.777;-858.657;-4276.683;1563.856;2726.174
19.542068;64396751;1517;;;;;;;;;;;;;;
19.544568;64399251;1415;;;;;;;;;;;;;;
19.547068;64401751;1340;;;;;;;;;;;;;;
19.549568;64404251;1341;;;;;;;;;;;;;;
19.557254;64411937;1497;;;;;;;;;;;;;;
19.559754;64414437;1566;;;;;;;;;;;;;;
19.562254;64416937;1567;;;;;;;;;;;;;;
19.564754;64419437;1498;;;;;;;;;;;;;;
19.567254;64421937;1401;;;;;;;;;;;;;;
19.569754;64424437;1337;;;;;;;;;;;;;;
19.572254;64426937;1336;64426714;497.654;854.09;65.059;-3320.735;-258.594;1691.817;64426275;-187.415;433.294;-862.176;-7362.911;2433.288;3610.115
19.574754;64429437;1402;;;;;;;;;;;;;;
19.577254;64431937;1501;;;;;;;;;;;;;;
19.579754;64434437;1568;;;;;;;;;;;;;;
19.581209;64435892;1405;;;;;;;;;;;;;;
19.582254;64436937;1578;;;;;;;;;;;;;;
19.584754;64439437;1514;;;;;;;;;;;;;;
19.586959;64441642;1422;;;;;;;;;;;;;;
19.589459;64444142;1357;;;;;;;;;;;;;;
19.591959;64446642;1367;;;;;;;;;;;;;;
19.594459;64449142;1434;;;;;;;;;;;;;;
19.596959;64451642;1547;;;;;;;;;;;;;;
19.599459;64454142;1626;;;;;;;;;;;;;;
19.601959;64456642;1630;;;;;;;;;;;;;;
19.604459;64459142;1579;64459863;498.672;853.445;64.85;-3774.198;-162.977;2135.727;64459425;-183.175;424.171;-865.293;-11515.453;3329.686;3269.047
19.606959;64461642;1496;;;;;;;;;;;;;;
19.609459;64464142;1447;;;;;;;;;;;;;;
19.611959;64466642;1463;;;;;;;;;;;;;;
19.614459;64469142;1547;;;;;;;;;;;;;;
19.616488;64471171;1663;;;;;;;;;;;;;;
19.618988;64473671;1753;;;;;;;;;;;;;;
19.621488;64476171;1771;;;;;;;;;;;;;;
19.623988;64478671;1725;;;;;;;;;;;;;;
19.626488;64481171;1656;;;;;;;;;;;;;;
19.628988;64483671;1613;;;;;;;;;;;;;;
19.631488;64486171;1641;;;;;;;;;;;;;;
19.633988;64488671;1740;;;;;;;;;;;;;;
19.636488;64491171;1870;64491471;497.675;854.125;64.664;-3748.676;265.609;2509.315;64491028;-182.141;406.946;-873.122;-10847.368;4273.139;3138.407
19.638988;64493671;1975;;;;;;;;;;;;;;
19.641488;64496171;2008;;;;;;;;;;;;;;
19.643988;64498671;1974;;;;;;;;;;;;;;
19.646468;64501151;2155;;;;;;;;;;;;;;
19.646488;64501171;1903;;;;;;;;;;;;;;
19.648968;64503651;2264;;;;;;;;;;;;;;
19.651468;64506151;2295;;;;;;;;;;;;;;
19.653968;64508651;2249;;;;;;;;;;;;;;
19.656468;64511151;2183;;;;;;;;;;;;;;
19.658968;64513651;2139;;;;;;;;;;;;;;
19.661468;64516151;2169;;;;;;;;;;;;;;
19.663968;64518651;2266;;;;;;;;;;;;;;
19.666468;64521151;2395;;;;;;;;;;;;;;
19.668968;64523651;2487;64524620;500.064;853.973;64.17;-3339.43;-337.858;2619.224;64524181;-181.647;421.485;-873.117;-8088.188;4350.42;3929.112
19.671468;64526151;2504;;;;;;;;;;;;;;
19.673968;64528651;2454;;;;;;;;;;;;;;
19.674099;64528782;1870;;;;;;;;;;;;;;
19.676468;64531151;2366;;;;;;;;;;;;;;
19.676599;64531282;1913;;;;;;;;;;;;;;
19.678968;64533651;2320;;;;;;;;;;;;;;
19.679099;64533782;2015;;;;;;;;;;;;;;
19.681468;64536151;2346;;;;;;;;;;;;;;
19.683968;64538651;2428;;;;;;;;;;;;;;
19.692666;64547349;2540;;;;;;;;;;;;;;
19.695166;64549849;2621;;;;;;;;;;;;;;
19.697666;64552349;2624;;;;;;;;;;;;;;
19.700166;64554849;2572;;;;;;;;;;;;;;
19.702666;64557349;2489;;;;;;;;;;;;;;
19.705166;64559849;2439;;;;;;;;;;;;;;
19.707666;64562349;2455;;;;;;;;;;;;;;
19.710166;64564849;2539;;;;;;;;;;;;;;
19.712666;64567349;2655;64567669;503.377;857.457;66.335;-3237.208;-581.716;2891.638;64567230;-181.483;429.745;-870.716;-9358.965;4345.086;4370.969
19.715166;64569849;2732;;;;;;;;;;;;;;
19.717666;64572349;2736;;;;;;;;;;;;;;
19.720166;64574849;2671;;;;;;;;;;;;;;
19.722666;64577349;2591;;;;;;;;;;;;;;
19.730338;64585021;2535;;;;;;;;;;;;;;
19.732838;64587521;2553;;;;;;;;;;;;;;
19.735338;64590021;2635;;;;;;;;;;;;;;
19.737838;64592521;2744;;;;;;;;;;;;;;
19.740338;64595021;2815;;;;;;;;;;;;;;
19.742838;64597521;2798;;;;;;;;;;;;;;
19.745338;64600021;2746;64600825;505.158;855.247;63.33;-3418.348;-511.505;3029.681;64600389;-178.418;430.407;-872.936;-9329.392;4182.082;4434.17
19.747838;64602521;2653;;;;;;;;;;;;;;
19.750338;64605021;2591;;;;;;;;;;;;;;
19.751701;64606384;2782;;;;;;;;;;;;;;
19.752838;64607521;2605;;;;;;;;;;;;;;
19.754201;64608884;2846;;;;;;;;;;;;;;
19.755338;64610021;2682;;;;;;;;;;;;;;
19.756701;64611384;2844;;;;;;;;;;;;;;
19.759201;64613884;2775;;;;;;;;;;;;;;
19.761701;64616384;2670;;;;;;;;;;;;;;
19.764201;64618884;2603;;;;;;;;;;;;;;
19.766701;64621384;2622;;;;;;;;;;;;;;
19.769201;64623884;2696;;;;;;;;;;;;;;
19.771701;64626384;2794;;;;;;;;;;;;;;
19.774201;64628884;2857;;;;;;;;;;;;;;
19.776701;64631384;2841;64630689;503.648;851.579;60.206;-2612.18;-606.68;3111.822;64630251;-178.183;433.268;-876.107;-6692.047;3599.79;3685.712
19.779201;64633884;2765;;;;;;;;;;;;;;
19.781701;64636384;2668;;;;;;;;;;;;;;
19.784201;64638884;2603;;;;;;;;;;;;;;
19.786701;64641384;2605;;;;;;;;;;;;;;
19.793556;64648239;2680;;;;;;;;;;;;;;
19.796056;64650739;2776;;;;;;;;;;;;;;
19.798556;64653239;2827;;;;;;;;;;;;;;
19.801056;64655739;2815;;;;;;;;;;;;;;
19.803556;64658239;2744;;;;;;;;;;;;;;
19.806056;64660739;2637;;;;;;;;;;;;;;
19.808556;64663239;2575;;;;;;;;;;;;;;
19.811056;64665739;2585;;;;;;;;64666700;-182.236;431.088;-885.53;-900.944;2096.363;1747.051
19.813556;64668239;2655;64667136;499.767;847.729;57.269;-830.884;-1017.783;2991.668;;;;;;;
19.816056;64670739;2752;;;;;;;;;;;;;;
19.818556;64673239;2813;;;;;;;;;;;;;;
19.821056;64675739;2797;;;;;;;;;;;;;;
19.823556;64678239;2718;;;;;;;;;;;;;;
19.827146;64681829;2623;;;;;;;;;;;;;;
19.829646;64684329;2556;;;;;;;;;;;;;;
19.832146;64686829;2558;;;;;;;;;;;;;;
19.834646;64689329;2632;;;;;;;;;;;;;;
19.837146;64691829;2719;;;;;;;;;;;;;;
19.839646;64694329;2778;;;;;;;;;;;;;;
19.842146;64696829;2762;;;;;;;;;;;;;;
19.844646;64699329;2680;64700210;497.287;850.007;53.984;2074.098;-1708.894;2064.647;64699771;-187.569;435.709;-893.927;7507.353;-550.767;-690.114
19.847146;64701829;2572;;;;;;;;;;;;;;
19.849646;64704329;2505;;;;;;;;;;;;;;
19.852146;64706829;2505;;;;;;;;;;;;;;
19.854646;64709329;2571;;;;;;;;;;;;;;
19.856742;64711425;2653;;;;;;;;;;;;;;
19.859242;64713925;2703;;;;;;;;;;;;;;
19.861742;64716425;2680;;;;;;;;;;;;;;
19.864242;64718925;2590;;;;;;;;;;;;;;
19.866742;64721425;2476;;;;;;;;;;;;;;
19.869242;64723925;2398;;;;;;;;;;;;;;
19.871742;64726425;2399;;;;;;;;;;;;;;
19.874242;64728925;2458;;;;;;;;;;;;;;
19.876742;64731425;2543;64731628;501.807;857.697;58.514;4778.706;-2182.137;998.04;64731193;-190.867;450.133;-892.681;13788.11;-3653.979;-3052.671
19.879242;64733925;2588;;;;;;;;;;;;;;
19.881742;64736425;2557;;;;;;;;;;;;;;
19.884242;64738925;2473;;;;;;;;;;;;;;
19.886742;64741425;2361;;;;;;;;;;;;;;
19.890459;64745142;2281;;;;;;;;;;;;;;
19.892959;64747642;2279;;;;;;;;;;;;;;
19.895459;64750142;2334;;;;;;;;;;;;;;
19.897959;64752642;2415;;;;;;;;;;;;;;
19.900459;64755142;2462;;;;;;;;;;;;;;
19.902959;64757642;2440;;;;;;;;;;;;;;
19.905459;64760142;2344;;;;;;;;;;;;;;
19.907959;64762642;2235;;;;;;;;;;;;;;
19.910459;64765142;2168;64764876;507.332;865.979;66.94;5734.583;-2218.28;135.263;64764438;-191.315;463.781;-889.869;14662.768;-6183.343;-4684.6
19.912959;64767642;2170;;;;;;;;;;;;;;
19.915459;64770142;2248;;;;;;;;;;;;;;
19.917959;64772642;2345;;;;;;;;;;;;;;
19.920313;64774996;2394;;;;;;;;;;;;;;
19.920459;64775142;2408;;;;;;;;;;;;;;
19.922813;64777496;2311;;;;;;;;;;;;;;
19.925313;64779996;2222;;;;;;;;;;;;;;
19.927813;64782496;2169;;;;;;;;;;;;;;
19.930313;64784996;2184;;;;;;;;;;;;;;
19.932813;64787496;2267;;;;;;;;;;;;;;
19.935313;64789996;2375;;;;;;;;;;;;;;
19.937813;64792496;2442;;;;;;;;;;;;;;
19.940313;64794996;2431;;;;;;;;;;;;;;
19.942813;64797496;2361;64798113;510.166;871.139;73.304;3983.541;-1544.303;-400.438;64797677;-190.552;459.35;-885.714;11408.316;-7926.926;-4725.12
19.945313;64799996;2270;;;;;;;;;;;;;;
19.945966;64800649;2439;;;;;;;;;;;;;;
19.947813;64802496;2219;;;;;;;;;;;;;;
19.948466;64803149;2504;;;;;;;;;;;;;;
19.950313;64804996;2237;;;;;;;;;;;;;;
19.950966;64805649;2493;;;;;;;;;;;;;;
19.952813;64807496;2327;;;;;;;;;;;;;;
19.953466;64808149;2424;;;;;;;;;;;;;;
19.955966;64810649;2330;;;;;;;;;;;;;;
19.958466;64813149;2283;;;;;;;;;;;;;;
19.960966;64815649;2311;;;;;;;;;;;;;;
19.963466;64818149;2395;;;;;;;;;;;;;;
19.965966;64820649;2504;;;;;;;;;;;;;;
19.968466;64823149;2570;;;;;;;;;;;;;;
19.970966;64825649;2560;;;;;;;;;;;;;;
19.973466;64828149;2493;;;;;;;;;;;;;;
19.975966;64830649;2410;;;;;;;;;;;;;;
19.978466;64833149;2359;64833099;511.357;870.459;73.738;817.677;-879.526;-887.478;64832661;-190.168;454.194;-878.48;6704.4;-8704.83;-3511.489
19.980966;64835649;2384;;;;;;;;;;;;;;
19.983466;64838149;2475;;;;;;;;;;;;;;
19.985966;64840649;2587;;;;;;;;;;;;;;
19.988466;64843149;2652;;;;;;;;;;;;;;
20.000587;64855270;2649;;;;;;;;;;;;;;
20.003087;64857770;2584;;;;;;;;;;;;;;
20.005587;64860270;2502;;;;;;;;;;;;;;
20.008087;64862770;2460;;;;;;;;;;;;;;
20.010587;64865270;2489;;;;;;;;;;;;;;
20.013087;64867770;2585;;;;;;;;;;;;;;
20.015587;64870270;2699;;;;;;;;;;;;;;
20.018087;64872770;2766;;;;;;;;64873972;-188.443;454.671;-867.697;-621.632;-8103.339;-1077.102
20.020587;64875270;2776;64874408;511.33;866.384;73.26;-2285.707;-632.987;-1008.479;;;;;;;
20.023087;64877770;2716;;;;;;;;;;;;;;
20.025587;64880270;2636;;;;;;;;;;;;;;
20.028087;64882770;2602;;;;;;;;;;;;;;
20.030587;64885270;2636;;;;;;;;;;;;;;
20.042334;64897017;2743;;;;;;;;;;;;;;
20.044834;64899517;2857;;;;;;;;;;;;;;
20.047334;64902017;2921;;;;;;;;;;;;;;
20.049834;64904517;2923;;;;;;;;;;;;;;
20.051595;64906278;3002;;;;;;;;;;;;;;
20.052334;64907017;2859;64907742;509.761;860.562;70.872;-4495.422;-402.275;-876.243;64907303;-184.328;456.935;-859.631;-9845.863;-6977.172;1928.128
20.054095;64908778;3066;;;;;;;;;;;;;;
20.054834;64909517;2782;;;;;;;;;;;;;;
20.056595;64911278;3055;;;;;;;;;;;;;;
20.057334;64912017;2749;;;;;;;;;;;;;;
20.059095;64913778;2990;;;;;;;;;;;;;;
20.059834;64914517;2792;;;;;;;;;;;;;;
20.061595;64916278;2910;;;;;;;;;;;;;;
20.062334;64917017;2888;;;;;;;;;;;;;;
20.064095;64918778;2877;;;;;;;;;;;;;;
20.066595;64921278;2908;;;;;;;;;;;;;;
20.069095;64923778;3003;;;;;;;;;;;;;;
20.071595;64926278;3112;;;;;;;;;;;;;;
20.074095;64928778;3164;;;;;;;;;;;;;;
20.076595;64931278;3149;;;;;;;;;;;;;;
20.079095;64933778;3072;64934386;507.923;856.33;71.873;-6082.776;-404.474;-339.368;64933950;-187.428;460.623;-856.538;-19672.008;-5707.813;5320.784
20.081595;64936278;2988;;;;;;;;;;;;;;
20.084095;64938778;2943;;;;;;;;;;;;;;
20.086595;64941278;2969;;;;;;;;;;;;;;
20.089095;64943778;3051;;;;;;;;;;;;;;
20.097841;64952524;3151;;;;;;;;;;;;;;
20.100341;64955024;3211;;;;;;;;;;;;;;
20.102841;64957524;3192;;;;;;;;;;;;;;
20.105341;64960024;3111;;;;;;;;;;;;;;
20.107841;64962524;3017;;;;;;;;;;;;;;
20.110341;64965024;2958;;;;;;;;;;;;;;
20.112841;64967524;2984;;;;;;;;;;;;;;
20.115341;64970024;3064;;;;;;;;;;;;;;
20.117841;64972524;3161;64972669;505.566;853.237;74.099;-7885.637;-611.312;411.725;64972231;-186.791;454.831;-847.663;-29019.531;-4971.797;8949.37
20.120341;64975024;3210;;;;;;;;;;;;;;
20.122841;64977524;3181;;;;;;;;;;;;;;
20.125341;64980024;3088;;;;;;;;;;;;;;
20.127841;64982524;2986;;;;;;;;;;;;;;
20.135765;64990448;2926;;;;;;;;;;;;;;
20.138265;64992948;2939;;;;;;;;;;;;;;
20.140765;64995448;3006;;;;;;;;;;;;;;
20.143265;64997948;3096;;;;;;;;;;;;;;
20.145765;65000448;3133;;;;;;;;;;;;;;
20.148265;65002948;3100;;;;;;;;;;;;;;
20.150765;65005448;3003;65005906;504.352;846.064;72.022;-9805.73;-1463.622;1035.139;65005470;-181.923;452.036;-835.298;-35908.18;-4749.458;12767.089
20.153265;65007948;2904;;;;;;;;;;;;;;
20.155765;65010448;2841;;;;;;;;;;;;;;
20.157578;65012261;3016;;;;;;;;;;;;;;
20.158265;65012948;2855;;;;;;;;;;;;;;
20.160078;65014761;3052;;;;;;;;;;;;;;
20.160765;65015448;2921;;;;;;;;;;;;;;
20.162578;65017261;3018;;;;;;;;;;;;;;
20.165078;65019761;2925;;;;;;;;;;;;;;
20.167578;65022261;2816;;;;;;;;;;;;;;
20.170078;65024761;2761;;;;;;;;;;;;;;
20.172578;65027261;2767;;;;;;;;;;;;;;
20.175078;65029761;2840;;;;;;;;;;;;;;
20.177578;65032261;2922;;;;;;;;;;;;;;
20.180078;65034761;2955;;;;;;;;65035679;-176.713;453.779;-818.8;-39809.02;-4256.484;15689.984
20.182578;65037261;2920;65036117;502.62;842.216;70.831;-11191.443;-2672.316;1591.944;;;;;;;
20.183965;65038648;2727;;;;;;;;;;;;;;
20.185078;65039761;2814;;;;;;;;;;;;;;
20.186465;65041148;2811;;;;;;;;;;;;;;
20.187578;65042261;2700;;;;;;;;;;;;;;
20.188965;65043648;2856;;;;;;;;;;;;;;
20.190078;65044761;2637;;;;;;;;;;;;;;
20.191465;65046148;2824;;;;;;;;;;;;;;
20.192578;65047261;2651;;;;;;;;;;;;;;
20.193965;65048648;2733;;;;;;;;;;;;;;
20.196465;65051148;2634;;;;;;;;;;;;;;
20.198965;65053648;2585;;;;;;;;;;;;;;
20.201465;65056148;2603;;;;;;;;;;;;;;
20.203965;65058648;2682;;;;;;;;;;;;;;
20.206465;65061148;2767;;;;;;;;;;;;;;
20.208965;65063648;2808;;;;;;;;;;;;;;
20.211465;65066148;2765;;;;;;;;;;;;;;
20.213965;65068648;2669;;;;;;;;;;;;;;
20.216465;65071148;2554;;;;;;;;;;;;;;
20.218965;65073648;2491;65072998;503.987;837.858;73.237;-11646.434;-3447.387;2238.597;65072562;-167.316;465.244;-800.137;-39653.441;-3325.285;18177.984
20.221465;65076148;2504;;;;;;;;;;;;;;
20.223965;65078648;2571;;;;;;;;;;;;;;
20.226465;65081148;2651;;;;;;;;;;;;;;
20.228965;65083648;2685;;;;;;;;;;;;;;
20.251705;65106388;2555;;;;;;;;;;;;;;
20.254205;65108888;2599;;;;;;;;;;;;;;
20.256705;65111388;2559;;;;;;;;;;;;;;
20.258915;65113598;2647;;;;;;;;;;;;;;
20.259205;65113888;2473;;;;;;;;;;;;;;
20.261415;65116098;2541;;;;;;;;65116051;-160.945;483.56;-784.213;-36216.082;-2296.271;19555.459
20.261705;65116388;2363;65116489;504.335;835.243;77.505;-11242.174;-4032.331;2982.855;;;;;;;
20.263915;65118598;2432;;;;;;;;;;;;;;
20.264205;65118888;2316;;;;;;;;;;;;;;
20.266415;65121098;2378;;;;;;;;;;;;;;
20.266705;65121388;2335;;;;;;;;;;;;;;
20.268915;65123598;2391;;;;;;;;;;;;;;
20.269205;65123888;2425;;;;;;;;;;;;;;
20.271415;65126098;2463;;;;;;;;;;;;;;
20.271705;65126388;2521;;;;;;;;;;;;;;
20.274205;65128888;2571;;;;;;;;;;;;;;
20.276705;65131388;2543;;;;;;;;;;;;;;
20.279205;65133888;2446;;;;;;;;;;;;;;
20.281705;65136388;2347;;;;;;;;;;;;;;
20.285947;65140630;2296;;;;;;;;;;;;;;
20.288447;65143130;2312;;;;;;;;;;;;;;
20.290947;65145630;2394;;;;;;;;;;;;;;
20.293447;65148130;2479;;;;;;;;;;;;;;
20.295947;65150630;2520;;;;;;;;;;;;;;
20.298447;65153130;2475;;;;;;;;;;;;;;
20.300947;65155630;2376;;;;;;;;;;;;;;
20.303447;65158130;2264;;;;;;;;;;;;;;
20.305947;65160630;2202;65159970;505.5;835.504;81.126;-10527.378;-4642.276;3522.774;65159531;-153.977;506.571;-772.977;-31305.59;-1618.832;19876.623
20.308447;65163130;2217;;;;;;;;;;;;;;
20.310947;65165630;2287;;;;;;;;;;;;;;
20.313447;65168130;2383;;;;;;;;;;;;;;
20.315947;65170630;2426;;;;;;;;;;;;;;
20.319848;65174531;2393;;;;;;;;;;;;;;
20.322348;65177031;2295;;;;;;;;;;;;;;
20.324848;65179531;2192;;;;;;;;;;;;;;
20.327348;65182031;2143;;;;;;;;;;;;;;
20.329848;65184531;2170;;;;;;;;;;;;;;
20.332348;65187031;2256;;;;;;;;;;;;;;
20.334848;65189531;2360;;;;;;;;;;;;;;
20.337348;65192031;2407;;;;;;;;65193126;-146.785;526.578;-762.626;-26044.748;-925.391;19675.541
20.339848;65194531;2378;65193569;508.444;836.983;84.36;-9612.946;-5023.1;3838.823;;;;;;;
20.342348;65197031;2283;;;;;;;;;;;;;;
20.344848;65199531;2185;;;;;;;;;;;;;;
20.347348;65202031;2138;;;;;;;;;;;;;;
20.349848;65204531;2170;;;;;;;;;;;;;;
20.357778;65212461;2348;;;;;;;;;;;;;;
20.360278;65214961;2393;;;;;;;;;;;;;;
20.362778;65217461;2360;;;;;;;;;;;;;;
20.365278;65219961;2267;;;;;;;;;;;;;;
20.367778;65222461;2170;;;;;;;;;;;;;;
20.370278;65224961;2110;;;;;;;;;;;;;;
20.372778;65227461;2140;65226978;512.253;839.817;90.542;-8539.049;-5035.757;3863.007;65226540;-139.323;550.08;-754.958;-21336.572;-117.871;19184.826
20.375278;65229961;2222;;;;;;;;;;;;;;
20.377778;65232461;2316;;;;;;;;;;;;;;
20.380278;65234961;2361;;;;;;;;;;;;;;
20.381711;65236394;2250;;;;;;;;;;;;;;
20.382778;65237461;2327;;;;;;;;;;;;;;
20.385278;65239961;2223;;;;;;;;;;;;;;
20.387579;65242262;2122;;;;;;;;;;;;;;
20.390079;65244762;2061;;;;;;;;;;;;;;
20.392579;65247262;2087;;;;;;;;;;;;;;
20.395079;65249762;2168;;;;;;;;;;;;;;
20.397579;65252262;2264;;;;;;;;;;;;;;
20.400079;65254762;2299;;;;;;;;;;;;;;
20.402579;65257262;2254;;;;;;;;;;;;;;
20.405079;65259762;2156;65260391;514.688;841.612;94.976;-7801.034;-4860.094;3869.794;65259953;-132.479;571.15;-749.601;-17867.869;745.085;18751.021
20.407579;65262262;2045;;;;;;;;;;;;;;
20.410079;65264762;1992;;;;;;;;;;;;;;
20.412579;65267262;2011;;;;;;;;;;;;;;
20.415079;65269762;2094;;;;;;;;;;;;;;
20.417364;65272047;2188;;;;;;;;;;;;;;
20.419864;65274547;2234;;;;;;;;;;;;;;
20.422364;65277047;2189;;;;;;;;;;;;;;
20.424864;65279547;2090;;;;;;;;;;;;;;
20.427364;65282047;1984;;;;;;;;;;;;;;
20.429864;65284547;1930;;;;;;;;;;;;;;
20.432364;65287047;1959;;;;;;;;;;;;;;
20.434864;65289547;2040;;;;;;;;;;;;;;
20.437364;65292047;2136;65292076;517.734;841.987;99.725;-7402.232;-4766.277;3775.617;65291640;-125.709;589.136;-744.695;-15683.85;1215.768;18178.346
20.439864;65294547;2173;;;;;;;;;;;;;;
20.442364;65297047;2137;;;;;;;;;;;;;;
20.444864;65299547;2039;;;;;;;;;;;;;;
20.447364;65302047;1933;;;;;;;;;;;;;;
20.447686;65302369;2092;;;;;;;;;;;;;;
20.450186;65304869;2135;;;;;;;;;;;;;;
20.452686;65307369;2091;;;;;;;;;;;;;;
20.455186;65309869;1992;;;;;;;;;;;;;;
20.457686;65312369;1883;;;;;;;;;;;;;;
20.460186;65314869;1835;;;;;;;;;;;;;;
20.462686;65317369;1864;;;;;;;;;;;;;;
20.465186;65319869;1945;;;;;;;;;;;;;;
20.467686;65322369;2039;;;;;;;;;;;;;;
20.470186;65324869;2078;65325497;520.322;840.294;103.504;-7096.433;-4508.713;3581.586;65325059;-117.441;601.604;-739.583;-14383.407;1490.542;17445.74
20.472686;65327369;2028;;;;;;;;;;;;;;
20.475186;65329869;1930;;;;;;;;;;;;;;
20.475323;65330006;1883;;;;;;;;;;;;;;
20.477686;65332369;1821;;;;;;;;;;;;;;
20.477823;65332506;1914;;;;;;;;;;;;;;
20.480186;65334869;1768;;;;;;;;;;;;;;
20.480323;65335006;1993;;;;;;;;;;;;;;
20.482686;65337369;1799;;;;;;;;;;;;;;
20.485186;65339869;1880;;;;;;;;;;;;;;
20.494271;65348954;1962;;;;;;;;;;;;;;
20.496771;65351454;1993;;;;;;;;;;;;;;
20.499271;65353954;1948;;;;;;;;;;;;;;
20.501771;65356454;1848;;;;;;;;;;;;;;
20.504271;65358954;1740;;;;;;;;;;;;;;
20.506771;65361454;1690;;;;;;;;;;;;;;
20.509271;65363954;1710;;;;;;;;;;;;;;
20.511771;65366454;1799;;;;;;;;;;;;;;
20.514271;65368954;1884;65368891;521.932;838.643;106.338;-6724.111;-4131.902;3414.757;65368452;-105.993;609.765;-733.817;-13006.674;1664.953;16607.578
20.516771;65371454;1918;;;;;;;;;;;;;;
20.519271;65373954;1872;;;;;;;;;;;;;;
20.521771;65376454;1774;;;;;;;;;;;;;;
20.524271;65378954;1675;;;;;;;;;;;;;;
20.532162;65386845;1627;;;;;;;;;;;;;;
20.534662;65389345;1657;;;;;;;;;;;;;;
20.537162;65391845;1739;;;;;;;;;;;;;;
20.539662;65394345;1824;;;;;;;;;;;;;;
20.542162;65396845;1865;;;;;;;;;;;;;;
20.544662;65399345;1820;;;;;;;;;;;;;;
20.547162;65401845;1722;65402403;525.067;836.202;109.305;-6190.155;-3862.745;3250.581;65401961;-97.089;615.956;-729.036;-11527.715;1906.33;15887.449
20.549662;65404345;1628;;;;;;;;;;;;;;
20.552162;65406845;1580;;;;;;;;;;;;;;
20.553854;65408537;1788;;;;;;;;;;;;;;
20.554662;65409345;1613;;;;;;;;;;;;;;
20.556354;65411037;1831;;;;;;;;;;;;;;
20.557162;65411845;1704;;;;;;;;;;;;;;
20.558854;65413537;1787;;;;;;;;;;;;;;
20.561354;65416037;1688;;;;;;;;;;;;;;
20.563854;65418537;1593;;;;;;;;;;;;;;
20.566354;65421037;1552;;;;;;;;;;;;;;
20.568854;65423537;1593;;;;;;;;;;;;;;
20.571354;65426037;1678;;;;;;;;;;;;;;
20.573854;65428537;1770;;;;;;;;;;;;;;
20.576354;65431037;1816;;;;;;;;65432077;-88.654;621.966;-723.926;-10011.142;2052.076;15247.951
20.578854;65433537;1773;65432516;527.289;834.201;112.014;-5854.835;-3562.857;3100.74;;;;;;;
20.581354;65436037;1680;;;;;;;;;;;;;;
20.583854;65438537;1592;;;;;;;;;;;;;;
20.586354;65441037;1560;;;;;;;;;;;;;;
20.588854;65443537;1595;;;;;;;;;;;;;;
20.595908;65450591;1688;;;;;;;;;;;;;;
20.598408;65453091;1786;;;;;;;;;;;;;;
20.600908;65455591;1831;;;;;;;;;;;;;;
20.603408;65458091;1789;;;;;;;;;;;;;;
20.605908;65460591;1706;;;;;;;;;;;;;;
20.608408;65463091;1622;;;;;;;;;;;;;;
20.610908;65465591;1592;;;;;;;;;;;;;;
20.613408;65468091;1631;65469235;529.094;831.921;114.008;-5518.781;-3291.527;3013.078;65468793;-81.0;627.351;-718.845;-8802.709;2266.66;14692.929
20.615908;65470591;1738;;;;;;;;;;;;;;
20.618408;65473091;1837;;;;;;;;;;;;;;
20.620908;65475591;1887;;;;;;;;;;;;;;
20.623408;65478091;1854;;;;;;;;;;;;;;
20.625908;65480591;1772;;;;;;;;;;;;;;
20.629751;65484434;1693;;;;;;;;;;;;;;
20.632251;65486934;1661;;;;;;;;;;;;;;
20.634751;65489434;1709;;;;;;;;;;;;;;
20.637251;65491934;1815;;;;;;;;;;;;;;
20.639751;65494434;1916;;;;;;;;;;;;;;
20.642251;65496934;1964;;;;;;;;;;;;;;
20.643468;65498151;1976;;;;;;;;;;;;;;
20.644751;65499434;1932;;;;;;;;;;;;;;
20.645968;65500651;2014;;;;;;;;;;;;;;
20.647251;65501934;1838;;;;;;;;65502119;-73.821;633.828;-714.288;-7953.948;2515.577;14300.407
20.648468;65503151;1982;65502557;531.016;828.651;114.993;-5311.967;-3006.201;3020.799;;;;;;;
20.649751;65504434;1757;;;;;;;;;;;;;;
20.650968;65505651;1886;;;;;;;;;;;;;;
20.652251;65506934;1724;;;;;;;;;;;;;;
20.653468;65508151;1804;;;;;;;;;;;;;;
20.654751;65509434;1772;;;;;;;;;;;;;;
20.655968;65510651;1772;;;;;;;;;;;;;;
20.657251;65511934;1872;;;;;;;;;;;;;;
20.658468;65513151;1820;;;;;;;;;;;;;;
20.660968;65515651;1919;;;;;;;;;;;;;;
20.663468;65518151;2027;;;;;;;;;;;;;;
20.665968;65520651;2076;;;;;;;;;;;;;;
20.668468;65523151;2042;;;;;;;;;;;;;;
20.670968;65525651;1947;;;;;;;;;;;;;;
20.673468;65528151;1868;;;;;;;;;;;;;;
20.675968;65530651;1837;;;;;;;;;;;;;;
20.678468;65533151;1887;65534248;533.221;826.283;116.447;-4987.743;-2741.703;3078.884;65533806;-65.671;638.371;-710.543;-7405.751;2828.61;13790.137
20.680968;65535651;1995;;;;;;;;;;;;;;
20.683468;65538151;2104;;;;;;;;;;;;;;
20.685968;65540651;2142;;;;;;;;;;;;;;
20.688468;65543151;2111;;;;;;;;;;;;;;
20.690968;65545651;2023;;;;;;;;;;;;;;
20.706316;65560999;1944;;;;;;;;;;;;;;
20.708816;65563499;1913;;;;;;;;;;;;;;
20.711316;65565999;1959;;;;;;;;;;;;;;
20.713816;65568499;2062;;;;;;;;;;;;;;
20.716316;65570999;2168;;;;;;;;;;;;;;
20.718816;65573499;2208;;;;;;;;;;;;;;
20.721316;65575999;2171;;;;;;;;;;;;;;
20.723816;65578499;2087;65579112;534.766;825.101;118.64;-4607.543;-2265.118;3136.689;65578674;-58.453;642.894;-707.907;-6989.963;3445.367;13402.942
20.726316;65580999;1993;;;;;;;;;;;;;;
20.728816;65583499;1960;;;;;;;;;;;;;;
20.731316;65585999;1999;;;;;;;;;;;;;;
20.733816;65588499;2107;;;;;;;;;;;;;;
20.747962;65602645;2202;;;;;;;;;;;;;;
20.749071;65603754;2187;;;;;;;;;;;;;;
20.750462;65605145;2238;;;;;;;;;;;;;;
20.751571;65606254;2218;;;;;;;;;;;;;;
20.752962;65607645;2201;;;;;;;;;;;;;;
20.754071;65608754;2168;;;;;;;;;;;;;;
20.755462;65610145;2095;;;;;;;;65610361;-51.272;646.806;-706.056;-6601.528;3935.036;12997.92
20.756571;65611254;2063;65610803;536.253;823.411;119.687;-4408.229;-1969.425;3282.605;;;;;;;
20.757962;65612645;1998;;;;;;;;;;;;;;
20.759071;65613754;1962;;;;;;;;;;;;;;
20.760462;65615145;1962;;;;;;;;;;;;;;
20.761571;65616254;1916;;;;;;;;;;;;;;
20.762962;65617645;1997;;;;;;;;;;;;;;
20.764071;65618754;1949;;;;;;;;;;;;;;
20.765462;65620145;2094;;;;;;;;;;;;;;
20.766571;65621254;2040;;;;;;;;;;;;;;
20.769071;65623754;2122;;;;;;;;;;;;;;
20.771571;65626254;2151;;;;;;;;;;;;;;
20.774071;65628754;2089;;;;;;;;;;;;;;
20.776571;65631254;1977;;;;;;;;;;;;;;
20.779071;65633754;1870;;;;;;;;;;;;;;
20.781571;65636254;1821;65635881;537.756;822.116;121.175;-4228.942;-1752.391;3449.662;65635443;-44.03;650.535;-704.157;-6116.139;4307.472;12556.273
20.784071;65638754;1854;;;;;;;;;;;;;;
20.786571;65641254;1935;;;;;;;;;;;;;;
20.787667;65642350;1960;;;;;;;;;;;;;;
20.789071;65643754;2013;;;;;;;;;;;;;;
20.790167;65644850;1855;;;;;;;;;;;;;;
20.791571;65646254;2030;;;;;;;;;;;;;;
20.792667;65647350;1752;;;;;;;;;;;;;;
20.795167;65649850;1705;;;;;;;;;;;;;;
20.797667;65652350;1737;;;;;;;;;;;;;;
20.800167;65654850;1817;;;;;;;;;;;;;;
20.802667;65657350;1885;;;;;;;;;;;;;;
20.805167;65659850;1912;;;;;;;;;;;;;;
20.807667;65662350;1848;;;;;;;;;;;;;;
20.810167;65664850;1727;;;;;;;;;;;;;;
20.812667;65667350;1629;;;;;;;;;;;;;;
20.815167;65669850;1592;;;;;;;;;;;;;;
20.817667;65672350;1614;;;;;;;;;;;;;;
20.820167;65674850;1703;;;;;;;;;;;;;;
20.822667;65677350;1771;65677461;538.935;820.959;122.692;-4014.87;-1575.959;3546.679;65677019;-36.887;654.078;-702.895;-5522.457;4621.911;12113.085
20.825167;65679850;1790;;;;;;;;;;;;;;
20.827667;65682350;1736;;;;;;;;;;;;;;
20.830167;65684850;1627;;;;;;;;;;;;;;
20.832667;65687350;1527;;;;;;;;;;;;;;
20.842702;65697385;1689;;;;;;;;;;;;;;
20.845202;65699885;1709;;;;;;;;;;;;;;
20.847702;65702385;1655;;;;;;;;;;;;;;
20.850202;65704885;1547;;;;;;;;;;;;;;
20.852702;65707385;1455;;;;;;;;;;;;;;
20.855202;65709885;1430;;;;;;;;;;;;;;
20.857702;65712385;1466;;;;;;;;;;;;;;
20.860202;65714885;1560;;;;;;;;;;;;;;
20.862702;65717385;1640;;;;;;;;;;;;;;
20.865202;65719885;1659;65720681;541.146;820.153;124.158;-3767.751;-1403.098;3548.72;65720242;-29.644;657.339;-702.344;-5170.646;4792.002;11652.681
20.867702;65722385;1609;;;;;;;;;;;;;;
20.870202;65724885;1511;;;;;;;;;;;;;;
20.870329;65725012;1486;;;;;;;;;;;;;;
20.872702;65727385;1421;;;;;;;;;;;;;;
20.872829;65727512;1518;;;;;;;;;;;;;;
20.875202;65729885;1399;;;;;;;;;;;;;;
20.875329;65730012;1609;;;;;;;;;;;;;;
20.877702;65732385;1432;;;;;;;;;;;;;;
20.880202;65734885;1534;;;;;;;;;;;;;;
20.889102;65743785;1616;;;;;;;;;;;;;;
20.891602;65746285;1644;;;;;;;;;;;;;;
20.894102;65748785;1593;;;;;;;;;;;;;;
20.896602;65751285;1499;;;;;;;;;;;;;;
20.899102;65753785;1420;;;;;;;;;;;;;;
20.901602;65756285;1400;;;;;;;;;;;;;;
20.904102;65758785;1439;;;;;;;;;;;;;;
20.906602;65761285;1550;;;;;;;;;;;;;;
20.909102;65763785;1640;65763903;542.533;819.24;125.35;-3609.989;-1370.131;3501.221;65763465;-23.532;661.048;-701.411;-4576.114;4799.59;11251.609
20.911602;65766285;1672;;;;;;;;;;;;;;
20.914102;65768785;1629;;;;;;;;;;;;;;
20.916602;65771285;1544;;;;;;;;;;;;;;
20.919102;65773785;1467;;;;;;;;;;;;;;
20.926908;65781591;1450;;;;;;;;;;;;;;
20.929408;65784091;1513;;;;;;;;;;;;;;
20.931908;65786591;1624;;;;;;;;;;;;;;
20.934408;65789091;1722;;;;;;;;;;;;;;
20.936908;65791591;1758;;;;;;;;;;;;;;
20.939408;65794091;1724;;;;;;;;;;;;;;
20.941908;65796591;1644;65797233;544.039;817.684;126.976;-3360.802;-1344.937;3397.91;65796797;-16.774;662.808;-700.592;-3869.996;4810.735;10825.091
20.944408;65799091;1579;;;;;;;;;;;;;;
20.946908;65801591;1579;;;;;;;;;;;;;;
20.948457;65803140;1884;;;;;;;;;;;;;;
20.949408;65804091;1645;;;;;;;;;;;;;;
20.950957;65805640;1928;;;;;;;;;;;;;;
20.951908;65806591;1773;;;;;;;;;;;;;;
20.953457;65808140;1901;;;;;;;;;;;;;;
20.955957;65810640;1833;;;;;;;;;;;;;;
20.958457;65813140;1773;;;;;;;;;;;;;;
20.960957;65815640;1775;;;;;;;;;;;;;;
20.963457;65818140;1853;;;;;;;;;;;;;;
20.965957;65820640;1983;;;;;;;;;;;;;;
20.968457;65823140;2107;;;;;;;;;;;;;;
20.970957;65825640;2159;;;;;;;;65826832;-10.952;665.798;-700.076;-2965.558;4708.011;10463.211
20.973457;65828140;2141;65827271;545.111;816.542;128.228;-3085.574;-1394.94;3312.89;;;;;;;
20.975957;65830640;2073;;;;;;;;;;;;;;
20.978457;65833140;2024;;;;;;;;;;;;;;
20.980957;65835640;2027;;;;;;;;;;;;;;
20.983457;65838140;2111;;;;;;;;;;;;;;
20.990521;65845204;2250;;;;;;;;;;;;;;
20.993021;65847704;2367;;;;;;;;;;;;;;
20.995521;65850204;2426;;;;;;;;;;;;;;
20.998021;65852704;2408;;;;;;;;;;;;;;
21.000521;65855204;2343;;;;;;;;;;;;;;
21.003021;65857704;2285;;;;;;;;;;;;;;
21.005521;65860204;2298;;;;;;;;;;;;;;
21.008021;65862704;2378;65863891;547.038;815.541;129.661;-2706.42;-1487.943;3162.558;65863455;-4.481;669.206;-699.604;-2265.593;4522.486;10033.237
21.010521;65865204;2510;;;;;;;;;;;;;;
21.013021;65867704;2620;;;;;;;;;;;;;;
21.015521;65870204;2668;;;;;;;;;;;;;;
21.018021;65872704;2639;;;;;;;;;;;;;;
21.020521;65875204;2572;;;;;;;;;;;;;;
21.024068;65878751;2521;;;;;;;;;;;;;;
21.026568;65881251;2527;;;;;;;;;;;;;;
21.029068;65883751;2605;;;;;;;;;;;;;;
21.031568;65886251;2731;;;;;;;;;;;;;;
21.034068;65888751;2830;;;;;;;;;;;;;;
21.036568;65891251;2874;;;;;;;;;;;;;;
21.039068;65893751;2845;;;;;;;;;;;;;;
21.041568;65896251;2778;65897138;548.74;814.89;130.736;-2441.162;-1544.796;3043.367;65896700;1.629;671.668;-698.851;-1813.688;4322.174;9644.013
21.044068;65898751;2729;;;;;;;;;;;;;;
21.046568;65901251;2730;;;;;;;;;;;;;;
21.049068;65903751;2794;;;;;;;;;;;;;;
21.051568;65906251;2923;;;;;;;;;;;;;;
21.0535;65908183;3019;;;;;;;;;;;;;;
21.056;65910683;3052;;;;;;;;;;;;;;
21.0585;65913183;3021;;;;;;;;;;;;;;
21.061;65915683;2951;;;;;;;;;;;;;;
21.0635;65918183;2889;;;;;;;;;;;;;;
21.066;65920683;2891;;;;;;;;;;;;;;
21.0685;65923183;2957;;;;;;;;;;;;;;
21.071;65925683;3068;;;;;;;;;;;;;;
21.0735;65928183;3165;65928557;550.846;814.668;132.172;-2305.541;-1595.306;2938.011;65928122;7.587;674.197;-698.002;-1507.754;4090.752;9310.562
21.076;65930683;3194;;;;;;;;;;;;;;
21.0785;65933183;3149;;;;;;;;;;;;;;
21.081;65935683;3065;;;;;;;;;;;;;;
21.0835;65938183;3000;;;;;;;;;;;;;;
21.087127;65941810;2987;;;;;;;;;;;;;;
21.089627;65944310;3033;;;;;;;;;;;;;;
21.092127;65946810;3149;;;;;;;;;;;;;;
21.094627;65949310;3230;;;;;;;;;;;;;;
21.097127;65951810;3246;;;;;;;;;;;;;;
21.099627;65954310;3195;;;;;;;;;;;;;;
21.102127;65956810;3098;;;;;;;;;;;;;;
21.104627;65959310;3016;;;;;;;;;;;;;;
21.107127;65961810;2992;65961631;551.949;813.383;132.834;-2261.139;-1593.416;2786.736;65961193;14.436;676.184;-697.554;-1381.179;3826.277;9044.533
21.109627;65964310;3047;;;;;;;;;;;;;;
21.112127;65966810;3133;;;;;;;;;;;;;;
21.114627;65969310;3210;;;;;;;;;;;;;;
21.117127;65971810;3214;;;;;;;;;;;;;;
21.120858;65975541;3149;;;;;;;;;;;;;;
21.123358;65978041;3038;;;;;;;;;;;;;;
21.125858;65980541;2954;;;;;;;;;;;;;;
21.128358;65983041;2925;;;;;;;;;;;;;;
21.130858;65985541;2968;;;;;;;;;;;;;;
21.133358;65988041;3053;;;;;;;;;;;;;;
21.135858;65990541;3117;;;;;;;;;;;;;;
21.138358;65993041;3118;;;;;;;;;;;;;;
21.140858;65995541;3051;65994781;553.393;812.516;133.531;-2198.395;-1613.932;2648.711;65994346;19.985;677.682;-696.824;-1236.87;3658.151;8727.057
21.143358;65998041;2940;;;;;;;;;;;;;;
21.145858;66000541;2855;;;;;;;;;;;;;;
21.148358;66003041;2824;;;;;;;;;;;;;;
21.150858;66005541;2858;;;;;;;;;;;;;;
21.158475;66013158;3008;;;;;;;;;;;;;;
21.160975;66015658;3005;;;;;;;;;;;;;;
21.163475;66018158;2941;;;;;;;;;;;;;;
21.165975;66020658;2829;;;;;;;;;;;;;;
21.168475;66023158;2744;;;;;;;;;;;;;;
21.170975;66025658;2717;;;;;;;;;;;;;;
21.173475;66028158;2760;66027942;554.705;811.095;134.296;-2119.975;-1627.736;2483.901;66027504;25.36;679.19;-695.991;-1137.401;3527.306;8387.829
21.175975;66030658;2842;;;;;;;;;;;;;;
21.178475;66033158;2908;;;;;;;;;;;;;;
21.180975;66035658;2908;;;;;;;;;;;;;;
21.182447;66037130;2952;;;;;;;;;;;;;;
21.183475;66038158;2842;;;;;;;;;;;;;;
21.185975;66040658;2732;;;;;;;;;;;;;;
21.188106;66042789;2648;;;;;;;;;;;;;;
21.190606;66045289;2620;;;;;;;;;;;;;;
21.193106;66047789;2652;;;;;;;;;;;;;;
21.195606;66050289;2748;;;;;;;;;;;;;;
21.198106;66052789;2823;;;;;;;;;;;;;;
21.200606;66055289;2825;;;;;;;;;;;;;;
21.203106;66057789;2760;;;;;;;;;;;;;;
21.205606;66060289;2652;66061092;556.286;809.678;134.944;-2056.414;-1650.911;2341.768;66060654;30.668;681.001;-694.772;-1178.531;3430.566;8057.688
21.208106;66062789;2551;;;;;;;;;;;;;;
21.210606;66065289;2536;;;;;;;;;;;;;;
21.213106;66067789;2587;;;;;;;;;;;;;;
21.215606;66070289;2669;;;;;;;;;;;;;;
21.217643;66072326;2734;;;;;;;;;;;;;;
21.220143;66074826;2743;;;;;;;;;;;;;;
21.222643;66077326;2666;;;;;;;;;;;;;;
21.225143;66079826;2555;;;;;;;;;;;;;;
21.227643;66082326;2473;;;;;;;;;;;;;;
21.230143;66084826;2446;;;;;;;;;;;;;;
21.232643;66087326;2493;;;;;;;;;;;;;;
21.235143;66089826;2583;;;;;;;;;;;;;;
21.237643;66092326;2649;66092613;557.618;808.295;135.987;-1873.093;-1607.303;2277.18;66092171;36.119;682.014;-693.546;-1245.167;3329.475;7723.053
21.240143;66094826;2651;;;;;;;;;;;;;;
21.242643;66097326;2573;;;;;;;;;;;;;;
21.245143;66099826;2463;;;;;;;;;;;;;;
21.24761;66102293;2555;;;;;;;;;;;;;;
21.247643;66102326;2379;;;;;;;;;;;;;;
21.25011;66104793;2555;;;;;;;;;;;;;;
21.25261;66107293;2488;;;;;;;;;;;;;;
21.25511;66109793;2377;;;;;;;;;;;;;;
21.25761;66112293;2284;;;;;;;;;;;;;;
21.26011;66114793;2267;;;;;;;;;;;;;;
21.26261;66117293;2315;;;;;;;;;;;;;;
21.26511;66119793;2397;;;;;;;;;;;;;;
21.26761;66122293;2471;;;;;;;;;;;;;;
21.27011;66124793;2471;66125762;559.169;807.53;136.794;-1798.688;-1564.126;2236.383;66125323;41.054;683.037;-692.633;-1288.346;3218.126;7400.775
21.27261;66127293;2393;;;;;;;;;;;;;;
21.27511;66129793;2282;;;;;;;;;;;;;;
21.275333;66130016;2358;;;;;;;;;;;;;;
21.27761;66132293;2190;;;;;;;;;;;;;;
21.277833;66132516;2400;;;;;;;;;;;;;;
21.28011;66134793;2169;;;;;;;;;;;;;;
21.280333;66135016;2492;;;;;;;;;;;;;;
21.28261;66137293;2216;;;;;;;;;;;;;;
21.28511;66139793;2304;;;;;;;;;;;;;;
21.293857;66148540;2378;;;;;;;;;;;;;;
21.296357;66151040;2377;;;;;;;;;;;;;;
21.298857;66153540;2301;;;;;;;;;;;;;;
21.301357;66156040;2188;;;;;;;;;;;;;;
21.303857;66158540;2103;;;;;;;;;;;;;;
21.306357;66161040;2076;;;;;;;;;;;;;;
21.308857;66163540;2126;;;;;;;;;;;;;;
21.311357;66166040;2220;;;;;;;;;;;;;;
21.313857;66168540;2286;66168810;560.588;806.718;137.171;-1837.816;-1538.857;2203.752;66168372;45.784;684.417;-691.795;-1245.804;3120.22;7139.236
21.316357;66171040;2286;;;;;;;;;;;;;;
21.318857;66173540;2206;;;;;;;;;;;;;;
21.321357;66176040;2093;;;;;;;;;;;;;;
21.323857;66178540;1999;;;;;;;;;;;;;;
21.331476;66186159;1981;;;;;;;;;;;;;;
21.333976;66188659;2028;;;;;;;;;;;;;;
21.336476;66191159;2126;;;;;;;;;;;;;;
21.338976;66193659;2199;;;;;;;;;;;;;;
21.341476;66196159;2190;;;;;;;;;;;;;;
21.343976;66198659;2119;;;;;;;;;;;;;;
21.346476;66201159;1996;66201966;561.4;805.343;138.004;-1758.175;-1493.851;2146.939;66201531;49.979;685.863;-690.993;-1236.014;3056.959;6894.712
21.348976;66203659;1911;;;;;;;;;;;;;;
21.351476;66206159;1884;;;;;;;;;;;;;;
21.352861;66207544;2092;;;;;;;;;;;;;;
21.353976;66208659;1934;;;;;;;;;;;;;;
21.355361;66210044;2089;;;;;;;;;;;;;;
21.356476;66211159;2026;;;;;;;;;;;;;;
21.357861;66212544;2008;;;;;;;;;;;;;;
21.360361;66215044;1887;;;;;;;;;;;;;;
21.362861;66217544;1802;;;;;;;;;;;;;;
21.365361;66220044;1784;;;;;;;;;;;;;;
21.367861;66222544;1833;;;;;;;;;;;;;;
21.370361;66225044;1918;;;;;;;;;;;;;;
21.372861;66227544;1981;;;;;;;;;;;;;;
21.375361;66230044;1979;;;;;;;;;;;;;;
21.377861;66232544;1901;66231831;562.531;804.427;138.473;-1680.329;-1516.284;2100.842;66231393;54.05;687.511;-690.17;-1284.025;2944.798;6663.289
21.380361;66235044;1785;;;;;;;;;;;;;;
21.382861;66237544;1692;;;;;;;;;;;;;;
21.385361;66240044;1675;;;;;;;;;;;;;;
21.387861;66242544;1723;;;;;;;;;;;;;;
21.394789;66249472;1808;;;;;;;;;;;;;;
21.397289;66251972;1863;;;;;;;;;;;;;;
21.399789;66254472;1866;;;;;;;;;;;;;;
21.402289;66256972;1787;;;;;;;;;;;;;;
21.404789;66259472;1673;;;;;;;;;;;;;;
21.407289;66261972;1592;;;;;;;;;;;;;;
21.409789;66264472;1576;;;;;;;;;;;;;;
21.412289;66266972;1616;;;;;;;;66267842;58.405;689.235;-689.34;-1278.012;2803.683;6377.374
21.414789;66269472;1708;66268277;564.026;803.392;138.997;-1617.75;-1428.22;2033.425;;;;;;;
21.417289;66271972;1769;;;;;;;;;;;;;;
21.419789;66274472;1768;;;;;;;;;;;;;;
21.422289;66276972;1689;;;;;;;;;;;;;;
21.424789;66279472;1578;;;;;;;;;;;;;;
21.428458;66283141;1487;;;;;;;;;;;;;;
21.430958;66285641;1480;;;;;;;;;;;;;;
21.433458;66288141;1531;;;;;;;;;;;;;;
21.435958;66290641;1615;;;;;;;;;;;;;;
21.438458;66293141;1687;;;;;;;;;;;;;;
21.440958;66295641;1677;;;;;;;;;;;;;;
21.443458;66298141;1606;;;;;;;;;;;;;;
21.445958;66300641;1497;66301438;565.336;802.915;139.764;-1476.488;-1374.746;1960.191;66301000;62.439;690.318;-687.831;-1354.548;2677.499;6121.505
21.448458;66303141;1405;;;;;;;;;;;;;;
21.450958;66305641;1407;;;;;;;;;;;;;;
21.453458;66308141;1465;;;;;;;;;;;;;;
21.455958;66310641;1562;;;;;;;;;;;;;;
21.457947;66312630;1627;;;;;;;;;;;;;;
21.460447;66315130;1624;;;;;;;;;;;;;;
21.462947;66317630;1561;;;;;;;;;;;;;;
21.465447;66320130;1450;;;;;;;;;;;;;;
21.467947;66322630;1372;;;;;;;;;;;;;;
21.470447;66325130;1371;;;;;;;;;;;;;;
21.472947;66327630;1434;;;;;;;;;;;;;;
21.475447;66330130;1527;;;;;;;;;;;;;;
21.475639;66330322;1359;;;;;;;;;;;;;;
21.477947;66332630;1596;;;;;;;;66332508;66.064;690.719;-687.057;-1308.259;2549.312;5853.493
21.478139;66332822;1423;66332944;565.953;802.517;140.175;-1456.038;-1299.446;1903.307;;;;;;;
21.480447;66335130;1596;;;;;;;;;;;;;;
21.480639;66335322;1527;;;;;;;;;;;;;;
21.482947;66337630;1532;;;;;;;;;;;;;;
21.483139;66337822;1598;;;;;;;;;;;;;;
21.485447;66340130;1432;;;;;;;;;;;;;;
21.485639;66340322;1600;;;;;;;;;;;;;;
21.487947;66342630;1368;;;;;;;;;;;;;;
21.488139;66342822;1535;;;;;;;;;;;;;;
21.490639;66345322;1447;;;;;;;;;;;;;;
21.493139;66347822;1375;;;;;;;;;;;;;;
21.495639;66350322;1375;;;;;;;;;;;;;;
21.498139;66352822;1450;;;;;;;;;;;;;;
21.500639;66355322;1550;;;;;;;;;;;;;;
21.503139;66357822;1627;;;;;;;;;;;;;;
21.505639;66360322;1629;;;;;;;;;;;;;;
21.508139;66362822;1565;;;;;;;;;;;;;;
21.510639;66365322;1469;66366105;567.081;802.029;140.199;-1381.486;-1249.349;1845.329;66365666;69.397;691.795;-686.577;-1123.846;2410.034;5572.63
21.513139;66367822;1406;;;;;;;;;;;;;;
21.515639;66370322;1415;;;;;;;;;;;;;;
21.518139;66372822;1481;;;;;;;;;;;;;;
21.520639;66375322;1583;;;;;;;;;;;;;;
21.546157;66400840;1658;;;;;;;;;;;;;;
21.547001;66401684;1689;;;;;;;;;;;;;;
21.548657;66403340;1663;;;;;;;;;;;;;;
21.549501;66404184;1690;;;;;;;;;;;;;;
21.551157;66405840;1598;;;;;;;;;;;;;;
21.552001;66406684;1615;;;;;;;;;;;;;;
21.553657;66408340;1498;;;;;;;;66408716;72.522;692.646;-686.207;-1041.403;2313.594;5320.687
21.554501;66409184;1519;66409152;567.873;801.352;140.863;-1281.787;-1181.194;1787.187;;;;;;;
21.556157;66410840;1435;;;;;;;;;;;;;;
21.557001;66411684;1454;;;;;;;;;;;;;;
21.558657;66413340;1440;;;;;;;;;;;;;;
21.559501;66414184;1453;;;;;;;;;;;;;;
21.561157;66415840;1503;;;;;;;;;;;;;;
21.562001;66416684;1528;;;;;;;;;;;;;;
21.563657;66418340;1612;;;;;;;;;;;;;;
21.564501;66419184;1626;;;;;;;;;;;;;;
21.567001;66421684;1692;;;;;;;;;;;;;;
21.569501;66424184;1691;;;;;;;;;;;;;;
21.572001;66426684;1625;;;;;;;;;;;;;;
21.574501;66429184;1518;;;;;;;;;;;;;;
21.577001;66431684;1452;;;;;;;;;;;;;;
21.579501;66434184;1451;66434068;568.186;800.684;141.146;-1119.26;-1139.197;1741.578;66433629;75.233;693.644;-685.526;-897.896;2188.29;5072.59
21.582001;66436684;1516;;;;;;;;;;;;;;
21.584501;66439184;1624;;;;;;;;;;;;;;
21.587001;66441684;1688;;;;;;;;;;;;;;
21.589501;66444184;1677;;;;;;;;;;;;;;
21.60124;66455923;1610;;;;;;;;;;;;;;
21.60374;66458423;1504;;;;;;;;;;;;;;
21.60624;66460923;1438;;;;;;;;;;;;;;
21.60874;66463423;1436;;;;;;;;;;;;;;
21.61124;66465923;1502;;;;;;;;;;;;;;
21.61374;66468423;1598;;;;;;;;;;;;;;
21.61624;66470923;1672;;;;;;;;;;;;;;
21.61874;66473423;1657;;;;;;;;;;;;;;
21.62124;66475923;1580;66475376;569.252;800.135;141.452;-988.047;-1101.925;1678.999;66474940;78.389;694.854;-684.891;-807.501;2093.75;4842.585
21.62374;66478423;1481;;;;;;;;;;;;;;
21.62624;66480923;1407;;;;;;;;;;;;;;
21.62874;66483423;1405;;;;;;;;;;;;;;
21.63124;66485923;1471;;;;;;;;;;;;;;
21.642701;66497384;1564;;;;;;;;;;;;;;
21.645201;66499884;1628;;;;;;;;;;;;;;
21.647701;66502384;1623;;;;;;;;;;;;;;
21.650201;66504884;1544;;;;;;;;;;;;;;
21.6516;66506283;1595;;;;;;;;;;;;;;
21.652701;66507384;1439;;;;;;;;66507925;80.948;696.394;-684.52;-779.813;1996.063;4630.206
21.6541;66508783;1591;66508363;569.85;800.218;142.077;-896.207;-1085.328;1619.112;;;;;;;
21.655201;66509884;1372;;;;;;;;;;;;;;
21.6566;66511283;1513;;;;;;;;;;;;;;
21.657701;66512384;1373;;;;;;;;;;;;;;
21.6591;66513783;1416;;;;;;;;;;;;;;
21.660201;66514884;1437;;;;;;;;;;;;;;
21.6616;66516283;1342;;;;;;;;;;;;;;
21.662701;66517384;1530;;;;;;;;;;;;;;
21.6641;66518783;1352;;;;;;;;;;;;;;
21.6666;66521283;1420;;;;;;;;;;;;;;
21.6691;66523783;1515;;;;;;;;;;;;;;
21.6716;66526283;1591;;;;;;;;;;;;;;
21.6741;66528783;1579;;;;;;;;;;;;;;
21.6766;66531283;1503;;;;;;;;;;;;;;
21.6791;66533783;1416;66534746;570.637;800.174;142.348;-932.772;-1024.937;1533.344;66534311;83.665;697.467;-683.582;-803.385;1889.697;4440.696
21.6816;66536283;1353;;;;;;;;;;;;;;
21.6841;66538783;1359;;;;;;;;;;;;;;
21.6866;66541283;1433;;;;;;;;;;;;;;
21.6891;66543783;1533;;;;;;;;;;;;;;
21.697415;66552098;1611;;;;;;;;;;;;;;
21.699915;66554598;1607;;;;;;;;;;;;;;
21.702415;66557098;1536;;;;;;;;;;;;;;
21.704915;66559598;1448;;;;;;;;;;;;;;
21.707415;66562098;1391;;;;;;;;;;;;;;
21.709915;66564598;1403;;;;;;;;;;;;;;
21.712415;66567098;1481;;;;;;;;;;;;;;
21.714915;66569598;1592;;;;;;;;;;;;;;
21.717415;66572098;1661;66572682;571.434;799.712;142.502;-987.196;-964.065;1411.614;66572244;86.735;697.986;-682.343;-821.841;1849.025;4253.661
21.719915;66574598;1672;;;;;;;;;;;;;;
21.722415;66577098;1598;;;;;;;;;;;;;;
21.724915;66579598;1512;;;;;;;;;;;;;;
21.727415;66582098;1456;;;;;;;;;;;;;;
21.734822;66589505;1480;;;;;;;;;;;;;;
21.737322;66592005;1561;;;;;;;;;;;;;;
21.739822;66594505;1672;;;;;;;;;;;;;;
21.742322;66597005;1752;;;;;;;;;;;;;;
21.744822;66599505;1752;;;;;;;;;;;;;;
21.747322;66602005;1689;;;;;;;;;;;;;;
21.749822;66604505;1599;66605572;572.076;798.711;142.642;-827.148;-916.737;1303.846;66605136;89.59;697.637;-681.788;-675.749;1914.511;4061.978
21.752322;66607005;1548;;;;;;;;;;;;;;
21.754822;66609505;1564;;;;;;;;;;;;;;
21.755946;66610629;1838;;;;;;;;;;;;;;
21.757322;66612005;1648;;;;;;;;;;;;;;
21.758446;66613129;1846;;;;;;;;;;;;;;
21.759822;66614505;1768;;;;;;;;;;;;;;
21.760946;66615629;1784;;;;;;;;;;;;;;
21.763446;66618129;1691;;;;;;;;;;;;;;
21.765946;66620629;1643;;;;;;;;;;;;;;
21.768446;66623129;1660;;;;;;;;;;;;;;
21.770946;66625629;1740;;;;;;;;;;;;;;
21.773446;66628129;1855;;;;;;;;;;;;;;
21.775946;66630629;1931;;;;;;;;;;;;;;
21.778446;66633129;1932;;;;;;;;;;;;;;
21.780946;66635629;1866;66635176;572.392;798.7;142.769;-686.479;-833.712;1236.466;66634738;91.802;697.873;-681.541;-255.649;1915.91;3845.317
21.781543;66636226;1950;;;;;;;;;;;;;;
21.783446;66638129;1775;;;;;;;;;;;;;;
21.784043;66638726;2010;;;;;;;;;;;;;;
21.785946;66640629;1720;;;;;;;;;;;;;;
21.786543;66641226;2008;;;;;;;;;;;;;;
21.788446;66643129;1740;;;;;;;;;;;;;;
21.789043;66643726;1933;;;;;;;;;;;;;;
21.790946;66645629;1822;;;;;;;;;;;;;;
21.791543;66646226;1846;;;;;;;;;;;;;;
21.794043;66648726;1787;;;;;;;;;;;;;;
21.796543;66651226;1800;;;;;;;;;;;;;;
21.799043;66653726;1884;;;;;;;;;;;;;;
21.801543;66656226;1995;;;;;;;;;;;;;;
21.804043;66658726;2064;;;;;;;;;;;;;;
21.806543;66661226;2059;;;;;;;;;;;;;;
21.809043;66663726;1980;;;;;;;;;;;;;;
21.811543;66666226;1882;;;;;;;;;;;;;;
21.814043;66668726;1819;;;;;;;;;;;;;;
21.816543;66671226;1834;66671362;573.052;798.049;142.426;-646.467;-764.464;1138.767;66670926;94.136;698.548;-680.752;161.821;1893.615;3649.988
21.819043;66673726;1911;;;;;;;;;;;;;;
21.821543;66676226;2010;;;;;;;;;;;;;;
21.824043;66678726;2076;;;;;;;;;;;;;;
21.826543;66681226;2062;;;;;;;;;;;;;;
21.848508;66703191;2047;;;;;;;;;;;;;;
21.851008;66705691;2027;;;;;;;;;;;;;;
21.853508;66708191;1949;;;;;;;;;;;;;;
21.855744;66710427;1982;;;;;;;;;;;;;;
21.856008;66710691;1838;;;;;;;;;;;;;;
21.858244;66712927;1880;;;;;;;;;;;;;;
21.858508;66713191;1774;66714072;573.979;797.717;142.844;-571.269;-799.304;1013.579;66713634;96.889;698.317;-680.41;538.293;1945.059;3501.614
21.860744;66715427;1815;;;;;;;;;;;;;;
21.861008;66715691;1784;;;;;;;;;;;;;;
21.863244;66717927;1822;;;;;;;;;;;;;;
21.863508;66718191;1852;;;;;;;;;;;;;;
21.865744;66720427;1897;;;;;;;;;;;;;;
21.866008;66720691;1946;;;;;;;;;;;;;;
21.868244;66722927;1993;;;;;;;;;;;;;;
21.868508;66723191;1997;;;;;;;;;;;;;;
21.871008;66725691;1982;;;;;;;;;;;;;;
21.873508;66728191;1884;;;;;;;;;;;;;;
21.876008;66730691;1787;;;;;;;;;;;;;;
21.878508;66733191;1722;;;;;;;;;;;;;;
21.881874;66736557;1724;;;;;;;;;;;;;;
21.884374;66739057;1800;;;;;;;;;;;;;;
21.886874;66741557;1896;;;;;;;;;;;;;;
21.889374;66744057;1934;;;;;;;;;;;;;;
21.891874;66746557;1931;;;;;;;;;;;;;;
21.894374;66749057;1852;;;;;;;;;;;;;;
21.896874;66751557;1741;;;;;;;;;;;;;;
21.899374;66754057;1678;;;;;;;;;;;;;;
21.901874;66756557;1693;66756772;574.468;796.499;143.309;-886.58;-829.776;930.525;66756333;99.938;699.349;-679.916;773.44;1891.994;3545.283
21.904374;66759057;1767;;;;;;;;;;;;;;
21.906874;66761557;1866;;;;;;;;;;;;;;
21.909374;66764057;1918;;;;;;;;;;;;;;
21.911874;66766557;1902;;;;;;;;;;;;;;
21.915256;66769939;1822;;;;;;;;;;;;;;
21.917756;66772439;1722;;;;;;;;;;;;;;
21.920256;66774939;1660;;;;;;;;;;;;;;
21.922756;66777439;1671;;;;;;;;;;;;;;
21.925256;66779939;1743;;;;;;;;;;;;;;
21.927756;66782439;1850;;;;;;;;;;;;;;
21.930256;66784939;1902;;;;;;;;;;;;;;
21.932756;66787439;1884;;;;;;;;;;;;;;
21.935256;66789939;1801;66789503;574.726;795.013;143.402;-1087.689;-662.725;888.374;66789061;102.694;698.413;-680.269;884.831;1867.831;3527.706
21.937756;66792439;1707;;;;;;;;;;;;;;
21.940256;66794939;1646;;;;;;;;;;;;;;
21.942756;66797439;1669;;;;;;;;;;;;;;
21.945256;66799939;1749;;;;;;;;;;;;;;
21.952757;66807440;1911;;;;;;;;;;;;;;
21.955257;66809940;1896;;;;;;;;;;;;;;
21.957757;66812440;1818;;;;;;;;;;;;;;
21.960257;66814940;1720;;;;;;;;;;;;;;
21.962757;66817440;1662;;;;;;;;;;;;;;
21.965257;66819940;1678;;;;;;;;;;;;;;
21.967757;66822440;1769;66822392;574.483;793.46;143.18;-1178.554;-543.838;884.643;66821953;105.465;698.232;-680.214;1291.214;1626.565;3406.009
21.970257;66824940;1869;;;;;;;;;;;;;;
21.972757;66827440;1930;;;;;;;;;;;;;;
21.975257;66829940;1918;;;;;;;;;;;;;;
21.976713;66831396;1850;;;;;;;;;;;;;;
21.977757;66832440;1847;;;;;;;;;;;;;;
21.980257;66834940;1742;;;;;;;;;;;;;;
21.98211;66836793;1690;;;;;;;;;;;;;;
21.98461;66839293;1709;;;;;;;;;;;;;;
21.98711;66841793;1788;;;;;;;;;;;;;;
21.98961;66844293;1904;;;;;;;;;;;;;;
21.99211;66846793;1967;;;;;;;;;;;;;;
21.99461;66849293;1961;;;;;;;;;;;;;;
21.99711;66851793;1888;;;;;;;;;;;;;;
21.99961;66854293;1799;66855370;575.258;793.248;143.677;-694.814;-538.084;857.036;66854932;108.317;695.37;-680.089;2162.029;1506.737;3189.771
22.00211;66856793;1752;;;;;;;;;;;;;;
22.00461;66859293;1782;;;;;;;;;;;;;;
22.00711;66861793;1864;;;;;;;;;;;;;;
22.00961;66864293;1976;;;;;;;;;;;;;;
22.011385;66866068;2041;;;;;;;;;;;;;;
22.013885;66868568;2028;;;;;;;;;;;;;;
22.016385;66871068;1959;;;;;;;;;;;;;;
22.018885;66873568;1855;;;;;;;;;;;;;;
22.021385;66876068;1816;;;;;;;;;;;;;;
22.023885;66878568;1837;;;;;;;;;;;;;;
22.026385;66881068;1930;;;;;;;;;;;;;;
22.028885;66883568;2041;;;;;;;;;;;;;;
22.031385;66886068;2106;66886621;576.312;792.357;144.356;-472.386;-525.617;840.434;66886185;110.538;693.45;-682.184;3365.552;1430.962;2884.157
22.033885;66888568;2093;;;;;;;;;;;;;;
22.036385;66891068;2024;;;;;;;;;;;;;;
22.038885;66893568;1929;;;;;;;;;;;;;;
22.041385;66896068;1880;;;;;;;;;;;;;;
22.057087;66911770;2172;;;;;;;;;;;;;;
22.059587;66914270;2167;;;;;;;;;;;;;;
22.062087;66916770;2088;;;;;;;;;;;;;;
22.064587;66919270;1992;66919522;576.209;791.322;144.116;-227.829;-615.274;770.85;66919083;112.502;694.371;-685.072;4641.024;1116.602;2566.699
22.067087;66921770;1945;;;;;;;;;;;;;;
22.068729;66923412;1902;;;;;;;;;;;;;;
22.069587;66924270;1966;;;;;;;;;;;;;;
22.071229;66925912;1996;;;;;;;;;;;;;;
22.072087;66926770;2061;;;;;;;;;;;;;;
22.073729;66928412;2109;;;;;;;;;;;;;;
22.074587;66929270;2183;;;;;;;;;;;;;;
22.077087;66931770;2246;;;;;;;;;;;;;;
22.077838;66932521;2154;;;;;;;;;;;;;;
22.079587;66934270;2232;;;;;;;;;;;;;;
22.080338;66935021;2059;;;;;;;;;;;;;;
22.082838;66937521;2010;;;;;;;;;;;;;;
22.085338;66940021;2040;;;;;;;;;;;;;;
22.087838;66942521;2136;;;;;;;;;;;;;;
22.090338;66945021;2250;;;;;;;;;;;;;;
22.092838;66947521;2313;;;;;;;;;;;;;;
22.095338;66950021;2298;;;;;;;;;;;;;;
22.097838;66952521;2219;66952411;577.051;792.681;143.291;53.062;-830.385;576.12;66951972;112.514;696.899;-688.138;5363.161;688.022;2150.489
22.100338;66955021;2125;;;;;;;;;;;;;;
22.102838;66957521;2077;;;;;;;;;;;;;;
22.105338;66960021;2105;;;;;;;;;;;;;;
22.107838;66962521;2200;;;;;;;;;;;;;;
22.111063;66965746;2301;;;;;;;;;;;;;;
22.113563;66968246;2361;;;;;;;;;;;;;;
22.116063;66970746;2343;;;;;;;;;;;;;;
22.118563;66973246;2255;;;;;;;;;;;;;;
22.121063;66975746;2158;;;;;;;;;;;;;;
22.123563;66978246;2109;;;;;;;;;;;;;;
22.126063;66980746;2127;;;;;;;;;;;;;;
22.128563;66983246;2217;;;;;;;;;;;;;;
22.131063;66985746;2317;66985057;578.771;794.429;145.575;461.222;-901.741;348.689;66984613;114.739;697.849;-691.264;5550.44;115.933;1745.902
22.133563;66988246;2367;;;;;;;;;;;;;;
22.136063;66990746;2347;;;;;;;;;;;;;;
22.138563;66993246;2264;;;;;;;;;;;;;;
22.141063;66995746;2157;;;;;;;;;;;;;;
22.144919;66999602;2350;;;;;;;;;;;;;;
22.147419;67002102;2328;;;;;;;;;;;;;;
22.149919;67004602;2234;;;;;;;;;;;;;;
22.152419;67007102;2126;;;;;;;;;;;;;;
22.154919;67009602;2064;;;;;;;;;;;;;;
22.157419;67012102;2089;;;;;;;;;;;;;;
22.159919;67014602;2169;;;;;;;;;;;;;;
22.162419;67017102;2263;67017771;578.533;796.511;146.288;305.161;-789.716;158.879;67017332;114.681;699.55;-694.411;5196.355;-386.864;1486.232
22.164351;67019034;2105;;;;;;;;;;;;;;
22.164919;67019602;2304;;;;;;;;;;;;;;
22.166851;67021534;2124;;;;;;;;;;;;;;
22.167419;67022102;2280;;;;;;;;;;;;;;
22.169351;67024034;2204;;;;;;;;;;;;;;
22.169919;67024602;2185;;;;;;;;;;;;;;
22.171851;67026534;2302;;;;;;;;;;;;;;
22.172419;67027102;2075;;;;;;;;;;;;;;
22.174919;67029602;2014;;;;;;;;;;;;;;
22.177419;67032102;2027;;;;;;;;;;;;;;
22.179919;67034602;2109;;;;;;;;;;;;;;
22.186741;67041424;2207;;;;;;;;;;;;;;
22.189241;67043924;2253;;;;;;;;;;;;;;
22.191741;67046424;2219;;;;;;;;;;;;;;
22.194241;67048924;2122;;;;;;;;;;;;;;
22.196741;67051424;2012;;;;;;;;;;;;;;
22.199241;67053924;1958;;;;;;;;;;;;;;
22.201741;67056424;1966;;;;;;;;;;;;;;
22.204241;67058924;2043;;;;;;;;67060034;114.669;696.146;-695.247;4643.85;-925.77;1239.983
22.206741;67061424;2139;67060472;578.472;797.488;146.531;-181.285;-554.668;-45.502;;;;;;;
22.209241;67063924;2186;;;;;;;;;;;;;;
22.211741;67066424;2152;;;;;;;;;;;;;;
22.214241;67068924;2046;;;;;;;;;;;;;;
22.216741;67071424;1935;;;;;;;;;;;;;;
22.220203;67074886;1879;;;;;;;;;;;;;;
22.222703;67077386;1896;;;;;;;;;;;;;;
22.225203;67079886;1976;;;;;;;;;;;;;;
22.227703;67082386;2063;;;;;;;;;;;;;;
22.230203;67084886;2110;;;;;;;;;;;;;;
22.232703;67087386;2088;;;;;;;;;;;;;;
22.235203;67089886;1992;;;;;;;;;;;;;;
22.237703;67092386;1882;67093368;578.535;795.989;146.061;-419.408;-324.81;-268.102;67092932;115.968;690.137;-695.029;4752.908;-1397.919;903.671
22.240203;67094886;1834;;;;;;;;;;;;;;
22.242703;67097386;1854;;;;;;;;;;;;;;
22.245203;67099886;1933;;;;;;;;;;;;;;
22.247703;67102386;2027;;;;;;;;;;;;;;
22.249558;67104241;2078;;;;;;;;;;;;;;
22.252058;67106741;2048;;;;;;;;;;;;;;
22.254558;67109241;1962;;;;;;;;;;;;;;
22.257058;67111741;1855;;;;;;;;;;;;;;
22.259558;67114241;1820;;;;;;;;;;;;;;
22.262058;67116741;1835;;;;;;;;;;;;;;
22.264558;67119241;1926;;;;;;;;;;;;;;
22.267058;67121741;2025;;;;;;;;;;;;;;
22.269558;67124241;2074;67124710;577.937;794.614;146.054;-468.0;-226.319;-388.135;67124272;116.581;688.125;-696.134;5361.825;-1624.211;559.675
22.272058;67126741;2045;;;;;;;;;;;;;;
22.274558;67129241;1961;;;;;;;;;;;;;;
22.277058;67131741;1868;;;;;;;;;;;;;;
22.279558;67134241;1819;;;;;;;;;;;;;;
22.283014;67137697;1848;;;;;;;;;;;;;;
22.285514;67140197;1935;;;;;;;;;;;;;;
22.288014;67142697;2041;;;;;;;;;;;;;;
22.290514;67145197;2090;;;;;;;;;;;;;;
22.293014;67147697;2063;;;;;;;;;;;;;;
22.295514;67150197;1978;;;;;;;;;;;;;;
22.298014;67152697;1883;;;;;;;;;;;;;;
22.300514;67155197;1837;;;;;;;;;;;;;;
22.303014;67157697;1868;67157687;577.832;793.349;145.693;-536.475;-179.128;-508.29;67157251;116.346;687.598;-696.951;5283.608;-1939.813;308.566
22.305514;67160197;1960;;;;;;;;;;;;;;
22.308014;67162697;2063;;;;;;;;;;;;;;
22.310514;67165197;2123;;;;;;;;;;;;;;
22.313014;67167697;2091;;;;;;;;;;;;;;
22.316511;67171194;2008;;;;;;;;;;;;;;
22.319011;67173694;1912;;;;;;;;;;;;;;
22.321511;67176194;1865;;;;;;;;;;;;;;
22.324011;67178694;1898;;;;;;;;;;;;;;
22.326511;67181194;1992;;;;;;;;;;;;;;
22.329011;67183694;2092;;;;;;;;;;;;;;
22.331511;67186194;2150;;;;;;;;;;;;;;
22.334011;67188694;2120;;;;;;;;;;;;;;
22.336511;67191194;2028;67190674;577.915;792.362;145.74;-636.089;-275.172;-523.563;67190236;116.964;685.127;-697.734;4640.99;-2128.947;108.076
22.339011;67193694;1934;;;;;;;;;;;;;;
22.341511;67196194;1895;;;;;;;;;;;;;;
22.344011;67198694;1927;;;;;;;;;;;;;;
22.346511;67201194;2014;;;;;;;;;;;;;;
22.353843;67208526;2170;;;;;;;;;;;;;;
22.356343;67211026;2142;;;;;;;;;;;;;;
22.358843;67213526;2057;;;;;;;;;;;;;;
22.361343;67216026;1963;;;;;;;;;;;;;;
22.363843;67218526;1918;;;;;;;;;;;;;;
22.366343;67221026;1950;;;;;;;;;;;;;;
22.368843;67223526;2044;67223651;578.007;791.442;146.133;-694.41;-395.726;-438.323;67223215;116.825;681.822;-697.294;3851.128;-2118.75;6.422
22.371343;67226026;2152;;;;;;;;;;;;;;
22.373843;67228526;2203;;;;;;;;;;;;;;
22.376343;67231026;2172;;;;;;;;;;;;;;
22.377818;67232501;2124;;;;;;;;;;;;;;
22.378843;67233526;2088;;;;;;;;;;;;;;
22.381343;67236026;1992;;;;;;;;;;;;;;
22.383215;67237898;1946;;;;;;;;;;;;;;
22.385715;67240398;1979;;;;;;;;;;;;;;
22.388215;67242898;2064;;;;;;;;;;;;;;
22.390715;67245398;2168;;;;;;;;;;;;;;
22.393215;67247898;2217;;;;;;;;;;;;;;
22.395715;67250398;2186;;;;;;;;;;;;;;
22.398215;67252898;2093;;;;;;;;;;;;;;
22.400715;67255398;1995;67256458;577.49;791.685;147.458;-736.252;-451.189;-306.594;67256020;115.608;681.8;-696.205;3018.947;-2050.438;13.538
22.403215;67257898;1950;;;;;;;;;;;;;;
22.405715;67260398;1980;;;;;;;;;;;;;;
22.408215;67262898;2075;;;;;;;;;;;;;;
22.410715;67265398;2172;;;;;;;;;;;;;;
22.412655;67267338;2219;;;;;;;;;;;;;;
22.415155;67269838;2187;;;;;;;;;;;;;;
22.417655;67272338;2102;;;;;;;;;;;;;;
22.420155;67274838;1998;;;;;;;;;;;;;;
22.422655;67277338;1960;;;;;;;;;;;;;;
22.425155;67279838;1992;;;;;;;;;;;;;;
22.427655;67282338;2088;;;;;;;;;;;;;;
22.430155;67284838;2184;;;;;;;;;;;;;;
22.432655;67287338;2230;67287710;577.084;792.635;148.967;-1139.126;-424.255;-189.764;67287274;114.799;682.022;-696.0;1898.499;-1971.103;206.674
22.435155;67289838;2191;;;;;;;;;;;;;;
22.437655;67292338;2096;;;;;;;;;;;;;;
22.440155;67294838;1998;;;;;;;;;;;;;;
22.442655;67297338;1960;;;;;;;;;;;;;;
22.458349;67313032;2217;;;;;;;;;;;;;;
22.460849;67315532;2183;;;;;;;;;;;;;;
22.463349;67318032;2089;;;;;;;;;;;;;;
22.465849;67320532;1991;67320784;578.047;792.507;150.29;-1891.983;-401.292;-31.526;67320345;114.799;683.655;-695.616;263.137;-1994.61;692.028
22.468349;67323032;1934;;;;;;;;;;;;;;
22.470031;67324714;1983;;;;;;;;;;;;;;
22.470849;67325532;1965;;;;;;;;;;;;;;
22.472531;67327214;2077;;;;;;;;;;;;;;
22.473349;67328032;2057;;;;;;;;;;;;;;
22.475031;67329714;2174;;;;;;;;;;;;;;
22.475849;67330532;2151;;;;;;;;;;;;;;
22.478349;67333032;2187;;;;;;;;;;;;;;
22.479686;67334369;2046;;;;;;;;;;;;;;
22.480849;67335532;2154;;;;;;;;;;;;;;
22.482186;67336869;1946;;;;;;;;;;;;;;
22.484686;67339369;1900;;;;;;;;;;;;;;
22.487186;67341869;1930;;;;;;;;;;;;;;
22.489686;67344369;2013;;;;;;;;;;;;;;
22.492186;67346869;2107;;;;;;;;;;;;;;
22.494686;67349369;2143;;;;;;;;;;;;;;
22.497186;67351869;2104;;;;;;;;;;;;;;
22.499686;67354369;1997;67353673;578.241;791.83;152.078;-2797.071;-424.103;220.738;67353234;114.025;688.122;-694.428;-2812.083;-2262.38;1309.739
22.502186;67356869;1898;;;;;;;;;;;;;;
22.504686;67359369;1850;;;;;;;;;;;;;;
22.507186;67361869;1880;;;;;;;;;;;;;;
22.509686;67364369;1962;;;;;;;;;;;;;;
22.513368;67368051;2045;;;;;;;;;;;;;;
22.515868;67370551;2078;;;;;;;;;;;;;;
22.518368;67373051;2030;;;;;;;;;;;;;;
22.520868;67375551;1932;;;;;;;;;;;;;;
22.523368;67378051;1832;;;;;;;;;;;;;;
22.525868;67380551;1785;;;;;;;;;;;;;;
22.528368;67383051;1806;;;;;;;;;;;;;;
22.530868;67385551;1887;;;;;;;;67386396;113.24;690.493;-693.415;-6635.666;-2443.261;1967.877
22.533368;67388051;1980;67386838;577.761;792.053;154.747;-4009.53;-535.46;481.826;;;;;;;
22.535868;67390551;2012;;;;;;;;;;;;;;
22.538368;67393051;1967;;;;;;;;;;;;;;
22.540868;67395551;1869;;;;;;;;;;;;;;
22.543368;67398051;1772;;;;;;;;;;;;;;
22.54757;67402253;1966;;;;;;;;;;;;;;
22.55007;67404753;1930;;;;;;;;;;;;;;
22.55257;67407253;1835;;;;;;;;;;;;;;
22.55507;67409753;1750;;;;;;;;;;;;;;
22.55757;67412253;1706;;;;;;;;;;;;;;
22.56007;67414753;1740;;;;;;;;;;;;;;
22.56257;67417253;1834;;;;;;;;;;;;;;
22.56507;67419753;1920;67419992;576.848;793.254;158.575;-5195.054;-578.687;794.609;67419549;112.952;690.543;-692.63;-10184.945;-2999.223;2932.17
22.567054;67421737;1726;;;;;;;;;;;;;;
22.56757;67422253;1963;;;;;;;;;;;;;;
22.569554;67424237;1758;;;;;;;;;;;;;;
22.57007;67424753;1928;;;;;;;;;;;;;;
22.572054;67426737;1848;;;;;;;;;;;;;;
22.57257;67427253;1834;;;;;;;;;;;;;;
22.574554;67429237;1932;;;;;;;;;;;;;;
22.57507;67429753;1742;;;;;;;;;;;;;;
22.57757;67432253;1706;;;;;;;;;;;;;;
22.58007;67434753;1742;;;;;;;;;;;;;;
22.58257;67437253;1837;;;;;;;;;;;;;;
22.589805;67444488;1932;;;;;;;;;;;;;;
22.592305;67446988;1978;;;;;;;;;;;;;;
22.594805;67449488;1945;;;;;;;;;;;;;;
22.597305;67451988;1849;;;;;;;;;;;;;;
22.599805;67454488;1758;;;;;;;;;;;;;;
22.602305;67456988;1725;;;;;;;;;;;;;;
22.604805;67459488;1771;;;;;;;;;;;;;;
22.607305;67461988;1867;67463123;575.053;793.351;158.106;-7772.051;-1258.065;856.817;67462685;110.037;694.653;-690.481;-13272.386;-4057.636;4213.999
22.609805;67464488;1964;;;;;;;;;;;;;;
22.612305;67466988;2008;;;;;;;;;;;;;;
22.614805;67469488;1966;;;;;;;;;;;;;;
22.617305;67471988;1882;;;;;;;;;;;;;;
22.619805;67474488;1791;;;;;;;;;;;;;;
22.623731;67478414;1759;;;;;;;;;;;;;;
22.626231;67480914;1805;;;;;;;;;;;;;;
22.628731;67483414;1902;;;;;;;;;;;;;;
22.631231;67485914;1996;;;;;;;;;;;;;;
22.633731;67488414;2042;;;;;;;;;;;;;;
22.636231;67490914;2007;;;;;;;;;;;;;;
22.638731;67493414;1912;;;;;;;;;;;;;;
22.641231;67495914;1831;67496452;573.183;793.388;158.735;-9139.573;-2123.974;1069.913;67496017;108.366;697.246;-685.603;-16384.828;-4968.63;5375.736
22.643731;67498414;1790;;;;;;;;;;;;;;
22.646231;67500914;1834;;;;;;;;;;;;;;
22.648731;67503414;1931;;;;;;;;;;;;;;
22.651231;67505914;2028;;;;;;;;;;;;;;
22.653426;67508109;2072;;;;;;;;;;;;;;
22.655926;67510609;2028;;;;;;;;;;;;;;
22.658426;67513109;1918;;;;;;;;;;;;;;
22.660926;67515609;1836;;;;;;;;;;;;;;
22.663426;67518109;1802;;;;;;;;;;;;;;
22.665926;67520609;1846;;;;;;;;;;;;;;
22.668426;67523109;1933;;;;;;;;;;;;;;
22.670926;67525609;2026;;;;;;;;;;;;;;
22.673426;67528109;2059;67528229;570.473;798.011;162.431;-9878.72;-3021.838;767.918;67527791;105.242;700.899;-680.999;-19077.836;-5762.761;6843.387
22.675926;67530609;2012;;;;;;;;;;;;;;
22.678426;67533109;1912;;;;;;;;;;;;;;
22.680926;67535609;1817;;;;;;;;;;;;;;
22.683426;67538109;1774;;;;;;;;;;;;;;
22.687374;67542057;1815;;;;;;;;;;;;;;
22.689874;67544557;1901;;;;;;;;;;;;;;
22.692374;67547057;1992;;;;;;;;;;;;;;
22.694874;67549557;2023;;;;;;;;;;;;;;
22.697374;67552057;1966;;;;;;;;;;;;;;
22.699874;67554557;1865;;;;;;;;;;;;;;
22.702374;67557057;1768;;;;;;;;;;;;;;
22.704874;67559557;1721;;;;;;;;;;;;;;
22.707374;67562057;1756;67561553;567.691;800.792;165.619;-10811.908;-3897.558;326.584;67561117;103.237;707.572;-672.307;-21150.568;-7008.06;8358.404
22.709874;67564557;1837;;;;;;;;;;;;;;
22.712374;67567057;1920;;;;;;;;;;;;;;
22.714874;67569557;1947;;;;;;;;;;;;;;
22.717374;67572057;1896;;;;;;;;;;;;;;
22.721337;67576020;1783;;;;;;;;;;;;;;
22.723837;67578520;1688;;;;;;;;;;;;;;
22.726337;67581020;1640;;;;;;;;;;;;;;
22.728837;67583520;1673;;;;;;;;;;;;;;
22.731337;67586020;1754;;;;;;;;;;;;;;
22.733837;67588520;1834;;;;;;;;;;;;;;
22.736337;67591020;1850;;;;;;;;;;;;;;
22.738837;67593520;1791;;;;;;;;67594536;103.98;715.327;-662.64;-22904.852;-7884.844;9813.859
22.741337;67596020;1688;67594974;566.72;801.598;168.068;-11909.312;-4940.368;-307.933;;;;;;;
22.743462;67598145;1759;;;;;;;;;;;;;;
22.743837;67598520;1582;;;;;;;;;;;;;;
22.745962;67600645;1707;;;;;;;;;;;;;;
22.746337;67601020;1547;;;;;;;;;;;;;;
22.748462;67603145;1598;;;;;;;;;;;;;;
22.748837;67603520;1577;;;;;;;;;;;;;;
22.750962;67605645;1500;;;;;;;;;;;;;;
22.751337;67606020;1659;;;;;;;;;;;;;;
22.753462;67608145;1464;;;;;;;;;;;;;;
22.755962;67610645;1498;;;;;;;;;;;;;;
22.758462;67613145;1583;;;;;;;;;;;;;;
22.760962;67615645;1662;;;;;;;;;;;;;;
22.763462;67618145;1688;;;;;;;;;;;;;;
22.765962;67620645;1629;;;;;;;;;;;;;;
22.768462;67623145;1527;;;;;;;;;;;;;;
22.770962;67625645;1422;;;;;;;;;;;;;;
22.773462;67628145;1398;67628471;565.377;801.107;170.309;-12989.034;-5913.537;-891.911;67628036;103.484;723.175;-651.596;-24395.984;-8611.914;11144.041
22.775962;67630645;1423;;;;;;;;;;;;;;
22.778462;67633145;1515;;;;;;;;;;;;;;
22.780962;67635645;1599;;;;;;;;;;;;;;
22.783387;67638070;1739;;;;;;;;;;;;;;
22.783462;67638145;1615;;;;;;;;;;;;;;
22.785962;67640645;1565;;;;;;;;;;;;;;
22.798517;67653200;1455;;;;;;;;;;;;;;
22.801017;67655700;1369;;;;;;;;;;;;;;
22.803517;67658200;1324;;;;;;;;;;;;;;
22.806017;67660700;1359;;;;;;;;;;;;;;
22.808517;67663200;1451;;;;;;;;;;;;;;
22.811017;67665700;1519;;;;;;;;;;;;;;
22.813517;67668200;1534;;;;;;;;;;;;;;
22.816017;67670700;1479;;;;;;;;67671519;106.716;728.527;-639.482;-25183.436;-9239.631;12090.089
22.818517;67673200;1367;67671957;565.143;798.969;172.481;-13881.77;-6757.11;-1547.315;;;;;;;
22.821017;67675700;1260;;;;;;;;;;;;;;
22.823517;67678200;1225;;;;;;;;;;;;;;
22.826017;67680700;1246;;;;;;;;;;;;;;
22.828517;67683200;1321;;;;;;;;;;;;;;
22.840667;67695350;1387;;;;;;;;;;;;;;
22.843167;67697850;1387;;;;;;;;;;;;;;
22.845667;67700350;1311;;;;;;;;;;;;;;
22.848167;67702850;1193;;;;;;;;;;;;;;
22.850357;67705040;1116;;;;;;;;;;;;;;
22.850667;67705350;1084;67705634;565.745;797.384;176.984;-14399.993;-7654.755;-2152.449;67705198;112.964;733.221;-625.997;-25181.639;-9822.837;12942.459
22.852857;67707540;1006;;;;;;;;;;;;;;
22.853167;67707850;1033;;;;;;;;;;;;;;
22.855357;67710040;861;;;;;;;;;;;;;;
22.855667;67710350;1048;;;;;;;;;;;;;;
22.857857;67712540;734;;;;;;;;;;;;;;
22.858167;67712850;1100;;;;;;;;;;;;;;
22.860357;67715040;654;;;;;;;;;;;;;;
22.860667;67715350;1136;;;;;;;;;;;;;;
22.862857;67717540;648;;;;;;;;;;;;;;
22.865357;67720040;679;;;;;;;;;;;;;;
22.867857;67722540;695;;;;;;;;;;;;;;
22.870357;67725040;651;;;;;;;;;;;;;;
22.872857;67727540;539;;;;;;;;;;;;;;
22.875357;67730040;18;;;;;;;;;;;;;;
22.877857;67732540;16;67732723;566.366;794.682;180.121;-14698.493;-8542.518;-2756.639;67732284;118.411;740.767;-612.985;-24741.119;-10285.008;13615.711
22.880357;67735040;58;;;;;;;;;;;;;;
22.882857;67737540;153;;;;;;;;;;;;;;
22.885357;67740040;287;;;;;;;;;;;;;;
22.887857;67742540;409;;;;;;;;;;;;;;
22.895572;67750255;458;;;;;;;;;;;;;;
22.898072;67752755;21;;;;;;;;;;;;;;
22.900572;67755255;17;;;;;;;;;;;;;;
22.903072;67757755;8;;;;;;;;;;;;;;
22.905572;67760255;442;;;;;;;;;;;;;;
22.908072;67762755;1160;;;;;;;;;;;;;;
22.910572;67765255;1865;;;;;;;;;;;;;;
22.913072;67767755;2556;;;;;;;;;;;;;;
22.915572;67770255;3162;67769958;567.944;789.895;183.034;-14562.068;-9217.017;-3219.495;67769516;125.289;747.166;-599.977;-24078.062;-10557.382;13826.55
22.918072;67772755;54;;;;;;;;;;;;;;
22.920572;67775255;19;;;;;;;;;;;;;;
22.923072;67777755;10;;;;;;;;;;;;;;
22.925572;67780255;9;;;;;;;;;;;;;;
22.932272;67786955;1656;;;;;;;;;;;;;;
22.934772;67789455;3115;;;;;;;;;;;;;;
22.937272;67791955;4095;;;;;;;;;;;;;;
22.939772;67794455;4095;;;;;;;;;;;;;;
22.942272;67796955;39;;;;;;;;;;;;;;
22.944772;67799455;18;;;;;;;;;;;;;;
22.947272;67801955;19;67802155;569.095;785.981;188.169;-14029.527;-9778.166;-3470.208;67801717;132.084;752.819;-588.29;-23180.408;-10740.45;13907.409
22.949772;67804455;18;;;;;;;;;;;;;;
22.952272;67806955;1449;;;;;;;;;;;;;;
22.954772;67809455;3773;;;;;;;;;;;;;;
22.957272;67811955;4095;;;;;;;;;;;;;;
