timestamp_s;timestamp_us;emg_raw;imu1_timestamp_us;imu1_ax;imu1_ay;imu1_az;imu1_gx;imu1_gy;imu1_gz;imu2_timestamp_us;imu2_ax;imu2_ay;imu2_az;imu2_gx;imu2_gy;imu2_gz
0.000434;7885210;;7885210;98.018;-645.855;789.281;399.465;-126.24;53.174;7884776;58.54;25.9;1002.895;1607.828;-196.113;-343.569
0.030122;7914898;;7914898;98.003;-645.642;789.308;370.304;-128.241;53.14;7914471;58.45;26.044;1002.752;1605.312;-199.87;-342.14
0.051994;7936770;;7936770;98.099;-645.593;789.249;407.789;-138.891;38.233;7936335;58.553;26.133;1002.695;1609.484;-200.814;-345.158
0.080224;7965000;2092;;;;;;;;;;;;;;
0.082724;7967500;2089;7968002;98.135;-645.783;789.034;393.524;-141.572;38.947;7967580;58.541;26.083;1002.739;1598.572;-200.836;-341.025
0.085224;7970000;2090;;;;;;;;;;;;;;
0.087724;7972500;2092;;;;;;;;;;;;;;
0.090224;7975000;2093;;;;;;;;;;;;;;
0.092724;7977500;2091;;;;;;;;;;;;;;
0.095224;7980000;2090;;;;;;;;;;;;;;
0.097724;7982500;2092;;;;;;;;;;;;;;
0.100224;7985000;2092;;;;;;;;;;;;;;
0.102724;7987500;2089;;;;;;;;;;;;;;
0.105224;7990000;2092;;;;;;;;;;;;;;
0.107724;7992500;2093;;;;;;;;;;;;;;
0.110224;7995000;2092;;;;;;;;;;;;;;
0.112724;7997500;2092;7997714;98.102;-645.733;789.568;396.161;-141.055;42.687;7997275;58.512;26.816;1003.927;1614.018;-200.856;-345.411
0.115224;8000000;2092;;;;;;;;;;;;;;
0.117724;8002500;2091;;;;;;;;;;;;;;
0.120224;8005000;2092;;;;;;;;;;;;;;
0.122724;8007500;2092;;;;;;;;;;;;;;
0.125224;8010000;2094;;;;;;;;;;;;;;
0.127724;8012500;2091;;;;;;;;;;;;;;
0.130224;8015000;2091;;;;;;;;;;;;;;
0.132724;8017500;2091;;;;;;;;;;;;;;
0.135224;8020000;2093;8021133;97.717;-645.825;789.446;373.728;-137.94;44.927;8020710;58.697;27.769;1003.739;1583.192;-184.251;-341.266
0.137724;8022500;2092;;;;;;;;;;;;;;
0.140224;8025000;2091;;;;;;;;;;;;;;
0.142724;8027500;2091;;;;;;;;;;;;;;
0.145224;8030000;2091;;;;;;;;;;;;;;
0.147724;8032500;2090;;;;;;;;;;;;;;
0.150224;8035000;2092;;;;;;;;;;;;;;
0.152724;8037500;2090;;;;;;;;;;;;;;
0.155224;8040000;2091;;;;;;;;;;;;;;
0.157724;8042500;2077;;;;;;;;;;;;;;
0.160224;8045000;2091;;;;;;;;;;;;;;
0.162724;8047500;2090;;;;;;;;;;;;;;
0.165224;8050000;2092;8050818;97.156;-647.523;792.149;439.479;-99.543;77.244;8050384;58.214;29.058;1006.055;1593.72;-183.351;-345.64
0.167724;8052500;2092;;;;;;;;;;;;;;
0.170224;8055000;2091;;;;;;;;;;;;;;
0.172724;8057500;2091;;;;;;;;;;;;;;
0.175224;8060000;2088;;;;;;;;;;;;;;
0.177724;8062500;2090;;;;;;;;;;;;;;
0.180224;8065000;2091;;;;;;;;;;;;;;
0.182724;8067500;2091;;;;;;;;;;;;;;
0.185224;8070000;2090;;;;;;;;;;;;;;
0.187724;8072500;2091;;;;;;;;;;;;;;
0.190224;8075000;2090;;;;;;;;;;;;;;
0.192724;8077500;2091;;;;;;;;;;;;;;
0.195224;8080000;2090;8080420;95.367;-648.636;791.204;416.192;-125.191;72.506;8079993;57.268;30.729;1003.417;1615.097;-162.371;-344.108
0.197724;8082500;2091;;;;;;;;;;;;;;
0.200224;8085000;2091;;;;;;;;;;;;;;
0.202724;8087500;2090;;;;;;;;;;;;;;
0.205224;8090000;2091;;;;;;;;;;;;;;
0.207724;8092500;2090;;;;;;;;;;;;;;
0.210224;8095000;2092;;;;;;;;;;;;;;
0.212724;8097500;2091;;;;;;;;;;;;;;
0.215224;8100000;2092;;;;;;;;;;;;;;
0.217724;8102500;2091;;;;;;;;;;;;;;
0.220224;8105000;2091;;;;;;;;;;;;;;
0.222724;8107500;2092;;;;;;;;;;;;;;
0.225224;8110000;2092;;;;;;;;8111236;57.284;30.394;1003.712;1523.842;-202.377;-310.278
0.227724;8112500;2092;8111671;96.351;-645.954;790.464;309.633;-174.931;36.506;;;;;;;
0.230224;8115000;2092;;;;;;;;;;;;;;
0.232724;8117500;2091;;;;;;;;;;;;;;
0.235224;8120000;2093;;;;;;;;;;;;;;
0.237724;8122500;2091;;;;;;;;;;;;;;
0.240224;8125000;2091;;;;;;;;;;;;;;
0.242724;8127500;2091;;;;;;;;;;;;;;
0.245224;8130000;2091;;;;;;;;;;;;;;
0.247724;8132500;2090;;;;;;;;;;;;;;
0.250224;8135000;2092;;;;;;;;;;;;;;
0.252724;8137500;2093;;;;;;;;;;;;;;
0.255224;8140000;2090;;;;;;;;;;;;;;
0.257724;8142500;2092;8142910;96.517;-645.705;790.609;418.839;-147.81;48.243;8142480;57.494;30.302;1003.906;1589.4;-193.133;-332.389
0.260224;8145000;2092;;;;;;;;;;;;;;
0.262724;8147500;2091;;;;;;;;;;;;;;
0.265224;8150000;2091;;;;;;;;;;;;;;
0.267724;8152500;2091;;;;;;;;;;;;;;
0.270224;8155000;2092;;;;;;;;;;;;;;
0.272724;8157500;2091;;;;;;;;;;;;;;
0.275224;8160000;2092;;;;;;;;;;;;;;
0.277724;8162500;2090;;;;;;;;;;;;;;
0.280224;8165000;2091;;;;;;;;;;;;;;
0.282724;8167500;2092;;;;;;;;;;;;;;
0.285224;8170000;2092;;;;;;;;;;;;;;
0.287724;8172500;2093;;;;;;;;8173725;57.309;30.958;1003.602;1613.617;-179.977;-339.832
0.290224;8175000;2093;8174157;95.674;-646.878;790.948;449.084;-138.232;52.831;;;;;;;
0.292724;8177500;2090;;;;;;;;;;;;;;
0.295224;8180000;2093;;;;;;;;;;;;;;
0.297724;8182500;2089;;;;;;;;;;;;;;
0.300224;8185000;2092;;;;;;;;;;;;;;
0.302724;8187500;2093;;;;;;;;;;;;;;
0.305224;8190000;2092;;;;;;;;;;;;;;
0.307724;8192500;2092;;;;;;;;;;;;;;
0.310224;8195000;2092;;;;;;;;;;;;;;
0.312724;8197500;2091;;;;;;;;;;;;;;
0.315224;8200000;2090;;;;;;;;;;;;;;
0.317724;8202500;2091;;;;;;;;;;;;;;
0.320224;8205000;2092;8205399;95.514;-646.645;791.325;436.692;-152.32;29.19;8204969;57.097;30.563;1003.82;1569.686;-183.228;-329.84
0.322724;8207500;2093;;;;;;;;;;;;;;
0.325224;8210000;2092;;;;;;;;;;;;;;
0.327724;8212500;2091;;;;;;;;;;;;;;
0.330224;8215000;2092;;;;;;;;;;;;;;
0.332724;8217500;2091;;;;;;;;;;;;;;
0.335224;8220000;2091;;;;;;;;;;;;;;
0.337724;8222500;2091;;;;;;;;;;;;;;
0.340224;8225000;2091;;;;;;;;;;;;;;
0.342724;8227500;2089;;;;;;;;;;;;;;
0.345224;8230000;2090;;;;;;;;;;;;;;
0.347724;8232500;2090;;;;;;;;;;;;;;
0.350224;8235000;2090;8235097;95.857;-646.246;790.958;467.795;-159.579;15.043;8234663;57.213;29.846;1003.936;1572.139;-180.192;-329.536
0.352724;8237500;2090;;;;;;;;;;;;;;
0.355224;8240000;2092;;;;;;;;;;;;;;
0.357724;8242500;2092;;;;;;;;;;;;;;
0.360224;8245000;2091;;;;;;;;;;;;;;
0.362724;8247500;2091;;;;;;;;;;;;;;
0.365224;8250000;2091;;;;;;;;;;;;;;
0.367724;8252500;2090;;;;;;;;;;;;;;
0.370224;8255000;2093;;;;;;;;;;;;;;
0.372724;8257500;2091;8256957;96.096;-645.843;790.743;437.406;-166.913;9.478;8256529;57.287;29.519;1003.735;1557.407;-186.057;-323.121
0.375224;8260000;2092;;;;;;;;;;;;;;
0.377724;8262500;2092;;;;;;;;;;;;;;
0.380224;8265000;2092;;;;;;;;;;;;;;
0.382724;8267500;2092;;;;;;;;;;;;;;
0.385224;8270000;2089;;;;;;;;;;;;;;
0.387724;8272500;2092;;;;;;;;;;;;;;
0.390224;8275000;2092;;;;;;;;;;;;;;
0.392724;8277500;2091;;;;;;;;;;;;;;
0.395224;8280000;2090;;;;;;;;;;;;;;
0.397724;8282500;2090;;;;;;;;;;;;;;
0.400224;8285000;2091;;;;;;;;;;;;;;
0.402724;8287500;2091;8288121;96.165;-645.472;790.862;494.285;-171.692;2.879;8287686;57.411;29.361;1003.855;1570.1;-180.692;-332.34
0.405224;8290000;2093;;;;;;;;;;;;;;
0.407724;8292500;2089;;;;;;;;;;;;;;
0.410224;8295000;2090;;;;;;;;;;;;;;
0.412724;8297500;2091;;;;;;;;;;;;;;
0.415224;8300000;2091;;;;;;;;;;;;;;
0.417724;8302500;2090;;;;;;;;;;;;;;
0.420224;8305000;2091;;;;;;;;;;;;;;
0.422724;8307500;2090;;;;;;;;;;;;;;
0.425224;8310000;2091;;;;;;;;;;;;;;
0.427724;8312500;2091;;;;;;;;;;;;;;
0.430224;8315000;2090;;;;;;;;;;;;;;
0.432724;8317500;2093;8317723;95.926;-646.169;790.602;464.321;-159.608;17.173;8317295;57.475;29.143;1003.932;1576.47;-178.22;-335.411
0.435224;8320000;2090;;;;;;;;;;;;;;
0.437724;8322500;2091;;;;;;;;;;;;;;
0.440224;8325000;2090;;;;;;;;;;;;;;
0.442724;8327500;2089;;;;;;;;;;;;;;
0.445224;8330000;2090;;;;;;;;;;;;;;
0.447724;8332500;2088;;;;;;;;;;;;;;
0.450224;8335000;2091;;;;;;;;;;;;;;
0.452724;8337500;2090;;;;;;;;;;;;;;
0.455224;8340000;2089;;;;;;;;;;;;;;
0.457724;8342500;2091;;;;;;;;;;;;;;
0.460224;8345000;2090;;;;;;;;;;;;;;
0.462724;8347500;2091;;;;;;;;8348539;57.541;28.906;1003.792;1565.459;-184.621;-329.578
0.465224;8350000;2091;8348973;95.9;-646.117;790.344;379.417;-152.94;37.314;;;;;;;
0.467724;8352500;2089;;;;;;;;;;;;;;
0.470224;8355000;2091;;;;;;;;;;;;;;
0.472724;8357500;2091;;;;;;;;;;;;;;
0.475224;8360000;2091;;;;;;;;;;;;;;
0.477724;8362500;2094;;;;;;;;;;;;;;
0.480224;8365000;2091;;;;;;;;;;;;;;
0.482724;8367500;2090;;;;;;;;;;;;;;
0.485224;8370000;2091;;;;;;;;;;;;;;
0.487724;8372500;2091;;;;;;;;;;;;;;
0.490224;8375000;2090;;;;;;;;;;;;;;
0.492724;8377500;2090;;;;;;;;;;;;;;
0.495224;8380000;2090;8380206;96.247;-645.556;790.538;395.009;-151.418;33.698;8379783;57.55;28.992;1003.635;1565.061;-182.39;-330.599
0.497724;8382500;2090;;;;;;;;;;;;;;
0.500224;8385000;2091;;;;;;;;;;;;;;
0.502724;8387500;2088;;;;;;;;;;;;;;
0.505224;8390000;2089;;;;;;;;;;;;;;
0.507724;8392500;2092;;;;;;;;;;;;;;
0.510224;8395000;2091;;;;;;;;;;;;;;
0.512724;8397500;2090;;;;;;;;;;;;;;
0.515224;8400000;2091;;;;;;;;;;;;;;
0.517724;8402500;2091;;;;;;;;;;;;;;
0.520224;8405000;2090;;;;;;;;;;;;;;
0.522724;8407500;2091;;;;;;;;;;;;;;
0.525224;8410000;2088;;;;;;;;8411028;57.612;28.762;1003.595;1571.245;-176.771;-335.069
0.527724;8412500;2089;8411466;96.193;-645.785;790.271;451.384;-156.097;21.513;;;;;;;
0.530224;8415000;2089;;;;;;;;;;;;;;
0.532724;8417500;2089;;;;;;;;;;;;;;
0.535224;8420000;2090;;;;;;;;;;;;;;
0.537724;8422500;2090;;;;;;;;;;;;;;
0.540224;8425000;2091;;;;;;;;;;;;;;
0.542724;8427500;2090;;;;;;;;;;;;;;
0.545224;8430000;2088;;;;;;;;;;;;;;
0.547724;8432500;2090;;;;;;;;;;;;;;
0.550224;8435000;2091;;;;;;;;;;;;;;
0.552724;8437500;2090;;;;;;;;;;;;;;
0.555224;8440000;2091;;;;;;;;;;;;;;
0.557724;8442500;2090;8442700;96.233;-645.972;789.968;406.502;-150.042;30.063;8442270;57.464;28.63;1003.545;1573.183;-181.932;-337.128
0.560224;8445000;2091;;;;;;;;;;;;;;
0.562724;8447500;2090;;;;;;;;;;;;;;
0.565224;8450000;2089;;;;;;;;;;;;;;
0.567724;8452500;2090;;;;;;;;;;;;;;
0.570224;8455000;2090;;;;;;;;;;;;;;
0.572724;8457500;2091;;;;;;;;;;;;;;
0.575224;8460000;2091;;;;;;;;;;;;;;
0.577724;8462500;2090;;;;;;;;;;;;;;
0.580224;8465000;2089;;;;;;;;;;;;;;
0.582724;8467500;2090;;;;;;;;;;;;;;
0.585224;8470000;2090;;;;;;;;;;;;;;
0.587724;8472500;2090;8472404;96.35;-645.833;790.089;403.677;-152.602;33.81;8471966;57.489;28.662;1003.498;1576.336;-182.898;-331.647
0.590224;8475000;2093;;;;;;;;;;;;;;
0.592724;8477500;2091;;;;;;;;;;;;;;
0.595224;8480000;2090;;;;;;;;;;;;;;
0.597724;8482500;2092;;;;;;;;;;;;;;
0.600224;8485000;2090;;;;;;;;;;;;;;
0.602724;8487500;2090;;;;;;;;;;;;;;
0.605224;8490000;2091;;;;;;;;;;;;;;
0.607724;8492500;2091;;;;;;;;;;;;;;
0.610224;8495000;2092;8494254;96.425;-645.932;789.856;414.118;-149.347;34.307;8493832;57.646;28.534;1003.501;1578.457;-185.565;-329.939
0.612724;8497500;2090;;;;;;;;;;;;;;
0.615224;8500000;2090;;;;;;;;;;;;;;
0.617724;8502500;2090;;;;;;;;;;;;;;
0.620224;8505000;2091;;;;;;;;;;;;;;
0.622724;8507500;2091;;;;;;;;;;;;;;
0.625224;8510000;2090;;;;;;;;;;;;;;
0.627724;8512500;2090;;;;;;;;;;;;;;
0.630224;8515000;2090;;;;;;;;;;;;;;
0.632724;8517500;2092;;;;;;;;;;;;;;
0.635224;8520000;2092;8519272;96.526;-646.045;789.904;397.787;-147.567;36.966;8518838;57.606;28.505;1003.401;1576.972;-188.975;-328.317
0.637724;8522500;2090;;;;;;;;;;;;;;
0.640224;8525000;2090;;;;;;;;;;;;;;
0.642724;8527500;2091;;;;;;;;;;;;;;
0.645224;8530000;2091;;;;;;;;;;;;;;
0.647724;8532500;2089;;;;;;;;;;;;;;
0.650224;8535000;2091;;;;;;;;;;;;;;
0.652724;8537500;2090;;;;;;;;;;;;;;
0.655224;8540000;2091;;;;;;;;;;;;;;
0.657724;8542500;2091;;;;;;;;;;;;;;
0.660224;8545000;2091;8545819;96.58;-645.92;789.778;426.898;-152.439;27.243;8545392;57.538;28.391;1003.141;1580.81;-184.338;-327.214
0.662724;8547500;2091;;;;;;;;;;;;;;
0.665224;8550000;2090;;;;;;;;;;;;;;
0.667724;8552500;2090;;;;;;;;;;;;;;
0.670224;8555000;2092;;;;;;;;;;;;;;
0.672724;8557500;2093;;;;;;;;;;;;;;
0.675224;8560000;2090;;;;;;;;;;;;;;
0.677724;8562500;2093;;;;;;;;;;;;;;
0.680224;8565000;2091;;;;;;;;;;;;;;
0.682724;8567500;2092;;;;;;;;;;;;;;
0.685224;8570000;2090;;;;;;;;;;;;;;
0.687724;8572500;2092;;;;;;;;;;;;;;
0.690224;8575000;2091;;;;;;;;;;;;;;
0.692724;8577500;2093;8577070;96.606;-646.039;789.719;420.428;-152.255;27.193;8576636;57.528;28.246;1003.102;1577.895;-185.184;-324.416
0.695224;8580000;2090;;;;;;;;;;;;;;
0.697724;8582500;2091;;;;;;;;;;;;;;
0.700224;8585000;2091;;;;;;;;;;;;;;
0.702724;8587500;2091;;;;;;;;;;;;;;
0.705224;8590000;2091;;;;;;;;;;;;;;
0.707724;8592500;2091;;;;;;;;;;;;;;
0.710224;8595000;2089;;;;;;;;;;;;;;
0.712724;8597500;2092;;;;;;;;;;;;;;
0.715224;8600000;2092;;;;;;;;;;;;;;
0.717724;8602500;2091;;;;;;;;;;;;;;
0.720224;8605000;2091;;;;;;;;;;;;;;
0.722724;8607500;2091;8608308;96.699;-645.915;789.707;402.031;-150.767;32.834;8607880;57.537;27.993;1003.046;1583.438;-191.675;-322.632
0.725224;8610000;2092;;;;;;;;;;;;;;
0.727724;8612500;2091;;;;;;;;;;;;;;
0.730224;8615000;2091;;;;;;;;;;;;;;
0.732724;8617500;2090;;;;;;;;;;;;;;
0.735224;8620000;2090;;;;;;;;;;;;;;
0.737724;8622500;2091;;;;;;;;;;;;;;
0.740224;8625000;2093;;;;;;;;;;;;;;
0.742724;8627500;2091;;;;;;;;;;;;;;
0.745224;8630000;2092;;;;;;;;;;;;;;
0.747724;8632500;2090;;;;;;;;;;;;;;
0.750224;8635000;2092;;;;;;;;;;;;;;
0.752724;8637500;2092;8638008;96.719;-645.766;789.78;418.242;-151.103;28.567;8637574;57.6;27.929;1002.944;1592.203;-189.966;-320.501
0.755224;8640000;2090;;;;;;;;;;;;;;
0.757724;8642500;2090;;;;;;;;;;;;;;
0.760224;8645000;2091;;;;;;;;;;;;;;
0.762724;8647500;2090;;;;;;;;;;;;;;
0.765224;8650000;2090;;;;;;;;;;;;;;
0.767724;8652500;2091;;;;;;;;;;;;;;
0.770224;8655000;2091;;;;;;;;;;;;;;
0.772724;8657500;2092;;;;;;;;;;;;;;
0.775224;8660000;2090;;;;;;;;;;;;;;
0.777724;8662500;2091;;;;;;;;;;;;;;
0.780224;8665000;2092;;;;;;;;;;;;;;
0.782724;8667500;2091;;;;;;;;;;;;;;
0.785224;8670000;2091;8669247;96.702;-645.985;789.715;434.955;-150.548;24.076;8668820;57.679;27.826;1002.902;1599.218;-191.405;-323.288
0.787724;8672500;2090;;;;;;;;;;;;;;
0.790224;8675000;2091;;;;;;;;;;;;;;
0.792724;8677500;2091;;;;;;;;;;;;;;
0.795224;8680000;2090;;;;;;;;;;;;;;
0.797724;8682500;2088;;;;;;;;;;;;;;
0.800224;8685000;2090;;;;;;;;;;;;;;
0.802724;8687500;2092;;;;;;;;;;;;;;
0.805224;8690000;2092;;;;;;;;;;;;;;
0.807724;8692500;2091;;;;;;;;;;;;;;
0.810224;8695000;2090;;;;;;;;;;;;;;
0.812724;8697500;2091;;;;;;;;;;;;;;
0.815224;8700000;2091;8700498;96.79;-645.93;789.641;420.207;-152.646;23.747;8700064;57.747;27.856;1002.844;1605.445;-199.773;-318.936
0.817724;8702500;2090;;;;;;;;;;;;;;
0.820224;8705000;2089;;;;;;;;;;;;;;
0.822724;8707500;2091;;;;;;;;;;;;;;
0.825224;8710000;2091;;;;;;;;;;;;;;
0.827724;8712500;2090;;;;;;;;;;;;;;
0.830224;8715000;2089;;;;;;;;;;;;;;
0.832724;8717500;2089;;;;;;;;;;;;;;
0.835224;8720000;2089;;;;;;;;;;;;;;
0.837724;8722500;2091;;;;;;;;;;;;;;
0.840224;8725000;2090;;;;;;;;;;;;;;
0.842724;8727500;2091;;;;;;;;;;;;;;
0.845224;8730000;2090;;;;;;;;;;;;;;
0.847724;8732500;2090;8731737;97.117;-645.732;789.571;431.135;-155.514;21.247;8731307;57.733;27.86;1002.594;1596.047;-195.471;-314.802
0.850224;8735000;2089;;;;;;;;;;;;;;
0.852724;8737500;2090;;;;;;;;;;;;;;
0.855224;8740000;2089;;;;;;;;;;;;;;
0.857724;8742500;2090;;;;;;;;;;;;;;
0.860224;8745000;2090;;;;;;;;;;;;;;
0.862724;8747500;2089;;;;;;;;;;;;;;
0.865224;8750000;2091;;;;;;;;;;;;;;
0.867724;8752500;2091;;;;;;;;;;;;;;
0.870224;8755000;2091;;;;;;;;;;;;;;
0.872724;8757500;2091;;;;;;;;;;;;;;
0.875224;8760000;2091;;;;;;;;;;;;;;
0.877724;8762500;2091;8762984;97.025;-646.159;789.554;403.453;-146.425;31.998;8762552;57.677;27.449;1002.6;1594.12;-199.698;-317.874
0.880224;8765000;2090;;;;;;;;;;;;;;
0.882724;8767500;2090;;;;;;;;;;;;;;
0.885224;8770000;2091;;;;;;;;;;;;;;
0.887724;8772500;2090;;;;;;;;;;;;;;
0.890224;8775000;2088;;;;;;;;;;;;;;
0.892724;8777500;2088;;;;;;;;;;;;;;
0.895224;8780000;2089;;;;;;;;;;;;;;
0.897724;8782500;2090;;;;;;;;;;;;;;
0.900224;8785000;2091;;;;;;;;;;;;;;
0.902724;8787500;2090;;;;;;;;;;;;;;
0.905224;8790000;2090;;;;;;;;;;;;;;
0.907724;8792500;2089;8792677;96.774;-645.889;789.744;408.655;-143.042;26.898;8792247;57.69;27.541;1002.161;1611.101;-199.775;-320.356
0.910224;8795000;2090;;;;;;;;;;;;;;
0.912724;8797500;2088;;;;;;;;;;;;;;
0.915224;8800000;2090;;;;;;;;;;;;;;
0.917724;8802500;2091;;;;;;;;;;;;;;
0.920224;8805000;2091;;;;;;;;;;;;;;
0.922724;8807500;2089;;;;;;;;;;;;;;
0.925224;8810000;2090;;;;;;;;;;;;;;
0.927724;8812500;2091;;;;;;;;;;;;;;
0.930224;8815000;2091;8814544;96.717;-646.168;789.718;422.785;-138.077;28.615;8814112;57.734;27.817;1001.981;1613.671;-197.224;-319.213
0.932724;8817500;2089;;;;;;;;;;;;;;
0.935224;8820000;2091;;;;;;;;;;;;;;
0.937724;8822500;2090;;;;;;;;;;;;;;
0.940224;8825000;2092;;;;;;;;;;;;;;
0.942724;8827500;2091;;;;;;;;;;;;;;
0.945224;8830000;2091;;;;;;;;;;;;;;
0.947724;8832500;2090;;;;;;;;;;;;;;
0.950224;8835000;2091;;;;;;;;;;;;;;
0.952724;8837500;2089;;;;;;;;;;;;;;
0.955224;8840000;2092;;;;;;;;;;;;;;
0.957724;8842500;2090;;;;;;;;;;;;;;
0.960224;8845000;2091;8845786;96.67;-646.397;789.406;387.646;-143.423;31.122;8845355;57.794;27.64;1002.079;1599.05;-197.425;-315.94
0.962724;8847500;2090;;;;;;;;;;;;;;
0.965224;8850000;2090;;;;;;;;;;;;;;
0.967724;8852500;2090;;;;;;;;;;;;;;
0.970224;8855000;2092;;;;;;;;;;;;;;
0.972724;8857500;2091;;;;;;;;;;;;;;
0.975224;8860000;2090;;;;;;;;;;;;;;
0.977724;8862500;2090;;;;;;;;;;;;;;
0.980224;8865000;2092;;;;;;;;;;;;;;
0.982724;8867500;2090;;;;;;;;;;;;;;
0.985224;8870000;2090;;;;;;;;;;;;;;
0.987724;8872500;2091;;;;;;;;;;;;;;
0.990224;8875000;2088;8875483;96.832;-646.401;789.366;394.076;-144.565;29.566;8875052;57.875;27.38;1002.166;1594.348;-197.617;-314.58
0.992724;8877500;2089;;;;;;;;;;;;;;
0.995224;8880000;2092;;;;;;;;;;;;;;
0.997724;8882500;2091;;;;;;;;;;;;;;
1.000224;8885000;2091;;;;;;;;;;;;;;
1.002724;8887500;2090;;;;;;;;;;;;;;
1.005224;8890000;2092;;;;;;;;;;;;;;
1.007724;8892500;2091;;;;;;;;;;;;;;
1.010224;8895000;2091;;;;;;;;;;;;;;
1.012724;8897500;2090;;;;;;;;;;;;;;
1.015224;8900000;2089;;;;;;;;;;;;;;
1.017724;8902500;2092;;;;;;;;;;;;;;
1.020224;8905000;2091;;;;;;;;;;;;;;
1.022724;8907500;2090;8906726;96.791;-646.551;789.273;408.935;-142.149;27.213;8906296;57.964;27.323;1002.206;1605.193;-197.798;-314.601
1.025224;8910000;2089;;;;;;;;;;;;;;
1.027724;8912500;2092;;;;;;;;;;;;;;
1.030224;8915000;2092;;;;;;;;;;;;;;
1.032724;8917500;2091;;;;;;;;;;;;;;
1.035224;8920000;2091;;;;;;;;;;;;;;
1.037724;8922500;2090;;;;;;;;;;;;;;
1.040224;8925000;2091;;;;;;;;;;;;;;
1.042724;8927500;2091;;;;;;;;;;;;;;
1.045224;8930000;2092;;;;;;;;;;;;;;
1.047724;8932500;2092;;;;;;;;;;;;;;
1.050224;8935000;2089;;;;;;;;;;;;;;
1.052724;8937500;2092;8937973;96.716;-646.243;789.167;413.863;-152.979;15.789;8937539;57.878;27.177;1002.0;1598.871;-199.283;-310.684
1.055224;8940000;2089;;;;;;;;;;;;;;
1.057724;8942500;2090;;;;;;;;;;;;;;
1.060224;8945000;2092;;;;;;;;;;;;;;
1.062724;8947500;2092;;;;;;;;;;;;;;
1.065224;8950000;2092;;;;;;;;;;;;;;
1.067724;8952500;2088;;;;;;;;;;;;;;
1.070224;8955000;2090;;;;;;;;;;;;;;
1.072724;8957500;2091;;;;;;;;;;;;;;
1.075224;8960000;2091;;;;;;;;;;;;;;
1.077724;8962500;2090;;;;;;;;;;;;;;
1.080224;8965000;2091;;;;;;;;;;;;;;
1.082724;8967500;2090;;;;;;;;;;;;;;
1.085224;8970000;2091;8969218;96.693;-646.071;789.169;453.982;-162.83;10.625;8968783;57.912;27.501;1001.938;1602.927;-189.757;-312.212
1.087724;8972500;2091;;;;;;;;;;;;;;
1.090224;8975000;2091;;;;;;;;;;;;;;
1.092724;8977500;2091;;;;;;;;;;;;;;
1.095224;8980000;2090;;;;;;;;;;;;;;
1.097724;8982500;2089;;;;;;;;;;;;;;
1.100224;8985000;2089;;;;;;;;;;;;;;
1.102724;8987500;2091;;;;;;;;;;;;;;
1.105224;8990000;2091;;;;;;;;;;;;;;
1.107724;8992500;2092;;;;;;;;;;;;;;
1.110224;8995000;2091;;;;;;;;;;;;;;
1.112724;8997500;2090;;;;;;;;;;;;;;
1.115224;9000000;2089;9000461;96.891;-646.622;788.989;416.846;-154.688;20.594;9000027;58.091;27.444;1002.093;1598.906;-196.456;-314.976
1.117724;9002500;2091;;;;;;;;;;;;;;
1.120224;9005000;2090;;;;;;;;;;;;;;
1.122724;9007500;2090;;;;;;;;;;;;;;
1.125224;9010000;2092;;;;;;;;;;;;;;
1.127724;9012500;2090;;;;;;;;;;;;;;
1.130224;9015000;2092;;;;;;;;;;;;;;
1.132724;9017500;2092;;;;;;;;;;;;;;
1.135224;9020000;2090;;;;;;;;;;;;;;
1.137724;9022500;2091;;;;;;;;;;;;;;
1.140224;9025000;2089;;;;;;;;;;;;;;
1.142724;9027500;2092;;;;;;;;;;;;;;
1.145224;9030000;2090;9030158;96.987;-646.444;789.195;430.566;-151.767;18.689;9029723;58.26;27.7;1001.801;1606.46;-191.884;-321.103
1.147724;9032500;2092;;;;;;;;;;;;;;
1.150224;9035000;2091;;;;;;;;;;;;;;
1.152724;9037500;2090;;;;;;;;;;;;;;
1.155224;9040000;2091;;;;;;;;;;;;;;
1.157724;9042500;2090;;;;;;;;;;;;;;
1.160224;9045000;2089;;;;;;;;;;;;;;
1.162724;9047500;2089;;;;;;;;;;;;;;
1.165224;9050000;2090;;;;;;;;;;;;;;
1.167724;9052500;2091;9052020;96.823;-646.776;789.349;454.975;-149.866;11.192;9051589;58.117;27.993;1001.725;1619.325;-194.102;-323.422
1.170224;9055000;2090;;;;;;;;;;;;;;
1.172724;9057500;2091;;;;;;;;;;;;;;
1.175224;9060000;2091;;;;;;;;;;;;;;
1.177724;9062500;2091;;;;;;;;;;;;;;
1.180224;9065000;2089;;;;;;;;;;;;;;
1.182724;9067500;2090;;;;;;;;;;;;;;
1.185224;9070000;2089;;;;;;;;;;;;;;
1.187724;9072500;2094;;;;;;;;;;;;;;
1.190224;9075000;2092;;;;;;;;;;;;;;
1.192724;9077500;2090;;;;;;;;;;;;;;
1.195224;9080000;2089;;;;;;;;;;;;;;
1.197724;9082500;2090;9083263;96.807;-646.675;789.318;411.226;-152.435;18.07;9082833;58.096;27.77;1001.841;1599.609;-197.522;-319.939
1.200224;9085000;2090;;;;;;;;;;;;;;
1.202724;9087500;2090;;;;;;;;;;;;;;
1.205224;9090000;2090;;;;;;;;;;;;;;
1.207724;9092500;2091;;;;;;;;;;;;;;
1.210224;9095000;2091;;;;;;;;;;;;;;
1.212724;9097500;2091;;;;;;;;;;;;;;
1.215224;9100000;2091;;;;;;;;;;;;;;
1.217724;9102500;2092;;;;;;;;;;;;;;
1.220224;9105000;2090;;;;;;;;;;;;;;
1.222724;9107500;2089;;;;;;;;;;;;;;
1.225224;9110000;2090;;;;;;;;;;;;;;
1.227724;9112500;2092;9112966;96.895;-646.549;789.24;402.477;-150.063;27.667;9112527;58.18;27.352;1002.013;1608.878;-199.021;-321.442
1.230224;9115000;2092;;;;;;;;;;;;;;
1.232724;9117500;2090;;;;;;;;;;;;;;
1.235224;9120000;2093;;;;;;;;;;;;;;
1.237724;9122500;2090;;;;;;;;;;;;;;
1.240224;9125000;2092;;;;;;;;;;;;;;
1.242724;9127500;2092;;;;;;;;;;;;;;
1.245224;9130000;2092;;;;;;;;;;;;;;
1.247724;9132500;2091;;;;;;;;;;;;;;
1.250224;9135000;2091;9134815;97.107;-646.339;788.909;411.666;-156.56;17.096;9134393;58.443;26.924;1002.061;1602.372;-196.945;-319.807
1.252724;9137500;2091;;;;;;;;;;;;;;
1.255224;9140000;2091;;;;;;;;;;;;;;
1.257724;9142500;2091;;;;;;;;;;;;;;
1.260224;9145000;2091;;;;;;;;;;;;;;
1.262724;9147500;2089;;;;;;;;;;;;;;
1.265224;9150000;2090;;;;;;;;;;;;;;
1.267724;9152500;2090;;;;;;;;;;;;;;
1.270224;9155000;2092;;;;;;;;;;;;;;
1.272724;9157500;2093;;;;;;;;;;;;;;
1.275224;9160000;2091;;;;;;;;;;;;;;
1.277724;9162500;2090;;;;;;;;;;;;;;
1.280224;9165000;2090;9166071;97.211;-645.943;788.882;404.208;-154.419;24.991;9165637;58.431;26.919;1001.892;1601.003;-195.41;-319.129
1.282724;9167500;2092;;;;;;;;;;;;;;
1.285224;9170000;2090;;;;;;;;;;;;;;
1.287724;9172500;2092;;;;;;;;;;;;;;
1.290224;9175000;2093;;;;;;;;;;;;;;
1.292724;9177500;2091;;;;;;;;;;;;;;
1.295224;9180000;2090;;;;;;;;;;;;;;
1.297724;9182500;2091;;;;;;;;;;;;;;
1.300224;9185000;2090;;;;;;;;;;;;;;
1.302724;9187500;2090;;;;;;;;;;;;;;
1.305224;9190000;2089;;;;;;;;;;;;;;
1.307724;9192500;2092;;;;;;;;;;;;;;
1.310224;9195000;2090;9195760;97.109;-646.031;789.131;421.185;-145.824;29.429;9195332;58.309;27.117;1001.897;1608.015;-190.889;-321.985
1.312724;9197500;2091;;;;;;;;;;;;;;
1.315224;9200000;2090;;;;;;;;;;;;;;
1.317724;9202500;2090;;;;;;;;;;;;;;
1.320224;9205000;2090;;;;;;;;;;;;;;
1.322724;9207500;2090;;;;;;;;;;;;;;
1.325224;9210000;2090;;;;;;;;;;;;;;
1.327724;9212500;2091;;;;;;;;;;;;;;
1.330224;9215000;2089;;;;;;;;;;;;;;
1.332724;9217500;2089;;;;;;;;;;;;;;
1.335224;9220000;2092;9219202;97.017;-646.212;789.111;385.251;-139.407;39.332;9218768;58.389;27.115;1001.798;1604.615;-191.845;-323.386
1.337724;9222500;2091;;;;;;;;;;;;;;
1.340224;9225000;2089;;;;;;;;;;;;;;
1.342724;9227500;2092;;;;;;;;;;;;;;
1.345224;9230000;2090;;;;;;;;;;;;;;
1.347724;9232500;2089;;;;;;;;;;;;;;
1.350224;9235000;2090;;;;;;;;;;;;;;
1.352724;9237500;2091;;;;;;;;;;;;;;
1.355224;9240000;2091;;;;;;;;;;;;;;
1.357724;9242500;2092;;;;;;;;;;;;;;
1.360224;9245000;2093;;;;;;;;;;;;;;
1.362724;9247500;2090;;;;;;;;9248441;58.477;27.071;1001.844;1607.509;-192.315;-324.717
1.365224;9250000;2092;9248863;97.138;-646.024;789.25;403.613;-141.187;34.303;;;;;;;
1.367724;9252500;2091;;;;;;;;;;;;;;
1.370224;9255000;2092;;;;;;;;;;;;;;
1.372724;9257500;2091;;;;;;;;;;;;;;
1.375224;9260000;2091;;;;;;;;;;;;;;
1.377724;9262500;2090;;;;;;;;;;;;;;
1.380224;9265000;2088;;;;;;;;;;;;;;
1.382724;9267500;2090;;;;;;;;;;;;;;
1.385224;9270000;2089;;;;;;;;;;;;;;
1.387724;9272500;2090;;;;;;;;;;;;;;
1.390224;9275000;2092;;;;;;;;;;;;;;
1.392724;9277500;2091;9278575;97.295;-645.943;789.175;448.182;-148.565;18.151;9278137;58.64;27.163;1001.839;1602.383;-186.637;-328.606
1.395224;9280000;2091;;;;;;;;;;;;;;
1.397724;9282500;2091;;;;;;;;;;;;;;
1.400224;9285000;2090;;;;;;;;;;;;;;
1.402724;9287500;2091;;;;;;;;;;;;;;
1.405224;9290000;2091;;;;;;;;;;;;;;
1.407724;9292500;2090;;;;;;;;;;;;;;
1.410224;9295000;2090;;;;;;;;;;;;;;
1.412724;9297500;2089;;;;;;;;;;;;;;
1.415224;9300000;2091;;;;;;;;;;;;;;
1.417724;9302500;2091;;;;;;;;;;;;;;
1.420224;9305000;2092;;;;;;;;;;;;;;
1.422724;9307500;2092;;;;;;;;;;;;;;
1.425224;9310000;2091;9309803;97.134;-646.476;789.098;420.961;-144.199;24.681;9309381;58.514;26.988;1002.053;1597.952;-193.055;-329.676
1.427724;9312500;2091;;;;;;;;;;;;;;
1.430224;9315000;2091;;;;;;;;;;;;;;
1.432724;9317500;2091;;;;;;;;;;;;;;
1.435224;9320000;2089;;;;;;;;;;;;;;
1.437724;9322500;2091;;;;;;;;;;;;;;
1.440224;9325000;2091;;;;;;;;;;;;;;
1.442724;9327500;2091;;;;;;;;;;;;;;
1.445224;9330000;2089;;;;;;;;;;;;;;
1.447724;9332500;2090;;;;;;;;;;;;;;
1.450224;9335000;2091;;;;;;;;;;;;;;
1.452724;9337500;2090;;;;;;;;;;;;;;
1.455224;9340000;2091;9341058;97.114;-646.567;789.208;408.225;-142.239;28.259;9340624;58.522;27.091;1002.044;1598.117;-190.84;-332.442
1.457724;9342500;2091;;;;;;;;;;;;;;
1.460224;9345000;2090;;;;;;;;;;;;;;
1.462724;9347500;2091;;;;;;;;;;;;;;
1.465224;9350000;2092;;;;;;;;;;;;;;
1.467724;9352500;2092;;;;;;;;;;;;;;
1.470224;9355000;2090;;;;;;;;;;;;;;
1.472724;9357500;2092;;;;;;;;;;;;;;
1.475224;9360000;2091;;;;;;;;;;;;;;
1.477724;9362500;2088;;;;;;;;;;;;;;
1.480224;9365000;2091;;;;;;;;;;;;;;
1.482724;9367500;2092;;;;;;;;;;;;;;
1.485224;9370000;2091;;;;;;;;;;;;;;
1.487724;9372500;2092;9372297;97.273;-646.24;789.135;429.814;-150.44;20.284;9371869;58.567;27.121;1002.047;1592.586;-191.36;-329.382
1.490224;9375000;2092;;;;;;;;;;;;;;
1.492724;9377500;2090;;;;;;;;;;;;;;
1.495224;9380000;2090;;;;;;;;;;;;;;
1.497724;9382500;2090;;;;;;;;;;;;;;
1.500224;9385000;2091;;;;;;;;;;;;;;
1.502724;9387500;2090;;;;;;;;;;;;;;
1.505224;9390000;2092;;;;;;;;;;;;;;
1.507724;9392500;2089;;;;;;;;;;;;;;
1.510224;9395000;2090;;;;;;;;;;;;;;
1.512724;9397500;2091;;;;;;;;;;;;;;
1.515224;9400000;2090;;;;;;;;;;;;;;
1.517724;9402500;2090;9403547;97.289;-646.251;789.115;433.261;-149.48;23.644;9403113;58.389;27.211;1001.953;1590.394;-189.23;-329.101
1.520224;9405000;2091;;;;;;;;;;;;;;
1.522724;9407500;2091;;;;;;;;;;;;;;
1.525224;9410000;2089;;;;;;;;;;;;;;
1.527724;9412500;2088;;;;;;;;;;;;;;
1.530224;9415000;2091;;;;;;;;;;;;;;
1.532724;9417500;2092;;;;;;;;;;;;;;
1.535224;9420000;2091;;;;;;;;;;;;;;
1.537724;9422500;2091;;;;;;;;;;;;;;
1.540224;9425000;2090;;;;;;;;;;;;;;
1.542724;9427500;2091;;;;;;;;;;;;;;
1.545224;9430000;2090;;;;;;;;;;;;;;
1.547724;9432500;2090;9433237;97.177;-646.281;789.266;418.598;-145.069;32.087;9432807;58.367;27.216;1002.07;1590.937;-188.956;-330.146
1.550224;9435000;2091;;;;;;;;;;;;;;
1.552724;9437500;2091;;;;;;;;;;;;;;
1.555224;9440000;2090;;;;;;;;;;;;;;
1.557724;9442500;2090;;;;;;;;;;;;;;
1.560224;9445000;2090;;;;;;;;;;;;;;
1.562724;9447500;2092;;;;;;;;;;;;;;
1.565224;9450000;2090;;;;;;;;;;;;;;
1.567724;9452500;2091;;;;;;;;;;;;;;
1.570224;9455000;2092;9455105;97.234;-646.248;789.301;419.98;-142.19;33.545;9454673;58.371;27.118;1002.139;1595.39;-185.633;-332.013
1.572724;9457500;2091;;;;;;;;;;;;;;
1.575224;9460000;2090;;;;;;;;;;;;;;
1.577724;9462500;2091;;;;;;;;;;;;;;
1.580224;9465000;2091;;;;;;;;;;;;;;
1.582724;9467500;2093;;;;;;;;;;;;;;
1.585224;9470000;2089;;;;;;;;;;;;;;
1.587724;9472500;2091;;;;;;;;;;;;;;
1.590224;9475000;2091;;;;;;;;;;;;;;
1.592724;9477500;2091;;;;;;;;;;;;;;
1.595224;9480000;2091;;;;;;;;;;;;;;
1.597724;9482500;2089;;;;;;;;;;;;;;
1.600224;9485000;2091;;;;;;;;9485917;58.356;27.147;1002.186;1595.245;-182.476;-332.913
1.602724;9487500;2090;9486347;97.277;-646.357;789.425;427.856;-142.518;31.868;;;;;;;
1.605224;9490000;2091;;;;;;;;;;;;;;
1.607724;9492500;2092;;;;;;;;;;;;;;
1.610224;9495000;2091;;;;;;;;;;;;;;
1.612724;9497500;2091;;;;;;;;;;;;;;
1.615224;9500000;2091;;;;;;;;;;;;;;
1.617724;9502500;2090;;;;;;;;;;;;;;
1.620224;9505000;2092;;;;;;;;;;;;;;
1.622724;9507500;2089;;;;;;;;;;;;;;
1.625224;9510000;2090;;;;;;;;;;;;;;
1.627724;9512500;2090;;;;;;;;;;;;;;
1.630224;9515000;2090;9516044;97.397;-646.217;789.262;422.214;-143.705;31.587;9515613;58.403;27.113;1002.115;1585.483;-183.853;-329.83
1.632724;9517500;2089;;;;;;;;;;;;;;
1.635224;9520000;2090;;;;;;;;;;;;;;
1.637724;9522500;2093;;;;;;;;;;;;;;
1.640224;9525000;2090;;;;;;;;;;;;;;
1.642724;9527500;2091;;;;;;;;;;;;;;
1.645224;9530000;2090;;;;;;;;;;;;;;
1.647724;9532500;2090;;;;;;;;;;;;;;
1.650224;9535000;2091;;;;;;;;;;;;;;
1.652724;9537500;2090;;;;;;;;;;;;;;
1.655224;9540000;2090;;;;;;;;;;;;;;
1.657724;9542500;2089;;;;;;;;;;;;;;
1.660224;9545000;2090;;;;;;;;;;;;;;
1.662724;9547500;2090;9547292;97.45;-646.157;789.18;400.228;-140.457;37.883;9546857;58.337;26.923;1002.03;1581.896;-185.16;-331.713
1.665224;9550000;2093;;;;;;;;;;;;;;
1.667724;9552500;2089;;;;;;;;;;;;;;
1.670224;9555000;2091;;;;;;;;;;;;;;
1.672724;9557500;2089;;;;;;;;;;;;;;
1.675224;9560000;2089;;;;;;;;;;;;;;
1.677724;9562500;2089;;;;;;;;;;;;;;
1.680224;9565000;2091;;;;;;;;;;;;;;
1.682724;9567500;2090;;;;;;;;9568722;58.153;26.784;1002.094;1584.614;-182.902;-333.94
1.685224;9570000;2089;9569153;97.469;-646.264;789.243;413.904;-140.872;36.864;;;;;;;
1.687724;9572500;2090;;;;;;;;;;;;;;
1.690224;9575000;2091;;;;;;;;;;;;;;
1.692724;9577500;2091;;;;;;;;;;;;;;
1.695224;9580000;2091;;;;;;;;;;;;;;
1.697724;9582500;2090;;;;;;;;;;;;;;
1.700224;9585000;2089;;;;;;;;;;;;;;
1.702724;9587500;2090;;;;;;;;;;;;;;
1.705224;9590000;2090;;;;;;;;;;;;;;
1.707724;9592500;2090;;;;;;;;;;;;;;
1.710224;9595000;2089;;;;;;;;;;;;;;
1.712724;9597500;2089;;;;;;;;9598417;58.284;26.738;1001.998;1584.133;-186.882;-330.805
1.715224;9600000;2088;9598847;97.506;-646.214;789.132;385.771;-140.828;47.27;;;;;;;
1.717724;9602500;2091;;;;;;;;;;;;;;
1.720224;9605000;2089;;;;;;;;;;;;;;
1.722724;9607500;2089;;;;;;;;;;;;;;
1.725224;9610000;2091;;;;;;;;;;;;;;
1.727724;9612500;2088;;;;;;;;;;;;;;
1.730224;9615000;2090;;;;;;;;;;;;;;
1.732724;9617500;2089;;;;;;;;;;;;;;
1.735224;9620000;2090;;;;;;;;;;;;;;
1.737724;9622500;2089;9622284;97.584;-646.056;789.289;411.108;-139.037;44.469;9621852;58.279;26.975;1002.101;1589.364;-184.975;-335.703
1.740224;9625000;2089;;;;;;;;;;;;;;
1.742724;9627500;2090;;;;;;;;;;;;;;
1.745224;9630000;2090;;;;;;;;;;;;;;
1.747724;9632500;2090;;;;;;;;;;;;;;
1.750224;9635000;2091;;;;;;;;;;;;;;
1.752724;9637500;2092;;;;;;;;;;;;;;
1.755224;9640000;2092;;;;;;;;;;;;;;
1.757724;9642500;2088;;;;;;;;;;;;;;
1.760224;9645000;2091;;;;;;;;;;;;;;
1.762724;9647500;2089;;;;;;;;;;;;;;
1.765224;9650000;2090;;;;;;;;;;;;;;
1.767724;9652500;2091;9651956;97.311;-646.364;789.279;412.427;-137.773;45.746;9651526;58.202;26.981;1002.18;1586.458;-184.914;-337.293
1.770224;9655000;2090;;;;;;;;;;;;;;
1.772724;9657500;2091;;;;;;;;;;;;;;
1.775224;9660000;2090;;;;;;;;;;;;;;
1.777724;9662500;2091;;;;;;;;;;;;;;
1.780224;9665000;2089;;;;;;;;;;;;;;
1.782724;9667500;2091;;;;;;;;;;;;;;
1.785224;9670000;2092;;;;;;;;;;;;;;
1.787724;9672500;2091;;;;;;;;;;;;;;
1.790224;9675000;2089;;;;;;;;;;;;;;
1.792724;9677500;2088;;;;;;;;;;;;;;
1.795224;9680000;2091;;;;;;;;9681221;58.079;26.992;1002.061;1573.635;-187.918;-333.553
1.797724;9682500;2089;9681653;97.331;-646.254;789.136;378.681;-138.321;46.959;;;;;;;
1.800224;9685000;2091;;;;;;;;;;;;;;
1.802724;9687500;2090;;;;;;;;;;;;;;
1.805224;9690000;2091;;;;;;;;;;;;;;
1.807724;9692500;2089;;;;;;;;;;;;;;
1.810224;9695000;2089;;;;;;;;;;;;;;
1.812724;9697500;2090;;;;;;;;;;;;;;
1.815224;9700000;2090;;;;;;;;;;;;;;
1.817724;9702500;2091;;;;;;;;;;;;;;
1.820224;9705000;2090;;;;;;;;;;;;;;
1.822724;9707500;2090;;;;;;;;;;;;;;
1.825224;9710000;2092;;;;;;;;;;;;;;
1.827724;9712500;2090;9712901;97.467;-645.826;789.128;397.809;-139.28;43.736;9712465;58.073;27.033;1001.935;1582.891;-186.835;-335.25
1.830224;9715000;2091;;;;;;;;;;;;;;
1.832724;9717500;2089;;;;;;;;;;;;;;
1.835224;9720000;2093;;;;;;;;;;;;;;
1.837724;9722500;2091;;;;;;;;;;;;;;
1.840224;9725000;2091;;;;;;;;;;;;;;
1.842724;9727500;2091;;;;;;;;;;;;;;
1.845224;9730000;2090;;;;;;;;;;;;;;
1.847724;9732500;2089;;;;;;;;;;;;;;
1.850224;9735000;2090;;;;;;;;;;;;;;
1.852724;9737500;2090;;;;;;;;;;;;;;
1.855224;9740000;2092;;;;;;;;;;;;;;
1.857724;9742500;2092;;;;;;;;9743708;58.097;27.133;1001.797;1584.247;-184.056;-336.425
1.860224;9745000;2090;9744142;97.424;-645.791;789.096;415.544;-138.441;43.736;;;;;;;
1.862724;9747500;2092;;;;;;;;;;;;;;
1.865224;9750000;2090;;;;;;;;;;;;;;
1.867724;9752500;2091;;;;;;;;;;;;;;
1.870224;9755000;2090;;;;;;;;;;;;;;
1.872724;9757500;2091;;;;;;;;;;;;;;
1.875224;9760000;2092;;;;;;;;;;;;;;
1.877724;9762500;2092;;;;;;;;;;;;;;
1.880224;9765000;2089;;;;;;;;;;;;;;
1.882724;9767500;2091;;;;;;;;;;;;;;
1.885224;9770000;2091;;;;;;;;;;;;;;
1.887724;9772500;2092;;;;;;;;;;;;;;
1.890224;9775000;2091;9775381;97.397;-646.039;789.114;411.829;-138.957;44.612;9774954;57.907;26.96;1001.923;1574.159;-185.79;-334.479
1.892724;9777500;2093;;;;;;;;;;;;;;
1.895224;9780000;2093;;;;;;;;;;;;;;
1.897724;9782500;2091;;;;;;;;;;;;;;
1.900224;9785000;2091;;;;;;;;;;;;;;
1.902724;9787500;2091;;;;;;;;;;;;;;
1.905224;9790000;2090;;;;;;;;;;;;;;
1.907724;9792500;2091;;;;;;;;;;;;;;
1.910224;9795000;2093;;;;;;;;;;;;;;
1.912724;9797500;2091;;;;;;;;;;;;;;
1.915224;9800000;2090;;;;;;;;;;;;;;
1.917724;9802500;2090;;;;;;;;;;;;;;
1.920224;9805000;2091;;;;;;;;9806198;57.933;26.917;1001.907;1575.514;-187.876;-332.63
1.922724;9807500;2091;9806632;97.504;-645.89;788.954;400.863;-139.009;51.132;;;;;;;
1.925224;9810000;2091;;;;;;;;;;;;;;
1.927724;9812500;2090;;;;;;;;;;;;;;
1.930224;9815000;2090;;;;;;;;;;;;;;
1.932724;9817500;2090;;;;;;;;;;;;;;
1.935224;9820000;2092;;;;;;;;;;;;;;
1.937724;9822500;2091;;;;;;;;;;;;;;
1.940224;9825000;2090;;;;;;;;;;;;;;
1.942724;9827500;2092;;;;;;;;;;;;;;
1.945224;9830000;2090;;;;;;;;;;;;;;
1.947724;9832500;2090;;;;;;;;;;;;;;
1.950224;9835000;2092;;;;;;;;9835892;58.062;26.932;1001.814;1575.05;-187.232;-332.624
1.952724;9837500;2090;9836322;97.595;-645.615;788.98;413.195;-139.496;48.137;;;;;;;
1.955224;9840000;2091;;;;;;;;;;;;;;
1.957724;9842500;2091;;;;;;;;;;;;;;
1.960224;9845000;2090;;;;;;;;;;;;;;
1.962724;9847500;2090;;;;;;;;;;;;;;
1.965224;9850000;2089;;;;;;;;;;;;;;
1.967724;9852500;2089;;;;;;;;;;;;;;
1.970224;9855000;2088;;;;;;;;;;;;;;
1.972724;9857500;2090;;;;;;;;;;;;;;
1.975224;9860000;2091;;;;;;;;;;;;;;
1.977724;9862500;2091;;;;;;;;;;;;;;
1.980224;9865000;2089;;;;;;;;;;;;;;
1.982724;9867500;2089;9867569;97.522;-645.615;788.967;430.597;-138.646;43.981;9867137;58.124;26.848;1001.804;1577.235;-184.433;-332.18
1.985224;9870000;2091;;;;;;;;;;;;;;
1.987724;9872500;2089;;;;;;;;;;;;;;
1.990224;9875000;2091;;;;;;;;;;;;;;
1.992724;9877500;2091;;;;;;;;;;;;;;
1.995224;9880000;2091;;;;;;;;;;;;;;
1.997724;9882500;2091;;;;;;;;;;;;;;
2.000224;9885000;2090;;;;;;;;;;;;;;
2.002724;9887500;2089;;;;;;;;;;;;;;
2.005224;9890000;2090;;;;;;;;;;;;;;
2.007724;9892500;2090;;;;;;;;;;;;;;
2.010224;9895000;2092;;;;;;;;;;;;;;
2.012724;9897500;2089;;;;;;;;9898382;58.176;26.921;1001.783;1576.686;-184.836;-332.633
2.015224;9900000;2090;9898812;97.544;-645.64;788.98;427.005;-140.464;43.969;;;;;;;
2.017724;9902500;2089;;;;;;;;;;;;;;
2.020224;9905000;2090;;;;;;;;;;;;;;
2.022724;9907500;2090;;;;;;;;;;;;;;
2.025224;9910000;2091;;;;;;;;;;;;;;
2.027724;9912500;2090;;;;;;;;;;;;;;
2.030224;9915000;2090;;;;;;;;;;;;;;
2.032724;9917500;2089;;;;;;;;;;;;;;
2.035224;9920000;2092;;;;;;;;;;;;;;
2.037724;9922500;2090;;;;;;;;;;;;;;
2.040224;9925000;2091;;;;;;;;;;;;;;
2.042724;9927500;2091;;;;;;;;;;;;;;
2.045224;9930000;2090;9930667;97.663;-645.651;788.986;424.467;-140.878;43.083;9930233;58.171;26.807;1001.933;1577.039;-186.094;-335.689
2.047724;9932500;2090;;;;;;;;;;;;;;
2.050224;9935000;2091;;;;;;;;;;;;;;
2.052724;9937500;2092;;;;;;;;;;;;;;
2.055224;9940000;2090;;;;;;;;;;;;;;
2.057724;9942500;2089;;;;;;;;;;;;;;
2.060224;9945000;2091;;;;;;;;;;;;;;
2.062724;9947500;2091;;;;;;;;;;;;;;
2.065224;9950000;2092;;;;;;;;;;;;;;
2.067724;9952500;2089;;;;;;;;;;;;;;
2.070224;9955000;2090;;;;;;;;;;;;;;
2.072724;9957500;2090;;;;;;;;;;;;;;
2.075224;9960000;2089;;;;;;;;;;;;;;
2.077724;9962500;2090;9963041;97.684;-645.687;788.924;426.431;-142.147;39.179;9962606;58.16;26.949;1001.991;1576.062;-185.54;-336.842
2.080224;9965000;2090;;;;;;;;;;;;;;
2.082724;9967500;2090;;;;;;;;;;;;;;
2.085224;9970000;2091;;;;;;;;;;;;;;
2.087724;9972500;2089;;;;;;;;;;;;;;
2.090224;9975000;2090;;;;;;;;;;;;;;
2.092724;9977500;2090;;;;;;;;;;;;;;
2.095224;9980000;2088;;;;;;;;;;;;;;
2.097724;9982500;2089;;;;;;;;;;;;;;
2.100224;9985000;2091;;;;;;;;;;;;;;
2.102724;9987500;2090;;;;;;;;;;;;;;
2.105224;9990000;2091;;;;;;;;;;;;;;
2.107724;9992500;2090;;;;;;;;9993343;58.247;27.065;1002.045;1585.197;-186.763;-339.25
2.110224;9995000;2091;9993777;97.606;-645.726;789.091;433.11;-138.977;42.033;;;;;;;
2.112724;9997500;2090;;;;;;;;;;;;;;
2.115224;10000000;2090;;;;;;;;;;;;;;
2.117724;10002500;2090;;;;;;;;;;;;;;
2.120224;10005000;2091;;;;;;;;;;;;;;
2.122724;10007500;2090;;;;;;;;;;;;;;
2.125224;10010000;2091;;;;;;;;;;;;;;
2.127724;10012500;2089;;;;;;;;;;;;;;
2.130224;10015000;2089;10016244;97.362;-645.928;789.012;420.642;-136.403;43.431;10015816;58.116;27.17;1002.03;1585.562;-186.175;-336.725
2.132724;10017500;2091;;;;;;;;;;;;;;
2.135224;10020000;2091;;;;;;;;;;;;;;
2.137724;10022500;2089;;;;;;;;;;;;;;
2.140224;10025000;2090;;;;;;;;;;;;;;
2.142724;10027500;2090;;;;;;;;;;;;;;
2.145224;10030000;2089;;;;;;;;;;;;;;
2.147724;10032500;2091;;;;;;;;;;;;;;
2.150224;10035000;2089;;;;;;;;;;;;;;
2.152724;10037500;2088;;;;;;;;;;;;;;
2.155224;10040000;2090;;;;;;;;;;;;;;
2.157724;10042500;2093;;;;;;;;;;;;;;
2.160224;10045000;2092;;;;;;;;;;;;;;
2.162724;10047500;2090;;;;;;;;10048361;58.151;27.087;1001.9;1581.534;-187.803;-334.764
2.165224;10050000;2089;10048795;97.38;-645.59;789.022;431.11;-142.708;36.447;;;;;;;
2.167724;10052500;2090;;;;;;;;;;;;;;
2.170224;10055000;2090;;;;;;;;;;;;;;
2.172724;10057500;2092;;;;;;;;;;;;;;
2.175224;10060000;2090;;;;;;;;;;;;;;
2.177724;10062500;2090;;;;;;;;;;;;;;
2.180224;10065000;2089;;;;;;;;;;;;;;
2.182724;10067500;2089;;;;;;;;;;;;;;
2.185224;10070000;2090;;;;;;;;;;;;;;
2.187724;10072500;2089;;;;;;;;;;;;;;
2.190224;10075000;2091;;;;;;;;;;;;;;
2.192724;10077500;2092;;;;;;;;;;;;;;
2.195224;10080000;2091;10079700;97.446;-645.47;788.965;425.304;-137.76;39.874;10079273;58.311;27.001;1001.861;1579.895;-186.288;-336.838
2.197724;10082500;2090;;;;;;;;;;;;;;
2.200224;10085000;2089;;;;;;;;;;;;;;
2.202724;10087500;2091;;;;;;;;;;;;;;
2.205224;10090000;2089;;;;;;;;;;;;;;
2.207724;10092500;2091;;;;;;;;;;;;;;
2.210224;10095000;2090;;;;;;;;;;;;;;
2.212724;10097500;2091;;;;;;;;;;;;;;
2.215224;10100000;2089;;;;;;;;;;;;;;
2.217724;10102500;2089;;;;;;;;;;;;;;
2.220224;10105000;2090;;;;;;;;;;;;;;
2.222724;10107500;2089;;;;;;;;;;;;;;
2.225224;10110000;2089;;;;;;;;;;;;;;
2.227724;10112500;2088;10112253;97.515;-647.826;788.575;406.227;-133.934;61.506;10111819;58.793;28.329;995.255;1549.9;-192.286;-313.871
2.230224;10115000;2088;;;;;;;;;;;;;;
2.232724;10117500;2090;;;;;;;;;;;;;;
2.235224;10120000;2088;;;;;;;;;;;;;;
2.237724;10122500;2089;;;;;;;;;;;;;;
2.240224;10125000;2080;;;;;;;;;;;;;;
2.242724;10127500;2091;;;;;;;;;;;;;;
2.245224;10130000;2089;;;;;;;;;;;;;;
2.247724;10132500;2090;;;;;;;;;;;;;;
2.250224;10135000;2089;;;;;;;;;;;;;;
2.252724;10137500;2088;;;;;;;;;;;;;;
2.255224;10140000;2091;;;;;;;;;;;;;;
2.257724;10142500;2090;;;;;;;;;;;;;;
2.260224;10145000;2090;10144707;97.013;-650.272;789.29;408.665;-78.675;149.868;10144277;58.989;28.999;997.147;1646.53;-156.422;-343.24
2.262724;10147500;2090;;;;;;;;;;;;;;
2.265224;10150000;2090;;;;;;;;;;;;;;
2.267724;10152500;2091;;;;;;;;;;;;;;
2.270224;10155000;2089;;;;;;;;;;;;;;
2.272724;10157500;2089;;;;;;;;;;;;;;
2.275224;10160000;2088;;;;;;;;;;;;;;
2.277724;10162500;2089;;;;;;;;;;;;;;
2.280224;10165000;2091;;;;;;;;;;;;;;
2.282724;10167500;2091;;;;;;;;;;;;;;
2.285224;10170000;2090;;;;;;;;;;;;;;
2.287724;10172500;2088;;;;;;;;;;;;;;
2.290224;10175000;2091;;;;;;;;;;;;;;
2.292724;10177500;2089;10177170;97.341;-648.99;788.89;297.669;-100.554;126.187;10176738;58.602;29.806;996.779;1615.828;-173.101;-337.016
2.295224;10180000;2089;;;;;;;;;;;;;;
2.297724;10182500;2090;;;;;;;;;;;;;;
2.300224;10185000;2090;;;;;;;;;;;;;;
2.302724;10187500;2090;;;;;;;;;;;;;;
2.305224;10190000;2089;;;;;;;;;;;;;;
2.307724;10192500;2090;;;;;;;;;;;;;;
2.310224;10195000;2089;;;;;;;;;;;;;;
2.312724;10197500;2090;;;;;;;;;;;;;;
2.315224;10200000;2091;;;;;;;;;;;;;;
2.317724;10202500;2089;;;;;;;;;;;;;;
2.320224;10205000;2090;;;;;;;;;;;;;;
2.322724;10207500;2089;;;;;;;;;;;;;;
2.325224;10210000;2080;10209715;98.653;-647.504;787.656;270.973;-120.464;97.565;10209284;58.923;28.413;996.765;1560.412;-173.196;-323.665
2.327724;10212500;2088;;;;;;;;;;;;;;
2.330224;10215000;2090;;;;;;;;;;;;;;
2.332724;10217500;2090;;;;;;;;;;;;;;
2.335224;10220000;2092;;;;;;;;;;;;;;
2.337724;10222500;2091;;;;;;;;;;;;;;
2.340224;10225000;2089;;;;;;;;;;;;;;
2.342724;10227500;2091;;;;;;;;;;;;;;
2.345224;10230000;2089;;;;;;;;;;;;;;
2.347724;10232500;2088;;;;;;;;;;;;;;
2.350224;10235000;2088;;;;;;;;;;;;;;
2.352724;10237500;2090;;;;;;;;;;;;;;
2.355224;10240000;2090;10240545;98.826;-647.617;787.118;281.925;-100.003;121.562;10240106;58.88;27.072;997.587;1560.266;-169.786;-322.794
2.357724;10242500;2089;;;;;;;;;;;;;;
2.360224;10245000;2090;;;;;;;;;;;;;;
2.362724;10247500;2091;;;;;;;;;;;;;;
2.365224;10250000;2091;;;;;;;;;;;;;;
2.367724;10252500;2092;;;;;;;;;;;;;;
2.370224;10255000;2092;;;;;;;;;;;;;;
2.372724;10257500;2089;;;;;;;;;;;;;;
2.375224;10260000;2091;;;;;;;;;;;;;;
2.377724;10262500;2091;;;;;;;;;;;;;;
2.380224;10265000;2089;;;;;;;;;;;;;;
2.382724;10267500;2090;;;;;;;;;;;;;;
2.385224;10270000;2090;;;;;;;;;;;;;;
2.387724;10272500;2089;10273076;98.545;-647.439;787.656;293.204;-123.878;86.609;10272654;58.511;27.749;997.777;1550.94;-177.484;-317.154
2.390224;10275000;2091;;;;;;;;;;;;;;
2.392724;10277500;2090;;;;;;;;;;;;;;
2.395224;10280000;2090;;;;;;;;;;;;;;
2.397724;10282500;2090;;;;;;;;;;;;;;
2.400224;10285000;2089;;;;;;;;;;;;;;
2.402724;10287500;2093;;;;;;;;;;;;;;
2.405224;10290000;2090;;;;;;;;;;;;;;
2.407724;10292500;2089;;;;;;;;;;;;;;
2.410224;10295000;2090;;;;;;;;;;;;;;
2.412724;10297500;2090;;;;;;;;;;;;;;
2.415224;10300000;2090;;;;;;;;;;;;;;
2.417724;10302500;2090;;;;;;;;;;;;;;
2.420224;10305000;2089;10305547;98.803;-646.677;787.545;324.043;-150.497;49.028;10305113;58.483;26.935;998.396;1525.893;-180.423;-309.609
2.422724;10307500;2090;;;;;;;;;;;;;;
2.425224;10310000;2090;;;;;;;;;;;;;;
2.427724;10312500;2090;;;;;;;;;;;;;;
2.430224;10315000;2091;;;;;;;;;;;;;;
2.432724;10317500;2092;;;;;;;;;;;;;;
2.435224;10320000;2092;;;;;;;;;;;;;;
2.437724;10322500;2089;;;;;;;;;;;;;;
2.440224;10325000;2089;;;;;;;;;;;;;;
2.442724;10327500;2090;;;;;;;;;;;;;;
2.445224;10330000;2091;;;;;;;;;;;;;;
2.447724;10332500;2093;;;;;;;;;;;;;;
2.450224;10335000;2091;;;;;;;;;;;;;;
2.452724;10337500;2089;;;;;;;;;;;;;;
2.455224;10340000;2088;;;;;;;;;;;;;;
2.457724;10342500;2091;;;;;;;;;;;;;;
2.460224;10345000;2089;;;;;;;;;;;;;;
2.462724;10347500;2090;10347906;98.773;-646.557;787.708;365.154;-147.784;25.139;10347471;58.383;27.425;998.356;1537.974;-177.526;-313.816
2.465224;10350000;2089;;;;;;;;;;;;;;
2.467724;10352500;2090;;;;;;;;;;;;;;
2.470224;10355000;2090;;;;;;;;;;;;;;
2.472724;10357500;2089;;;;;;;;;;;;;;
2.475224;10360000;2090;;;;;;;;;;;;;;
2.477724;10362500;2091;;;;;;;;;;;;;;
2.480224;10365000;2089;;;;;;;;;;;;;;
2.482724;10367500;2089;;;;;;;;;;;;;;
2.485224;10370000;2090;;;;;;;;;;;;;;
2.487724;10372500;2091;;;;;;;;;;;;;;
2.490224;10375000;2090;;;;;;;;;;;;;;
2.492724;10377500;2090;;;;;;;;;;;;;;
2.495224;10380000;2092;10380363;98.69;-647.053;787.424;368.333;-146.958;26.07;10379932;58.526;26.602;998.97;1541.138;-173.025;-314.313
2.497724;10382500;2090;;;;;;;;;;;;;;
2.500224;10385000;2091;;;;;;;;;;;;;;
2.502724;10387500;2090;;;;;;;;;;;;;;
2.505224;10390000;2090;;;;;;;;;;;;;;
2.507724;10392500;2091;;;;;;;;;;;;;;
2.510224;10395000;2092;;;;;;;;;;;;;;
2.512724;10397500;2091;;;;;;;;;;;;;;
2.515224;10400000;2087;;;;;;;;;;;;;;
2.517724;10402500;2090;;;;;;;;;;;;;;
2.520224;10405000;2089;;;;;;;;;;;;;;
2.522724;10407500;2091;;;;;;;;;;;;;;
2.525224;10410000;2089;;;;;;;;;;;;;;
2.527724;10412500;2092;10412821;98.508;-647.006;787.526;300.042;-134.36;51.454;10412391;58.466;26.816;999.072;1553.331;-174.874;-311.722
2.530224;10415000;2091;;;;;;;;;;;;;;
2.532724;10417500;2092;;;;;;;;;;;;;;
2.535224;10420000;2091;;;;;;;;;;;;;;
2.537724;10422500;2090;;;;;;;;;;;;;;
2.540224;10425000;2089;;;;;;;;;;;;;;
2.542724;10427500;2091;;;;;;;;;;;;;;
2.545224;10430000;2091;;;;;;;;;;;;;;
2.547724;10432500;2092;;;;;;;;;;;;;;
2.550224;10435000;2090;;;;;;;;;;;;;;
2.552724;10437500;2091;;;;;;;;;;;;;;
2.555224;10440000;2089;;;;;;;;;;;;;;
2.557724;10442500;2091;;;;;;;;;;;;;;
2.560224;10445000;2093;10445288;98.572;-646.473;787.604;271.477;-138.579;49.319;10444849;58.41;27.091;999.084;1552.227;-176.63;-308.386
2.562724;10447500;2090;;;;;;;;;;;;;;
2.565224;10450000;2091;;;;;;;;;;;;;;
2.567724;10452500;2090;;;;;;;;;;;;;;
2.570224;10455000;2090;;;;;;;;;;;;;;
2.572724;10457500;2090;;;;;;;;;;;;;;
2.575224;10460000;2091;;;;;;;;;;;;;;
2.577724;10462500;2091;;;;;;;;;;;;;;
2.580224;10465000;2091;;;;;;;;;;;;;;
2.582724;10467500;2090;;;;;;;;;;;;;;
2.585224;10470000;2090;;;;;;;;;;;;;;
2.587724;10472500;2089;;;;;;;;;;;;;;
2.590224;10475000;2089;10476097;98.548;-646.37;787.721;338.403;-140.4;35.478;10475674;58.43;26.884;999.387;1560.365;-171.299;-311.342
2.592724;10477500;2091;;;;;;;;;;;;;;
2.595224;10480000;2089;;;;;;;;;;;;;;
2.597724;10482500;2092;;;;;;;;;;;;;;
2.600224;10485000;2090;;;;;;;;;;;;;;
2.602724;10487500;2090;;;;;;;;;;;;;;
2.605224;10490000;2090;;;;;;;;;;;;;;
2.607724;10492500;2091;;;;;;;;;;;;;;
2.610224;10495000;2089;;;;;;;;;;;;;;
2.612724;10497500;2090;;;;;;;;;;;;;;
2.615224;10500000;2089;;;;;;;;;;;;;;
2.617724;10502500;2088;;;;;;;;;;;;;;
2.620224;10505000;2093;;;;;;;;;;;;;;
2.622724;10507500;2090;10508568;98.33;-646.601;787.699;328.483;-140.38;39.829;10508133;58.4;26.924;999.597;1570.722;-174.546;-312.837
2.625224;10510000;2090;;;;;;;;;;;;;;
2.627724;10512500;2090;;;;;;;;;;;;;;
2.630224;10515000;2091;;;;;;;;;;;;;;
2.632724;10517500;2092;;;;;;;;;;;;;;
2.635224;10520000;2091;;;;;;;;;;;;;;
2.637724;10522500;2089;;;;;;;;;;;;;;
2.640224;10525000;2079;;;;;;;;;;;;;;
2.642724;10527500;2091;;;;;;;;;;;;;;
2.645224;10530000;2091;;;;;;;;;;;;;;
2.647724;10532500;2089;;;;;;;;;;;;;;
2.650224;10535000;2091;;;;;;;;;;;;;;
2.652724;10537500;2089;;;;;;;;;;;;;;
2.655224;10540000;2089;10541027;98.269;-646.522;787.756;304.184;-141.674;44.838;10540592;58.359;27.036;999.667;1570.061;-176.756;-314.695
2.657724;10542500;2089;;;;;;;;;;;;;;
2.660224;10545000;2090;;;;;;;;;;;;;;
2.662724;10547500;2091;;;;;;;;;;;;;;
2.665224;10550000;2090;;;;;;;;;;;;;;
2.667724;10552500;2089;;;;;;;;;;;;;;
2.670224;10555000;2090;;;;;;;;;;;;;;
2.672724;10557500;2089;;;;;;;;;;;;;;
2.675224;10560000;2091;;;;;;;;;;;;;;
2.677724;10562500;2091;;;;;;;;;;;;;;
2.680224;10565000;2093;;;;;;;;;;;;;;
2.682724;10567500;2089;;;;;;;;;;;;;;
2.685224;10570000;2091;;;;;;;;;;;;;;
2.687724;10572500;2091;10573484;98.467;-646.135;787.915;316.537;-140.715;45.221;10573052;58.375;27.063;999.789;1571.62;-181.481;-316.461
2.690224;10575000;2088;;;;;;;;;;;;;;
2.692724;10577500;2090;;;;;;;;;;;;;;
2.695224;10580000;2089;;;;;;;;;;;;;;
2.697724;10582500;2089;;;;;;;;;;;;;;
2.700224;10585000;2089;;;;;;;;;;;;;;
2.702724;10587500;2090;;;;;;;;;;;;;;
2.705224;10590000;2091;;;;;;;;;;;;;;
2.707724;10592500;2090;;;;;;;;;;;;;;
2.710224;10595000;2091;;;;;;;;;;;;;;
2.712724;10597500;2091;;;;;;;;;;;;;;
2.715224;10600000;2090;;;;;;;;;;;;;;
2.717724;10602500;2092;;;;;;;;;;;;;;
2.720224;10605000;2090;10605942;98.424;-646.207;788.029;326.523;-137.617;48.21;10605512;58.268;26.856;1000.009;1574.852;-183.782;-319.45
2.722724;10607500;2090;;;;;;;;;;;;;;
2.725224;10610000;2090;;;;;;;;;;;;;;
2.727724;10612500;2091;;;;;;;;;;;;;;
2.730224;10615000;2090;;;;;;;;;;;;;;
2.732724;10617500;2092;;;;;;;;;;;;;;
2.735224;10620000;2091;;;;;;;;;;;;;;
2.737724;10622500;2090;;;;;;;;;;;;;;
2.740224;10625000;2089;;;;;;;;;;;;;;
2.742724;10627500;2090;;;;;;;;;;;;;;
2.745224;10630000;2089;;;;;;;;;;;;;;
2.747724;10632500;2089;;;;;;;;;;;;;;
2.750224;10635000;2090;;;;;;;;;;;;;;
2.752724;10637500;2091;10636859;98.456;-646.373;788.045;329.447;-139.048;43.612;10636421;58.118;26.843;1000.108;1579.672;-182.905;-319.665
2.755224;10640000;2089;;;;;;;;;;;;;;
2.757724;10642500;2091;;;;;;;;;;;;;;
2.760224;10645000;2090;;;;;;;;;;;;;;
2.762724;10647500;2090;;;;;;;;;;;;;;
2.765224;10650000;2090;;;;;;;;;;;;;;
2.767724;10652500;2093;;;;;;;;;;;;;;
2.770224;10655000;2090;;;;;;;;;;;;;;
2.772724;10657500;2092;;;;;;;;;;;;;;
2.775224;10660000;2091;;;;;;;;;;;;;;
2.777724;10662500;2090;;;;;;;;;;;;;;
2.780224;10665000;2091;;;;;;;;;;;;;;
2.782724;10667500;2092;;;;;;;;;;;;;;
2.785224;10670000;2090;10669390;98.486;-646.281;788.074;322.599;-139.096;45.369;10668968;58.238;26.989;1000.098;1575.501;-184.26;-318.557
2.787724;10672500;2088;;;;;;;;;;;;;;
2.790224;10675000;2091;;;;;;;;;;;;;;
2.792724;10677500;2091;;;;;;;;;;;;;;
2.795224;10680000;2089;;;;;;;;;;;;;;
2.797724;10682500;2090;;;;;;;;;;;;;;
2.800224;10685000;2090;;;;;;;;;;;;;;
2.802724;10687500;2091;;;;;;;;;;;;;;
2.805224;10690000;2090;;;;;;;;;;;;;;
2.807724;10692500;2092;;;;;;;;;;;;;;
2.810224;10695000;2092;;;;;;;;;;;;;;
2.812724;10697500;2090;;;;;;;;;;;;;;
2.815224;10700000;2089;;;;;;;;;;;;;;
2.817724;10702500;2089;10701948;98.302;-646.193;788.234;334.907;-138.704;43.538;10701514;58.272;26.927;1000.15;1576.351;-185.547;-319.254
2.820224;10705000;2091;;;;;;;;;;;;;;
2.822724;10707500;2091;;;;;;;;;;;;;;
2.825224;10710000;2090;;;;;;;;;;;;;;
2.827724;10712500;2090;;;;;;;;;;;;;;
2.830224;10715000;2089;;;;;;;;;;;;;;
2.832724;10717500;2090;;;;;;;;;;;;;;
2.835224;10720000;2092;;;;;;;;;;;;;;
2.837724;10722500;2091;;;;;;;;;;;;;;
2.840224;10725000;2091;;;;;;;;;;;;;;
2.842724;10727500;2091;;;;;;;;;;;;;;
2.845224;10730000;2089;;;;;;;;;;;;;;
2.847724;10732500;2091;;;;;;;;;;;;;;
2.850224;10735000;2090;10734494;98.297;-646.207;788.29;349.224;-139.643;42.236;10734059;58.11;26.911;1000.241;1581.533;-185.895;-320.354
2.852724;10737500;2090;;;;;;;;;;;;;;
2.855224;10740000;2091;;;;;;;;;;;;;;
2.857724;10742500;2090;;;;;;;;;;;;;;
2.860224;10745000;2090;;;;;;;;;;;;;;
2.862724;10747500;2089;;;;;;;;;;;;;;
2.865224;10750000;2091;;;;;;;;;;;;;;
2.867724;10752500;2090;;;;;;;;;;;;;;
2.870224;10755000;2089;;;;;;;;;;;;;;
2.872724;10757500;2090;;;;;;;;;;;;;;
2.875224;10760000;2089;;;;;;;;;;;;;;
2.877724;10762500;2092;;;;;;;;;;;;;;
2.880224;10765000;2089;;;;;;;;;;;;;;
2.882724;10767500;2090;10767038;98.091;-646.337;788.324;334.388;-136.161;47.999;10766606;58.096;26.828;1000.255;1583.394;-186.663;-320.086
2.885224;10770000;2091;;;;;;;;;;;;;;
2.887724;10772500;2090;;;;;;;;;;;;;;
2.890224;10775000;2088;;;;;;;;;;;;;;
2.892724;10777500;2089;;;;;;;;;;;;;;
2.895224;10780000;2090;;;;;;;;;;;;;;
2.897724;10782500;2089;;;;;;;;;;;;;;
2.900224;10785000;2090;;;;;;;;;;;;;;
2.902724;10787500;2089;;;;;;;;;;;;;;
2.905224;10790000;2090;;;;;;;;;;;;;;
2.907724;10792500;2090;;;;;;;;;;;;;;
2.910224;10795000;2091;;;;;;;;;;;;;;
2.912724;10797500;2090;10797947;98.042;-646.307;788.436;324.231;-138.541;49.537;10797517;58.034;26.944;1000.293;1586.037;-187.829;-320.707
2.915224;10800000;2089;;;;;;;;;;;;;;
2.917724;10802500;2090;;;;;;;;;;;;;;
2.920224;10805000;2090;;;;;;;;;;;;;;
2.922724;10807500;2091;;;;;;;;;;;;;;
2.925224;10810000;2089;;;;;;;;;;;;;;
2.927724;10812500;2091;;;;;;;;;;;;;;
2.930224;10815000;2089;;;;;;;;;;;;;;
2.932724;10817500;2088;;;;;;;;;;;;;;
2.935224;10820000;2089;;;;;;;;;;;;;;
2.937724;10822500;2089;10822252;97.99;-646.09;788.438;347.394;-139.051;45.31;10821820;58.054;26.994;1000.225;1588.985;-188.5;-323.921
2.940224;10825000;2090;;;;;;;;;;;;;;
2.942724;10827500;2088;;;;;;;;;;;;;;
2.945224;10830000;2091;;;;;;;;;;;;;;
2.947724;10832500;2090;;;;;;;;;;;;;;
2.950224;10835000;2089;;;;;;;;;;;;;;
2.952724;10837500;2090;;;;;;;;;;;;;;
2.955224;10840000;2089;;;;;;;;;;;;;;
2.957724;10842500;2089;;;;;;;;;;;;;;
2.960224;10845000;2091;;;;;;;;;;;;;;
2.962724;10847500;2088;;;;;;;;;;;;;;
2.965224;10850000;2091;;;;;;;;;;;;;;
2.967724;10852500;2090;10853139;97.921;-646.25;788.38;347.087;-137.349;45.669;10852709;57.982;26.834;1000.289;1587.411;-188.7;-323.913
2.970224;10855000;2091;;;;;;;;;;;;;;
2.972724;10857500;2089;;;;;;;;;;;;;;
2.975224;10860000;2091;;;;;;;;;;;;;;
2.977724;10862500;2090;;;;;;;;;;;;;;
2.980224;10865000;2091;;;;;;;;;;;;;;
2.982724;10867500;2089;;;;;;;;;;;;;;
2.985224;10870000;2089;;;;;;;;;;;;;;
2.987724;10872500;2088;;;;;;;;;;;;;;
2.990224;10875000;2090;;;;;;;;;;;;;;
2.992724;10877500;2090;;;;;;;;;;;;;;
2.995224;10880000;2089;;;;;;;;;;;;;;
2.997724;10882500;2088;;;;;;;;10883619;57.992;27.005;1000.282;1591.603;-192.828;-323.03
3.000224;10885000;2089;10884051;98.082;-645.999;788.367;331.92;-137.481;46.886;;;;;;;
3.002724;10887500;2090;;;;;;;;;;;;;;
3.005224;10890000;2090;;;;;;;;;;;;;;
3.007724;10892500;2089;;;;;;;;;;;;;;
3.010224;10895000;2089;;;;;;;;;;;;;;
3.012724;10897500;2090;;;;;;;;;;;;;;
3.015224;10900000;2089;;;;;;;;;;;;;;
3.017724;10902500;2090;;;;;;;;;;;;;;
3.020224;10905000;2090;;;;;;;;;;;;;;
3.022724;10907500;2089;;;;;;;;;;;;;;
3.025224;10910000;2088;;;;;;;;;;;;;;
3.027724;10912500;2089;;;;;;;;;;;;;;
3.030224;10915000;2090;;;;;;;;10916166;58.063;27.277;999.654;1576.335;-192.374;-317.816
3.032724;10917500;2088;10916601;98.314;-645.346;788.147;317.949;-141.982;44.541;;;;;;;
3.035224;10920000;2089;;;;;;;;;;;;;;
3.037724;10922500;2089;;;;;;;;;;;;;;
3.040224;10925000;2090;;;;;;;;;;;;;;
3.042724;10927500;2090;;;;;;;;;;;;;;
3.045224;10930000;2089;;;;;;;;;;;;;;
3.047724;10932500;2089;;;;;;;;;;;;;;
3.050224;10935000;2089;;;;;;;;;;;;;;
3.052724;10937500;2088;;;;;;;;;;;;;;
3.055224;10940000;2088;;;;;;;;;;;;;;
3.057724;10942500;2088;;;;;;;;;;;;;;
3.060224;10945000;2089;;;;;;;;;;;;;;
3.062724;10947500;2089;;;;;;;;10948624;58.393;26.627;999.984;1563.143;-201.13;-311.987
3.065224;10950000;2089;10949058;98.382;-644.786;788.127;297.239;-138.821;57.627;;;;;;;
3.067724;10952500;2089;;;;;;;;;;;;;;
3.070224;10955000;2089;;;;;;;;;;;;;;
3.072724;10957500;2089;;;;;;;;;;;;;;
3.075224;10960000;2090;;;;;;;;;;;;;;
3.077724;10962500;2091;;;;;;;;;;;;;;
3.080224;10965000;2090;;;;;;;;;;;;;;
3.082724;10967500;2088;;;;;;;;;;;;;;
3.085224;10970000;2090;;;;;;;;;;;;;;
3.087724;10972500;2090;;;;;;;;;;;;;;
3.090224;10975000;2088;;;;;;;;;;;;;;
3.092724;10977500;2089;;;;;;;;;;;;;;
3.095224;10980000;2091;;;;;;;;10981084;58.218;27.394;999.846;1582.548;-207.699;-311.263
3.097724;10982500;2089;10981512;98.105;-644.737;788.176;323.94;-142.817;37.246;;;;;;;
3.100224;10985000;2089;;;;;;;;;;;;;;
3.102724;10987500;2090;;;;;;;;;;;;;;
3.105224;10990000;2089;;;;;;;;;;;;;;
3.107724;10992500;2089;;;;;;;;;;;;;;
3.110224;10995000;2089;;;;;;;;;;;;;;
3.112724;10997500;2089;;;;;;;;;;;;;;
3.115224;11000000;2090;;;;;;;;;;;;;;
3.117724;11002500;2089;;;;;;;;;;;;;;
3.120224;11005000;2090;;;;;;;;;;;;;;
3.122724;11007500;2089;;;;;;;;;;;;;;
3.125224;11010000;2088;;;;;;;;;;;;;;
3.127724;11012500;2088;;;;;;;;11013544;58.406;27.263;999.733;1568.171;-206.501;-307.95
3.130224;11015000;2089;11013978;98.324;-644.531;788.27;351.493;-161.489;19.633;;;;;;;
3.132724;11017500;2090;;;;;;;;;;;;;;
3.135224;11020000;2089;;;;;;;;;;;;;;
3.137724;11022500;2088;;;;;;;;;;;;;;
3.140224;11025000;2090;;;;;;;;;;;;;;
3.142724;11027500;2089;;;;;;;;;;;;;;
3.145224;11030000;2090;;;;;;;;;;;;;;
3.147724;11032500;2089;;;;;;;;;;;;;;
3.150224;11035000;2089;;;;;;;;;;;;;;
3.152724;11037500;2090;;;;;;;;;;;;;;
3.155224;11040000;2091;;;;;;;;;;;;;;
3.157724;11042500;2090;;;;;;;;;;;;;;
3.160224;11045000;2090;;;;;;;;;;;;;;
3.162724;11047500;2091;;;;;;;;;;;;;;
3.165224;11050000;2090;;;;;;;;;;;;;;
3.167724;11052500;2089;;;;;;;;;;;;;;
3.170224;11055000;2090;;;;;;;;11055902;58.377;27.73;999.87;1587.325;-201.864;-315.302
3.172724;11057500;2090;11056337;98.416;-644.671;788.232;375.481;-171.789;-2.348;;;;;;;
3.175224;11060000;2090;;;;;;;;;;;;;;
3.177724;11062500;2090;;;;;;;;;;;;;;
3.180224;11065000;2090;;;;;;;;;;;;;;
3.182724;11067500;2091;;;;;;;;;;;;;;
3.185224;11070000;2090;;;;;;;;;;;;;;
3.187724;11072500;2090;;;;;;;;;;;;;;
3.190224;11075000;2090;;;;;;;;;;;;;;
3.192724;11077500;2090;;;;;;;;;;;;;;
3.195224;11080000;2089;;;;;;;;;;;;;;
3.197724;11082500;2091;;;;;;;;;;;;;;
3.200224;11085000;2090;;;;;;;;;;;;;;
3.202724;11087500;2090;;;;;;;;11088363;58.313;27.49;999.726;1566.584;-199.208;-311.35
3.205224;11090000;2091;11088794;98.296;-644.511;788.068;390.394;-174.575;-12.293;;;;;;;
3.207724;11092500;2090;;;;;;;;;;;;;;
3.210224;11095000;2091;;;;;;;;;;;;;;
3.212724;11097500;2090;;;;;;;;;;;;;;
3.215224;11100000;2091;;;;;;;;;;;;;;
3.217724;11102500;2088;;;;;;;;;;;;;;
3.220224;11105000;2090;;;;;;;;;;;;;;
3.222724;11107500;2089;;;;;;;;;;;;;;
3.225224;11110000;2091;;;;;;;;;;;;;;
3.227724;11112500;2090;;;;;;;;;;;;;;
3.230224;11115000;2089;;;;;;;;;;;;;;
3.232724;11117500;2090;;;;;;;;;;;;;;
3.235224;11120000;2089;11119704;98.456;-644.433;788.193;371.75;-168.909;5.821;11119273;58.198;27.592;999.796;1564.817;-198.435;-313.282
3.237724;11122500;2090;;;;;;;;;;;;;;
3.240224;11125000;2091;;;;;;;;;;;;;;
3.242724;11127500;2089;;;;;;;;;;;;;;
3.245224;11130000;2090;;;;;;;;;;;;;;
3.247724;11132500;2091;;;;;;;;;;;;;;
3.250224;11135000;2089;;;;;;;;;;;;;;
3.252724;11137500;2091;;;;;;;;;;;;;;
3.255224;11140000;2090;;;;;;;;;;;;;;
3.257724;11142500;2089;;;;;;;;;;;;;;
3.260224;11145000;2089;;;;;;;;;;;;;;
3.262724;11147500;2090;;;;;;;;;;;;;;
3.265224;11150000;2090;;;;;;;;;;;;;;
3.267724;11152500;2090;11152077;98.285;-644.815;788.281;370.225;-157.838;13.843;11151645;58.197;27.584;999.943;1561.826;-197.701;-315.993
3.270224;11155000;2091;;;;;;;;;;;;;;
3.272724;11157500;2090;;;;;;;;;;;;;;
3.275224;11160000;2088;;;;;;;;;;;;;;
3.277724;11162500;2093;;;;;;;;;;;;;;
3.280224;11165000;2089;;;;;;;;;;;;;;
3.282724;11167500;2090;;;;;;;;;;;;;;
3.285224;11170000;2090;;;;;;;;;;;;;;
3.287724;11172500;2090;;;;;;;;;;;;;;
3.290224;11175000;2090;;;;;;;;;;;;;;
3.292724;11177500;2092;;;;;;;;;;;;;;
3.295224;11180000;2090;;;;;;;;;;;;;;
3.297724;11182500;2089;;;;;;;;;;;;;;
3.300224;11185000;2090;11184535;98.337;-644.618;788.437;366.151;-153.009;18.4;11184105;58.277;27.541;1000.02;1555.047;-199.191;-314.193
3.302724;11187500;2089;;;;;;;;;;;;;;
3.305224;11190000;2091;;;;;;;;;;;;;;
3.307724;11192500;2090;;;;;;;;;;;;;;
3.310224;11195000;2091;;;;;;;;;;;;;;
3.312724;11197500;2089;;;;;;;;;;;;;;
3.315224;11200000;2090;;;;;;;;;;;;;;
3.317724;11202500;2090;;;;;;;;;;;;;;
3.320224;11205000;2090;;;;;;;;;;;;;;
3.322724;11207500;2090;;;;;;;;;;;;;;
3.325224;11210000;2090;;;;;;;;;;;;;;
3.327724;11212500;2088;;;;;;;;;;;;;;
3.330224;11215000;2091;;;;;;;;;;;;;;
3.332724;11217500;2091;11217083;98.104;-644.266;788.873;411.281;-152.796;15.293;11216651;58.346;27.372;1000.076;1558.232;-197.106;-321.234
3.335224;11220000;2091;;;;;;;;;;;;;;
3.337724;11222500;2089;;;;;;;;;;;;;;
3.340224;11225000;2090;;;;;;;;;;;;;;
3.342724;11227500;2090;;;;;;;;;;;;;;
3.345224;11230000;2091;;;;;;;;;;;;;;
3.347724;11232500;2090;;;;;;;;;;;;;;
3.350224;11235000;2089;;;;;;;;;;;;;;
3.352724;11237500;2090;;;;;;;;;;;;;;
3.355224;11240000;2090;;;;;;;;;;;;;;
3.357724;11242500;2091;;;;;;;;;;;;;;
3.360224;11245000;2089;;;;;;;;;;;;;;
3.362724;11247500;2090;;;;;;;;;;;;;;
3.365224;11250000;2089;11249631;97.969;-644.468;788.896;449.342;-160.906;0.966;11249196;58.369;27.394;1000.318;1570.008;-196.438;-327.047
3.367724;11252500;2089;;;;;;;;;;;;;;
3.370224;11255000;2089;;;;;;;;;;;;;;
3.372724;11257500;2091;;;;;;;;;;;;;;
3.375224;11260000;2090;;;;;;;;;;;;;;
3.377724;11262500;2090;;;;;;;;;;;;;;
3.380224;11265000;2090;;;;;;;;;;;;;;
3.382724;11267500;2090;;;;;;;;;;;;;;
3.385224;11270000;2090;;;;;;;;;;;;;;
3.387724;11272500;2090;;;;;;;;;;;;;;
3.390224;11275000;2091;;;;;;;;;;;;;;
3.392724;11277500;2090;;;;;;;;;;;;;;
3.395224;11280000;2091;11280453;97.847;-644.879;788.735;402.375;-162.048;9.23;11280021;58.537;27.495;1000.48;1569.82;-201.929;-323.382
3.397724;11282500;2090;;;;;;;;;;;;;;
3.400224;11285000;2089;;;;;;;;;;;;;;
3.402724;11287500;2088;;;;;;;;;;;;;;
3.405224;11290000;2092;;;;;;;;;;;;;;
3.407724;11292500;2088;;;;;;;;;;;;;;
3.410224;11295000;2091;;;;;;;;;;;;;;
3.412724;11297500;2090;;;;;;;;;;;;;;
3.415224;11300000;2089;;;;;;;;;;;;;;
3.417724;11302500;2090;;;;;;;;;;;;;;
3.420224;11305000;2089;;;;;;;;;;;;;;
3.422724;11307500;2088;;;;;;;;;;;;;;
3.425224;11310000;2088;;;;;;;;;;;;;;
3.427724;11312500;2089;11312915;97.756;-644.856;788.741;401.068;-158.321;7.894;11312480;58.446;27.45;1000.519;1578.392;-201.895;-324.713
3.430224;11315000;2089;;;;;;;;;;;;;;
3.432724;11317500;2088;;;;;;;;;;;;;;
3.435224;11320000;2089;;;;;;;;;;;;;;
3.437724;11322500;2088;;;;;;;;;;;;;;
3.440224;11325000;2089;;;;;;;;;;;;;;
3.442724;11327500;2091;;;;;;;;;;;;;;
3.445224;11330000;2090;;;;;;;;;;;;;;
3.447724;11332500;2089;;;;;;;;;;;;;;
3.450224;11335000;2090;;;;;;;;;;;;;;
3.452724;11337500;2089;;;;;;;;;;;;;;
3.455224;11340000;2091;;;;;;;;;;;;;;
3.457724;11342500;2091;;;;;;;;;;;;;;
3.460224;11345000;2089;11345372;97.669;-644.729;788.802;420.827;-150.842;7.061;11344938;58.306;27.382;1000.556;1573.847;-197.488;-326.415
3.462724;11347500;2088;;;;;;;;;;;;;;
3.465224;11350000;2090;;;;;;;;;;;;;;
3.467724;11352500;2089;;;;;;;;;;;;;;
3.470224;11355000;2105;;;;;;;;;;;;;;
3.472724;11357500;2091;;;;;;;;;;;;;;
3.475224;11360000;2090;;;;;;;;;;;;;;
3.477724;11362500;2090;;;;;;;;;;;;;;
3.480224;11365000;2091;;;;;;;;;;;;;;
3.482724;11367500;2089;;;;;;;;;;;;;;
3.485224;11370000;2091;;;;;;;;;;;;;;
3.487724;11372500;2090;;;;;;;;;;;;;;
3.490224;11375000;2091;;;;;;;;;;;;;;
3.492724;11377500;2092;11377826;97.72;-644.805;788.835;415.536;-145.05;14.146;11377399;58.276;27.599;1000.505;1566.905;-198.113;-323.657
3.495224;11380000;2090;;;;;;;;;;;;;;
3.497724;11382500;2090;;;;;;;;;;;;;;
3.500224;11385000;2090;;;;;;;;;;;;;;
3.502724;11387500;2090;;;;;;;;;;;;;;
3.505224;11390000;2092;;;;;;;;;;;;;;
3.507724;11392500;2090;;;;;;;;;;;;;;
3.510224;11395000;2091;;;;;;;;;;;;;;
3.512724;11397500;2089;;;;;;;;;;;;;;
3.515224;11400000;2090;;;;;;;;;;;;;;
3.517724;11402500;2090;;;;;;;;;;;;;;
3.520224;11405000;2089;;;;;;;;;;;;;;
3.522724;11407500;2090;;;;;;;;;;;;;;
3.525224;11410000;2089;11410379;97.647;-645.108;788.854;420.134;-136.048;18.251;11409945;58.333;27.519;1000.628;1555.934;-199.583;-320.161
3.527724;11412500;2092;;;;;;;;;;;;;;
3.530224;11415000;2090;;;;;;;;;;;;;;
3.532724;11417500;2090;;;;;;;;;;;;;;
3.535224;11420000;2090;;;;;;;;;;;;;;
3.537724;11422500;2090;;;;;;;;;;;;;;
3.540224;11425000;2088;;;;;;;;;;;;;;
3.542724;11427500;2089;;;;;;;;;;;;;;
3.545224;11430000;2090;;;;;;;;;;;;;;
3.547724;11432500;2088;;;;;;;;;;;;;;
3.550224;11435000;2088;;;;;;;;;;;;;;
3.552724;11437500;2090;;;;;;;;;;;;;;
3.555224;11440000;2088;;;;;;;;11440854;58.076;27.381;1000.879;1562.575;-194.416;-322.528
3.557724;11442500;2088;11441289;97.571;-644.92;789.268;421.878;-137.12;18.213;;;;;;;
3.560224;11445000;2090;;;;;;;;;;;;;;
3.562724;11447500;2090;;;;;;;;;;;;;;
3.565224;11450000;2088;;;;;;;;;;;;;;
3.567724;11452500;2089;;;;;;;;;;;;;;
3.570224;11455000;2089;;;;;;;;;;;;;;
3.572724;11457500;2090;;;;;;;;;;;;;;
3.575224;11460000;2089;;;;;;;;;;;;;;
3.577724;11462500;2089;;;;;;;;;;;;;;
3.580224;11465000;2089;;;;;;;;;;;;;;
3.582724;11467500;2089;;;;;;;;;;;;;;
3.585224;11470000;2090;;;;;;;;;;;;;;
3.587724;11472500;2089;;;;;;;;11473401;58.088;27.433;1000.91;1563.196;-195.633;-323.902
3.590224;11475000;2091;11473833;97.774;-644.809;788.991;419.159;-135.077;18.615;;;;;;;
3.592724;11477500;2089;;;;;;;;;;;;;;
3.595224;11480000;2090;;;;;;;;;;;;;;
3.597724;11482500;2089;;;;;;;;;;;;;;
3.600224;11485000;2090;;;;;;;;;;;;;;
3.602724;11487500;2090;;;;;;;;;;;;;;
3.605224;11490000;2089;;;;;;;;;;;;;;
3.607724;11492500;2090;;;;;;;;;;;;;;
3.610224;11495000;2091;;;;;;;;;;;;;;
3.612724;11497500;2089;;;;;;;;;;;;;;
3.615224;11500000;2090;;;;;;;;;;;;;;
3.617724;11502500;2091;;;;;;;;;;;;;;
3.620224;11505000;2089;;;;;;;;11505948;58.276;27.452;1000.994;1561.162;-191.976;-327.394
3.622724;11507500;2090;11506383;97.857;-644.862;789.052;445.451;-131.385;16.372;;;;;;;
3.625224;11510000;2091;;;;;;;;;;;;;;
3.627724;11512500;2089;;;;;;;;;;;;;;
3.630224;11515000;2090;;;;;;;;;;;;;;
3.632724;11517500;2089;;;;;;;;;;;;;;
3.635224;11520000;2090;;;;;;;;;;;;;;
3.637724;11522500;2088;;;;;;;;;;;;;;
3.640224;11525000;2090;;;;;;;;;;;;;;
3.642724;11527500;2090;;;;;;;;;;;;;;
3.645224;11530000;2089;;;;;;;;;;;;;;
3.647724;11532500;2088;;;;;;;;;;;;;;
3.650224;11535000;2079;;;;;;;;;;;;;;
3.652724;11537500;2088;;;;;;;;;;;;;;
3.655224;11540000;2089;;;;;;;;;;;;;;
3.657724;11542500;2089;;;;;;;;;;;;;;
3.660224;11545000;2090;;;;;;;;;;;;;;
3.662724;11547500;2079;;;;;;;;11548393;58.327;27.349;1001.038;1566.666;-192.877;-328.087
3.665224;11550000;2088;11548827;97.783;-645.046;789.023;458.178;-134.879;13.803;;;;;;;
3.667724;11552500;2090;;;;;;;;;;;;;;
3.670224;11555000;2089;;;;;;;;;;;;;;
3.672724;11557500;2091;;;;;;;;;;;;;;
3.675224;11560000;2088;;;;;;;;;;;;;;
3.677724;11562500;2091;;;;;;;;;;;;;;
3.680224;11565000;2088;;;;;;;;;;;;;;
3.682724;11567500;2088;;;;;;;;;;;;;;
3.685224;11570000;2089;;;;;;;;;;;;;;
3.687724;11572500;2089;;;;;;;;;;;;;;
3.690224;11575000;2090;;;;;;;;;;;;;;
3.692724;11577500;2090;;;;;;;;;;;;;;
3.695224;11580000;2089;;;;;;;;11580940;58.21;27.311;1001.073;1568.395;-190.234;-328.308
3.697724;11582500;2089;11581368;97.78;-645.069;789.07;447.082;-134.26;17.926;;;;;;;
3.700224;11585000;2089;;;;;;;;;;;;;;
3.702724;11587500;2089;;;;;;;;;;;;;;
3.705224;11590000;2088;;;;;;;;;;;;;;
3.707724;11592500;2089;;;;;;;;;;;;;;
3.710224;11595000;2091;;;;;;;;;;;;;;
3.712724;11597500;2088;;;;;;;;;;;;;;
3.715224;11600000;2091;;;;;;;;;;;;;;
3.717724;11602500;2092;;;;;;;;;;;;;;
3.720224;11605000;2089;;;;;;;;;;;;;;
3.722724;11607500;2090;;;;;;;;;;;;;;
3.725224;11610000;2087;;;;;;;;;;;;;;
3.727724;11612500;2090;;;;;;;;11613486;58.118;27.342;1001.064;1570.913;-193.409;-326.33
3.730224;11615000;2090;11613921;97.856;-644.987;788.857;439.165;-139.359;15.279;;;;;;;
3.732724;11617500;2091;;;;;;;;;;;;;;
3.735224;11620000;2092;;;;;;;;;;;;;;
3.737724;11622500;2088;;;;;;;;;;;;;;
3.740224;11625000;2089;;;;;;;;;;;;;;
3.742724;11627500;2090;;;;;;;;;;;;;;
3.745224;11630000;2090;;;;;;;;;;;;;;
3.747724;11632500;2089;;;;;;;;;;;;;;
3.750224;11635000;2090;;;;;;;;;;;;;;
3.752724;11637500;2090;;;;;;;;;;;;;;
3.755224;11640000;2090;;;;;;;;;;;;;;
3.757724;11642500;2091;;;;;;;;;;;;;;
3.760224;11645000;2091;;;;;;;;11646031;58.195;27.336;1001.159;1559.305;-192.489;-324.451
3.762724;11647500;2091;11646461;97.947;-644.885;788.949;439.957;-136.766;21.953;;;;;;;
3.765224;11650000;2089;;;;;;;;;;;;;;
3.767724;11652500;2089;;;;;;;;;;;;;;
3.770224;11655000;2091;;;;;;;;;;;;;;
3.772724;11657500;2090;;;;;;;;;;;;;;
3.775224;11660000;2090;;;;;;;;;;;;;;
3.777724;11662500;2088;;;;;;;;;;;;;;
3.780224;11665000;2090;;;;;;;;;;;;;;
3.782724;11667500;2090;;;;;;;;;;;;;;
3.785224;11670000;2090;;;;;;;;;;;;;;
3.787724;11672500;2091;;;;;;;;;;;;;;
3.790224;11675000;2090;;;;;;;;;;;;;;
3.792724;11677500;2090;11677374;97.857;-644.879;789.133;454.272;-128.178;20.855;11676943;58.372;27.445;1000.993;1553.527;-190.739;-322.666
3.795224;11680000;2091;;;;;;;;;;;;;;
3.797724;11682500;2089;;;;;;;;;;;;;;
3.800224;11685000;2089;;;;;;;;;;;;;;
3.802724;11687500;2090;;;;;;;;;;;;;;
3.805224;11690000;2088;;;;;;;;;;;;;;
3.807724;11692500;2089;;;;;;;;;;;;;;
3.810224;11695000;2089;;;;;;;;;;;;;;
3.812724;11697500;2088;;;;;;;;;;;;;;
3.815224;11700000;2090;;;;;;;;;;;;;;
3.817724;11702500;2089;;;;;;;;;;;;;;
3.820224;11705000;2088;;;;;;;;;;;;;;
3.822724;11707500;2089;;;;;;;;;;;;;;
3.825224;11710000;2088;11709919;97.746;-645.13;789.058;443.37;-137.956;21.563;11709489;58.467;27.134;1000.987;1550.226;-194.327;-322.72
3.827724;11712500;2088;;;;;;;;;;;;;;
3.830224;11715000;2089;;;;;;;;;;;;;;
3.832724;11717500;2088;;;;;;;;;;;;;;
3.835224;11720000;2091;;;;;;;;;;;;;;
3.837724;11722500;2089;;;;;;;;;;;;;;
3.840224;11725000;2089;;;;;;;;;;;;;;
3.842724;11727500;2089;;;;;;;;;;;;;;
3.845224;11730000;2090;;;;;;;;;;;;;;
3.847724;11732500;2089;;;;;;;;;;;;;;
3.850224;11735000;2089;;;;;;;;;;;;;;
3.852724;11737500;2089;;;;;;;;;;;;;;
3.855224;11740000;2088;;;;;;;;;;;;;;
3.857724;11742500;2090;11742468;97.849;-644.807;789.066;426.014;-137.621;23.109;11742034;58.398;27.144;1000.995;1548.839;-195.111;-319.709
3.860224;11745000;2088;;;;;;;;;;;;;;
3.862724;11747500;2089;;;;;;;;;;;;;;
3.865224;11750000;2089;;;;;;;;;;;;;;
3.867724;11752500;2089;;;;;;;;;;;;;;
3.870224;11755000;2089;;;;;;;;;;;;;;
3.872724;11757500;2093;;;;;;;;;;;;;;
3.875224;11760000;2090;;;;;;;;;;;;;;
3.877724;11762500;2090;;;;;;;;;;;;;;
3.880224;11765000;2091;;;;;;;;;;;;;;
3.882724;11767500;2088;;;;;;;;;;;;;;
3.885224;11770000;2089;;;;;;;;;;;;;;
3.887724;11772500;2089;;;;;;;;;;;;;;
3.890224;11775000;2088;11775009;97.781;-644.915;789.141;443.651;-142.99;21.516;11774581;58.345;27.025;1000.94;1558.022;-192.793;-325.161
3.892724;11777500;2088;;;;;;;;;;;;;;
3.895224;11780000;2088;;;;;;;;;;;;;;
3.897724;11782500;2088;;;;;;;;;;;;;;
3.900224;11785000;2089;;;;;;;;;;;;;;
3.902724;11787500;2087;;;;;;;;;;;;;;
3.905224;11790000;2088;;;;;;;;;;;;;;
3.907724;11792500;2088;;;;;;;;;;;;;;
3.910224;11795000;2089;;;;;;;;;;;;;;
3.912724;11797500;2088;;;;;;;;;;;;;;
3.915224;11800000;2089;;;;;;;;;;;;;;
3.917724;11802500;2087;;;;;;;;;;;;;;
3.920224;11805000;2090;;;;;;;;;;;;;;
3.922724;11807500;2089;11807562;97.907;-645.066;789.022;431.531;-145.028;23.503;11807127;58.21;27.022;1001.017;1564.121;-194.966;-324.653
3.925224;11810000;2088;;;;;;;;;;;;;;
3.927724;11812500;2088;;;;;;;;;;;;;;
3.930224;11815000;2088;;;;;;;;;;;;;;
3.932724;11817500;2089;;;;;;;;;;;;;;
3.935224;11820000;2088;;;;;;;;;;;;;;
3.937724;11822500;2088;;;;;;;;;;;;;;
3.940224;11825000;2089;;;;;;;;;;;;;;
3.942724;11827500;2089;;;;;;;;;;;;;;
3.945224;11830000;2090;;;;;;;;;;;;;;
3.947724;11832500;2089;;;;;;;;;;;;;;
3.950224;11835000;2089;;;;;;;;;;;;;;
3.952724;11837500;2089;11838467;97.794;-645.118;789.069;433.142;-142.152;23.203;11838037;58.142;27.043;1001.023;1568.603;-197.03;-324.608
3.955224;11840000;2088;;;;;;;;;;;;;;
3.957724;11842500;2089;;;;;;;;;;;;;;
3.960224;11845000;2088;;;;;;;;;;;;;;
3.962724;11847500;2088;;;;;;;;;;;;;;
3.965224;11850000;2089;;;;;;;;;;;;;;
3.967724;11852500;2089;;;;;;;;;;;;;;
3.970224;11855000;2090;;;;;;;;;;;;;;
3.972724;11857500;2088;;;;;;;;;;;;;;
3.975224;11860000;2091;;;;;;;;;;;;;;
3.977724;11862500;2088;;;;;;;;;;;;;;
3.980224;11865000;2089;;;;;;;;;;;;;;
3.982724;11867500;2089;;;;;;;;;;;;;;
3.985224;11870000;2089;11871016;97.68;-645.4;789.052;421.547;-142.919;27.73;11870584;58.041;27.07;1001.034;1570.235;-200.304;-327.19
3.987724;11872500;2090;;;;;;;;;;;;;;
3.990224;11875000;2089;;;;;;;;;;;;;;
3.992724;11877500;2091;;;;;;;;;;;;;;
3.995224;11880000;2089;;;;;;;;;;;;;;
3.997724;11882500;2088;;;;;;;;;;;;;;
4.000224;11885000;2090;;;;;;;;;;;;;;
4.002724;11887500;2089;;;;;;;;;;;;;;
4.005224;11890000;2089;;;;;;;;;;;;;;
4.007724;11892500;2090;;;;;;;;;;;;;;
4.010224;11895000;2090;;;;;;;;;;;;;;
4.012724;11897500;2089;;;;;;;;;;;;;;
4.015224;11900000;2088;;;;;;;;;;;;;;
4.017724;11902500;2089;11903560;97.847;-645.429;789.03;410.095;-144.086;26.344;11903130;58.189;26.912;1001.119;1566.536;-198.601;-327.455
4.020224;11905000;2090;;;;;;;;;;;;;;
4.022724;11907500;2090;;;;;;;;;;;;;;
4.025224;11910000;2089;;;;;;;;;;;;;;
4.027724;11912500;2089;;;;;;;;;;;;;;
4.030224;11915000;2089;;;;;;;;;;;;;;
4.032724;11917500;2088;;;;;;;;;;;;;;
4.035224;11920000;2087;;;;;;;;;;;;;;
4.037724;11922500;2088;;;;;;;;;;;;;;
4.040224;11925000;2088;;;;;;;;;;;;;;
4.042724;11927500;2088;;;;;;;;;;;;;;
4.045224;11930000;2088;;;;;;;;;;;;;;
4.047724;11932500;2089;;;;;;;;;;;;;;
4.050224;11935000;2088;11936109;97.804;-644.975;789.253;413.215;-141.256;25.464;11935675;58.158;26.878;1001.077;1570.459;-194.796;-326.395
4.052724;11937500;2090;;;;;;;;;;;;;;
4.055224;11940000;2090;;;;;;;;;;;;;;
4.057724;11942500;2089;;;;;;;;;;;;;;
4.060224;11945000;2090;;;;;;;;;;;;;;
4.062724;11947500;2089;;;;;;;;;;;;;;
4.065224;11950000;2090;;;;;;;;;;;;;;
4.067724;11952500;2089;;;;;;;;;;;;;;
4.070224;11955000;2088;;;;;;;;;;;;;;
4.072724;11957500;2089;;;;;;;;;;;;;;
4.075224;11960000;2088;;;;;;;;;;;;;;
4.077724;11962500;2088;;;;;;;;;;;;;;
4.080224;11965000;2087;;;;;;;;;;;;;;
4.082724;11967500;2089;11968650;97.861;-644.55;789.403;478.742;-151.694;5.816;11968222;58.331;26.796;1001.031;1585.561;-196.869;-330.638
4.085224;11970000;2089;;;;;;;;;;;;;;
4.087724;11972500;2089;;;;;;;;;;;;;;
4.090224;11975000;2088;;;;;;;;;;;;;;
4.092724;11977500;2089;;;;;;;;;;;;;;
4.095224;11980000;2089;;;;;;;;;;;;;;
4.097724;11982500;2090;;;;;;;;;;;;;;
4.100224;11985000;2088;;;;;;;;;;;;;;
4.102724;11987500;2088;;;;;;;;;;;;;;
4.105224;11990000;2088;;;;;;;;;;;;;;
4.107724;11992500;2089;;;;;;;;;;;;;;
4.110224;11995000;2089;;;;;;;;;;;;;;
4.112724;11997500;2090;;;;;;;;;;;;;;
4.115224;12000000;2087;11999480;97.769;-645.214;789.254;464.43;-150.234;14.713;11999046;58.452;26.683;1000.999;1585.908;-193.588;-332.481
4.117724;12002500;2072;;;;;;;;;;;;;;
4.120224;12005000;2090;;;;;;;;;;;;;;
4.122724;12007500;2087;;;;;;;;;;;;;;
4.125224;12010000;2089;;;;;;;;;;;;;;
4.127724;12012500;2090;;;;;;;;;;;;;;
4.130224;12015000;2090;;;;;;;;;;;;;;
4.132724;12017500;2088;;;;;;;;;;;;;;
4.135224;12020000;2089;;;;;;;;;;;;;;
4.137724;12022500;2087;;;;;;;;12023349;58.384;26.556;1000.987;1593.675;-190.033;-338.607
4.140224;12025000;2087;12023777;97.827;-645.405;789.301;477.083;-147.972;27.539;;;;;;;
4.142724;12027500;2088;;;;;;;;;;;;;;
4.145224;12030000;2090;;;;;;;;;;;;;;
4.147724;12032500;2088;;;;;;;;;;;;;;
4.150224;12035000;2089;;;;;;;;;;;;;;
4.152724;12037500;2089;;;;;;;;;;;;;;
4.155224;12040000;2088;;;;;;;;;;;;;;
4.157724;12042500;2088;;;;;;;;;;;;;;
4.160224;12045000;2089;;;;;;;;;;;;;;
4.162724;12047500;2088;;;;;;;;;;;;;;
4.165224;12050000;2090;;;;;;;;;;;;;;
4.167724;12052500;2090;;;;;;;;;;;;;;
4.170224;12055000;2090;12054672;97.767;-645.422;789.406;470.729;-147.574;27.913;12054238;58.283;26.699;1000.958;1592.741;-191.032;-334.364
4.172724;12057500;2090;;;;;;;;;;;;;;
4.175224;12060000;2089;;;;;;;;;;;;;;
4.177724;12062500;2089;;;;;;;;;;;;;;
4.180224;12065000;2088;;;;;;;;;;;;;;
4.182724;12067500;2089;;;;;;;;;;;;;;
4.185224;12070000;2087;;;;;;;;;;;;;;
4.187724;12072500;2090;;;;;;;;;;;;;;
4.190224;12075000;2089;;;;;;;;;;;;;;
4.192724;12077500;2089;;;;;;;;;;;;;;
4.195224;12080000;2088;;;;;;;;;;;;;;
4.197724;12082500;2087;;;;;;;;;;;;;;
4.200224;12085000;2091;12085571;97.643;-645.286;789.373;463.38;-152.007;19.954;12085149;58.236;26.578;1001.009;1587.917;-191.542;-335.146
4.202724;12087500;2089;;;;;;;;;;;;;;
4.205224;12090000;2089;;;;;;;;;;;;;;
4.207724;12092500;2089;;;;;;;;;;;;;;
4.210224;12095000;2089;;;;;;;;;;;;;;
4.212724;12097500;2090;;;;;;;;;;;;;;
4.215224;12100000;2089;;;;;;;;;;;;;;
4.217724;12102500;2091;;;;;;;;;;;;;;
4.220224;12105000;2090;;;;;;;;;;;;;;
4.222724;12107500;2088;;;;;;;;;;;;;;
4.225224;12110000;2090;;;;;;;;;;;;;;
4.227724;12112500;2089;;;;;;;;;;;;;;
4.230224;12115000;2091;;;;;;;;;;;;;;
4.232724;12117500;2089;12118133;97.647;-645.364;789.133;424.024;-143.97;27.269;12117695;58.197;26.652;1000.918;1585.958;-194.653;-335.014
4.235224;12120000;2090;;;;;;;;;;;;;;
4.237724;12122500;2090;;;;;;;;;;;;;;
4.240224;12125000;2089;;;;;;;;;;;;;;
4.242724;12127500;2090;;;;;;;;;;;;;;
4.245224;12130000;2088;;;;;;;;;;;;;;
4.247724;12132500;2088;;;;;;;;;;;;;;
4.250224;12135000;2089;;;;;;;;;;;;;;
4.252724;12137500;2089;;;;;;;;;;;;;;
4.255224;12140000;2089;;;;;;;;;;;;;;
4.257724;12142500;2089;;;;;;;;;;;;;;
4.260224;12145000;2088;;;;;;;;;;;;;;
4.262724;12147500;2089;;;;;;;;;;;;;;
4.265224;12150000;2089;12150670;97.675;-645.224;789.327;431.698;-143.334;28.093;12150240;58.13;26.85;1000.929;1588.473;-188.858;-339.263
4.267724;12152500;2090;;;;;;;;;;;;;;
4.270224;12155000;2089;;;;;;;;;;;;;;
4.272724;12157500;2089;;;;;;;;;;;;;;
4.275224;12160000;2089;;;;;;;;;;;;;;
4.277724;12162500;2088;;;;;;;;;;;;;;
4.280224;12165000;2089;;;;;;;;;;;;;;
4.282724;12167500;2090;;;;;;;;;;;;;;
4.285224;12170000;2089;;;;;;;;;;;;;;
4.287724;12172500;2091;;;;;;;;;;;;;;
4.290224;12175000;2088;;;;;;;;;;;;;;
4.292724;12177500;2090;;;;;;;;;;;;;;
4.295224;12180000;2090;;;;;;;;;;;;;;
4.297724;12182500;2090;12183219;97.659;-644.933;789.358;445.988;-142.729;17.939;12182787;58.298;26.777;1001.006;1583.862;-191.665;-335.425
4.300224;12185000;2090;;;;;;;;;;;;;;
4.302724;12187500;2090;;;;;;;;;;;;;;
4.305224;12190000;2089;;;;;;;;;;;;;;
4.307724;12192500;2090;;;;;;;;;;;;;;
4.310224;12195000;2088;;;;;;;;;;;;;;
4.312724;12197500;2089;;;;;;;;;;;;;;
4.315224;12200000;2090;;;;;;;;;;;;;;
4.317724;12202500;2089;;;;;;;;;;;;;;
4.320224;12205000;2090;;;;;;;;;;;;;;
4.322724;12207500;2090;;;;;;;;;;;;;;
4.325224;12210000;2089;;;;;;;;;;;;;;
4.327724;12212500;2088;;;;;;;;;;;;;;
4.330224;12215000;2089;12215768;97.412;-644.48;789.461;486.688;-147.405;5.229;12215333;58.134;26.896;1001.104;1580.356;-185.582;-337.904
4.332724;12217500;2089;;;;;;;;;;;;;;
4.335224;12220000;2090;;;;;;;;;;;;;;
4.337724;12222500;2088;;;;;;;;;;;;;;
4.340224;12225000;2096;;;;;;;;;;;;;;
4.342724;12227500;2089;;;;;;;;;;;;;;
4.345224;12230000;2089;;;;;;;;;;;;;;
4.347724;12232500;2088;;;;;;;;;;;;;;
4.350224;12235000;2089;;;;;;;;;;;;;;
4.352724;12237500;2091;;;;;;;;;;;;;;
4.355224;12240000;2090;;;;;;;;;;;;;;
4.357724;12242500;2088;;;;;;;;;;;;;;
4.360224;12245000;2090;;;;;;;;;;;;;;
4.362724;12247500;2089;;;;;;;;;;;;;;
4.365224;12250000;2090;;;;;;;;;;;;;;
4.367724;12252500;2089;;;;;;;;;;;;;;
4.370224;12255000;2088;;;;;;;;;;;;;;
4.372724;12257500;2088;12258126;97.531;-644.421;789.503;441.791;-142.223;21.155;12257691;58.235;27.088;1001.05;1577.901;-188.99;-339.821
4.375224;12260000;2088;;;;;;;;;;;;;;
4.377724;12262500;2088;;;;;;;;;;;;;;
4.380224;12265000;2089;;;;;;;;;;;;;;
4.382724;12267500;2089;;;;;;;;;;;;;;
4.385224;12270000;2091;;;;;;;;;;;;;;
4.387724;12272500;2089;;;;;;;;;;;;;;
4.390224;12275000;2089;;;;;;;;;;;;;;
4.392724;12277500;2088;;;;;;;;;;;;;;
4.395224;12280000;2089;;;;;;;;;;;;;;
4.397724;12282500;2089;;;;;;;;;;;;;;
4.400224;12285000;2088;;;;;;;;;;;;;;
4.402724;12287500;2090;;;;;;;;;;;;;;
4.405224;12290000;2090;12290666;97.547;-644.347;790.001;477.014;-138.611;23.16;12290239;58.282;27.228;1000.999;1570.756;-183.478;-341.642
4.407724;12292500;2091;;;;;;;;;;;;;;
4.410224;12295000;2088;;;;;;;;;;;;;;
4.412724;12297500;2090;;;;;;;;;;;;;;
4.415224;12300000;2088;;;;;;;;;;;;;;
4.417724;12302500;2088;;;;;;;;;;;;;;
4.420224;12305000;2088;;;;;;;;;;;;;;
4.422724;12307500;2089;;;;;;;;;;;;;;
4.425224;12310000;2078;;;;;;;;;;;;;;
4.427724;12312500;2090;;;;;;;;;;;;;;
4.430224;12315000;2089;;;;;;;;;;;;;;
4.432724;12317500;2088;;;;;;;;;;;;;;
4.435224;12320000;2088;;;;;;;;12321149;58.1;27.136;1000.921;1571.405;-185.242;-342.498
4.437724;12322500;2089;12321583;97.342;-644.563;789.901;499.539;-143.056;17.189;;;;;;;
4.440224;12325000;2090;;;;;;;;;;;;;;
4.442724;12327500;2088;;;;;;;;;;;;;;
4.445224;12330000;2089;;;;;;;;;;;;;;
4.447724;12332500;2089;;;;;;;;;;;;;;
4.450224;12335000;2088;;;;;;;;;;;;;;
4.452724;12337500;2090;;;;;;;;;;;;;;
4.455224;12340000;2090;;;;;;;;;;;;;;
4.457724;12342500;2090;;;;;;;;;;;;;;
4.460224;12345000;2088;;;;;;;;;;;;;;
4.462724;12347500;2089;;;;;;;;;;;;;;
4.465224;12350000;2088;;;;;;;;;;;;;;
4.467724;12352500;2089;;;;;;;;12353695;58.087;27.035;1000.821;1567.647;-190.417;-339.81
4.470224;12355000;2087;12354123;97.331;-644.867;789.568;466.687;-138.091;26.83;;;;;;;
4.472724;12357500;2089;;;;;;;;;;;;;;
4.475224;12360000;2088;;;;;;;;;;;;;;
4.477724;12362500;2090;;;;;;;;;;;;;;
4.480224;12365000;2090;;;;;;;;;;;;;;
4.482724;12367500;2090;;;;;;;;;;;;;;
4.485224;12370000;2090;;;;;;;;;;;;;;
4.487724;12372500;2090;;;;;;;;;;;;;;
4.490224;12375000;2087;;;;;;;;;;;;;;
4.492724;12377500;2091;;;;;;;;;;;;;;
4.495224;12380000;2089;;;;;;;;;;;;;;
4.497724;12382500;2088;;;;;;;;;;;;;;
4.500224;12385000;2089;;;;;;;;12386242;58.025;27.056;1000.855;1564.078;-193.584;-335.07
4.502724;12387500;2091;12386676;97.314;-644.782;789.679;441.602;-139.499;28.551;;;;;;;
4.505224;12390000;2089;;;;;;;;;;;;;;
4.507724;12392500;2089;;;;;;;;;;;;;;
4.510224;12395000;2090;;;;;;;;;;;;;;
4.512724;12397500;2088;;;;;;;;;;;;;;
4.515224;12400000;2087;;;;;;;;;;;;;;
4.517724;12402500;2088;;;;;;;;;;;;;;
4.520224;12405000;2089;;;;;;;;;;;;;;
4.522724;12407500;2088;;;;;;;;;;;;;;
4.525224;12410000;2088;;;;;;;;;;;;;;
4.527724;12412500;2089;;;;;;;;;;;;;;
4.530224;12415000;2090;;;;;;;;;;;;;;
4.532724;12417500;2089;;;;;;;;;;;;;;
4.535224;12420000;2089;12419215;97.499;-644.416;789.528;473.335;-144.774;21.436;12418788;57.985;27.253;1000.54;1577.749;-192.654;-338.879
4.537724;12422500;2089;;;;;;;;;;;;;;
4.540224;12425000;2089;;;;;;;;;;;;;;
4.542724;12427500;2089;;;;;;;;;;;;;;
4.545224;12430000;2088;;;;;;;;;;;;;;
4.547724;12432500;2089;;;;;;;;;;;;;;
4.550224;12435000;2091;;;;;;;;;;;;;;
4.552724;12437500;2089;;;;;;;;;;;;;;
4.555224;12440000;2090;;;;;;;;;;;;;;
4.557724;12442500;2089;;;;;;;;;;;;;;
4.560224;12445000;2089;;;;;;;;;;;;;;
4.562724;12447500;2090;;;;;;;;;;;;;;
4.565224;12450000;2087;;;;;;;;;;;;;;
4.567724;12452500;2089;12451767;97.278;-645.104;789.433;516.168;-132.285;29.552;12451332;58.087;27.159;1000.655;1571.924;-189.584;-338.997
4.570224;12455000;2090;;;;;;;;;;;;;;
4.572724;12457500;2089;;;;;;;;;;;;;;
4.575224;12460000;2089;;;;;;;;;;;;;;
4.577724;12462500;2088;;;;;;;;;;;;;;
4.580224;12465000;2088;;;;;;;;;;;;;;
4.582724;12467500;2089;;;;;;;;;;;;;;
4.585224;12470000;2078;;;;;;;;;;;;;;
4.587724;12472500;2089;;;;;;;;;;;;;;
4.590224;12475000;2090;;;;;;;;;;;;;;
4.592724;12477500;2089;;;;;;;;;;;;;;
4.595224;12480000;2088;;;;;;;;;;;;;;
4.597724;12482500;2090;12482672;97.16;-645.027;789.733;481.61;-132.671;33.762;12482244;58.025;26.807;1000.886;1554.14;-186.23;-333.86
4.600224;12485000;2087;;;;;;;;;;;;;;
4.602724;12487500;2074;;;;;;;;;;;;;;
4.605224;12490000;2088;;;;;;;;;;;;;;
4.607724;12492500;2090;;;;;;;;;;;;;;
4.610224;12495000;2088;;;;;;;;;;;;;;
4.612724;12497500;2089;;;;;;;;;;;;;;
4.615224;12500000;2089;;;;;;;;;;;;;;
4.617724;12502500;2088;;;;;;;;;;;;;;
4.620224;12505000;2088;;;;;;;;;;;;;;
4.622724;12507500;2088;;;;;;;;;;;;;;
4.625224;12510000;2089;;;;;;;;;;;;;;
4.627724;12512500;2087;;;;;;;;;;;;;;
4.630224;12515000;2088;12515225;97.365;-644.935;789.323;447.904;-135.662;37.761;12514790;58.113;27.053;1000.886;1562.62;-186.106;-331.605
4.632724;12517500;2089;;;;;;;;;;;;;;
4.635224;12520000;2087;;;;;;;;;;;;;;
4.637724;12522500;2089;;;;;;;;;;;;;;
4.640224;12525000;2090;;;;;;;;;;;;;;
4.642724;12527500;2089;;;;;;;;;;;;;;
4.645224;12530000;2089;;;;;;;;;;;;;;
4.647724;12532500;2090;;;;;;;;;;;;;;
4.650224;12535000;2089;;;;;;;;;;;;;;
4.652724;12537500;2089;;;;;;;;;;;;;;
4.655224;12540000;2091;;;;;;;;;;;;;;
4.657724;12542500;2089;;;;;;;;;;;;;;
4.660224;12545000;2088;;;;;;;;;;;;;;
4.662724;12547500;2088;12547771;97.395;-644.841;789.574;506.884;-130.192;36.748;12547335;57.989;27.225;1000.935;1561.489;-178.113;-336.024
4.665224;12550000;2088;;;;;;;;;;;;;;
4.667724;12552500;2090;;;;;;;;;;;;;;
4.670224;12555000;2088;;;;;;;;;;;;;;
4.672724;12557500;2090;;;;;;;;;;;;;;
4.675224;12560000;2089;;;;;;;;;;;;;;
4.677724;12562500;2089;;;;;;;;;;;;;;
4.680224;12565000;2088;;;;;;;;;;;;;;
4.682724;12567500;2089;;;;;;;;;;;;;;
4.685224;12570000;2089;;;;;;;;;;;;;;
4.687724;12572500;2088;;;;;;;;;;;;;;
4.690224;12575000;2090;;;;;;;;;;;;;;
4.692724;12577500;2088;;;;;;;;;;;;;;
4.695224;12580000;2089;12580314;97.448;-645.155;789.453;512.602;-135.932;32.723;12579883;57.92;27.041;1000.993;1557.79;-181.458;-334.098
4.697724;12582500;2088;;;;;;;;;;;;;;
4.700224;12585000;2089;;;;;;;;;;;;;;
4.702724;12587500;2088;;;;;;;;;;;;;;
4.705224;12590000;2089;;;;;;;;;;;;;;
4.707724;12592500;2090;;;;;;;;;;;;;;
4.710224;12595000;2088;;;;;;;;;;;;;;
4.712724;12597500;2088;;;;;;;;;;;;;;
4.715224;12600000;2089;;;;;;;;;;;;;;
4.717724;12602500;2088;;;;;;;;;;;;;;
4.720224;12605000;2089;;;;;;;;;;;;;;
4.722724;12607500;2090;;;;;;;;;;;;;;
4.725224;12610000;2089;;;;;;;;;;;;;;
4.727724;12612500;2094;12612864;97.517;-645.343;789.361;469.91;-129.135;45.524;12612429;57.909;26.946;1001.11;1563.025;-183.322;-333.581
4.730224;12615000;2090;;;;;;;;;;;;;;
4.732724;12617500;2089;;;;;;;;;;;;;;
4.735224;12620000;2088;;;;;;;;;;;;;;
4.737724;12622500;2089;;;;;;;;;;;;;;
4.740224;12625000;2089;;;;;;;;;;;;;;
4.742724;12627500;2088;;;;;;;;;;;;;;
4.745224;12630000;2089;;;;;;;;;;;;;;
4.747724;12632500;2089;;;;;;;;;;;;;;
4.750224;12635000;2080;;;;;;;;;;;;;;
4.752724;12637500;2090;;;;;;;;;;;;;;
4.755224;12640000;2090;;;;;;;;;;;;;;
4.757724;12642500;2088;;;;;;;;;;;;;;
4.760224;12645000;2088;;;;;;;;;;;;;;
4.762724;12647500;2088;;;;;;;;;;;;;;
4.765224;12650000;2089;;;;;;;;;;;;;;
4.767724;12652500;2088;;;;;;;;;;;;;;
4.770224;12655000;2088;12655308;97.46;-645.393;789.391;451.664;-127.491;51.561;12654874;57.99;26.983;1001.184;1565.374;-185.531;-333.089
4.772724;12657500;2088;;;;;;;;;;;;;;
4.775224;12660000;2087;;;;;;;;;;;;;;
4.777724;12662500;2089;;;;;;;;;;;;;;
4.780224;12665000;2089;;;;;;;;;;;;;;
4.782724;12667500;2090;;;;;;;;;;;;;;
4.785224;12670000;2088;;;;;;;;;;;;;;
4.787724;12672500;2088;;;;;;;;;;;;;;
4.790224;12675000;2088;;;;;;;;;;;;;;
4.792724;12677500;2089;;;;;;;;;;;;;;
4.795224;12680000;2088;;;;;;;;;;;;;;
4.797724;12682500;2088;;;;;;;;;;;;;;
4.800224;12685000;2089;;;;;;;;;;;;;;
4.802724;12687500;2090;12687849;97.455;-645.417;789.626;443.518;-124.179;55.983;12687421;57.97;26.976;1001.279;1568.918;-185.442;-336.997
4.805224;12690000;2090;;;;;;;;;;;;;;
4.807724;12692500;2089;;;;;;;;;;;;;;
4.810224;12695000;2089;;;;;;;;;;;;;;
4.812724;12697500;2089;;;;;;;;;;;;;;
4.815224;12700000;2088;;;;;;;;;;;;;;
4.817724;12702500;2090;;;;;;;;;;;;;;
4.820224;12705000;2090;;;;;;;;;;;;;;
4.822724;12707500;2088;;;;;;;;;;;;;;
4.825224;12710000;2089;;;;;;;;;;;;;;
4.827724;12712500;2090;;;;;;;;;;;;;;
4.830224;12715000;2088;;;;;;;;;;;;;;
4.832724;12717500;2089;;;;;;;;12718332;58.024;26.945;1001.284;1566.597;-184.045;-334.147
4.835224;12720000;2088;12718766;97.45;-645.513;789.484;453.28;-129.345;48.808;;;;;;;
4.837724;12722500;2090;;;;;;;;;;;;;;
4.840224;12725000;2088;;;;;;;;;;;;;;
4.842724;12727500;2088;;;;;;;;;;;;;;
4.845224;12730000;2089;;;;;;;;;;;;;;
4.847724;12732500;2089;;;;;;;;;;;;;;
4.850224;12735000;2089;;;;;;;;;;;;;;
4.852724;12737500;2090;;;;;;;;;;;;;;
4.855224;12740000;2089;;;;;;;;;;;;;;
4.857724;12742500;2089;;;;;;;;;;;;;;
4.860224;12745000;2089;;;;;;;;;;;;;;
4.862724;12747500;2089;;;;;;;;;;;;;;
4.865224;12750000;2088;;;;;;;;12750878;58.045;26.94;1001.338;1567.017;-182.718;-332.752
4.867724;12752500;2091;12751300;97.311;-645.592;789.464;456.866;-127.253;46.368;;;;;;;
4.870224;12755000;2088;;;;;;;;;;;;;;
4.872724;12757500;2089;;;;;;;;;;;;;;
4.875224;12760000;2089;;;;;;;;;;;;;;
4.877724;12762500;2090;;;;;;;;;;;;;;
4.880224;12765000;2090;;;;;;;;;;;;;;
4.882724;12767500;2089;;;;;;;;;;;;;;
4.885224;12770000;2090;;;;;;;;;;;;;;
4.887724;12772500;2090;;;;;;;;;;;;;;
4.890224;12775000;2091;;;;;;;;;;;;;;
4.892724;12777500;2090;;;;;;;;;;;;;;
4.895224;12780000;2089;;;;;;;;;;;;;;
4.897724;12782500;2088;;;;;;;;12783424;58.125;26.941;1001.279;1569.166;-184.082;-330.99
4.900224;12785000;2088;12783863;97.258;-645.666;789.458;449.335;-129.64;47.112;;;;;;;
4.902724;12787500;2087;;;;;;;;;;;;;;
4.905224;12790000;2090;;;;;;;;;;;;;;
4.907724;12792500;2089;;;;;;;;;;;;;;
4.910224;12795000;2089;;;;;;;;;;;;;;
4.912724;12797500;2088;;;;;;;;;;;;;;
4.915224;12800000;2089;;;;;;;;;;;;;;
4.917724;12802500;2088;;;;;;;;;;;;;;
4.920224;12805000;2088;;;;;;;;;;;;;;
4.922724;12807500;2090;;;;;;;;;;;;;;
4.925224;12810000;2088;;;;;;;;;;;;;;
4.927724;12812500;2088;;;;;;;;;;;;;;
4.930224;12815000;2088;;;;;;;;12815970;58.141;27.033;1001.338;1566.833;-185.378;-329.753
4.932724;12817500;2086;12816393;97.342;-645.756;789.422;438.243;-128.408;50.007;;;;;;;
4.935224;12820000;2091;;;;;;;;;;;;;;
4.937724;12822500;2089;;;;;;;;;;;;;;
4.940224;12825000;2092;;;;;;;;;;;;;;
4.942724;12827500;2088;;;;;;;;;;;;;;
4.945224;12830000;2088;;;;;;;;;;;;;;
4.947724;12832500;2088;;;;;;;;;;;;;;
4.950224;12835000;2088;;;;;;;;;;;;;;
4.952724;12837500;2087;;;;;;;;;;;;;;
4.955224;12840000;2088;;;;;;;;;;;;;;
4.957724;12842500;2087;;;;;;;;;;;;;;
4.960224;12845000;2090;;;;;;;;;;;;;;
4.962724;12847500;2088;;;;;;;;12848515;58.192;27.103;1001.365;1566.366;-187.046;-332.515
4.965224;12850000;2087;12848949;97.312;-645.743;789.479;437.769;-126.363;48.819;;;;;;;
4.967724;12852500;2087;;;;;;;;;;;;;;
4.970224;12855000;2088;;;;;;;;;;;;;;
4.972724;12857500;2092;;;;;;;;;;;;;;
4.975224;12860000;2090;;;;;;;;;;;;;;
4.977724;12862500;2090;;;;;;;;;;;;;;
4.980224;12865000;2089;;;;;;;;;;;;;;
4.982724;12867500;2089;;;;;;;;;;;;;;
4.985224;12870000;2080;;;;;;;;;;;;;;
4.987724;12872500;2089;;;;;;;;;;;;;;
4.990224;12875000;2088;;;;;;;;;;;;;;
4.992724;12877500;2088;;;;;;;;;;;;;;
4.995224;12880000;2088;12879854;97.26;-645.627;789.514;444.318;-129.67;43.315;12879427;58.083;26.992;1001.298;1565.048;-187.757;-337.764
4.997724;12882500;2089;;;;;;;;;;;;;;
5.000224;12885000;2079;;;;;;;;;;;;;;
5.002724;12887500;2088;;;;;;;;;;;;;;
5.005224;12890000;2087;;;;;;;;;;;;;;
5.007724;12892500;2088;;;;;;;;;;;;;;
5.010224;12895000;2059;;;;;;;;;;;;;;
5.012724;12897500;2089;;;;;;;;;;;;;;
5.015224;12900000;2087;;;;;;;;;;;;;;
5.017724;12902500;2088;;;;;;;;;;;;;;
5.020224;12905000;2088;;;;;;;;;;;;;;
5.022724;12907500;2089;;;;;;;;;;;;;;
5.025224;12910000;2088;;;;;;;;;;;;;;
5.027724;12912500;2088;12912407;94.91;-645.444;789.841;259.789;-264.499;41.587;12911973;54.849;26.881;1001.479;1531.421;-198.931;-361.126
5.030224;12915000;2087;;;;;;;;;;;;;;
5.032724;12917500;2088;;;;;;;;;;;;;;
5.035224;12920000;2080;;;;;;;;;;;;;;
5.037724;12922500;2091;;;;;;;;;;;;;;
5.040224;12925000;2088;;;;;;;;;;;;;;
5.042724;12927500;2088;;;;;;;;;;;;;;
5.045224;12930000;2088;;;;;;;;;;;;;;
5.047724;12932500;2090;;;;;;;;;;;;;;
5.050224;12935000;2087;;;;;;;;;;;;;;
5.052724;12937500;2088;;;;;;;;;;;;;;
5.055224;12940000;2080;;;;;;;;;;;;;;
5.057724;12942500;2087;12943469;95.807;-645.41;789.383;3.987;-99.899;5.383;12943039;55.693;27.916;1001.321;1628.974;-490.86;-377.632
5.060224;12945000;2080;;;;;;;;;;;;;;
5.062724;12947500;2088;;;;;;;;;;;;;;
5.065224;12950000;2088;;;;;;;;;;;;;;
5.067724;12952500;2089;;;;;;;;;;;;;;
5.070224;12955000;2061;;;;;;;;;;;;;;
5.072724;12957500;2088;;;;;;;;;;;;;;
5.075224;12960000;2089;;;;;;;;;;;;;;
5.077724;12962500;2088;;;;;;;;;;;;;;
5.080224;12965000;2089;;;;;;;;;;;;;;
5.082724;12967500;2089;;;;;;;;;;;;;;
5.085224;12970000;2088;;;;;;;;;;;;;;
5.087724;12972500;2090;12972980;95.134;-643.994;789.954;32.663;1.346;-274.886;12972548;53.622;29.222;1001.678;1708.963;-784.817;-622.126
5.090224;12975000;2080;;;;;;;;;;;;;;
5.092724;12977500;2088;;;;;;;;;;;;;;
5.095224;12980000;2090;;;;;;;;;;;;;;
5.097724;12982500;2090;;;;;;;;;;;;;;
5.100224;12985000;2088;;;;;;;;;;;;;;
5.102724;12987500;2088;;;;;;;;;;;;;;
5.105224;12990000;2088;;;;;;;;;;;;;;
5.107724;12992500;2090;;;;;;;;;;;;;;
5.110224;12995000;2089;;;;;;;;;;;;;;
5.112724;12997500;2088;;;;;;;;;;;;;;
5.115224;13000000;2091;;;;;;;;;;;;;;
5.117724;13002500;284;13002574;93.891;-643.032;791.296;-56.47;357.841;-702.142;13002144;50.899;29.018;1002.486;1727.64;-1450.388;-1532.52
5.120224;13005000;18;;;;;;;;;;;;;;
5.122724;13007500;16;;;;;;;;;;;;;;
5.125224;13010000;16;;;;;;;;;;;;;;
5.127724;13012500;62;;;;;;;;;;;;;;
5.130224;13015000;488;;;;;;;;;;;;;;
5.132724;13017500;19;;;;;;;;;;;;;;
5.135224;13020000;11;;;;;;;;;;;;;;
5.137724;13022500;9;;;;;;;;;;;;;;
5.140224;13025000;8;;;;;;;;;;;;;;
5.142724;13027500;17;;;;;;;;;;;;;;
5.145224;13030000;17;13031056;92.576;-642.216;793.394;-60.647;686.012;-946.598;13030622;51.568;28.689;1002.492;1757.195;-1940.056;-2612.206
5.147724;13032500;17;;;;;;;;;;;;;;
5.150224;13035000;18;;;;;;;;;;;;;;
5.152724;13037500;9;;;;;;;;;;;;;;
5.155224;13040000;9;;;;;;;;;;;;;;
5.157724;13042500;17;;;;;;;;;;;;;;
5.160224;13045000;17;;;;;;;;;;;;;;
5.162724;13047500;16;;;;;;;;;;;;;;
5.165224;13050000;8;;;;;;;;;;;;;;
5.167724;13052500;10;13052482;91.79;-638.562;795.101;675.636;487.649;-899.268;13052054;52.034;29.841;1001.911;1778.711;-2104.679;-3242.846
5.170224;13055000;8;;;;;;;;;;;;;;
5.172724;13057500;17;;;;;;;;;;;;;;
5.175224;13060000;9;;;;;;;;;;;;;;
5.177724;13062500;8;;;;;;;;;;;;;;
5.180224;13065000;17;;;;;;;;;;;;;;
5.182724;13067500;18;;;;;;;;;;;;;;
5.185224;13070000;7;;;;;;;;;;;;;;
5.187724;13072500;9;;;;;;;;;;;;;;
5.190224;13075000;18;;;;;;;;;;;;;;
5.192724;13077500;18;;;;;;;;;;;;;;
5.195224;13080000;9;;;;;;;;;;;;;;
5.197724;13082500;9;13082517;94.783;-635.792;793.934;-343.396;304.016;-351.617;13082083;55.398;29.472;1001.653;1951.4;-2143.382;-2907.016
5.200224;13085000;11;;;;;;;;;;;;;;
5.202724;13087500;17;;;;;;;;;;;;;;
5.205224;13090000;17;;;;;;;;;;;;;;
5.207724;13092500;17;;;;;;;;;;;;;;
5.210224;13095000;18;;;;;;;;;;;;;;
5.212724;13097500;9;;;;;;;;;;;;;;
5.215224;13100000;9;;;;;;;;;;;;;;
5.217724;13102500;19;;;;;;;;;;;;;;
5.220224;13105000;8;;;;;;;;;;;;;;
5.222724;13107500;9;;;;;;;;;;;;;;
5.225224;13110000;18;;;;;;;;13110910;78.163;35.556;993.398;1526.143;-3331.213;-2950.228
5.227724;13112500;9;13111340;100.871;-636.302;792.003;-3273.226;399.94;467.464;;;;;;;
5.230224;13115000;8;;;;;;;;;;;;;;
5.232724;13117500;9;;;;;;;;;;;;;;
5.235224;13120000;7;;;;;;;;;;;;;;
5.237724;13122500;17;;;;;;;;;;;;;;
5.240224;13125000;9;;;;;;;;;;;;;;
5.242724;13127500;18;;;;;;;;;;;;;;
5.245224;13130000;16;;;;;;;;;;;;;;
5.247724;13132500;18;;;;;;;;;;;;;;
5.250224;13135000;8;;;;;;;;;;;;;;
5.252724;13137500;9;;;;;;;;;;;;;;
5.255224;13140000;8;;;;;;;;13141199;77.164;33.955;996.255;2343.648;-3282.777;-3802.404
5.257724;13142500;9;13141637;101.983;-636.634;790.942;-8988.689;494.131;1925.466;;;;;;;
5.260224;13145000;18;;;;;;;;;;;;;;
5.262724;13147500;17;;;;;;;;;;;;;;
5.265224;13150000;16;;;;;;;;;;;;;;
5.267724;13152500;9;;;;;;;;;;;;;;
5.270224;13155000;18;;;;;;;;;;;;;;
5.272724;13157500;9;;;;;;;;;;;;;;
5.275224;13160000;10;;;;;;;;;;;;;;
5.277724;13162500;17;;;;;;;;;;;;;;
5.280224;13165000;16;;;;;;;;;;;;;;
5.282724;13167500;7;;;;;;;;;;;;;;
5.285224;13170000;17;;;;;;;;;;;;;;
5.287724;13172500;17;13171919;100.074;-642.829;784.951;-14499.755;551.237;3265.505;13171489;76.295;41.962;995.407;2485.903;-3810.763;-4419.471
5.290224;13175000;8;;;;;;;;;;;;;;
5.292724;13177500;10;;;;;;;;;;;;;;
5.295224;13180000;17;;;;;;;;;;;;;;
5.297724;13182500;8;;;;;;;;;;;;;;
5.300224;13185000;8;;;;;;;;;;;;;;
5.302724;13187500;18;;;;;;;;;;;;;;
5.305224;13190000;17;;;;;;;;;;;;;;
5.307724;13192500;9;;;;;;;;;;;;;;
5.310224;13195000;16;;;;;;;;;;;;;;
5.312724;13197500;16;;;;;;;;;;;;;;
5.315224;13200000;9;;;;;;;;;;;;;;
5.317724;13202500;9;13202218;104.495;-646.379;780.602;-21121.266;1502.363;3797.417;13201779;77.153;37.687;998.432;1707.545;-3502.538;-4889.31
5.320224;13205000;8;;;;;;;;;;;;;;
5.322724;13207500;17;;;;;;;;;;;;;;
5.325224;13210000;16;;;;;;;;;;;;;;
5.327724;13212500;17;;;;;;;;;;;;;;
5.330224;13215000;10;;;;;;;;;;;;;;
5.332724;13217500;16;;;;;;;;;;;;;;
5.335224;13220000;17;;;;;;;;;;;;;;
5.337724;13222500;17;;;;;;;;;;;;;;
5.340224;13225000;18;;;;;;;;;;;;;;
5.342724;13227500;17;;;;;;;;;;;;;;
5.345224;13230000;7;;;;;;;;;;;;;;
5.347724;13232500;18;13232845;99.874;-659.261;767.698;-28057.014;3362.744;3254.046;13232415;80.829;37.376;994.754;2127.918;-2012.723;-5372.407
5.350224;13235000;8;;;;;;;;;;;;;;
5.352724;13237500;9;;;;;;;;;;;;;;
5.355224;13240000;17;;;;;;;;;;;;;;
5.357724;13242500;18;;;;;;;;;;;;;;
5.360224;13245000;10;;;;;;;;;;;;;;
5.362724;13247500;8;;;;;;;;;;;;;;
5.365224;13250000;10;;;;;;;;;;;;;;
5.367724;13252500;7;;;;;;;;;;;;;;
5.370224;13255000;10;;;;;;;;;;;;;;
5.372724;13257500;16;;;;;;;;;;;;;;
5.375224;13260000;7;;;;;;;;13261243;78.581;38.661;1002.326;2732.897;207.163;-5764.411
5.377724;13262500;18;13261681;93.081;-672.231;749.669;-31876.162;4710.107;2497.219;;;;;;;
5.380224;13265000;8;;;;;;;;;;;;;;
5.382724;13267500;8;;;;;;;;;;;;;;
5.385224;13270000;9;;;;;;;;;;;;;;
5.387724;13272500;17;;;;;;;;;;;;;;
5.390224;13275000;10;;;;;;;;;;;;;;
5.392724;13277500;19;;;;;;;;;;;;;;
5.395224;13280000;17;;;;;;;;;;;;;;
5.397724;13282500;17;13283531;90.897;-683.973;735.091;-34298.602;4948.415;1682.858;13283109;80.081;34.465;1013.082;4740.002;2812.18;-6086.065
5.400224;13285000;9;;;;;;;;;;;;;;
5.402724;13287500;8;;;;;;;;;;;;;;
5.405224;13290000;9;;;;;;;;;;;;;;
5.407724;13292500;18;;;;;;;;;;;;;;
5.410224;13295000;18;;;;;;;;;;;;;;
5.412724;13297500;8;;;;;;;;;;;;;;
5.415224;13300000;8;;;;;;;;;;;;;;
5.417724;13302500;17;;;;;;;;;;;;;;
5.420224;13305000;18;;;;;;;;;;;;;;
5.422724;13307500;17;13308379;86.194;-695.17;727.067;-35943.672;4679.556;368.902;13307939;78.999;33.748;1018.188;8829.877;7498.508;-7092.95
5.425224;13310000;17;;;;;;;;;;;;;;
5.427724;13312500;16;;;;;;;;;;;;;;
5.430224;13315000;16;;;;;;;;;;;;;;
5.432724;13317500;9;;;;;;;;;;;;;;
5.435224;13320000;10;;;;;;;;;;;;;;
5.437724;13322500;17;;;;;;;;;;;;;;
5.440224;13325000;18;;;;;;;;;;;;;;
5.442724;13327500;16;;;;;;;;;;;;;;
5.445224;13330000;17;;;;;;;;;;;;;;
5.447724;13332500;7;;;;;;;;;;;;;;
5.450224;13335000;17;13334315;80.871;-704.435;710.752;-36983.238;4186.578;-1371.543;13333888;67.509;44.663;1020.727;12481.633;12567.396;-7453.177
5.452724;13337500;9;;;;;;;;;;;;;;
5.455224;13340000;8;;;;;;;;;;;;;;
5.457724;13342500;17;;;;;;;;;;;;;;
5.460224;13345000;9;;;;;;;;;;;;;;
5.462724;13347500;9;;;;;;;;;;;;;;
5.465224;13350000;9;;;;;;;;;;;;;;
5.467724;13352500;16;;;;;;;;;;;;;;
5.470224;13355000;17;;;;;;;;;;;;;;
5.472724;13357500;17;;;;;;;;;;;;;;
5.475224;13360000;17;;;;;;;;;;;;;;
5.477724;13362500;17;;;;;;;;;;;;;;
5.480224;13365000;18;13364963;80.896;-716.299;695.412;-40056.387;3530.999;-3500.528;13364523;59.193;51.464;1016.581;14961.613;16436.963;-6511.331
5.482724;13367500;18;;;;;;;;;;;;;;
5.485224;13370000;16;;;;;;;;;;;;;;
5.487724;13372500;17;;;;;;;;;;;;;;
5.490224;13375000;19;;;;;;;;;;;;;;
5.492724;13377500;17;;;;;;;;;;;;;;
5.495224;13380000;18;;;;;;;;;;;;;;
5.497724;13382500;17;;;;;;;;;;;;;;
5.500224;13385000;9;;;;;;;;;;;;;;
5.502724;13387500;10;;;;;;;;;;;;;;
5.505224;13390000;17;;;;;;;;;;;;;;
5.507724;13392500;16;;;;;;;;;;;;;;
5.510224;13395000;10;13395855;82.903;-728.382;676.495;-43859.191;3083.637;-5752.314;13395420;48.882;57.285;1013.173;15574.157;19535.988;-5489.264
5.512724;13397500;17;;;;;;;;;;;;;;
5.515224;13400000;18;;;;;;;;;;;;;;
5.517724;13402500;9;;;;;;;;;;;;;;
5.520224;13405000;18;;;;;;;;;;;;;;
5.522724;13407500;9;;;;;;;;;;;;;;
5.525224;13410000;18;;;;;;;;;;;;;;
5.527724;13412500;8;;;;;;;;;;;;;;
5.530224;13415000;19;;;;;;;;;;;;;;
5.532724;13417500;9;;;;;;;;;;;;;;
5.535224;13420000;17;;;;;;;;;;;;;;
5.537724;13422500;19;;;;;;;;;;;;;;
5.540224;13425000;8;13425208;87.334;-739.634;658.122;-46592.043;2672.205;-7403.699;13424768;44.084;64.418;1016.054;13915.199;22138.814;-4932.613
5.542724;13427500;23;;;;;;;;;;;;;;
5.545224;13430000;9;;;;;;;;;;;;;;
5.547724;13432500;7;;;;;;;;;;;;;;
5.550224;13435000;16;;;;;;;;;;;;;;
5.552724;13437500;17;;;;;;;;;;;;;;
5.555224;13440000;17;;;;;;;;;;;;;;
5.557724;13442500;8;;;;;;;;;;;;;;
5.560224;13445000;17;;;;;;;;;;;;;;
5.562724;13447500;18;13447407;91.526;-754.643;633.335;-49298.941;2884.219;-8790.514;13446983;36.554;72.007;1017.571;13037.877;25288.311;-5344.857
5.565224;13450000;9;;;;;;;;;;;;;;
5.567724;13452500;16;;;;;;;;;;;;;;
5.570224;13455000;18;;;;;;;;;;;;;;
5.572724;13457500;16;;;;;;;;;;;;;;
5.575224;13460000;19;;;;;;;;;;;;;;
5.577724;13462500;17;;;;;;;;;;;;;;
5.580224;13465000;20;;;;;;;;;;;;;;
5.582724;13467500;19;;;;;;;;;;;;;;
5.585224;13470000;18;;;;;;;;;;;;;;
5.587724;13472500;8;;;;;;;;;;;;;;
5.590224;13475000;18;;;;;;;;;;;;;;
5.592724;13477500;10;13478056;96.862;-765.034;610.171;-52682.93;3901.134;-11115.551;13477616;27.98;76.91;1013.968;11668.046;28439.145;-4649.739
5.595224;13480000;9;;;;;;;;;;;;;;
5.597724;13482500;19;;;;;;;;;;;;;;
5.600224;13485000;16;;;;;;;;;;;;;;
5.602724;13487500;17;;;;;;;;;;;;;;
5.605224;13490000;8;;;;;;;;;;;;;;
5.607724;13492500;7;;;;;;;;;;;;;;
5.610224;13495000;18;;;;;;;;;;;;;;
5.612724;13497500;17;;;;;;;;;;;;;;
5.615224;13500000;8;;;;;;;;;;;;;;
5.617724;13502500;17;;;;;;;;;;;;;;
5.620224;13505000;16;;;;;;;;;;;;;;
5.622724;13507500;10;13507400;100.266;-775.551;583.28;-56482.219;5306.89;-14026.523;13506964;14.454;77.011;1010.709;11470.081;31441.188;-4057.627
5.625224;13510000;17;;;;;;;;;;;;;;
5.627724;13512500;17;;;;;;;;;;;;;;
5.630224;13515000;18;;;;;;;;;;;;;;
5.632724;13517500;18;;;;;;;;;;;;;;
5.635224;13520000;17;;;;;;;;;;;;;;
5.637724;13522500;19;;;;;;;;;;;;;;
5.640224;13525000;17;;;;;;;;;;;;;;
5.642724;13527500;17;;;;;;;;;;;;;;
5.645224;13530000;17;;;;;;;;;;;;;;
5.647724;13532500;16;;;;;;;;;;;;;;
5.650224;13535000;18;;;;;;;;;;;;;;
5.652724;13537500;7;13538213;107.898;-785.586;559.143;-58623.73;6898.295;-16788.885;13537773;-2.251;81.322;1006.119;11107.89;35104.688;-3523.996
5.655224;13540000;18;;;;;;;;;;;;;;
5.657724;13542500;16;;;;;;;;;;;;;;
5.660224;13545000;16;;;;;;;;;;;;;;
5.662724;13547500;17;;;;;;;;;;;;;;
5.665224;13550000;9;;;;;;;;;;;;;;
5.667724;13552500;9;;;;;;;;;;;;;;
5.670224;13555000;18;;;;;;;;;;;;;;
5.672724;13557500;9;;;;;;;;;;;;;;
5.675224;13560000;17;;;;;;;;;;;;;;
5.677724;13562500;9;;;;;;;;;;;;;;
5.680224;13565000;17;;;;;;;;;;;;;;
5.682724;13567500;17;;;;;;;;;;;;;;
5.685224;13570000;18;13569194;117.552;-792.905;534.406;-59060.418;8215.442;-20054.504;13568759;-17.162;85.058;1005.412;12207.12;39236.453;-3743.296
5.687724;13572500;8;;;;;;;;;;;;;;
5.690224;13575000;18;;;;;;;;;;;;;;
5.692724;13577500;9;;;;;;;;;;;;;;
5.695224;13580000;17;;;;;;;;;;;;;;
5.697724;13582500;9;;;;;;;;;;;;;;
5.700224;13585000;10;;;;;;;;;;;;;;
5.702724;13587500;10;;;;;;;;;;;;;;
5.705224;13590000;8;;;;;;;;;;;;;;
5.707724;13592500;17;;;;;;;;;;;;;;
5.710224;13595000;10;;;;;;;;;;;;;;
5.712724;13597500;18;;;;;;;;;;;;;;
5.715224;13600000;9;13600005;131.762;-806.39;511.852;-59855.895;9865.732;-23009.842;13599567;-38.886;86.441;1002.422;11415.639;44485.941;-3706.631
5.717724;13602500;17;;;;;;;;;;;;;;
5.720224;13605000;8;;;;;;;;;;;;;;
5.722724;13607500;16;;;;;;;;;;;;;;
5.725224;13610000;18;;;;;;;;;;;;;;
5.727724;13612500;9;;;;;;;;;;;;;;
5.730224;13615000;10;;;;;;;;;;;;;;
5.732724;13617500;18;;;;;;;;;;;;;;
5.735224;13620000;9;;;;;;;;;;;;;;
5.737724;13622500;17;13622283;144.389;-813.938;487.297;-62111.348;11688.57;-25156.787;13621848;-63.349;94.295;997.289;9932.669;48476.332;-3911.112
5.740224;13625000;19;;;;;;;;;;;;;;
5.742724;13627500;17;;;;;;;;;;;;;;
5.745224;13630000;9;;;;;;;;;;;;;;
5.747724;13632500;9;;;;;;;;;;;;;;
5.750224;13635000;16;;;;;;;;;;;;;;
5.752724;13637500;18;;;;;;;;;;;;;;
5.755224;13640000;8;;;;;;;;;;;;;;
5.757724;13642500;8;13642964;156.75;-816.221;460.742;-63413.156;12954.767;-26516.072;13642532;-82.8;102.573;987.215;9017.785;50826.953;-3131.932
5.760224;13645000;16;;;;;;;;;;;;;;
5.762724;13647500;16;;;;;;;;;;;;;;
5.765224;13650000;18;;;;;;;;;;;;;;
5.767724;13652500;18;;;;;;;;;;;;;;
5.770224;13655000;19;;;;;;;;;;;;;;
5.772724;13657500;17;;;;;;;;;;;;;;
5.775224;13660000;17;;;;;;;;;;;;;;
5.777724;13662500;18;;;;;;;;;;;;;;
5.780224;13665000;19;;;;;;;;;;;;;;
5.782724;13667500;17;;;;;;;;;;;;;;
5.785224;13670000;8;;;;;;;;;;;;;;
5.787724;13672500;16;13672570;165.944;-820.953;439.163;-65570.812;15799.153;-26445.455;13672140;-100.016;100.604;972.66;8704.708;51615.418;-2350.585
5.790224;13675000;18;;;;;;;;;;;;;;
5.792724;13677500;9;;;;;;;;;;;;;;
5.795224;13680000;8;;;;;;;;;;;;;;
5.797724;13682500;10;;;;;;;;;;;;;;
5.800224;13685000;9;;;;;;;;;;;;;;
5.802724;13687500;10;;;;;;;;;;;;;;
5.805224;13690000;9;;;;;;;;;;;;;;
5.807724;13692500;17;;;;;;;;;;;;;;
5.810224;13695000;8;13695050;177.356;-830.023;413.727;-63596.02;17936.07;-26569.119;13694612;-122.197;100.851;952.429;7996.91;51793.957;-2124.118
5.812724;13697500;8;;;;;;;;;;;;;;
5.815224;13700000;9;;;;;;;;;;;;;;
5.817724;13702500;19;;;;;;;;;;;;;;
5.820224;13705000;10;;;;;;;;;;;;;;
5.822724;13707500;9;;;;;;;;;;;;;;
5.825224;13710000;17;;;;;;;;;;;;;;
5.827724;13712500;9;;;;;;;;;;;;;;
5.830224;13715000;8;;;;;;;;;;;;;;
5.832724;13717500;17;;;;;;;;;;;;;;
5.835224;13720000;16;13720308;189.277;-831.618;390.766;-62199.031;19108.641;-25799.787;13719878;-153.346;104.202;931.397;7520.939;50961.258;-2223.975
5.837724;13722500;18;;;;;;;;;;;;;;
5.840224;13725000;16;;;;;;;;;;;;;;
5.842724;13727500;16;;;;;;;;;;;;;;
5.845224;13730000;9;;;;;;;;;;;;;;
5.847724;13732500;10;;;;;;;;;;;;;;
5.850224;13735000;17;;;;;;;;;;;;;;
5.852724;13737500;8;;;;;;;;;;;;;;
5.855224;13740000;16;;;;;;;;;;;;;;
5.857724;13742500;18;;;;;;;;;;;;;;
5.860224;13745000;19;;;;;;;;;;;;;;
5.862724;13747500;8;13747126;198.204;-831.755;363.914;-61955.141;19048.334;-23798.422;13746694;-183.066;107.306;909.74;7640.143;49699.883;-2599.276
5.865224;13750000;17;;;;;;;;;;;;;;
5.867724;13752500;17;;;;;;;;;;;;;;
5.870224;13755000;18;;;;;;;;;;;;;;
5.872724;13757500;17;;;;;;;;;;;;;;
5.875224;13760000;10;;;;;;;;;;;;;;
5.877724;13762500;8;;;;;;;;;;;;;;
5.880224;13765000;17;;;;;;;;;;;;;;
5.882724;13767500;11;;;;;;;;;;;;;;
5.885224;13770000;16;;;;;;;;;;;;;;
5.887724;13772500;10;;;;;;;;;;;;;;
5.890224;13775000;18;;;;;;;;;;;;;;
5.892724;13777500;9;13777938;210.279;-833.593;337.166;-58560.758;17714.855;-21228.188;13777502;-209.561;111.865;891.294;7794.073;46868.824;-2044.5
5.895224;13780000;17;;;;;;;;;;;;;;
5.897724;13782500;9;;;;;;;;;;;;;;
5.900224;13785000;10;;;;;;;;;;;;;;
5.902724;13787500;17;;;;;;;;;;;;;;
5.905224;13790000;16;;;;;;;;;;;;;;
5.907724;13792500;17;;;;;;;;;;;;;;
5.910224;13795000;9;;;;;;;;;;;;;;
5.912724;13797500;10;;;;;;;;;;;;;;
5.915224;13800000;11;;;;;;;;;;;;;;
5.917724;13802500;8;;;;;;;;;;;;;;
5.920224;13805000;18;;;;;;;;;;;;;;
5.922724;13807500;7;;;;;;;;13808401;-232.834;114.452;871.38;7695.307;42161.57;-1756.775
5.925224;13810000;16;13808833;219.114;-837.846;311.353;-53747.531;14867.801;-18609.715;;;;;;;
5.927724;13812500;16;;;;;;;;;;;;;;
5.930224;13815000;10;;;;;;;;;;;;;;
5.932724;13817500;17;;;;;;;;;;;;;;
5.935224;13820000;17;;;;;;;;;;;;;;
5.937724;13822500;17;;;;;;;;;;;;;;
5.940224;13825000;17;;;;;;;;;;;;;;
5.942724;13827500;5;;;;;;;;;;;;;;
5.945224;13830000;9;;;;;;;;;;;;;;
5.947724;13832500;8;;;;;;;;;;;;;;
5.950224;13835000;16;;;;;;;;;;;;;;
5.952724;13837500;8;13838529;222.414;-839.703;290.71;-47124.402;10834.41;-15862.291;13838093;-249.899;119.283;853.418;8258.604;36972.18;-1289.623
5.955224;13840000;17;;;;;;;;;;;;;;
5.957724;13842500;11;;;;;;;;;;;;;;
5.960224;13845000;8;;;;;;;;;;;;;;
5.962724;13847500;18;;;;;;;;;;;;;;
5.965224;13850000;17;;;;;;;;;;;;;;
5.967724;13852500;9;;;;;;;;;;;;;;
5.970224;13855000;9;;;;;;;;;;;;;;
5.972724;13857500;8;;;;;;;;;;;;;;
5.975224;13860000;10;;;;;;;;;;;;;;
5.977724;13862500;17;;;;;;;;;;;;;;
5.980224;13865000;18;;;;;;;;;;;;;;
5.982724;13867500;9;;;;;;;;;;;;;;
5.985224;13870000;16;13869511;229.624;-845.768;275.699;-39772.809;6445.752;-12707.114;13869078;-262.719;122.853;844.84;9145.486;32347.633;-839.267
5.987724;13872500;19;;;;;;;;;;;;;;
5.990224;13875000;18;;;;;;;;;;;;;;
5.992724;13877500;7;;;;;;;;;;;;;;
5.995224;13880000;9;;;;;;;;;;;;;;
5.997724;13882500;9;;;;;;;;;;;;;;
6.000224;13885000;8;;;;;;;;;;;;;;
6.002724;13887500;17;;;;;;;;;;;;;;
6.005224;13890000;18;;;;;;;;;;;;;;
6.007724;13892500;18;;;;;;;;;;;;;;
6.010224;13895000;17;;;;;;;;;;;;;;
6.012724;13897500;18;;;;;;;;;;;;;;
6.015224;13900000;10;13900146;232.252;-851.102;268.861;-32363.98;3203.152;-8421.696;13899716;-270.628;130.167;845.103;10367.337;28019.062;-1529.241
6.017724;13902500;18;;;;;;;;;;;;;;
6.020224;13905000;16;;;;;;;;;;;;;;
6.022724;13907500;16;;;;;;;;;;;;;;
6.025224;13910000;8;;;;;;;;;;;;;;
6.027724;13912500;9;;;;;;;;;;;;;;
6.030224;13915000;16;;;;;;;;;;;;;;
6.032724;13917500;9;;;;;;;;;;;;;;
6.035224;13920000;16;;;;;;;;;;;;;;
6.037724;13922500;10;;;;;;;;;;;;;;
6.040224;13925000;19;;;;;;;;;;;;;;
6.042724;13927500;8;;;;;;;;;;;;;;
6.045224;13930000;10;13931056;234.474;-856.389;260.817;-25753.031;1432.557;-4149.299;13930611;-277.251;138.494;846.073;10898.095;23465.047;-1937.967
6.047724;13932500;19;;;;;;;;;;;;;;
6.050224;13935000;7;;;;;;;;;;;;;;
6.052724;13937500;8;;;;;;;;;;;;;;
6.055224;13940000;8;;;;;;;;;;;;;;
6.057724;13942500;18;;;;;;;;;;;;;;
6.060224;13945000;11;;;;;;;;;;;;;;
6.062724;13947500;17;;;;;;;;;;;;;;
6.065224;13950000;8;;;;;;;;;;;;;;
6.067724;13952500;8;;;;;;;;;;;;;;
6.070224;13955000;8;;;;;;;;;;;;;;
6.072724;13957500;9;;;;;;;;;;;;;;
6.075224;13960000;19;;;;;;;;;;;;;;
6.077724;13962500;9;13961758;234.749;-860.729;252.4;-20359.441;510.429;-400.271;13961335;-283.311;145.166;850.025;11727.814;20220.232;-1501.131
6.080224;13965000;9;;;;;;;;;;;;;;
6.082724;13967500;17;;;;;;;;;;;;;;
6.085224;13970000;18;;;;;;;;;;;;;;
6.087724;13972500;8;;;;;;;;;;;;;;
6.090224;13975000;9;;;;;;;;;;;;;;
6.092724;13977500;17;;;;;;;;;;;;;;
6.095224;13980000;18;;;;;;;;;;;;;;
6.097724;13982500;18;;;;;;;;;;;;;;
6.100224;13985000;18;;;;;;;;;;;;;;
6.102724;13987500;9;;;;;;;;;;;;;;
6.105224;13990000;8;13990948;233.766;-864.223;245.916;-17223.094;398.72;2720.742;13990509;-288.751;152.621;858.117;11908.361;17172.658;-1083.949
6.107724;13992500;16;;;;;;;;;;;;;;
6.110224;13995000;17;;;;;;;;;;;;;;
6.112724;13997500;17;;;;;;;;;;;;;;
6.115224;14000000;17;;;;;;;;;;;;;;
6.117724;14002500;9;;;;;;;;;;;;;;
6.120224;14005000;10;;;;;;;;;;;;;;
6.122724;14007500;19;;;;;;;;;;;;;;
6.125224;14010000;18;;;;;;;;;;;;;;
6.127724;14012500;9;;;;;;;;;;;;;;
6.130224;14015000;8;14014380;234.79;-867.665;237.537;-16282.751;763.784;5025.955;14013945;-293.065;159.447;867.214;12313.943;14793.713;-940.064
6.132724;14017500;9;;;;;;;;;;;;;;
6.135224;14020000;17;;;;;;;;;;;;;;
6.137724;14022500;17;;;;;;;;;;;;;;
6.140224;14025000;9;;;;;;;;;;;;;;
6.142724;14027500;9;;;;;;;;;;;;;;
6.145224;14030000;10;;;;;;;;;;;;;;
6.147724;14032500;9;;;;;;;;;;;;;;
6.150224;14035000;17;;;;;;;;;;;;;;
6.152724;14037500;10;;;;;;;;;;;;;;
6.155224;14040000;17;;;;;;;;;;;;;;
6.157724;14042500;8;14043445;232.078;-878.132;231.601;-16750.926;1594.907;5394.595;14043012;-298.157;165.065;877.838;11031.059;13438.027;-452.061
6.160224;14045000;8;;;;;;;;;;;;;;
6.162724;14047500;9;;;;;;;;;;;;;;
6.165224;14050000;18;;;;;;;;;;;;;;
6.167724;14052500;10;;;;;;;;;;;;;;
6.170224;14055000;16;;;;;;;;;;;;;;
6.172724;14057500;8;;;;;;;;;;;;;;
6.175224;14060000;9;;;;;;;;;;;;;;
6.177724;14062500;9;;;;;;;;;;;;;;
6.180224;14065000;17;;;;;;;;;;;;;;
6.182724;14067500;19;;;;;;;;;;;;;;
6.185224;14070000;16;;;;;;;;;;;;;;
6.187724;14072500;9;14072703;228.533;-891.023;228.72;-19767.754;3719.287;4538.177;14072273;-303.355;168.335;890.658;10547.318;13243.438;-481.521
6.190224;14075000;9;;;;;;;;;;;;;;
6.192724;14077500;8;;;;;;;;;;;;;;
6.195224;14080000;9;;;;;;;;;;;;;;
6.197724;14082500;17;;;;;;;;;;;;;;
6.200224;14085000;16;;;;;;;;;;;;;;
6.202724;14087500;9;;;;;;;;;;;;;;
6.205224;14090000;18;;;;;;;;;;;;;;
6.207724;14092500;9;;;;;;;;;;;;;;
6.210224;14095000;8;;;;;;;;;;;;;;
6.212724;14097500;17;;;;;;;;;;;;;;
6.215224;14100000;7;;;;;;;;;;;;;;
6.217724;14102500;16;14103266;225.292;-900.664;216.222;-24480.865;6363.947;1532.269;14102821;-309.183;174.796;897.255;9773.202;13798.829;-709.882
6.220224;14105000;9;;;;;;;;;;;;;;
6.222724;14107500;17;;;;;;;;;;;;;;
6.225224;14110000;9;;;;;;;;;;;;;;
6.227724;14112500;17;;;;;;;;;;;;;;
6.230224;14115000;18;;;;;;;;;;;;;;
6.232724;14117500;8;;;;;;;;;;;;;;
6.235224;14120000;18;;;;;;;;;;;;;;
6.237724;14122500;7;;;;;;;;;;;;;;
6.240224;14125000;9;;;;;;;;;;;;;;
6.242724;14127500;17;;;;;;;;;;;;;;
6.245224;14130000;11;;;;;;;;;;;;;;
6.247724;14132500;16;;;;;;;;14133372;-316.868;176.615;899.844;8693.917;14468.2;-881.325
6.250224;14135000;18;14133802;227.582;-908.292;200.354;-28942.572;8682.125;-3555.032;;;;;;;
6.252724;14137500;9;;;;;;;;;;;;;;
6.255224;14140000;9;;;;;;;;;;;;;;
6.257724;14142500;10;;;;;;;;;;;;;;
6.260224;14145000;8;;;;;;;;;;;;;;
6.262724;14147500;17;;;;;;;;;;;;;;
6.265224;14150000;8;;;;;;;;;;;;;;
6.267724;14152500;10;;;;;;;;;;;;;;
6.270224;14155000;18;;;;;;;;;;;;;;
6.272724;14157500;8;;;;;;;;;;;;;;
6.275224;14160000;10;;;;;;;;;;;;;;
6.277724;14162500;9;;;;;;;;;;;;;;
6.280224;14165000;9;14164621;229.293;-914.502;187.25;-32877.133;10761.894;-9095.405;14164181;-323.344;177.691;896.375;8376.033;14880.978;-1314.134
6.282724;14167500;17;;;;;;;;;;;;;;
6.285224;14170000;12;;;;;;;;;;;;;;
6.287724;14172500;8;;;;;;;;;;;;;;
6.290224;14175000;17;;;;;;;;;;;;;;
6.292724;14177500;9;;;;;;;;;;;;;;
6.295224;14180000;17;;;;;;;;;;;;;;
6.297724;14182500;8;;;;;;;;;;;;;;
6.300224;14185000;8;;;;;;;;;;;;;;
6.302724;14187500;18;;;;;;;;;;;;;;
6.305224;14190000;9;;;;;;;;;;;;;;
6.307724;14192500;16;;;;;;;;;;;;;;
6.310224;14195000;11;14195515;233.615;-919.718;179.327;-35244.273;12855.799;-14488.697;14195080;-329.723;180.585;889.748;8216.669;15095.929;-838.49
6.312724;14197500;18;;;;;;;;;;;;;;
6.315224;14200000;17;;;;;;;;;;;;;;
6.317724;14202500;9;;;;;;;;;;;;;;
6.320224;14205000;8;;;;;;;;;;;;;;
6.322724;14207500;8;;;;;;;;;;;;;;
6.325224;14210000;7;;;;;;;;;;;;;;
6.327724;14212500;7;;;;;;;;;;;;;;
6.330224;14215000;8;;;;;;;;;;;;;;
6.332724;14217500;16;;;;;;;;;;;;;;
6.335224;14220000;17;;;;;;;;;;;;;;
6.337724;14222500;18;;;;;;;;;;;;;;
6.340224;14225000;17;14224868;239.271;-924.716;169.861;-35819.621;15160.446;-18831.387;14224428;-338.411;182.756;884.045;7829.023;14496.444;-257.565
6.342724;14227500;17;;;;;;;;;;;;;;
6.345224;14230000;9;;;;;;;;;;;;;;
6.347724;14232500;17;;;;;;;;;;;;;;
6.350224;14235000;8;;;;;;;;;;;;;;
6.352724;14237500;18;;;;;;;;;;;;;;
6.355224;14240000;20;;;;;;;;;;;;;;
6.357724;14242500;8;;;;;;;;;;;;;;
6.360224;14245000;22;;;;;;;;;;;;;;
6.362724;14247500;16;;;;;;;;;;;;;;
6.365224;14250000;17;;;;;;;;;;;;;;
6.367724;14252500;17;;;;;;;;;;;;;;
6.370224;14255000;8;14255760;243.308;-919.802;161.099;-34650.766;17502.986;-21653.191;14255325;-346.891;184.94;875.039;7130.884;12899.685;-39.937
6.372724;14257500;9;;;;;;;;;;;;;;
6.375224;14260000;18;;;;;;;;;;;;;;
6.377724;14262500;17;;;;;;;;;;;;;;
6.380224;14265000;17;;;;;;;;;;;;;;
6.382724;14267500;7;;;;;;;;;;;;;;
6.385224;14270000;8;;;;;;;;;;;;;;
6.387724;14272500;9;;;;;;;;;;;;;;
6.390224;14275000;16;;;;;;;;;;;;;;
6.392724;14277500;12;14278057;250.351;-922.611;141.796;-32574.352;18548.898;-23796.656;14277624;-352.775;188.417;866.301;6611.59;11444.45;163.747
6.395224;14280000;9;;;;;;;;;;;;;;
6.397724;14282500;17;;;;;;;;;;;;;;
6.400224;14285000;18;;;;;;;;;;;;;;
6.402724;14287500;10;;;;;;;;;;;;;;
6.405224;14290000;10;;;;;;;;;;;;;;
6.407724;14292500;8;;;;;;;;;;;;;;
6.410224;14295000;18;;;;;;;;;;;;;;
6.412724;14297500;9;;;;;;;;;;;;;;
6.415224;14300000;18;;;;;;;;;;;;;;
6.417724;14302500;9;;;;;;;;;;;;;;
6.420224;14305000;17;;;;;;;;;;;;;;
6.422724;14307500;18;14307574;257.756;-918.577;130.979;-27627.195;17892.703;-24964.51;14307144;-360.147;191.898;858.141;6698.823;9854.603;62.81
6.425224;14310000;8;;;;;;;;;;;;;;
6.427724;14312500;9;;;;;;;;;;;;;;
6.430224;14315000;8;;;;;;;;;;;;;;
6.432724;14317500;16;;;;;;;;;;;;;;
6.435224;14320000;18;;;;;;;;;;;;;;
6.437724;14322500;9;;;;;;;;;;;;;;
6.440224;14325000;7;;;;;;;;;;;;;;
6.442724;14327500;7;;;;;;;;;;;;;;
6.445224;14330000;9;14329796;274.716;-908.431;123.771;-24570.648;17743.131;-24110.033;14329358;-364.264;195.522;850.034;6717.381;8219.56;-88.643
6.447724;14332500;17;;;;;;;;;;;;;;
6.450224;14335000;9;;;;;;;;;;;;;;
6.452724;14337500;17;;;;;;;;;;;;;;
6.455224;14340000;10;;;;;;;;;;;;;;
6.457724;14342500;16;;;;;;;;;;;;;;
6.460224;14345000;16;;;;;;;;;;;;;;
6.462724;14347500;11;;;;;;;;;;;;;;
6.465224;14350000;18;;;;;;;;;;;;;;
6.467724;14352500;16;;;;;;;;;;;;;;
6.470224;14355000;16;;;;;;;;;;;;;;
6.472724;14357500;19;;;;;;;;;;;;;;
6.475224;14360000;17;14360423;287.753;-901.213;105.151;-23574.428;18779.225;-20332.469;14359993;-366.687;198.671;846.267;6585.825;6389.332;-69.336
6.477724;14362500;10;;;;;;;;;;;;;;
6.480224;14365000;8;;;;;;;;;;;;;;
6.482724;14367500;17;;;;;;;;;;;;;;
6.485224;14370000;8;;;;;;;;;;;;;;
6.487724;14372500;17;;;;;;;;;;;;;;
6.490224;14375000;10;;;;;;;;;;;;;;
6.492724;14377500;9;;;;;;;;;;;;;;
6.495224;14380000;17;;;;;;;;;;;;;;
6.497724;14382500;20;;;;;;;;;;;;;;
6.500224;14385000;18;;;;;;;;;;;;;;
6.502724;14387500;17;;;;;;;;;;;;;;
6.505224;14390000;17;14389700;288.981;-886.104;92.616;-25578.082;20540.514;-13568.408;14389255;-378.865;220.799;856.859;4163.533;2962.74;-433.807
6.507724;14392500;19;;;;;;;;;;;;;;
6.510224;14395000;18;;;;;;;;;;;;;;
6.512724;14397500;9;;;;;;;;;;;;;;
6.515224;14400000;16;;;;;;;;;;;;;;
6.517724;14402500;18;;;;;;;;;;;;;;
6.520224;14405000;17;;;;;;;;;;;;;;
6.522724;14407500;10;;;;;;;;;;;;;;
6.525224;14410000;16;;;;;;;;;;;;;;
6.527724;14412500;16;14413207;294.845;-877.526;76.383;-27849.053;21572.363;-3580.862;14412777;-379.966;218.33;858.711;2305.106;7.165;-1612.616
6.530224;14415000;10;;;;;;;;;;;;;;
6.532724;14417500;17;;;;;;;;;;;;;;
6.535224;14420000;16;;;;;;;;;;;;;;
6.537724;14422500;17;;;;;;;;;;;;;;
6.540224;14425000;10;;;;;;;;;;;;;;
6.542724;14427500;8;;;;;;;;;;;;;;
6.545224;14430000;9;;;;;;;;;;;;;;
6.547724;14432500;9;;;;;;;;;;;;;;
6.550224;14435000;8;;;;;;;;;;;;;;
6.552724;14437500;16;;;;;;;;;;;;;;
6.555224;14440000;8;;;;;;;;;;;;;;
6.557724;14442500;9;14442194;296.005;-881.071;80.476;-28548.725;21709.557;5051.993;14441756;-379.75;218.009;860.818;-199.336;-2263.38;-2933.298
6.560224;14445000;18;;;;;;;;;;;;;;
6.562724;14447500;16;;;;;;;;;;;;;;
6.565224;14450000;9;;;;;;;;;;;;;;
6.567724;14452500;18;;;;;;;;;;;;;;
6.570224;14455000;17;;;;;;;;;;;;;;
6.572724;14457500;8;;;;;;;;;;;;;;
6.575224;14460000;17;;;;;;;;;;;;;;
6.577724;14462500;7;;;;;;;;;;;;;;
6.580224;14465000;8;;;;;;;;;;;;;;
6.582724;14467500;11;;;;;;;;;;;;;;
6.585224;14470000;16;;;;;;;;;;;;;;
6.587724;14472500;8;14471708;298.438;-905.13;75.226;-27060.912;21059.391;10943.644;14471278;-376.183;217.027;860.733;-2541.37;-4615.961;-3923.258
6.590224;14475000;16;;;;;;;;;;;;;;
6.592724;14477500;18;;;;;;;;;;;;;;
6.595224;14480000;17;;;;;;;;;;;;;;
6.597724;14482500;17;;;;;;;;;;;;;;
6.600224;14485000;8;;;;;;;;;;;;;;
6.602724;14487500;8;;;;;;;;;;;;;;
6.605224;14490000;17;;;;;;;;;;;;;;
6.607724;14492500;8;;;;;;;;;;;;;;
6.610224;14495000;17;;;;;;;;;;;;;;
6.612724;14497500;18;;;;;;;;;;;;;;
6.615224;14500000;7;;;;;;;;;;;;;;
6.617724;14502500;17;14502532;292.971;-913.401;69.5;-22733.74;18296.67;13629.586;14502087;-374.661;212.709;865.862;-4585.176;-7652.851;-4369.345
6.620224;14505000;9;;;;;;;;;;;;;;
6.622724;14507500;10;;;;;;;;;;;;;;
6.625224;14510000;19;;;;;;;;;;;;;;
6.627724;14512500;16;;;;;;;;;;;;;;
6.630224;14515000;17;;;;;;;;;;;;;;
6.632724;14517500;9;;;;;;;;;;;;;;
6.635224;14520000;9;;;;;;;;;;;;;;
6.637724;14522500;17;;;;;;;;;;;;;;
6.640224;14525000;18;;;;;;;;;;;;;;
6.642724;14527500;9;;;;;;;;;;;;;;
6.645224;14530000;16;;;;;;;;;;;;;;
6.647724;14532500;16;14533502;284.837;-916.964;66.025;-17067.178;14743.711;15861.419;14533072;-361.369;193.393;864.696;-4556.729;-11474.583;-4032.753
6.650224;14535000;19;;;;;;;;;;;;;;
6.652724;14537500;16;;;;;;;;;;;;;;
6.655224;14540000;8;;;;;;;;;;;;;;
6.657724;14542500;9;;;;;;;;;;;;;;
6.660224;14545000;16;;;;;;;;;;;;;;
6.662724;14547500;18;;;;;;;;;;;;;;
6.665224;14550000;16;;;;;;;;;;;;;;
6.667724;14552500;18;;;;;;;;;;;;;;
6.670224;14555000;10;;;;;;;;;;;;;;
6.672724;14557500;17;;;;;;;;;;;;;;
6.675224;14560000;8;;;;;;;;;;;;;;
6.677724;14562500;17;;;;;;;;;;;;;;
6.680224;14565000;7;14564581;268.216;-934.446;62.547;-10787.068;11502.275;18046.41;14564141;-355.507;195.131;872.292;-4091.768;-16030.979;-3652.178
6.682724;14567500;17;;;;;;;;;;;;;;
6.685224;14570000;10;;;;;;;;;;;;;;
6.687724;14572500;9;;;;;;;;;;;;;;
6.690224;14575000;9;;;;;;;;;;;;;;
6.692724;14577500;9;;;;;;;;;;;;;;
6.695224;14580000;19;;;;;;;;;;;;;;
6.697724;14582500;10;;;;;;;;;;;;;;
6.700224;14585000;17;;;;;;;;;;;;;;
6.702724;14587500;10;;;;;;;;;;;;;;
6.705224;14590000;9;;;;;;;;;;;;;;
6.707724;14592500;17;;;;;;;;;;;;;;
6.710224;14595000;8;14595648;255.641;-941.611;62.732;-5239.652;8335.411;19949.34;14595213;-345.765;195.488;877.258;-5369.867;-20308.805;-3028.569
6.712724;14597500;18;;;;;;;;;;;;;;
6.715224;14600000;9;;;;;;;;;;;;;;
6.717724;14602500;17;;;;;;;;;;;;;;
6.720224;14605000;8;;;;;;;;;;;;;;
6.722724;14607500;17;;;;;;;;;;;;;;
6.725224;14610000;9;;;;;;;;;;;;;;
6.727724;14612500;16;;;;;;;;;;;;;;
6.730224;14615000;10;;;;;;;;;;;;;;
6.732724;14617500;10;;;;;;;;;;;;;;
6.735224;14620000;18;;;;;;;;;;;;;;
6.737724;14622500;10;;;;;;;;;;;;;;
6.740224;14625000;17;14625261;249.801;-944.185;63.152;-161.232;5867.203;21409.311;14624822;-334.315;188.349;890.412;-6805.874;-22958.301;-3195.203
6.742724;14627500;17;;;;;;;;;;;;;;
6.745224;14630000;19;;;;;;;;;;;;;;
6.747724;14632500;8;;;;;;;;;;;;;;
6.750224;14635000;19;;;;;;;;;;;;;;
6.752724;14637500;16;;;;;;;;;;;;;;
6.755224;14640000;10;;;;;;;;;;;;;;
6.757724;14642500;9;;;;;;;;;;;;;;
6.760224;14645000;8;;;;;;;;;;;;;;
6.762724;14647500;16;14647373;239.885;-941.603;67.314;3045.392;4385.155;22861.908;14646948;-322.382;185.367;902.755;-6690.455;-24952.947;-3677.693
6.765224;14650000;16;;;;;;;;;;;;;;
6.767724;14652500;16;;;;;;;;;;;;;;
6.770224;14655000;8;;;;;;;;;;;;;;
6.772724;14657500;7;;;;;;;;;;;;;;
6.775224;14660000;8;;;;;;;;;;;;;;
6.777724;14662500;17;;;;;;;;;;;;;;
6.780224;14665000;18;;;;;;;;;;;;;;
6.782724;14667500;8;;;;;;;;;;;;;;
6.785224;14670000;10;;;;;;;;;;;;;;
6.787724;14672500;19;;;;;;;;;;;;;;
6.790224;14675000;17;;;;;;;;;;;;;;
6.792724;14677500;10;14678025;228.531;-945.36;75.929;4624.748;3116.335;23504.25;14677582;-312.167;181.418;909.547;-7347.307;-23890.361;-3432.995
6.795224;14680000;18;;;;;;;;;;;;;;
6.797724;14682500;9;;;;;;;;;;;;;;
6.800224;14685000;18;;;;;;;;;;;;;;
6.802724;14687500;18;;;;;;;;;;;;;;
6.805224;14690000;9;;;;;;;;;;;;;;
6.807724;14692500;7;;;;;;;;;;;;;;
6.810224;14695000;18;;;;;;;;;;;;;;
6.812724;14697500;10;;;;;;;;;;;;;;
6.815224;14700000;17;;;;;;;;;;;;;;
6.817724;14702500;17;;;;;;;;;;;;;;
6.820224;14705000;17;;;;;;;;;;;;;;
6.822724;14707500;16;14707018;217.263;-948.905;78.641;6324.635;2070.206;23172.537;14706583;-304.489;174.897;918.433;-6894.629;-22172.594;-3256.533
6.825224;14710000;10;;;;;;;;;;;;;;
6.827724;14712500;16;;;;;;;;;;;;;;
6.830224;14715000;17;;;;;;;;;;;;;;
6.832724;14717500;19;;;;;;;;;;;;;;
6.835224;14720000;18;;;;;;;;;;;;;;
6.837724;14722500;16;;;;;;;;;;;;;;
6.840224;14725000;16;;;;;;;;;;;;;;
6.842724;14727500;18;;;;;;;;;;;;;;
6.845224;14730000;9;;;;;;;;;;;;;;
6.847724;14732500;17;;;;;;;;;;;;;;
6.850224;14735000;9;;;;;;;;;;;;;;
6.852724;14737500;18;14737747;201.166;-952.773;84.347;8547.653;1132.383;22720.035;14737308;-286.635;168.268;927.655;-6412.522;-16414.213;-2816.769
6.855224;14740000;18;;;;;;;;;;;;;;
6.857724;14742500;8;;;;;;;;;;;;;;
6.860224;14745000;17;;;;;;;;;;;;;;
6.862724;14747500;10;;;;;;;;;;;;;;
6.865224;14750000;18;;;;;;;;;;;;;;
6.867724;14752500;10;;;;;;;;;;;;;;
6.870224;14755000;9;;;;;;;;;;;;;;
6.872724;14757500;9;;;;;;;;;;;;;;
6.875224;14760000;9;14759859;193.371;-951.342;91.201;8678.083;780.451;22158.908;14759434;-277.702;167.035;940.778;-5047.584;-9521.877;-1939.618
6.877724;14762500;10;;;;;;;;;;;;;;
6.880224;14765000;7;;;;;;;;;;;;;;
6.882724;14767500;8;;;;;;;;;;;;;;
6.885224;14770000;8;;;;;;;;;;;;;;
6.887724;14772500;8;;;;;;;;;;;;;;
6.890224;14775000;11;;;;;;;;;;;;;;
6.892724;14777500;9;;;;;;;;;;;;;;
6.895224;14780000;8;;;;;;;;;;;;;;
6.897724;14782500;8;;;;;;;;;;;;;;
6.900224;14785000;9;;;;;;;;;;;;;;
6.902724;14787500;9;;;;;;;;14788606;-277.023;161.19;946.357;-4854.705;-3688.158;-1409.074
6.905224;14790000;17;14789046;181.94;-953.514;98.829;8525.491;836.366;21581.65;;;;;;;
6.907724;14792500;16;;;;;;;;;;;;;;
6.910224;14795000;17;;;;;;;;;;;;;;
6.912724;14797500;8;;;;;;;;;;;;;;
6.915224;14800000;17;;;;;;;;;;;;;;
6.917724;14802500;17;;;;;;;;;;;;;;
6.920224;14805000;9;;;;;;;;;;;;;;
6.922724;14807500;10;;;;;;;;;;;;;;
6.925224;14810000;9;;;;;;;;;;;;;;
6.927724;14812500;7;14812303;174.27;-953.779;105.294;9486.529;581.048;20839.881;14811868;-282.845;163.348;949.84;-4817.157;2241.5;-613.683
6.930224;14815000;16;;;;;;;;;;;;;;
6.932724;14817500;18;;;;;;;;;;;;;;
6.935224;14820000;8;;;;;;;;;;;;;;
6.937724;14822500;9;;;;;;;;;;;;;;
6.940224;14825000;19;;;;;;;;;;;;;;
6.942724;14827500;19;;;;;;;;;;;;;;
6.945224;14830000;17;;;;;;;;;;;;;;
6.947724;14832500;17;;;;;;;;;;;;;;
6.950224;14835000;9;;;;;;;;;;;;;;
6.952724;14837500;9;;;;;;;;;;;;;;
6.955224;14840000;10;;;;;;;;14840849;-285.209;157.749;962.031;-4953.424;6851.8;-946.562
6.957724;14842500;10;14841281;161.384;-949.107;113.871;9831.203;333.683;19958.449;;;;;;;
6.960224;14845000;16;;;;;;;;;;;;;;
6.962724;14847500;16;;;;;;;;;;;;;;
6.965224;14850000;17;;;;;;;;;;;;;;
6.967724;14852500;8;;;;;;;;;;;;;;
6.970224;14855000;10;;;;;;;;;;;;;;
6.972724;14857500;17;;;;;;;;;;;;;;
6.975224;14860000;9;;;;;;;;;;;;;;
6.977724;14862500;17;;;;;;;;;;;;;;
6.980224;14865000;10;;;;;;;;;;;;;;
6.982724;14867500;17;;;;;;;;;;;;;;
6.985224;14870000;18;14870713;159.781;-947.896;124.568;9562.33;-23.814;18758.402;14870283;-286.955;154.449;959.935;-6299.127;12459.647;-2150.046
6.987724;14872500;18;;;;;;;;;;;;;;
6.990224;14875000;9;;;;;;;;;;;;;;
6.992724;14877500;9;;;;;;;;;;;;;;
6.995224;14880000;11;;;;;;;;;;;;;;
6.997724;14882500;17;;;;;;;;;;;;;;
7.000224;14885000;17;;;;;;;;;;;;;;
7.002724;14887500;9;;;;;;;;;;;;;;
7.005224;14890000;9;;;;;;;;;;;;;;
7.007724;14892500;17;14892760;156.3;-950.246;134.639;8443.276;345.752;17899.232;14892323;-289.425;150.764;958.866;-7280.046;18550.539;-2939.856
7.010224;14895000;9;;;;;;;;;;;;;;
7.012724;14897500;8;;;;;;;;;;;;;;
7.015224;14900000;7;;;;;;;;;;;;;;
7.017724;14902500;8;;;;;;;;;;;;;;
7.020224;14905000;10;;;;;;;;;;;;;;
7.022724;14907500;10;;;;;;;;;;;;;;
7.025224;14910000;9;;;;;;;;;;;;;;
7.027724;14912500;16;;;;;;;;;;;;;;
7.030224;14915000;18;;;;;;;;;;;;;;
7.032724;14917500;18;14917757;149.467;-952.913;140.717;6757.175;915.152;16834.959;14917327;-297.615;146.795;953.745;-7924.918;24109.824;-2956.488
7.035224;14920000;9;;;;;;;;;;;;;;
7.037724;14922500;7;;;;;;;;;;;;;;
7.040224;14925000;17;;;;;;;;;;;;;;
7.042724;14927500;18;;;;;;;;;;;;;;
7.045224;14930000;17;;;;;;;;;;;;;;
7.047724;14932500;20;;;;;;;;;;;;;;
7.050224;14935000;16;;;;;;;;;;;;;;
7.052724;14937500;17;;;;;;;;;;;;;;
7.055224;14940000;16;;;;;;;;;;;;;;
7.057724;14942500;10;;;;;;;;;;;;;;
7.060224;14945000;11;14944315;143.903;-954.122;145.051;5361.003;1596.519;15543.898;14943883;-310.404;141.206;951.838;-7852.86;28265.02;-2305.539
7.062724;14947500;17;;;;;;;;;;;;;;
7.065224;14950000;17;;;;;;;;;;;;;;
7.067724;14952500;18;;;;;;;;;;;;;;
7.070224;14955000;17;;;;;;;;;;;;;;
7.072724;14957500;17;;;;;;;;;;;;;;
7.075224;14960000;8;;;;;;;;;;;;;;
7.077724;14962500;18;;;;;;;;;;;;;;
7.080224;14965000;17;;;;;;;;;;;;;;
7.082724;14967500;18;;;;;;;;;;;;;;
7.085224;14970000;9;;;;;;;;;;;;;;
7.087724;14972500;10;;;;;;;;;;;;;;
7.090224;14975000;10;14974867;134.42;-956.997;147.931;4232.391;1807.193;14192.703;14974431;-328.696;135.713;949.856;-7599.342;31173.393;-1869.574
7.092724;14977500;18;;;;;;;;;;;;;;
7.095224;14980000;10;;;;;;;;;;;;;;
7.097724;14982500;16;;;;;;;;;;;;;;
7.100224;14985000;10;;;;;;;;;;;;;;
7.102724;14987500;17;;;;;;;;;;;;;;
7.105224;14990000;16;;;;;;;;;;;;;;
7.107724;14992500;9;;;;;;;;;;;;;;
7.110224;14995000;18;;;;;;;;;;;;;;
7.112724;14997500;9;;;;;;;;;;;;;;
7.115224;15000000;11;;;;;;;;;;;;;;
7.117724;15002500;17;;;;;;;;;;;;;;
7.120224;15005000;17;15005587;128.62;-954.836;152.972;3545.208;1750.521;12914.755;15005155;-340.663;131.904;940.64;-7436.375;33830.473;-1940.595
7.122724;15007500;18;;;;;;;;;;;;;;
7.125224;15010000;18;;;;;;;;;;;;;;
7.127724;15012500;9;;;;;;;;;;;;;;
7.130224;15015000;16;;;;;;;;;;;;;;
7.132724;15017500;10;;;;;;;;;;;;;;
7.135224;15020000;17;;;;;;;;;;;;;;
7.137724;15022500;17;;;;;;;;;;;;;;
7.140224;15025000;9;;;;;;;;;;;;;;
7.142724;15027500;16;;;;;;;;;;;;;;
7.145224;15030000;16;;;;;;;;;;;;;;
7.147724;15032500;8;;;;;;;;;;;;;;
7.150224;15035000;17;15035106;125.001;-956.998;157.432;2813.635;1630.182;11772.017;15034676;-353.733;129.536;931.916;-6319.493;37372.762;-1864.128
7.152724;15037500;9;;;;;;;;;;;;;;
7.155224;15040000;17;;;;;;;;;;;;;;
7.157724;15042500;16;;;;;;;;;;;;;;
7.160224;15045000;8;;;;;;;;;;;;;;
7.162724;15047500;9;;;;;;;;;;;;;;
7.165224;15050000;16;;;;;;;;;;;;;;
7.167724;15052500;8;;;;;;;;;;;;;;
7.170224;15055000;7;;;;;;;;;;;;;;
7.172724;15057500;18;;;;;;;;;;;;;;
7.175224;15060000;9;;;;;;;;;;;;;;
7.177724;15062500;16;;;;;;;;;;;;;;
7.180224;15065000;9;15066099;124.839;-953.678;163.005;1829.454;2105.611;10701.291;15065661;-368.535;125.92;915.741;-5363.019;40440.875;-1265.609
7.182724;15067500;8;;;;;;;;;;;;;;
7.185224;15070000;9;;;;;;;;;;;;;;
7.187724;15072500;17;;;;;;;;;;;;;;
7.190224;15075000;17;;;;;;;;;;;;;;
7.192724;15077500;10;;;;;;;;;;;;;;
7.195224;15080000;16;;;;;;;;;;;;;;
7.197724;15082500;17;;;;;;;;;;;;;;
7.200224;15085000;18;;;;;;;;;;;;;;
7.202724;15087500;9;;;;;;;;;;;;;;
7.205224;15090000;10;;;;;;;;;;;;;;
7.207724;15092500;10;;;;;;;;;;;;;;
7.210224;15095000;16;;;;;;;;;;;;;;
7.212724;15097500;10;15096814;119.244;-959.241;163.273;1083.918;2739.268;9888.414;15096384;-387.294;123.339;904.248;-4160.805;43117.145;-909.204
7.215224;15100000;9;;;;;;;;;;;;;;
7.217724;15102500;17;;;;;;;;;;;;;;
7.220224;15105000;17;;;;;;;;;;;;;;
7.222724;15107500;18;;;;;;;;;;;;;;
7.225224;15110000;17;;;;;;;;;;;;;;
7.227724;15112500;17;;;;;;;;;;;;;;
7.230224;15115000;8;;;;;;;;;;;;;;
7.232724;15117500;18;;;;;;;;;;;;;;
7.235224;15120000;17;;;;;;;;;;;;;;
7.237724;15122500;18;;;;;;;;;;;;;;
7.240224;15125000;9;;;;;;;;;;;;;;
7.242724;15127500;16;15127205;112.519;-960.073;166.089;1263.785;2961.054;9305.618;15126760;-406.091;124.291;888.828;-3028.765;45421.16;-1191.431
7.245224;15130000;10;;;;;;;;;;;;;;
7.247724;15132500;18;;;;;;;;;;;;;;
7.250224;15135000;9;;;;;;;;;;;;;;
7.252724;15137500;17;;;;;;;;;;;;;;
7.255224;15140000;17;;;;;;;;;;;;;;
7.257724;15142500;18;;;;;;;;;;;;;;
7.260224;15145000;17;;;;;;;;;;;;;;
7.262724;15147500;16;;;;;;;;;;;;;;
7.265224;15150000;16;;;;;;;;;;;;;;
7.267724;15152500;19;;;;;;;;;;;;;;
7.270224;15155000;9;;;;;;;;;;;;;;
7.272724;15157500;16;15157912;105.868;-966.262;165.757;40.783;3058.877;8813.212;15157482;-422.929;121.297;872.77;-4692.514;46883.289;-1802.109
7.275224;15160000;8;;;;;;;;;;;;;;
7.277724;15162500;17;;;;;;;;;;;;;;
7.280224;15165000;16;;;;;;;;;;;;;;
7.282724;15167500;9;;;;;;;;;;;;;;
7.285224;15170000;18;;;;;;;;;;;;;;
7.287724;15172500;18;;;;;;;;;;;;;;
7.290224;15175000;8;;;;;;;;;;;;;;
7.292724;15177500;8;;;;;;;;;;;;;;
7.295224;15180000;17;;;;;;;;;;;;;;
7.297724;15182500;10;;;;;;;;;;;;;;
7.300224;15185000;16;;;;;;;;;;;;;;
7.302724;15187500;8;15187016;103.527;-964.107;169.236;12.057;3227.933;8302.113;15186571;-444.776;119.85;847.938;-5926.138;46440.5;-2175.754
7.305224;15190000;9;;;;;;;;;;;;;;
7.307724;15192500;8;;;;;;;;;;;;;;
7.310224;15195000;19;;;;;;;;;;;;;;
7.312724;15197500;10;;;;;;;;;;;;;;
7.315224;15200000;9;;;;;;;;;;;;;;
7.317724;15202500;9;;;;;;;;;;;;;;
7.320224;15205000;8;;;;;;;;;;;;;;
7.322724;15207500;16;;;;;;;;;;;;;;
7.325224;15210000;16;15210262;95.405;-968.374;167.747;-63.796;3265.599;7863.382;15209832;-462.315;114.156;821.816;-5327.956;44651.348;-1653.966
7.327724;15212500;9;;;;;;;;;;;;;;
7.330224;15215000;17;;;;;;;;;;;;;;
7.332724;15217500;17;;;;;;;;;;;;;;
7.335224;15220000;8;;;;;;;;;;;;;;
7.337724;15222500;18;;;;;;;;;;;;;;
7.340224;15225000;20;;;;;;;;;;;;;;
7.342724;15227500;17;;;;;;;;;;;;;;
7.345224;15230000;16;;;;;;;;;;;;;;
7.347724;15232500;18;;;;;;;;;;;;;;
7.350224;15235000;8;;;;;;;;;;;;;;
7.352724;15237500;8;;;;;;;;;;;;;;
7.355224;15240000;17;15239344;90.275;-969.085;167.137;442.956;2961.881;7460.588;15238899;-478.221;109.211;800.245;-4814.808;42191.281;-1454.018
7.357724;15242500;10;;;;;;;;;;;;;;
7.360224;15245000;18;;;;;;;;;;;;;;
7.362724;15247500;8;;;;;;;;;;;;;;
7.365224;15250000;8;;;;;;;;;;;;;;
7.367724;15252500;10;;;;;;;;;;;;;;
7.370224;15255000;9;;;;;;;;;;;;;;
7.372724;15257500;18;;;;;;;;;;;;;;
7.375224;15260000;8;;;;;;;;;;;;;;
7.377724;15262500;17;;;;;;;;;;;;;;
7.380224;15265000;16;;;;;;;;;;;;;;
7.382724;15267500;17;15268677;84.108;-969.425;166.167;1128.246;2252.912;7099.809;15268247;-495.149;106.764;779.003;-4984.005;38186.465;-1377.817
7.385224;15270000;8;;;;;;;;;;;;;;
7.387724;15272500;17;;;;;;;;;;;;;;
7.390224;15275000;10;;;;;;;;;;;;;;
7.392724;15277500;17;;;;;;;;;;;;;;
7.395224;15280000;8;;;;;;;;;;;;;;
7.397724;15282500;8;;;;;;;;;;;;;;
7.400224;15285000;8;;;;;;;;;;;;;;
7.402724;15287500;16;;;;;;;;;;;;;;
7.405224;15290000;10;;;;;;;;;;;;;;
7.407724;15292500;16;;;;;;;;;;;;;;
7.410224;15295000;18;;;;;;;;;;;;;;
7.412724;15297500;17;;;;;;;;;;;;;;
7.415224;15300000;9;15299242;79.03;-971.156;167.375;1581.958;1208.391;6836.255;15298796;-507.657;104.958;758.651;-4732.618;32741.703;-763.801
7.417724;15302500;10;;;;;;;;;;;;;;
7.420224;15305000;11;;;;;;;;;;;;;;
7.422724;15307500;19;;;;;;;;;;;;;;
7.425224;15310000;9;;;;;;;;;;;;;;
7.427724;15312500;16;;;;;;;;;;;;;;
7.430224;15315000;8;;;;;;;;;;;;;;
7.432724;15317500;16;;;;;;;;;;;;;;
7.435224;15320000;18;;;;;;;;;;;;;;
7.437724;15322500;8;;;;;;;;;;;;;;
7.440224;15325000;10;;;;;;;;;;;;;;
7.442724;15327500;16;;;;;;;;;;;;;;
7.445224;15330000;18;15329688;74.871;-971.039;169.815;1274.486;-273.466;6628.317;15329258;-515.159;102.461;740.922;-4222.987;27310.617;453.452
7.447724;15332500;16;;;;;;;;;;;;;;
7.450224;15335000;16;;;;;;;;;;;;;;
7.452724;15337500;9;;;;;;;;;;;;;;
7.455224;15340000;11;;;;;;;;;;;;;;
7.457724;15342500;10;;;;;;;;;;;;;;
7.460224;15345000;10;;;;;;;;;;;;;;
7.462724;15347500;16;;;;;;;;;;;;;;
7.465224;15350000;16;;;;;;;;;;;;;;
7.467724;15352500;17;;;;;;;;;;;;;;
7.470224;15355000;18;;;;;;;;;;;;;;
7.472724;15357500;17;;;;;;;;;;;;;;
7.475224;15360000;8;15359906;73.275;-970.53;171.847;698.449;-1495.292;6436.901;15359461;-522.866;99.802;731.954;-3219.962;21483.461;1521.904
7.477724;15362500;18;;;;;;;;;;;;;;
7.480224;15365000;9;;;;;;;;;;;;;;
7.482724;15367500;9;;;;;;;;;;;;;;
7.485224;15370000;18;;;;;;;;;;;;;;
7.487724;15372500;18;;;;;;;;;;;;;;
7.490224;15375000;9;;;;;;;;;;;;;;
7.492724;15377500;18;;;;;;;;;;;;;;
7.495224;15380000;9;;;;;;;;15381211;-527.887;99.466;723.758;-2134.089;14800.975;2421.434
7.497724;15382500;17;15381641;73.576;-973.652;173.588;539.276;-2442.09;6170.181;;;;;;;
7.500224;15385000;10;;;;;;;;;;;;;;
7.502724;15387500;17;;;;;;;;;;;;;;
7.505224;15390000;10;;;;;;;;;;;;;;
7.507724;15392500;8;;;;;;;;;;;;;;
7.510224;15395000;7;;;;;;;;;;;;;;
7.512724;15397500;17;;;;;;;;;;;;;;
7.515224;15400000;17;;;;;;;;;;;;;;
7.517724;15402500;9;;;;;;;;;;;;;;
7.520224;15405000;19;;;;;;;;;;;;;;
7.522724;15407500;16;15407567;70.94;-975.179;175.864;975.625;-3075.111;5899.734;15407122;-529.077;99.611;719.437;-316.76;8790.801;3600.612
7.525224;15410000;16;;;;;;;;;;;;;;
7.527724;15412500;10;;;;;;;;;;;;;;
7.530224;15415000;17;;;;;;;;;;;;;;
7.532724;15417500;17;;;;;;;;;;;;;;
7.535224;15420000;9;;;;;;;;;;;;;;
7.537724;15422500;8;;;;;;;;;;;;;;
7.540224;15425000;7;;;;;;;;;;;;;;
7.542724;15427500;18;;;;;;;;;;;;;;
7.545224;15430000;17;15430720;66.783;-972.81;175.812;1179.719;-3784.543;5644.123;15430298;-531.934;101.572;722.267;1561.078;4497.761;2556.956
7.547724;15432500;9;;;;;;;;;;;;;;
7.550224;15435000;9;;;;;;;;;;;;;;
7.552724;15437500;8;;;;;;;;;;;;;;
7.555224;15440000;16;;;;;;;;;;;;;;
7.557724;15442500;8;;;;;;;;;;;;;;
7.560224;15445000;9;;;;;;;;;;;;;;
7.562724;15447500;17;;;;;;;;;;;;;;
7.565224;15450000;17;;;;;;;;;;;;;;
7.567724;15452500;10;15452515;67.922;-974.952;175.177;1634.795;-4427.44;5354.917;15452076;-537.197;107.98;729.482;2606.524;-792.502;1622.358
7.570224;15455000;7;;;;;;;;;;;;;;
7.572724;15457500;9;;;;;;;;;;;;;;
7.575224;15460000;10;;;;;;;;;;;;;;
7.577724;15462500;9;;;;;;;;;;;;;;
7.580224;15465000;18;;;;;;;;;;;;;;
7.582724;15467500;8;;;;;;;;;;;;;;
7.585224;15470000;19;;;;;;;;;;;;;;
7.587724;15472500;9;;;;;;;;;;;;;;
7.590224;15475000;18;;;;;;;;;;;;;;
7.592724;15477500;17;;;;;;;;;;;;;;
7.595224;15480000;18;;;;;;;;;;;;;;
7.597724;15482500;8;15482966;61.488;-971.65;176.484;2670.868;-5141.443;5316.42;15482539;-539.032;110.755;742.954;1791.51;-7741.502;662.303
7.600224;15485000;8;;;;;;;;;;;;;;
7.602724;15487500;3;;;;;;;;;;;;;;
7.605224;15490000;9;;;;;;;;;;;;;;
7.607724;15492500;18;;;;;;;;;;;;;;
7.610224;15495000;16;;;;;;;;;;;;;;
7.612724;15497500;17;;;;;;;;;;;;;;
7.615224;15500000;18;;;;;;;;;;;;;;
7.617724;15502500;18;;;;;;;;;;;;;;
7.620224;15505000;17;;;;;;;;;;;;;;
7.622724;15507500;17;;;;;;;;;;;;;;
7.625224;15510000;9;;;;;;;;;;;;;;
7.627724;15512500;16;15512065;60.146;-974.509;180.604;2790.637;-5769.434;5331.474;15511625;-535.553;115.075;754.338;2207.248;-13251.49;-180.187
7.630224;15515000;19;;;;;;;;;;;;;;
7.632724;15517500;17;;;;;;;;;;;;;;
7.635224;15520000;18;;;;;;;;;;;;;;
7.637724;15522500;18;;;;;;;;;;;;;;
7.640224;15525000;9;;;;;;;;;;;;;;
7.642724;15527500;16;;;;;;;;;;;;;;
7.645224;15530000;10;;;;;;;;;;;;;;
7.647724;15532500;9;;;;;;;;;;;;;;
7.650224;15535000;17;;;;;;;;;;;;;;
7.652724;15537500;17;;;;;;;;;;;;;;
7.655224;15540000;17;;;;;;;;;;;;;;
7.657724;15542500;19;15542518;58.242;-975.108;183.285;3761.48;-6387.462;5480.525;15542088;-529.271;116.574;767.367;1665.073;-16633.604;-518.553
7.660224;15545000;17;;;;;;;;;;;;;;
7.662724;15547500;9;;;;;;;;;;;;;;
7.665224;15550000;18;;;;;;;;;;;;;;
7.667724;15552500;17;;;;;;;;;;;;;;
7.670224;15555000;9;;;;;;;;;;;;;;
7.672724;15557500;9;;;;;;;;;;;;;;
7.675224;15560000;7;;;;;;;;;;;;;;
7.677724;15562500;10;;;;;;;;;;;;;;
7.680224;15565000;10;15564479;57.404;-974.933;188.365;3803.969;-6802.214;5688.624;15564041;-523.096;116.656;777.677;920.757;-19602.047;-1005.375
7.682724;15567500;17;;;;;;;;;;;;;;
7.685224;15570000;17;;;;;;;;;;;;;;
7.687724;15572500;19;;;;;;;;;;;;;;
7.690224;15575000;9;;;;;;;;;;;;;;
7.692724;15577500;17;;;;;;;;;;;;;;
7.695224;15580000;16;;;;;;;;;;;;;;
7.697724;15582500;17;;;;;;;;;;;;;;
7.700224;15585000;16;;;;;;;;;;;;;;
7.702724;15587500;9;;;;;;;;;;;;;;
7.705224;15590000;10;;;;;;;;;;;;;;
7.707724;15592500;16;;;;;;;;15593476;-514.802;112.775;785.434;339.219;-22164.381;-1317.794
7.710224;15595000;17;15593906;56.565;-977.371;189.414;3686.833;-6740.353;5698.63;;;;;;;
7.712724;15597500;7;;;;;;;;;;;;;;
7.715224;15600000;16;;;;;;;;;;;;;;
7.717724;15602500;17;;;;;;;;;;;;;;
7.720224;15605000;8;;;;;;;;;;;;;;
7.722724;15607500;9;;;;;;;;;;;;;;
7.725224;15610000;17;;;;;;;;;;;;;;
7.727724;15612500;9;;;;;;;;;;;;;;
7.730224;15615000;9;;;;;;;;;;;;;;
7.732724;15617500;8;15617263;52.127;-980.725;189.252;3781.178;-6677.21;5743.136;15616823;-505.746;108.906;793.852;-96.867;-24513.725;-1775.592
7.735224;15620000;8;;;;;;;;;;;;;;
7.737724;15622500;17;;;;;;;;;;;;;;
7.740224;15625000;17;;;;;;;;;;;;;;
7.742724;15627500;17;;;;;;;;;;;;;;
7.745224;15630000;17;;;;;;;;;;;;;;
7.747724;15632500;9;;;;;;;;;;;;;;
7.750224;15635000;16;;;;;;;;;;;;;;
7.752724;15637500;16;;;;;;;;;;;;;;
7.755224;15640000;17;;;;;;;;;;;;;;
7.757724;15642500;9;;;;;;;;;;;;;;
7.760224;15645000;10;;;;;;;;15646151;-496.581;105.266;800.44;282.039;-25103.664;-2049.5
7.762724;15647500;17;15646578;47.91;-980.354;192.306;3978.432;-6972.037;6052.729;;;;;;;
7.765224;15650000;8;;;;;;;;;;;;;;
7.767724;15652500;20;;;;;;;;;;;;;;
7.770224;15655000;16;;;;;;;;;;;;;;
7.772724;15657500;10;;;;;;;;;;;;;;
7.775224;15660000;10;;;;;;;;;;;;;;
7.777724;15662500;17;;;;;;;;;;;;;;
7.780224;15665000;17;;;;;;;;;;;;;;
7.782724;15667500;18;;;;;;;;;;;;;;
7.785224;15670000;17;;;;;;;;;;;;;;
7.787724;15672500;17;;;;;;;;;;;;;;
7.790224;15675000;16;15675939;44.295;-976.22;196.526;4444.073;-7205.748;6185.405;15675499;-495.005;103.028;825.962;360.249;-25333.355;-1640.775
7.792724;15677500;10;;;;;;;;;;;;;;
7.795224;15680000;8;;;;;;;;;;;;;;
7.797724;15682500;19;;;;;;;;;;;;;;
7.800224;15685000;16;;;;;;;;;;;;;;
7.802724;15687500;9;;;;;;;;;;;;;;
7.805224;15690000;17;;;;;;;;;;;;;;
7.807724;15692500;19;;;;;;;;;;;;;;
7.810224;15695000;9;;;;;;;;;;;;;;
7.812724;15697500;16;;;;;;;;;;;;;;
7.815224;15700000;10;;;;;;;;;;;;;;
7.817724;15702500;17;;;;;;;;;;;;;;
7.820224;15705000;18;;;;;;;;15706136;-481.174;103.721;837.692;-121.076;-24837.562;-1605.548
7.822724;15707500;17;15706558;45.105;-977.039;199.241;3878.869;-6983.71;6064.26;;;;;;;
7.825224;15710000;16;;;;;;;;;;;;;;
7.827724;15712500;18;;;;;;;;;;;;;;
7.830224;15715000;18;;;;;;;;;;;;;;
7.832724;15717500;8;;;;;;;;;;;;;;
7.835224;15720000;18;;;;;;;;;;;;;;
7.837724;15722500;9;;;;;;;;;;;;;;
7.840224;15725000;18;;;;;;;;;;;;;;
7.842724;15727500;18;;;;;;;;;;;;;;
7.845224;15730000;9;;;;;;;;;;;;;;
7.847724;15732500;16;;;;;;;;;;;;;;
7.850224;15735000;16;;;;;;;;;;;;;;
7.852724;15737500;9;15737390;45.071;-978.079;199.881;3525.238;-6551.837;5781.609;15736944;-473.542;104.586;845.254;-582.272;-23195.809;-1547.583
7.855224;15740000;17;;;;;;;;;;;;;;
7.857724;15742500;10;;;;;;;;;;;;;;
7.860224;15745000;17;;;;;;;;;;;;;;
7.862724;15747500;19;;;;;;;;;;;;;;
7.865224;15750000;16;;;;;;;;;;;;;;
7.867724;15752500;18;;;;;;;;;;;;;;
7.870224;15755000;16;;;;;;;;;;;;;;
7.872724;15757500;17;;;;;;;;;;;;;;
7.875224;15760000;18;;;;;;;;;;;;;;
7.877724;15762500;18;;;;;;;;;;;;;;
7.880224;15765000;9;;;;;;;;;;;;;;
7.882724;15767500;11;15767838;43.323;-978.634;201.209;3406.726;-5896.12;5265.029;15767408;-468.165;104.011;858.043;-1162.158;-21709.205;-1486.829
7.885224;15770000;9;;;;;;;;;;;;;;
7.887724;15772500;17;;;;;;;;;;;;;;
7.890224;15775000;5;;;;;;;;;;;;;;
7.892724;15777500;10;;;;;;;;;;;;;;
7.895224;15780000;10;;;;;;;;;;;;;;
7.897724;15782500;8;;;;;;;;;;;;;;
7.900224;15785000;16;;;;;;;;;;;;;;
7.902724;15787500;17;;;;;;;;;;;;;;
7.905224;15790000;17;;;;;;;;;;;;;;
7.907724;15792500;16;;;;;;;;;;;;;;
7.910224;15795000;18;;;;;;;;;;;;;;
7.912724;15797500;10;;;;;;;;15798304;-459.653;101.854;868.107;-2088.425;-20182.307;-1527.988
7.915224;15800000;17;15798750;40.523;-979.466;201.835;2778.765;-5083.751;4568.215;;;;;;;
7.917724;15802500;19;;;;;;;;;;;;;;
7.920224;15805000;17;;;;;;;;;;;;;;
7.922724;15807500;9;;;;;;;;;;;;;;
7.925224;15810000;17;;;;;;;;;;;;;;
7.927724;15812500;18;;;;;;;;;;;;;;
7.930224;15815000;9;;;;;;;;;;;;;;
7.932724;15817500;9;;;;;;;;;;;;;;
7.935224;15820000;16;;;;;;;;;;;;;;
7.937724;15822500;18;;;;;;;;;;;;;;
7.940224;15825000;8;;;;;;;;;;;;;;
7.942724;15827500;8;15827996;39.558;-979.713;203.364;2483.201;-4212.251;3920.242;15827566;-453.202;99.726;873.508;-3359.504;-18156.004;-1321.651
7.945224;15830000;17;;;;;;;;;;;;;;
7.947724;15832500;8;;;;;;;;;;;;;;
7.950224;15835000;8;;;;;;;;;;;;;;
7.952724;15837500;9;;;;;;;;;;;;;;
7.955224;15840000;17;;;;;;;;;;;;;;
7.957724;15842500;9;;;;;;;;;;;;;;
7.960224;15845000;18;;;;;;;;;;;;;;
7.962724;15847500;10;;;;;;;;;;;;;;
7.965224;15850000;10;;;;;;;;;;;;;;
7.967724;15852500;6;;;;;;;;;;;;;;
7.970224;15855000;18;;;;;;;;;;;;;;
7.972724;15857500;16;15858474;37.848;-980.559;203.609;1721.604;-3397.451;3258.292;15858029;-447.878;96.271;875.784;-3970.279;-15202.891;-1059.131
7.975224;15860000;17;;;;;;;;;;;;;;
7.977724;15862500;18;;;;;;;;;;;;;;
7.980224;15865000;19;;;;;;;;;;;;;;
7.982724;15867500;8;;;;;;;;;;;;;;
7.985224;15870000;8;;;;;;;;;;;;;;
7.987724;15872500;16;;;;;;;;;;;;;;
7.990224;15875000;10;;;;;;;;;;;;;;
7.992724;15877500;16;;;;;;;;;;;;;;
7.995224;15880000;8;15880490;36.231;-980.538;201.718;1070.274;-2620.329;2606.69;15880067;-443.04;92.055;876.568;-4470.015;-11792.371;-646.112
7.997724;15882500;16;;;;;;;;;;;;;;
8.000224;15885000;18;;;;;;;;;;;;;;
8.002724;15887500;17;;;;;;;;;;;;;;
8.005224;15890000;18;;;;;;;;;;;;;;
8.007724;15892500;8;;;;;;;;;;;;;;
8.010224;15895000;8;;;;;;;;;;;;;;
8.012724;15897500;9;;;;;;;;;;;;;;
8.015224;15900000;9;;;;;;;;;;;;;;
8.017724;15902500;9;;;;;;;;;;;;;;
8.020224;15905000;18;;;;;;;;;;;;;;
8.022724;15907500;16;;;;;;;;;;;;;;
8.025224;15910000;11;15909600;33.864;-981.446;201.313;-326.803;-1812.5;1898.418;15909155;-439.2;87.513;878.812;-4915.889;-8665.252;30.631
8.027724;15912500;18;;;;;;;;;;;;;;
8.030224;15915000;18;;;;;;;;;;;;;;
8.032724;15917500;17;;;;;;;;;;;;;;
8.035224;15920000;9;;;;;;;;;;;;;;
8.037724;15922500;8;;;;;;;;;;;;;;
8.040224;15925000;18;;;;;;;;;;;;;;
8.042724;15927500;19;;;;;;;;;;;;;;
8.045224;15930000;9;;;;;;;;15930934;-440.7;88.524;877.139;-5858.344;-5945.614;573.787
8.047724;15932500;8;15931356;31.963;-982.747;199.067;-1523.212;-1151.812;1335.372;;;;;;;
8.050224;15935000;9;;;;;;;;;;;;;;
8.052724;15937500;9;;;;;;;;;;;;;;
8.055224;15940000;18;;;;;;;;;;;;;;
8.057724;15942500;8;;;;;;;;;;;;;;
8.060224;15945000;18;;;;;;;;;;;;;;
8.062724;15947500;16;;;;;;;;;;;;;;
8.065224;15950000;17;;;;;;;;;;;;;;
8.067724;15952500;18;;;;;;;;;;;;;;
8.070224;15955000;18;;;;;;;;;;;;;;
8.072724;15957500;18;;;;;;;;;;;;;;
8.075224;15960000;10;;;;;;;;;;;;;;
8.077724;15962500;8;15962101;33.318;-985.344;201.387;-2024.989;-1296.347;716.041;15961656;-440.223;85.873;871.523;-6245.739;-3118.271;1780.598
8.080224;15965000;16;;;;;;;;;;;;;;
8.082724;15967500;9;;;;;;;;;;;;;;
8.085224;15970000;17;;;;;;;;;;;;;;
8.087724;15972500;8;;;;;;;;;;;;;;
8.090224;15975000;16;;;;;;;;;;;;;;
8.092724;15977500;18;;;;;;;;;;;;;;
8.095224;15980000;17;;;;;;;;;;;;;;
8.097724;15982500;17;;;;;;;;;;;;;;
8.100224;15985000;8;;;;;;;;;;;;;;
8.102724;15987500;8;;;;;;;;;;;;;;
8.105224;15990000;8;15990825;32.731;-988.714;200.358;-2458.802;-1549.592;560.801;15990395;-441.19;82.909;865.254;-5744.89;15.268;3166.38
8.107724;15992500;6;;;;;;;;;;;;;;
8.110224;15995000;10;;;;;;;;;;;;;;
8.112724;15997500;17;;;;;;;;;;;;;;
8.115224;16000000;16;;;;;;;;;;;;;;
8.117724;16002500;16;;;;;;;;;;;;;;
8.120224;16005000;17;;;;;;;;;;;;;;
8.122724;16007500;17;;;;;;;;;;;;;;
8.125224;16010000;18;;;;;;;;;;;;;;
8.127724;16012500;8;16013668;33.553;-988.682;200.149;-2894.55;-1863.237;498.199;16013223;-439.09;79.593;857.231;-5100.208;2107.942;4092.186
8.130224;16015000;16;;;;;;;;;;;;;;
8.132724;16017500;16;;;;;;;;;;;;;;
8.135224;16020000;10;;;;;;;;;;;;;;
8.137724;16022500;17;;;;;;;;;;;;;;
8.140224;16025000;10;;;;;;;;;;;;;;
8.142724;16027500;10;;;;;;;;;;;;;;
8.145224;16030000;16;;;;;;;;;;;;;;
8.147724;16032500;9;;;;;;;;;;;;;;
8.150224;16035000;18;;;;;;;;;;;;;;
8.152724;16037500;10;;;;;;;;;;;;;;
8.155224;16040000;17;;;;;;;;;;;;;;
8.157724;16042500;18;16042541;34.498;-988.731;197.712;-2589.697;-2037.825;612.851;16042118;-440.669;77.956;847.182;-4508.322;2813.232;4306.702
8.160224;16045000;10;;;;;;;;;;;;;;
8.162724;16047500;8;;;;;;;;;;;;;;
8.165224;16050000;16;;;;;;;;;;;;;;
8.167724;16052500;16;;;;;;;;;;;;;;
8.170224;16055000;9;;;;;;;;;;;;;;
8.172724;16057500;8;;;;;;;;;;;;;;
8.175224;16060000;9;;;;;;;;;;;;;;
8.177724;16062500;16;;;;;;;;;;;;;;
8.180224;16065000;8;;;;;;;;;;;;;;
8.182724;16067500;9;;;;;;;;;;;;;;
8.185224;16070000;10;;;;;;;;16071031;-442.505;77.706;836.518;-3420.594;1888.57;4196.805
8.187724;16072500;9;16071471;35.238;-989.485;195.451;-1879.65;-2346.309;798.771;;;;;;;
8.190224;16075000;9;;;;;;;;;;;;;;
8.192724;16077500;9;;;;;;;;;;;;;;
8.195224;16080000;11;;;;;;;;;;;;;;
8.197724;16082500;8;;;;;;;;;;;;;;
8.200224;16085000;16;;;;;;;;;;;;;;
8.202724;16087500;9;;;;;;;;;;;;;;
8.205224;16090000;8;;;;;;;;;;;;;;
8.207724;16092500;8;16093238;35.94;-992.276;189.759;-641.167;-2752.244;1147.77;16092810;-442.254;76.755;831.402;-2106.376;213.017;3767.339
8.210224;16095000;10;;;;;;;;;;;;;;
8.212724;16097500;9;;;;;;;;;;;;;;
8.215224;16100000;9;;;;;;;;;;;;;;
8.217724;16102500;18;;;;;;;;;;;;;;
8.220224;16105000;18;;;;;;;;;;;;;;
8.222724;16107500;8;;;;;;;;;;;;;;
8.225224;16110000;16;;;;;;;;;;;;;;
8.227724;16112500;7;;;;;;;;;;;;;;
8.230224;16115000;18;;;;;;;;;;;;;;
8.232724;16117500;8;16117735;36.541;-990.876;190.355;340.266;-2814.569;1499.007;16117295;-441.681;75.863;830.269;-1145.308;-2354.822;3123.097
8.235224;16120000;16;;;;;;;;;;;;;;
8.237724;16122500;10;;;;;;;;;;;;;;
8.240224;16125000;8;;;;;;;;;;;;;;
8.242724;16127500;18;;;;;;;;;;;;;;
8.245224;16130000;10;;;;;;;;;;;;;;
8.247724;16132500;8;;;;;;;;;;;;;;
8.250224;16135000;16;;;;;;;;;;;;;;
8.252724;16137500;9;;;;;;;;;;;;;;
8.255224;16140000;9;;;;;;;;;;;;;;
8.257724;16142500;9;;;;;;;;16143328;-442.197;74.016;835.237;-779.167;-5355.58;2435.817
8.260224;16145000;8;16143750;36.275;-993.866;186.974;850.003;-2766.59;1804.244;;;;;;;
8.262724;16147500;18;;;;;;;;;;;;;;
8.265224;16150000;16;;;;;;;;;;;;;;
8.267724;16152500;16;;;;;;;;;;;;;;
8.270224;16155000;17;;;;;;;;;;;;;;
8.272724;16157500;16;;;;;;;;;;;;;;
8.275224;16160000;16;;;;;;;;;;;;;;
8.277724;16162500;9;;;;;;;;;;;;;;
8.280224;16165000;11;;;;;;;;;;;;;;
8.282724;16167500;17;;;;;;;;;;;;;;
8.285224;16170000;17;;;;;;;;;;;;;;
8.287724;16172500;8;;;;;;;;;;;;;;
8.290224;16175000;17;16174411;33.449;-990.301;184.981;1502.69;-2427.448;2157.219;16173965;-438.772;67.479;842.318;-202.084;-7095.051;1961.839
8.292724;16177500;9;;;;;;;;;;;;;;
8.295224;16180000;10;;;;;;;;;;;;;;
8.297724;16182500;17;;;;;;;;;;;;;;
8.300224;16185000;8;;;;;;;;;;;;;;
8.302724;16187500;8;;;;;;;;;;;;;;
8.305224;16190000;18;;;;;;;;;;;;;;
8.307724;16192500;8;;;;;;;;;;;;;;
8.310224;16195000;18;;;;;;;;;;;;;;
8.312724;16197500;16;;;;;;;;;;;;;;
8.315224;16200000;16;;;;;;;;;;;;;;
8.317724;16202500;17;;;;;;;;;;;;;;
8.320224;16205000;21;16204589;30.825;-992.886;179.154;-331.632;-1867.263;2422.108;16204167;-442.862;89.792;854.102;486.145;-8469.736;2395.31
8.322724;16207500;8;;;;;;;;;;;;;;
8.325224;16210000;10;;;;;;;;;;;;;;
8.327724;16212500;9;;;;;;;;;;;;;;
8.330224;16215000;16;;;;;;;;;;;;;;
8.332724;16217500;16;;;;;;;;;;;;;;
8.335224;16220000;9;;;;;;;;;;;;;;
8.337724;16222500;8;;;;;;;;;;;;;;
8.340224;16225000;10;;;;;;;;;;;;;;
8.342724;16227500;10;;;;;;;;;;;;;;
8.345224;16230000;9;;;;;;;;;;;;;;
8.347724;16232500;16;16233259;30.656;-990.992;176.053;-780.55;-2237.212;2108.065;16232819;-442.032;86.138;865.986;-174.287;-9513.188;2838.606
8.350224;16235000;18;;;;;;;;;;;;;;
8.352724;16237500;17;;;;;;;;;;;;;;
8.355224;16240000;17;;;;;;;;;;;;;;
8.357724;16242500;16;;;;;;;;;;;;;;
8.360224;16245000;17;;;;;;;;;;;;;;
8.362724;16247500;10;;;;;;;;;;;;;;
8.365224;16250000;17;;;;;;;;;;;;;;
8.367724;16252500;17;;;;;;;;;;;;;;
8.370224;16255000;18;16255201;29.758;-992.432;174.509;-686.835;-3109.289;2262.537;16254773;-439.682;83.319;874.957;-568.51;-10044.216;1907.426
8.372724;16257500;16;;;;;;;;;;;;;;
8.375224;16260000;9;;;;;;;;;;;;;;
8.377724;16262500;16;;;;;;;;;;;;;;
8.380224;16265000;10;;;;;;;;;;;;;;
8.382724;16267500;9;;;;;;;;;;;;;;
8.385224;16270000;9;;;;;;;;;;;;;;
8.387724;16272500;9;;;;;;;;;;;;;;
8.390224;16275000;18;;;;;;;;;;;;;;
8.392724;16277500;17;;;;;;;;;;;;;;
8.395224;16280000;7;;;;;;;;;;;;;;
8.397724;16282500;17;;;;;;;;;;;;;;
8.400224;16285000;9;16285937;30.313;-987.731;176.044;-141.056;-3648.137;2787.285;16285497;-432.552;82.136;877.203;-192.71;-9997.88;1291.43
8.402724;16287500;9;;;;;;;;;;;;;;
8.405224;16290000;9;;;;;;;;;;;;;;
8.407724;16292500;16;;;;;;;;;;;;;;
8.410224;16295000;16;;;;;;;;;;;;;;
8.412724;16297500;18;;;;;;;;;;;;;;
8.415224;16300000;9;;;;;;;;;;;;;;
8.417724;16302500;17;;;;;;;;;;;;;;
8.420224;16305000;9;;;;;;;;;;;;;;
8.422724;16307500;6;;;;;;;;;;;;;;
8.425224;16310000;8;;;;;;;;;;;;;;
8.427724;16312500;18;;;;;;;;;;;;;;
8.430224;16315000;7;16315093;28.419;-986.833;179.338;-259.128;-3668.293;3039.483;16314671;-427.522;79.811;878.538;-598.262;-9079.735;1029.108
8.432724;16317500;8;;;;;;;;;;;;;;
8.435224;16320000;17;;;;;;;;;;;;;;
8.437724;16322500;16;;;;;;;;;;;;;;
8.440224;16325000;18;;;;;;;;;;;;;;
8.442724;16327500;16;;;;;;;;;;;;;;
8.445224;16330000;17;;;;;;;;;;;;;;
8.447724;16332500;16;;;;;;;;;;;;;;
8.450224;16335000;17;;;;;;;;;;;;;;
8.452724;16337500;10;;;;;;;;;;;;;;
8.455224;16340000;18;;;;;;;;;;;;;;
8.457724;16342500;17;;;;;;;;;;;;;;
8.460224;16345000;17;16345753;33.025;-985.413;186.188;1152.078;-2989.628;3039.322;16345307;-425.88;79.968;879.879;-391.599;-7655.811;395.34
8.462724;16347500;16;;;;;;;;;;;;;;
8.465224;16350000;18;;;;;;;;;;;;;;
8.467724;16352500;9;;;;;;;;;;;;;;
8.470224;16355000;20;;;;;;;;;;;;;;
8.472724;16357500;18;;;;;;;;;;;;;;
8.475224;16360000;8;;;;;;;;;;;;;;
8.477724;16362500;17;;;;;;;;;;;;;;
8.480224;16365000;16;;;;;;;;;;;;;;
8.482724;16367500;17;;;;;;;;;;;;;;
8.485224;16370000;18;;;;;;;;;;;;;;
8.487724;16372500;10;;;;;;;;;;;;;;
8.490224;16375000;9;16375938;33.198;-985.29;192.056;2626.162;-2503.271;3571.168;16375508;-420.208;80.35;882.087;-384.269;-6366.52;-252.239
8.492724;16377500;9;;;;;;;;;;;;;;
8.495224;16380000;16;;;;;;;;;;;;;;
8.497724;16382500;18;;;;;;;;;;;;;;
8.500224;16385000;18;;;;;;;;;;;;;;
8.502724;16387500;17;;;;;;;;;;;;;;
8.505224;16390000;10;;;;;;;;;;;;;;
8.507724;16392500;18;;;;;;;;;;;;;;
8.510224;16395000;17;;;;;;;;;;;;;;
8.512724;16397500;16;;;;;;;;;;;;;;
8.515224;16400000;18;;;;;;;;;;;;;;
8.517724;16402500;17;;;;;;;;;;;;;;
8.520224;16405000;17;;;;;;;;16406059;-421.163;77.997;886.404;-712.43;-4594.381;-712.127
8.522724;16407500;17;16406504;30.94;-983.783;195.605;4351.604;-2780.608;4277.672;;;;;;;
8.525224;16410000;16;;;;;;;;;;;;;;
8.527724;16412500;10;;;;;;;;;;;;;;
8.530224;16415000;8;;;;;;;;;;;;;;
8.532724;16417500;16;;;;;;;;;;;;;;
8.535224;16420000;17;;;;;;;;;;;;;;
8.537724;16422500;16;;;;;;;;;;;;;;
8.540224;16425000;18;;;;;;;;;;;;;;
8.542724;16427500;8;;;;;;;;;;;;;;
8.545224;16430000;10;;;;;;;;;;;;;;
8.547724;16432500;17;;;;;;;;;;;;;;
8.550224;16435000;9;;;;;;;;;;;;;;
8.552724;16437500;20;16436952;27.331;-988.359;202.008;6036.273;-3010.39;4003.413;16436522;-422.907;77.19;888.06;-564.809;-3872.475;-848.896
8.555224;16440000;17;;;;;;;;;;;;;;
8.557724;16442500;9;;;;;;;;;;;;;;
8.560224;16445000;17;;;;;;;;;;;;;;
8.562724;16447500;8;;;;;;;;;;;;;;
8.565224;16450000;18;;;;;;;;;;;;;;
8.567724;16452500;9;;;;;;;;;;;;;;
8.570224;16455000;8;;;;;;;;;;;;;;
8.572724;16457500;18;;;;;;;;;;;;;;
8.575224;16460000;16;;;;;;;;;;;;;;
8.577724;16462500;9;;;;;;;;;;;;;;
8.580224;16465000;10;16465881;25.599;-988.479;205.968;7565.834;-3083.87;3775.243;16465436;-421.971;74.386;890.017;-499.818;-3515.226;-837.076
8.582724;16467500;18;;;;;;;;;;;;;;
8.585224;16470000;17;;;;;;;;;;;;;;
8.587724;16472500;19;;;;;;;;;;;;;;
8.590224;16475000;16;;;;;;;;;;;;;;
8.592724;16477500;10;;;;;;;;;;;;;;
8.595224;16480000;9;;;;;;;;;;;;;;
8.597724;16482500;8;;;;;;;;;;;;;;
8.600224;16485000;9;;;;;;;;;;;;;;
8.602724;16487500;17;;;;;;;;;;;;;;
8.605224;16490000;16;;;;;;;;;;;;;;
8.607724;16492500;16;;;;;;;;;;;;;;
8.610224;16495000;18;16495981;23.16;-986.959;211.145;11352.105;-2846.552;3167.355;16495551;-422.1;72.277;890.174;-349.702;-3372.715;-921.66
8.612724;16497500;8;;;;;;;;;;;;;;
8.615224;16500000;11;;;;;;;;;;;;;;
8.617724;16502500;17;;;;;;;;;;;;;;
8.620224;16505000;16;;;;;;;;;;;;;;
8.622724;16507500;9;;;;;;;;;;;;;;
8.625224;16510000;9;;;;;;;;;;;;;;
8.627724;16512500;16;;;;;;;;;;;;;;
8.630224;16515000;9;;;;;;;;;;;;;;
8.632724;16517500;17;16517832;20.837;-982.348;217.406;13308.875;-2866.974;2581.988;16517387;-423.004;70.908;890.317;-123.967;-3341.891;-948.639
8.635224;16520000;10;;;;;;;;;;;;;;
8.637724;16522500;10;;;;;;;;;;;;;;
8.640224;16525000;16;;;;;;;;;;;;;;
8.642724;16527500;19;;;;;;;;;;;;;;
8.645224;16530000;9;;;;;;;;;;;;;;
8.647724;16532500;8;;;;;;;;;;;;;;
8.650224;16535000;8;;;;;;;;;;;;;;
8.652724;16537500;18;;;;;;;;;;;;;;
8.655224;16540000;17;;;;;;;;;;;;;;
8.657724;16542500;17;;;;;;;;;;;;;;
8.660224;16545000;17;;;;;;;;;;;;;;
8.662724;16547500;10;16546933;20.161;-981.109;224.445;13757.743;-3014.125;2322.513;16546503;-422.191;69.29;890.758;-62.644;-3525.672;-934.457
8.665224;16550000;8;;;;;;;;;;;;;;
8.667724;16552500;18;;;;;;;;;;;;;;
8.670224;16555000;8;;;;;;;;;;;;;;
8.672724;16557500;17;;;;;;;;;;;;;;
8.675224;16560000;17;;;;;;;;;;;;;;
8.677724;16562500;7;;;;;;;;;;;;;;
8.680224;16565000;9;;;;;;;;;;;;;;
8.682724;16567500;8;;;;;;;;;;;;;;
8.685224;16570000;10;;;;;;;;;;;;;;
8.687724;16572500;9;;;;;;;;;;;;;;
8.690224;16575000;7;;;;;;;;;;;;;;
8.692724;16577500;8;16577326;19.33;-978.054;231.26;14354.355;-3225.232;1994.2;16576881;-421.492;67.857;891.58;10.926;-3537.95;-874.172
8.695224;16580000;17;;;;;;;;;;;;;;
8.697724;16582500;10;;;;;;;;;;;;;;
8.700224;16585000;10;;;;;;;;;;;;;;
8.702724;16587500;7;;;;;;;;;;;;;;
8.705224;16590000;7;;;;;;;;;;;;;;
8.707724;16592500;17;;;;;;;;;;;;;;
8.710224;16595000;16;;;;;;;;;;;;;;
8.712724;16597500;11;;;;;;;;16598661;-421.396;65.764;892.263;-0.995;-3500.178;-848.838
8.715224;16600000;9;16599081;18.229;-974.609;238.656;14368.575;-3504.532;1889.24;;;;;;;
8.717724;16602500;17;;;;;;;;;;;;;;
8.720224;16605000;9;;;;;;;;;;;;;;
8.722724;16607500;7;;;;;;;;;;;;;;
8.725224;16610000;17;;;;;;;;;;;;;;
8.727724;16612500;8;;;;;;;;;;;;;;
8.730224;16615000;18;;;;;;;;;;;;;;
8.732724;16617500;18;;;;;;;;;;;;;;
8.735224;16620000;10;;;;;;;;;;;;;;
8.737724;16622500;16;;;;;;;;;;;;;;
8.740224;16625000;18;;;;;;;;;;;;;;
8.742724;16627500;9;16628016;16.939;-973.001;245.09;13689.959;-3563.368;1882.715;16627571;-420.968;63.805;893.192;-137.446;-3779.731;-704.459
8.745224;16630000;17;;;;;;;;;;;;;;
8.747724;16632500;18;;;;;;;;;;;;;;
8.750224;16635000;25;;;;;;;;;;;;;;
8.752724;16637500;8;;;;;;;;;;;;;;
8.755224;16640000;9;;;;;;;;;;;;;;
8.757724;16642500;9;;;;;;;;;;;;;;
8.760224;16645000;17;;;;;;;;;;;;;;
8.762724;16647500;17;;;;;;;;;;;;;;
8.765224;16650000;8;16650129;16.684;-972.37;250.562;12852.773;-3616.637;1866.892;16649707;-419.91;62.427;893.654;-193.573;-4014.245;-564.236
8.767724;16652500;17;;;;;;;;;;;;;;
8.770224;16655000;10;;;;;;;;;;;;;;
8.772724;16657500;16;;;;;;;;;;;;;;
8.775224;16660000;18;;;;;;;;;;;;;;
8.777724;16662500;9;;;;;;;;;;;;;;
8.780224;16665000;8;;;;;;;;;;;;;;
8.782724;16667500;17;;;;;;;;;;;;;;
8.785224;16670000;17;;;;;;;;;;;;;;
8.787724;16672500;20;;;;;;;;;;;;;;
8.790224;16675000;7;;;;;;;;;;;;;;
8.792724;16677500;17;;;;;;;;;;;;;;
8.795224;16680000;16;;;;;;;;;;;;;;
8.797724;16682500;17;16682169;16.997;-971.478;255.846;12229.822;-3619.555;1812.923;16681724;-418.05;61.373;894.752;-134.895;-4378.345;-550.024
8.800224;16685000;18;;;;;;;;;;;;;;
8.802724;16687500;10;;;;;;;;;;;;;;
8.805224;16690000;17;;;;;;;;;;;;;;
8.807724;16692500;18;;;;;;;;;;;;;;
8.810224;16695000;18;;;;;;;;;;;;;;
8.812724;16697500;8;;;;;;;;;;;;;;
8.815224;16700000;8;;;;;;;;;;;;;;
8.817724;16702500;9;;;;;;;;;;;;;;
8.820224;16705000;18;;;;;;;;;;;;;;
8.822724;16707500;10;;;;;;;;;;;;;;
8.825224;16710000;17;;;;;;;;;;;;;;
8.827724;16712500;17;16713153;16.934;-970.648;260.775;11623.144;-3491.515;1730.589;16712723;-415.996;60.086;895.972;-85.275;-4376.865;-488.835
8.830224;16715000;19;;;;;;;;;;;;;;
8.832724;16717500;8;;;;;;;;;;;;;;
8.835224;16720000;17;;;;;;;;;;;;;;
8.837724;16722500;18;;;;;;;;;;;;;;
8.840224;16725000;17;;;;;;;;;;;;;;
8.842724;16727500;18;;;;;;;;;;;;;;
8.845224;16730000;9;;;;;;;;;;;;;;
8.847724;16732500;152;;;;;;;;;;;;;;
8.850224;16735000;141;;;;;;;;16735891;-414.503;58.734;897.857;-40.324;-4302.396;-460.019
8.852724;16737500;137;16736328;16.898;-970.08;265.529;11039.799;-3361.564;1646.685;;;;;;;
8.855224;16740000;126;;;;;;;;;;;;;;
8.857724;16742500;126;;;;;;;;;;;;;;
8.860224;16745000;123;;;;;;;;;;;;;;
8.862724;16747500;120;;;;;;;;;;;;;;
8.865224;16750000;118;;;;;;;;;;;;;;
8.867724;16752500;525;;;;;;;;;;;;;;
8.870224;16755000;536;;;;;;;;;;;;;;
8.872724;16757500;509;;;;;;;;;;;;;;
8.875224;16760000;489;;;;;;;;;;;;;;
8.877724;16762500;476;;;;;;;;;;;;;;
8.880224;16765000;477;;;;;;;;;;;;;;
8.882724;16767500;445;;;;;;;;;;;;;;
8.885224;16770000;432;16769388;15.816;-969.266;271.047;10699.996;-3151.924;1517.538;16768958;-413.414;57.518;899.135;8.067;-4113.526;-428.705
8.887724;16772500;1016;;;;;;;;;;;;;;
8.890224;16775000;1054;;;;;;;;;;;;;;
8.892724;16777500;1016;;;;;;;;;;;;;;
8.895224;16780000;984;;;;;;;;;;;;;;
8.897724;16782500;954;;;;;;;;;;;;;;
8.900224;16785000;921;;;;;;;;;;;;;;
8.902724;16787500;894;;;;;;;;;;;;;;
8.905224;16790000;892;;;;;;;;;;;;;;
8.907724;16792500;1786;;;;;;;;;;;;;;
8.910224;16795000;1916;;;;;;;;;;;;;;
8.912724;16797500;1848;;;;;;;;;;;;;;
8.915224;16800000;1784;16800647;15.684;-967.706;275.813;10290.121;-2986.89;1413.661;16800215;-411.964;56.417;900.465;61.039;-3994.913;-409.02
8.917724;16802500;1722;;;;;;;;;;;;;;
8.920224;16805000;1663;;;;;;;;;;;;;;
8.922724;16807500;1611;;;;;;;;;;;;;;
8.925224;16810000;1721;;;;;;;;;;;;;;
8.927724;16812500;2893;;;;;;;;;;;;;;
8.930224;16815000;3230;;;;;;;;;;;;;;
8.932724;16817500;3052;;;;;;;;;;;;;;
8.935224;16820000;2955;;;;;;;;;;;;;;
8.937724;16822500;2861;;;;;;;;;;;;;;
8.940224;16825000;2776;16825388;15.54;-966.785;280.304;9767.303;-2855.483;1345.165;16824952;-410.709;55.365;901.442;128.425;-3808.292;-408.694
8.942724;16827500;2696;;;;;;;;;;;;;;
8.945224;16830000;2904;;;;;;;;;;;;;;
8.947724;16832500;4095;;;;;;;;;;;;;;
8.950224;16835000;4095;;;;;;;;;;;;;;
8.952724;16837500;4095;;;;;;;;;;;;;;
8.955224;16840000;4095;;;;;;;;;;;;;;
8.957724;16842500;4095;;;;;;;;;;;;;;
8.960224;16845000;3993;;;;;;;;;;;;;;
8.962724;16847500;3848;;;;;;;;;;;;;;
8.965224;16850000;4095;;;;;;;;;;;;;;
8.967724;16852500;4095;;;;;;;;;;;;;;
8.970224;16855000;4095;;;;;;;;;;;;;;
8.972724;16857500;4095;16856708;15.288;-965.848;284.735;9309.562;-2729.334;1273.094;16856275;-409.736;54.366;902.474;198.128;-3624.44;-405.759
8.975224;16860000;4095;;;;;;;;;;;;;;
8.977724;16862500;4095;;;;;;;;;;;;;;
8.980224;16865000;4095;;;;;;;;;;;;;;
8.982724;16867500;3933;;;;;;;;;;;;;;
8.985224;16870000;4095;;;;;;;;;;;;;;
8.987724;16872500;4095;;;;;;;;;;;;;;
8.990224;16875000;4095;;;;;;;;;;;;;;
8.992724;16877500;4095;;;;;;;;;;;;;;
8.995224;16880000;4095;;;;;;;;;;;;;;
8.997724;16882500;4095;;;;;;;;;;;;;;
9.000224;16885000;4076;;;;;;;;;;;;;;
9.002724;16887500;3901;16888050;14.804;-965.13;288.677;8885.646;-2598.117;1212.502;16887620;-408.818;53.331;903.24;261.284;-3453.281;-401.221
9.005224;16890000;4095;;;;;;;;;;;;;;
9.007724;16892500;4095;;;;;;;;;;;;;;
9.010224;16895000;4095;;;;;;;;;;;;;;
9.012724;16897500;4095;;;;;;;;;;;;;;
9.015224;16900000;4095;;;;;;;;;;;;;;
9.017724;16902500;4095;;;;;;;;;;;;;;
9.020224;16905000;4024;;;;;;;;;;;;;;
9.022724;16907500;3838;;;;;;;;;;;;;;
9.025224;16910000;4095;;;;;;;;;;;;;;
9.027724;16912500;4095;;;;;;;;;;;;;;
9.030224;16915000;4095;;;;;;;;;;;;;;
9.032724;16917500;4095;;;;;;;;;;;;;;
9.035224;16920000;4095;16921037;14.35;-964.575;292.506;8474.614;-2474.336;1154.065;16920600;-407.952;52.476;903.865;326.97;-3298.116;-399.098
9.037724;16922500;4095;;;;;;;;;;;;;;
9.040224;16925000;3965;;;;;;;;;;;;;;
9.042724;16927500;3770;;;;;;;;;;;;;;
9.045224;16930000;4095;;;;;;;;;;;;;;
9.047724;16932500;4095;;;;;;;;;;;;;;
9.050224;16935000;4095;;;;;;;;;;;;;;
9.052724;16937500;4095;;;;;;;;;;;;;;
9.055224;16940000;4095;;;;;;;;;;;;;;
9.057724;16942500;4095;;;;;;;;;;;;;;
9.060224;16945000;3900;;;;;;;;;;;;;;
9.062724;16947500;3689;;;;;;;;;;;;;;
9.065224;16950000;4095;;;;;;;;;;;;;;
9.067724;16952500;4095;;;;;;;;;;;;;;
9.070224;16955000;4095;;;;;;;;;;;;;;
9.072724;16957500;4095;;;;;;;;;;;;;;
9.075224;16960000;4095;;;;;;;;;;;;;;
9.077724;16962500;4088;;;;;;;;16963479;-407.105;51.524;904.58;383.684;-3134.961;-397.518
9.080224;16965000;3824;16963909;14.127;-963.774;296.236;8079.321;-2360.682;1094.174;;;;;;;
9.082724;16967500;3608;;;;;;;;;;;;;;
9.085224;16970000;4095;;;;;;;;;;;;;;
9.087724;16972500;4095;;;;;;;;;;;;;;
9.090224;16975000;4095;;;;;;;;;;;;;;
9.092724;16977500;4095;;;;;;;;;;;;;;
9.095224;16980000;4095;;;;;;;;;;;;;;
9.097724;16982500;4026;;;;;;;;;;;;;;
9.100224;16985000;3755;;;;;;;;;;;;;;
9.102724;16987500;3531;;;;;;;;;;;;;;
9.105224;16990000;4095;;;;;;;;;;;;;;
9.107724;16992500;4095;;;;;;;;;;;;;;
9.110224;16995000;4095;;;;;;;;;;;;;;
9.112724;16997500;4095;16996898;13.823;-963.043;299.584;7690.229;-2257.523;1042.528;16996460;-406.41;50.735;905.363;438.0;-2981.275;-395.579
9.115224;17000000;4095;;;;;;;;;;;;;;
9.117724;17002500;3964;;;;;;;;;;;;;;
9.120224;17005000;3673;;;;;;;;;;;;;;
9.122724;17007500;3517;;;;;;;;;;;;;;
9.125224;17010000;4095;;;;;;;;;;;;;;
9.127724;17012500;4095;;;;;;;;;;;;;;
9.130224;17015000;4095;;;;;;;;;;;;;;
9.132724;17017500;4095;;;;;;;;;;;;;;
9.135224;17020000;4095;;;;;;;;;;;;;;
9.137724;17022500;3885;;;;;;;;;;;;;;
9.140224;17025000;3568;;;;;;;;;;;;;;
9.142724;17027500;3485;;;;;;;;;;;;;;
9.145224;17030000;4095;;;;;;;;;;;;;;
9.147724;17032500;4095;;;;;;;;;;;;;;
9.150224;17035000;4095;;;;;;;;;;;;;;
9.152724;17037500;4095;;;;;;;;;;;;;;
9.155224;17040000;4095;;;;;;;;;;;;;;
9.157724;17042500;3799;;;;;;;;;;;;;;
9.160224;17045000;3453;;;;;;;;;;;;;;
9.162724;17047500;3431;;;;;;;;;;;;;;
9.165224;17050000;4095;;;;;;;;;;;;;;
9.167724;17052500;4095;;;;;;;;;;;;;;
9.170224;17055000;4095;;;;;;;;;;;;;;
9.172724;17057500;4095;;;;;;;;;;;;;;
9.175224;17060000;4095;;;;;;;;;;;;;;
9.177724;17062500;3688;;;;;;;;;;;;;;
9.180224;17065000;3308;;;;;;;;;;;;;;
9.182724;17067500;3387;;;;;;;;;;;;;;
9.185224;17070000;4095;;;;;;;;;;;;;;
9.187724;17072500;4095;;;;;;;;;;;;;;
9.190224;17075000;4095;;;;;;;;;;;;;;
9.192724;17077500;4095;;;;;;;;;;;;;;
9.195224;17080000;4055;;;;;;;;;;;;;;
9.197724;17082500;3546;;;;;;;;;;;;;;
9.200224;17085000;3128;;;;;;;;;;;;;;
9.202724;17087500;3323;;;;;;;;;;;;;;
