timestamp_s;timestamp_us;emg_raw;imu1_timestamp_us;imu1_ax;imu1_ay;imu1_az;imu1_gx;imu1_gy;imu1_gz;imu2_timestamp_us;imu2_ax;imu2_ay;imu2_az;imu2_gx;imu2_gy;imu2_gz
0.0;6282243;;6282243;138.35;-450.444;908.987;494.176;-112.306;31.895;;;;;;;
0.028835;6311078;;6311078;138.331;-450.156;909.197;515.405;-104.066;32.925;6310637;189.42;126.306;976.914;1679.796;-172.758;-320.539
0.050252;6332495;;6332495;138.295;-450.212;909.096;519.822;-105.862;29.966;6332069;189.447;126.469;976.771;1681.994;-173.745;-319.387
0.080555;6362798;;6362798;138.261;-450.113;909.385;538.894;-103.194;29.78;6362358;189.307;126.361;976.763;1683.207;-173.37;-321.355
0.087757;6370000;156;;;;;;;;;;;;;;
0.090257;6372500;168;;;;;;;;;;;;;;
0.092757;6375000;155;;;;;;;;;;;;;;
0.095257;6377500;156;;;;;;;;;;;;;;
0.097757;6380000;151;;;;;;;;;;;;;;
0.100257;6382500;137;;;;;;;;;;;;;;
0.102757;6385000;126;;;;;;;;;;;;;;
0.105257;6387500;151;;;;;;;;;;;;;;
0.107757;6390000;284;;;;;;;;6391185;189.291;126.186;976.7;1686.109;-170.827;-325.413
0.110257;6392500;202;6391620;138.193;-450.0;909.672;551.324;-100.222;30.041;;;;;;;
0.112757;6395000;189;;;;;;;;;;;;;;
0.115257;6397500;176;;;;;;;;;;;;;;
0.117757;6400000;151;;;;;;;;;;;;;;
0.120257;6402500;136;;;;;;;;;;;;;;
0.122757;6405000;126;;;;;;;;;;;;;;
0.125257;6407500;141;;;;;;;;;;;;;;
0.127757;6410000;135;;;;;;;;;;;;;;
0.130257;6412500;142;6413049;138.133;-449.863;909.591;552.633;-102.648;27.664;6412617;189.379;126.148;976.763;1679.678;-170.598;-325.329
0.132757;6415000;155;;;;;;;;;;;;;;
0.135257;6417500;377;;;;;;;;;;;;;;
0.137757;6420000;235;;;;;;;;;;;;;;
0.140257;6422500;168;;;;;;;;;;;;;;
0.142757;6425000;155;;;;;;;;;;;;;;
0.145257;6427500;126;;;;;;;;;;;;;;
0.147757;6430000;133;;;;;;;;;;;;;;
0.150257;6432500;167;;;;;;;;;;;;;;
0.152757;6435000;172;;;;;;;;;;;;;;
0.155257;6437500;173;;;;;;;;;;;;;;
0.157757;6440000;300;;;;;;;;;;;;;;
0.160257;6442500;198;6443165;138.235;-449.873;909.623;551.251;-106.266;26.281;6442731;189.292;126.172;976.755;1682.757;-172.568;-323.5
0.162757;6445000;168;;;;;;;;;;;;;;
0.165257;6447500;135;;;;;;;;;;;;;;
0.167757;6450000;137;;;;;;;;;;;;;;
0.170257;6452500;150;;;;;;;;;;;;;;
0.172757;6455000;173;;;;;;;;;;;;;;
0.175257;6457500;155;;;;;;;;;;;;;;
0.177757;6460000;144;;;;;;;;;;;;;;
0.180257;6462500;155;;;;;;;;;;;;;;
0.182757;6465000;127;;;;;;;;;;;;;;
0.185257;6467500;142;;;;;;;;;;;;;;
0.187757;6470000;316;;;;;;;;;;;;;;
0.190257;6472500;231;6471999;138.131;-449.711;909.679;551.688;-101.39;28.904;6471559;189.27;126.183;976.821;1682.182;-170.94;-324.825
0.192757;6475000;197;;;;;;;;;;;;;;
0.195257;6477500;158;;;;;;;;;;;;;;
0.197757;6480000;170;;;;;;;;;;;;;;
0.200257;6482500;139;;;;;;;;;;;;;;
0.202757;6485000;126;;;;;;;;;;;;;;
0.205257;6487500;126;;;;;;;;;;;;;;
0.207757;6490000;137;;;;;;;;;;;;;;
0.210257;6492500;170;6493418;138.221;-449.802;909.695;554.729;-102.008;28.334;6492990;189.286;126.181;976.822;1682.073;-166.768;-325.209
0.212757;6495000;173;;;;;;;;;;;;;;
0.215257;6497500;7;;;;;;;;;;;;;;
0.217757;6500000;255;;;;;;;;;;;;;;
0.220257;6502500;172;;;;;;;;;;;;;;
0.222757;6505000;157;;;;;;;;;;;;;;
0.225257;6507500;127;;;;;;;;;;;;;;
0.227757;6510000;157;;;;;;;;;;;;;;
0.230257;6512500;143;;;;;;;;;;;;;;
0.232757;6515000;154;;;;;;;;;;;;;;
0.235257;6517500;173;6517825;138.27;-449.802;909.728;554.555;-103.47;31.293;6517389;189.283;126.088;976.885;1688.969;-166.742;-322.949
0.237757;6520000;331;;;;;;;;;;;;;;
0.240257;6522500;221;;;;;;;;;;;;;;
0.242757;6525000;152;;;;;;;;;;;;;;
0.245257;6527500;138;;;;;;;;;;;;;;
0.247757;6530000;157;;;;;;;;;;;;;;
0.250257;6532500;152;;;;;;;;;;;;;;
0.252757;6535000;154;;;;;;;;;;;;;;
0.255257;6537500;173;;;;;;;;;;;;;;
0.257757;6540000;169;;;;;;;;;;;;;;
0.260257;6542500;138;6543676;138.323;-449.876;909.656;550.015;-100.484;31.915;6543248;189.353;125.994;976.847;1688.521;-167.155;-324.739
0.262757;6545000;125;;;;;;;;;;;;;;
0.265257;6547500;152;;;;;;;;;;;;;;
0.267757;6550000;344;;;;;;;;;;;;;;
0.270257;6552500;221;;;;;;;;;;;;;;
0.272757;6555000;183;;;;;;;;;;;;;;
0.275257;6557500;159;;;;;;;;;;;;;;
0.277757;6560000;170;;;;;;;;;;;;;;
0.280257;6562500;137;;;;;;;;;;;;;;
0.282757;6565000;124;;;;;;;;;;;;;;
0.285257;6567500;125;;;;;;;;;;;;;;
0.287757;6570000;137;;;;;;;;;;;;;;
0.290257;6572500;168;;;;;;;;6573538;189.316;126.117;976.841;1686.344;-168.422;-326.439
0.292757;6575000;171;6573970;138.227;-449.836;909.618;545.264;-102.023;30.32;;;;;;;
0.295257;6577500;267;;;;;;;;;;;;;;
0.297757;6580000;277;;;;;;;;;;;;;;
0.300257;6582500;183;;;;;;;;;;;;;;
0.302757;6585000;157;;;;;;;;;;;;;;
0.305257;6587500;135;;;;;;;;;;;;;;
0.307757;6590000;156;;;;;;;;;;;;;;
0.310257;6592500;139;;;;;;;;;;;;;;
0.312757;6595000;155;;;;;;;;;;;;;;
0.315257;6597500;172;;;;;;;;;;;;;;
0.317757;6600000;363;;;;;;;;;;;;;;
0.320257;6602500;219;;;;;;;;;;;;;;
0.322757;6605000;153;6604257;138.275;-449.78;909.668;544.688;-105.234;28.366;6603828;189.25;126.119;976.799;1684.277;-167.001;-327.617
0.325257;6607500;136;;;;;;;;;;;;;;
0.327757;6610000;139;;;;;;;;;;;;;;
0.330257;6612500;143;;;;;;;;;;;;;;
0.332757;6615000;173;;;;;;;;;;;;;;
0.335257;6617500;155;;;;;;;;;;;;;;
0.337757;6620000;142;;;;;;;;;;;;;;
0.340257;6622500;136;;;;;;;;;;;;;;
0.342757;6625000;311;;;;;;;;;;;;;;
0.345257;6627500;215;;;;;;;;;;;;;;
0.347757;6630000;173;;;;;;;;;;;;;;
0.350257;6632500;171;6633085;138.334;-449.776;909.776;541.079;-106.535;29.135;6632653;189.145;126.071;976.753;1688.438;-166.526;-327.424
0.352757;6635000;156;;;;;;;;;;;;;;
0.355257;6637500;171;;;;;;;;;;;;;;
0.357757;6640000;169;;;;;;;;;;;;;;
0.360257;6642500;154;;;;;;;;;;;;;;
0.362757;6645000;143;;;;;;;;;;;;;;
0.365257;6647500;126;;;;;;;;;;;;;;
0.367757;6650000;379;;;;;;;;;;;;;;
0.370257;6652500;236;;;;;;;;;;;;;;
0.372757;6655000;186;6654513;138.396;-449.802;909.775;535.462;-106.895;30.304;6654085;189.051;126.008;976.703;1689.329;-169.137;-328.99
0.375257;6657500;185;;;;;;;;;;;;;;
0.377757;6660000;151;;;;;;;;;;;;;;
0.380257;6662500;156;;;;;;;;;;;;;;
0.382757;6665000;126;;;;;;;;;;;;;;
0.385257;6667500;124;;;;;;;;;;;;;;
0.387757;6670000;155;;;;;;;;;;;;;;
0.390257;6672500;152;;;;;;;;;;;;;;
0.392757;6675000;174;;;;;;;;;;;;;;
0.395257;6677500;173;;;;;;;;;;;;;;
0.397757;6680000;235;;;;;;;;;;;;;;
0.400257;6682500;263;;;;;;;;;;;;;;
0.402757;6685000;160;6684633;138.497;-449.821;909.743;531.002;-107.676;31.851;6684201;189.06;126.052;976.65;1691.487;-171.18;-326.103
0.405257;6687500;138;;;;;;;;;;;;;;
0.407757;6690000;137;;;;;;;;;;;;;;
0.410257;6692500;143;;;;;;;;;;;;;;
0.412757;6695000;171;;;;;;;;;;;;;;
0.415257;6697500;154;;;;;;;;;;;;;;
0.417757;6700000;149;;;;;;;;;;;;;;
0.420257;6702500;154;;;;;;;;;;;;;;
0.422757;6705000;125;;;;;;;;;;;;;;
0.425257;6707500;141;;;;;;;;;;;;;;
0.427757;6710000;366;;;;;;;;;;;;;;
0.430257;6712500;285;6713458;138.453;-449.79;909.75;530.264;-110.167;36.821;6713029;189.147;126.069;976.751;1693.976;-170.496;-325.548
0.432757;6715000;198;;;;;;;;;;;;;;
0.435257;6717500;186;;;;;;;;;;;;;;
0.437757;6720000;153;;;;;;;;;;;;;;
0.440257;6722500;139;;;;;;;;;;;;;;
0.442757;6725000;153;;;;;;;;;;;;;;
0.445257;6727500;134;;;;;;;;;;;;;;
0.447757;6730000;153;;;;;;;;;;;;;;
0.450257;6732500;142;;;;;;;;;;;;;;
0.452757;6735000;154;6734891;138.381;-449.657;909.707;527.376;-112.534;37.605;6734459;189.218;126.042;976.744;1694.589;-169.409;-323.271
0.455257;6737500;173;;;;;;;;;;;;;;
0.457757;6740000;341;;;;;;;;;;;;;;
0.460257;6742500;222;;;;;;;;;;;;;;
0.462757;6745000;155;;;;;;;;;;;;;;
0.465257;6747500;137;;;;;;;;;;;;;;
0.467757;6750000;157;;;;;;;;;;;;;;
0.470257;6752500;152;;;;;;;;;;;;;;
0.472757;6755000;155;;;;;;;;;;;;;;
0.475257;6757500;155;;;;;;;;;;;;;;
0.477757;6760000;0;;;;;;;;;;;;;;
0.480257;6762500;283;;;;;;;;;;;;;;
0.482757;6765000;189;6765178;138.342;-449.519;909.697;525.07;-115.219;39.662;6764749;189.23;125.956;976.792;1691.672;-170.126;-325.92
0.485257;6767500;139;;;;;;;;;;;;;;
0.487757;6770000;138;;;;;;;;;;;;;;
0.490257;6772500;151;;;;;;;;;;;;;;
0.492757;6775000;171;;;;;;;;;;;;;;
0.495257;6777500;153;;;;;;;;;;;;;;
0.497757;6780000;167;;;;;;;;;;;;;;
0.500257;6782500;137;;;;;;;;;;;;;;
0.502757;6785000;126;;;;;;;;;;;;;;
0.505257;6787500;144;;;;;;;;;;;;;;
0.507757;6790000;135;;;;;;;;;;;;;;
0.510257;6792500;284;;;;;;;;6793576;189.157;126.014;976.795;1693.714;-168.62;-325.811
0.512757;6795000;203;6794008;138.288;-449.491;909.737;526.816;-113.833;38.116;;;;;;;
0.515257;6797500;169;;;;;;;;;;;;;;
0.517757;6800000;153;;;;;;;;;;;;;;
0.520257;6802500;138;;;;;;;;;;;;;;
0.522757;6805000;141;;;;;;;;;;;;;;
0.525257;6807500;125;;;;;;;;;;;;;;
0.527757;6810000;154;;;;;;;;;;;;;;
0.530257;6812500;143;;;;;;;;;;;;;;
0.532757;6815000;153;6815436;138.321;-449.537;909.762;524.1;-110.329;41.898;6815007;189.288;126.064;976.762;1693.028;-170.251;-327.458
0.535257;6817500;152;;;;;;;;;;;;;;
0.537757;6820000;381;;;;;;;;;;;;;;
0.540257;6822500;236;;;;;;;;;;;;;;
0.542757;6825000;153;;;;;;;;;;;;;;
0.545257;6827500;156;;;;;;;;;;;;;;
0.547757;6830000;156;;;;;;;;;;;;;;
0.550257;6832500;168;;;;;;;;;;;;;;
0.552757;6835000;174;;;;;;;;;;;;;;
0.555257;6837500;154;;;;;;;;;;;;;;
0.557757;6840000;168;;;;;;;;;;;;;;
0.560257;6842500;303;;;;;;;;;;;;;;
0.562757;6845000;203;6845640;138.335;-449.539;909.78;517.583;-109.625;40.678;6845208;189.358;126.123;976.779;1693.252;-171.364;-327.273
0.565257;6847500;158;;;;;;;;;;;;;;
0.567757;6850000;158;;;;;;;;;;;;;;
0.570257;6852500;167;;;;;;;;;;;;;;
0.572757;6855000;173;;;;;;;;;;;;;;
0.575257;6857500;171;;;;;;;;;;;;;;
0.577757;6860000;170;;;;;;;;;;;;;;
0.580257;6862500;155;;;;;;;;;;;;;;
0.582757;6865000;142;;;;;;;;;;;;;;
0.585257;6867500;150;;;;;;;;;;;;;;
0.587757;6870000;154;;;;;;;;;;;;;;
0.590257;6872500;333;;;;;;;;;;;;;;
0.592757;6875000;219;6874464;138.311;-449.425;909.748;511.391;-111.582;39.519;6874037;189.315;126.112;976.801;1690.401;-171.983;-324.034
0.595257;6877500;173;;;;;;;;;;;;;;
0.597757;6880000;172;;;;;;;;;;;;;;
0.600257;6882500;140;;;;;;;;;;;;;;
0.602757;6885000;144;;;;;;;;;;;;;;
0.605257;6887500;126;;;;;;;;;;;;;;
0.607757;6890000;156;;;;;;;;;;;;;;
0.610257;6892500;142;;;;;;;;;;;;;;
0.612757;6895000;155;6895899;138.179;-449.34;909.828;511.634;-112.565;41.481;6895468;189.316;126.126;976.889;1685.944;-170.384;-324.02
0.615257;6897500;153;;;;;;;;;;;;;;
0.617757;6900000;29;;;;;;;;;;;;;;
0.620257;6902500;264;;;;;;;;;;;;;;
0.622757;6905000;185;;;;;;;;;;;;;;
0.625257;6907500;138;;;;;;;;;;;;;;
0.627757;6910000;137;;;;;;;;;;;;;;
0.630257;6912500;143;;;;;;;;;;;;;;
0.632757;6915000;172;;;;;;;;;;;;;;
0.635257;6917500;169;;;;;;;;;;;;;;
0.637757;6920000;141;6920295;138.144;-449.358;909.769;514.052;-113.499;42.907;6919866;189.269;126.127;976.863;1686.084;-168.427;-322.256
0.640257;6922500;316;;;;;;;;;;;;;;
0.642757;6925000;189;;;;;;;;;;;;;;
0.645257;6927500;152;;;;;;;;;;;;;;
0.647757;6930000;140;;;;;;;;;;;;;;
0.650257;6932500;142;;;;;;;;;;;;;;
0.652757;6935000;154;;;;;;;;;;;;;;
0.655257;6937500;152;;;;;;;;;;;;;;
0.657757;6940000;167;;;;;;;;;;;;;;
0.660257;6942500;154;;;;;;;;;;;;;;
0.662757;6945000;126;6946157;138.191;-449.387;909.823;512.85;-110.449;44.261;6945726;189.224;126.098;976.911;1689.717;-167.443;-322.769
0.665257;6947500;127;;;;;;;;;;;;;;
0.667757;6950000;136;;;;;;;;;;;;;;
0.670257;6952500;365;;;;;;;;;;;;;;
0.672757;6955000;252;;;;;;;;;;;;;;
0.675257;6957500;183;;;;;;;;;;;;;;
0.677757;6960000;154;;;;;;;;;;;;;;
0.680257;6962500;140;;;;;;;;;;;;;;
0.682757;6965000;153;;;;;;;;;;;;;;
0.685257;6967500;136;;;;;;;;;;;;;;
0.687757;6970000;140;;;;;;;;;;;;;;
0.690257;6972500;144;;;;;;;;;;;;;;
0.692757;6975000;171;;;;;;;;6976015;189.242;126.002;976.847;1687.482;-169.134;-321.943
0.695257;6977500;153;6976444;138.101;-449.457;909.753;511.707;-107.989;45.548;;;;;;;
0.697757;6980000;344;;;;;;;;;;;;;;
0.700257;6982500;264;;;;;;;;;;;;;;
0.702757;6985000;187;;;;;;;;;;;;;;
0.705257;6987500;157;;;;;;;;;;;;;;
0.707757;6990000;137;;;;;;;;;;;;;;
0.710257;6992500;168;;;;;;;;;;;;;;
0.712757;6995000;153;;;;;;;;;;;;;;
0.715257;6997500;152;;;;;;;;;;;;;;
0.717757;7000000;168;;;;;;;;;;;;;;
0.720257;7002500;350;;;;;;;;;;;;;;
0.722757;7005000;208;;;;;;;;;;;;;;
0.725257;7007500;153;7006736;138.126;-449.469;909.692;505.809;-110.027;47.208;7006305;189.332;126.022;976.805;1684.92;-168.552;-324.22
0.727757;7010000;140;;;;;;;;;;;;;;
0.730257;7012500;169;;;;;;;;;;;;;;
0.732757;7015000;154;;;;;;;;;;;;;;
0.735257;7017500;154;;;;;;;;;;;;;;
0.737757;7020000;168;;;;;;;;;;;;;;
0.740257;7022500;138;;;;;;;;;;;;;;
0.742757;7025000;143;;;;;;;;;;;;;;
0.745257;7027500;312;;;;;;;;;;;;;;
0.747757;7030000;222;;;;;;;;;;;;;;
0.750257;7032500;189;;;;;;;;;;;;;;
0.752757;7035000;186;7035568;138.204;-449.455;909.713;503.706;-112.838;43.536;7035131;189.302;126.034;976.862;1685.549;-169.312;-324.197
0.755257;7037500;184;;;;;;;;;;;;;;
0.757757;7040000;153;;;;;;;;;;;;;;
0.760257;7042500;140;;;;;;;;;;;;;;
0.762757;7045000;127;;;;;;;;;;;;;;
0.765257;7047500;128;;;;;;;;;;;;;;
0.767757;7050000;156;;;;;;;;;;;;;;
0.770257;7052500;408;;;;;;;;;;;;;;
0.772757;7055000;270;;;;;;;;;;;;;;
0.775257;7057500;189;;;;;;;;;;;;;;
0.777757;7060000;184;;;;;;;;;;;;;;
0.780257;7062500;140;;;;;;;;;;;;;;
0.782757;7065000;128;7065851;138.199;-449.516;909.752;501.709;-112.447;43.984;7065421;189.237;126.046;976.709;1683.521;-172.221;-322.862
0.785257;7067500;153;;;;;;;;;;;;;;
0.787757;7070000;155;;;;;;;;;;;;;;
0.790257;7072500;144;;;;;;;;;;;;;;
0.792757;7075000;154;;;;;;;;;;;;;;
0.795257;7077500;155;;;;;;;;;;;;;;
0.797757;7080000;169;;;;;;;;;;;;;;
0.800257;7082500;108;;;;;;;;;;;;;;
0.802757;7085000;235;;;;;;;;;;;;;;
0.805257;7087500;158;7087287;138.194;-449.464;909.74;500.686;-113.387;43.535;7086852;189.2;125.96;976.637;1684.22;-175.423;-324.656
0.807757;7090000;151;;;;;;;;;;;;;;
0.810257;7092500;172;;;;;;;;;;;;;;
0.812757;7095000;182;;;;;;;;;;;;;;
0.815257;7097500;155;;;;;;;;;;;;;;
0.817757;7100000;153;;;;;;;;;;;;;;
0.820257;7102500;138;;;;;;;;;;;;;;
0.822757;7105000;152;;;;;;;;;;;;;;
0.825257;7107500;136;;;;;;;;;;;;;;
0.827757;7110000;138;;;;;;;;;;;;;;
0.830257;7112500;366;;;;;;;;;;;;;;
0.832757;7115000;269;7116110;138.056;-449.481;909.716;499.714;-115.592;41.795;7115679;189.165;125.987;976.691;1684.009;-174.964;-328.111
0.835257;7117500;201;;;;;;;;;;;;;;
0.837757;7120000;185;;;;;;;;;;;;;;
0.840257;7122500;142;;;;;;;;;;;;;;
0.842757;7125000;128;;;;;;;;;;;;;;
0.845257;7127500;127;;;;;;;;;;;;;;
0.847757;7130000;156;;;;;;;;;;;;;;
0.850257;7132500;169;;;;;;;;;;;;;;
0.852757;7135000;154;;;;;;;;;;;;;;
0.855257;7137500;155;;;;;;;;;;;;;;
0.857757;7140000;152;;;;;;;;;;;;;;
0.860257;7142500;347;;;;;;;;;;;;;;
0.862757;7145000;200;;;;;;;;7145969;189.161;125.91;976.723;1684.684;-172.341;-327.456
0.865257;7147500;154;7146404;137.93;-449.541;909.748;497.478;-115.938;41.893;;;;;;;
0.867757;7150000;141;;;;;;;;;;;;;;
0.870257;7152500;169;;;;;;;;;;;;;;
0.872757;7155000;155;;;;;;;;;;;;;;
0.875257;7157500;156;;;;;;;;;;;;;;
0.877757;7160000;169;;;;;;;;;;;;;;
0.880257;7162500;158;;;;;;;;;;;;;;
0.882757;7165000;153;;;;;;;;;;;;;;
0.885257;7167500;134;7167830;137.945;-449.432;909.706;494.917;-115.391;41.986;7167400;189.231;125.849;976.718;1683.575;-172.911;-327.27
0.887757;7170000;139;;;;;;;;;;;;;;
0.890257;7172500;363;;;;;;;;;;;;;;
0.892757;7175000;264;;;;;;;;;;;;;;
0.895257;7177500;205;;;;;;;;;;;;;;
0.897757;7180000;157;;;;;;;;;;;;;;
0.900257;7182500;159;;;;;;;;;;;;;;
0.902757;7185000;152;;;;;;;;;;;;;;
0.905257;7187500;126;;;;;;;;;;;;;;
0.907757;7190000;157;;;;;;;;;;;;;;
0.910257;7192500;150;;;;;;;;;;;;;;
0.912757;7195000;298;;;;;;;;7196227;189.225;125.858;976.7;1681.646;-173.891;-325.344
0.915257;7197500;222;7196662;137.941;-449.439;909.641;496.858;-115.746;39.012;;;;;;;
0.917757;7200000;186;;;;;;;;;;;;;;
0.920257;7202500;159;;;;;;;;;;;;;;
0.922757;7205000;136;;;;;;;;;;;;;;
0.925257;7207500;153;;;;;;;;;;;;;;
0.927757;7210000;139;;;;;;;;;;;;;;
0.930257;7212500;144;;;;;;;;;;;;;;
0.932757;7215000;173;;;;;;;;;;;;;;
0.935257;7217500;155;;;;;;;;;;;;;;
0.937757;7220000;169;7219572;137.973;-449.421;909.732;494.766;-116.959;37.936;7219141;189.054;125.768;976.708;1675.001;-173.946;-324.39
0.940257;7222500;394;;;;;;;;;;;;;;
0.942757;7225000;237;;;;;;;;;;;;;;
0.945257;7227500;174;;;;;;;;;;;;;;
0.947757;7230000;142;;;;;;;;;;;;;;
0.950257;7232500;152;;;;;;;;;;;;;;
0.952757;7235000;175;;;;;;;;;;;;;;
0.955257;7237500;173;;;;;;;;;;;;;;
0.957757;7240000;151;;;;;;;;;;;;;;
0.960257;7242500;138;;;;;;;;;;;;;;
0.962757;7245000;134;;;;;;;;;;;;;;
0.965257;7247500;128;7248209;138.047;-449.435;909.636;500.652;-115.486;38.664;7247773;189.16;125.726;976.666;1668.688;-171.811;-325.67
0.967757;7250000;156;;;;;;;;;;;;;;
0.970257;7252500;266;;;;;;;;;;;;;;
0.972757;7255000;263;;;;;;;;;;;;;;
0.975257;7257500;217;;;;;;;;;;;;;;
0.977757;7260000;184;;;;;;;;;;;;;;
0.980257;7262500;142;;;;;;;;;;;;;;
0.982757;7265000;128;;;;;;;;;;;;;;
0.985257;7267500;125;;;;;;;;;;;;;;
0.987757;7270000;157;;;;;;;;;;;;;;
0.990257;7272500;170;;;;;;;;;;;;;;
0.992757;7275000;330;;;;;;;;;;;;;;
0.995257;7277500;219;7277031;138.05;-449.442;909.532;498.807;-114.087;38.044;7276601;189.078;125.65;976.73;1667.504;-172.408;-323.387
0.997757;7280000;171;;;;;;;;;;;;;;
1.000257;7282500;169;;;;;;;;;;;;;;
1.002757;7285000;136;;;;;;;;;;;;;;
1.005257;7287500;136;;;;;;;;;;;;;;
1.007757;7290000;138;;;;;;;;;;;;;;
1.010257;7292500;153;;;;;;;;;;;;;;
1.012757;7295000;175;;;;;;;;;;;;;;
1.015257;7297500;156;;;;;;;;;;;;;;
1.017757;7300000;170;;;;;;;;;;;;;;
1.020257;7302500;327;;;;;;;;;;;;;;
1.022757;7305000;238;;;;;;;;;;;;;;
1.025257;7307500;187;7307326;138.107;-449.369;909.677;495.742;-112.32;40.954;7306890;189.115;125.632;976.706;1665.066;-171.225;-322.967
1.027757;7310000;172;;;;;;;;;;;;;;
1.030257;7312500;154;;;;;;;;;;;;;;
1.032757;7315000;157;;;;;;;;;;;;;;
1.035257;7317500;153;;;;;;;;;;;;;;
1.037757;7320000;154;;;;;;;;;;;;;;
1.040257;7322500;156;;;;;;;;;;;;;;
1.042757;7325000;0;;;;;;;;;;;;;;
1.045257;7327500;284;;;;;;;;;;;;;;
1.047757;7330000;204;;;;;;;;;;;;;;
1.050257;7332500;168;;;;;;;;;;;;;;
1.052757;7335000;183;;;;;;;;;;;;;;
1.055257;7337500;156;7337611;138.113;-449.379;909.699;494.142;-111.954;40.656;7337178;188.98;125.749;976.848;1668.438;-171.852;-325.631
1.057757;7340000;171;;;;;;;;;;;;;;
1.060257;7342500;158;;;;;;;;;;;;;;
1.062757;7345000;128;;;;;;;;;;;;;;
1.065257;7347500;155;;;;;;;;;;;;;;
1.067757;7350000;139;;;;;;;;;;;;;;
1.070257;7352500;152;;;;;;;;;;;;;;
1.072757;7355000;376;;;;;;;;;;;;;;
1.075257;7357500;252;;;;;;;;;;;;;;
1.077757;7360000;200;;;;;;;;;;;;;;
1.080257;7362500;160;;;;;;;;;;;;;;
1.082757;7365000;136;;;;;;;;;;;;;;
1.085257;7367500;154;7367903;138.094;-449.376;909.604;493.06;-111.169;42.561;7367468;189.115;125.757;976.836;1669.016;-170.697;-325.975
1.087757;7370000;138;;;;;;;;;;;;;;
1.090257;7372500;153;;;;;;;;;;;;;;
1.092757;7375000;175;;;;;;;;;;;;;;
1.095257;7377500;156;;;;;;;;;;;;;;
1.097757;7380000;171;;;;;;;;;;;;;;
1.100257;7382500;303;;;;;;;;;;;;;;
1.102757;7385000;280;;;;;;;;;;;;;;
1.105257;7387500;173;;;;;;;;;;;;;;
1.107757;7390000;154;;;;;;;;;;;;;;
1.110257;7392500;173;;;;;;;;;;;;;;
1.112757;7395000;156;;;;;;;;;;;;;;
1.115257;7397500;157;7398189;138.132;-449.343;909.557;489.845;-112.61;41.308;7397757;189.102;125.777;976.867;1669.128;-171.349;-324.114
1.117757;7400000;151;;;;;;;;;;;;;;
1.120257;7402500;156;;;;;;;;;;;;;;
1.122757;7405000;152;;;;;;;;;;;;;;
1.125257;7407500;135;;;;;;;;;;;;;;
1.127757;7410000;158;;;;;;;;;;;;;;
1.130257;7412500;154;;;;;;;;;;;;;;
1.132757;7415000;302;;;;;;;;;;;;;;
1.135257;7417500;218;;;;;;;;;;;;;;
1.137757;7420000;169;;;;;;;;;;;;;;
1.140257;7422500;141;;;;;;;;;;;;;;
1.142757;7425000;153;;;;;;;;;;;;;;
1.145257;7427500;153;7427020;138.1;-449.306;909.512;488.977;-113.542;38.805;7426584;188.992;125.759;976.964;1667.046;-171.532;-323.658
1.147757;7430000;139;;;;;;;;;;;;;;
1.150257;7432500;151;;;;;;;;;;;;;;
1.152757;7435000;155;;;;;;;;;;;;;;
1.155257;7437500;155;;;;;;;;;;;;;;
1.157757;7440000;151;;;;;;;;;;;;;;
1.160257;7442500;138;;;;;;;;;;;;;;
1.162757;7445000;296;;;;;;;;;;;;;;
1.165257;7447500;204;7448447;138.075;-449.331;909.445;489.028;-112.678;40.802;7448017;188.9;125.802;976.916;1668.569;-169.518;-325.85
1.167757;7450000;155;;;;;;;;;;;;;;
1.170257;7452500;173;;;;;;;;;;;;;;
1.172757;7455000;157;;;;;;;;;;;;;;
1.175257;7457500;156;;;;;;;;;;;;;;
1.177757;7460000;168;;;;;;;;;;;;;;
1.180257;7462500;156;;;;;;;;;;;;;;
1.182757;7465000;126;;;;;;;;;;;;;;
1.185257;7467500;127;;;;;;;;;;;;;;
1.187757;7470000;139;;;;;;;;;;;;;;
1.190257;7472500;153;;;;;;;;;;;;;;
1.192757;7475000;352;;;;;;;;;;;;;;
1.195257;7477500;223;7478740;138.211;-449.337;909.521;489.952;-112.294;40.075;7478304;188.903;125.808;976.937;1672.641;-168.479;-321.807
1.197757;7480000;173;;;;;;;;;;;;;;
1.200257;7482500;142;;;;;;;;;;;;;;
1.202757;7485000;153;;;;;;;;;;;;;;
1.205257;7487500;143;;;;;;;;;;;;;;
1.207757;7490000;138;;;;;;;;;;;;;;
1.210257;7492500;142;;;;;;;;;;;;;;
1.212757;7495000;174;;;;;;;;;;;;;;
1.215257;7497500;156;;;;;;;;;;;;;;
1.217757;7500000;152;;;;;;;;;;;;;;
1.220257;7502500;138;;;;;;;;;;;;;;
1.222757;7505000;359;;;;;;;;;;;;;;
1.225257;7507500;230;7507564;138.096;-449.343;909.521;489.954;-111.929;40.258;7507132;188.95;125.892;976.854;1674.759;-169.243;-321.905
1.227757;7510000;159;;;;;;;;;;;;;;
1.230257;7512500;174;;;;;;;;;;;;;;
1.232757;7515000;184;;;;;;;;;;;;;;
1.235257;7517500;156;;;;;;;;;;;;;;
1.237757;7520000;170;;;;;;;;;;;;;;
1.240257;7522500;138;;;;;;;;;;;;;;
1.242757;7525000;135;;;;;;;;;;;;;;
1.245257;7527500;152;;;;;;;;7528564;189.055;125.831;976.872;1669.333;-171.281;-320.684
1.247757;7530000;158;7528992;138.109;-449.378;909.648;492.582;-111.583;40.433;;;;;;;
1.250257;7532500;200;;;;;;;;;;;;;;
1.252757;7535000;284;;;;;;;;;;;;;;
1.255257;7537500;204;;;;;;;;;;;;;;
1.257757;7540000;186;;;;;;;;;;;;;;
1.260257;7542500;158;;;;;;;;;;;;;;
1.262757;7545000;153;;;;;;;;;;;;;;
1.265257;7547500;127;;;;;;;;;;;;;;
1.267757;7550000;158;;;;;;;;;;;;;;
1.270257;7552500;152;;;;;;;;;;;;;;
1.272757;7555000;392;;;;;;;;;;;;;;
1.275257;7557500;263;;;;;;;;;;;;;;
1.277757;7560000;174;7559283;138.102;-449.4;909.562;494.64;-110.378;40.161;7558852;189.021;125.896;976.975;1667.241;-170.154;-320.838
1.280257;7562500;160;;;;;;;;;;;;;;
1.282757;7565000;155;;;;;;;;;;;;;;
1.285257;7567500;153;;;;;;;;;;;;;;
1.287757;7570000;155;;;;;;;;;;;;;;
1.290257;7572500;151;;;;;;;;;;;;;;
1.292757;7575000;172;;;;;;;;;;;;;;
1.295257;7577500;174;;;;;;;;;;;;;;
1.297757;7580000;167;;;;;;;;;;;;;;
1.300257;7582500;136;;;;;;;;;;;;;;
1.302757;7585000;382;;;;;;;;;;;;;;
1.305257;7587500;248;7588117;138.151;-449.439;909.541;495.283;-109.235;43.841;7587680;189.0;126.055;976.951;1672.254;-169.959;-319.671
1.307757;7590000;169;;;;;;;;;;;;;;
1.310257;7592500;158;;;;;;;;;;;;;;
1.312757;7595000;157;;;;;;;;;;;;;;
1.315257;7597500;155;;;;;;;;;;;;;;
1.317757;7600000;160;;;;;;;;;;;;;;
1.320257;7602500;136;;;;;;;;;;;;;;
1.322757;7605000;124;;;;;;;;;;;;;;
1.325257;7607500;126;;;;;;;;;;;;;;
1.327757;7610000;138;7609542;138.143;-449.568;909.576;493.269;-110.335;44.711;7609112;189.127;126.09;976.946;1665.204;-170.211;-321.187
1.330257;7612500;168;;;;;;;;;;;;;;
1.332757;7615000;332;;;;;;;;;;;;;;
1.335257;7617500;218;;;;;;;;;;;;;;
1.337757;7620000;170;;;;;;;;;;;;;;
1.340257;7622500;142;;;;;;;;;;;;;;
1.342757;7625000;154;;;;;;;;;;;;;;
1.345257;7627500;128;;;;;;;;;;;;;;
1.347757;7630000;138;;;;;;;;;;;;;;
1.350257;7632500;152;;;;;;;;;;;;;;
1.352757;7635000;266;;;;;;;;;;;;;;
1.355257;7637500;281;;;;;;;;;;;;;;
1.357757;7640000;187;7639662;138.171;-449.562;909.567;491.793;-111.381;46.413;7639226;189.071;126.233;976.978;1664.194;-173.513;-319.128
1.360257;7642500;152;;;;;;;;;;;;;;
1.362757;7645000;136;;;;;;;;;;;;;;
1.365257;7647500;127;;;;;;;;;;;;;;
1.367757;7650000;154;;;;;;;;;;;;;;
1.370257;7652500;167;;;;;;;;;;;;;;
1.372757;7655000;154;;;;;;;;;;;;;;
1.375257;7657500;155;;;;;;;;;;;;;;
1.377757;7660000;143;;;;;;;;;;;;;;
1.380257;7662500;136;;;;;;;;;;;;;;
1.382757;7665000;304;;;;;;;;;;;;;;
1.385257;7667500;266;7668485;138.089;-449.544;909.521;492.141;-108.437;46.717;7668053;189.17;126.205;976.984;1665.859;-172.712;-320.234
1.387757;7670000;190;;;;;;;;;;;;;;
1.390257;7672500;182;;;;;;;;;;;;;;
1.392757;7675000;155;;;;;;;;;;;;;;
1.395257;7677500;153;;;;;;;;;;;;;;
1.397757;7680000;142;;;;;;;;;;;;;;
1.400257;7682500;154;;;;;;;;;;;;;;
1.402757;7685000;150;;;;;;;;;;;;;;
1.405257;7687500;124;;;;;;;;;;;;;;
1.407757;7690000;138;7689915;138.272;-449.551;909.612;492.909;-108.265;47.444;7689485;189.118;126.159;976.867;1668.316;-173.702;-320.41
1.410257;7692500;169;;;;;;;;;;;;;;
1.412757;7695000;347;;;;;;;;;;;;;;
1.415257;7697500;249;;;;;;;;;;;;;;
1.417757;7700000;171;;;;;;;;;;;;;;
1.420257;7702500;159;;;;;;;;;;;;;;
1.422757;7705000;151;;;;;;;;;;;;;;
1.425257;7707500;152;;;;;;;;;;;;;;
1.427757;7710000;155;;;;;;;;;;;;;;
1.430257;7712500;142;;;;;;;;;;;;;;
1.432757;7715000;0;7714313;138.282;-449.509;909.662;493.201;-108.539;47.259;7713882;189.153;126.14;976.909;1669.338;-175.079;-320.139
1.435257;7717500;299;;;;;;;;;;;;;;
1.437757;7720000;198;;;;;;;;;;;;;;
1.440257;7722500;171;;;;;;;;;;;;;;
1.442757;7725000;137;;;;;;;;;;;;;;
1.445257;7727500;154;;;;;;;;;;;;;;
1.447757;7730000;156;;;;;;;;;;;;;;
1.450257;7732500;144;;;;;;;;;;;;;;
1.452757;7735000;172;;;;;;;;;;;;;;
1.455257;7737500;154;;;;;;;;;;;;;;
1.457757;7740000;143;7740173;138.188;-449.659;909.703;489.103;-107.487;46.209;7739743;189.187;126.104;976.931;1666.808;-173.763;-319.007
1.460257;7742500;154;;;;;;;;;;;;;;
1.462757;7745000;142;;;;;;;;;;;;;;
1.465257;7747500;288;;;;;;;;;;;;;;
1.467757;7750000;186;;;;;;;;;;;;;;
1.470257;7752500;185;;;;;;;;;;;;;;
1.472757;7755000;167;;;;;;;;;;;;;;
1.475257;7757500;181;;;;;;;;;;;;;;
1.477757;7760000;152;;;;;;;;;;;;;;
1.480257;7762500;136;;;;;;;;;;;;;;
1.482757;7765000;151;;;;;;;;;;;;;;
1.485257;7767500;151;;;;;;;;;;;;;;
1.487757;7770000;136;7770465;138.245;-449.593;909.748;490.898;-108.676;48.711;7770033;189.195;126.106;976.909;1671.843;-176.012;-322.307
1.490257;7772500;142;;;;;;;;;;;;;;
1.492757;7775000;375;;;;;;;;;;;;;;
1.495257;7777500;237;;;;;;;;;;;;;;
1.497757;7780000;200;;;;;;;;;;;;;;
1.500257;7782500;141;;;;;;;;;;;;;;
1.502757;7785000;127;;;;;;;;;;;;;;
1.505257;7787500;127;;;;;;;;;;;;;;
1.507757;7790000;156;;;;;;;;;;;;;;
1.510257;7792500;143;;;;;;;;;;;;;;
1.512757;7795000;153;;;;;;;;;;;;;;
1.515257;7797500;300;;;;;;;;;;;;;;
1.517757;7800000;203;7800758;138.25;-449.635;909.724;491.728;-108.054;50.65;7800321;189.251;126.2;976.833;1672.251;-176.399;-321.942
1.520257;7802500;173;;;;;;;;;;;;;;
1.522757;7805000;155;;;;;;;;;;;;;;
1.525257;7807500;126;;;;;;;;;;;;;;
1.527757;7810000;137;;;;;;;;;;;;;;
1.530257;7812500;142;;;;;;;;;;;;;;
1.532757;7815000;173;;;;;;;;;;;;;;
1.535257;7817500;153;;;;;;;;;;;;;;
1.537757;7820000;320;;;;;;;;;;;;;;
1.540257;7822500;251;;;;;;;;;;;;;;
1.542757;7825000;170;;;;;;;;;;;;;;
1.545257;7827500;158;;;;;;;;;;;;;;
1.547757;7830000;138;7829580;138.304;-449.65;909.774;490.767;-110.964;49.868;7829149;189.317;126.197;976.919;1670.451;-176.766;-323.345
1.550257;7832500;152;;;;;;;;;;;;;;
1.552757;7835000;153;;;;;;;;;;;;;;
1.555257;7837500;154;;;;;;;;;;;;;;
1.557757;7840000;169;;;;;;;;;;;;;;
1.560257;7842500;154;;;;;;;;;;;;;;
1.562757;7845000;143;;;;;;;;;;;;;;
1.565257;7847500;300;;;;;;;;;;;;;;
1.567757;7850000;219;7850834;138.33;-449.634;909.786;493.791;-113.728;52.625;7850404;189.27;126.244;976.88;1670.491;-177.116;-322.49
1.570257;7852500;170;;;;;;;;;;;;;;
1.572757;7855000;159;;;;;;;;;;;;;;
1.575257;7857500;172;;;;;;;;;;;;;;
1.577757;7860000;152;;;;;;;;;;;;;;
1.580257;7862500;156;;;;;;;;;;;;;;
1.582757;7865000;136;;;;;;;;;;;;;;
1.585257;7867500;153;;;;;;;;;;;;;;
1.587757;7870000;138;;;;;;;;;;;;;;
1.590257;7872500;168;;;;;;;;;;;;;;
1.592757;7875000;172;;;;;;;;;;;;;;
1.595257;7877500;333;;;;;;;;;;;;;;
1.597757;7880000;235;7881127;138.343;-449.576;909.717;496.226;-115.479;50.431;7880695;189.353;126.281;976.829;1667.029;-175.697;-322.99
1.600257;7882500;174;;;;;;;;;;;;;;
1.602757;7885000;153;;;;;;;;;;;;;;
1.605257;7887500;152;;;;;;;;;;;;;;
1.607757;7890000;136;;;;;;;;;;;;;;
1.610257;7892500;144;;;;;;;;;;;;;;
1.612757;7895000;153;;;;;;;;;;;;;;
1.615257;7897500;153;;;;;;;;;;;;;;
1.617757;7900000;169;;;;;;;;;;;;;;
1.620257;7902500;154;;;;;;;;;;;;;;
1.622757;7905000;152;;;;;;;;;;;;;;
1.625257;7907500;345;;;;;;;;;;;;;;
1.627757;7910000;236;7909960;138.404;-449.435;909.585;497.665;-115.393;50.534;7909522;189.279;126.263;976.843;1675.99;-173.037;-321.716
1.630257;7912500;198;;;;;;;;;;;;;;
1.632757;7915000;166;;;;;;;;;;;;;;
1.635257;7917500;175;;;;;;;;;;;;;;
1.637757;7920000;171;;;;;;;;;;;;;;
1.640257;7922500;139;;;;;;;;;;;;;;
1.642757;7925000;153;;;;;;;;;;;;;;
1.645257;7927500;135;;;;;;;;;;;;;;
1.647757;7930000;139;;;;;;;;7930954;189.203;126.257;976.898;1672.253;-172.698;-324.88
1.650257;7932500;152;7931383;138.469;-449.546;909.563;488.969;-116.186;50.633;;;;;;;
1.652757;7935000;0;;;;;;;;;;;;;;
1.655257;7937500;285;;;;;;;;;;;;;;
1.657757;7940000;199;;;;;;;;;;;;;;
1.660257;7942500;170;;;;;;;;;;;;;;
1.662757;7945000;154;;;;;;;;;;;;;;
1.665257;7947500;154;;;;;;;;;;;;;;
1.667757;7950000;138;;;;;;;;;;;;;;
1.670257;7952500;151;;;;;;;;;;;;;;
1.672757;7955000;174;;;;;;;;;;;;;;
1.675257;7957500;360;;;;;;;;;;;;;;
1.677757;7960000;248;;;;;;;;7961157;189.222;126.264;976.878;1668.265;-172.813;-326.573
1.680257;7962500;158;7961594;138.444;-449.498;909.584;484.646;-117.377;49.851;;;;;;;
1.682757;7965000;137;;;;;;;;;;;;;;
1.685257;7967500;127;;;;;;;;;;;;;;
1.687757;7970000;138;;;;;;;;;;;;;;
1.690257;7972500;152;;;;;;;;;;;;;;
1.692757;7975000;155;;;;;;;;;;;;;;
1.695257;7977500;154;;;;;;;;;;;;;;
1.697757;7980000;142;;;;;;;;;;;;;;
1.700257;7982500;137;;;;;;;;;;;;;;
1.702757;7985000;127;;;;;;;;;;;;;;
1.705257;7987500;376;;;;;;;;;;;;;;
1.707757;7990000;231;7990427;138.592;-449.422;909.599;485.789;-116.758;47.796;7989983;189.24;126.221;976.877;1673.227;-173.36;-328.62
1.710257;7992500;200;;;;;;;;;;;;;;
1.712757;7995000;167;;;;;;;;;;;;;;
1.715257;7997500;174;;;;;;;;;;;;;;
1.717757;8000000;144;;;;;;;;;;;;;;
1.720257;8002500;138;;;;;;;;;;;;;;
1.722757;8005000;152;;;;;;;;;;;;;;
1.725257;8007500;135;;;;;;;;;;;;;;
1.727757;8010000;138;;;;;;;;;;;;;;
1.730257;8012500;144;8011845;138.659;-449.448;909.71;487.312;-115.732;46.719;8011415;189.27;126.181;976.894;1677.065;-171.255;-331.001
1.732757;8015000;173;;;;;;;;;;;;;;
1.735257;8017500;303;;;;;;;;;;;;;;
1.737757;8020000;203;;;;;;;;;;;;;;
1.740257;8022500;155;;;;;;;;;;;;;;
1.742757;8025000;154;;;;;;;;;;;;;;
1.745257;8027500;152;;;;;;;;;;;;;;
1.747757;8030000;137;;;;;;;;;;;;;;
1.750257;8032500;169;;;;;;;;;;;;;;
1.752757;8035000;172;;;;;;;;;;;;;;
1.755257;8037500;60;;;;;;;;;;;;;;
1.757757;8040000;268;;;;;;;;;;;;;;
1.760257;8042500;170;8042140;138.534;-449.399;909.725;487.446;-115.633;47.883;8041703;189.384;126.198;976.843;1676.775;-173.192;-329.326
1.762757;8045000;139;;;;;;;;;;;;;;
1.765257;8047500;153;;;;;;;;;;;;;;
1.767757;8050000;138;;;;;;;;;;;;;;
1.770257;8052500;169;;;;;;;;;;;;;;
1.772757;8055000;155;;;;;;;;;;;;;;
1.775257;8057500;153;;;;;;;;;;;;;;
1.777757;8060000;142;;;;;;;;;;;;;;
1.780257;8062500;136;;;;;;;;;;;;;;
1.782757;8065000;152;;;;;;;;;;;;;;
1.785257;8067500;282;;;;;;;;;;;;;;
1.787757;8070000;268;8070968;138.567;-449.493;909.726;488.449;-115.977;46.363;8070530;189.43;126.256;976.813;1681.748;-174.595;-332.547
1.790257;8072500;185;;;;;;;;;;;;;;
1.792757;8075000;168;;;;;;;;;;;;;;
1.795257;8077500;175;;;;;;;;;;;;;;
1.797757;8080000;151;;;;;;;;;;;;;;
1.800257;8082500;155;;;;;;;;;;;;;;
1.802757;8085000;126;;;;;;;;;;;;;;
1.805257;8087500;127;;;;;;;;;;;;;;
1.807757;8090000;155;;;;;;;;;;;;;;
1.810257;8092500;144;8092392;138.416;-449.46;909.685;486.339;-114.99;44.483;8091962;189.42;126.3;976.882;1678.598;-174.615;-329.483
1.812757;8095000;155;;;;;;;;;;;;;;
1.815257;8097500;348;;;;;;;;;;;;;;
1.817757;8100000;216;;;;;;;;;;;;;;
1.820257;8102500;156;;;;;;;;;;;;;;
1.822757;8105000;138;;;;;;;;;;;;;;
1.825257;8107500;152;;;;;;;;;;;;;;
1.827757;8110000;157;;;;;;;;;;;;;;
1.830257;8112500;144;;;;;;;;;;;;;;
1.832757;8115000;154;;;;;;;;;;;;;;
1.835257;8117500;270;8116795;138.431;-449.49;909.743;487.834;-114.491;41.821;8116361;189.471;126.414;976.911;1683.043;-173.322;-327.446
1.837757;8120000;283;;;;;;;;;;;;;;
1.840257;8122500;191;;;;;;;;;;;;;;
1.842757;8125000;139;;;;;;;;;;;;;;
1.845257;8127500;135;;;;;;;;;;;;;;
1.847757;8130000;139;;;;;;;;;;;;;;
1.850257;8132500;169;;;;;;;;;;;;;;
1.852757;8135000;172;;;;;;;;;;;;;;
1.855257;8137500;173;;;;;;;;;;;;;;
1.857757;8140000;142;;;;;;;;;;;;;;
1.860257;8142500;139;8142477;138.457;-449.433;909.762;484.005;-115.329;42.355;8142045;189.416;126.334;976.884;1678.516;-174.281;-327.699
1.862757;8145000;152;;;;;;;;;;;;;;
1.865257;8147500;133;;;;;;;;;;;;;;
1.867757;8150000;280;;;;;;;;;;;;;;
1.870257;8152500;200;;;;;;;;;;;;;;
1.872757;8155000;172;;;;;;;;;;;;;;
1.875257;8157500;184;;;;;;;;;;;;;;
1.877757;8160000;169;;;;;;;;;;;;;;
1.880257;8162500;138;;;;;;;;;;;;;;
1.882757;8165000;136;;;;;;;;;;;;;;
1.885257;8167500;127;;;;;;;;;;;;;;
1.887757;8170000;157;;;;;;;;;;;;;;
1.890257;8172500;169;8172770;138.452;-449.434;909.786;483.867;-113.937;43.3;8172336;189.363;126.391;976.901;1673.34;-175.192;-327.939
1.892757;8175000;156;;;;;;;;;;;;;;
1.895257;8177500;373;;;;;;;;;;;;;;
1.897757;8180000;232;;;;;;;;;;;;;;
1.900257;8182500;185;;;;;;;;;;;;;;
1.902757;8185000;136;;;;;;;;;;;;;;
1.905257;8187500;136;;;;;;;;;;;;;;
1.907757;8190000;156;;;;;;;;;;;;;;
1.910257;8192500;167;;;;;;;;;;;;;;
1.912757;8195000;155;;;;;;;;;;;;;;
1.915257;8197500;174;;;;;;;;;;;;;;
1.917757;8200000;313;;;;;;;;;;;;;;
1.920257;8202500;207;8203059;138.465;-449.349;909.876;482.861;-112.615;42.01;8202626;189.375;126.275;977.014;1674.986;-173.432;-328.167
1.922757;8205000;169;;;;;;;;;;;;;;
1.925257;8207500;155;;;;;;;;;;;;;;
1.927757;8210000;158;;;;;;;;;;;;;;
1.930257;8212500;171;;;;;;;;;;;;;;
1.932757;8215000;157;;;;;;;;;;;;;;
1.935257;8217500;172;;;;;;;;;;;;;;
1.937757;8220000;167;;;;;;;;;;;;;;
1.940257;8222500;0;;;;;;;;;;;;;;
1.942757;8225000;267;;;;;;;;;;;;;;
1.945257;8227500;188;;;;;;;;;;;;;;
1.947757;8230000;172;;;;;;;;;;;;;;
1.950257;8232500;154;8231885;138.404;-449.47;909.851;486.281;-111.797;40.784;8231452;189.294;126.397;976.939;1672.174;-171.76;-326.196
1.952757;8235000;155;;;;;;;;;;;;;;
1.955257;8237500;156;;;;;;;;;;;;;;
1.957757;8240000;171;;;;;;;;;;;;;;
1.960257;8242500;155;;;;;;;;;;;;;;
1.962757;8245000;127;;;;;;;;;;;;;;
1.965257;8247500;135;;;;;;;;;;;;;;
1.967757;8250000;316;;;;;;;;;;;;;;
1.970257;8252500;206;8253316;139.92;-449.957;910.816;576.154;-34.02;13.808;8252884;189.882;110.006;976.721;3250.628;-760.797;733.551
1.972757;8255000;200;;;;;;;;;;;;;;
1.975257;8257500;165;;;;;;;;;;;;;;
1.977757;8260000;153;;;;;;;;;;;;;;
1.980257;8262500;157;;;;;;;;;;;;;;
1.982757;8265000;127;;;;;;;;;;;;;;
1.985257;8267500;153;;;;;;;;;;;;;;
1.987757;8270000;138;;;;;;;;;;;;;;
1.990257;8272500;144;;;;;;;;;;;;;;
1.992757;8275000;156;;;;;;;;;;;;;;
1.995257;8277500;154;;;;;;;;;;;;;;
1.997757;8280000;315;;;;;;;;;;;;;;
2.000257;8282500;200;8283260;135.681;-449.358;909.427;903.909;10.119;-69.57;8282826;189.599;117.92;979.436;6197.847;-2614.07;2414.061
2.002757;8285000;142;;;;;;;;;;;;;;
2.005257;8287500;136;;;;;;;;;;;;;;
2.007757;8290000;156;;;;;;;;;;;;;;
2.010257;8292500;142;;;;;;;;;;;;;;
2.012757;8295000;152;;;;;;;;;;;;;;
2.015257;8297500;170;;;;;;;;;;;;;;
2.017757;8300000;140;;;;;;;;;;;;;;
2.020257;8302500;137;;;;;;;;;;;;;;
2.022757;8305000;126;;;;;;;;;;;;;;
2.025257;8307500;126;;;;;;;;;;;;;;
2.027757;8310000;349;;;;;;;;;;;;;;
2.030257;8312500;248;8312093;136.016;-448.649;907.296;1234.964;-188.575;-101.529;8311652;189.592;124.12;979.307;6913.017;-4469.179;3398.921
2.032757;8315000;202;;;;;;;;;;;;;;
2.035257;8317500;168;;;;;;;;;;;;;;
2.037757;8320000;154;;;;;;;;;;;;;;
2.040257;8322500;157;;;;;;;;;;;;;;
2.042757;8325000;153;;;;;;;;;;;;;;
2.045257;8327500;137;;;;;;;;;;;;;;
2.047757;8330000;140;;;;;;;;;;;;;;
2.050257;8332500;152;;;;;;;;8333431;192.605;131.09;977.861;7052.553;-5608.095;3211.912
2.052757;8335000;154;8333857;135.571;-448.304;906.571;1382.34;-298.146;-105.203;;;;;;;
2.055257;8337500;0;;;;;;;;;;;;;;
2.057757;8340000;267;;;;;;;;;;;;;;
2.060257;8342500;183;;;;;;;;;;;;;;
2.062757;8345000;141;;;;;;;;;;;;;;
2.065257;8347500;155;;;;;;;;;;;;;;
2.067757;8350000;138;;;;;;;;;;;;;;
2.070257;8352500;169;;;;;;;;;;;;;;
2.072757;8355000;153;;;;;;;;;;;;;;
2.075257;8357500;155;;;;;;;;;;;;;;
2.077757;8360000;376;;;;;;;;;;;;;;
2.080257;8362500;216;;;;;;;;;;;;;;
2.082757;8365000;157;8364334;135.051;-447.91;906.23;1716.598;-344.489;32.62;8363895;194.224;136.675;977.878;6940.55;-6078.002;3381.629
2.085257;8367500;156;;;;;;;;;;;;;;
2.087757;8370000;156;;;;;;;;;;;;;;
2.090257;8372500;144;;;;;;;;;;;;;;
2.092757;8375000;173;;;;;;;;;;;;;;
2.095257;8377500;172;;;;;;;;;;;;;;
2.097757;8380000;168;;;;;;;;;;;;;;
2.100257;8382500;154;;;;;;;;;;;;;;
2.102757;8385000;153;;;;;;;;;;;;;;
2.105257;8387500;153;;;;;;;;;;;;;;
2.107757;8390000;347;;;;;;;;;;;;;;
2.110257;8392500;248;8393150;138.504;-446.59;906.291;1325.831;-535.952;572.614;8392722;199.799;142.913;974.044;6099.147;-6595.727;3254.11
2.112757;8395000;202;;;;;;;;;;;;;;
2.115257;8397500;168;;;;;;;;;;;;;;
2.117757;8400000;170;;;;;;;;;;;;;;
2.120257;8402500;155;;;;;;;;;;;;;;
2.122757;8405000;126;;;;;;;;;;;;;;
2.125257;8407500;152;;;;;;;;;;;;;;
2.127757;8410000;138;;;;;;;;;;;;;;
2.130257;8412500;144;;;;;;;;;;;;;;
2.132757;8415000;155;8414853;140.357;-447.081;906.415;988.727;-438.717;657.296;8414413;202.277;145.027;968.366;5763.565;-6288.253;3067.342
2.135257;8417500;0;;;;;;;;;;;;;;
2.137757;8420000;296;;;;;;;;;;;;;;
2.140257;8422500;183;;;;;;;;;;;;;;
2.142757;8425000;159;;;;;;;;;;;;;;
2.145257;8427500;135;;;;;;;;;;;;;;
2.147757;8430000;156;;;;;;;;;;;;;;
2.150257;8432500;170;;;;;;;;;;;;;;
2.152757;8435000;154;;;;;;;;;;;;;;
2.155257;8437500;155;;;;;;;;;;;;;;
2.157757;8440000;410;;;;;;;;;;;;;;
2.160257;8442500;251;;;;;;;;;;;;;;
2.162757;8445000;183;8445310;140.025;-448.151;906.027;1138.353;-425.531;601.243;8444875;203.058;143.284;967.234;5513.012;-5782.215;2782.725
2.165257;8447500;159;;;;;;;;;;;;;;
2.167757;8450000;159;;;;;;;;;;;;;;
2.170257;8452500;152;;;;;;;;;;;;;;
2.172757;8455000;155;;;;;;;;;;;;;;
2.175257;8457500;155;;;;;;;;;;;;;;
2.177757;8460000;144;;;;;;;;;;;;;;
2.180257;8462500;157;;;;;;;;;;;;;;
2.182757;8465000;127;;;;;;;;;;;;;;
2.185257;8467500;135;;;;;;;;;;;;;;
2.187757;8470000;0;;;;;;;;;;;;;;
2.190257;8472500;270;;;;;;;;;;;;;;
2.192757;8475000;203;8474396;140.374;-447.264;906.146;1385.06;-462.004;504.244;8473964;204.8;146.203;966.3;5542.736;-5636.604;2660.651
2.195257;8477500;173;;;;;;;;;;;;;;
2.197757;8480000;153;;;;;;;;;;;;;;
2.200257;8482500;141;;;;;;;;;;;;;;
2.202757;8485000;135;;;;;;;;;;;;;;
2.205257;8487500;153;;;;;;;;;;;;;;
2.207757;8490000;139;;;;;;;;;;;;;;
2.210257;8492500;152;;;;;;;;;;;;;;
2.212757;8495000;157;8496088;141.572;-448.551;901.52;1527.12;-331.717;467.219;8495655;209.212;148.202;965.596;5396.849;-5572.649;2549.056
2.215257;8497500;156;;;;;;;;;;;;;;
2.217757;8500000;362;;;;;;;;;;;;;;
2.220257;8502500;233;;;;;;;;;;;;;;
2.222757;8505000;153;;;;;;;;;;;;;;
2.225257;8507500;139;;;;;;;;;;;;;;
2.227757;8510000;141;;;;;;;;;;;;;;
2.230257;8512500;170;;;;;;;;;;;;;;
2.232757;8515000;157;;;;;;;;;;;;;;
2.235257;8517500;174;;;;;;;;;;;;;;
2.237757;8520000;151;8520746;139.434;-448.626;906.995;2908.951;-251.693;484.546;8520313;211.922;149.942;965.012;5151.507;-5066.517;2280.728
2.240257;8522500;283;;;;;;;;;;;;;;
2.242757;8525000;219;;;;;;;;;;;;;;
2.245257;8527500;152;;;;;;;;;;;;;;
2.247757;8530000;167;;;;;;;;;;;;;;
2.250257;8532500;152;;;;;;;;;;;;;;
2.252757;8535000;173;;;;;;;;;;;;;;
2.255257;8537500;156;;;;;;;;;;;;;;
2.257757;8540000;170;;;;;;;;;;;;;;
2.260257;8542500;136;;;;;;;;;;;;;;
2.262757;8545000;135;;;;;;;;;;;;;;
2.265257;8547500;152;8546867;139.947;-445.544;908.645;3867.316;-493.734;316.381;8546434;213.507;149.405;964.353;4870.307;-4764.191;2086.629
2.267757;8550000;157;;;;;;;;;;;;;;
2.270257;8552500;345;;;;;;;;;;;;;;
2.272757;8555000;248;;;;;;;;;;;;;;
2.275257;8557500;201;;;;;;;;;;;;;;
2.277757;8560000;175;;;;;;;;;;;;;;
2.280257;8562500;139;;;;;;;;;;;;;;
2.282757;8565000;153;;;;;;;;;;;;;;
2.285257;8567500;137;;;;;;;;;;;;;;
2.287757;8570000;139;;;;;;;;;;;;;;
2.290257;8572500;171;;;;;;;;;;;;;;
2.292757;8575000;155;;;;;;;;;;;;;;
2.295257;8577500;155;8577416;140.697;-443.153;909.189;3572.45;-507.984;323.312;8576983;215.849;151.084;964.155;4768.104;-4570.607;1964.36
2.297757;8580000;363;;;;;;;;;;;;;;
2.300257;8582500;256;;;;;;;;;;;;;;
2.302757;8585000;189;;;;;;;;;;;;;;
2.305257;8587500;141;;;;;;;;;;;;;;
2.307757;8590000;156;;;;;;;;;;;;;;
2.310257;8592500;152;;;;;;;;;;;;;;
2.312757;8595000;154;;;;;;;;;;;;;;
2.315257;8597500;174;;;;;;;;;;;;;;
2.317757;8600000;151;;;;;;;;;;;;;;
2.320257;8602500;365;;;;;;;;;;;;;;
2.322757;8605000;237;;;;;;;;;;;;;;
2.325257;8607500;164;8607967;139.085;-447.908;906.765;4152.89;-657.148;88.396;8607533;217.861;151.155;963.704;4608.011;-4379.702;1863.08
2.327757;8610000;168;;;;;;;;;;;;;;
2.330257;8612500;153;;;;;;;;;;;;;;
2.332757;8615000;155;;;;;;;;;;;;;;
2.335257;8617500;172;;;;;;;;;;;;;;
2.337757;8620000;143;;;;;;;;;;;;;;
2.340257;8622500;137;;;;;;;;;;;;;;
2.342757;8625000;126;;;;;;;;;;;;;;
2.345257;8627500;363;;;;;;;;;;;;;;
2.347757;8630000;217;;;;;;;;;;;;;;
2.350257;8632500;199;;;;;;;;;;;;;;
2.352757;8635000;159;;;;;;;;;;;;;;
2.355257;8637500;155;8636974;137.907;-444.819;910.214;6378.183;-1018.915;-237.586;8636533;218.973;152.985;963.544;4454.61;-4122.654;1741.051
2.357757;8640000;169;;;;;;;;;;;;;;
2.360257;8642500;138;;;;;;;;;;;;;;
2.362757;8645000;126;;;;;;;;;;;;;;
2.365257;8647500;134;;;;;;;;;;;;;;
2.367757;8650000;139;;;;;;;;;;;;;;
2.370257;8652500;272;;;;;;;;;;;;;;
2.372757;8655000;280;;;;;;;;;;;;;;
2.375257;8657500;201;;;;;;;;;;;;;;
2.377757;8660000;167;;;;;;;;;;;;;;
2.380257;8662500;139;;;;;;;;;;;;;;
2.382757;8665000;151;;;;;;;;;;;;;;
2.385257;8667500;135;8667510;139.162;-436.742;911.747;6763.211;-1096.157;-306.207;8667084;220.785;153.004;963.301;4412.567;-4235.458;1719.623
2.387757;8670000;157;;;;;;;;;;;;;;
2.390257;8672500;144;;;;;;;;;;;;;;
2.392757;8675000;155;;;;;;;;;;;;;;
2.395257;8677500;153;;;;;;;;;;;;;;
2.397757;8680000;142;;;;;;;;;;;;;;
2.400257;8682500;156;;;;;;;;;;;;;;
2.402757;8685000;283;;;;;;;;;;;;;;
2.405257;8687500;184;;;;;;;;;;;;;;
2.407757;8690000;171;;;;;;;;;;;;;;
2.410257;8692500;172;;;;;;;;;;;;;;
2.412757;8695000;174;;;;;;;;;;;;;;
2.415257;8697500;155;8698247;138.615;-435.572;913.001;6108.738;-355.349;-114.584;8697807;222.263;154.022;964.363;4307.439;-4489.623;1762.704
2.417757;8700000;143;;;;;;;;;;;;;;
2.420257;8702500;155;;;;;;;;;;;;;;
2.422757;8705000;127;;;;;;;;;;;;;;
2.425257;8707500;134;;;;;;;;;;;;;;
2.427757;8710000;139;;;;;;;;;;;;;;
2.430257;8712500;169;;;;;;;;;;;;;;
2.432757;8715000;333;;;;;;;;;;;;;;
2.435257;8717500;238;;;;;;;;;;;;;;
2.437757;8720000;190;;;;;;;;;;;;;;
2.440257;8722500;151;;;;;;;;;;;;;;
2.442757;8725000;152;;;;;;;;;;;;;;
2.445257;8727500;127;;;;;;;;8728443;225.662;154.714;964.292;4295.942;-4572.267;1713.069
2.447757;8730000;136;8728878;136.863;-435.223;912.979;6775.864;-187.957;81.458;;;;;;;
2.450257;8732500;151;;;;;;;;;;;;;;
2.452757;8735000;154;;;;;;;;;;;;;;
2.455257;8737500;173;;;;;;;;;;;;;;
2.457757;8740000;151;;;;;;;;;;;;;;
2.460257;8742500;0;;;;;;;;;;;;;;
2.462757;8745000;280;;;;;;;;;;;;;;
2.465257;8747500;190;;;;;;;;;;;;;;
2.467757;8750000;171;;;;;;;;;;;;;;
2.470257;8752500;153;;;;;;;;;;;;;;
2.472757;8755000;173;;;;;;;;;;;;;;
2.475257;8757500;171;;;;;;;;8758732;227.701;155.415;962.645;4233.395;-4830.153;1691.291
2.477757;8760000;168;8759172;136.522;-431.573;914.611;8201.508;-49.496;361.76;;;;;;;
2.480257;8762500;156;;;;;;;;;;;;;;
2.482757;8765000;152;;;;;;;;;;;;;;
2.485257;8767500;151;;;;;;;;;;;;;;
2.487757;8770000;155;;;;;;;;;;;;;;
2.490257;8772500;167;;;;;;;;;;;;;;
2.492757;8775000;330;;;;;;;;;;;;;;
2.495257;8777500;207;;;;;;;;;;;;;;
2.497757;8780000;185;;;;;;;;;;;;;;
2.500257;8782500;167;;;;;;;;;;;;;;
2.502757;8785000;125;;;;;;;;;;;;;;
2.505257;8787500;151;8787995;137.876;-425.427;916.674;9544.932;187.916;522.172;8787560;230.785;155.544;961.482;4157.35;-4897.521;1399.351
2.507757;8790000;138;;;;;;;;;;;;;;
2.510257;8792500;167;;;;;;;;;;;;;;
2.512757;8795000;172;;;;;;;;;;;;;;
2.515257;8797500;154;;;;;;;;;;;;;;
2.517757;8800000;142;;;;;;;;;;;;;;
2.520257;8802500;137;;;;;;;;;;;;;;
2.522757;8805000;362;;;;;;;;;;;;;;
2.525257;8807500;204;;;;;;;;;;;;;;
2.527757;8810000;158;8809597;137.949;-419.93;918.024;9881.872;582.77;805.813;8809165;232.166;153.879;960.866;4069.357;-4489.895;1101.446
2.530257;8812500;154;;;;;;;;;;;;;;
2.532757;8815000;156;;;;;;;;;;;;;;
2.535257;8817500;172;;;;;;;;;;;;;;
2.537757;8820000;143;;;;;;;;;;;;;;
2.540257;8822500;137;;;;;;;;;;;;;;
2.542757;8825000;126;;;;;;;;;;;;;;
2.545257;8827500;126;;;;;;;;;;;;;;
2.547757;8830000;156;;;;;;;;;;;;;;
2.550257;8832500;152;;;;;;;;;;;;;;
2.552757;8835000;8;;;;;;;;;;;;;;
2.555257;8837500;252;;;;;;;;;;;;;;
2.557757;8840000;184;8839887;137.45;-421.662;920.502;10071.591;390.444;1501.398;8839453;236.936;155.676;960.281;3828.702;-4105.712;687.624
2.560257;8842500;144;;;;;;;;;;;;;;
2.562757;8845000;137;;;;;;;;;;;;;;
2.565257;8847500;154;;;;;;;;;;;;;;
2.567757;8850000;139;;;;;;;;;;;;;;
2.570257;8852500;143;;;;;;;;;;;;;;
2.572757;8855000;171;;;;;;;;;;;;;;
2.575257;8857500;153;;;;;;;;;;;;;;
2.577757;8860000;143;;;;;;;;;;;;;;
2.580257;8862500;138;;;;;;;;;;;;;;
2.582757;8865000;0;;;;;;;;;;;;;;
2.585257;8867500;266;;;;;;;;8868541;240.809;158.043;957.297;3333.642;-4421.052;599.868
2.587757;8870000;201;8868981;138.959;-422.515;922.014;10973.698;-5.328;1605.703;;;;;;;
2.590257;8872500;159;;;;;;;;;;;;;;
2.592757;8875000;157;;;;;;;;;;;;;;
2.595257;8877500;155;;;;;;;;;;;;;;
2.597757;8880000;168;;;;;;;;;;;;;;
2.600257;8882500;156;;;;;;;;;;;;;;
2.602757;8885000;150;;;;;;;;;;;;;;
2.605257;8887500;134;;;;;;;;;;;;;;
2.607757;8890000;157;8890486;138.715;-412.881;926.165;12269.951;-141.124;1787.042;8890059;242.225;159.736;954.993;3416.772;-5249.562;362.062
2.610257;8892500;143;;;;;;;;;;;;;;
2.612757;8895000;360;;;;;;;;;;;;;;
2.615257;8897500;221;;;;;;;;;;;;;;
2.617757;8900000;188;;;;;;;;;;;;;;
2.620257;8902500;158;;;;;;;;;;;;;;
2.622757;8905000;134;;;;;;;;;;;;;;
2.625257;8907500;152;;;;;;;;;;;;;;
2.627757;8910000;155;;;;;;;;;;;;;;
2.630257;8912500;142;;;;;;;;;;;;;;
2.632757;8915000;0;8915244;138.154;-407.085;929.938;12408.516;197.12;1758.94;8914804;242.881;162.558;955.897;3467.308;-5150.271;-20.041
2.635257;8917500;285;;;;;;;;;;;;;;
2.637757;8920000;190;;;;;;;;;;;;;;
2.640257;8922500;154;;;;;;;;;;;;;;
2.642757;8925000;137;;;;;;;;;;;;;;
2.645257;8927500;154;;;;;;;;;;;;;;
2.647757;8930000;139;;;;;;;;;;;;;;
2.650257;8932500;170;;;;;;;;;;;;;;
2.652757;8935000;173;;;;;;;;;;;;;;
2.655257;8937500;172;;;;;;;;;;;;;;
2.657757;8940000;168;;;;;;;;8940925;246.402;166.405;956.335;3087.88;-4671.382;-229.914
2.660257;8942500;137;8941353;138.596;-401.151;931.979;12383.965;1.764;1723.056;;;;;;;
2.662757;8945000;127;;;;;;;;;;;;;;
2.665257;8947500;301;;;;;;;;;;;;;;
2.667757;8950000;190;;;;;;;;;;;;;;
2.670257;8952500;188;;;;;;;;;;;;;;
2.672757;8955000;183;;;;;;;;;;;;;;
2.675257;8957500;173;;;;;;;;;;;;;;
2.677757;8960000;168;;;;;;;;;;;;;;
2.680257;8962500;137;;;;;;;;;;;;;;
2.682757;8965000;150;;;;;;;;;;;;;;
2.685257;8967500;127;;;;;;;;;;;;;;
2.687757;8970000;157;;;;;;;;;;;;;;
2.690257;8972500;170;8971828;138.236;-396.215;931.551;12449.892;-103.762;1657.028;8971388;247.66;165.771;957.251;1887.861;-3450.813;-452.919
2.692757;8975000;21;;;;;;;;;;;;;;
2.695257;8977500;255;;;;;;;;;;;;;;
2.697757;8980000;184;;;;;;;;;;;;;;
2.700257;8982500;142;;;;;;;;;;;;;;
2.702757;8985000;134;;;;;;;;;;;;;;
2.705257;8987500;151;;;;;;;;;;;;;;
2.707757;8990000;138;;;;;;;;;;;;;;
2.710257;8992500;143;;;;;;;;;;;;;;
2.712757;8995000;172;;;;;;;;;;;;;;
2.715257;8997500;334;;;;;;;;;;;;;;
2.717757;9000000;217;;;;;;;;;;;;;;
2.720257;9002500;159;9002540;138.138;-389.489;933.56;12125.771;-128.324;1441.177;9002112;246.52;161.642;956.102;828.781;-2425.147;-805.648
2.722757;9005000;136;;;;;;;;;;;;;;
2.725257;9007500;153;;;;;;;;;;;;;;
2.727757;9010000;140;;;;;;;;;;;;;;
2.730257;9012500;171;;;;;;;;;;;;;;
2.732757;9015000;154;;;;;;;;;;;;;;
2.735257;9017500;153;;;;;;;;;;;;;;
2.737757;9020000;144;;;;;;;;;;;;;;
2.740257;9022500;312;;;;;;;;;;;;;;
2.742757;9025000;185;;;;;;;;;;;;;;
2.745257;9027500;143;;;;;;;;;;;;;;
2.747757;9030000;139;;;;;;;;;;;;;;
2.750257;9032500;169;9031725;137.88;-383.416;935.401;11246.92;-119.72;1245.743;9031285;245.692;159.3;955.023;649.092;-2199.765;-1242.24
2.752757;9035000;153;;;;;;;;;;;;;;
2.755257;9037500;153;;;;;;;;;;;;;;
2.757757;9040000;151;;;;;;;;;;;;;;
2.760257;9042500;136;;;;;;;;;;;;;;
2.762757;9045000;151;;;;;;;;;;;;;;
2.765257;9047500;392;;;;;;;;;;;;;;
2.767757;9050000;236;;;;;;;;;;;;;;
2.770257;9052500;183;9053577;138.184;-378.544;936.882;10242.699;60.391;1043.893;9053151;247.2;158.484;955.92;787.7;-2263.464;-1358.628
2.772757;9055000;168;;;;;;;;;;;;;;
2.775257;9057500;157;;;;;;;;;;;;;;
2.777757;9060000;168;;;;;;;;;;;;;;
2.780257;9062500;136;;;;;;;;;;;;;;
2.782757;9065000;142;;;;;;;;;;;;;;
2.785257;9067500;152;;;;;;;;;;;;;;
2.787757;9070000;140;;;;;;;;;;;;;;
2.790257;9072500;168;;;;;;;;;;;;;;
2.792757;9075000;173;;;;;;;;;;;;;;
2.795257;9077500;319;;;;;;;;;;;;;;
2.797757;9080000;282;;;;;;;;;;;;;;
2.800257;9082500;190;;;;;;;;9083701;247.424;157.996;955.515;870.815;-2144.166;-1330.947
2.802757;9085000;157;9084141;137.668;-374.488;939.594;9460.189;311.559;1020.573;;;;;;;
2.805257;9087500;125;;;;;;;;;;;;;;
2.807757;9090000;137;;;;;;;;;;;;;;
2.810257;9092500;168;;;;;;;;;;;;;;
2.812757;9095000;153;;;;;;;;;;;;;;
2.815257;9097500;171;;;;;;;;;;;;;;
2.817757;9100000;168;;;;;;;;;;;;;;
2.820257;9102500;136;;;;;;;;;;;;;;
2.822757;9105000;144;;;;;;;;;;;;;;
2.825257;9107500;135;;;;;;;;;;;;;;
2.827757;9110000;299;;;;;;;;;;;;;;
2.830257;9112500;205;9113043;136.384;-371.947;941.805;8268.367;157.731;967.795;9112615;247.491;157.862;955.563;973.836;-2242.583;-1347.962
2.832757;9115000;173;;;;;;;;;;;;;;
2.835257;9117500;184;;;;;;;;;;;;;;
2.837757;9120000;152;;;;;;;;;;;;;;
2.840257;9122500;138;;;;;;;;;;;;;;
2.842757;9125000;152;;;;;;;;;;;;;;
2.845257;9127500;127;;;;;;;;;;;;;;
2.847757;9130000;156;;;;;;;;;;;;;;
2.850257;9132500;153;;;;;;;;;;;;;;
2.852757;9135000;156;9134659;136.55;-369.466;941.239;7432.324;-149.406;994.217;9134219;248.377;158.118;956.554;1115.02;-2138.766;-1370.251
2.855257;9137500;254;;;;;;;;;;;;;;
2.857757;9140000;255;;;;;;;;;;;;;;
2.860257;9142500;172;;;;;;;;;;;;;;
2.862757;9145000;122;;;;;;;;;;;;;;
2.865257;9147500;153;;;;;;;;;;;;;;
2.867757;9150000;136;;;;;;;;;;;;;;
2.870257;9152500;168;;;;;;;;;;;;;;
2.872757;9155000;153;;;;;;;;;;;;;;
2.875257;9157500;152;;;;;;;;;;;;;;
2.877757;9160000;384;;;;;;;;;;;;;;
2.880257;9162500;239;;;;;;;;;;;;;;
2.882757;9165000;156;9165284;136.487;-367.481;942.325;6900.145;-177.81;999.632;9164856;249.257;157.868;956.74;960.394;-1894.89;-1376.551
2.885257;9167500;138;;;;;;;;;;;;;;
2.887757;9170000;140;;;;;;;;;;;;;;
2.890257;9172500;170;;;;;;;;;;;;;;
2.892757;9175000;155;;;;;;;;;;;;;;
2.895257;9177500;152;;;;;;;;;;;;;;
2.897757;9180000;141;;;;;;;;;;;;;;
2.900257;9182500;136;;;;;;;;;;;;;;
2.902757;9185000;151;;;;;;;;;;;;;;
2.905257;9187500;126;;;;;;;;;;;;;;
2.907757;9190000;9;;;;;;;;;;;;;;
2.910257;9192500;267;;;;;;;;;;;;;;
2.912757;9195000;200;9194384;136.037;-364.083;945.222;6485.138;-554.795;1367.025;9193944;250.232;157.52;956.568;692.749;-1608.958;-1419.286
2.915257;9197500;169;;;;;;;;;;;;;;
2.917757;9200000;152;;;;;;;;;;;;;;
2.920257;9202500;137;;;;;;;;;;;;;;
2.922757;9205000;124;;;;;;;;;;;;;;
2.925257;9207500;126;;;;;;;;;;;;;;
2.927757;9210000;154;;;;;;;;;;;;;;
2.930257;9212500;141;;;;;;;;;;;;;;
2.932757;9215000;153;9216149;134.353;-362.66;948.463;5777.631;-1327.68;2144.799;9215722;251.055;157.891;956.856;354.486;-1321.573;-1594.197
2.935257;9217500;144;;;;;;;;;;;;;;
2.937757;9220000;330;;;;;;;;;;;;;;
2.940257;9222500;204;;;;;;;;;;;;;;
2.942757;9225000;168;;;;;;;;;;;;;;
2.945257;9227500;136;;;;;;;;;;;;;;
2.947757;9230000;155;;;;;;;;;;;;;;
2.950257;9232500;170;;;;;;;;;;;;;;
2.952757;9235000;152;;;;;;;;;;;;;;
2.955257;9237500;170;;;;;;;;;;;;;;
2.957757;9240000;140;;;;;;;;;;;;;;
2.960257;9242500;267;;;;;;;;;;;;;;
2.962757;9245000;190;;;;;;;;;;;;;;
2.965257;9247500;141;9246884;135.712;-364.467;950.499;5399.062;-3100.109;3686.059;9246444;251.032;157.469;957.771;-175.55;-628.119;-1755.987
2.967757;9250000;155;;;;;;;;;;;;;;
2.970257;9252500;168;;;;;;;;;;;;;;
2.972757;9255000;153;;;;;;;;;;;;;;
2.975257;9257500;174;;;;;;;;;;;;;;
2.977757;9260000;142;;;;;;;;;;;;;;
2.980257;9262500;136;;;;;;;;;;;;;;
2.982757;9265000;152;;;;;;;;;;;;;;
2.985257;9267500;126;;;;;;;;;;;;;;
2.987757;9270000;157;;;;;;;;;;;;;;
2.990257;9272500;318;;;;;;;;;;;;;;
2.992757;9275000;240;9276132;137.509;-362.476;950.572;5228.858;-5336.916;5714.631;9275706;250.363;155.006;957.993;-637.96;577.974;-1774.938
2.995257;9277500;199;;;;;;;;;;;;;;
2.997757;9280000;154;;;;;;;;;;;;;;
3.000257;9282500;156;;;;;;;;;;;;;;
3.002757;9285000;125;;;;;;;;;;;;;;
3.005257;9287500;135;;;;;;;;;;;;;;
3.007757;9290000;157;;;;;;;;;;;;;;
3.010257;9292500;167;;;;;;;;;;;;;;
3.012757;9295000;172;;;;;;;;;;;;;;
3.015257;9297500;155;;;;;;;;;;;;;;
3.017757;9300000;285;;;;;;;;;;;;;;
3.020257;9302500;279;;;;;;;;;;;;;;
3.022757;9305000;188;;;;;;;;;;;;;;
3.025257;9307500;158;9306783;140.009;-360.743;951.038;6081.728;-7091.32;7668.024;9306343;249.734;153.301;959.119;-988.0;1519.451;-1732.128
3.027757;9310000;140;;;;;;;;;;;;;;
3.030257;9312500;170;;;;;;;;;;;;;;
3.032757;9315000;154;;;;;;;;;;;;;;
3.035257;9317500;153;;;;;;;;;;;;;;
3.037757;9320000;143;;;;;;;;;;;;;;
3.040257;9322500;376;;;;;;;;;;;;;;
3.042757;9325000;239;;;;;;;;;;;;;;
3.045257;9327500;156;;;;;;;;;;;;;;
3.047757;9330000;151;;;;;;;;;;;;;;
3.050257;9332500;154;;;;;;;;;;;;;;
3.052757;9335000;156;;;;;;;;;;;;;;
3.055257;9337500;173;9337327;145.252;-352.936;953.622;7346.517;-8553.691;9096.748;9336892;246.153;151.974;959.713;-1097.412;2279.541;-1652.522
3.057757;9340000;142;;;;;;;;;;;;;;
3.060257;9342500;136;;;;;;;;;;;;;;
3.062757;9345000;125;;;;;;;;;;;;;;
3.065257;9347500;126;;;;;;;;;;;;;;
3.067757;9350000;138;;;;;;;;;;;;;;
3.070257;9352500;286;;;;;;;;;;;;;;
3.072757;9355000;280;;;;;;;;;;;;;;
3.075257;9357500;200;;;;;;;;;;;;;;
3.077757;9360000;156;;;;;;;;;;;;;;
3.080257;9362500;156;;;;;;;;;;;;;;
3.082757;9365000;126;;;;;;;;;;;;;;
3.085257;9367500;152;9368142;148.06;-351.283;954.406;7604.378;-9173.382;9738.723;9367702;243.904;150.786;960.588;-1142.292;2618.376;-1574.708
3.087757;9370000;139;;;;;;;;;;;;;;
3.090257;9372500;149;;;;;;;;;;;;;;
3.092757;9375000;155;;;;;;;;;;;;;;
3.095257;9377500;153;;;;;;;;;;;;;;
3.097757;9380000;144;;;;;;;;;;;;;;
3.100257;9382500;368;;;;;;;;;;;;;;
3.102757;9385000;219;;;;;;;;;;;;;;
3.105257;9387500;175;;;;;;;;;;;;;;
3.107757;9390000;169;;;;;;;;;;;;;;
3.110257;9392500;172;;;;;;;;;;;;;;
3.112757;9395000;157;;;;;;;;;;;;;;
3.115257;9397500;155;;;;;;;;9398512;241.713;148.865;960.731;-1202.865;2769.207;-1490.723
3.117757;9400000;169;9398947;150.838;-349.384;956.175;7028.597;-9958.963;9848.536;;;;;;;
3.120257;9402500;136;;;;;;;;;;;;;;
3.122757;9405000;151;;;;;;;;;;;;;;
3.125257;9407500;128;;;;;;;;;;;;;;
3.127757;9410000;156;;;;;;;;;;;;;;
3.130257;9412500;0;;;;;;;;;;;;;;
3.132757;9415000;296;;;;;;;;;;;;;;
3.135257;9417500;218;;;;;;;;;;;;;;
3.137757;9420000;183;;;;;;;;;;;;;;
3.140257;9422500;156;;;;;;;;;;;;;;
3.142757;9425000;126;;;;;;;;;;;;;;
3.145257;9427500;153;9428213;154.593;-349.098;955.824;6783.479;-10481.702;9568.297;9427773;239.058;147.455;961.006;-1124.346;2669.247;-1404.812
3.147757;9430000;155;;;;;;;;;;;;;;
3.150257;9432500;168;;;;;;;;;;;;;;
3.152757;9435000;173;;;;;;;;;;;;;;
3.155257;9437500;155;;;;;;;;;;;;;;
3.157757;9440000;169;;;;;;;;;;;;;;
3.160257;9442500;137;;;;;;;;;;;;;;
3.162757;9445000;278;;;;;;;;;;;;;;
3.165257;9447500;199;;;;;;;;;;;;;;
3.167757;9450000;152;9450240;159.295;-350.382;955.906;7774.743;-10731.555;9762.319;9449813;237.804;145.865;961.402;-1024.817;2487.659;-1398.446
3.170257;9452500;152;;;;;;;;;;;;;;
3.172757;9455000;173;;;;;;;;;;;;;;
3.175257;9457500;154;;;;;;;;;;;;;;
3.177757;9460000;167;;;;;;;;;;;;;;
3.180257;9462500;135;;;;;;;;;;;;;;
3.182757;9465000;142;;;;;;;;;;;;;;
3.185257;9467500;151;;;;;;;;;;;;;;
3.187757;9470000;155;;;;;;;;;;;;;;
3.190257;9472500;168;;;;;;;;;;;;;;
3.192757;9475000;346;;;;;;;;;;;;;;
3.195257;9477500;232;;;;;;;;;;;;;;
3.197757;9480000;188;9481149;163.427;-348.955;957.941;9189.381;-10353.352;11015.453;9480709;235.967;145.416;962.492;-960.888;2209.714;-1483.399
3.200257;9482500;140;;;;;;;;;;;;;;
3.202757;9485000;152;;;;;;;;;;;;;;
3.205257;9487500;126;;;;;;;;;;;;;;
3.207757;9490000;154;;;;;;;;;;;;;;
3.210257;9492500;142;;;;;;;;;;;;;;
3.212757;9495000;169;;;;;;;;;;;;;;
3.215257;9497500;152;;;;;;;;;;;;;;
3.217757;9500000;141;;;;;;;;;;;;;;
3.220257;9502500;153;;;;;;;;;;;;;;
3.222757;9505000;20;;;;;;;;;;;;;;
3.225257;9507500;234;;;;;;;;;;;;;;
3.227757;9510000;171;9510579;168.511;-344.744;959.436;11537.35;-9403.871;12859.118;9510144;234.929;144.959;962.996;-857.719;1935.603;-1506.791
3.230257;9512500;159;;;;;;;;;;;;;;
3.232757;9515000;176;;;;;;;;;;;;;;
3.235257;9517500;174;;;;;;;;;;;;;;
3.237757;9520000;151;;;;;;;;;;;;;;
3.240257;9522500;136;;;;;;;;;;;;;;
3.242757;9525000;125;;;;;;;;;;;;;;
3.245257;9527500;153;;;;;;;;;;;;;;
3.247757;9530000;138;;;;;;;;;;;;;;
3.250257;9532500;151;9532615;171.7;-341.818;962.46;14112.67;-8335.178;14859.1;9532183;234.815;143.585;962.762;-730.833;1667.76;-1611.702
3.252757;9535000;359;;;;;;;;;;;;;;
3.255257;9537500;235;;;;;;;;;;;;;;
3.257757;9540000;191;;;;;;;;;;;;;;
3.260257;9542500;143;;;;;;;;;;;;;;
3.262757;9545000;127;;;;;;;;;;;;;;
3.265257;9547500;126;;;;;;;;;;;;;;
3.267757;9550000;136;;;;;;;;;;;;;;
3.270257;9552500;167;;;;;;;;;;;;;;
3.272757;9555000;154;;;;;;;;;;;;;;
3.275257;9557500;315;;;;;;;;;;;;;;
3.277757;9560000;205;;;;;;;;;;;;;;
3.280257;9562500;154;9563514;174.022;-336.244;967.358;16949.035;-7144.044;17522.52;9563080;232.761;144.934;964.046;-689.041;1951.435;-1620.804
3.282757;9565000;154;;;;;;;;;;;;;;
3.285257;9567500;153;;;;;;;;;;;;;;
3.287757;9570000;138;;;;;;;;;;;;;;
3.290257;9572500;143;;;;;;;;;;;;;;
3.292757;9575000;156;;;;;;;;;;;;;;
3.295257;9577500;157;;;;;;;;;;;;;;
3.297757;9580000;144;;;;;;;;;;;;;;
3.300257;9582500;156;;;;;;;;;;;;;;
3.302757;9585000;143;;;;;;;;;;;;;;
3.305257;9587500;394;;;;;;;;;;;;;;
3.307757;9590000;233;;;;;;;;;;;;;;
3.310257;9592500;201;9592948;173.549;-330.899;970.236;21579.082;-6266.217;20891.455;9592515;233.659;142.524;964.534;-746.902;2276.926;-1626.389
3.312757;9595000;168;;;;;;;;;;;;;;
3.315257;9597500;156;;;;;;;;;;;;;;
3.317757;9600000;169;;;;;;;;;;;;;;
3.320257;9602500;136;;;;;;;;;;;;;;
3.322757;9605000;143;;;;;;;;;;;;;;
3.325257;9607500;126;;;;;;;;;;;;;;
3.327757;9610000;139;;;;;;;;;;;;;;
3.330257;9612500;168;;;;;;;;;;;;;;
3.332757;9615000;155;9614987;174.882;-319.698;973.66;25907.627;-5268.656;24337.383;9614553;233.023;139.79;964.479;-715.244;2849.079;-1574.819
3.335257;9617500;361;;;;;;;;;;;;;;
3.337757;9620000;216;;;;;;;;;;;;;;
3.340257;9622500;153;;;;;;;;;;;;;;
3.342757;9625000;153;;;;;;;;;;;;;;
3.345257;9627500;125;;;;;;;;;;;;;;
3.347757;9630000;157;;;;;;;;;;;;;;
3.350257;9632500;142;;;;;;;;;;;;;;
3.352757;9635000;173;;;;;;;;;;;;;;
3.355257;9637500;171;;;;;;;;;;;;;;
3.357757;9640000;302;;;;;;;;;;;;;;
3.360257;9642500;207;;;;;;;;;;;;;;
3.362757;9645000;142;9645890;173.116;-306.873;974.35;29065.559;-4080.786;27605.326;9645449;235.487;136.698;963.365;-812.044;3446.0;-1506.578
3.365257;9647500;136;;;;;;;;;;;;;;
3.367757;9650000;156;;;;;;;;;;;;;;
3.370257;9652500;143;;;;;;;;;;;;;;
3.372757;9655000;173;;;;;;;;;;;;;;
3.375257;9657500;171;;;;;;;;;;;;;;
3.377757;9660000;141;;;;;;;;;;;;;;
3.380257;9662500;155;;;;;;;;;;;;;;
3.382757;9665000;128;;;;;;;;;;;;;;
3.385257;9667500;155;;;;;;;;;;;;;;
3.387757;9670000;382;;;;;;;;;;;;;;
3.390257;9672500;263;;;;;;;;;;;;;;
3.392757;9675000;189;9675311;171.622;-293.701;974.903;29444.094;-3112.434;30380.871;9674885;230.612;134.75;965.242;-781.505;4003.013;-1696.374
3.395257;9677500;167;;;;;;;;;;;;;;
3.397757;9680000;152;;;;;;;;;;;;;;
3.400257;9682500;156;;;;;;;;;;;;;;
3.402757;9685000;151;;;;;;;;;;;;;;
3.405257;9687500;134;;;;;;;;;;;;;;
3.407757;9690000;136;;;;;;;;;;;;;;
3.410257;9692500;168;;;;;;;;;;;;;;
3.412757;9695000;174;;;;;;;;;;;;;;
3.415257;9697500;173;;;;;;;;;;;;;;
3.417757;9700000;329;;;;;;;;;;;;;;
3.420257;9702500;202;;;;;;;;;;;;;;
3.422757;9705000;152;9706222;166.475;-280.138;972.072;27696.701;-3080.625;32937.141;9705782;228.268;133.234;966.597;-698.242;4004.112;-1937.493
3.425257;9707500;138;;;;;;;;;;;;;;
3.427757;9710000;138;;;;;;;;;;;;;;
3.430257;9712500;151;;;;;;;;;;;;;;
3.432757;9715000;154;;;;;;;;;;;;;;
3.435257;9717500;171;;;;;;;;;;;;;;
3.437757;9720000;140;;;;;;;;;;;;;;
3.440257;9722500;302;;;;;;;;;;;;;;
3.442757;9725000;174;;;;;;;;;;;;;;
3.445257;9727500;142;;;;;;;;;;;;;;
3.447757;9730000;140;;;;;;;;;;;;;;
3.450257;9732500;169;;;;;;;;;;;;;;
3.452757;9735000;172;;;;;;;;;;;;;;
3.455257;9737500;154;9737113;161.72;-269.633;971.268;25538.803;-4035.656;34880.844;9736678;224.504;132.532;967.775;-569.267;3990.281;-2079.056
3.457757;9740000;141;;;;;;;;;;;;;;
3.460257;9742500;153;;;;;;;;;;;;;;
3.462757;9745000;150;;;;;;;;;;;;;;
3.465257;9747500;151;;;;;;;;;;;;;;
3.467757;9750000;138;;;;;;;;;;;;;;
3.470257;9752500;381;;;;;;;;;;;;;;
3.472757;9755000;255;;;;;;;;;;;;;;
3.475257;9757500;202;;;;;;;;;;;;;;
3.477757;9760000;173;;;;;;;;;;;;;;
3.480257;9762500;156;;;;;;;;;;;;;;
3.482757;9765000;142;;;;;;;;;;;;;;
3.485257;9767500;126;9767841;160.435;-262.696;974.054;24998.611;-4536.936;36198.426;9767401;220.153;131.822;969.144;-467.304;3755.767;-2080.978
3.487757;9770000;157;;;;;;;;;;;;;;
3.490257;9772500;142;;;;;;;;;;;;;;
3.492757;9775000;155;;;;;;;;;;;;;;
3.495257;9777500;174;;;;;;;;;;;;;;
3.497757;9780000;170;;;;;;;;;;;;;;
3.500257;9782500;331;;;;;;;;;;;;;;
3.502757;9785000;207;;;;;;;;;;;;;;
3.505257;9787500;168;;;;;;;;;;;;;;
3.507757;9790000;158;;;;;;;;;;;;;;
3.510257;9792500;143;;;;;;;;;;;;;;
3.512757;9795000;156;;;;;;;;;;;;;;
3.515257;9797500;153;9798734;158.514;-255.186;975.213;24471.43;-3712.026;37590.566;9798298;219.558;131.282;969.743;-497.314;3532.542;-2016.742
3.517757;9800000;141;;;;;;;;;;;;;;
3.520257;9802500;152;;;;;;;;;;;;;;
3.522757;9805000;150;;;;;;;;;;;;;;
3.525257;9807500;144;;;;;;;;;;;;;;
3.527757;9810000;137;;;;;;;;;;;;;;
3.530257;9812500;407;;;;;;;;;;;;;;
3.532757;9815000;267;;;;;;;;;;;;;;
3.535257;9817500;186;;;;;;;;;;;;;;
3.537757;9820000;154;;;;;;;;;;;;;;
3.540257;9822500;156;;;;;;;;;;;;;;
3.542757;9825000;124;;;;;;;;;;;;;;
3.545257;9827500;144;9828173;155.486;-247.672;975.21;23624.107;-2983.05;39262.227;9827733;217.169;130.33;970.043;-570.886;3477.102;-2046.28
3.547757;9830000;136;;;;;;;;;;;;;;
3.550257;9832500;150;;;;;;;;;;;;;;
3.552757;9835000;154;;;;;;;;;;;;;;
3.555257;9837500;170;;;;;;;;;;;;;;
3.557757;9840000;142;;;;;;;;;;;;;;
3.560257;9842500;3;;;;;;;;;;;;;;
3.562757;9845000;282;;;;;;;;;;;;;;
3.565257;9847500;190;;;;;;;;;;;;;;
3.567757;9850000;152;9850200;154.031;-241.401;976.811;23709.027;-2490.897;40902.801;9849773;216.327;129.151;969.902;-623.716;3241.122;-2155.278
3.570257;9852500;151;;;;;;;;;;;;;;
3.572757;9855000;155;;;;;;;;;;;;;;
3.575257;9857500;172;;;;;;;;;;;;;;
3.577757;9860000;142;;;;;;;;;;;;;;
3.580257;9862500;128;;;;;;;;;;;;;;
3.582757;9865000;125;;;;;;;;;;;;;;
3.585257;9867500;125;;;;;;;;;;;;;;
3.587757;9870000;157;;;;;;;;;;;;;;
3.590257;9872500;170;;;;;;;;;;;;;;
3.592757;9875000;330;;;;;;;;;;;;;;
3.595257;9877500;220;;;;;;;;;;;;;;
3.597757;9880000;170;9881108;151.942;-232.125;979.686;24377.264;-2179.978;42753.598;9880669;214.728;127.592;970.609;-649.405;3338.503;-2278.952
3.600257;9882500;159;;;;;;;;;;;;;;
3.602757;9885000;136;;;;;;;;;;;;;;
3.605257;9887500;135;;;;;;;;;;;;;;
3.607757;9890000;140;;;;;;;;;;;;;;
3.610257;9892500;142;;;;;;;;;;;;;;
3.612757;9895000;173;;;;;;;;;;;;;;
3.615257;9897500;154;;;;;;;;;;;;;;
3.617757;9900000;140;;;;;;;;;;;;;;
3.620257;9902500;136;;;;;;;;;;;;;;
3.622757;9905000;377;;;;;;;;;;;;;;
3.625257;9907500;247;;;;;;;;;;;;;;
3.627757;9910000;168;9910539;148.206;-220.964;981.332;25142.463;-1764.729;44665.418;9910104;212.117;126.446;971.428;-763.935;3477.39;-2283.129
3.630257;9912500;156;;;;;;;;;;;;;;
3.632757;9915000;156;;;;;;;;;;;;;;
3.635257;9917500;152;;;;;;;;;;;;;;
3.637757;9920000;168;;;;;;;;;;;;;;
3.640257;9922500;138;;;;;;;;;;;;;;
3.642757;9925000;144;;;;;;;;;;;;;;
3.645257;9927500;128;;;;;;;;;;;;;;
3.647757;9930000;158;;;;;;;;;;;;;;
3.650257;9932500;152;9933184;144.627;-209.495;979.613;24765.152;-1605.18;46524.961;9932752;208.995;125.278;971.778;-824.176;3282.083;-2242.91
3.652757;9935000;366;;;;;;;;;;;;;;
3.655257;9937500;251;;;;;;;;;;;;;;
3.657757;9940000;190;;;;;;;;;;;;;;
3.660257;9942500;166;;;;;;;;;;;;;;
3.662757;9945000;128;;;;;;;;;;;;;;
3.665257;9947500;153;;;;;;;;;;;;;;
3.667757;9950000;139;;;;;;;;;;;;;;
3.670257;9952500;143;;;;;;;;;;;;;;
3.672757;9955000;173;;;;;;;;;;;;;;
3.675257;9957500;316;;;;;;;;;;;;;;
3.677757;9960000;232;;;;;;;;;;;;;;
3.680257;9962500;173;;;;;;;;;;;;;;
3.682757;9965000;153;9965211;140.159;-200.887;977.401;22930.145;-2546.483;48139.711;9964777;204.896;124.889;973.039;-954.905;2816.979;-2141.702
3.685257;9967500;151;;;;;;;;;;;;;;
3.687757;9970000;138;;;;;;;;;;;;;;
3.690257;9972500;149;;;;;;;;;;;;;;
3.692757;9975000;153;;;;;;;;;;;;;;
3.695257;9977500;155;;;;;;;;;;;;;;
3.697757;9980000;167;;;;;;;;;;;;;;
3.700257;9982500;137;;;;;;;;;;;;;;
3.702757;9985000;144;;;;;;;;;;;;;;
3.705257;9987500;393;;;;;;;;;;;;;;
3.707757;9990000;249;;;;;;;;;;;;;;
3.710257;9992500;202;;;;;;;;;;;;;;
3.712757;9995000;169;9995687;138.409;-194.807;980.204;20938.824;-4277.221;49650.977;9995254;203.844;123.902;973.187;-1134.222;2054.442;-1949.305
3.715257;9997500;157;;;;;;;;;;;;;;
3.717757;10000000;171;;;;;;;;;;;;;;
3.720257;10002500;139;;;;;;;;;;;;;;
3.722757;10005000;153;;;;;;;;;;;;;;
3.725257;10007500;127;;;;;;;;;;;;;;
3.727757;10010000;156;;;;;;;;;;;;;;
3.730257;10012500;168;;;;;;;;;;;;;;
3.732757;10015000;155;;;;;;;;;;;;;;
3.735257;10017500;336;;;;;;;;;;;;;;
3.737757;10020000;218;10019990;138.997;-189.343;986.1;20152.633;-5854.923;50819.801;10019557;201.826;123.234;973.797;-995.698;1193.533;-1789.277
3.740257;10022500;156;;;;;;;;;;;;;;
3.742757;10025000;155;;;;;;;;;;;;;;
3.745257;10027500;128;;;;;;;;;;;;;;
3.747757;10030000;138;;;;;;;;;;;;;;
3.750257;10032500;143;;;;;;;;;;;;;;
3.752757;10035000;174;;;;;;;;;;;;;;
3.755257;10037500;153;;;;;;;;;;;;;;
3.757757;10040000;336;;;;;;;;;;;;;;
3.760257;10042500;205;;;;;;;;;;;;;;
3.762757;10045000;153;;;;;;;;;;;;;;
3.765257;10047500;155;;;;;;;;;;;;;;
3.767757;10050000;155;10050618;137.623;-187.733;990.048;19397.875;-6739.052;51284.434;10050185;198.572;120.079;974.688;-985.726;-21.144;-1570.751
3.770257;10052500;169;;;;;;;;;;;;;;
3.772757;10055000;156;;;;;;;;;;;;;;
3.775257;10057500;152;;;;;;;;;;;;;;
3.777757;10060000;158;;;;;;;;;;;;;;
3.780257;10062500;135;;;;;;;;;;;;;;
3.782757;10065000;124;;;;;;;;;;;;;;
3.785257;10067500;126;;;;;;;;;;;;;;
3.787757;10070000;138;;;;;;;;;;;;;;
3.790257;10072500;319;;;;;;;;;;;;;;
3.792757;10075000;220;;;;;;;;;;;;;;
3.795257;10077500;176;;;;;;;;;;;;;;
3.797757;10080000;154;10081182;137.153;-183.318;991.084;18616.98;-6879.849;51901.711;10080749;199.172;118.693;975.034;-1120.627;-1147.087;-1320.713
3.800257;10082500;139;;;;;;;;;;;;;;
3.802757;10085000;142;;;;;;;;;;;;;;
3.805257;10087500;151;;;;;;;;;;;;;;
3.807757;10090000;136;;;;;;;;;;;;;;
3.810257;10092500;143;;;;;;;;;;;;;;
3.812757;10095000;154;;;;;;;;;;;;;;
3.815257;10097500;154;;;;;;;;;;;;;;
3.817757;10100000;168;;;;;;;;;;;;;;
3.820257;10102500;360;;;;;;;;;;;;;;
3.822757;10105000;220;;;;;;;;;;;;;;
3.825257;10107500;172;;;;;;;;;;;;;;
3.827757;10110000;152;;;;;;;;;;;;;;
3.830257;10112500;152;10113554;137.505;-178.513;989.244;17358.881;-7525.044;51800.375;10113121;201.261;117.26;974.753;-1395.346;-2416.67;-1087.99
3.832757;10115000;155;;;;;;;;;;;;;;
3.835257;10117500;171;;;;;;;;;;;;;;
3.837757;10120000;160;;;;;;;;;;;;;;
3.840257;10122500;134;;;;;;;;;;;;;;
3.842757;10125000;126;;;;;;;;;;;;;;
3.845257;10127500;287;;;;;;;;;;;;;;
3.847757;10130000;216;;;;;;;;;;;;;;
3.850257;10132500;186;;;;;;;;;;;;;;
3.852757;10135000;183;;;;;;;;;;;;;;
3.855257;10137500;174;;;;;;;;;;;;;;
3.857757;10140000;167;;;;;;;;;;;;;;
3.860257;10142500;154;;;;;;;;;;;;;;
3.862757;10145000;149;10145926;140.781;-176.804;991.791;15941.875;-7899.542;51648.543;10145493;204.075;115.978;974.254;-1460.766;-2972.649;-978.903
3.865257;10147500;125;;;;;;;;;;;;;;
3.867757;10150000;136;;;;;;;;;;;;;;
3.870257;10152500;167;;;;;;;;;;;;;;
3.872757;10155000;155;;;;;;;;;;;;;;
3.875257;10157500;365;;;;;;;;;;;;;;
3.877757;10160000;218;;;;;;;;;;;;;;
3.880257;10162500;155;;;;;;;;;;;;;;
3.882757;10165000;152;;;;;;;;;;;;;;
3.885257;10167500;153;;;;;;;;;;;;;;
3.887757;10170000;155;;;;;;;;;;;;;;
3.890257;10172500;152;;;;;;;;;;;;;;
3.892757;10175000;173;;;;;;;;;;;;;;
3.895257;10177500;170;10178212;143.776;-173.136;989.549;15573.969;-7910.127;51108.363;10177779;208.176;113.004;972.853;-1468.228;-3170.954;-932.145
3.897757;10180000;142;;;;;;;;;;;;;;
3.900257;10182500;154;;;;;;;;;;;;;;
3.902757;10185000;124;;;;;;;;;;;;;;
3.905257;10187500;398;;;;;;;;;;;;;;
3.907757;10190000;234;;;;;;;;;;;;;;
3.910257;10192500;176;;;;;;;;;;;;;;
3.912757;10195000;168;;;;;;;;;;;;;;
3.915257;10197500;156;;;;;;;;;;;;;;
3.917757;10200000;168;;;;;;;;;;;;;;
3.920257;10202500;137;;;;;;;;;;;;;;
3.922757;10205000;142;;;;;;;;;;;;;;
3.925257;10207500;125;;;;;;;;;;;;;;
3.927757;10210000;137;10210499;145.542;-168.213;988.433;14979.458;-8188.808;50368.57;10210065;208.515;111.874;973.297;-1191.816;-2878.531;-1077.6
3.930257;10212500;169;;;;;;;;;;;;;;
3.932757;10215000;154;;;;;;;;;;;;;;
3.935257;10217500;153;;;;;;;;;;;;;;
3.937757;10220000;365;;;;;;;;;;;;;;
3.940257;10222500;219;;;;;;;;;;;;;;
3.942757;10225000;173;;;;;;;;;;;;;;
3.945257;10227500;156;;;;;;;;;;;;;;
3.947757;10230000;139;;;;;;;;;;;;;;
3.950257;10232500;140;;;;;;;;;;;;;;
3.952757;10235000;154;;;;;;;;;;;;;;
3.955257;10237500;173;;;;;;;;;;;;;;
3.957757;10240000;168;;;;;;;;10240888;210.137;110.465;973.42;-1130.475;-2704.854;-1136.158
3.960257;10242500;136;10241328;148.855;-165.835;990.849;14460.173;-8091.743;49793.516;;;;;;;
3.962757;10245000;126;;;;;;;;;;;;;;
3.965257;10247500;135;;;;;;;;;;;;;;
3.967757;10250000;138;;;;;;;;;;;;;;
3.970257;10252500;390;;;;;;;;;;;;;;
3.972757;10255000;238;;;;;;;;;;;;;;
3.975257;10257500;185;;;;;;;;;;;;;;
3.977757;10260000;156;;;;;;;;;;;;;;
3.980257;10262500;138;;;;;;;;;;;;;;
3.982757;10265000;154;;;;;;;;;;;;;;
3.985257;10267500;135;;;;;;;;;;;;;;
3.987757;10270000;140;;;;;;;;;;;;;;
3.990257;10272500;169;10273687;149.879;-163.869;991.009;13732.352;-7929.53;49115.09;10273261;211.312;109.535;973.11;-1107.202;-2723.174;-1190.475
3.992757;10275000;157;;;;;;;;;;;;;;
3.995257;10277500;156;;;;;;;;;;;;;;
3.997757;10280000;143;;;;;;;;;;;;;;
4.000257;10282500;155;;;;;;;;;;;;;;
4.002757;10285000;359;;;;;;;;;;;;;;
4.005257;10287500;205;;;;;;;;;;;;;;
4.007757;10290000;158;;;;;;;;;;;;;;
4.010257;10292500;154;;;;;;;;;;;;;;
4.012757;10295000;157;;;;;;;;;;;;;;
4.015257;10297500;173;;;;;;;;;;;;;;
4.017757;10300000;142;;;;;;;;;;;;;;
4.020257;10302500;136;;;;;;;;;;;;;;
4.022757;10305000;126;10306074;151.925;-161.318;993.046;12875.983;-7509.429;48263.648;10305634;212.983;109.499;973.645;-1168.217;-2685.891;-1140.576
4.025257;10307500;133;;;;;;;;;;;;;;
4.027757;10310000;159;;;;;;;;;;;;;;
4.030257;10312500;150;;;;;;;;;;;;;;
4.032757;10315000;172;;;;;;;;;;;;;;
4.035257;10317500;331;;;;;;;;;;;;;;
4.037757;10320000;216;;;;;;;;;;;;;;
4.040257;10322500;175;;;;;;;;;;;;;;
4.042757;10325000;138;;;;;;;;;;;;;;
4.045257;10327500;155;;;;;;;;;;;;;;
4.047757;10330000;139;;;;;;;;;;;;;;
4.050257;10332500;152;;;;;;;;;;;;;;
4.052757;10335000;174;;;;;;;;;;;;;;
4.055257;10337500;154;;;;;;;;;;;;;;
4.057757;10340000;168;;;;;;;;;;;;;;
4.060257;10342500;137;;;;;;;;;;;;;;
4.062757;10345000;151;;;;;;;;;;;;;;
4.065257;10347500;409;10347820;153.729;-156.479;992.896;11891.371;-6931.395;47960.09;10347385;212.466;107.812;974.366;-1247.618;-2650.908;-996.047
4.067757;10350000;261;;;;;;;;;;;;;;
4.070257;10352500;204;;;;;;;;;;;;;;
4.072757;10355000;168;;;;;;;;;;;;;;
4.075257;10357500;176;;;;;;;;;;;;;;
4.077757;10360000;151;;;;;;;;;;;;;;
4.080257;10362500;136;;;;;;;;;;;;;;
4.082757;10365000;152;;;;;;;;;;;;;;
4.085257;10367500;134;;;;;;;;;;;;;;
4.087757;10370000;155;;;;;;;;;;;;;;
4.090257;10372500;151;;;;;;;;;;;;;;
4.092757;10375000;156;;;;;;;;;;;;;;
4.095257;10377500;154;;;;;;;;;;;;;;
4.097757;10380000;377;10380111;151.825;-153.889;990.581;10575.803;-7236.262;47847.148;10379678;212.786;106.777;974.924;-1634.987;-3236.301;-749.807
4.100257;10382500;240;;;;;;;;;;;;;;
4.102757;10385000;155;;;;;;;;;;;;;;
4.105257;10387500;137;;;;;;;;;;;;;;
4.107757;10390000;139;;;;;;;;;;;;;;
4.110257;10392500;143;;;;;;;;;;;;;;
4.112757;10395000;153;;;;;;;;;;;;;;
4.115257;10397500;152;;;;;;;;;;;;;;
4.117757;10400000;141;;;;;;;;;;;;;;
4.120257;10402500;154;;;;;;;;;;;;;;
4.122757;10405000;134;;;;;;;;;;;;;;
4.125257;10407500;151;;;;;;;;;;;;;;
4.127757;10410000;139;;;;;;;;;;;;;;
4.130257;10412500;376;10412391;149.26;-154.338;988.455;9246.388;-8026.824;47458.539;10411957;215.725;103.421;972.855;-2298.3;-4287.673;-355.755
4.132757;10415000;266;;;;;;;;;;;;;;
4.135257;10417500;184;;;;;;;;;;;;;;
4.137757;10420000;154;;;;;;;;;;;;;;
4.140257;10422500;135;;;;;;;;;;;;;;
4.142757;10425000;125;;;;;;;;;;;;;;
4.145257;10427500;144;;;;;;;;;;;;;;
4.147757;10430000;156;;;;;;;;;;;;;;
4.150257;10432500;139;;;;;;;;;;;;;;
4.152757;10435000;140;;;;;;;;;;;;;;
4.155257;10437500;138;;;;;;;;;;;;;;
4.157757;10440000;143;;;;;;;;;;;;;;
4.160257;10442500;142;;;;;;;;;;;;;;
4.162757;10445000;137;10444596;150.862;-159.041;988.186;7341.631;-9336.982;46327.676;10444155;218.78;101.159;973.421;-3050.073;-5188.477;-57.092
4.165257;10447500;120;;;;;;;;;;;;;;
4.167757;10450000;144;;;;;;;;;;;;;;
4.170257;10452500;139;;;;;;;;;;;;;;
4.172757;10455000;320;;;;;;;;;;;;;;
4.175257;10457500;234;;;;;;;;;;;;;;
4.177757;10460000;158;;;;;;;;;;;;;;
4.180257;10462500;154;;;;;;;;;;;;;;
4.182757;10465000;124;;;;;;;;;;;;;;
4.185257;10467500;121;;;;;;;;;;;;;;
4.187757;10470000;152;;;;;;;;;;;;;;
4.190257;10472500;139;;;;;;;;;;;;;;
4.192757;10475000;170;10475059;153.536;-163.356;986.747;5620.487;-9693.945;44627.73;10474633;228.386;97.059;965.412;-3334.632;-4993.365;128.2
4.195257;10477500;141;;;;;;;;;;;;;;
4.197757;10480000;158;;;;;;;;;;;;;;
4.200257;10482500;152;;;;;;;;;;;;;;
4.202757;10485000;122;;;;;;;;;;;;;;
4.205257;10487500;315;;;;;;;;;;;;;;
4.207757;10490000;188;;;;;;;;;;;;;;
4.210257;10492500;184;;;;;;;;;;;;;;
4.212757;10495000;173;;;;;;;;;;;;;;
4.215257;10497500;172;;;;;;;;;;;;;;
4.217757;10500000;157;;;;;;;;;;;;;;
4.220257;10502500;144;;;;;;;;;;;;;;
4.222757;10505000;140;;;;;;;;;;;;;;
4.225257;10507500;142;10507098;161.579;-162.673;993.127;5109.337;-8575.311;43111.219;10506658;235.394;90.083;963.404;-3104.462;-4261.572;-48.397
4.227757;10510000;136;;;;;;;;;;;;;;
4.230257;10512500;167;;;;;;;;;;;;;;
4.232757;10515000;172;;;;;;;;;;;;;;
4.235257;10517500;171;;;;;;;;;;;;;;
4.237757;10520000;312;;;;;;;;;;;;;;
4.240257;10522500;185;;;;;;;;;;;;;;
4.242757;10525000;158;;;;;;;;;;;;;;
4.245257;10527500;152;;;;;;;;;;;;;;
4.247757;10530000;138;;;;;;;;;;;;;;
4.250257;10532500;166;;;;;;;;;;;;;;
4.252757;10535000;152;;;;;;;;;;;;;;
4.255257;10537500;152;;;;;;;;10538682;236.752;75.929;963.485;-3787.489;-4261.118;-128.665
4.257757;10540000;141;10539118;169.391;-173.059;995.168;5656.246;-7951.42;42214.344;;;;;;;
4.260257;10542500;136;;;;;;;;;;;;;;
4.262757;10545000;134;;;;;;;;;;;;;;
4.265257;10547500;126;;;;;;;;;;;;;;
4.267757;10550000;31;;;;;;;;;;;;;;
4.270257;10552500;285;;;;;;;;;;;;;;
4.272757;10555000;205;;;;;;;;;;;;;;
4.275257;10557500;171;;;;;;;;;;;;;;
4.277757;10560000;150;;;;;;;;;;;;;;
4.280257;10562500;135;;;;;;;;;;;;;;
4.282757;10565000;125;;;;;;;;;;;;;;
4.285257;10567500;143;;;;;;;;;;;;;;
4.287757;10570000;156;10571055;172.054;-170.628;991.995;5491.121;-7003.911;41541.688;10570622;236.681;76.14;965.465;-3591.115;-5115.125;-39.107
4.290257;10572500;169;;;;;;;;;;;;;;
4.292757;10575000;155;;;;;;;;;;;;;;
4.295257;10577500;153;;;;;;;;;;;;;;
4.297757;10580000;168;;;;;;;;;;;;;;
4.300257;10582500;314;;;;;;;;;;;;;;
4.302757;10585000;201;;;;;;;;;;;;;;
4.305257;10587500;139;;;;;;;;;;;;;;
4.307757;10590000;139;;;;;;;;;;;;;;
4.310257;10592500;169;;;;;;;;;;;;;;
4.312757;10595000;153;;;;;;;;;;;;;;
4.315257;10597500;144;;;;;;;;;;;;;;
4.317757;10600000;141;;;;;;;;;;;;;;
4.320257;10602500;125;10603081;172.302;-172.966;991.97;4597.502;-6698.778;40710.164;10602647;239.536;74.596;965.839;-3962.809;-5785.119;-31.464
4.322757;10605000;123;;;;;;;;;;;;;;
4.325257;10607500;123;;;;;;;;;;;;;;
4.327757;10610000;135;;;;;;;;;;;;;;
4.330257;10612500;207;;;;;;;;;;;;;;
4.332757;10615000;284;;;;;;;;;;;;;;
4.335257;10617500;199;;;;;;;;;;;;;;
4.337757;10620000;175;;;;;;;;;;;;;;
4.340257;10622500;153;;;;;;;;;;;;;;
4.342757;10625000;123;;;;;;;;;;;;;;
4.345257;10627500;142;;;;;;;;;;;;;;
4.347757;10630000;136;;;;;;;;;;;;;;
4.350257;10632500;160;10633563;169.458;-181.008;988.427;4228.064;-6158.214;38863.219;10633123;245.786;71.3;963.968;-4145.731;-5884.8;-84.578
4.352757;10635000;154;;;;;;;;;;;;;;
4.355257;10637500;170;;;;;;;;;;;;;;
4.357757;10640000;159;;;;;;;;;;;;;;
4.360257;10642500;125;;;;;;;;;;;;;;
4.362757;10645000;4;;;;;;;;;;;;;;
4.365257;10647500;263;;;;;;;;;;;;;;
4.367757;10650000;189;;;;;;;;;;;;;;
4.370257;10652500;172;;;;;;;;;;;;;;
4.372757;10655000;154;10656196;167.5;-186.298;984.804;4741.599;-5882.241;36213.496;10655770;252.211;67.594;962.093;-4021.132;-5476.81;-300.412
4.375257;10657500;170;;;;;;;;;;;;;;
4.377757;10660000;140;;;;;;;;;;;;;;
4.380257;10662500;128;;;;;;;;;;;;;;
4.382757;10665000;141;;;;;;;;;;;;;;
4.385257;10667500;143;;;;;;;;;;;;;;
4.387757;10670000;135;;;;;;;;;;;;;;
4.390257;10672500;141;;;;;;;;;;;;;;
4.392757;10675000;171;;;;;;;;;;;;;;
4.395257;10677500;393;;;;;;;;;;;;;;
4.397757;10680000;253;;;;;;;;;;;;;;
4.400257;10682500;184;;;;;;;;;;;;;;
4.402757;10685000;155;;;;;;;;;;;;;;
4.405257;10687500;143;10688322;168.848;-185.273;984.956;5274.519;-5914.066;33804.32;10687882;253.497;65.239;962.05;-3670.451;-4489.407;-535.641
4.407757;10690000;153;;;;;;;;;;;;;;
4.410257;10692500;141;;;;;;;;;;;;;;
4.412757;10695000;169;;;;;;;;;;;;;;
4.415257;10697500;169;;;;;;;;;;;;;;
4.417757;10700000;158;;;;;;;;;;;;;;
4.420257;10702500;154;;;;;;;;;;;;;;
4.422757;10705000;124;;;;;;;;;;;;;;
4.425257;10707500;143;;;;;;;;;;;;;;
4.427757;10710000;349;;;;;;;;;;;;;;
4.430257;10712500;218;;;;;;;;;;;;;;
4.432757;10715000;174;;;;;;;;;;;;;;
4.435257;10717500;156;;;;;;;;10718445;252.479;63.496;963.053;-3538.553;-4386.562;-679.922
4.437757;10720000;167;10718873;173.502;-182.622;989.919;4921.542;-5819.613;31704.166;;;;;;;
4.440257;10722500;126;;;;;;;;;;;;;;
4.442757;10725000;122;;;;;;;;;;;;;;
4.445257;10727500;125;;;;;;;;;;;;;;
4.447757;10730000;134;;;;;;;;;;;;;;
4.450257;10732500;167;;;;;;;;;;;;;;
4.452757;10735000;173;;;;;;;;;;;;;;
4.455257;10737500;155;;;;;;;;;;;;;;
4.457757;10740000;366;;;;;;;;;;;;;;
4.460257;10742500;218;;;;;;;;;;;;;;
4.462757;10745000;171;;;;;;;;;;;;;;
4.465257;10747500;136;;;;;;;;;;;;;;
4.467757;10750000;139;10750910;174.288;-184.849;988.637;4664.09;-4709.195;29429.895;10750471;254.135;62.792;962.712;-3483.688;-4500.171;-543.55
4.470257;10752500;152;;;;;;;;;;;;;;
4.472757;10755000;157;;;;;;;;;;;;;;
4.475257;10757500;172;;;;;;;;;;;;;;
4.477757;10760000;143;;;;;;;;;;;;;;
4.480257;10762500;366;;;;;;;;;;;;;;
4.482757;10765000;215;;;;;;;;;;;;;;
4.485257;10767500;154;;;;;;;;;;;;;;
4.487757;10770000;158;;;;;;;;;;;;;;
4.490257;10772500;169;;;;;;;;;;;;;;
4.492757;10775000;153;;;;;;;;;;;;;;
4.495257;10777500;154;;;;;;;;;;;;;;
4.497757;10780000;142;;;;;;;;;;;;;;
4.500257;10782500;142;10783010;173.778;-188.154;985.15;4863.136;-4027.047;26343.588;10782583;258.557;61.257;961.735;-3205.816;-4227.913;-542.623
4.502757;10785000;122;;;;;;;;;;;;;;
4.505257;10787500;142;;;;;;;;;;;;;;
4.507757;10790000;127;;;;;;;;;;;;;;
4.510257;10792500;166;;;;;;;;;;;;;;
4.512757;10795000;362;;;;;;;;;;;;;;
4.515257;10797500;251;;;;;;;;;;;;;;
4.517757;10800000;174;;;;;;;;;;;;;;
4.520257;10802500;140;;;;;;;;;;;;;;
4.522757;10805000;144;;;;;;;;;;;;;;
4.525257;10807500;124;;;;;;;;;;;;;;
4.527757;10810000;155;;;;;;;;;;;;;;
4.530257;10812500;137;;;;;;;;;;;;;;
4.532757;10815000;174;10815135;172.111;-190.806;983.93;4907.854;-3559.258;22806.971;10814695;260.837;59.707;961.088;-2558.588;-3376.892;-647.617
4.535257;10817500;171;;;;;;;;;;;;;;
4.537757;10820000;142;;;;;;;;;;;;;;
4.540257;10822500;152;;;;;;;;;;;;;;
4.542757;10825000;29;;;;;;;;;;;;;;
4.545257;10827500;238;;;;;;;;;;;;;;
4.547757;10830000;187;;;;;;;;;;;;;;
4.550257;10832500;155;;;;;;;;;;;;;;
4.552757;10835000;174;;;;;;;;;;;;;;
4.555257;10837500;169;;;;;;;;;;;;;;
4.557757;10840000;140;;;;;;;;;;;;;;
4.560257;10842500;151;;;;;;;;;;;;;;
4.562757;10845000;120;;;;;;;;;;;;;;
4.565257;10847500;138;10847241;173.314;-187.031;985.4;4916.649;-2928.92;19440.621;10846806;258.5;60.442;963.389;-2001.908;-2581.11;-753.048
4.567757;10850000;127;;;;;;;;;;;;;;
4.570257;10852500;168;;;;;;;;;;;;;;
4.572757;10855000;172;;;;;;;;;;;;;;
4.575257;10857500;363;;;;;;;;;;;;;;
4.577757;10860000;247;;;;;;;;;;;;;;
4.580257;10862500;156;;;;;;;;;;;;;;
4.582757;10865000;152;;;;;;;;;;;;;;
4.585257;10867500;141;;;;;;;;;;;;;;
4.587757;10870000;134;;;;;;;;;;;;;;
4.590257;10872500;168;;;;;;;;;;;;;;
4.592757;10875000;171;;;;;;;;;;;;;;
4.595257;10877500;170;10877802;176.256;-189.867;988.645;5110.504;-2484.099;15785.402;10877370;258.666;59.872;963.898;-1583.313;-2364.992;-735.958
4.597757;10880000;140;;;;;;;;;;;;;;
4.600257;10882500;126;;;;;;;;;;;;;;
4.602757;10885000;141;;;;;;;;;;;;;;
4.605257;10887500;141;;;;;;;;;;;;;;
4.607757;10890000;346;;;;;;;;;;;;;;
4.610257;10892500;216;;;;;;;;;;;;;;
4.612757;10895000;174;;;;;;;;;;;;;;
4.615257;10897500;174;;;;;;;;;;;;;;
4.617757;10900000;140;;;;;;;;;;;;;;
4.620257;10902500;126;;;;;;;;;;;;;;
4.622757;10905000;124;;;;;;;;;;;;;;
4.625257;10907500;124;;;;;;;;;;;;;;
4.627757;10910000;155;10909916;175.685;-189.548;988.239;6723.979;-2028.706;11349.569;10909482;259.067;60.026;964.802;-1221.085;-2280.867;-662.848
4.630257;10912500;144;;;;;;;;;;;;;;
4.632757;10915000;171;;;;;;;;;;;;;;
4.635257;10917500;153;;;;;;;;;;;;;;
4.637757;10920000;140;;;;;;;;;;;;;;
4.640257;10922500;316;;;;;;;;;;;;;;
4.642757;10925000;175;;;;;;;;;;;;;;
4.645257;10927500;138;;;;;;;;;;;;;;
4.647757;10930000;138;;;;;;;;;;;;;;
4.650257;10932500;150;;;;;;;;;;;;;;
4.652757;10935000;173;;;;;;;;;;;;;;
4.655257;10937500;172;;;;;;;;;;;;;;
4.657757;10940000;141;;;;;;;;;;;;;;
4.660257;10942500;128;10942034;173.165;-178.527;985.48;5890.779;-2472.396;6826.216;10941593;260.193;59.959;964.868;-884.406;-2022.011;-606.518
4.662757;10945000;121;;;;;;;;;;;;;;
4.665257;10947500;141;;;;;;;;;;;;;;
4.667757;10950000;137;;;;;;;;;;;;;;
4.670257;10952500;151;;;;;;;;;;;;;;
4.672757;10955000;297;;;;;;;;;;;;;;
4.675257;10957500;205;;;;;;;;;;;;;;
4.677757;10960000;175;;;;;;;;;;;;;;
4.680257;10962500;136;;;;;;;;;;;;;;
4.682757;10965000;121;;;;;;;;;;;;;;
4.685257;10967500;124;;;;;;;;;;;;;;
4.687757;10970000;153;;;;;;;;;;;;;;
4.690257;10972500;142;;;;;;;;10973360;260.853;59.31;964.662;-483.185;-1695.598;-574.442
4.692757;10975000;155;10973786;175.67;-180.294;987.799;2580.99;-3299.901;2715.405;;;;;;;
4.695257;10977500;152;;;;;;;;;;;;;;
4.697757;10980000;158;;;;;;;;;;;;;;
4.700257;10982500;152;;;;;;;;;;;;;;
4.702757;10985000;327;;;;;;;;;;;;;;
4.705257;10987500;186;;;;;;;;;;;;;;
4.707757;10990000;155;;;;;;;;;;;;;;
4.710257;10992500;169;;;;;;;;;;;;;;
4.712757;10995000;173;;;;;;;;;;;;;;
4.715257;10997500;152;;;;;;;;;;;;;;
4.717757;11000000;141;;;;;;;;;;;;;;
4.720257;11002500;142;;;;;;;;;;;;;;
4.722757;11005000;124;11005738;182.088;-184.388;993.334;1344.628;-3612.656;-2084.115;11005298;263.03;58.424;964.112;-95.901;-1397.756;-522.97
4.725257;11007500;150;;;;;;;;;;;;;;
4.727757;11010000;136;;;;;;;;;;;;;;
4.730257;11012500;151;;;;;;;;;;;;;;
4.732757;11015000;155;;;;;;;;;;;;;;
4.735257;11017500;317;;;;;;;;;;;;;;
4.737757;11020000;219;;;;;;;;;;;;;;
4.740257;11022500;152;;;;;;;;;;;;;;
4.742757;11025000;127;;;;;;;;;;;;;;
4.745257;11027500;151;;;;;;;;;;;;;;
4.747757;11030000;138;;;;;;;;;;;;;;
4.750257;11032500;169;;;;;;;;;;;;;;
4.752757;11035000;151;11036122;184.61;-184.905;994.761;1969.522;-3291.585;-7342.347;11035687;262.524;58.437;964.298;260.644;-684.305;-474.947
4.755257;11037500;170;;;;;;;;;;;;;;
4.757757;11040000;159;;;;;;;;;;;;;;
4.760257;11042500;153;;;;;;;;;;;;;;
4.762757;11045000;151;;;;;;;;;;;;;;
4.765257;11047500;0;;;;;;;;;;;;;;
4.767757;11050000;286;;;;;;;;;;;;;;
4.770257;11052500;215;;;;;;;;;;;;;;
4.772757;11055000;169;;;;;;;;;;;;;;
4.775257;11057500;153;;;;;;;;;;;;;;
4.777757;11060000;140;;;;;;;;;;;;;;
4.780257;11062500;144;;;;;;;;;;;;;;
4.782757;11065000;124;;;;;;;;;;;;;;
4.785257;11067500;125;11067972;182.882;-175.305;989.992;2641.483;-3294.569;-12451.854;11067539;262.0;58.096;964.639;479.049;-311.903;-547.449
4.787757;11070000;135;;;;;;;;;;;;;;
4.790257;11072500;140;;;;;;;;;;;;;;
4.792757;11075000;154;;;;;;;;;;;;;;
4.795257;11077500;152;;;;;;;;;;;;;;
4.797757;11080000;383;;;;;;;;;;;;;;
4.800257;11082500;221;;;;;;;;;;;;;;
4.802757;11085000;152;;;;;;;;;;;;;;
4.805257;11087500;154;;;;;;;;;;;;;;
4.807757;11090000;155;;;;;;;;;;;;;;
4.810257;11092500;140;;;;;;;;;;;;;;
4.812757;11095000;152;;;;;;;;;;;;;;
4.815257;11097500;151;;;;;;;;;;;;;;
4.817757;11100000;158;11099912;182.65;-172.024;985.437;3000.284;-3708.215;-17484.824;11099478;262.357;57.966;964.652;733.784;-119.558;-699.452
4.820257;11102500;124;;;;;;;;;;;;;;
4.822757;11105000;121;;;;;;;;;;;;;;
4.825257;11107500;125;;;;;;;;;;;;;;
4.827757;11110000;128;;;;;;;;;;;;;;
4.830257;11112500;376;;;;;;;;;;;;;;
4.832757;11115000;235;;;;;;;;;;;;;;
4.835257;11117500;176;;;;;;;;;;;;;;
4.837757;11120000;153;;;;;;;;;;;;;;
4.840257;11122500;138;;;;;;;;;;;;;;
4.842757;11125000;143;;;;;;;;;;;;;;
4.845257;11127500;125;;;;;;;;;;;;;;
4.847757;11130000;137;;;;;;;;;;;;;;
4.850257;11132500;141;11131856;188.097;-172.561;989.742;1039.895;-4460.804;-23049.707;11131415;263.58;57.807;964.756;964.408;355.42;-801.854
4.852757;11135000;152;;;;;;;;;;;;;;
4.855257;11137500;171;;;;;;;;;;;;;;
4.857757;11140000;141;;;;;;;;;;;;;;
4.860257;11142500;376;;;;;;;;;;;;;;
4.862757;11145000;216;;;;;;;;;;;;;;
4.865257;11147500;174;;;;;;;;;;;;;;
4.867757;11150000;143;;;;;;;;;;;;;;
4.870257;11152500;153;;;;;;;;;;;;;;
4.872757;11155000;173;;;;;;;;;;;;;;
4.875257;11157500;153;;;;;;;;;;;;;;
4.877757;11160000;160;;;;;;;;;;;;;;
4.880257;11162500;137;11163608;197.34;-168.056;990.842;-351.725;-4946.514;-29159.283;11163182;265.224;57.863;964.757;1454.312;1275.212;-968.699
4.882757;11165000;143;;;;;;;;;;;;;;
4.885257;11167500;151;;;;;;;;;;;;;;
4.887757;11170000;140;;;;;;;;;;;;;;
4.890257;11172500;168;;;;;;;;;;;;;;
4.892757;11175000;335;;;;;;;;;;;;;;
4.895257;11177500;248;;;;;;;;;;;;;;
4.897757;11180000;187;;;;;;;;;;;;;;
4.900257;11182500;157;;;;;;;;;;;;;;
4.902757;11185000;143;;;;;;;;;;;;;;
4.905257;11187500;127;;;;;;;;;;;;;;
4.907757;11190000;138;;;;;;;;;;;;;;
4.910257;11192500;168;;;;;;;;11193658;268.866;55.879;962.147;1802.909;2227.764;-1052.389
4.912757;11195000;172;11194098;196.983;-161.441;989.972;1421.111;-4688.251;-33419.008;;;;;;;
4.915257;11197500;173;;;;;;;;;;;;;;
4.917757;11200000;142;;;;;;;;;;;;;;
4.920257;11202500;137;;;;;;;;;;;;;;
4.922757;11205000;124;;;;;;;;;;;;;;
4.925257;11207500;301;;;;;;;;;;;;;;
4.927757;11210000;206;;;;;;;;;;;;;;
4.930257;11212500;158;;;;;;;;;;;;;;
4.932757;11215000;158;;;;;;;;;;;;;;
4.935257;11217500;171;11216819;201.542;-147.769;992.634;3042.743;-4344.463;-37407.992;11216391;265.366;57.294;963.224;2171.701;3200.5;-1183.957
4.937757;11220000;139;;;;;;;;;;;;;;
4.940257;11222500;152;;;;;;;;;;;;;;
4.942757;11225000;122;;;;;;;;;;;;;;
4.945257;11227500;141;;;;;;;;;;;;;;
4.947757;11230000;138;;;;;;;;;;;;;;
4.950257;11232500;142;;;;;;;;;;;;;;
4.952757;11235000;152;;;;;;;;;;;;;;
4.955257;11237500;18;;;;;;;;;;;;;;
4.957757;11240000;284;;;;;;;;;;;;;;
4.960257;11242500;171;;;;;;;;;;;;;;
4.962757;11245000;138;;;;;;;;;;;;;;
4.965257;11247500;135;;;;;;;;11248328;261.327;59.309;964.668;2296.741;3942.6;-1367.134
4.967757;11250000;139;11248768;203.134;-138.526;994.541;3824.231;-4216.053;-40497.531;;;;;;;
4.970257;11252500;170;;;;;;;;;;;;;;
4.972757;11255000;154;;;;;;;;;;;;;;
4.975257;11257500;171;;;;;;;;;;;;;;
4.977757;11260000;140;;;;;;;;;;;;;;
4.980257;11262500;136;;;;;;;;;;;;;;
4.982757;11265000;144;;;;;;;;;;;;;;
4.985257;11267500;153;;;;;;;;;;;;;;
4.987757;11270000;377;;;;;;;;;;;;;;
4.990257;11272500;238;;;;;;;;;;;;;;
4.992757;11275000;188;;;;;;;;;;;;;;
4.995257;11277500;184;;;;;;;;;;;;;;
4.997757;11280000;168;11279319;205.708;-129.324;995.841;4040.332;-4430.938;-43181.027;11278893;258.527;61.419;965.326;2180.154;4329.095;-1350.402
5.000257;11282500;135;;;;;;;;;;;;;;
5.002757;11285000;124;;;;;;;;;;;;;;
5.005257;11287500;127;;;;;;;;;;;;;;
5.007757;11290000;157;;;;;;;;;;;;;;
5.010257;11292500;144;;;;;;;;;;;;;;
5.012757;11295000;153;;;;;;;;;;;;;;
5.015257;11297500;154;;;;;;;;;;;;;;
5.017757;11300000;0;;;;;;;;;;;;;;
5.020257;11302500;264;;;;;;;;;;;;;;
5.022757;11305000;158;;;;;;;;;;;;;;
5.025257;11307500;137;;;;;;;;;;;;;;
5.027757;11310000;137;;;;;;;;11310918;253.268;63.935;967.202;2048.396;4726.016;-1337.132
5.030257;11312500;167;11311358;207.787;-123.291;993.671;3615.628;-4608.828;-45788.977;;;;;;;
5.032757;11315000;153;;;;;;;;;;;;;;
5.035257;11317500;168;;;;;;;;;;;;;;
5.037757;11320000;167;;;;;;;;;;;;;;
5.040257;11322500;363;;;;;;;;;;;;;;
5.042757;11325000;265;;;;;;;;;;;;;;
5.045257;11327500;168;;;;;;;;;;;;;;
5.047757;11330000;150;;;;;;;;;;;;;;
5.050257;11332500;153;;;;;;;;;;;;;;
5.052757;11335000;155;;;;;;;;;;;;;;
5.055257;11337500;170;;;;;;;;;;;;;;
5.057757;11340000;142;;;;;;;;;;;;;;
5.060257;11342500;154;11343464;209.994;-115.498;990.769;2672.284;-4314.512;-48004.465;11343029;249.047;65.173;967.831;1825.226;4884.777;-1328.026
5.062757;11345000;125;;;;;;;;;;;;;;
5.065257;11347500;126;;;;;;;;;;;;;;
5.067757;11350000;155;;;;;;;;;;;;;;
5.070257;11352500;151;;;;;;;;;;;;;;
5.072757;11355000;413;;;;;;;;;;;;;;
5.075257;11357500;267;;;;;;;;;;;;;;
5.077757;11360000;172;;;;;;;;;;;;;;
5.080257;11362500;157;;;;;;;;;;;;;;
5.082757;11365000;125;;;;;;;;;;;;;;
5.085257;11367500;153;;;;;;;;;;;;;;
5.087757;11370000;155;;;;;;;;;;;;;;
5.090257;11372500;167;;;;;;;;;;;;;;
5.092757;11375000;171;11375575;212.427;-106.508;987.663;2294.544;-3950.036;-49560.117;11375142;246.428;65.685;968.282;1702.027;5073.664;-1343.437
5.095257;11377500;154;;;;;;;;;;;;;;
5.097757;11380000;142;;;;;;;;;;;;;;
5.100257;11382500;153;;;;;;;;;;;;;;
5.102757;11385000;18;;;;;;;;;;;;;;
5.105257;11387500;268;;;;;;;;;;;;;;
5.107757;11390000;173;;;;;;;;;;;;;;
5.110257;11392500;156;;;;;;;;;;;;;;
5.112757;11395000;174;;;;;;;;;;;;;;
5.115257;11397500;168;;;;;;;;;;;;;;
5.117757;11400000;142;;;;;;;;;;;;;;
5.120257;11402500;136;;;;;;;;;;;;;;
5.122757;11405000;142;;;;;;;;;;;;;;
5.125257;11407500;143;11407688;213.895;-96.803;985.848;2287.442;-4019.847;-50482.359;11407254;242.366;66.347;968.887;1584.988;5040.043;-1292.453
5.127757;11410000;138;;;;;;;;;;;;;;
5.130257;11412500;141;;;;;;;;;;;;;;
5.132757;11415000;154;;;;;;;;;;;;;;
5.135257;11417500;411;;;;;;;;;;;;;;
5.137757;11420000;263;;;;;;;;;;;;;;
5.140257;11422500;167;;;;;;;;;;;;;;
5.142757;11425000;136;;;;;;;;;;;;;;
5.145257;11427500;135;;;;;;;;;;;;;;
5.147757;11430000;155;;;;;;;;;;;;;;
5.150257;11432500;168;;;;;;;;;;;;;;
5.152757;11435000;171;;;;;;;;;;;;;;
5.155257;11437500;153;11438170;214.272;-84.759;984.105;2094.32;-4367.917;-52100.055;11437730;237.549;66.44;969.749;1505.302;4800.291;-1226.955
5.157757;11440000;142;;;;;;;;;;;;;;
5.160257;11442500;153;;;;;;;;;;;;;;
5.162757;11445000;125;;;;;;;;;;;;;;
5.165257;11447500;126;;;;;;;;;;;;;;
5.167757;11450000;364;;;;;;;;;;;;;;
5.170257;11452500;234;;;;;;;;;;;;;;
5.172757;11455000;204;;;;;;;;;;;;;;
5.175257;11457500;158;;;;;;;;;;;;;;
5.177757;11460000;141;;;;;;;;;;;;;;
5.180257;11462500;134;;;;;;;;;;;;;;
5.182757;11465000;125;;;;;;;;;;;;;;
5.185257;11467500;142;;;;;;;;;;;;;;
5.187757;11470000;136;11470182;216.911;-76.873;984.798;1386.292;-4611.521;-53420.738;11469756;235.853;66.82;970.654;1431.349;4584.338;-1126.67
5.190257;11472500;143;;;;;;;;;;;;;;
5.192757;11475000;154;;;;;;;;;;;;;;
5.195257;11477500;154;;;;;;;;;;;;;;
5.197757;11480000;158;;;;;;;;;;;;;;
5.200257;11482500;347;;;;;;;;;;;;;;
5.202757;11485000;192;;;;;;;;;;;;;;
5.205257;11487500;169;;;;;;;;;;;;;;
5.207757;11490000;159;;;;;;;;;;;;;;
5.210257;11492500;153;;;;;;;;;;;;;;
5.212757;11495000;172;;;;;;;;;;;;;;
5.215257;11497500;171;;;;;;;;;;;;;;
5.217757;11500000;139;;;;;;;;;;;;;;
5.220257;11502500;153;11502222;221.536;-69.693;984.321;1274.102;-4813.195;-54072.949;11501782;233.783;67.17;970.829;1382.094;4530.122;-1083.461
5.222757;11505000;124;;;;;;;;;;;;;;
5.225257;11507500;150;;;;;;;;;;;;;;
5.227757;11510000;139;;;;;;;;;;;;;;
5.230257;11512500;143;;;;;;;;;;;;;;
5.232757;11515000;336;;;;;;;;;;;;;;
5.235257;11517500;216;;;;;;;;;;;;;;
5.237757;11520000;185;;;;;;;;;;;;;;
5.240257;11522500;137;;;;;;;;;;;;;;
5.242757;11525000;126;;;;;;;;;;;;;;
5.245257;11527500;152;;;;;;;;;;;;;;
5.247757;11530000;155;;;;;;;;;;;;;;
5.250257;11532500;169;;;;;;;;;;;;;;
5.252757;11535000;154;11534241;224.94;-62.121;985.144;1087.459;-4757.598;-53476.301;11533806;232.714;67.148;970.771;1403.114;4573.553;-1076.1
5.255257;11537500;170;;;;;;;;;;;;;;
5.257757;11540000;159;;;;;;;;;;;;;;
5.260257;11542500;137;;;;;;;;;;;;;;
5.262757;11545000;350;;;;;;;;;;;;;;
5.265257;11547500;221;;;;;;;;;;;;;;
5.267757;11550000;184;;;;;;;;;;;;;;
5.270257;11552500;169;;;;;;;;;;;;;;
5.272757;11555000;155;;;;;;;;;;;;;;
5.275257;11557500;172;;;;;;;;;;;;;;
5.277757;11560000;158;;;;;;;;;;;;;;
5.280257;11562500;127;;;;;;;;;;;;;;
5.282757;11565000;142;;;;;;;;11565832;230.216;66.987;971.374;1375.396;4659.875;-1080.92
5.285257;11567500;126;11566264;227.186;-56.288;986.041;1089.524;-4476.405;-51715.109;;;;;;;
5.287757;11570000;155;;;;;;;;;;;;;;
5.290257;11572500;149;;;;;;;;;;;;;;
5.292757;11575000;152;;;;;;;;;;;;;;
5.295257;11577500;315;;;;;;;;;;;;;;
5.297757;11580000;203;;;;;;;;;;;;;;
5.300257;11582500;170;;;;;;;;;;;;;;
5.302757;11585000;154;;;;;;;;;;;;;;
5.305257;11587500;152;;;;;;;;;;;;;;
5.307757;11590000;138;;;;;;;;;;;;;;
5.310257;11592500;143;;;;;;;;;;;;;;
5.312757;11595000;171;;;;;;;;;;;;;;
5.315257;11597500;152;11596743;228.765;-49.527;985.929;588.36;-3818.585;-49561.164;11596309;227.563;67.194;971.898;1373.564;4741.881;-1118.312
5.317757;11600000;141;;;;;;;;;;;;;;
5.320257;11602500;126;;;;;;;;;;;;;;
5.322757;11605000;124;;;;;;;;;;;;;;
5.325257;11607500;141;;;;;;;;;;;;;;
5.327757;11610000;280;;;;;;;;;;;;;;
5.330257;11612500;200;;;;;;;;;;;;;;
5.332757;11615000;169;;;;;;;;;;;;;;
5.335257;11617500;156;;;;;;;;;;;;;;
5.337757;11620000;159;11620868;229.96;-41.421;986.622;304.755;-3312.218;-47328.105;11620438;225.091;67.689;972.688;1388.448;4866.6;-1159.521
5.340257;11622500;126;;;;;;;;;;;;;;
5.342757;11625000;124;;;;;;;;;;;;;;
5.345257;11627500;124;;;;;;;;;;;;;;
5.347757;11630000;137;;;;;;;;;;;;;;
5.350257;11632500;169;;;;;;;;;;;;;;
5.352757;11635000;169;;;;;;;;;;;;;;
5.355257;11637500;152;;;;;;;;;;;;;;
5.357757;11640000;366;;;;;;;;;;;;;;
5.360257;11642500;248;;;;;;;;;;;;;;
5.362757;11645000;184;;;;;;;;;;;;;;
5.365257;11647500;158;;;;;;;;;;;;;;
5.367757;11650000;141;11651244;230.741;-35.562;986.609;27.454;-2859.17;-45298.574;11650806;222.59;68.014;973.397;1358.838;4866.082;-1160.608
5.370257;11652500;142;;;;;;;;;;;;;;
5.372757;11655000;154;;;;;;;;;;;;;;
5.375257;11657500;169;;;;;;;;;;;;;;
5.377757;11660000;157;;;;;;;;;;;;;;
5.380257;11662500;152;;;;;;;;;;;;;;
5.382757;11665000;123;;;;;;;;;;;;;;
5.385257;11667500;151;;;;;;;;;;;;;;
5.387757;11670000;136;;;;;;;;;;;;;;
5.390257;11672500;410;;;;;;;;;;;;;;
5.392757;11675000;269;;;;;;;;;;;;;;
5.395257;11677500;186;;;;;;;;;;;;;;
5.397757;11680000;173;;;;;;;;11681110;219.762;68.7;974.149;1345.584;4802.59;-1166.452
5.400257;11682500;137;11681539;230.477;-28.098;986.53;213.332;-2635.711;-43106.707;;;;;;;
5.402757;11685000;142;;;;;;;;;;;;;;
5.405257;11687500;143;;;;;;;;;;;;;;
5.407757;11690000;155;;;;;;;;;;;;;;
5.410257;11692500;168;;;;;;;;;;;;;;
5.412757;11695000;152;;;;;;;;;;;;;;
5.415257;11697500;152;;;;;;;;;;;;;;
5.417757;11700000;139;;;;;;;;;;;;;;
5.420257;11702500;364;;;;;;;;;;;;;;
5.422757;11705000;265;;;;;;;;;;;;;;
5.425257;11707500;168;;;;;;;;;;;;;;
5.427757;11710000;151;;;;;;;;;;;;;;
5.430257;11712500;152;11713485;231.403;-22.326;986.138;473.478;-2870.113;-41244.059;11713048;216.857;67.876;974.358;1331.242;4478.461;-1100.255
5.432757;11715000;153;;;;;;;;;;;;;;
5.435257;11717500;171;;;;;;;;;;;;;;
5.437757;11720000;142;;;;;;;;;;;;;;
5.440257;11722500;136;;;;;;;;;;;;;;
5.442757;11725000;144;;;;;;;;;;;;;;
5.445257;11727500;377;;;;;;;;;;;;;;
5.447757;11730000;239;;;;;;;;;;;;;;
5.450257;11732500;173;;;;;;;;;;;;;;
5.452757;11735000;184;;;;;;;;;;;;;;
5.455257;11737500;171;;;;;;;;;;;;;;
5.457757;11740000;141;;;;;;;;;;;;;;
5.460257;11742500;142;;;;;;;;;;;;;;
5.462757;11745000;123;11745422;233.296;-15.268;985.436;375.866;-3433.17;-39773.793;11744985;213.078;68.386;975.672;1299.242;4017.85;-979.617
5.465257;11747500;143;;;;;;;;;;;;;;
5.467757;11750000;154;;;;;;;;;;;;;;
5.470257;11752500;141;;;;;;;;;;;;;;
5.472757;11755000;151;;;;;;;;;;;;;;
5.475257;11757500;383;;;;;;;;;;;;;;
5.477757;11760000;234;;;;;;;;;;;;;;
5.480257;11762500;184;;;;;;;;;;;;;;
5.482757;11765000;135;;;;;;;;;;;;;;
5.485257;11767500;126;;;;;;;;;;;;;;
5.487757;11770000;138;;;;;;;;;;;;;;
5.490257;11772500;169;;;;;;;;;;;;;;
5.492757;11775000;153;;;;;;;;;;;;;;
5.495257;11777500;151;11777268;236.021;-9.545;986.221;147.073;-4104.574;-38881.039;11776838;210.952;68.474;976.408;1220.718;3797.27;-824.761
5.497757;11780000;139;;;;;;;;;;;;;;
5.500257;11782500;126;;;;;;;;;;;;;;
5.502757;11785000;149;;;;;;;;;;;;;;
5.505257;11787500;316;;;;;;;;;;;;;;
5.507757;11790000;248;;;;;;;;;;;;;;
5.510257;11792500;184;;;;;;;;;;;;;;
5.512757;11795000;168;;;;;;;;;;;;;;
5.515257;11797500;173;;;;;;;;;;;;;;
5.517757;11800000;159;;;;;;;;;;;;;;
5.520257;11802500;126;;;;;;;;;;;;;;
5.522757;11805000;125;;;;;;;;;;;;;;
5.525257;11807500;126;;;;;;;;11808603;209.737;68.46;976.693;1215.244;3560.594;-764.273
5.527757;11810000;156;11809040;239.012;-4.524;988.015;-12.531;-4951.971;-38203.551;;;;;;;
5.530257;11812500;150;;;;;;;;;;;;;;
5.532757;11815000;172;;;;;;;;;;;;;;
5.535257;11817500;152;;;;;;;;;;;;;;
5.537757;11820000;363;;;;;;;;;;;;;;
5.540257;11822500;235;;;;;;;;;;;;;;
5.542757;11825000;153;;;;;;;;;;;;;;
5.545257;11827500;155;;;;;;;;;;;;;;
5.547757;11830000;141;;;;;;;;;;;;;;
5.550257;11832500;143;;;;;;;;;;;;;;
5.552757;11835000;153;;;;;;;;;;;;;;
5.555257;11837500;154;;;;;;;;11838731;207.363;68.716;977.64;1168.92;3526.939;-727.372
5.557757;11840000;138;11839170;241.049;1.064;988.067;364.783;-6033.497;-38070.496;;;;;;;
5.560257;11842500;128;;;;;;;;;;;;;;
5.562757;11845000;142;;;;;;;;;;;;;;
5.565257;11847500;125;;;;;;;;;;;;;;
5.567757;11850000;155;;;;;;;;;;;;;;
5.570257;11852500;349;;;;;;;;;;;;;;
5.572757;11855000;221;;;;;;;;;;;;;;
5.575257;11857500;192;;;;;;;;;;;;;;
5.577757;11860000;154;;;;;;;;;;;;;;
5.580257;11862500;157;;;;;;;;;;;;;;
5.582757;11865000;143;;;;;;;;;;;;;;
5.585257;11867500;152;;;;;;;;;;;;;;
5.587757;11870000;157;11870839;243.826;8.167;985.847;931.482;-8009.447;-38524.66;11870411;207.255;68.543;977.845;1204.536;3575.467;-694.503
5.590257;11872500;153;;;;;;;;;;;;;;
5.592757;11875000;157;;;;;;;;;;;;;;
5.595257;11877500;156;;;;;;;;;;;;;;
5.597757;11880000;166;;;;;;;;;;;;;;
5.600257;11882500;152;;;;;;;;;;;;;;
5.602757;11885000;268;;;;;;;;;;;;;;
5.605257;11887500;174;;;;;;;;;;;;;;
5.607757;11890000;154;;;;;;;;;;;;;;
5.610257;11892500;170;;;;;;;;;;;;;;
5.612757;11895000;173;;;;;;;;;;;;;;
5.615257;11897500;155;;;;;;;;;;;;;;
5.617757;11900000;167;;;;;;;;;;;;;;
5.620257;11902500;155;11902526;246.994;11.449;982.842;1506.158;-10589.225;-38667.801;11902089;204.523;69.392;978.344;1269.872;3837.694;-624.778
5.622757;11905000;143;;;;;;;;;;;;;;
5.625257;11907500;152;;;;;;;;;;;;;;
5.627757;11910000;157;;;;;;;;;;;;;;
5.630257;11912500;151;;;;;;;;;;;;;;
5.632757;11915000;58;;;;;;;;;;;;;;
5.635257;11917500;281;;;;;;;;;;;;;;
5.637757;11920000;184;;;;;;;;;;;;;;
5.640257;11922500;142;;;;;;;;;;;;;;
5.642757;11925000;152;;;;;;;;;;;;;;
5.645257;11927500;152;;;;;;;;;;;;;;
5.647757;11930000;139;;;;;;;;;;;;;;
5.650257;11932500;152;;;;;;;;;;;;;;
5.652757;11935000;156;11934463;252.511;13.249;979.108;1631.225;-13768.889;-37884.16;11934026;202.862;68.961;978.38;1327.128;3920.997;-520.039
5.655257;11937500;172;;;;;;;;;;;;;;
5.657757;11940000;159;;;;;;;;;;;;;;
5.660257;11942500;128;;;;;;;;;;;;;;
5.662757;11945000;184;;;;;;;;;;;;;;
5.665257;11947500;247;;;;;;;;;;;;;;
5.667757;11950000;192;;;;;;;;;;;;;;
5.670257;11952500;184;;;;;;;;;;;;;;
5.672757;11955000;158;;;;;;;;;;;;;;
5.675257;11957500;153;;;;;;;;;;;;;;
5.677757;11960000;143;;;;;;;;;;;;;;
5.680257;11962500;153;;;;;;;;;;;;;;
5.682757;11965000;150;11966222;259.485;17.875;979.593;1594.288;-16880.57;-35885.828;11965792;199.368;68.971;979.59;1390.272;4114.322;-455.537
5.685257;11967500;135;;;;;;;;;;;;;;
5.687757;11970000;141;;;;;;;;;;;;;;
5.690257;11972500;152;;;;;;;;;;;;;;
5.692757;11975000;155;;;;;;;;;;;;;;
5.695257;11977500;361;;;;;;;;;;;;;;
5.697757;11980000;220;;;;;;;;;;;;;;
5.700257;11982500;157;;;;;;;;;;;;;;
5.702757;11985000;136;;;;;;;;;;;;;;
5.705257;11987500;136;;;;;;;;;;;;;;
5.707757;11990000;139;;;;;;;;;;;;;;
5.710257;11992500;143;;;;;;;;;;;;;;
5.712757;11995000;152;;;;;;;;11996182;195.164;69.103;980.533;1561.383;4386.793;-265.635
5.715257;11997500;154;11996618;269.984;19.483;979.749;1067.011;-18264.293;-33091.848;;;;;;;
5.717757;12000000;159;;;;;;;;;;;;;;
5.720257;12002500;137;;;;;;;;;;;;;;
5.722757;12005000;126;;;;;;;;;;;;;;
5.725257;12007500;134;;;;;;;;;;;;;;
5.727757;12010000;317;;;;;;;;;;;;;;
5.730257;12012500;205;;;;;;;;;;;;;;
5.732757;12015000;191;;;;;;;;;;;;;;
5.735257;12017500;183;;;;;;;;;;;;;;
5.737757;12020000;166;12020739;278.121;25.932;977.884;896.411;-19277.828;-30109.004;12020312;192.14;68.228;980.929;1633.814;4264.578;-98.354
5.740257;12022500;153;;;;;;;;;;;;;;
5.742757;12025000;126;;;;;;;;;;;;;;
5.745257;12027500;152;;;;;;;;;;;;;;
5.747757;12030000;156;;;;;;;;;;;;;;
5.750257;12032500;168;;;;;;;;;;;;;;
5.752757;12035000;174;;;;;;;;;;;;;;
5.755257;12037500;153;;;;;;;;;;;;;;
5.757757;12040000;0;;;;;;;;;;;;;;
5.760257;12042500;263;;;;;;;;;;;;;;
5.762757;12045000;189;;;;;;;;;;;;;;
5.765257;12047500;160;;;;;;;;;;;;;;
5.767757;12050000;142;12050859;285.577;34.036;973.654;860.778;-20928.873;-28241.303;12050419;191.213;68.386;980.951;1713.561;4081.537;-67.623
5.770257;12052500;170;;;;;;;;;;;;;;
5.772757;12055000;156;;;;;;;;;;;;;;
5.775257;12057500;154;;;;;;;;;;;;;;
5.777757;12060000;167;;;;;;;;;;;;;;
5.780257;12062500;136;;;;;;;;;;;;;;
5.782757;12065000;152;;;;;;;;;;;;;;
5.785257;12067500;153;;;;;;;;;;;;;;
5.787757;12070000;158;;;;;;;;;;;;;;
5.790257;12072500;411;;;;;;;;;;;;;;
5.792757;12075000;255;;;;;;;;;;;;;;
5.795257;12077500;207;;;;;;;;;;;;;;
5.797757;12080000;156;12081063;295.412;36.573;967.189;164.114;-23426.18;-26596.049;12080635;186.85;69.181;981.771;1702.695;4095.335;-20.055
5.800257;12082500;157;;;;;;;;;;;;;;
5.802757;12085000;153;;;;;;;;;;;;;;
5.805257;12087500;135;;;;;;;;;;;;;;
5.807757;12090000;158;;;;;;;;;;;;;;
5.810257;12092500;169;;;;;;;;;;;;;;
5.812757;12095000;155;;;;;;;;;;;;;;
5.815257;12097500;154;;;;;;;;;;;;;;
5.817757;12100000;140;;;;;;;;;;;;;;
5.820257;12102500;45;;;;;;;;;;;;;;
5.822757;12105000;239;;;;;;;;;;;;;;
5.825257;12107500;168;;;;;;;;;;;;;;
5.827757;12110000;151;;;;;;;;;;;;;;
5.830257;12112500;153;12112840;304.449;45.225;967.795;-723.029;-26273.746;-23734.996;12112400;186.883;68.565;980.262;1659.56;3757.568;168.198
5.832757;12115000;173;;;;;;;;;;;;;;
5.835257;12117500;154;;;;;;;;;;;;;;
5.837757;12120000;166;;;;;;;;;;;;;;
5.840257;12122500;128;;;;;;;;;;;;;;
5.842757;12125000;126;;;;;;;;;;;;;;
5.845257;12127500;363;;;;;;;;;;;;;;
5.847757;12130000;235;;;;;;;;;;;;;;
5.850257;12132500;171;;;;;;;;;;;;;;
5.852757;12135000;159;;;;;;;;;;;;;;
5.855257;12137500;153;;;;;;;;;;;;;;
5.857757;12140000;159;;;;;;;;;;;;;;
5.860257;12142500;134;;;;;;;;;;;;;;
5.862757;12145000;140;12144687;315.805;47.709;968.254;-1505.003;-29386.246;-21724.871;12144251;182.895;69.645;982.172;1579.645;3609.502;280.976
5.865257;12147500;134;;;;;;;;;;;;;;
5.867757;12150000;137;;;;;;;;;;;;;;
5.870257;12152500;169;;;;;;;;;;;;;;
5.872757;12155000;155;;;;;;;;;;;;;;
5.875257;12157500;361;;;;;;;;;;;;;;
5.877757;12160000;221;;;;;;;;;;;;;;
5.880257;12162500;155;;;;;;;;;;;;;;
5.882757;12165000;151;;;;;;;;;;;;;;
5.885257;12167500;127;;;;;;;;;;;;;;
5.887757;12170000;138;;;;;;;;;;;;;;
5.890257;12172500;143;;;;;;;;;;;;;;
5.892757;12175000;153;;;;;;;;12176191;181.954;68.645;982.467;1465.662;3385.714;372.802
5.895257;12177500;172;12176623;331.185;52.052;962.407;-1764.003;-31466.371;-20766.814;;;;;;;
5.897757;12180000;142;;;;;;;;;;;;;;
5.900257;12182500;134;;;;;;;;;;;;;;
5.902757;12185000;150;;;;;;;;;;;;;;
5.905257;12187500;392;;;;;;;;;;;;;;
5.907757;12190000;232;;;;;;;;;;;;;;
5.910257;12192500;201;;;;;;;;;;;;;;
5.912757;12195000;185;;;;;;;;;;;;;;
5.915257;12197500;172;;;;;;;;;;;;;;
5.917757;12200000;167;;;;;;;;;;;;;;
5.920257;12202500;134;;;;;;;;;;;;;;
5.922757;12205000;143;;;;;;;;;;;;;;
5.925257;12207500;143;12208476;348.719;53.329;956.486;-1947.49;-33606.117;-20022.91;12208043;179.792;68.842;982.595;1457.129;3183.616;412.349
5.927757;12210000;137;;;;;;;;;;;;;;
5.930257;12212500;168;;;;;;;;;;;;;;
5.932757;12215000;153;;;;;;;;;;;;;;
5.935257;12217500;170;;;;;;;;;;;;;;
5.937757;12220000;333;;;;;;;;;;;;;;
5.940257;12222500;190;;;;;;;;;;;;;;
5.942757;12225000;157;;;;;;;;;;;;;;
5.945257;12227500;125;;;;;;;;;;;;;;
5.947757;12230000;157;;;;;;;;;;;;;;
5.950257;12232500;151;;;;;;;;;;;;;;
5.952757;12235000;169;;;;;;;;;;;;;;
5.955257;12237500;169;;;;;;;;12238431;179.361;68.109;981.607;1440.273;2870.873;433.732
5.957757;12240000;139;12238872;364.052;54.914;948.208;-2199.678;-35597.312;-19167.889;;;;;;;
5.960257;12242500;127;;;;;;;;;;;;;;
5.962757;12245000;143;;;;;;;;;;;;;;
5.965257;12247500;126;;;;;;;;;;;;;;
5.967757;12250000;157;;;;;;;;;;;;;;
5.970257;12252500;286;;;;;;;;;;;;;;
5.972757;12255000;205;;;;;;;;;;;;;;
5.975257;12257500;189;;;;;;;;;;;;;;
5.977757;12260000;151;;;;;;;;;;;;;;
5.980257;12262500;153;;;;;;;;;;;;;;
5.982757;12265000;125;;;;;;;;;;;;;;
5.985257;12267500;144;;;;;;;;;;;;;;
5.987757;12270000;139;12270796;378.741;60.763;944.791;-2425.694;-36401.32;-18401.557;12270371;177.371;70.73;979.045;1576.072;2828.392;412.045
5.990257;12272500;142;;;;;;;;;;;;;;
5.992757;12275000;153;;;;;;;;;;;;;;
5.995257;12277500;152;;;;;;;;;;;;;;
5.997757;12280000;156;;;;;;;;;;;;;;
6.000257;12282500;21;;;;;;;;;;;;;;
6.002757;12285000;255;;;;;;;;;;;;;;
6.005257;12287500;156;;;;;;;;;;;;;;
6.007757;12290000;141;;;;;;;;;;;;;;
6.010257;12292500;169;;;;;;;;;;;;;;
6.012757;12295000;153;;;;;;;;;;;;;;
6.015257;12297500;169;;;;;;;;;;;;;;
6.017757;12300000;139;;;;;;;;;;;;;;
6.020257;12302500;125;12302749;389.383;67.565;919.975;-2572.597;-37653.379;-17956.166;12302309;176.573;71.299;977.038;1693.706;2641.472;378.318
6.022757;12305000;141;;;;;;;;;;;;;;
6.025257;12307500;125;;;;;;;;;;;;;;
6.027757;12310000;154;;;;;;;;;;;;;;
6.030257;12312500;143;;;;;;;;;;;;;;
6.032757;12315000;366;;;;;;;;;;;;;;
6.035257;12317500;252;;;;;;;;;;;;;;
6.037757;12320000;170;;;;;;;;;;;;;;
6.040257;12322500;136;;;;;;;;;;;;;;
6.042757;12325000;126;;;;;;;;;;;;;;
6.045257;12327500;127;;;;;;;;;;;;;;
6.047757;12330000;156;;;;;;;;;;;;;;
6.050257;12332500;143;;;;;;;;;;;;;;
6.052757;12335000;172;12334682;404.86;67.499;906.916;-2730.092;-40273.898;-17212.795;12334246;176.431;71.388;977.096;1736.77;2527.773;358.089
6.055257;12337500;152;;;;;;;;;;;;;;
6.057757;12340000;141;;;;;;;;;;;;;;
6.060257;12342500;151;;;;;;;;;;;;;;
6.062757;12345000;377;;;;;;;;;;;;;;
6.065257;12347500;232;;;;;;;;;;;;;;
6.067757;12350000;172;;;;;;;;;;;;;;
6.070257;12352500;158;;;;;;;;;;;;;;
6.072757;12355000;156;;;;;;;;;;;;;;
6.075257;12357500;172;;;;;;;;;;;;;;
6.077757;12360000;168;;;;;;;;;;;;;;
6.080257;12362500;154;;;;;;;;;;;;;;
6.082757;12365000;142;;;;;;;;12366186;175.027;70.82;978.353;1721.244;2397.885;337.56
6.085257;12367500;127;12366619;424.298;66.734;895.358;-2860.462;-42953.703;-16175.843;;;;;;;
6.087757;12370000;137;;;;;;;;;;;;;;
6.090257;12372500;143;;;;;;;;;;;;;;
6.092757;12375000;154;;;;;;;;;;;;;;
6.095257;12377500;378;;;;;;;;;;;;;;
6.097757;12380000;219;;;;;;;;;;;;;;
6.100257;12382500;155;;;;;;;;;;;;;;
6.102757;12385000;134;;;;;;;;;;;;;;
6.105257;12387500;134;;;;;;;;;;;;;;
6.107757;12390000;155;;;;;;;;;;;;;;
6.110257;12392500;143;;;;;;;;;;;;;;
6.112757;12395000;170;;;;;;;;;;;;;;
6.115257;12397500;151;12396923;444.136;67.814;883.573;-2669.314;-45170.516;-15045.051;12396489;174.858;70.792;978.424;1614.182;2193.99;306.245
6.117757;12400000;156;;;;;;;;;;;;;;
6.120257;12402500;153;;;;;;;;;;;;;;
6.122757;12405000;124;;;;;;;;;;;;;;
6.125257;12407500;151;;;;;;;;;;;;;;
6.127757;12410000;333;;;;;;;;;;;;;;
6.130257;12412500;235;;;;;;;;;;;;;;
6.132757;12415000;199;;;;;;;;;;;;;;
6.135257;12417500;154;;;;;;;;;;;;;;
6.137757;12420000;159;12421048;460.939;67.553;869.724;-2337.661;-47013.551;-13965.985;12420619;173.875;71.157;978.7;1543.973;1924.603;198.62
6.140257;12422500;151;;;;;;;;;;;;;;
6.142757;12425000;141;;;;;;;;;;;;;;
6.145257;12427500;150;;;;;;;;;;;;;;
6.147757;12430000;136;;;;;;;;;;;;;;
6.150257;12432500;142;;;;;;;;;;;;;;
6.152757;12435000;171;;;;;;;;;;;;;;
6.155257;12437500;152;;;;;;;;;;;;;;
6.157757;12440000;158;;;;;;;;;;;;;;
6.160257;12442500;271;;;;;;;;;;;;;;
6.162757;12445000;172;;;;;;;;;;;;;;
6.165257;12447500;168;;;;;;;;;;;;;;
6.167757;12450000;156;;;;;;;;12450900;172.519;70.161;979.37;1528.899;1727.748;155.001
6.170257;12452500;151;12451337;475.962;71.532;852.632;-1428.465;-48818.246;-13224.373;;;;;;;
6.172757;12455000;153;;;;;;;;;;;;;;
6.175257;12457500;169;;;;;;;;;;;;;;
6.177757;12460000;138;;;;;;;;;;;;;;
6.180257;12462500;126;;;;;;;;;;;;;;
6.182757;12465000;123;;;;;;;;;;;;;;
6.185257;12467500;126;;;;;;;;;;;;;;
6.187757;12470000;156;;;;;;;;;;;;;;
6.190257;12472500;26;;;;;;;;;;;;;;
6.192757;12475000;265;;;;;;;;;;;;;;
6.195257;12477500;185;;;;;;;;;;;;;;
6.197757;12480000;153;;;;;;;;;;;;;;
6.200257;12482500;153;12481719;494.51;76.032;832.845;-953.229;-50888.832;-12559.217;12481290;169.859;67.586;984.026;1436.704;1447.986;130.626
6.202757;12485000;122;;;;;;;;;;;;;;
6.205257;12487500;123;;;;;;;;;;;;;;
6.207757;12490000;138;;;;;;;;;;;;;;
6.210257;12492500;143;;;;;;;;;;;;;;
6.212757;12495000;171;;;;;;;;;;;;;;
6.215257;12497500;153;;;;;;;;;;;;;;
6.217757;12500000;141;;;;;;;;;;;;;;
6.220257;12502500;37;;;;;;;;;;;;;;
6.222757;12505000;252;;;;;;;;;;;;;;
6.225257;12507500;188;;;;;;;;;;;;;;
6.227757;12510000;153;;;;;;;;;;;;;;
6.230257;12512500;170;12513579;516.083;77.36;814.371;-1035.943;-53616.703;-11870.006;12513141;169.308;66.939;983.936;1369.244;945.961;138.532
6.232757;12515000;153;;;;;;;;;;;;;;
6.235257;12517500;153;;;;;;;;;;;;;;
6.237757;12520000;158;;;;;;;;;;;;;;
6.240257;12522500;152;;;;;;;;;;;;;;
6.242757;12525000;124;;;;;;;;;;;;;;
6.245257;12527500;365;;;;;;;;;;;;;;
6.247757;12530000;248;;;;;;;;;;;;;;
6.250257;12532500;173;;;;;;;;;;;;;;
6.252757;12535000;183;;;;;;;;;;;;;;
6.255257;12537500;152;;;;;;;;;;;;;;
6.257757;12540000;158;;;;;;;;;;;;;;
6.260257;12542500;152;;;;;;;;;;;;;;
6.262757;12545000;124;12545429;535.316;73.333;790.189;-1583.521;-56066.43;-10751.068;12544992;171.317;66.789;985.467;1280.657;630.476;100.543
6.265257;12547500;144;;;;;;;;;;;;;;
6.267757;12550000;138;;;;;;;;;;;;;;
6.270257;12552500;167;;;;;;;;;;;;;;
6.272757;12555000;170;;;;;;;;;;;;;;
6.275257;12557500;394;;;;;;;;;;;;;;
6.277757;12560000;238;;;;;;;;;;;;;;
6.280257;12562500;160;;;;;;;;;;;;;;
6.282757;12565000;155;;;;;;;;;;;;;;
6.285257;12567500;142;;;;;;;;;;;;;;
6.287757;12570000;138;;;;;;;;;;;;;;
6.290257;12572500;141;;;;;;;;;;;;;;
6.292757;12575000;169;;;;;;;;;;;;;;
6.295257;12577500;142;12577275;557.216;68.831;765.295;-2051.22;-57855.984;-9726.14;12576845;175.677;65.627;985.878;1213.124;110.264;137.516
6.297757;12580000;159;;;;;;;;;;;;;;
6.300257;12582500;128;;;;;;;;;;;;;;
6.302757;12585000;152;;;;;;;;;;;;;;
6.305257;12587500;368;;;;;;;;;;;;;;
6.307757;12590000;255;;;;;;;;;;;;;;
6.310257;12592500;205;;;;;;;;;;;;;;
6.312757;12595000;171;;;;;;;;;;;;;;
6.315257;12597500;174;;;;;;;;;;;;;;
6.317757;12600000;166;;;;;;;;;;;;;;
6.320257;12602500;134;;;;;;;;;;;;;;
6.322757;12605000;144;;;;;;;;;;;;;;
6.325257;12607500;125;;;;;;;;12608610;176.506;64.548;986.208;1184.843;31.251;6.39
6.327757;12610000;136;12609046;575.55;67.512;740.005;-2142.471;-59021.871;-8607.646;;;;;;;
6.330257;12612500;159;;;;;;;;;;;;;;
6.332757;12615000;171;;;;;;;;;;;;;;
6.335257;12617500;152;;;;;;;;;;;;;;
6.337757;12620000;366;;;;;;;;;;;;;;
6.340257;12622500;236;;;;;;;;;;;;;;
6.342757;12625000;155;;;;;;;;;;;;;;
6.345257;12627500;127;;;;;;;;;;;;;;
6.347757;12630000;140;;;;;;;;;;;;;;
6.350257;12632500;152;;;;;;;;;;;;;;
6.352757;12635000;172;;;;;;;;;;;;;;
6.355257;12637500;153;;;;;;;;12638565;176.703;64.358;985.685;1335.163;19.189;-110.742
6.357757;12640000;165;12639004;594.011;70.279;714.009;-2525.785;-60267.277;-7794.451;;;;;;;
6.360257;12642500;135;;;;;;;;;;;;;;
6.362757;12645000;127;;;;;;;;;;;;;;
6.365257;12647500;153;;;;;;;;;;;;;;
6.367757;12650000;138;;;;;;;;;;;;;;
6.370257;12652500;330;;;;;;;;;;;;;;
6.372757;12655000;223;;;;;;;;;;;;;;
6.375257;12657500;175;;;;;;;;;;;;;;
6.377757;12660000;171;;;;;;;;;;;;;;
6.380257;12662500;137;;;;;;;;;;;;;;
6.382757;12665000;125;;;;;;;;;;;;;;
6.385257;12667500;126;;;;;;;;;;;;;;
6.387757;12670000;136;12670759;615.959;71.17;692.034;-3307.746;-61502.039;-6863.103;12670331;177.634;63.666;986.482;1349.342;-6.271;-165.142
6.390257;12672500;160;;;;;;;;;;;;;;
6.392757;12675000;154;;;;;;;;;;;;;;
6.395257;12677500;153;;;;;;;;;;;;;;
6.397757;12680000;141;;;;;;;;;;;;;;
6.400257;12682500;127;;;;;;;;;;;;;;
6.402757;12685000;288;;;;;;;;;;;;;;
6.405257;12687500;182;;;;;;;;;;;;;;
6.407757;12690000;153;;;;;;;;;;;;;;
6.410257;12692500;152;;;;;;;;;;;;;;
6.412757;12695000;154;;;;;;;;;;;;;;
6.415257;12697500;170;;;;;;;;;;;;;;
6.417757;12700000;141;;;;;;;;;;;;;;
6.420257;12702500;135;12702533;635.932;74.138;666.539;-2805.921;-62271.25;-6578.573;12702095;176.884;63.752;987.104;1350.563;-19.082;-191.885
6.422757;12705000;142;;;;;;;;;;;;;;
6.425257;12707500;151;;;;;;;;;;;;;;
6.427757;12710000;154;;;;;;;;;;;;;;
6.430257;12712500;141;;;;;;;;;;;;;;
6.432757;12715000;327;;;;;;;;;;;;;;
6.435257;12717500;279;;;;;;;;;;;;;;
6.437757;12720000;192;;;;;;;;;;;;;;
6.440257;12722500;157;;;;;;;;;;;;;;
6.442757;12725000;124;;;;;;;;;;;;;;
6.445257;12727500;144;;;;;;;;;;;;;;
6.447757;12730000;138;;;;;;;;;;;;;;
6.450257;12732500;170;;;;;;;;;;;;;;
6.452757;12735000;155;12734383;652.246;73.859;637.293;-1956.437;-62909.688;-6454.394;12733946;177.378;63.572;986.604;1299.222;-63.628;-198.041
6.455257;12737500;170;;;;;;;;;;;;;;
6.457757;12740000;166;;;;;;;;;;;;;;
6.460257;12742500;153;;;;;;;;;;;;;;
6.462757;12745000;345;;;;;;;;;;;;;;
6.465257;12747500;235;;;;;;;;;;;;;;
6.467757;12750000;191;;;;;;;;;;;;;;
6.470257;12752500;174;;;;;;;;;;;;;;
6.472757;12755000;155;;;;;;;;;;;;;;
6.475257;12757500;171;;;;;;;;;;;;;;
6.477757;12760000;139;;;;;;;;;;;;;;
6.480257;12762500;142;;;;;;;;;;;;;;
6.482757;12765000;142;12766055;668.513;74.443;605.484;-1221.615;-63243.203;-6608.987;12765625;177.049;63.364;986.806;1281.511;10.428;-254.639
6.485257;12767500;124;;;;;;;;;;;;;;
6.487757;12770000;155;;;;;;;;;;;;;;
6.490257;12772500;142;;;;;;;;;;;;;;
6.492757;12775000;153;;;;;;;;;;;;;;
6.495257;12777500;367;;;;;;;;;;;;;;
6.497757;12780000;219;;;;;;;;;;;;;;
6.500257;12782500;172;;;;;;;;;;;;;;
6.502757;12785000;125;;;;;;;;;;;;;;
6.505257;12787500;151;;;;;;;;;;;;;;
6.507757;12790000;157;;;;;;;;;;;;;;
6.510257;12792500;143;;;;;;;;;;;;;;
6.512757;12795000;153;;;;;;;;12795842;176.694;64.368;986.705;1319.373;327.969;-388.907
6.515257;12797500;142;12796278;687.333;71.196;578.699;-102.66;-63077.043;-7463.725;;;;;;;
6.517757;12800000;158;;;;;;;;;;;;;;
6.520257;12802500;126;;;;;;;;;;;;;;
6.522757;12805000;124;;;;;;;;;;;;;;
6.525257;12807500;126;;;;;;;;;;;;;;
6.527757;12810000;300;;;;;;;;;;;;;;
6.530257;12812500;231;;;;;;;;;;;;;;
6.532757;12815000;172;;;;;;;;;;;;;;
6.535257;12817500;156;;;;;;;;;;;;;;
6.537757;12820000;140;12820225;702.987;66.654;549.861;651.036;-62547.754;-7621.664;12819797;175.692;64.194;987.225;1301.529;351.821;-404.461
6.540257;12822500;127;;;;;;;;;;;;;;
6.542757;12825000;141;;;;;;;;;;;;;;
6.545257;12827500;124;;;;;;;;;;;;;;
6.547757;12830000;155;;;;;;;;;;;;;;
6.550257;12832500;141;;;;;;;;;;;;;;
6.552757;12835000;151;;;;;;;;;;;;;;
6.555257;12837500;170;;;;;;;;;;;;;;
6.557757;12840000;0;;;;;;;;;;;;;;
6.560257;12842500;253;;;;;;;;;;;;;;
6.562757;12845000;160;;;;;;;;;;;;;;
6.565257;12847500;142;;;;;;;;;;;;;;
6.567757;12850000;159;12850345;718.065;66.53;524.204;1507.484;-61998.555;-6591.768;12849905;175.85;64.193;987.438;1305.578;234.48;-405.238
6.570257;12852500;151;;;;;;;;;;;;;;
6.572757;12855000;171;;;;;;;;;;;;;;
6.575257;12857500;151;;;;;;;;;;;;;;
6.577757;12860000;138;;;;;;;;;;;;;;
6.580257;12862500;124;;;;;;;;;;;;;;
6.582757;12865000;142;;;;;;;;;;;;;;
6.585257;12867500;151;;;;;;;;;;;;;;
6.587757;12870000;139;;;;;;;;;;;;;;
6.590257;12872500;377;;;;;;;;;;;;;;
6.592757;12875000;266;;;;;;;;;;;;;;
6.595257;12877500;186;;;;;;;;;;;;;;
6.597757;12880000;173;12880549;730.931;69.834;499.238;2800.61;-61269.0;-5416.929;12880121;178.8;63.447;986.201;1369.361;123.881;-405.976
6.600257;12882500;156;;;;;;;;;;;;;;
6.602757;12885000;151;;;;;;;;;;;;;;
6.605257;12887500;125;;;;;;;;;;;;;;
6.607757;12890000;156;;;;;;;;;;;;;;
6.610257;12892500;143;;;;;;;;;;;;;;
6.612757;12895000;154;;;;;;;;;;;;;;
6.615257;12897500;169;;;;;;;;;;;;;;
6.617757;12900000;138;;;;;;;;;;;;;;
6.620257;12902500;408;;;;;;;;;;;;;;
6.622757;12905000;238;;;;;;;;;;;;;;
6.625257;12907500;156;;;;;;;;;;;;;;
6.627757;12910000;168;;;;;;;;;;;;;;
6.630257;12912500;150;12912326;742.154;71.088;468.677;3137.892;-60606.988;-4443.02;12911886;178.9;63.057;985.6;1340.706;-81.376;-350.678
6.632757;12915000;172;;;;;;;;;;;;;;
6.635257;12917500;143;;;;;;;;;;;;;;
6.637757;12920000;156;;;;;;;;;;;;;;
6.640257;12922500;151;;;;;;;;;;;;;;
6.642757;12925000;123;;;;;;;;;;;;;;
6.645257;12927500;302;;;;;;;;;;;;;;
6.647757;12930000;201;;;;;;;;;;;;;;
6.650257;12932500;170;;;;;;;;;;;;;;
6.652757;12935000;176;;;;;;;;;;;;;;
6.655257;12937500;154;;;;;;;;;;;;;;
6.657757;12940000;159;;;;;;;;;;;;;;
6.660257;12942500;136;;;;;;;;12943650;179.178;63.271;985.632;1306.92;-224.307;-316.956
6.662757;12945000;124;12944086;753.529;69.608;439.832;3281.997;-59529.199;-3833.244;;;;;;;
6.665257;12947500;143;;;;;;;;;;;;;;
6.667757;12950000;136;;;;;;;;;;;;;;
6.670257;12952500;169;;;;;;;;;;;;;;
6.672757;12955000;153;;;;;;;;;;;;;;
6.675257;12957500;344;;;;;;;;;;;;;;
6.677757;12960000;220;;;;;;;;;;;;;;
6.680257;12962500;152;;;;;;;;;;;;;;
6.682757;12965000;150;;;;;;;;;;;;;;
6.685257;12967500;126;;;;;;;;;;;;;;
6.687757;12970000;138;;;;;;;;;;;;;;
6.690257;12972500;142;;;;;;;;;;;;;;
6.692757;12975000;151;12975848;765.891;67.335;411.972;3166.022;-57875.301;-3571.582;12975416;178.942;63.176;985.584;1291.449;-387.217;-261.296
6.695257;12977500;169;;;;;;;;;;;;;;
6.697757;12980000;138;;;;;;;;;;;;;;
6.700257;12982500;127;;;;;;;;;;;;;;
6.702757;12985000;124;;;;;;;;;;;;;;
6.705257;12987500;329;;;;;;;;;;;;;;
6.707757;12990000;232;;;;;;;;;;;;;;
6.710257;12992500;170;;;;;;;;;;;;;;
6.712757;12995000;158;;;;;;;;;;;;;;
6.715257;12997500;152;;;;;;;;;;;;;;
6.717757;13000000;140;;;;;;;;;;;;;;
6.720257;13002500;134;;;;;;;;;;;;;;
6.722757;13005000;143;;;;;;;;;;;;;;
6.725257;13007500;126;13007702;777.628;64.701;384.95;3422.034;-55543.723;-3295.878;13007268;179.56;63.329;985.477;1312.189;-545.043;-168.606
6.727757;13010000;140;;;;;;;;;;;;;;
6.730257;13012500;152;;;;;;;;;;;;;;
6.732757;13015000;172;;;;;;;;;;;;;;
6.735257;13017500;153;;;;;;;;;;;;;;
6.737757;13020000;302;;;;;;;;;;;;;;
6.740257;13022500;183;;;;;;;;;;;;;;
6.742757;13025000;139;;;;;;;;;;;;;;
6.745257;13027500;153;;;;;;;;;;;;;;
6.747757;13030000;139;;;;;;;;;;;;;;
6.750257;13032500;151;;;;;;;;;;;;;;
6.752757;13035000;153;;;;;;;;;;;;;;
6.755257;13037500;151;13038011;788.23;64.571;358.371;3361.182;-52609.035;-3043.146;13037570;180.287;62.92;984.881;1352.017;-577.729;-114.238
6.757757;13040000;157;;;;;;;;;;;;;;
6.760257;13042500;126;;;;;;;;;;;;;;
6.762757;13045000;125;;;;;;;;;;;;;;
6.765257;13047500;127;;;;;;;;;;;;;;
6.767757;13050000;17;;;;;;;;;;;;;;
6.770257;13052500;265;;;;;;;;;;;;;;
6.772757;13055000;208;;;;;;;;;;;;;;
6.775257;13057500;186;;;;;;;;;;;;;;
6.777757;13060000;140;;;;;;;;;;;;;;
6.780257;13062500;152;;;;;;;;;;;;;;
6.782757;13065000;123;;;;;;;;;;;;;;
6.785257;13067500;152;;;;;;;;;;;;;;
6.787757;13070000;156;13069849;799.845;64.898;333.858;3021.623;-49443.957;-2890.114;13069423;180.771;62.732;984.864;1497.042;-628.905;-101.526
6.790257;13072500;170;;;;;;;;;;;;;;
6.792757;13075000;170;;;;;;;;;;;;;;
6.795257;13077500;152;;;;;;;;;;;;;;
6.797757;13080000;141;;;;;;;;;;;;;;
6.800257;13082500;366;;;;;;;;;;;;;;
6.802757;13085000;221;;;;;;;;;;;;;;
6.805257;13087500;170;;;;;;;;;;;;;;
6.807757;13090000;140;;;;;;;;;;;;;;
6.810257;13092500;171;;;;;;;;;;;;;;
6.812757;13095000;172;;;;;;;;;;;;;;
6.815257;13097500;153;;;;;;;;;;;;;;
6.817757;13100000;166;;;;;;;;;;;;;;
6.820257;13102500;128;13101714;810.892;64.484;311.864;2825.479;-45974.258;-2815.171;13101274;180.943;62.652;984.988;1522.377;-530.084;-115.263
6.822757;13105000;142;;;;;;;;;;;;;;
6.825257;13107500;124;;;;;;;;;;;;;;
6.827757;13110000;139;;;;;;;;;;;;;;
6.830257;13112500;170;;;;;;;;;;;;;;
6.832757;13115000;344;;;;;;;;;;;;;;
6.835257;13117500;236;;;;;;;;;;;;;;
6.837757;13120000;167;;;;;;;;;;;;;;
6.840257;13122500;139;;;;;;;;;;;;;;
6.842757;13125000;153;;;;;;;;;;;;;;
6.845257;13127500;135;;;;;;;;;;;;;;
6.847757;13130000;167;;;;;;;;;;;;;;
6.850257;13132500;170;13133560;821.19;63.309;291.263;2588.393;-42306.168;-2791.225;13133125;180.93;62.874;985.002;1567.008;-476.018;-144.062
6.852757;13135000;170;;;;;;;;;;;;;;
6.855257;13137500;153;;;;;;;;;;;;;;
6.857757;13140000;139;;;;;;;;;;;;;;
6.860257;13142500;154;;;;;;;;;;;;;;
6.862757;13145000;343;;;;;;;;;;;;;;
6.865257;13147500;203;;;;;;;;;;;;;;
6.867757;13150000;159;;;;;;;;;;;;;;
6.870257;13152500;154;;;;;;;;;;;;;;
6.872757;13155000;173;;;;;;;;;;;;;;
6.875257;13157500;153;;;;;;;;;;;;;;
6.877757;13160000;159;;;;;;;;;;;;;;
6.880257;13162500;135;;;;;;;;;;;;;;
6.882757;13165000;124;13165410;831.81;61.632;272.564;2492.661;-38424.672;-2612.726;13164978;180.991;63.397;984.985;1596.72;-467.092;-154.359
6.885257;13167500;127;;;;;;;;;;;;;;
6.887757;13170000;138;;;;;;;;;;;;;;
6.890257;13172500;143;;;;;;;;;;;;;;
6.892757;13175000;151;;;;;;;;;;;;;;
6.895257;13177500;297;;;;;;;;;;;;;;
6.897757;13180000;192;;;;;;;;;;;;;;
6.900257;13182500;152;;;;;;;;;;;;;;
6.902757;13185000;135;;;;;;;;;;;;;;
6.905257;13187500;136;;;;;;;;;;;;;;
6.907757;13190000;139;;;;;;;;;;;;;;
6.910257;13192500;169;;;;;;;;;;;;;;
6.912757;13195000;171;13195714;840.514;58.746;255.416;1993.09;-34441.062;-1965.402;13195281;181.299;63.374;984.951;1547.072;-416.175;-174.203
6.915257;13197500;154;;;;;;;;;;;;;;
6.917757;13200000;141;;;;;;;;;;;;;;
6.920257;13202500;128;;;;;;;;;;;;;;
6.922757;13205000;151;;;;;;;;;;;;;;
6.925257;13207500;377;;;;;;;;;;;;;;
6.927757;13210000;272;;;;;;;;;;;;;;
6.930257;13212500;189;;;;;;;;;;;;;;
6.932757;13215000;168;;;;;;;;;;;;;;
6.935257;13217500;173;;;;;;;;;;;;;;
6.937757;13220000;159;13219753;847.447;57.699;239.077;2155.498;-30011.76;-1323.757;13219324;181.579;63.298;984.759;1590.905;-296.928;-253.431
6.940257;13222500;154;;;;;;;;;;;;;;
6.942757;13225000;124;;;;;;;;;;;;;;
6.945257;13227500;143;;;;;;;;;;;;;;
6.947757;13230000;139;;;;;;;;;;;;;;
6.950257;13232500;169;;;;;;;;;;;;;;
6.952757;13235000;155;;;;;;;;;;;;;;
6.955257;13237500;170;;;;;;;;;;;;;;
6.957757;13240000;390;;;;;;;;;;;;;;
6.960257;13242500;216;;;;;;;;;;;;;;
6.962757;13245000;170;;;;;;;;;;;;;;
6.965257;13247500;137;;;;;;;;;;;;;;
6.967757;13250000;158;13250042;855.485;58.304;225.647;2395.098;-25669.609;-1485.507;13249605;181.827;63.623;984.352;1646.548;-32.27;-374.197
6.970257;13252500;168;;;;;;;;;;;;;;
6.972757;13255000;152;;;;;;;;;;;;;;
6.975257;13257500;152;;;;;;;;;;;;;;
6.977757;13260000;139;;;;;;;;;;;;;;
6.980257;13262500;126;;;;;;;;;;;;;;
6.982757;13265000;142;;;;;;;;;;;;;;
6.985257;13267500;136;;;;;;;;;;;;;;
6.987757;13270000;159;;;;;;;;;;;;;;
6.990257;13272500;350;;;;;;;;;;;;;;
6.992757;13275000;220;;;;;;;;;;;;;;
6.995257;13277500;198;;;;;;;;;;;;;;
6.997757;13280000;143;13280251;863.365;57.822;214.932;2790.281;-21269.379;-1634.356;13279821;181.355;63.717;984.867;1660.908;178.469;-450.862
7.000257;13282500;155;;;;;;;;;;;;;;
7.002757;13285000;152;;;;;;;;;;;;;;
7.005257;13287500;152;;;;;;;;;;;;;;
7.007757;13290000;158;;;;;;;;;;;;;;
7.010257;13292500;152;;;;;;;;;;;;;;
7.012757;13295000;156;;;;;;;;;;;;;;
7.015257;13297500;154;;;;;;;;;;;;;;
7.017757;13300000;156;;;;;;;;;;;;;;
7.020257;13302500;360;;;;;;;;;;;;;;
7.022757;13305000;204;;;;;;;;;;;;;;
7.025257;13307500;154;;;;;;;;;;;;;;
7.027757;13310000;152;;;;;;;;;;;;;;
7.030257;13312500;144;13312023;871.559;57.719;209.212;2712.454;-16815.723;-1975.264;13311586;180.858;63.612;985.241;1684.612;253.546;-450.631
7.032757;13315000;154;;;;;;;;;;;;;;
7.035257;13317500;153;;;;;;;;;;;;;;
7.037757;13320000;158;;;;;;;;;;;;;;
7.040257;13322500;128;;;;;;;;;;;;;;
7.042757;13325000;143;;;;;;;;;;;;;;
7.045257;13327500;279;;;;;;;;;;;;;;
7.047757;13330000;188;;;;;;;;;;;;;;
7.050257;13332500;185;;;;;;;;;;;;;;
7.052757;13335000;155;;;;;;;;;;;;;;
7.055257;13337500;153;;;;;;;;;;;;;;
7.057757;13340000;139;;;;;;;;;;;;;;
7.060257;13342500;127;13343613;878.721;58.841;205.546;2295.081;-12486.749;-2308.75;13343176;181.428;62.993;984.779;1693.569;159.493;-411.037
7.062757;13345000;142;;;;;;;;;;;;;;
7.065257;13347500;127;;;;;;;;;;;;;;
7.067757;13350000;158;;;;;;;;;;;;;;
7.070257;13352500;152;;;;;;;;;;;;;;
7.072757;13355000;154;;;;;;;;;;;;;;
7.075257;13357500;328;;;;;;;;;;;;;;
7.077757;13360000;199;;;;;;;;;;;;;;
7.080257;13362500;168;;;;;;;;;;;;;;
7.082757;13365000;126;;;;;;;;;;;;;;
7.085257;13367500;127;;;;;;;;;;;;;;
7.087757;13370000;157;;;;;;;;;;;;;;
7.090257;13372500;151;;;;;;;;;;;;;;
7.092757;13375000;153;13375372;885.274;58.18;202.546;1845.64;-8002.349;-2773.875;13374942;181.086;62.979;984.365;1579.578;79.331;-399.673
7.095257;13377500;144;;;;;;;;;;;;;;
7.097757;13380000;137;;;;;;;;;;;;;;
7.100257;13382500;126;;;;;;;;;;;;;;
7.102757;13385000;124;;;;;;;;;;;;;;
7.105257;13387500;329;;;;;;;;;;;;;;
7.107757;13390000;203;;;;;;;;;;;;;;
7.110257;13392500;170;;;;;;;;;;;;;;
7.112757;13395000;156;;;;;;;;;;;;;;
7.115257;13397500;171;;;;;;;;;;;;;;
7.117757;13400000;159;;;;;;;;;;;;;;
7.120257;13402500;153;;;;;;;;;;;;;;
7.122757;13405000;141;;;;;;;;;;;;;;
7.125257;13407500;125;13406970;892.184;57.552;201.478;940.483;-3431.106;-3118.182;13406533;182.328;63.209;983.105;1617.412;14.552;-389.314
7.127757;13410000;136;;;;;;;;;;;;;;
7.130257;13412500;141;;;;;;;;;;;;;;
7.132757;13415000;171;;;;;;;;;;;;;;
7.135257;13417500;0;;;;;;;;;;;;;;
7.137757;13420000;269;;;;;;;;;;;;;;
7.140257;13422500;182;;;;;;;;;;;;;;
7.142757;13425000;142;;;;;;;;;;;;;;
7.145257;13427500;153;;;;;;;;;;;;;;
7.147757;13430000;166;;;;;;;;;;;;;;
7.150257;13432500;153;;;;;;;;;;;;;;
7.152757;13435000;172;;;;;;;;;;;;;;
7.155257;13437500;153;13436753;895.258;58.274;202.603;-198.542;673.574;-3030.085;13436315;182.551;64.045;983.829;1653.791;-32.988;-371.598
7.157757;13440000;159;;;;;;;;;;;;;;
7.160257;13442500;152;;;;;;;;;;;;;;
7.162757;13445000;125;;;;;;;;;;;;;;
7.165257;13447500;150;;;;;;;;;;;;;;
7.167757;13450000;396;;;;;;;;;;;;;;
7.170257;13452500;266;;;;;;;;;;;;;;
7.172757;13455000;214;;;;;;;;;;;;;;
7.175257;13457500;167;;;;;;;;;;;;;;
7.177757;13460000;150;;;;;;;;;;;;;;
7.180257;13462500;153;;;;;;;;;;;;;;
7.182757;13465000;150;;;;;;;;;;;;;;
7.185257;13467500;153;13468249;895.745;59.764;204.191;-696.552;4605.833;-3027.331;13467820;183.116;63.606;983.95;1733.852;7.161;-373.581
7.187757;13470000;139;;;;;;;;;;;;;;
7.190257;13472500;170;;;;;;;;;;;;;;
7.192757;13475000;154;;;;;;;;;;;;;;
7.195257;13477500;172;;;;;;;;;;;;;;
7.197757;13480000;156;;;;;;;;;;;;;;
7.200257;13482500;314;;;;;;;;;;;;;;
7.202757;13485000;206;;;;;;;;;;;;;;
7.205257;13487500;151;;;;;;;;;;;;;;
7.207757;13490000;166;;;;;;;;;;;;;;
7.210257;13492500;151;;;;;;;;;;;;;;
7.212757;13495000;154;;;;;;;;;;;;;;
7.215257;13497500;153;;;;;;;;;;;;;;
7.217757;13500000;140;13499681;896.903;61.613;209.634;-1184.099;8255.729;-3188.339;13499238;183.068;64.348;983.241;1840.534;217.678;-452.027
7.220257;13502500;152;;;;;;;;;;;;;;
7.222757;13505000;124;;;;;;;;;;;;;;
7.225257;13507500;126;;;;;;;;;;;;;;
7.227757;13510000;157;;;;;;;;;;;;;;
7.230257;13512500;0;;;;;;;;;;;;;;
7.232757;13515000;283;;;;;;;;;;;;;;
7.235257;13517500;200;;;;;;;;;;;;;;
7.237757;13520000;154;;;;;;;;;;;;;;
7.240257;13522500;156;;;;;;;;;;;;;;
7.242757;13525000;126;;;;;;;;;;;;;;
7.245257;13527500;125;;;;;;;;;;;;;;
7.247757;13530000;138;;;;;;;;13530915;182.54;64.333;983.264;1906.445;334.982;-534.426
7.250257;13532500;152;13531352;898.967;61.979;217.385;-1917.644;11978.191;-3714.922;;;;;;;
7.252757;13535000;171;;;;;;;;;;;;;;
7.255257;13537500;144;;;;;;;;;;;;;;
7.257757;13540000;157;;;;;;;;;;;;;;
7.260257;13542500;364;;;;;;;;;;;;;;
7.262757;13545000;238;;;;;;;;;;;;;;
7.265257;13547500;187;;;;;;;;;;;;;;
7.267757;13550000;170;;;;;;;;;;;;;;
7.270257;13552500;152;;;;;;;;;;;;;;
7.272757;13555000;155;;;;;;;;;;;;;;
7.275257;13557500;152;;;;;;;;;;;;;;
7.277757;13560000;157;;;;;;;;;;;;;;
7.280257;13562500;128;13563111;901.69;60.93;229.318;-1975.325;15751.219;-4270.301;13562681;181.276;64.593;983.632;1978.248;525.608;-556.704
7.282757;13565000;151;;;;;;;;;;;;;;
7.285257;13567500;126;;;;;;;;;;;;;;
7.287757;13570000;156;;;;;;;;;;;;;;
7.290257;13572500;151;;;;;;;;;;;;;;
7.292757;13575000;376;;;;;;;;;;;;;;
7.295257;13577500;249;;;;;;;;;;;;;;
7.297757;13580000;186;;;;;;;;;;;;;;
7.300257;13582500;157;;;;;;;;;;;;;;
7.302757;13585000;125;;;;;;;;;;;;;;
7.305257;13587500;126;;;;;;;;;;;;;;
7.307757;13590000;139;;;;;;;;;;;;;;
7.310257;13592500;152;13593334;902.776;58.53;242.472;-1147.246;19763.031;-4477.661;13592897;179.88;65.231;984.044;1996.148;434.577;-510.932
7.312757;13595000;171;;;;;;;;;;;;;;
7.315257;13597500;171;;;;;;;;;;;;;;
7.317757;13600000;141;;;;;;;;;;;;;;
7.320257;13602500;136;;;;;;;;;;;;;;
7.322757;13605000;142;;;;;;;;;;;;;;
7.325257;13607500;288;;;;;;;;;;;;;;
7.327757;13610000;208;;;;;;;;;;;;;;
7.330257;13612500;159;;;;;;;;;;;;;;
7.332757;13615000;157;13615714;904.229;62.051;258.127;-135.259;24157.441;-4261.215;13615283;178.267;64.116;986.014;1980.34;356.849;-518.635
7.335257;13617500;170;;;;;;;;;;;;;;
7.337757;13620000;157;;;;;;;;;;;;;;
7.340257;13622500;127;;;;;;;;;;;;;;
7.342757;13625000;142;;;;;;;;;;;;;;
7.345257;13627500;151;;;;;;;;;;;;;;
7.347757;13630000;137;;;;;;;;;;;;;;
7.350257;13632500;168;;;;;;;;;;;;;;
7.352757;13635000;153;;;;;;;;;;;;;;
7.355257;13637500;411;;;;;;;;;;;;;;
7.357757;13640000;254;;;;;;;;;;;;;;
7.360257;13642500;167;;;;;;;;;;;;;;
7.362757;13645000;156;;;;;;;;;;;;;;
7.365257;13647500;135;13647396;904.438;58.9;271.018;46.504;28121.256;-3753.279;13646960;177.588;65.876;986.41;1992.011;221.319;-464.703
7.367757;13650000;167;;;;;;;;;;;;;;
7.370257;13652500;169;;;;;;;;;;;;;;
7.372757;13655000;155;;;;;;;;;;;;;;
7.375257;13657500;152;;;;;;;;;;;;;;
7.377757;13660000;140;;;;;;;;;;;;;;
7.380257;13662500;135;;;;;;;;;;;;;;
7.382757;13665000;152;;;;;;;;;;;;;;
7.385257;13667500;152;;;;;;;;;;;;;;
7.387757;13670000;342;;;;;;;;;;;;;;
7.390257;13672500;221;;;;;;;;;;;;;;
7.392757;13675000;183;;;;;;;;;;;;;;
7.395257;13677500;183;13677346;897.829;65.483;282.935;-1102.508;31782.756;-2708.552;13676917;176.968;66.065;986.915;1937.473;75.065;-406.906
7.397757;13680000;150;;;;;;;;;;;;;;
7.400257;13682500;136;;;;;;;;;;;;;;
7.402757;13685000;124;;;;;;;;;;;;;;
7.405257;13687500;153;;;;;;;;;;;;;;
7.407757;13690000;158;;;;;;;;;;;;;;
7.410257;13692500;171;;;;;;;;;;;;;;
7.412757;13695000;154;;;;;;;;;;;;;;
7.415257;13697500;154;;;;;;;;;;;;;;
7.417757;13700000;366;;;;;;;;;;;;;;
7.420257;13702500;207;;;;;;;;;;;;;;
7.422757;13705000;170;;;;;;;;;;;;;;
7.425257;13707500;136;;;;;;;;13708595;177.166;66.251;985.802;2111.412;250.249;-373.873
7.427757;13710000;141;13709031;887.33;75.214;296.287;-689.508;34872.242;-2057.312;;;;;;;
7.430257;13712500;170;;;;;;;;;;;;;;
7.432757;13715000;155;;;;;;;;;;;;;;
7.435257;13717500;144;;;;;;;;;;;;;;
7.437757;13720000;138;;;;;;;;;;;;;;
7.440257;13722500;334;;;;;;;;;;;;;;
7.442757;13725000;220;;;;;;;;;;;;;;
7.445257;13727500;154;;;;;;;;;;;;;;
7.447757;13730000;150;;;;;;;;;;;;;;
7.450257;13732500;152;;;;;;;;;;;;;;
7.452757;13735000;152;;;;;;;;;;;;;;
7.455257;13737500;171;;;;;;;;;;;;;;
7.457757;13740000;140;13740711;881.656;75.174;315.309;-2090.907;36812.379;-1393.134;13740272;178.117;66.526;985.47;2171.654;497.612;-356.054
7.460257;13742500;126;;;;;;;;;;;;;;
7.462757;13745000;125;;;;;;;;;;;;;;
7.465257;13747500;151;;;;;;;;;;;;;;
7.467757;13750000;156;;;;;;;;;;;;;;
7.470257;13752500;170;;;;;;;;;;;;;;
7.472757;13755000;328;;;;;;;;;;;;;;
7.475257;13757500;203;;;;;;;;;;;;;;
7.477757;13760000;174;;;;;;;;;;;;;;
7.480257;13762500;156;;;;;;;;;;;;;;
7.482757;13765000;125;;;;;;;;;;;;;;
7.485257;13767500;127;;;;;;;;;;;;;;
7.487757;13770000;139;;;;;;;;;;;;;;
7.490257;13772500;171;13772467;875.448;69.287;335.771;-2758.112;38930.258;-825.165;13772038;175.848;66.865;987.327;2227.133;654.731;-367.126
7.492757;13775000;154;;;;;;;;;;;;;;
7.495257;13777500;173;;;;;;;;;;;;;;
7.497757;13780000;160;;;;;;;;;;;;;;
7.500257;13782500;135;;;;;;;;;;;;;;
7.502757;13785000;298;;;;;;;;;;;;;;
7.505257;13787500;183;;;;;;;;;;;;;;
7.507757;13790000;171;;;;;;;;;;;;;;
7.510257;13792500;171;;;;;;;;;;;;;;
7.512757;13795000;172;;;;;;;;;;;;;;
7.515257;13797500;170;;;;;;;;;;;;;;
7.517757;13800000;140;;;;;;;;;;;;;;
7.520257;13802500;127;;;;;;;;13803716;176.065;66.212;986.968;2242.652;628.995;-447.208
7.522757;13805000;151;13804153;868.117;62.833;357.01;-3094.019;41560.871;461.218;;;;;;;
7.525257;13807500;151;;;;;;;;;;;;;;
7.527757;13810000;157;;;;;;;;;;;;;;
7.530257;13812500;151;;;;;;;;;;;;;;
7.532757;13815000;351;;;;;;;;;;;;;;
7.535257;13817500;280;;;;;;;;;;;;;;
7.537757;13820000;189;;;;;;;;;;;;;;
7.540257;13822500;157;;;;;;;;;;;;;;
7.542757;13825000;124;;;;;;;;;;;;;;
7.545257;13827500;144;;;;;;;;;;;;;;
7.547757;13830000;155;;;;;;;;;;;;;;
7.550257;13832500;167;;;;;;;;13833670;175.826;66.476;987.304;2310.769;755.482;-561.785
7.552757;13835000;153;13834108;856.229;62.748;378.133;-3748.256;44039.828;2106.345;;;;;;;
7.555257;13837500;152;;;;;;;;;;;;;;
7.557757;13840000;141;;;;;;;;;;;;;;
7.560257;13842500;127;;;;;;;;;;;;;;
7.562757;13845000;124;;;;;;;;;;;;;;
7.565257;13847500;345;;;;;;;;;;;;;;
7.567757;13850000;219;;;;;;;;;;;;;;
7.570257;13852500;172;;;;;;;;;;;;;;
7.572757;13855000;157;;;;;;;;13855971;176.337;66.117;986.8;2294.105;674.396;-640.008
7.575257;13857500;152;13856400;840.831;61.794;397.192;-5100.405;45634.023;3472.778;;;;;;;
7.577757;13860000;138;;;;;;;;;;;;;;
7.580257;13862500;128;;;;;;;;;;;;;;
7.582757;13865000;143;;;;;;;;;;;;;;
7.585257;13867500;153;;;;;;;;;;;;;;
7.587757;13870000;140;;;;;;;;;;;;;;
7.590257;13872500;144;;;;;;;;;;;;;;
7.592757;13875000;155;;;;;;;;;;;;;;
7.595257;13877500;171;;;;;;;;;;;;;;
7.597757;13880000;296;;;;;;;;;;;;;;
7.600257;13882500;187;;;;;;;;;;;;;;
7.602757;13885000;142;;;;;;;;;;;;;;
7.605257;13887500;139;13887825;829.717;57.93;418.91;-5969.76;46900.445;4840.014;13887388;175.359;66.697;986.638;2404.713;804.301;-763.758
7.607757;13890000;159;;;;;;;;;;;;;;
7.610257;13892500;170;;;;;;;;;;;;;;
7.612757;13895000;170;;;;;;;;;;;;;;
7.615257;13897500;152;;;;;;;;;;;;;;
7.617757;13900000;141;;;;;;;;;;;;;;
7.620257;13902500;154;;;;;;;;;;;;;;
7.622757;13905000;126;;;;;;;;;;;;;;
7.625257;13907500;137;;;;;;;;;;;;;;
7.627757;13910000;25;;;;;;;;;;;;;;
7.630257;13912500;267;;;;;;;;;;;;;;
7.632757;13915000;218;;;;;;;;;;;;;;
7.635257;13917500;167;13917949;819.951;47.323;442.379;-5711.521;49069.109;5411.763;13917518;177.437;68.053;985.954;2406.102;804.773;-831.445
7.637757;13920000;141;;;;;;;;;;;;;;
7.640257;13922500;128;;;;;;;;;;;;;;
7.642757;13925000;142;;;;;;;;;;;;;;
7.645257;13927500;126;;;;;;;;;;;;;;
7.647757;13930000;158;;;;;;;;;;;;;;
7.650257;13932500;153;;;;;;;;;;;;;;
7.652757;13935000;174;;;;;;;;;;;;;;
7.655257;13937500;171;;;;;;;;;;;;;;
7.657757;13940000;0;;;;;;;;;;;;;;
7.660257;13942500;264;;;;;;;;;;;;;;
7.662757;13945000;167;;;;;;;;;;;;;;
7.665257;13947500;157;;;;;;;;;;;;;;
7.667757;13950000;160;13949632;807.764;39.967;465.546;-4822.195;51946.59;6160.112;13949196;174.293;66.865;991.031;2367.172;897.535;-904.497
7.670257;13952500;152;;;;;;;;;;;;;;
7.672757;13955000;172;;;;;;;;;;;;;;
7.675257;13957500;170;;;;;;;;;;;;;;
7.677757;13960000;138;;;;;;;;;;;;;;
7.680257;13962500;20;;;;;;;;;;;;;;
7.682757;13965000;223;;;;;;;;;;;;;;
7.685257;13967500;183;;;;;;;;;;;;;;
7.687757;13970000;170;;;;;;;;;;;;;;
7.690257;13972500;173;;;;;;;;;;;;;;
7.692757;13975000;174;;;;;;;;;;;;;;
7.695257;13977500;152;;;;;;;;;;;;;;
7.697757;13980000;158;;;;;;;;13980874;174.923;67.419;989.664;2372.188;769.096;-931.023
7.700257;13982500;152;13981305;787.664;39.841;484.475;-2772.023;55067.82;6678.106;;;;;;;
7.702757;13985000;144;;;;;;;;;;;;;;
7.705257;13987500;154;;;;;;;;;;;;;;
7.707757;13990000;140;;;;;;;;;;;;;;
7.710257;13992500;169;;;;;;;;;;;;;;
7.712757;13995000;345;;;;;;;;;;;;;;
7.715257;13997500;216;;;;;;;;;;;;;;
7.717757;14000000;185;;;;;;;;;;;;;;
7.720257;14002500;138;;;;;;;;;;;;;;
7.722757;14005000;153;;;;;;;;;;;;;;
7.725257;14007500;134;;;;;;;;;;;;;;
7.727757;14010000;142;;;;;;;;;;;;;;
7.730257;14012500;154;14012988;765.477;40.186;502.768;-1507.734;57141.805;7325.076;14012552;174.601;67.19;989.719;2230.829;796.266;-995.596
7.732757;14015000;156;;;;;;;;;;;;;;
7.735257;14017500;170;;;;;;;;;;;;;;
7.737757;14020000;140;;;;;;;;;;;;;;
7.740257;14022500;135;;;;;;;;;;;;;;
7.742757;14025000;318;;;;;;;;;;;;;;
7.745257;14027500;202;;;;;;;;;;;;;;
7.747757;14030000;187;;;;;;;;;;;;;;
7.750257;14032500;157;;;;;;;;;;;;;;
7.752757;14035000;157;;;;;;;;;;;;;;
7.755257;14037500;155;;;;;;;;;;;;;;
7.757757;14040000;141;;;;;;;;;;;;;;
7.760257;14042500;154;;;;;;;;;;;;;;
7.762757;14045000;136;14044668;744.503;36.908;522.166;-850.91;57719.965;7700.384;14044229;174.533;66.941;989.112;2137.225;771.327;-1063.942
7.765257;14047500;154;;;;;;;;;;;;;;
7.767757;14050000;142;;;;;;;;;;;;;;
7.770257;14052500;153;;;;;;;;;;;;;;
7.772757;14055000;141;;;;;;;;;;;;;;
7.775257;14057500;287;;;;;;;;;;;;;;
7.777757;14060000;214;;;;;;;;;;;;;;
7.780257;14062500;151;;;;;;;;;;;;;;
7.782757;14065000;136;;;;;;;;;;;;;;
7.785257;14067500;153;;;;;;;;;;;;;;
7.787757;14070000;157;;;;;;;;;;;;;;
7.790257;14072500;170;;;;;;;;;;;;;;
7.792757;14075000;155;14074788;722.241;34.989;542.601;-150.365;57590.652;8402.115;14074359;175.182;66.681;988.469;2100.801;759.449;-1047.932
7.795257;14077500;154;;;;;;;;;;;;;;
7.797757;14080000;159;;;;;;;;;;;;;;
7.800257;14082500;136;;;;;;;;;;;;;;
7.802757;14085000;125;;;;;;;;;;;;;;
7.805257;14087500;393;;;;;;;;;;;;;;
7.807757;14090000;265;;;;;;;;;;;;;;
7.810257;14092500;185;;;;;;;;;;;;;;
7.812757;14095000;185;;;;;;;;;;;;;;
7.815257;14097500;154;14097095;699.207;35.667;562.965;472.279;57362.367;8514.01;14096658;174.256;67.403;988.717;2011.948;804.601;-1059.411
7.817757;14100000;158;;;;;;;;;;;;;;
7.820257;14102500;153;;;;;;;;;;;;;;
7.822757;14105000;127;;;;;;;;;;;;;;
7.825257;14107500;154;;;;;;;;;;;;;;
7.827757;14110000;143;;;;;;;;;;;;;;
7.830257;14112500;153;;;;;;;;;;;;;;
7.832757;14115000;172;;;;;;;;;;;;;;
7.835257;14117500;151;;;;;;;;;;;;;;
7.837757;14120000;330;;;;;;;;;;;;;;
7.840257;14122500;200;14122441;677.356;34.402;582.903;1096.602;56634.5;8433.934;14122011;172.479;67.882;988.777;1950.726;775.309;-982.378
7.842757;14125000;153;;;;;;;;;;;;;;
7.845257;14127500;158;;;;;;;;;;;;;;
7.847757;14130000;141;;;;;;;;;;;;;;
7.850257;14132500;169;;;;;;;;;;;;;;
7.852757;14135000;154;;;;;;;;;;;;;;
7.855257;14137500;171;;;;;;;;;;;;;;
7.857757;14140000;155;;;;;;;;;;;;;;
7.860257;14142500;152;;;;;;;;;;;;;;
7.862757;14145000;124;;;;;;;;;;;;;;
7.865257;14147500;153;;;;;;;;14148739;170.193;68.606;988.345;1823.44;696.293;-931.071
7.867757;14150000;154;14149176;659.348;29.48;608.67;-4979.103;50120.336;8396.799;;;;;;;
7.870257;14152500;312;;;;;;;;;;;;;;
7.872757;14155000;222;;;;;;;;;;;;;;
7.875257;14157500;170;;;;;;;;;;;;;;
7.877757;14160000;168;;;;;;;;;;;;;;
7.880257;14162500;136;;;;;;;;;;;;;;
7.882757;14165000;150;;;;;;;;;;;;;;
7.885257;14167500;125;;;;;;;;;;;;;;
7.887757;14170000;139;;;;;;;;;;;;;;
7.890257;14172500;169;;;;;;;;;;;;;;
7.892757;14175000;154;;;;;;;;;;;;;;
7.895257;14177500;142;;;;;;;;;;;;;;
7.897757;14180000;137;14180759;642.051;24.456;627.409;-3696.773;49274.195;7880.271;14180329;170.119;68.366;988.844;1748.018;390.666;-903.768
7.900257;14182500;298;;;;;;;;;;;;;;
7.902757;14185000;173;;;;;;;;;;;;;;
7.905257;14187500;141;;;;;;;;;;;;;;
7.907757;14190000;143;;;;;;;;;;;;;;
7.910257;14192500;143;;;;;;;;;;;;;;
7.912757;14195000;172;;;;;;;;;;;;;;
7.915257;14197500;152;;;;;;;;;;;;;;
7.917757;14200000;139;;;;;;;;;;;;;;
7.920257;14202500;0;;;;;;;;;;;;;;
7.922757;14205000;266;;;;;;;;;;;;;;
7.925257;14207500;175;;;;;;;;;;;;;;
7.927757;14210000;154;;;;;;;;;;;;;;
7.930257;14212500;153;14212446;626.26;23.306;648.559;-2858.309;47807.984;8321.445;14212009;171.928;67.65;988.629;1711.367;244.258;-947.392
7.932757;14215000;154;;;;;;;;;;;;;;
7.935257;14217500;152;;;;;;;;;;;;;;
7.937757;14220000;157;;;;;;;;;;;;;;
7.940257;14222500;127;;;;;;;;;;;;;;
7.942757;14225000;142;;;;;;;;;;;;;;
7.945257;14227500;128;;;;;;;;;;;;;;
7.947757;14230000;299;;;;;;;;;;;;;;
7.950257;14232500;207;;;;;;;;;;;;;;
7.952757;14235000;172;;;;;;;;;;;;;;
7.955257;14237500;183;;;;;;;;;;;;;;
7.957757;14240000;141;;;;;;;;;;;;;;
7.960257;14242500;135;14242574;611.015;23.83;669.732;-2421.831;46669.273;8589.186;14242137;171.378;67.793;988.278;1730.798;312.545;-912.272
7.962757;14245000;152;;;;;;;;;;;;;;
7.965257;14247500;128;;;;;;;;;;;;;;
7.967757;14250000;141;;;;;;;;;;;;;;
7.970257;14252500;153;;;;;;;;;;;;;;
7.972757;14255000;24;;;;;;;;;;;;;;
7.975257;14257500;283;;;;;;;;;;;;;;
7.977757;14260000;181;;;;;;;;;;;;;;
7.980257;14262500;140;;;;;;;;;;;;;;
7.982757;14265000;136;;;;;;;;;;;;;;
7.985257;14267500;154;;;;;;;;;;;;;;
7.987757;14270000;143;;;;;;;;;;;;;;
7.990257;14272500;171;;;;;;;;;;;;;;
7.992757;14275000;154;14274246;596.537;22.425;690.182;-2034.74;46164.121;8548.227;14273816;170.861;67.112;988.213;1741.384;342.418;-896.408
7.995257;14277500;152;;;;;;;;;;;;;;
7.997757;14280000;157;;;;;;;;;;;;;;
8.000257;14282500;135;;;;;;;;;;;;;;
8.002757;14285000;125;;;;;;;;;;;;;;
8.005257;14287500;346;;;;;;;;;;;;;;
8.007757;14290000;220;;;;;;;;;;;;;;
8.010257;14292500;199;;;;;;;;;;;;;;
8.012757;14295000;158;;;;;;;;;;;;;;
8.015257;14297500;171;;;;;;;;;;;;;;
8.017757;14300000;158;;;;;;;;;;;;;;
8.020257;14302500;127;;;;;;;;;;;;;;
8.022757;14305000;141;14305931;578.514;16.906;707.144;-1372.565;46137.039;8401.252;14305494;171.108;66.141;988.451;1768.064;423.734;-925.526
8.025257;14307500;134;;;;;;;;;;;;;;
8.027757;14310000;141;;;;;;;;;;;;;;
8.030257;14312500;172;;;;;;;;;;;;;;
8.032757;14315000;172;;;;;;;;;;;;;;
8.035257;14317500;168;;;;;;;;;;;;;;
8.037757;14320000;293;;;;;;;;;;;;;;
8.040257;14322500;184;;;;;;;;;;;;;;
8.042757;14325000;159;;;;;;;;;;;;;;
8.045257;14327500;154;;;;;;;;;;;;;;
8.047757;14330000;168;;;;;;;;;;;;;;
8.050257;14332500;153;;;;;;;;;;;;;;
8.052757;14335000;173;;;;;;;;;;;;;;
8.055257;14337500;153;;;;;;;;;;;;;;
8.057757;14340000;158;;;;;;;;;;;;;;
8.060257;14342500;152;;;;;;;;;;;;;;
8.062757;14345000;150;;;;;;;;;;;;;;
8.065257;14347500;152;14346990;558.586;16.988;719.074;-1082.124;45963.438;7986.877;14346551;170.702;65.756;988.286;1641.161;411.297;-957.124
8.067757;14350000;303;;;;;;;;;;;;;;
8.070257;14352500;206;;;;;;;;;;;;;;
8.072757;14355000;174;;;;;;;;;;;;;;
8.075257;14357500;154;;;;;;;;;;;;;;
8.077757;14360000;159;;;;;;;;;;;;;;
8.080257;14362500;126;;;;;;;;;;;;;;
8.082757;14365000;125;;;;;;;;;;;;;;
8.085257;14367500;128;;;;;;;;;;;;;;
8.087757;14370000;139;;;;;;;;;;;;;;
8.090257;14372500;170;;;;;;;;;;;;;;
8.092757;14375000;171;;;;;;;;;;;;;;
8.095257;14377500;152;14378485;539.135;16.114;731.756;-1119.018;45483.953;7646.158;14378056;169.658;66.244;988.031;1639.603;386.358;-1067.643
8.097757;14380000;365;;;;;;;;;;;;;;
8.100257;14382500;250;;;;;;;;;;;;;;
8.102757;14385000;185;;;;;;;;;;;;;;
8.105257;14387500;159;;;;;;;;;;;;;;
8.107757;14390000;142;;;;;;;;;;;;;;
8.110257;14392500;143;;;;;;;;;;;;;;
8.112757;14395000;143;;;;;;;;;;;;;;
8.115257;14397500;170;;;;;;;;;;;;;;
8.117757;14400000;138;;;;;;;;;;;;;;
8.120257;14402500;124;;;;;;;;;;;;;;
8.122757;14405000;123;;;;;;;;;;;;;;
8.125257;14407500;127;;;;;;;;;;;;;;
8.127757;14410000;139;14410257;517.699;17.309;742.504;-938.817;44909.879;7442.788;14409820;169.331;65.653;987.259;1635.935;343.415;-1173.948
8.130257;14412500;390;;;;;;;;;;;;;;
8.132757;14415000;238;;;;;;;;;;;;;;
8.135257;14417500;184;;;;;;;;;;;;;;
8.137757;14420000;152;;;;;;;;;;;;;;
8.140257;14422500;137;;;;;;;;;;;;;;
8.142757;14425000;143;;;;;;;;;;;;;;
8.145257;14427500;135;;;;;;;;;;;;;;
8.147757;14430000;138;;;;;;;;;;;;;;
8.150257;14432500;144;;;;;;;;;;;;;;
8.152757;14435000;170;;;;;;;;;;;;;;
8.155257;14437500;168;;;;;;;;;;;;;;
8.157757;14440000;157;;;;;;;;;;;;;;
8.160257;14442500;126;14441936;500.214;13.266;753.99;-604.001;43728.82;6777.96;14441499;168.16;66.78;987.477;1665.264;279.431;-1225.939
8.162757;14445000;151;;;;;;;;;;;;;;
8.165257;14447500;127;;;;;;;;;;;;;;
8.167757;14450000;158;;;;;;;;;;;;;;
8.170257;14452500;5;;;;;;;;;;;;;;
8.172757;14455000;283;;;;;;;;;;;;;;
8.175257;14457500;216;;;;;;;;;;;;;;
8.177757;14460000;155;;;;;;;;;;;;;;
8.180257;14462500;153;;;;;;;;;;;;;;
8.182757;14465000;150;;;;;;;;;;;;;;
8.185257;14467500;153;;;;;;;;;;;;;;
8.187757;14470000;157;;;;;;;;;;;;;;
8.190257;14472500;144;14471891;484.182;10.321;767.079;107.824;42329.004;6088.625;14471454;168.145;67.241;987.244;1615.25;148.647;-1212.767
8.192757;14475000;152;;;;;;;;;;;;;;
8.195257;14477500;152;;;;;;;;;;;;;;
8.197757;14480000;135;;;;;;;;;;;;;;
8.200257;14482500;152;;;;;;;;;;;;;;
8.202757;14485000;362;;;;;;;;;;;;;;
8.205257;14487500;219;;;;;;;;;;;;;;
8.207757;14490000;169;;;;;;;;;;;;;;
8.210257;14492500;157;;;;;;;;14493667;168.87;68.027;987.262;1628.113;82.153;-1182.316
8.212757;14495000;172;14494097;468.269;9.079;779.819;964.745;40865.742;5281.506;;;;;;;
8.215257;14497500;154;;;;;;;;;;;;;;
8.217757;14500000;158;;;;;;;;;;;;;;
8.220257;14502500;136;;;;;;;;;;;;;;
8.222757;14505000;144;;;;;;;;;;;;;;
8.225257;14507500;153;;;;;;;;;;;;;;
8.227757;14510000;142;;;;;;;;;;;;;;
8.230257;14512500;153;;;;;;;;;;;;;;
8.232757;14515000;174;;;;;;;;;;;;;;
8.235257;14517500;343;;;;;;;;14518673;168.021;68.408;987.357;1586.957;208.42;-1129.762
8.237757;14520000;222;14519106;451.127;11.382;790.854;1520.695;39143.578;4891.869;;;;;;;
8.240257;14522500;152;;;;;;;;;;;;;;
8.242757;14525000;135;;;;;;;;;;;;;;
8.245257;14527500;154;;;;;;;;;;;;;;
8.247757;14530000;157;;;;;;;;;;;;;;
8.250257;14532500;151;;;;;;;;;;;;;;
8.252757;14535000;154;;;;;;;;;;;;;;
8.255257;14537500;170;;;;;;;;;;;;;;
8.257757;14540000;139;;;;;;;;;;;;;;
8.260257;14542500;153;;;;;;;;;;;;;;
8.262757;14545000;124;14546093;435.457;11.923;803.033;1688.786;37118.148;4531.775;14545661;167.507;68.208;987.143;1574.984;162.561;-1078.524
8.265257;14547500;0;;;;;;;;;;;;;;
8.267757;14550000;288;;;;;;;;;;;;;;
8.270257;14552500;192;;;;;;;;;;;;;;
8.272757;14555000;186;;;;;;;;;;;;;;
8.275257;14557500;153;;;;;;;;;;;;;;
8.277757;14560000;137;;;;;;;;;;;;;;
8.280257;14562500;143;;;;;;;;;;;;;;
8.282757;14565000;124;;;;;;;;;;;;;;
8.285257;14567500;125;;;;;;;;;;;;;;
8.287757;14570000;140;;;;;;;;;;;;;;
8.290257;14572500;151;;;;;;;;;;;;;;
8.292757;14575000;172;;;;;;;;;;;;;;
8.295257;14577500;0;14577773;420.516;13.743;814.835;1458.221;34964.742;4413.687;14577339;167.531;68.476;987.33;1511.11;158.808;-1023.723
8.297757;14580000;264;;;;;;;;;;;;;;
8.300257;14582500;171;;;;;;;;;;;;;;
8.302757;14585000;139;;;;;;;;;;;;;;
8.305257;14587500;155;;;;;;;;;;;;;;
8.307757;14590000;141;;;;;;;;;;;;;;
8.310257;14592500;144;;;;;;;;;;;;;;
8.312757;14595000;153;;;;;;;;;;;;;;
8.315257;14597500;151;;;;;;;;;;;;;;
8.317757;14600000;332;;;;;;;;;;;;;;
8.320257;14602500;239;;;;;;;;;;;;;;
8.322757;14605000;184;;;;;;;;;;;;;;
8.325257;14607500;139;;;;;;;;;;;;;;
8.327757;14610000;142;14609450;407.408;16.215;826.419;1089.998;32978.504;4226.689;14609017;166.792;68.828;987.99;1523.054;211.243;-988.287
8.330257;14612500;154;;;;;;;;;;;;;;
8.332757;14615000;170;;;;;;;;;;;;;;
8.335257;14617500;152;;;;;;;;;;;;;;
8.337757;14620000;140;;;;;;;;;;;;;;
8.340257;14622500;153;;;;;;;;;;;;;;
8.342757;14625000;300;;;;;;;;;;;;;;
8.345257;14627500;265;;;;;;;;;;;;;;
8.347757;14630000;175;;;;;;;;;;;;;;
8.350257;14632500;185;;;;;;;;;;;;;;
8.352757;14635000;174;;;;;;;;;;;;;;
8.355257;14637500;153;;;;;;;;;;;;;;
8.357757;14640000;160;14639319;394.089;17.033;836.442;698.185;31207.078;3722.667;14638885;166.37;68.827;987.72;1509.902;324.493;-1042.123
8.360257;14642500;153;;;;;;;;;;;;;;
8.362757;14645000;153;;;;;;;;;;;;;;
8.365257;14647500;155;;;;;;;;;;;;;;
8.367757;14650000;142;;;;;;;;;;;;;;
8.370257;14652500;395;;;;;;;;;;;;;;
8.372757;14655000;265;;;;;;;;;;;;;;
8.375257;14657500;204;;;;;;;;;;;;;;
8.377757;14660000;170;;;;;;;;;;;;;;
8.380257;14662500;135;;;;;;;;;;;;;;
8.382757;14665000;124;;;;;;;;;;;;;;
8.385257;14667500;152;;;;;;;;;;;;;;
8.387757;14670000;139;14670737;381.723;17.396;846.701;301.901;29601.225;3642.847;14670304;165.695;68.314;987.585;1503.532;312.644;-1069.641
8.390257;14672500;169;;;;;;;;;;;;;;
8.392757;14675000;153;;;;;;;;;;;;;;
8.395257;14677500;170;;;;;;;;;;;;;;
8.397757;14680000;159;;;;;;;;;;;;;;
8.400257;14682500;152;;;;;;;;;;;;;;
8.402757;14685000;329;;;;;;;;;;;;;;
8.405257;14687500;197;;;;;;;;;;;;;;
8.407757;14690000;184;;;;;;;;;;;;;;
8.410257;14692500;172;;;;;;;;;;;;;;
8.412757;14695000;175;;;;;;;;;;;;;;
8.415257;14697500;154;;;;;;;;;;;;;;
8.417757;14700000;141;;;;;;;;;;;;;;
8.420257;14702500;151;14702329;369.378;18.27;856.222;-109.569;28405.537;3591.954;14701896;164.877;68.491;987.634;1522.855;327.199;-1116.347
8.422757;14705000;126;;;;;;;;;;;;;;
8.425257;14707500;128;;;;;;;;;;;;;;
8.427757;14710000;140;;;;;;;;;;;;;;
8.430257;14712500;151;;;;;;;;;;;;;;
8.432757;14715000;3;;;;;;;;;;;;;;
8.435257;14717500;280;;;;;;;;;;;;;;
8.437757;14720000;186;;;;;;;;;;;;;;
8.440257;14722500;143;;;;;;;;;;;;;;
8.442757;14725000;135;;;;;;;;;;;;;;
8.445257;14727500;153;;;;;;;;;;;;;;
8.447757;14730000;142;;;;;;;;;;;;;;
8.450257;14732500;154;;;;;;;;14733573;164.404;68.458;987.406;1571.837;305.589;-1118.279
8.452757;14735000;153;14734013;356.832;18.614;863.376;-385.403;27277.51;3479.732;;;;;;;
8.455257;14737500;153;;;;;;;;;;;;;;
8.457757;14740000;157;;;;;;;;;;;;;;
8.460257;14742500;155;;;;;;;;;;;;;;
8.462757;14745000;0;;;;;;;;;;;;;;
8.465257;14747500;253;;;;;;;;;;;;;;
8.467757;14750000;186;;;;;;;;;;;;;;
8.470257;14752500;186;;;;;;;;;;;;;;
8.472757;14755000;156;;;;;;;;;;;;;;
8.475257;14757500;153;;;;;;;;;;;;;;
8.477757;14760000;139;;;;;;;;;;;;;;
8.480257;14762500;127;;;;;;;;;;;;;;
8.482757;14765000;142;14765504;346.664;15.572;867.092;-783.508;25899.197;3446.62;14765078;161.43;68.909;987.068;1568.058;310.872;-1109.615
8.485257;14767500;126;;;;;;;;;;;;;;
8.487757;14770000;140;;;;;;;;;;;;;;
8.490257;14772500;155;;;;;;;;;;;;;;
8.492757;14775000;155;;;;;;;;;;;;;;
8.495257;14777500;367;;;;;;;;;;;;;;
8.497757;14780000;218;;;;;;;;;;;;;;
8.500257;14782500;157;;;;;;;;;;;;;;
8.502757;14785000;138;;;;;;;;;;;;;;
8.505257;14787500;155;;;;;;;;;;;;;;
8.507757;14790000;143;;;;;;;;;;;;;;
8.510257;14792500;169;;;;;;;;;;;;;;
8.512757;14795000;155;14795648;336.065;15.471;873.977;-1098.708;24735.486;3686.414;14795208;161.014;69.892;987.46;1622.655;278.703;-1091.322
8.515257;14797500;152;;;;;;;;;;;;;;
8.517757;14800000;158;;;;;;;;;;;;;;
8.520257;14802500;126;;;;;;;;;;;;;;
8.522757;14805000;126;;;;;;;;;;;;;;
8.525257;14807500;152;;;;;;;;;;;;;;
8.527757;14810000;312;;;;;;;;;;;;;;
8.530257;14812500;223;;;;;;;;;;;;;;
8.532757;14815000;172;;;;;;;;;;;;;;
8.535257;14817500;155;;;;;;;;;;;;;;
8.537757;14820000;142;14819591;326.234;14.783;880.109;-1227.522;23535.023;3603.156;14819164;161.265;69.813;987.485;1573.022;230.206;-1043.756
8.540257;14822500;152;;;;;;;;;;;;;;
8.542757;14825000;143;;;;;;;;;;;;;;
8.545257;14827500;136;;;;;;;;;;;;;;
8.547757;14830000;142;;;;;;;;;;;;;;
8.550257;14832500;170;;;;;;;;;;;;;;
8.552757;14835000;172;;;;;;;;;;;;;;
8.555257;14837500;171;;;;;;;;;;;;;;
8.557757;14840000;0;;;;;;;;;;;;;;
8.560257;14842500;235;;;;;;;;;;;;;;
8.562757;14845000;183;;;;;;;;;;;;;;
8.565257;14847500;158;;;;;;;;;;;;;;
8.567757;14850000;167;14849625;317.127;13.775;886.252;-1199.833;22376.209;3467.623;14849185;162.102;69.635;987.478;1548.621;106.695;-1003.381
8.570257;14852500;151;;;;;;;;;;;;;;
8.572757;14855000;170;;;;;;;;;;;;;;
8.575257;14857500;168;;;;;;;;;;;;;;
8.577757;14860000;138;;;;;;;;;;;;;;
8.580257;14862500;152;;;;;;;;;;;;;;
8.582757;14865000;144;;;;;;;;;;;;;;
8.585257;14867500;153;;;;;;;;;;;;;;
8.587757;14870000;139;;;;;;;;;;;;;;
8.590257;14872500;334;;;;;;;;;;;;;;
8.592757;14875000;222;;;;;;;;;;;;;;
8.595257;14877500;174;;;;;;;;;;;;;;
8.597757;14880000;167;14879828;308.304;13.763;891.916;-1258.842;21256.961;3307.367;14879401;162.14;69.49;987.551;1506.627;97.861;-965.462
8.600257;14882500;127;;;;;;;;;;;;;;
8.602757;14885000;125;;;;;;;;;;;;;;
8.605257;14887500;135;;;;;;;;;;;;;;
8.607757;14890000;138;;;;;;;;;;;;;;
8.610257;14892500;169;;;;;;;;;;;;;;
8.612757;14895000;170;;;;;;;;;;;;;;
8.615257;14897500;152;;;;;;;;;;;;;;
8.617757;14900000;138;;;;;;;;;;;;;;
8.620257;14902500;333;;;;;;;;;;;;;;
8.622757;14905000;219;;;;;;;;;;;;;;
8.625257;14907500;173;;;;;;;;;;;;;;
8.627757;14910000;151;;;;;;;;14910992;162.445;69.377;987.62;1499.546;113.968;-926.376
8.630257;14912500;144;14911432;300.019;13.539;898.091;-1373.962;20097.426;3097.374;;;;;;;
8.632757;14915000;154;;;;;;;;;;;;;;
8.635257;14917500;169;;;;;;;;;;;;;;
8.637757;14920000;136;;;;;;;;;;;;;;
8.640257;14922500;144;;;;;;;;;;;;;;
8.642757;14925000;0;;;;;;;;;;;;;;
8.645257;14927500;268;;;;;;;;;;;;;;
8.647757;14930000;185;;;;;;;;;;;;;;
8.650257;14932500;168;;;;;;;;;;;;;;
8.652757;14935000;155;;;;;;;;;;;;;;
8.655257;14937500;150;;;;;;;;;;;;;;
8.657757;14940000;138;;;;;;;;;;;;;;
8.660257;14942500;144;14943104;292.046;13.155;904.353;-1608.452;18984.055;3058.005;14942669;162.369;69.122;987.472;1500.694;91.644;-926.432
8.662757;14945000;125;;;;;;;;;;;;;;
8.665257;14947500;128;;;;;;;;;;;;;;
8.667757;14950000;141;;;;;;;;;;;;;;
8.670257;14952500;151;;;;;;;;;;;;;;
8.672757;14955000;153;;;;;;;;;;;;;;
8.675257;14957500;285;;;;;;;;;;;;;;
8.677757;14960000;204;;;;;;;;;;;;;;
8.680257;14962500;142;;;;;;;;;;;;;;
8.682757;14965000;152;;;;;;;;;;;;;;
8.685257;14967500;126;;;;;;;;;;;;;;
8.687757;14970000;141;;;;;;;;;;;;;;
8.690257;14972500;154;;;;;;;;;;;;;;
8.692757;14975000;170;14974694;284.708;12.314;910.113;-1764.279;18063.289;3050.792;14974262;162.382;69.357;987.526;1521.471;66.5;-925.173
8.695257;14977500;171;;;;;;;;;;;;;;
8.697757;14980000;139;;;;;;;;;;;;;;
8.700257;14982500;126;;;;;;;;;;;;;;
8.702757;14985000;134;;;;;;;;;;;;;;
8.705257;14987500;282;;;;;;;;;;;;;;
8.707757;14990000;216;;;;;;;;;;;;;;
8.710257;14992500;169;;;;;;;;;;;;;;
8.712757;14995000;157;;;;;;;;;;;;;;
8.715257;14997500;154;;;;;;;;;;;;;;
8.717757;15000000;141;;;;;;;;;;;;;;
8.720257;15002500;154;;;;;;;;;;;;;;
8.722757;15005000;135;;;;;;;;15005853;162.357;69.226;987.523;1554.335;34.3;-926.164
8.725257;15007500;125;15006287;277.329;11.277;915.207;-1834.44;17340.812;3138.877;;;;;;;
8.727757;15010000;141;;;;;;;;;;;;;;
8.730257;15012500;153;;;;;;;;;;;;;;
8.732757;15015000;173;;;;;;;;;;;;;;
8.735257;15017500;286;;;;;;;;;;;;;;
8.737757;15020000;238;;;;;;;;;;;;;;
8.740257;15022500;169;;;;;;;;;;;;;;
8.742757;15025000;140;;;;;;;;;;;;;;
8.745257;15027500;156;;;;;;;;;;;;;;
8.747757;15030000;140;;;;;;;;;;;;;;
8.750257;15032500;151;;;;;;;;;;;;;;
8.752757;15035000;154;;;;;;;;15035894;162.23;69.095;987.563;1567.619;57.96;-951.606
8.755257;15037500;153;15036335;270.399;9.725;921.37;-2087.905;16649.209;3313.996;;;;;;;
8.757757;15040000;159;;;;;;;;;;;;;;
8.760257;15042500;154;;;;;;;;;;;;;;
8.762757;15045000;153;;;;;;;;;;;;;;
8.765257;15047500;136;;;;;;;;;;;;;;
8.767757;15050000;344;;;;;;;;;;;;;;
8.770257;15052500;234;;;;;;;;;;;;;;
8.772757;15055000;185;;;;;;;;;;;;;;
8.775257;15057500;183;;;;;;;;;;;;;;
8.777757;15060000;141;;;;;;;;;;;;;;
8.780257;15062500;153;;;;;;;;;;;;;;
8.782757;15065000;127;;;;;;;;;;;;;;
8.785257;15067500;135;15067826;263.381;8.586;926.602;-2056.573;16532.061;3514.921;15067400;161.896;69.306;987.534;1608.675;9.562;-967.463
8.787757;15070000;158;;;;;;;;;;;;;;
8.790257;15072500;170;;;;;;;;;;;;;;
8.792757;15075000;154;;;;;;;;;;;;;;
8.795257;15077500;152;;;;;;;;;;;;;;
8.797757;15080000;138;;;;;;;;;;;;;;
8.800257;15082500;288;;;;;;;;;;;;;;
8.802757;15085000;200;;;;;;;;;;;;;;
8.805257;15087500;144;;;;;;;;;;;;;;
8.807757;15090000;152;;;;;;;;;;;;;;
8.810257;15092500;153;;;;;;;;;;;;;;
8.812757;15095000;174;;;;;;;;;;;;;;
8.815257;15097500;152;;;;;;;;;;;;;;
8.817757;15100000;157;15099258;257.575;7.035;933.531;-1850.494;16790.02;3448.113;15098818;161.86;70.142;987.555;1623.179;30.521;-966.778
8.820257;15102500;125;;;;;;;;;;;;;;
8.822757;15105000;124;;;;;;;;;;;;;;
8.825257;15107500;151;;;;;;;;;;;;;;
8.827757;15110000;141;;;;;;;;;;;;;;
8.830257;15112500;410;;;;;;;;;;;;;;
8.832757;15115000;251;;;;;;;;;;;;;;
8.835257;15117500;184;;;;;;;;;;;;;;
8.837757;15120000;171;;;;;;;;;;;;;;
8.840257;15122500;135;;;;;;;;;;;;;;
8.842757;15125000;152;;;;;;;;;;;;;;
8.845257;15127500;134;;;;;;;;;;;;;;
8.847757;15130000;141;15130756;249.948;5.829;937.155;-1314.782;17436.27;3352.269;15130321;160.855;70.526;987.795;1578.77;0.557;-952.564
8.850257;15132500;153;;;;;;;;;;;;;;
8.852757;15135000;173;;;;;;;;;;;;;;
8.855257;15137500;153;;;;;;;;;;;;;;
8.857757;15140000;140;;;;;;;;;;;;;;
8.860257;15142500;410;;;;;;;;;;;;;;
8.862757;15145000;248;;;;;;;;;;;;;;
8.865257;15147500;174;;;;;;;;;;;;;;
8.867757;15150000;151;;;;;;;;;;;;;;
8.870257;15152500;154;;;;;;;;;;;;;;
8.872757;15155000;172;;;;;;;;;;;;;;
8.875257;15157500;151;;;;;;;;;;;;;;
8.877757;15160000;157;;;;;;;;;;;;;;
8.880257;15162500;143;15162179;241.166;5.239;940.208;-870.168;17972.33;3258.593;15161739;160.864;71.069;988.047;1570.706;-23.97;-890.936
8.882757;15165000;124;;;;;;;;;;;;;;
8.885257;15167500;153;;;;;;;;;;;;;;
8.887757;15170000;141;;;;;;;;;;;;;;
8.890257;15172500;170;;;;;;;;;;;;;;
8.892757;15175000;345;;;;;;;;;;;;;;
8.895257;15177500;217;;;;;;;;;;;;;;
8.897757;15180000;183;;;;;;;;;;;;;;
8.900257;15182500;139;;;;;;;;;;;;;;
8.902757;15185000;152;;;;;;;;;;;;;;
8.905257;15187500;135;;;;;;;;;;;;;;
8.907757;15190000;141;;;;;;;;;;;;;;
8.910257;15192500;172;15192130;233.097;4.824;943.12;-440.347;18294.338;3246.164;15191695;161.208;71.01;988.28;1557.359;-44.209;-845.951
8.912757;15195000;153;;;;;;;;;;;;;;
8.915257;15197500;170;;;;;;;;;;;;;;
8.917757;15200000;137;;;;;;;;;;;;;;
8.920257;15202500;126;;;;;;;;;;;;;;
8.922757;15205000;390;;;;;;;;;;;;;;
8.925257;15207500;251;;;;;;;;;;;;;;
8.927757;15210000;203;;;;;;;;;;;;;;
8.930257;15212500;168;;;;;;;;;;;;;;
8.932757;15215000;157;15214253;224.809;3.881;945.526;92.671;18538.996;3130.668;15213821;160.968;71.138;988.313;1531.553;-43.749;-808.029
8.935257;15217500;169;;;;;;;;;;;;;;
8.937757;15220000;138;;;;;;;;;;;;;;
8.940257;15222500;151;;;;;;;;;;;;;;
8.942757;15225000;126;;;;;;;;;;;;;;
8.945257;15227500;128;;;;;;;;;;;;;;
8.947757;15230000;141;;;;;;;;;;;;;;
8.950257;15232500;153;;;;;;;;;;;;;;
8.952757;15235000;172;;;;;;;;;;;;;;
8.955257;15237500;348;;;;;;;;;;;;;;
8.957757;15240000;215;;;;;;;;;;;;;;
8.960257;15242500;152;;;;;;;;;;;;;;
8.962757;15245000;136;15245584;215.997;6.262;948.502;606.912;18539.984;3018.76;15245151;161.399;70.979;988.356;1549.913;-77.874;-778.565
8.965257;15247500;154;;;;;;;;;;;;;;
8.967757;15250000;159;;;;;;;;;;;;;;
8.970257;15252500;171;;;;;;;;;;;;;;
8.972757;15255000;154;;;;;;;;;;;;;;
8.975257;15257500;152;;;;;;;;;;;;;;
8.977757;15260000;140;;;;;;;;;;;;;;
8.980257;15262500;152;;;;;;;;;;;;;;
8.982757;15265000;127;;;;;;;;;;;;;;
8.985257;15267500;126;;;;;;;;;;;;;;
8.987757;15270000;285;;;;;;;;;;;;;;
8.990257;15272500;206;;;;;;;;;;;;;;
8.992757;15275000;190;15275453;207.1;7.998;951.835;886.316;18203.609;2698.509;15275021;160.594;71.682;988.202;1523.167;27.957;-724.762
8.995257;15277500;155;;;;;;;;;;;;;;
8.997757;15280000;138;;;;;;;;;;;;;;
9.000257;15282500;125;;;;;;;;;;;;;;
9.002757;15285000;143;;;;;;;;;;;;;;
9.005257;15287500;126;;;;;;;;;;;;;;
9.007757;15290000;155;;;;;;;;;;;;;;
9.010257;15292500;144;;;;;;;;;;;;;;
9.012757;15295000;154;;;;;;;;;;;;;;
9.015257;15297500;173;;;;;;;;;;;;;;
9.017757;15300000;270;;;;;;;;;;;;;;
9.020257;15302500;189;;;;;;;;;;;;;;
9.022757;15305000;139;;;;;;;;;;;;;;
9.025257;15307500;153;15306785;199.038;8.934;954.269;900.188;17563.365;2725.458;15306352;161.324;71.526;988.318;1561.634;-1.441;-713.023
9.027757;15310000;141;;;;;;;;;;;;;;
9.030257;15312500;152;;;;;;;;;;;;;;
9.032757;15315000;155;;;;;;;;;;;;;;
9.035257;15317500;153;;;;;;;;;;;;;;
9.037757;15320000;381;;;;;;;;;;;;;;
9.040257;15322500;238;;;;;;;;;;;;;;
9.042757;15325000;186;;;;;;;;;;;;;;
9.045257;15327500;142;;;;;;;;;;;;;;
9.047757;15330000;141;;;;;;;;;;;;;;
9.050257;15332500;172;;;;;;;;;;;;;;
9.052757;15335000;155;;;;;;;;;;;;;;
9.055257;15337500;171;15338122;191.325;8.756;957.106;715.179;16584.135;2578.686;15337681;161.365;71.262;988.239;1547.865;34.069;-690.497
9.057757;15340000;139;;;;;;;;;;;;;;
9.060257;15342500;155;;;;;;;;;;;;;;
9.062757;15345000;153;;;;;;;;;;;;;;
9.065257;15347500;136;;;;;;;;;;;;;;
9.067757;15350000;168;;;;;;;;;;;;;;
9.070257;15352500;362;;;;;;;;;;;;;;
9.072757;15355000;250;;;;;;;;;;;;;;
9.075257;15357500;200;;;;;;;;;;;;;;
9.077757;15360000;152;;;;;;;;;;;;;;
9.080257;15362500;153;;;;;;;;;;;;;;
9.082757;15365000;153;;;;;;;;;;;;;;
9.085257;15367500;128;;;;;;;;;;;;;;
9.087757;15370000;168;15369446;185.395;8.104;960.57;516.232;15474.053;2435.751;15369012;161.788;70.981;988.42;1578.971;56.865;-676.097
9.090257;15372500;152;;;;;;;;;;;;;;
9.092757;15375000;153;;;;;;;;;;;;;;
9.095257;15377500;171;;;;;;;;;;;;;;
9.097757;15380000;140;;;;;;;;;;;;;;
9.100257;15382500;344;;;;;;;;;;;;;;
9.102757;15385000;190;;;;;;;;;;;;;;
9.105257;15387500;151;;;;;;;;;;;;;;
9.107757;15390000;169;;;;;;;;;;;;;;
9.110257;15392500;172;;;;;;;;;;;;;;
9.112757;15395000;153;;;;;;;;;;;;;;
9.115257;15397500;151;;;;;;;;;;;;;;
9.117757;15400000;155;15400611;176.979;8.456;963.312;21.858;14122.412;2474.089;15400170;162.134;70.866;987.969;1586.21;75.022;-648.855
9.120257;15402500;134;;;;;;;;;;;;;;
9.122757;15405000;153;;;;;;;;;;;;;;
9.125257;15407500;136;;;;;;;;;;;;;;
9.127757;15410000;142;;;;;;;;;;;;;;
9.130257;15412500;238;;;;;;;;;;;;;;
9.132757;15415000;270;;;;;;;;;;;;;;
9.135257;15417500;216;;;;;;;;;;;;;;
9.137757;15420000;154;;;;;;;;;;;;;;
9.140257;15422500;126;;;;;;;;;;;;;;
9.142757;15425000;143;;;;;;;;;;;;;;
9.145257;15427500;127;;;;;;;;;;;;;;
9.147757;15430000;142;15430299;171.473;8.521;966.942;-171.735;13055.791;2230.072;15429865;162.415;71.007;988.066;1620.212;50.709;-629.975
9.150257;15432500;144;;;;;;;;;;;;;;
9.152757;15435000;153;;;;;;;;;;;;;;
9.155257;15437500;151;;;;;;;;;;;;;;
9.157757;15440000;157;;;;;;;;;;;;;;
9.160257;15442500;135;;;;;;;;;;;;;;
9.162757;15445000;331;;;;;;;;;;;;;;
9.165257;15447500;204;;;;;;;;;;;;;;
9.167757;15450000;160;;;;;;;;;;;;;;
9.170257;15452500;174;15452338;165.553;7.369;969.694;-279.086;12152.313;1903.318;15451905;162.651;70.732;987.792;1608.327;35.486;-654.914
9.172757;15455000;155;;;;;;;;;;;;;;
9.175257;15457500;150;;;;;;;;;;;;;;
9.177757;15460000;139;;;;;;;;;;;;;;
9.180257;15462500;152;;;;;;;;;;;;;;
9.182757;15465000;151;;;;;;;;;;;;;;
9.185257;15467500;135;;;;;;;;;;;;;;
9.187757;15470000;140;;;;;;;;;;;;;;
9.190257;15472500;152;;;;;;;;;;;;;;
9.192757;15475000;0;;;;;;;;;;;;;;
9.195257;15477500;270;;;;;;;;;;;;;;
9.197757;15480000;183;;;;;;;;;;;;;;
9.200257;15482500;141;;;;;;;;15483323;162.748;70.551;987.904;1607.973;-3.914;-668.543
9.202757;15485000;152;15483756;160.764;6.799;972.022;-397.256;11272.135;1779.715;;;;;;;
9.205257;15487500;133;;;;;;;;;;;;;;
9.207757;15490000;158;;;;;;;;;;;;;;
9.210257;15492500;170;;;;;;;;;;;;;;
9.212757;15495000;154;;;;;;;;;;;;;;
9.215257;15497500;168;;;;;;;;;;;;;;
9.217757;15500000;138;;;;;;;;;;;;;;
9.220257;15502500;152;;;;;;;;;;;;;;
9.222757;15505000;151;;;;;;;;;;;;;;
9.225257;15507500;352;;;;;;;;;;;;;;
9.227757;15510000;237;;;;;;;;;;;;;;
9.230257;15512500;201;15513625;155.776;6.087;974.112;-381.331;10582.966;1630.792;15513192;162.76;70.189;987.852;1586.199;1.97;-670.553
9.232757;15515000;158;;;;;;;;;;;;;;
9.235257;15517500;152;;;;;;;;;;;;;;
9.237757;15520000;137;;;;;;;;;;;;;;
9.240257;15522500;152;;;;;;;;;;;;;;
9.242757;15525000;125;;;;;;;;;;;;;;
9.245257;15527500;127;;;;;;;;;;;;;;
9.247757;15530000;167;;;;;;;;;;;;;;
9.250257;15532500;171;;;;;;;;;;;;;;
9.252757;15535000;173;15535577;151.043;5.337;975.921;-443.202;9931.755;1563.252;15535143;162.491;70.096;987.851;1618.452;-14.754;-690.401
9.255257;15537500;343;;;;;;;;;;;;;;
9.257757;15540000;204;;;;;;;;;;;;;;
9.260257;15542500;170;;;;;;;;;;;;;;
9.262757;15545000;155;;;;;;;;;;;;;;
9.265257;15547500;153;;;;;;;;;;;;;;
9.267757;15550000;139;;;;;;;;;;;;;;
9.270257;15552500;169;;;;;;;;;;;;;;
9.272757;15555000;142;;;;;;;;;;;;;;
9.275257;15557500;169;;;;;;;;;;;;;;
9.277757;15560000;299;;;;;;;;;;;;;;
9.280257;15562500;174;;;;;;;;;;;;;;
9.282757;15565000;157;;;;;;;;;;;;;;
9.285257;15567500;154;15566994;146.401;4.93;978.267;-503.729;9291.667;1649.152;15566561;162.187;70.135;987.966;1624.154;-19.266;-699.631
9.287757;15570000;142;;;;;;;;;;;;;;
9.290257;15572500;150;;;;;;;;;;;;;;
9.292757;15575000;152;;;;;;;;;;;;;;
9.295257;15577500;160;;;;;;;;;;;;;;
9.297757;15580000;155;;;;;;;;;;;;;;
9.300257;15582500;126;;;;;;;;;;;;;;
9.302757;15585000;124;;;;;;;;;;;;;;
9.305257;15587500;126;;;;;;;;;;;;;;
9.307757;15590000;407;;;;;;;;;;;;;;
9.310257;15592500;266;;;;;;;;;;;;;;
9.312757;15595000;190;;;;;;;;;;;;;;
9.315257;15597500;169;15596690;142.442;4.562;980.752;-518.355;8789.896;1760.944;15596256;162.337;70.056;988.045;1633.946;-42.365;-686.524
9.317757;15600000;142;;;;;;;;;;;;;;
9.320257;15602500;152;;;;;;;;;;;;;;
9.322757;15605000;127;;;;;;;;;;;;;;
9.325257;15607500;135;;;;;;;;;;;;;;
9.327757;15610000;143;;;;;;;;;;;;;;
9.330257;15612500;154;;;;;;;;;;;;;;
9.332757;15615000;181;;;;;;;;;;;;;;
9.335257;15617500;172;;;;;;;;;;;;;;
9.337757;15620000;367;15620294;138.486;3.919;982.772;-616.688;8350.401;1936.709;15619865;162.064;70.11;988.12;1611.311;-62.56;-664.448
9.340257;15622500;218;;;;;;;;;;;;;;
9.342757;15625000;157;;;;;;;;;;;;;;
9.345257;15627500;157;;;;;;;;;;;;;;
9.347757;15630000;169;;;;;;;;;;;;;;
9.350257;15632500;154;;;;;;;;;;;;;;
9.352757;15635000;156;;;;;;;;;;;;;;
9.355257;15637500;152;;;;;;;;;;;;;;
9.357757;15640000;158;;;;;;;;;;;;;;
9.360257;15642500;347;;;;;;;;;;;;;;
9.362757;15645000;202;;;;;;;;;;;;;;
9.365257;15647500;155;;;;;;;;;;;;;;
9.367757;15650000;152;15649977;134.654;3.217;984.55;-686.478;7944.256;2112.874;15649538;162.093;70.173;988.173;1589.808;-107.557;-637.788
9.370257;15652500;156;;;;;;;;;;;;;;
9.372757;15655000;171;;;;;;;;;;;;;;
9.375257;15657500;150;;;;;;;;;;;;;;
9.377757;15660000;156;;;;;;;;;;;;;;
9.380257;15662500;141;;;;;;;;;;;;;;
9.382757;15665000;135;;;;;;;;;;;;;;
9.385257;15667500;154;;;;;;;;;;;;;;
9.387757;15670000;142;;;;;;;;;;;;;;
9.390257;15672500;6;;;;;;;;;;;;;;
9.392757;15675000;300;;;;;;;;;;;;;;
9.395257;15677500;200;;;;;;;;;;;;;;
9.397757;15680000;171;15679924;131.325;2.275;986.532;-823.217;7504.168;2293.793;15679494;162.229;70.031;988.18;1558.443;-140.679;-614.648
9.400257;15682500;153;;;;;;;;;;;;;;
9.402757;15685000;152;;;;;;;;;;;;;;
9.405257;15687500;154;;;;;;;;;;;;;;
9.407757;15690000;142;;;;;;;;;;;;;;
9.410257;15692500;154;;;;;;;;;;;;;;
9.412757;15695000;173;;;;;;;;;;;;;;
9.415257;15697500;168;;;;;;;;;;;;;;
9.417757;15700000;155;;;;;;;;;;;;;;
9.420257;15702500;1;;;;;;;;;;;;;;
9.422757;15705000;238;;;;;;;;;;;;;;
9.425257;15707500;186;;;;;;;;;;;;;;
9.427757;15710000;173;;;;;;;;15710999;162.408;69.751;988.169;1531.708;-141.52;-592.229
9.430257;15712500;183;15711436;128.163;0.917;987.933;-1015.681;7013.46;2444.228;;;;;;;
9.432757;15715000;154;;;;;;;;;;;;;;
9.435257;15717500;170;;;;;;;;;;;;;;
9.437757;15720000;156;;;;;;;;;;;;;;
9.440257;15722500;125;;;;;;;;;;;;;;
9.442757;15725000;140;;;;;;;;;;;;;;
9.445257;15727500;330;;;;;;;;;;;;;;
9.447757;15730000;204;;;;;;;;;;;;;;
9.450257;15732500;188;;;;;;;;;;;;;;
9.452757;15735000;174;;;;;;;;;;;;;;
9.455257;15737500;168;;;;;;;;;;;;;;
9.457757;15740000;137;;;;;;;;;;;;;;
9.460257;15742500;132;15743026;125.158;-0.105;989.282;-1234.397;6444.912;2621.704;15742589;162.254;69.545;988.012;1501.06;-125.256;-566.555
9.462757;15745000;151;;;;;;;;;;;;;;
9.465257;15747500;127;;;;;;;;;;;;;;
9.467757;15750000;142;;;;;;;;;;;;;;
9.470257;15752500;153;;;;;;;;;;;;;;
9.472757;15755000;174;;;;;;;;;;;;;;
9.475257;15757500;300;;;;;;;;;;;;;;
9.477757;15760000;201;;;;;;;;;;;;;;
9.480257;15762500;152;;;;;;;;;;;;;;
9.482757;15765000;137;;;;;;;;;;;;;;
9.485257;15767500;155;;;;;;;;;;;;;;
9.487757;15770000;167;;;;;;;;;;;;;;
9.490257;15772500;153;;;;;;;;;;;;;;
9.492757;15775000;157;15774698;122.579;-0.96;990.899;-1269.802;5994.042;2672.619;15774268;162.254;69.453;987.985;1508.257;-114.619;-545.664
9.495257;15777500;152;;;;;;;;;;;;;;
9.497757;15780000;158;;;;;;;;;;;;;;
9.500257;15782500;136;;;;;;;;;;;;;;
9.502757;15785000;127;;;;;;;;;;;;;;
9.505257;15787500;286;;;;;;;;;;;;;;
9.507757;15790000;201;;;;;;;;;;;;;;
9.510257;15792500;188;;;;;;;;;;;;;;
9.512757;15795000;157;;;;;;;;;;;;;;
9.515257;15797500;153;;;;;;;;;;;;;;
9.517757;15800000;139;;;;;;;;;;;;;;
9.520257;15802500;126;;;;;;;;;;;;;;
9.522757;15805000;143;;;;;;;;15805947;162.248;69.439;988.026;1510.282;-137.325;-534.131
9.525257;15807500;152;15806383;120.134;-2.132;992.143;-1216.374;5707.464;2665.863;;;;;;;
9.527757;15810000;139;;;;;;;;;;;;;;
9.530257;15812500;153;;;;;;;;;;;;;;
9.532757;15815000;154;;;;;;;;;;;;;;
9.535257;15817500;158;;;;;;;;;;;;;;
9.537757;15820000;255;;;;;;;;;;;;;;
9.540257;15822500;158;;;;;;;;;;;;;;
9.542757;15825000;137;;;;;;;;;;;;;;
9.545257;15827500;154;;;;;;;;;;;;;;
9.547757;15830000;143;;;;;;;;;;;;;;
9.550257;15832500;171;;;;;;;;;;;;;;
9.552757;15835000;173;;;;;;;;15835988;162.273;69.432;988.071;1508.705;-140.959;-522.3
9.555257;15837500;169;15836427;117.507;-3.44;992.995;-1143.306;5399.779;2547.007;;;;;;;
9.557757;15840000;156;;;;;;;;;;;;;;
9.560257;15842500;152;;;;;;;;;;;;;;
9.562757;15845000;153;;;;;;;;;;;;;;
9.565257;15847500;135;;;;;;;;;;;;;;
9.567757;15850000;335;;;;;;;;;;;;;;
9.570257;15852500;249;;;;;;;;;;;;;;
9.572757;15855000;203;;;;;;;;;;;;;;
9.575257;15857500;184;;;;;;;;;;;;;;
9.577757;15860000;160;;;;;;;;;;;;;;
9.580257;15862500;135;;;;;;;;;;;;;;
9.582757;15865000;153;;;;;;;;;;;;;;
9.585257;15867500;137;15868096;115.188;-5.178;993.579;-1177.578;4996.79;2420.094;15867667;162.297;69.181;988.193;1508.52;-121.661;-515.435
9.587757;15870000;168;;;;;;;;;;;;;;
9.590257;15872500;171;;;;;;;;;;;;;;
9.592757;15875000;156;;;;;;;;;;;;;;
9.595257;15877500;170;;;;;;;;;;;;;;
9.597757;15880000;140;;;;;;;;;;;;;;
9.600257;15882500;287;;;;;;;;;;;;;;
9.602757;15885000;200;;;;;;;;;;;;;;
9.605257;15887500;152;;;;;;;;;;;;;;
9.607757;15890000;170;;;;;;;;;;;;;;
9.610257;15892500;156;;;;;;;;;;;;;;
9.612757;15895000;174;;;;;;;;;;;;;;
9.615257;15897500;172;;;;;;;;;;;;;;
9.617757;15900000;158;15899783;113.204;-5.95;995.585;-1257.386;4477.013;2322.277;15899345;162.094;69.047;988.212;1527.594;-118.64;-504.975
9.620257;15902500;153;;;;;;;;;;;;;;
9.622757;15905000;125;;;;;;;;;;;;;;
9.625257;15907500;138;;;;;;;;;;;;;;
9.627757;15910000;152;;;;;;;;;;;;;;
9.630257;15912500;23;;;;;;;;;;;;;;
9.632757;15915000;255;;;;;;;;;;;;;;
9.635257;15917500;186;;;;;;;;;;;;;;
9.637757;15920000;171;;;;;;;;;;;;;;
9.640257;15922500;135;;;;;;;;;;;;;;
9.642757;15925000;136;;;;;;;;;;;;;;
9.645257;15927500;138;;;;;;;;;;;;;;
9.647757;15930000;143;;;;;;;;15931022;161.846;69.193;988.346;1557.964;-95.208;-503.789
9.650257;15932500;174;15931459;111.052;-6.97;997.387;-1258.83;4060.225;2145.351;;;;;;;
9.652757;15935000;157;;;;;;;;;;;;;;
9.655257;15937500;168;;;;;;;;;;;;;;
9.657757;15940000;138;;;;;;;;;;;;;;
9.660257;15942500;310;;;;;;;;;;;;;;
9.662757;15945000;233;;;;;;;;;;;;;;
9.665257;15947500;167;;;;;;;;;;;;;;
9.667757;15950000;152;;;;;;;;;;;;;;
9.670257;15952500;156;;;;;;;;;;;;;;
9.672757;15955000;154;;;;;;;;;;;;;;
9.675257;15957500;170;;;;;;;;;;;;;;
9.677757;15960000;156;;;;;;;;;;;;;;
9.680257;15962500;124;15963044;109.543;-7.603;999.142;-1256.263;3720.276;2023.646;15962615;161.836;69.351;988.375;1588.566;-121.51;-496.975
9.682757;15965000;126;;;;;;;;;;;;;;
9.685257;15967500;136;;;;;;;;;;;;;;
9.687757;15970000;160;;;;;;;;;;;;;;
9.690257;15972500;153;;;;;;;;;;;;;;
9.692757;15975000;345;;;;;;;;;;;;;;
9.695257;15977500;220;;;;;;;;;;;;;;
9.697757;15980000;159;;;;;;;;;;;;;;
9.700257;15982500;157;;;;;;;;;;;;;;
9.702757;15985000;136;;;;;;;;;;;;;;
9.705257;15987500;135;;;;;;;;;;;;;;
9.707757;15990000;141;;;;;;;;;;;;;;
9.710257;15992500;155;15993181;107.232;-8.15;1000.395;-1240.7;3472.575;1848.526;15992744;161.778;69.208;988.226;1583.075;-114.997;-486.126
9.712757;15995000;172;;;;;;;;;;;;;;
9.715257;15997500;153;;;;;;;;;;;;;;
9.717757;16000000;138;;;;;;;;;;;;;;
9.720257;16002500;151;;;;;;;;;;;;;;
9.722757;16005000;152;;;;;;;;;;;;;;
9.725257;16007500;282;;;;;;;;;;;;;;
9.727757;16010000;199;;;;;;;;;;;;;;
9.730257;16012500;168;;;;;;;;;;;;;;
9.732757;16015000;184;16015561;106.275;-9.408;1001.395;-1332.227;3083.259;1739.475;16015130;161.68;69.298;988.304;1591.859;-138.998;-473.195
9.735257;16017500;169;;;;;;;;;;;;;;
9.737757;16020000;138;;;;;;;;;;;;;;
9.740257;16022500;151;;;;;;;;;;;;;;
9.742757;16025000;151;;;;;;;;;;;;;;
9.745257;16027500;136;;;;;;;;;;;;;;
9.747757;16030000;166;;;;;;;;;;;;;;
9.750257;16032500;171;;;;;;;;;;;;;;
9.752757;16035000;172;;;;;;;;;;;;;;
9.755257;16037500;312;;;;;;;;;;;;;;
9.757757;16040000;238;;;;;;;;;;;;;;
9.760257;16042500;185;;;;;;;;;;;;;;
9.762757;16045000;156;;;;;;;;;;;;;;
9.765257;16047500;156;16047330;104.981;-10.396;1002.078;-1316.366;2761.97;1606.126;16046893;161.435;69.353;988.256;1581.828;-132.485;-466.16
9.767757;16050000;159;;;;;;;;;;;;;;
9.770257;16052500;151;;;;;;;;;;;;;;
9.772757;16055000;171;;;;;;;;;;;;;;
9.775257;16057500;142;;;;;;;;;;;;;;
9.777757;16060000;155;;;;;;;;;;;;;;
9.780257;16062500;151;;;;;;;;;;;;;;
9.782757;16065000;142;;;;;;;;;;;;;;
9.785257;16067500;153;;;;;;;;;;;;;;
9.787757;16070000;332;;;;;;;;;;;;;;
9.790257;16072500;248;;;;;;;;;;;;;;
9.792757;16075000;202;;;;;;;;;;;;;;
9.795257;16077500;174;16077627;104.051;-11.431;1002.756;-1352.923;2479.934;1505.257;16077198;161.488;69.307;988.314;1593.737;-157.361;-454.227
9.797757;16080000;158;;;;;;;;;;;;;;
9.800257;16082500;128;;;;;;;;;;;;;;
9.802757;16085000;125;;;;;;;;;;;;;;
9.805257;16087500;136;;;;;;;;;;;;;;
9.807757;16090000;157;;;;;;;;;;;;;;
9.810257;16092500;152;;;;;;;;;;;;;;
9.812757;16095000;156;;;;;;;;;;;;;;
9.815257;16097500;171;;;;;;;;;;;;;;
9.817757;16100000;343;;;;;;;;;;;;;;
9.820257;16102500;222;;;;;;;;;;;;;;
9.822757;16105000;152;;;;;;;;;;;;;;
9.825257;16107500;140;;;;;;;;;;;;;;
9.827757;16110000;168;16109486;102.966;-12.36;1003.499;-1396.402;2161.688;1397.182;16109049;161.386;69.313;988.162;1605.925;-143.805;-446.828
9.830257;16112500;154;;;;;;;;;;;;;;
9.832757;16115000;173;;;;;;;;;;;;;;
9.835257;16117500;153;;;;;;;;;;;;;;
9.837757;16120000;137;;;;;;;;;;;;;;
9.840257;16122500;320;;;;;;;;;;;;;;
9.842757;16125000;201;;;;;;;;;;;;;;
9.845257;16127500;174;;;;;;;;;;;;;;
9.847757;16130000;152;;;;;;;;;;;;;;
9.850257;16132500;157;;;;;;;;;;;;;;
9.852757;16135000;173;;;;;;;;;;;;;;
9.855257;16137500;168;;;;;;;;;;;;;;
9.857757;16140000;137;;;;;;;;16140900;161.302;69.33;988.286;1610.941;-140.553;-441.112
9.860257;16142500;124;16141339;102.215;-13.316;1003.99;-1541.832;1859.353;1367.135;;;;;;;
9.862757;16145000;124;;;;;;;;;;;;;;
9.865257;16147500;153;;;;;;;;;;;;;;
9.867757;16150000;166;;;;;;;;;;;;;;
9.870257;16152500;171;;;;;;;;;;;;;;
9.872757;16155000;297;;;;;;;;;;;;;;
9.875257;16157500;202;;;;;;;;;;;;;;
9.877757;16160000;173;;;;;;;;;;;;;;
9.880257;16162500;154;;;;;;;;;;;;;;
9.882757;16165000;126;;;;;;;;;;;;;;
9.885257;16167500;136;;;;;;;;;;;;;;
9.887757;16170000;142;;;;;;;;;;;;;;
9.890257;16172500;174;16173181;101.582;-14.944;1004.616;-1622.24;1536.698;1279.966;16172753;161.234;69.28;988.306;1596.457;-141.4;-429.119
9.892757;16175000;172;;;;;;;;;;;;;;
9.895257;16177500;151;;;;;;;;;;;;;;
9.897757;16180000;155;;;;;;;;;;;;;;
9.900257;16182500;149;;;;;;;;;;;;;;
9.902757;16185000;297;;;;;;;;;;;;;;
9.905257;16187500;207;;;;;;;;;;;;;;
9.907757;16190000;185;;;;;;;;;;;;;;
9.910257;16192500;175;;;;;;;;;;;;;;
9.912757;16195000;183;;;;;;;;;;;;;;
9.915257;16197500;152;;;;;;;;;;;;;;
9.917757;16200000;156;;;;;;;;;;;;;;
9.920257;16202500;126;;;;;;;;;;;;;;
9.922757;16205000;143;16205042;100.901;-16.198;1005.015;-1587.94;1377.613;1196.28;16204604;161.072;69.256;988.282;1594.946;-161.017;-427.35
9.925257;16207500;152;;;;;;;;;;;;;;
9.927757;16210000;140;;;;;;;;;;;;;;
9.930257;16212500;169;;;;;;;;;;;;;;
9.932757;16215000;300;;;;;;;;;;;;;;
9.935257;16217500;271;;;;;;;;;;;;;;
9.937757;16220000;200;;;;;;;;;;;;;;
9.940257;16222500;141;;;;;;;;;;;;;;
9.942757;16225000;143;;;;;;;;;;;;;;
9.945257;16227500;135;;;;;;;;;;;;;;
9.947757;16230000;158;;;;;;;;;;;;;;
9.950257;16232500;169;;;;;;;;;;;;;;
9.952757;16235000;151;16235343;100.596;-17.187;1005.724;-1517.293;1192.795;1127.279;16234906;161.101;69.264;988.327;1608.824;-171.779;-427.858
9.955257;16237500;141;;;;;;;;;;;;;;
9.957757;16240000;137;;;;;;;;;;;;;;
9.960257;16242500;153;;;;;;;;;;;;;;
9.962757;16245000;143;;;;;;;;;;;;;;
9.965257;16247500;392;;;;;;;;;;;;;;
9.967757;16250000;248;;;;;;;;;;;;;;
9.970257;16252500;187;;;;;;;;;;;;;;
9.972757;16255000;185;;;;;;;;;;;;;;
9.975257;16257500;170;;;;;;;;;;;;;;
9.977757;16260000;136;;;;;;;;;;;;;;
9.980257;16262500;143;;;;;;;;;;;;;;
9.982757;16265000;126;;;;;;;;;;;;;;
9.985257;16267500;153;16267189;99.97;-18.353;1005.83;-1414.741;1144.093;981.227;16266759;161.079;68.979;988.205;1594.008;-167.128;-420.902
9.987757;16270000;140;;;;;;;;;;;;;;
9.990257;16272500;152;;;;;;;;;;;;;;
9.992757;16275000;170;;;;;;;;;;;;;;
9.995257;16277500;151;;;;;;;;;;;;;;
9.997757;16280000;350;;;;;;;;;;;;;;
10.000257;16282500;201;;;;;;;;;;;;;;
10.002757;16285000;151;;;;;;;;;;;;;;
10.005257;16287500;157;;;;;;;;;;;;;;
10.007757;16290000;169;;;;;;;;;;;;;;
10.010257;16292500;171;;;;;;;;;;;;;;
10.012757;16295000;156;;;;;;;;;;;;;;
10.015257;16297500;142;;;;;;;;16298437;161.169;68.989;988.296;1614.932;-198.146;-423.045
10.017757;16300000;155;16298874;99.62;-19.162;1006.369;-1274.004;1116.638;941.791;;;;;;;
10.020257;16302500;124;;;;;;;;;;;;;;
10.022757;16305000;151;;;;;;;;;;;;;;
10.025257;16307500;136;;;;;;;;;;;;;;
10.027757;16310000;142;;;;;;;;;;;;;;
10.030257;16312500;329;;;;;;;;;;;;;;
10.032757;16315000;216;;;;;;;;;;;;;;
10.035257;16317500;186;;;;;;;;;;;;;;
10.037757;16320000;140;;;;;;;;;;;;;;
10.040257;16322500;126;;;;;;;;;;;;;;
10.042757;16325000;143;;;;;;;;;;;;;;
10.045257;16327500;152;;;;;;;;;;;;;;
10.047757;16330000;140;16330466;99.311;-20.186;1006.614;-1214.241;1001.744;906.951;16330027;160.943;69.102;988.322;1602.873;-180.364;-414.142
10.050257;16332500;144;;;;;;;;;;;;;;
10.052757;16335000;152;;;;;;;;;;;;;;
10.055257;16337500;167;;;;;;;;;;;;;;
10.057757;16340000;136;;;;;;;;;;;;;;
10.060257;16342500;302;;;;;;;;;;;;;;
10.062757;16345000;186;;;;;;;;;;;;;;
10.065257;16347500;170;;;;;;;;;;;;;;
10.067757;16350000;141;;;;;;;;;;;;;;
10.070257;16352500;170;;;;;;;;;;;;;;
10.072757;16355000;151;;;;;;;;;;;;;;
10.075257;16357500;160;;;;;;;;;;;;;;
10.077757;16360000;151;;;;;;;;;;;;;;
10.080257;16362500;124;16362142;98.866;-21.159;1007.291;-1107.154;966.969;884.791;16361706;160.71;69.288;988.285;1604.98;-181.846;-413.56
10.082757;16365000;125;;;;;;;;;;;;;;
10.085257;16367500;153;;;;;;;;;;;;;;
10.087757;16370000;141;;;;;;;;;;;;;;
10.090257;16372500;168;;;;;;;;;;;;;;
10.092757;16375000;285;;;;;;;;;;;;;;
10.095257;16377500;199;;;;;;;;;;;;;;
10.097757;16380000;169;;;;;;;;;;;;;;
10.100257;16382500;126;;;;;;;;;;;;;;
10.102757;16385000;140;;;;;;;;;;;;;;
10.105257;16387500;125;;;;;;;;;;;;;;
10.107757;16390000;156;;;;;;;;;;;;;;
10.110257;16392500;169;16392187;98.766;-22.218;1007.435;-1039.984;944.433;920.177;16391748;160.69;69.319;988.452;1622.293;-197.691;-410.82
10.112757;16395000;170;;;;;;;;;;;;;;
10.115257;16397500;160;;;;;;;;;;;;;;
10.117757;16400000;137;;;;;;;;;;;;;;
10.120257;16402500;151;;;;;;;;;;;;;;
10.122757;16405000;30;;;;;;;;;;;;;;
10.125257;16407500;262;;;;;;;;;;;;;;
10.127757;16410000;201;;;;;;;;;;;;;;
10.130257;16412500;158;;;;;;;;;;;;;;
10.132757;16415000;173;16414390;98.177;-23.565;1007.9;-1037.422;839.024;986.168;16413961;160.701;69.373;988.39;1649.241;-154.556;-417.404
10.135257;16417500;143;;;;;;;;;;;;;;
10.137757;16420000;137;;;;;;;;;;;;;;
10.140257;16422500;141;;;;;;;;;;;;;;
10.142757;16425000;123;;;;;;;;;;;;;;
10.145257;16427500;152;;;;;;;;;;;;;;
10.147757;16430000;156;;;;;;;;;;;;;;
10.150257;16432500;171;;;;;;;;;;;;;;
10.152757;16435000;153;;;;;;;;;;;;;;
10.155257;16437500;329;;;;;;;;;;;;;;
10.157757;16440000;223;;;;;;;;;;;;;;
10.160257;16442500;168;;;;;;;;;;;;;;
10.162757;16445000;135;16445815;97.55;-24.565;1008.727;-892.364;868.385;1085.172;16445378;160.541;69.32;988.387;1656.029;-194.516;-413.596
10.165257;16447500;128;;;;;;;;;;;;;;
10.167757;16450000;140;;;;;;;;;;;;;;
10.170257;16452500;152;;;;;;;;;;;;;;
10.172757;16455000;168;;;;;;;;;;;;;;
10.175257;16457500;142;;;;;;;;;;;;;;
10.177757;16460000;139;;;;;;;;;;;;;;
10.180257;16462500;126;;;;;;;;;;;;;;
10.182757;16465000;142;;;;;;;;;;;;;;
10.185257;16467500;152;;;;;;;;;;;;;;
10.187757;16470000;282;;;;;;;;;;;;;;
10.190257;16472500;200;;;;;;;;;;;;;;
10.192757;16475000;168;16475850;96.62;-25.093;1009.494;-811.433;908.966;1191.913;16475422;161.042;69.655;988.347;1633.165;-280.603;-391.166
10.195257;16477500;172;;;;;;;;;;;;;;
10.197757;16480000;137;;;;;;;;;;;;;;
10.200257;16482500;125;;;;;;;;;;;;;;
10.202757;16485000;123;;;;;;;;;;;;;;
10.205257;16487500;126;;;;;;;;;;;;;;
10.207757;16490000;140;;;;;;;;;;;;;;
10.210257;16492500;168;;;;;;;;;;;;;;
10.212757;16495000;170;;;;;;;;;;;;;;
10.215257;16497500;142;;;;;;;;;;;;;;
10.217757;16500000;279;;;;;;;;;;;;;;
10.220257;16502500;174;;;;;;;;;;;;;;
10.222757;16505000;156;;;;;;;;;;;;;;
10.225257;16507500;155;16507450;95.686;-26.675;1009.424;-794.924;789.58;1144.568;16507013;161.853;69.411;988.401;1570.757;-392.573;-368.108
10.227757;16510000;142;;;;;;;;;;;;;;
10.230257;16512500;153;;;;;;;;;;;;;;
10.232757;16515000;170;;;;;;;;;;;;;;
10.235257;16517500;167;;;;;;;;;;;;;;
10.237757;16520000;4;;;;;;;;;;;;;;
10.240257;16522500;252;;;;;;;;;;;;;;
10.242757;16525000;184;;;;;;;;;;;;;;
10.245257;16527500;140;;;;;;;;;;;;;;
10.247757;16530000;167;;;;;;;;;;;;;;
10.250257;16532500;152;;;;;;;;;;;;;;
10.252757;16535000;171;;;;;;;;;;;;;;
10.255257;16537500;169;;;;;;;;16538603;157.677;70.625;989.666;1495.719;-383.007;-263.078
10.257757;16540000;138;16539040;96.575;-30.484;1009.827;-819.49;742.664;1066.339;;;;;;;
10.260257;16542500;151;;;;;;;;;;;;;;
10.262757;16545000;127;;;;;;;;;;;;;;
10.265257;16547500;155;;;;;;;;;;;;;;
10.267757;16550000;167;;;;;;;;;;;;;;
10.270257;16552500;361;;;;;;;;;;;;;;
10.272757;16555000;254;;;;;;;;;;;;;;
10.275257;16557500;174;;;;;;;;;;;;;;
10.277757;16560000;150;;;;;;;;;;;;;;
10.280257;16562500;141;;;;;;;;;;;;;;
10.282757;16565000;123;;;;;;;;;;;;;;
10.285257;16567500;152;;;;;;;;;;;;;;
10.287757;16570000;159;16570452;94.802;-30.619;1008.843;-813.516;762.843;1256.272;16570022;156.125;76.11;994.729;1224.058;-153.419;300.451
10.290257;16572500;170;;;;;;;;;;;;;;
10.292757;16575000;170;;;;;;;;;;;;;;
10.295257;16577500;141;;;;;;;;;;;;;;
10.297757;16580000;136;;;;;;;;;;;;;;
10.300257;16582500;348;;;;;;;;;;;;;;
10.302757;16585000;230;;;;;;;;;;;;;;
10.305257;16587500;183;;;;;;;;;;;;;;
10.307757;16590000;153;;;;;;;;;;;;;;
10.310257;16592500;171;;;;;;;;;;;;;;
10.312757;16595000;152;;;;;;;;;;;;;;
10.315257;16597500;167;;;;;;;;;;;;;;
10.317757;16600000;154;;;;;;;;;;;;;;
10.320257;16602500;124;16601962;92.057;-28.594;1006.792;-793.84;458.263;934.459;16601526;153.119;75.739;995.488;38.48;595.815;1380.929
10.322757;16605000;123;;;;;;;;;;;;;;
10.325257;16607500;126;;;;;;;;;;;;;;
10.327757;16610000;158;;;;;;;;;;;;;;
10.330257;16612500;153;;;;;;;;;;;;;;
10.332757;16615000;302;;;;;;;;;;;;;;
10.335257;16617500;204;;;;;;;;;;;;;;
10.337757;16620000;155;;;;;;;;;;;;;;
10.340257;16622500;155;;;;;;;;;;;;;;
10.342757;16625000;125;;;;;;;;;;;;;;
10.345257;16627500;135;;;;;;;;;;;;;;
10.347757;16630000;167;;;;;;;;16631047;147.726;69.713;995.343;-1026.569;1083.586;2568.82
10.350257;16632500;153;16631486;90.401;-27.036;1005.051;-861.335;-245.837;244.611;;;;;;;
10.352757;16635000;154;;;;;;;;;;;;;;
10.355257;16637500;141;;;;;;;;;;;;;;
10.357757;16640000;136;;;;;;;;;;;;;;
10.360257;16642500;142;;;;;;;;;;;;;;
10.362757;16645000;0;;;;;;;;;;;;;;
10.365257;16647500;248;;;;;;;;;;;;;;
10.367757;16650000;184;;;;;;;;;;;;;;
10.370257;16652500;159;;;;;;;;16653347;146.3;65.892;994.968;-1229.866;91.845;3345.566
10.372757;16655000;174;16653776;90.712;-28.887;1005.831;-839.269;-815.858;-37.995;;;;;;;
10.375257;16657500;149;;;;;;;;;;;;;;
10.377757;16660000;137;;;;;;;;;;;;;;
10.380257;16662500;127;;;;;;;;;;;;;;
10.382757;16665000;124;;;;;;;;;;;;;;
10.385257;16667500;152;;;;;;;;;;;;;;
10.387757;16670000;160;;;;;;;;;;;;;;
10.390257;16672500;152;;;;;;;;;;;;;;
10.392757;16675000;153;;;;;;;;;;;;;;
10.395257;16677500;329;;;;;;;;;;;;;;
10.397757;16680000;220;;;;;;;;;;;;;;
10.400257;16682500;171;;;;;;;;;;;;;;
10.402757;16685000;128;16685289;92.581;-32.914;1006.578;-763.18;-1012.19;-342.345;16684852;147.842;60.163;992.305;-744.872;-1489.935;3639.851
10.405257;16687500;134;;;;;;;;;;;;;;
10.407757;16690000;140;;;;;;;;;;;;;;
10.410257;16692500;153;;;;;;;;;;;;;;
10.412757;16695000;172;;;;;;;;;;;;;;
10.415257;16697500;168;;;;;;;;;;;;;;
10.417757;16700000;154;;;;;;;;;;;;;;
10.420257;16702500;141;;;;;;;;;;;;;;
10.422757;16705000;124;;;;;;;;;;;;;;
10.425257;16707500;0;;;;;;;;;;;;;;
10.427757;16710000;269;;;;;;;;;;;;;;
10.430257;16712500;218;;;;;;;;;;;;;;
10.432757;16715000;188;16715584;93.003;-33.69;1006.214;-539.959;-1249.456;-523.853;16715155;150.96;58.491;989.837;85.996;-1664.376;4024.858
10.435257;16717500;144;;;;;;;;;;;;;;
10.437757;16720000;157;;;;;;;;;;;;;;
10.440257;16722500;143;;;;;;;;;;;;;;
10.442757;16725000;142;;;;;;;;;;;;;;
10.445257;16727500;152;;;;;;;;;;;;;;
10.447757;16730000;139;;;;;;;;;;;;;;
10.450257;16732500;142;;;;;;;;;;;;;;
10.452757;16735000;153;;;;;;;;;;;;;;
10.455257;16737500;349;;;;;;;;;;;;;;
10.457757;16740000;255;;;;;;;;;;;;;;
10.460257;16742500;157;;;;;;;;;;;;;;
10.462757;16745000;137;;;;;;;;;;;;;;
10.465257;16747500;136;16747270;98.058;-39.252;1019.746;-145.898;-1345.796;-510.348;16746833;147.145;58.842;992.878;438.697;-2500.344;4323.24
10.467757;16750000;151;;;;;;;;;;;;;;
10.470257;16752500;171;;;;;;;;;;;;;;
10.472757;16755000;154;;;;;;;;;;;;;;
10.475257;16757500;167;;;;;;;;;;;;;;
10.477757;16760000;379;;;;;;;;;;;;;;
10.480257;16762500;238;;;;;;;;;;;;;;
10.482757;16765000;172;;;;;;;;;;;;;;
10.485257;16767500;138;;;;;;;;;;;;;;
10.487757;16770000;160;;;;;;;;;;;;;;
10.490257;16772500;153;;;;;;;;;;;;;;
10.492757;16775000;170;;;;;;;;;;;;;;
10.495257;16777500;160;;;;;;;;16778598;153.525;60.298;990.698;1230.074;-3249.015;4230.016
10.497757;16780000;137;16779027;98.212;-39.803;1021.158;497.522;-13.693;820.67;;;;;;;
10.500257;16782500;150;;;;;;;;;;;;;;
10.502757;16785000;124;;;;;;;;;;;;;;
10.505257;16787500;133;;;;;;;;;;;;;;
10.507757;16790000;138;;;;;;;;;;;;;;
10.510257;16792500;318;;;;;;;;;;;;;;
10.512757;16795000;237;;;;;;;;;;;;;;
10.515257;16797500;170;;;;;;;;;;;;;;
10.517757;16800000;142;;;;;;;;;;;;;;
10.520257;16802500;127;;;;;;;;;;;;;;
10.522757;16805000;125;;;;;;;;;;;;;;
10.525257;16807500;126;;;;;;;;;;;;;;
10.527757;16810000;139;16810538;97.48;-37.794;1022.737;781.958;640.616;1876.449;16810101;159.659;61.974;988.884;1588.57;-3321.939;4110.39
10.530257;16812500;170;;;;;;;;;;;;;;
10.532757;16815000;154;;;;;;;;;;;;;;
10.535257;16817500;150;;;;;;;;;;;;;;
10.537757;16820000;155;;;;;;;;;;;;;;
10.540257;16822500;345;;;;;;;;;;;;;;
10.542757;16825000;199;;;;;;;;;;;;;;
10.545257;16827500;155;;;;;;;;;;;;;;
10.547757;16830000;150;;;;;;;;;;;;;;
10.550257;16832500;171;;;;;;;;;;;;;;
10.552757;16835000;153;;;;;;;;;;;;;;
10.555257;16837500;168;;;;;;;;;;;;;;
10.557757;16840000;136;;;;;;;;;;;;;;
10.560257;16842500;124;16842130;96.87;-36.71;1026.189;906.048;1358.898;2992.314;16841693;162.601;60.236;988.246;1727.017;-2976.905;3854.12
10.562757;16845000;124;;;;;;;;;;;;;;
10.565257;16847500;136;;;;;;;;;;;;;;
10.567757;16850000;141;;;;;;;;;;;;;;
10.570257;16852500;143;;;;;;;;;;;;;;
10.572757;16855000;297;;;;;;;;;;;;;;
10.575257;16857500;201;;;;;;;;;;;;;;
10.577757;16860000;152;;;;;;;;;;;;;;
10.580257;16862500;137;;;;;;;;;;;;;;
10.582757;16865000;126;;;;;;;;;;;;;;
10.585257;16867500;154;;;;;;;;;;;;;;
10.587757;16870000;143;;;;;;;;;;;;;;
10.590257;16872500;170;16872085;93.856;-37.308;1028.803;813.058;2018.953;4038.385;16871648;164.451;59.627;988.957;2020.854;-2642.997;3470.664
10.592757;16875000;171;;;;;;;;;;;;;;
10.595257;16877500;143;;;;;;;;;;;;;;
10.597757;16880000;156;;;;;;;;;;;;;;
10.600257;16882500;126;;;;;;;;;;;;;;
10.602757;16885000;199;;;;;;;;;;;;;;
10.605257;16887500;264;;;;;;;;;;;;;;
10.607757;16890000;184;;;;;;;;;;;;;;
10.610257;16892500;183;;;;;;;;;;;;;;
10.612757;16895000;154;16894378;86.833;-39.164;1029.28;763.217;2833.693;4548.278;16893948;165.946;58.952;991.316;2275.936;-2337.597;3165.881
10.615257;16897500;168;;;;;;;;;;;;;;
10.617757;16900000;136;;;;;;;;;;;;;;
10.620257;16902500;126;;;;;;;;;;;;;;
10.622757;16905000;143;;;;;;;;;;;;;;
10.625257;16907500;128;;;;;;;;;;;;;;
10.627757;16910000;141;;;;;;;;;;;;;;
10.630257;16912500;153;;;;;;;;;;;;;;
10.632757;16915000;152;;;;;;;;;;;;;;
10.635257;16917500;352;;;;;;;;;;;;;;
10.637757;16920000;206;16919648;87.744;-47.112;1036.706;721.557;3854.884;4713.302;16919214;166.005;59.579;992.606;2127.139;-2078.53;2966.462
10.640257;16922500;144;;;;;;;;;;;;;;
10.642757;16925000;127;;;;;;;;;;;;;;
10.645257;16927500;136;;;;;;;;;;;;;;
10.647757;16930000;158;;;;;;;;;;;;;;
10.650257;16932500;152;;;;;;;;;;;;;;
10.652757;16935000;171;;;;;;;;;;;;;;
10.655257;16937500;140;;;;;;;;;;;;;;
10.657757;16940000;154;;;;;;;;;;;;;;
10.660257;16942500;152;;;;;;;;;;;;;;
10.662757;16945000;124;;;;;;;;16946029;166.587;63.34;993.563;1774.907;-1559.853;3048.264
10.665257;16947500;0;16946461;86.425;-45.043;1034.158;1087.104;4951.89;4933.074;;;;;;;
10.667757;16950000;283;;;;;;;;;;;;;;
10.670257;16952500;221;;;;;;;;;;;;;;
10.672757;16955000;171;;;;;;;;;;;;;;
10.675257;16957500;152;;;;;;;;;;;;;;
10.677757;16960000;154;;;;;;;;;;;;;;
10.680257;16962500;143;;;;;;;;;;;;;;
10.682757;16965000;124;;;;;;;;;;;;;;
10.685257;16967500;136;;;;;;;;;;;;;;
10.687757;16970000;141;;;;;;;;;;;;;;
10.690257;16972500;171;;;;;;;;;;;;;;
10.692757;16975000;153;;;;;;;;;;;;;;
10.695257;16977500;0;16978054;88.576;-44.957;1029.823;653.436;5851.42;4553.42;16977620;154.64;64.834;993.679;775.724;-543.423;3151.788
10.697757;16980000;265;;;;;;;;;;;;;;
10.700257;16982500;169;;;;;;;;;;;;;;
10.702757;16985000;156;;;;;;;;;;;;;;
10.705257;16987500;154;;;;;;;;;;;;;;
10.707757;16990000;158;;;;;;;;;;;;;;
10.710257;16992500;154;;;;;;;;;;;;;;
10.712757;16995000;144;;;;;;;;;;;;;;
10.715257;16997500;167;;;;;;;;;;;;;;
10.717757;17000000;0;;;;;;;;;;;;;;
10.720257;17002500;249;;;;;;;;;;;;;;
10.722757;17005000;168;;;;;;;;;;;;;;
10.725257;17007500;142;;;;;;;;;;;;;;
10.727757;17010000;168;17009558;83.677;-45.344;1021.709;311.452;5098.599;4044.875;17009125;152.721;62.342;994.296;-666.125;228.373;3170.511
10.730257;17012500;151;;;;;;;;;;;;;;
10.732757;17015000;170;;;;;;;;;;;;;;
10.735257;17017500;141;;;;;;;;;;;;;;
10.737757;17020000;128;;;;;;;;;;;;;;
10.740257;17022500;141;;;;;;;;;;;;;;
10.742757;17025000;141;;;;;;;;;;;;;;
10.745257;17027500;280;;;;;;;;;;;;;;
10.747757;17030000;199;;;;;;;;;;;;;;
10.750257;17032500;170;;;;;;;;;;;;;;
10.752757;17035000;174;;;;;;;;;;;;;;
10.755257;17037500;144;;;;;;;;;;;;;;
10.757757;17040000;135;17039513;81.39;-43.485;1019.533;81.504;3882.481;3359.631;17039079;152.723;59.378;996.193;-1090.006;366.142;3090.298
10.760257;17042500;142;;;;;;;;;;;;;;
10.762757;17045000;142;;;;;;;;;;;;;;
10.765257;17047500;152;;;;;;;;;;;;;;
10.767757;17050000;159;;;;;;;;;;;;;;
10.770257;17052500;5;;;;;;;;;;;;;;
10.772757;17055000;255;;;;;;;;;;;;;;
10.775257;17057500;203;;;;;;;;;;;;;;
10.777757;17060000;168;;;;;;;;;;;;;;
10.780257;17062500;152;;;;;;;;;;;;;;
10.782757;17065000;143;;;;;;;;;;;;;;
10.785257;17067500;153;;;;;;;;;;;;;;
10.787757;17070000;159;17070844;78.065;-41.299;1018.638;-138.696;2905.232;2985.149;17070411;151.095;60.471;1000.094;-997.005;112.46;2409.033
10.790257;17072500;144;;;;;;;;;;;;;;
10.792757;17075000;172;;;;;;;;;;;;;;
10.795257;17077500;168;;;;;;;;;;;;;;
10.797757;17080000;136;;;;;;;;;;;;;;
10.800257;17082500;143;;;;;;;;;;;;;;
10.802757;17085000;319;;;;;;;;;;;;;;
10.805257;17087500;222;;;;;;;;;;;;;;
10.807757;17090000;186;;;;;;;;;;;;;;
10.810257;17092500;156;;;;;;;;;;;;;;
10.812757;17095000;169;;;;;;;;;;;;;;
10.815257;17097500;143;;;;;;;;;;;;;;
10.817757;17100000;137;;;;;;;;;;;;;;
10.820257;17102500;143;17102523;75.742;-36.721;1017.238;-361.449;1814.095;2159.954;17102090;151.702;58.491;998.603;-475.093;-122.413;1352.331
10.822757;17105000;152;;;;;;;;;;;;;;
10.825257;17107500;153;;;;;;;;;;;;;;
10.827757;17110000;139;;;;;;;;;;;;;;
10.830257;17112500;171;;;;;;;;;;;;;;
10.832757;17115000;296;;;;;;;;;;;;;;
10.835257;17117500;270;;;;;;;;;;;;;;
10.837757;17120000;201;;;;;;;;;;;;;;
10.840257;17122500;138;;;;;;;;;;;;;;
10.842757;17125000;153;;;;;;;;;;;;;;
10.845257;17127500;155;;;;;;;;;;;;;;
10.847757;17130000;158;;;;;;;;;;;;;;
10.850257;17132500;152;;;;;;;;;;;;;;
10.852757;17135000;155;17134207;74.992;-34.5;1017.116;-909.064;513.703;1423.269;17133766;152.474;54.231;995.935;-69.838;-741.917;778.527
10.855257;17137500;157;;;;;;;;;;;;;;
10.857757;17140000;136;;;;;;;;;;;;;;
10.860257;17142500;125;;;;;;;;;;;;;;
10.862757;17145000;0;;;;;;;;;;;;;;
10.865257;17147500;266;;;;;;;;;;;;;;
10.867757;17150000;205;;;;;;;;;;;;;;
10.870257;17152500;167;;;;;;;;;;;;;;
10.872757;17155000;156;;;;;;;;;;;;;;
10.875257;17157500;142;;;;;;;;;;;;;;
10.877757;17160000;136;;;;;;;;;;;;;;
10.880257;17162500;141;;;;;;;;;;;;;;
10.882757;17165000;124;17165612;75.324;-32.263;1017.323;-1091.111;-498.107;593.043;17165186;154.689;54.398;993.889;59.216;-1708.009;467.476
10.885257;17167500;126;;;;;;;;;;;;;;
10.887757;17170000;142;;;;;;;;;;;;;;
10.890257;17172500;143;;;;;;;;;;;;;;
10.892757;17175000;153;;;;;;;;;;;;;;
10.895257;17177500;350;;;;;;;;;;;;;;
10.897757;17180000;215;;;;;;;;;;;;;;
10.900257;17182500;143;;;;;;;;;;;;;;
10.902757;17185000;127;;;;;;;;;;;;;;
10.905257;17187500;136;;;;;;;;;;;;;;
10.907757;17190000;140;;;;;;;;;;;;;;
10.910257;17192500;152;;;;;;;;;;;;;;
10.912757;17195000;151;17195581;77.352;-31.992;1019.746;-1138.493;-1204.702;-81.484;17195141;158.899;52.849;994.697;-84.182;-2932.921;483.915
10.915257;17197500;139;;;;;;;;;;;;;;
10.917757;17200000;154;;;;;;;;;;;;;;
10.920257;17202500;124;;;;;;;;;;;;;;
10.922757;17205000;124;;;;;;;;;;;;;;
10.925257;17207500;134;;;;;;;;;;;;;;
10.927757;17210000;300;;;;;;;;;;;;;;
10.930257;17212500;232;;;;;;;;;;;;;;
10.932757;17215000;188;;;;;;;;;;;;;;
10.935257;17217500;171;;;;;;;;;;;;;;
10.937757;17220000;136;17219438;78.688;-31.936;1022.372;-1177.818;-1467.779;-351.285;17219010;163.349;49.322;995.848;497.527;-3688.837;314.469
10.940257;17222500;141;;;;;;;;;;;;;;
10.942757;17225000;124;;;;;;;;;;;;;;
10.945257;17227500;135;;;;;;;;;;;;;;
10.947757;17230000;157;;;;;;;;;;;;;;
10.950257;17232500;152;;;;;;;;;;;;;;
10.952757;17235000;171;;;;;;;;;;;;;;
10.955257;17237500;142;;;;;;;;;;;;;;
10.957757;17240000;266;;;;;;;;;;;;;;
10.960257;17242500;238;;;;;;;;;;;;;;
10.962757;17245000;158;;;;;;;;;;;;;;
10.965257;17247500;167;;;;;;;;;;;;;;
10.967757;17250000;152;17249645;76.663;-35.933;1026.623;-1199.865;-1577.703;-537.596;17249205;162.819;52.596;999.211;918.901;-4718.021;393.683
10.970257;17252500;154;;;;;;;;;;;;;;
10.972757;17255000;153;;;;;;;;;;;;;;
10.975257;17257500;143;;;;;;;;;;;;;;
10.977757;17260000;155;;;;;;;;;;;;;;
10.980257;17262500;127;;;;;;;;;;;;;;
10.982757;17265000;125;;;;;;;;;;;;;;
10.985257;17267500;153;;;;;;;;;;;;;;
10.987757;17270000;166;;;;;;;;;;;;;;
10.990257;17272500;362;;;;;;;;;;;;;;
10.992757;17275000;222;;;;;;;;;;;;;;
10.995257;17277500;169;;;;;;;;;;;;;;
10.997757;17280000;167;17279849;75.624;-38.034;1026.495;-998.996;-1505.38;-970.091;17279421;164.529;53.602;999.978;1610.143;-5768.37;334.186
11.000257;17282500;152;;;;;;;;;;;;;;
11.002757;17285000;142;;;;;;;;;;;;;;
11.005257;17287500;134;;;;;;;;;;;;;;
11.007757;17290000;139;;;;;;;;;;;;;;
11.010257;17292500;170;;;;;;;;;;;;;;
11.012757;17295000;168;;;;;;;;;;;;;;
11.015257;17297500;158;;;;;;;;;;;;;;
11.017757;17300000;127;;;;;;;;;;;;;;
11.020257;17302500;327;;;;;;;;;;;;;;
11.022757;17305000;198;;;;;;;;;;;;;;
11.025257;17307500;170;;;;;;;;;;;;;;
11.027757;17310000;141;;;;;;;;17311186;163.507;51.88;999.383;1649.073;-6923.701;318.352
11.030257;17312500;153;17311626;71.775;-34.076;1026.27;-532.984;-1599.424;-1653.086;;;;;;;
11.032757;17315000;171;;;;;;;;;;;;;;
11.035257;17317500;160;;;;;;;;;;;;;;
11.037757;17320000;137;;;;;;;;;;;;;;
11.040257;17322500;125;;;;;;;;;;;;;;
11.042757;17325000;286;;;;;;;;;;;;;;
11.045257;17327500;282;;;;;;;;;;;;;;
11.047757;17330000;185;;;;;;;;;;;;;;
11.050257;17332500;169;;;;;;;;;;;;;;
11.052757;17335000;155;;;;;;;;;;;;;;
11.055257;17337500;142;;;;;;;;;;;;;;
11.057757;17340000;155;;;;;;;;;;;;;;
11.060257;17342500;150;17343298;65.905;-31.421;1021.17;-127.46;-1564.952;-2500.995;17342863;162.786;52.305;996.659;1828.682;-7552.704;-190.628
11.062757;17345000;141;;;;;;;;;;;;;;
11.065257;17347500;136;;;;;;;;;;;;;;
11.067757;17350000;140;;;;;;;;;;;;;;
11.070257;17352500;169;;;;;;;;;;;;;;
11.072757;17355000;169;;;;;;;;;;;;;;
11.075257;17357500;281;;;;;;;;;;;;;;
11.077757;17360000;184;;;;;;;;;;;;;;
11.080257;17362500;141;;;;;;;;;;;;;;
11.082757;17365000;152;;;;;;;;;;;;;;
11.085257;17367500;128;;;;;;;;;;;;;;
11.087757;17370000;140;;;;;;;;;;;;;;
11.090257;17372500;150;;;;;;;;;;;;;;
11.092757;17375000;153;17375235;64.727;-29.582;1021.144;72.726;-1616.205;-3419.382;17374803;165.175;50.471;991.52;1795.873;-7749.068;-864.909
11.095257;17377500;141;;;;;;;;;;;;;;
11.097757;17380000;136;;;;;;;;;;;;;;
11.100257;17382500;123;;;;;;;;;;;;;;
11.102757;17385000;125;;;;;;;;;;;;;;
11.105257;17387500;284;;;;;;;;;;;;;;
11.107757;17390000;200;;;;;;;;;;;;;;
11.110257;17392500;187;;;;;;;;;;;;;;
11.112757;17395000;182;;;;;;;;;;;;;;
11.115257;17397500;168;;;;;;;;;;;;;;
11.117757;17400000;154;;;;;;;;;;;;;;
11.120257;17402500;125;;;;;;;;;;;;;;
11.122757;17405000;142;;;;;;;;;;;;;;
11.125257;17407500;135;17407001;63.424;-29.658;1020.674;240.59;-1709.957;-4234.976;17406568;167.042;51.998;987.896;1492.142;-7814.865;-1598.664
11.127757;17410000;140;;;;;;;;;;;;;;
11.130257;17412500;170;;;;;;;;;;;;;;
11.132757;17415000;152;;;;;;;;;;;;;;
11.135257;17417500;8;;;;;;;;;;;;;;
11.137757;17420000;247;;;;;;;;;;;;;;
11.140257;17422500;160;;;;;;;;;;;;;;
11.142757;17425000;154;;;;;;;;;;;;;;
11.145257;17427500;138;;;;;;;;;;;;;;
11.147757;17430000;158;;;;;;;;;;;;;;
11.150257;17432500;170;;;;;;;;;;;;;;
11.152757;17435000;171;;;;;;;;;;;;;;
11.155257;17437500;159;17437223;64.706;-29.139;1024.236;433.748;-1587.271;-4634.414;17436782;172.647;52.326;983.019;1211.035;-7989.809;-2131.668
11.157757;17440000;136;;;;;;;;;;;;;;
11.160257;17442500;141;;;;;;;;;;;;;;
11.162757;17445000;125;;;;;;;;;;;;;;
11.165257;17447500;152;;;;;;;;;;;;;;
11.167757;17450000;376;;;;;;;;;;;;;;
11.170257;17452500;235;;;;;;;;;;;;;;
11.172757;17455000;203;;;;;;;;;;;;;;
11.175257;17457500;154;;;;;;;;;;;;;;
11.177757;17460000;136;;;;;;;;;;;;;;
11.180257;17462500;151;;;;;;;;;;;;;;
11.182757;17465000;125;;;;;;;;;;;;;;
11.185257;17467500;153;;;;;;;;17468722;176.568;52.711;980.075;550.233;-8162.131;-2444.647
11.187757;17470000;158;17469148;65.454;-28.451;1025.094;579.623;-1364.408;-5152.568;;;;;;;
11.190257;17472500;171;;;;;;;;;;;;;;
11.192757;17475000;144;;;;;;;;;;;;;;
11.195257;17477500;141;;;;;;;;;;;;;;
11.197757;17480000;154;;;;;;;;;;;;;;
11.200257;17482500;300;;;;;;;;;;;;;;
11.202757;17485000;188;;;;;;;;;;;;;;
11.205257;17487500;152;;;;;;;;;;;;;;
11.207757;17490000;151;;;;;;;;;;;;;;
11.210257;17492500;172;;;;;;;;;;;;;;
11.212757;17495000;153;;;;;;;;;;;;;;
11.215257;17497500;143;;;;;;;;;;;;;;
11.217757;17500000;137;17500840;66.561;-26.034;1026.897;740.517;-874.0;-5372.252;17500400;179.934;53.534;976.84;-301.966;-8672.337;-2480.79
11.220257;17502500;123;;;;;;;;;;;;;;
11.222757;17505000;151;;;;;;;;;;;;;;
11.225257;17507500;136;;;;;;;;;;;;;;
11.227757;17510000;160;;;;;;;;;;;;;;
11.230257;17512500;0;;;;;;;;;;;;;;
11.232757;17515000;282;;;;;;;;;;;;;;
11.235257;17517500;206;;;;;;;;;;;;;;
11.237757;17520000;144;;;;;;;;;;;;;;
11.240257;17522500;135;;;;;;;;;;;;;;
11.242757;17525000;122;;;;;;;;;;;;;;
11.245257;17527500;127;;;;;;;;;;;;;;
11.247757;17530000;158;;;;;;;;;;;;;;
11.250257;17532500;168;17532686;69.15;-23.78;1027.011;851.366;-287.362;-5608.515;17532251;187.694;55.103;976.633;-1224.43;-9425.22;-2235.562
11.252757;17535000;170;;;;;;;;;;;;;;
11.255257;17537500;149;;;;;;;;;;;;;;
11.257757;17540000;126;;;;;;;;;;;;;;
11.260257;17542500;151;;;;;;;;;;;;;;
11.262757;17545000;269;;;;;;;;;;;;;;
11.265257;17547500;203;;;;;;;;;;;;;;
11.267757;17550000;154;;;;;;;;;;;;;;
11.270257;17552500;154;;;;;;;;;;;;;;
11.272757;17555000;171;;;;;;;;;;;;;;
11.275257;17557500;141;;;;;;;;;;;;;;
11.277757;17560000;153;;;;;;;;;;;;;;
11.280257;17562500;142;;;;;;;;;;;;;;
11.282757;17565000;142;17564623;70.237;-24.556;1024.503;859.985;445.818;-6016.276;17564191;194.92;54.525;976.412;-2123.958;-9853.459;-2231.409
11.285257;17567500;136;;;;;;;;;;;;;;
11.287757;17570000;140;;;;;;;;;;;;;;
11.290257;17572500;152;;;;;;;;;;;;;;
11.292757;17575000;5;;;;;;;;;;;;;;
11.295257;17577500;279;;;;;;;;;;;;;;
11.297757;17580000;170;;;;;;;;;;;;;;
11.300257;17582500;137;;;;;;;;;;;;;;
11.302757;17585000;124;;;;;;;;;;;;;;
11.305257;17587500;152;;;;;;;;;;;;;;
11.307757;17590000;166;;;;;;;;;;;;;;
11.310257;17592500;152;;;;;;;;;;;;;;
11.312757;17595000;172;17594927;72.422;-23.999;1024.061;1215.111;908.715;-6473.212;17594494;201.576;50.988;974.983;-2888.823;-9964.536;-2524.089
11.315257;17597500;142;;;;;;;;;;;;;;
11.317757;17600000;155;;;;;;;;;;;;;;
11.320257;17602500;151;;;;;;;;;;;;;;
11.322757;17605000;150;;;;;;;;;;;;;;
11.325257;17607500;376;;;;;;;;;;;;;;
11.327757;17610000;223;;;;;;;;;;;;;;
11.330257;17612500;182;;;;;;;;;;;;;;
11.332757;17615000;185;;;;;;;;;;;;;;
11.335257;17617500;171;;;;;;;;17618623;210.255;47.658;974.704;-3621.132;-10114.685;-2918.947
11.337757;17620000;156;17619053;73.761;-25.263;1021.487;1194.168;1115.279;-6643.489;;;;;;;
11.340257;17622500;125;;;;;;;;;;;;;;
11.342757;17625000;126;;;;;;;;;;;;;;
11.345257;17627500;154;;;;;;;;;;;;;;
11.347757;17630000;142;;;;;;;;;;;;;;
11.350257;17632500;170;;;;;;;;;;;;;;
11.352757;17635000;152;;;;;;;;;;;;;;
11.355257;17637500;141;;;;;;;;;;;;;;
11.357757;17640000;319;;;;;;;;;;;;;;
11.360257;17642500;186;;;;;;;;;;;;;;
11.362757;17645000;167;;;;;;;;;;;;;;
11.365257;17647500;138;;;;;;;;;;;;;;
11.367757;17650000;170;17649429;75.666;-26.038;1020.378;950.272;1085.765;-6633.752;17648991;218.585;44.128;973.659;-4023.7;-10004.888;-3382.0
11.370257;17652500;152;;;;;;;;;;;;;;
11.372757;17655000;154;;;;;;;;;;;;;;
11.375257;17657500;168;;;;;;;;;;;;;;
11.377757;17660000;136;;;;;;;;;;;;;;
11.380257;17662500;143;;;;;;;;;;;;;;
11.382757;17665000;125;;;;;;;;;;;;;;
11.385257;17667500;135;;;;;;;;;;;;;;
11.387757;17670000;120;;;;;;;;;;;;;;
11.390257;17672500;286;;;;;;;;;;;;;;
11.392757;17675000;220;;;;;;;;;;;;;;
11.395257;17677500;164;;;;;;;;;;;;;;
11.397757;17680000;136;17679811;75.958;-24.693;1017.067;860.758;945.727;-6622.315;17679381;227.725;41.385;973.05;-4219.765;-9734.769;-3864.774
11.400257;17682500;152;;;;;;;;;;;;;;
11.402757;17685000;140;;;;;;;;;;;;;;
11.405257;17687500;152;;;;;;;;;;;;;;
11.407757;17690000;140;;;;;;;;;;;;;;
11.410257;17692500;151;;;;;;;;;;;;;;
11.412757;17695000;168;;;;;;;;;;;;;;
11.415257;17697500;143;;;;;;;;;;;;;;
11.417757;17700000;125;;;;;;;;;;;;;;
11.420257;17702500;280;;;;;;;;;;;;;;
11.422757;17705000;173;;;;;;;;;;;;;;
11.425257;17707500;169;;;;;;;;;;;;;;
11.427757;17710000;142;;;;;;;;17711233;236.011;38.187;971.258;-4309.339;-9393.718;-4234.598
11.430257;17712500;152;17711670;79.443;-25.111;1016.74;934.533;814.878;-6429.887;;;;;;;
11.432757;17715000;152;;;;;;;;;;;;;;
11.435257;17717500;141;;;;;;;;;;;;;;
11.437757;17720000;153;;;;;;;;;;;;;;
11.440257;17722500;151;;;;;;;;;;;;;;
11.442757;17725000;9;;;;;;;;;;;;;;
11.445257;17727500;239;;;;;;;;;;;;;;
11.447757;17730000;184;;;;;;;;;;;;;;
11.450257;17732500;160;;;;;;;;;;;;;;
11.452757;17735000;171;;;;;;;;;;;;;;
11.455257;17737500;160;;;;;;;;;;;;;;
11.457757;17740000;136;;;;;;;;;;;;;;
11.460257;17742500;142;17743520;82.334;-24.899;1017.82;893.494;870.822;-6094.83;17743083;244.926;36.241;969.537;-4103.497;-9065.782;-4629.681
11.462757;17745000;125;;;;;;;;;;;;;;
11.465257;17747500;135;;;;;;;;;;;;;;
11.467757;17750000;150;;;;;;;;;;;;;;
11.470257;17752500;172;;;;;;;;;;;;;;
11.472757;17755000;20;;;;;;;;;;;;;;
11.475257;17757500;267;;;;;;;;;;;;;;
11.477757;17760000;174;;;;;;;;;;;;;;
11.480257;17762500;137;;;;;;;;;;;;;;
11.482757;17765000;152;;;;;;;;;;;;;;
11.485257;17767500;154;;;;;;;;;;;;;;
11.487757;17770000;140;;;;;;;;;;;;;;
11.490257;17772500;169;;;;;;;;;;;;;;
11.492757;17775000;153;17775366;85.287;-23.227;1019.066;868.506;923.093;-5775.65;17774936;252.456;33.087;966.56;-3831.822;-8610.306;-5029.072
11.495257;17777500;142;;;;;;;;;;;;;;
11.497757;17780000;153;;;;;;;;;;;;;;
11.500257;17782500;152;;;;;;;;;;;;;;
11.502757;17785000;142;;;;;;;;;;;;;;
11.505257;17787500;301;;;;;;;;;;;;;;
11.507757;17790000;190;;;;;;;;;;;;;;
11.510257;17792500;185;;;;;;;;;;;;;;
11.512757;17795000;155;;;;;;;;;;;;;;
11.515257;17797500;169;;;;;;;;;;;;;;
11.517757;17800000;155;;;;;;;;;;;;;;
11.520257;17802500;125;;;;;;;;;;;;;;
11.522757;17805000;140;;;;;;;;;;;;;;
11.525257;17807500;134;17807224;88.111;-22.261;1019.779;621.206;932.501;-5534.118;17806788;259.341;30.085;964.982;-3643.731;-8343.853;-5259.306
11.527757;17810000;160;;;;;;;;;;;;;;
11.530257;17812500;172;;;;;;;;;;;;;;
11.532757;17815000;154;;;;;;;;;;;;;;
11.535257;17817500;363;;;;;;;;;;;;;;
11.537757;17820000;248;;;;;;;;;;;;;;
11.540257;17822500;185;;;;;;;;;;;;;;
11.542757;17825000;137;;;;;;;;;;;;;;
11.545257;17827500;138;;;;;;;;;;;;;;
11.547757;17830000;152;;;;;;;;;;;;;;
11.550257;17832500;153;;;;;;;;;;;;;;
11.552757;17835000;173;;;;;;;;;;;;;;
11.555257;17837500;142;17837529;90.287;-21.685;1019.488;396.771;968.563;-5204.474;17837090;265.229;28.068;962.574;-3384.545;-8299.848;-5381.34
11.557757;17840000;137;;;;;;;;;;;;;;
11.560257;17842500;127;;;;;;;;;;;;;;
11.562757;17845000;126;;;;;;;;;;;;;;
11.565257;17847500;136;;;;;;;;;;;;;;
11.567757;17850000;366;;;;;;;;;;;;;;
11.570257;17852500;240;;;;;;;;;;;;;;
11.572757;17855000;187;;;;;;;;;;;;;;
11.575257;17857500;156;;;;;;;;;;;;;;
11.577757;17860000;139;;;;;;;;;;;;;;
11.580257;17862500;153;;;;;;;;;;;;;;
11.582757;17865000;125;;;;;;;;;;;;;;
11.585257;17867500;137;;;;;;;;;;;;;;
11.587757;17870000;142;17869371;92.91;-22.406;1019.235;330.12;1336.635;-4918.438;17868943;272.94;25.359;960.598;-2970.755;-8680.23;-5518.711
11.590257;17872500;172;;;;;;;;;;;;;;
11.592757;17875000;156;;;;;;;;;;;;;;
11.595257;17877500;168;;;;;;;;;;;;;;
11.597757;17880000;139;;;;;;;;;;;;;;
11.600257;17882500;314;;;;;;;;;;;;;;
11.602757;17885000;215;;;;;;;;;;;;;;
11.605257;17887500;157;;;;;;;;;;;;;;
11.607757;17890000;156;;;;;;;;;;;;;;
11.610257;17892500;158;;;;;;;;;;;;;;
11.612757;17895000;156;;;;;;;;;;;;;;
11.615257;17897500;171;;;;;;;;;;;;;;
11.617757;17900000;137;;;;;;;;17900881;280.429;23.957;958.825;-2635.405;-8636.469;-5583.15
11.620257;17902500;135;17901318;94.871;-22.731;1017.805;324.989;1546.303;-4472.141;;;;;;;
11.622757;17905000;127;;;;;;;;;;;;;;
11.625257;17907500;139;;;;;;;;;;;;;;
11.627757;17910000;153;;;;;;;;;;;;;;
11.630257;17912500;172;;;;;;;;;;;;;;
11.632757;17915000;311;;;;;;;;;;;;;;
11.635257;17917500;219;;;;;;;;;;;;;;
11.637757;17920000;173;;;;;;;;;;;;;;
11.640257;17922500;137;;;;;;;;;;;;;;
11.642757;17925000;153;;;;;;;;;;;;;;
11.645257;17927500;138;;;;;;;;;;;;;;
11.647757;17930000;169;;;;;;;;;;;;;;
11.650257;17932500;174;17933256;96.807;-22.034;1016.611;324.052;1813.738;-4116.409;17932818;286.763;22.296;957.006;-2536.884;-8078.646;-5475.055
11.652757;17935000;157;;;;;;;;;;;;;;
11.655257;17937500;170;;;;;;;;;;;;;;
11.657757;17940000;155;;;;;;;;;;;;;;
11.660257;17942500;135;;;;;;;;;;;;;;
11.662757;17945000;313;;;;;;;;;;;;;;
11.665257;17947500;200;;;;;;;;;;;;;;
11.667757;17950000;187;;;;;;;;;;;;;;
11.670257;17952500;184;;;;;;;;;;;;;;
11.672757;17955000;157;;;;;;;;;;;;;;
11.675257;17957500;170;;;;;;;;;;;;;;
11.677757;17960000;156;;;;;;;;;;;;;;
11.680257;17962500;142;;;;;;;;;;;;;;
11.682757;17965000;152;17965188;99.463;-21.963;1015.978;234.787;1751.926;-3857.214;17964758;292.805;19.918;954.655;-2406.103;-7775.776;-5410.865
11.685257;17967500;156;;;;;;;;;;;;;;
11.687757;17970000;170;;;;;;;;;;;;;;
11.690257;17972500;153;;;;;;;;;;;;;;
11.692757;17975000;301;;;;;;;;;;;;;;
11.695257;17977500;285;;;;;;;;;;;;;;
11.697757;17980000;200;;;;;;;;;;;;;;
11.700257;17982500;158;;;;;;;;;;;;;;
11.702757;17985000;137;;;;;;;;;;;;;;
11.705257;17987500;158;;;;;;;;;;;;;;
11.707757;17990000;144;;;;;;;;;;;;;;
11.710257;17992500;173;;;;;;;;;;;;;;
11.712757;17995000;174;17995584;101.7;-22.329;1014.54;205.547;1670.017;-3836.29;17995148;299.082;17.94;954.13;-2270.485;-7434.674;-5212.509
11.715257;17997500;152;;;;;;;;;;;;;;
11.717757;18000000;156;;;;;;;;;;;;;;
11.720257;18002500;135;;;;;;;;;;;;;;
11.722757;18005000;153;;;;;;;;;;;;;;
11.725257;18007500;393;;;;;;;;;;;;;;
11.727757;18010000;249;;;;;;;;;;;;;;
11.730257;18012500;208;;;;;;;;;;;;;;
11.732757;18015000;170;;;;;;;;;;;;;;
11.735257;18017500;156;;;;;;;;;;;;;;
11.737757;18020000;139;18019792;103.533;-22.323;1013.327;280.582;1619.766;-3788.413;18019364;304.752;16.226;952.698;-2043.648;-6984.628;-4918.633
11.740257;18022500;127;;;;;;;;;;;;;;
11.742757;18025000;154;;;;;;;;;;;;;;
11.745257;18027500;158;;;;;;;;;;;;;;
11.747757;18030000;142;;;;;;;;;;;;;;
11.750257;18032500;156;;;;;;;;;;;;;;
11.752757;18035000;155;;;;;;;;;;;;;;
11.755257;18037500;169;;;;;;;;;;;;;;
11.757757;18040000;346;;;;;;;;;;;;;;
11.760257;18042500;204;;;;;;;;;;;;;;
11.762757;18045000;153;;;;;;;;;;;;;;
11.765257;18047500;142;;;;;;;;;;;;;;
11.767757;18050000;172;18050259;105.633;-21.347;1012.827;351.866;1584.716;-3746.43;18049819;309.553;14.981;952.503;-1841.716;-6484.459;-4537.077
11.770257;18052500;174;;;;;;;;;;;;;;
11.772757;18055000;154;;;;;;;;;;;;;;
11.775257;18057500;143;;;;;;;;;;;;;;
11.777757;18060000;139;;;;;;;;;;;;;;
11.780257;18062500;152;;;;;;;;;;;;;;
11.782757;18065000;127;;;;;;;;;;;;;;
11.785257;18067500;157;;;;;;;;;;;;;;
11.787757;18070000;151;;;;;;;;;;;;;;
11.790257;18072500;319;;;;;;;;;;;;;;
11.792757;18075000;238;;;;;;;;;;;;;;
11.795257;18077500;169;;;;;;;;;;;;;;
11.797757;18080000;160;18080724;107.269;-20.835;1011.882;358.773;1574.605;-3807.609;18080296;314.126;12.933;951.567;-1656.443;-5727.111;-4260.348
11.800257;18082500;135;;;;;;;;;;;;;;
11.802757;18085000;152;;;;;;;;;;;;;;
11.805257;18087500;137;;;;;;;;;;;;;;
11.807757;18090000;144;;;;;;;;;;;;;;
11.810257;18092500;154;;;;;;;;;;;;;;
11.812757;18095000;172;;;;;;;;;;;;;;
11.815257;18097500;168;;;;;;;;;;;;;;
11.817757;18100000;137;;;;;;;;;;;;;;
11.820257;18102500;328;;;;;;;;;;;;;;
11.822757;18105000;219;;;;;;;;;;;;;;
11.825257;18107500;184;;;;;;;;;;;;;;
11.827757;18110000;171;;;;;;;;;;;;;;
11.830257;18112500;156;18112761;108.866;-20.397;1009.96;343.459;1245.187;-4091.478;18112321;317.153;11.981;950.953;-1551.308;-4774.443;-3995.268
11.832757;18115000;175;;;;;;;;;;;;;;
11.835257;18117500;169;;;;;;;;;;;;;;
11.837757;18120000;138;;;;;;;;;;;;;;
11.840257;18122500;152;;;;;;;;;;;;;;
11.842757;18125000;126;;;;;;;;;;;;;;
11.845257;18127500;303;;;;;;;;;;;;;;
11.847757;18130000;218;;;;;;;;;;;;;;
11.850257;18132500;170;;;;;;;;;;;;;;
11.852757;18135000;183;;;;;;;;;;;;;;
11.855257;18137500;155;;;;;;;;;;;;;;
11.857757;18140000;156;;;;;;;;;;;;;;
11.860257;18142500;151;;;;;;;;;;;;;;
11.862757;18145000;152;18144781;109.797;-19.279;1009.549;200.723;494.74;-4473.592;18144345;320.205;10.815;950.192;-1350.805;-3532.533;-3795.504
11.865257;18147500;158;;;;;;;;;;;;;;
11.867757;18150000;144;;;;;;;;;;;;;;
11.870257;18152500;156;;;;;;;;;;;;;;
11.872757;18155000;156;;;;;;;;;;;;;;
11.875257;18157500;334;;;;;;;;;;;;;;
11.877757;18160000;218;;;;;;;;;;;;;;
11.880257;18162500;144;;;;;;;;;;;;;;
11.882757;18165000;137;;;;;;;;;;;;;;
11.885257;18167500;139;;;;;;;;;;;;;;
11.887757;18170000;152;;;;;;;;;;;;;;
11.890257;18172500;156;;;;;;;;;;;;;;
11.892757;18175000;156;;;;;;;;;;;;;;
11.895257;18177500;169;18176717;109.62;-17.071;1006.566;-300.188;-234.372;-4987.1;18176285;321.616;10.17;948.268;-1014.64;-2634.469;-3675.292
11.897757;18180000;135;;;;;;;;;;;;;;
11.900257;18182500;127;;;;;;;;;;;;;;
11.902757;18185000;127;;;;;;;;;;;;;;
11.905257;18187500;346;;;;;;;;;;;;;;
11.907757;18190000;248;;;;;;;;;;;;;;
11.910257;18192500;184;;;;;;;;;;;;;;
11.912757;18195000;166;;;;;;;;;;;;;;
11.915257;18197500;144;;;;;;;;;;;;;;
11.917757;18200000;137;;;;;;;;;;;;;;
11.920257;18202500;152;;;;;;;;;;;;;;
11.922757;18205000;152;;;;;;;;;;;;;;
11.925257;18207500;155;;;;;;;;18208397;324.598;8.448;947.855;-637.095;-1764.683;-3634.152
11.927757;18210000;142;18208831;112.35;-18.304;1008.063;-853.053;-1107.278;-5155.12;;;;;;;
11.930257;18212500;155;;;;;;;;;;;;;;
11.932757;18215000;155;;;;;;;;;;;;;;
11.935257;18217500;142;;;;;;;;;;;;;;
11.937757;18220000;329;;;;;;;;;;;;;;
11.940257;18222500;188;;;;;;;;;;;;;;
11.942757;18225000;143;;;;;;;;;;;;;;
11.945257;18227500;141;;;;;;;;;;;;;;
11.947757;18230000;152;;;;;;;;;;;;;;
11.950257;18232500;153;;;;;;;;;;;;;;
11.952757;18235000;155;;;;;;;;;;;;;;
11.955257;18237500;150;;;;;;;;;;;;;;
11.957757;18240000;156;18239313;115.223;-19.316;1007.625;-914.963;-1768.977;-5390.864;18238872;327.388;6.116;946.883;-280.178;-864.011;-3600.319
11.960257;18242500;126;;;;;;;;;;;;;;
11.962757;18245000;127;;;;;;;;;;;;;;
11.965257;18247500;139;;;;;;;;;;;;;;
11.967757;18250000;152;;;;;;;;;;;;;;
11.970257;18252500;317;;;;;;;;;;;;;;
11.972757;18255000;206;;;;;;;;;;;;;;
11.975257;18257500;168;;;;;;;;;;;;;;
11.977757;18260000;159;;;;;;;;;;;;;;
11.980257;18262500;152;;;;;;;;;;;;;;
11.982757;18265000;127;;;;;;;;;;;;;;
11.985257;18267500;138;;;;;;;;;;;;;;
11.987757;18270000;143;18271066;118.008;-22.401;1009.423;-821.527;-2065.966;-5362.383;18270639;330.63;5.902;947.241;233.018;48.939;-3531.428
11.990257;18272500;172;;;;;;;;;;;;;;
11.992757;18275000;173;;;;;;;;;;;;;;
11.995257;18277500;142;;;;;;;;;;;;;;
11.997757;18280000;156;;;;;;;;;;;;;;
12.000257;18282500;315;;;;;;;;;;;;;;
12.002757;18285000;247;;;;;;;;;;;;;;
12.005257;18287500;200;;;;;;;;;;;;;;
12.007757;18290000;160;;;;;;;;;;;;;;
12.010257;18292500;184;;;;;;;;;;;;;;
12.012757;18295000;173;;;;;;;;;;;;;;
12.015257;18297500;170;;;;;;;;;;;;;;
12.017757;18300000;156;;;;;;;;;;;;;;
12.020257;18302500;127;18302757;120.148;-23.294;1009.771;-772.576;-2438.667;-5181.764;18302317;332.344;7.187;948.13;695.18;1004.18;-3662.419
12.022757;18305000;128;;;;;;;;;;;;;;
12.025257;18307500;138;;;;;;;;;;;;;;
12.027757;18310000;170;;;;;;;;;;;;;;
12.030257;18312500;174;;;;;;;;;;;;;;
12.032757;18315000;394;;;;;;;;;;;;;;
12.035257;18317500;248;;;;;;;;;;;;;;
12.037757;18320000;173;;;;;;;;;;;;;;
12.040257;18322500;158;;;;;;;;;;;;;;
12.042757;18325000;154;;;;;;;;;;;;;;
12.045257;18327500;139;;;;;;;;;;;;;;
12.047757;18330000;153;;;;;;;;;;;;;;
12.050257;18332500;173;;;;;;;;;;;;;;
12.052757;18335000;173;18334603;122.265;-24.343;1011.322;-691.51;-2440.984;-4755.988;18334167;333.057;8.145;948.163;1374.859;1860.471;-3662.173
12.055257;18337500;171;;;;;;;;;;;;;;
12.057757;18340000;141;;;;;;;;;;;;;;
12.060257;18342500;152;;;;;;;;;;;;;;
12.062757;18345000;0;;;;;;;;;;;;;;
12.065257;18347500;264;;;;;;;;;;;;;;
12.067757;18350000;197;;;;;;;;;;;;;;
12.070257;18352500;170;;;;;;;;;;;;;;
12.072757;18355000;183;;;;;;;;;;;;;;
12.075257;18357500;170;;;;;;;;;;;;;;
12.077757;18360000;157;;;;;;;;;;;;;;
12.080257;18362500;127;;;;;;;;;;;;;;
12.082757;18365000;126;;;;;;;;18366107;333.325;9.903;949.348;1672.741;2568.51;-3244.564
12.085257;18367500;137;18366539;122.161;-25.944;1011.288;-599.184;-2309.747;-4119.626;;;;;;;
12.087757;18370000;167;;;;;;;;;;;;;;
12.090257;18372500;154;;;;;;;;;;;;;;
12.092757;18375000;154;;;;;;;;;;;;;;
12.095257;18377500;367;;;;;;;;;;;;;;
12.097757;18380000;219;;;;;;;;;;;;;;
12.100257;18382500;173;;;;;;;;;;;;;;
12.102757;18385000;136;;;;;;;;;;;;;;
12.105257;18387500;140;;;;;;;;;;;;;;
12.107757;18390000;152;;;;;;;;;;;;;;
12.110257;18392500;173;;;;;;;;;;;;;;
12.112757;18395000;154;;;;;;;;;;;;;;
12.115257;18397500;169;18396931;122.653;-26.355;1012.83;-606.85;-2024.947;-3265.27;18396497;331.012;11.183;948.222;1819.229;2767.334;-2513.586
12.117757;18400000;127;;;;;;;;;;;;;;
12.120257;18402500;126;;;;;;;;;;;;;;
12.122757;18405000;125;;;;;;;;;;;;;;
12.125257;18407500;138;;;;;;;;;;;;;;
12.127757;18410000;343;;;;;;;;;;;;;;
12.130257;18412500;219;;;;;;;;;;;;;;
12.132757;18415000;174;;;;;;;;;;;;;;
12.135257;18417500;153;;;;;;;;;;;;;;
12.137757;18420000;137;18421143;121.797;-28.24;1014.331;-844.258;-1680.45;-2207.319;18420713;329.236;9.947;946.604;1994.267;2769.843;-1764.469
12.140257;18422500;127;;;;;;;;;;;;;;
12.142757;18425000;125;;;;;;;;;;;;;;
12.145257;18427500;137;;;;;;;;;;;;;;
12.147757;18430000;152;;;;;;;;;;;;;;
12.150257;18432500;152;;;;;;;;;;;;;;
12.152757;18435000;154;;;;;;;;;;;;;;
12.155257;18437500;167;;;;;;;;;;;;;;
12.157757;18440000;237;;;;;;;;;;;;;;
12.160257;18442500;266;;;;;;;;;;;;;;
12.162757;18445000;170;;;;;;;;;;;;;;
12.165257;18447500;152;;;;;;;;;;;;;;
12.167757;18450000;153;;;;;;;;18450908;326.133;12.097;946.622;2111.554;2649.725;-924.621
12.170257;18452500;174;18451345;121.057;-28.621;1014.403;-977.482;-1370.24;-1324.328;;;;;;;
12.172757;18455000;153;;;;;;;;;;;;;;
12.175257;18457500;159;;;;;;;;;;;;;;
12.177757;18460000;156;;;;;;;;;;;;;;
12.180257;18462500;153;;;;;;;;;;;;;;
12.182757;18465000;153;;;;;;;;;;;;;;
12.185257;18467500;157;;;;;;;;;;;;;;
12.187757;18470000;151;;;;;;;;;;;;;;
12.190257;18472500;347;;;;;;;;;;;;;;
12.192757;18475000;284;;;;;;;;;;;;;;
12.195257;18477500;205;;;;;;;;;;;;;;
12.197757;18480000;171;;;;;;;;;;;;;;
12.200257;18482500;136;18481727;120.396;-29.063;1014.813;-1013.483;-1126.29;-654.799;18481297;323.899;13.243;947.761;2244.851;2579.802;-258.015
12.202757;18485000;144;;;;;;;;;;;;;;
12.205257;18487500;137;;;;;;;;;;;;;;
12.207757;18490000;168;;;;;;;;;;;;;;
12.210257;18492500;154;;;;;;;;;;;;;;
12.212757;18495000;175;;;;;;;;;;;;;;
12.215257;18497500;168;;;;;;;;;;;;;;
12.217757;18500000;156;;;;;;;;;;;;;;
12.220257;18502500;0;;;;;;;;;;;;;;
12.222757;18505000;264;;;;;;;;;;;;;;
12.225257;18507500;201;;;;;;;;;;;;;;
12.227757;18510000;184;;;;;;;;;;;;;;
12.230257;18512500;185;18513673;119.531;-29.373;1015.74;-1086.184;-893.663;-157.871;18513236;321.277;14.771;949.521;2242.858;2653.374;410.261
12.232757;18515000;174;;;;;;;;;;;;;;
12.235257;18517500;152;;;;;;;;;;;;;;
12.237757;18520000;156;;;;;;;;;;;;;;
12.240257;18522500;154;;;;;;;;;;;;;;
12.242757;18525000;150;;;;;;;;;;;;;;
12.245257;18527500;379;;;;;;;;;;;;;;
12.247757;18530000;248;;;;;;;;;;;;;;
12.250257;18532500;213;;;;;;;;;;;;;;
12.252757;18535000;168;;;;;;;;;;;;;;
12.255257;18537500;171;;;;;;;;;;;;;;
12.257757;18540000;138;;;;;;;;;;;;;;
12.260257;18542500;126;;;;;;;;;;;;;;
12.262757;18545000;144;18545437;118.666;-29.972;1016.675;-1086.562;-673.543;-2.103;18545000;318.517;15.38;950.351;2230.903;2822.143;866.185
12.265257;18547500;137;;;;;;;;;;;;;;
12.267757;18550000;141;;;;;;;;;;;;;;
12.270257;18552500;155;;;;;;;;;;;;;;
12.272757;18555000;154;;;;;;;;;;;;;;
12.275257;18557500;413;;;;;;;;;;;;;;
12.277757;18560000;233;;;;;;;;;;;;;;
12.280257;18562500;156;;;;;;;;;;;;;;
12.282757;18565000;137;;;;;;;;;;;;;;
12.285257;18567500;138;;;;;;;;;;;;;;
12.287757;18570000;168;;;;;;;;;;;;;;
12.290257;18572500;174;;;;;;;;;;;;;;
12.292757;18575000;155;;;;;;;;;;;;;;
12.295257;18577500;144;18577022;118.107;-31.767;1018.002;-1214.234;-519.553;117.877;18576592;316.627;15.526;952.225;2416.42;3172.786;1187.314
12.297757;18580000;138;;;;;;;;;;;;;;
12.300257;18582500;125;;;;;;;;;;;;;;
12.302757;18585000;126;;;;;;;;;;;;;;
12.305257;18587500;349;;;;;;;;;;;;;;
12.307757;18590000;267;;;;;;;;;;;;;;
12.310257;18592500;191;;;;;;;;;;;;;;
12.312757;18595000;160;;;;;;;;;;;;;;
12.315257;18597500;153;;;;;;;;;;;;;;
12.317757;18600000;135;;;;;;;;;;;;;;
12.320257;18602500;124;;;;;;;;;;;;;;
12.322757;18605000;152;;;;;;;;;;;;;;
12.325257;18607500;137;;;;;;;;18608357;313.429;16.952;952.694;2870.474;3478.334;1341.01
12.327757;18610000;142;18608794;115.563;-33.284;1016.695;-1410.772;-366.7;314.546;;;;;;;
12.330257;18612500;153;;;;;;;;;;;;;;
12.332757;18615000;173;;;;;;;;;;;;;;
12.335257;18617500;169;;;;;;;;;;;;;;
12.337757;18620000;378;;;;;;;;;;;;;;
12.340257;18622500;217;;;;;;;;;;;;;;
12.342757;18625000;156;;;;;;;;;;;;;;
12.345257;18627500;168;;;;;;;;;;;;;;
12.347757;18630000;170;;;;;;;;;;;;;;
12.350257;18632500;153;;;;;;;;;;;;;;
12.352757;18635000;172;;;;;;;;;;;;;;
12.355257;18637500;168;;;;;;;;18638572;310.878;17.19;953.786;2980.7;3429.979;1825.21
12.357757;18640000;135;18639011;114.238;-33.346;1016.039;-1858.671;-571.053;604.631;;;;;;;
12.360257;18642500;141;;;;;;;;;;;;;;
12.362757;18645000;126;;;;;;;;;;;;;;
12.365257;18647500;156;;;;;;;;;;;;;;
12.367757;18650000;151;;;;;;;;;;;;;;
12.370257;18652500;359;;;;;;;;;;;;;;
12.372757;18655000;239;;;;;;;;;;;;;;
12.375257;18657500;170;;;;;;;;;;;;;;
12.377757;18660000;156;;;;;;;;;;;;;;
12.380257;18662500;151;;;;;;;;;;;;;;
12.382757;18665000;124;;;;;;;;;;;;;;
12.385257;18667500;153;;;;;;;;;;;;;;
12.387757;18670000;143;18670767;113.278;-36.113;1016.166;-2190.113;-653.188;878.9;18670338;308.681;17.789;955.47;3062.665;3575.668;2246.262
12.390257;18672500;152;;;;;;;;;;;;;;
12.392757;18675000;170;;;;;;;;;;;;;;
12.395257;18677500;168;;;;;;;;;;;;;;
12.397757;18680000;155;;;;;;;;;;;;;;
12.400257;18682500;265;;;;;;;;;;;;;;
12.402757;18685000;282;;;;;;;;;;;;;;
12.405257;18687500;200;;;;;;;;;;;;;;
12.407757;18690000;184;;;;;;;;;;;;;;
12.410257;18692500;155;;;;;;;;;;;;;;
12.412757;18695000;155;;;;;;;;;;;;;;
12.415257;18697500;167;;;;;;;;;;;;;;
12.417757;18700000;137;;;;;;;;;;;;;;
12.420257;18702500;126;18702540;111.475;-38.761;1014.597;-2172.482;-517.278;1199.392;18702103;305.466;17.832;955.661;3077.969;3656.76;2746.011
12.422757;18705000;127;;;;;;;;;;;;;;
12.425257;18707500;137;;;;;;;;;;;;;;
12.427757;18710000;169;;;;;;;;;;;;;;
12.430257;18712500;156;;;;;;;;;;;;;;
12.432757;18715000;412;;;;;;;;;;;;;;
12.435257;18717500;246;;;;;;;;;;;;;;
12.437757;18720000;170;;;;;;;;;;;;;;
12.440257;18722500;157;;;;;;;;;;;;;;
12.442757;18725000;135;;;;;;;;;;;;;;
12.445257;18727500;139;;;;;;;;;;;;;;
12.447757;18730000;144;;;;;;;;;;;;;;
12.450257;18732500;155;;;;;;;;;;;;;;
12.452757;18735000;173;18734391;109.439;-39.214;1014.362;-2056.421;-575.414;1696.36;18733954;301.215;19.332;957.373;3703.259;4015.546;2818.273
12.455257;18737500;142;;;;;;;;;;;;;;
12.457757;18740000;155;;;;;;;;;;;;;;
12.460257;18742500;126;;;;;;;;;;;;;;
12.462757;18745000;331;;;;;;;;;;;;;;
12.465257;18747500;240;;;;;;;;;;;;;;
12.467757;18750000;187;;;;;;;;;;;;;;
12.470257;18752500;188;;;;;;;;;;;;;;
12.472757;18755000;159;;;;;;;;;;;;;;
12.475257;18757500;152;;;;;;;;;;;;;;
12.477757;18760000;156;;;;;;;;;;;;;;
12.480257;18762500;126;;;;;;;;;;;;;;
12.482757;18765000;152;18766149;107.871;-39.943;1014.555;-2053.787;-361.581;1944.479;18765720;298.446;19.701;957.627;3716.72;4210.269;3179.172
12.485257;18767500;137;;;;;;;;;;;;;;
12.487757;18770000;142;;;;;;;;;;;;;;
12.490257;18772500;172;;;;;;;;;;;;;;
12.492757;18775000;169;;;;;;;;;;;;;;
12.495257;18777500;365;;;;;;;;;;;;;;
12.497757;18780000;214;;;;;;;;;;;;;;
12.500257;18782500;171;;;;;;;;;;;;;;
12.502757;18785000;138;;;;;;;;;;;;;;
12.505257;18787500;154;;;;;;;;;;;;;;
12.507757;18790000;159;;;;;;;;;;;;;;
12.510257;18792500;153;;;;;;;;;;;;;;
12.512757;18795000;172;;;;;;;;18796023;293.93;22.797;958.778;3956.572;4417.131;3312.026
12.515257;18797500;150;18796459;106.424;-40.392;1013.707;-2017.598;-561.815;2194.63;;;;;;;
12.517757;18800000;155;;;;;;;;;;;;;;
12.520257;18802500;144;;;;;;;;;;;;;;
12.522757;18805000;152;;;;;;;;;;;;;;
12.525257;18807500;157;;;;;;;;;;;;;;
12.527757;18810000;312;;;;;;;;;;;;;;
12.530257;18812500;237;;;;;;;;;;;;;;
12.532757;18815000;202;;;;;;;;;;;;;;
12.535257;18817500;183;;;;;;;;;;;;;;
12.537757;18820000;160;18820493;105.184;-41.288;1014.475;-2173.093;-871.911;2545.586;18820066;289.292;24.39;959.377;4115.306;4515.212;3516.112
12.540257;18822500;135;;;;;;;;;;;;;;
12.542757;18825000;136;;;;;;;;;;;;;;
12.545257;18827500;158;;;;;;;;;;;;;;
12.547757;18830000;152;;;;;;;;;;;;;;
12.550257;18832500;174;;;;;;;;;;;;;;
12.552757;18835000;156;;;;;;;;;;;;;;
12.555257;18837500;169;;;;;;;;;;;;;;
12.557757;18840000;24;;;;;;;;;;;;;;
12.560257;18842500;254;;;;;;;;;;;;;;
12.562757;18845000;189;;;;;;;;;;;;;;
12.565257;18847500;152;;;;;;;;;;;;;;
12.567757;18850000;171;18850787;104.421;-43.183;1015.455;-2297.625;-992.816;2829.12;18850347;286.479;25.745;960.013;4117.353;4389.201;4081.431
12.570257;18852500;155;;;;;;;;;;;;;;
12.572757;18855000;173;;;;;;;;;;;;;;
12.575257;18857500;169;;;;;;;;;;;;;;
12.577757;18860000;139;;;;;;;;;;;;;;
12.580257;18862500;134;;;;;;;;;;;;;;
12.582757;18865000;152;;;;;;;;;;;;;;
12.585257;18867500;138;;;;;;;;;;;;;;
12.587757;18870000;152;;;;;;;;;;;;;;
12.590257;18872500;383;;;;;;;;;;;;;;
12.592757;18875000;251;;;;;;;;;;;;;;
12.595257;18877500;203;;;;;;;;;;;;;;
12.597757;18880000;141;18881078;103.549;-44.098;1015.831;-2323.182;-1068.737;3108.101;18880650;283.586;27.398;960.068;4174.422;4267.304;4586.11
12.600257;18882500;135;;;;;;;;;;;;;;
12.602757;18885000;136;;;;;;;;;;;;;;
12.605257;18887500;159;;;;;;;;;;;;;;
12.607757;18890000;154;;;;;;;;;;;;;;
12.610257;18892500;157;;;;;;;;;;;;;;
12.612757;18895000;157;;;;;;;;;;;;;;
12.615257;18897500;151;;;;;;;;;;;;;;
12.617757;18900000;155;;;;;;;;;;;;;;
12.620257;18902500;348;;;;;;;;;;;;;;
12.622757;18905000;253;;;;;;;;;;;;;;
12.625257;18907500;168;;;;;;;;;;;;;;
12.627757;18910000;158;;;;;;;;;;;;;;
12.630257;18912500;183;18913028;102.312;-45.285;1015.834;-2321.647;-1199.926;3129.446;18912588;279.893;29.194;961.224;4121.014;4183.438;5021.804
12.632757;18915000;173;;;;;;;;;;;;;;
12.635257;18917500;151;;;;;;;;;;;;;;
12.637757;18920000;139;;;;;;;;;;;;;;
12.640257;18922500;127;;;;;;;;;;;;;;
12.642757;18925000;154;;;;;;;;;;;;;;
12.645257;18927500;351;;;;;;;;;;;;;;
12.647757;18930000;222;;;;;;;;;;;;;;
12.650257;18932500;184;;;;;;;;;;;;;;
12.652757;18935000;170;;;;;;;;;;;;;;
12.655257;18937500;172;;;;;;;;;;;;;;
12.657757;18940000;141;;;;;;;;;;;;;;
12.660257;18942500;154;;;;;;;;;;;;;;
12.662757;18945000;136;18944961;99.655;-47.236;1015.263;-2213.877;-1288.679;3064.411;18944525;275.646;30.741;962.957;4058.025;4471.704;5207.776
12.665257;18947500;140;;;;;;;;;;;;;;
12.667757;18950000;154;;;;;;;;;;;;;;
12.670257;18952500;174;;;;;;;;;;;;;;
12.672757;18955000;174;;;;;;;;;;;;;;
12.675257;18957500;349;;;;;;;;;;;;;;
12.677757;18960000;234;;;;;;;;;;;;;;
12.680257;18962500;156;;;;;;;;;;;;;;
12.682757;18965000;166;;;;;;;;;;;;;;
12.685257;18967500;142;;;;;;;;;;;;;;
12.687757;18970000;152;;;;;;;;;;;;;;
12.690257;18972500;173;;;;;;;;;;;;;;
12.692757;18975000;157;;;;;;;;;;;;;;
12.695257;18977500;152;18976811;97.691;-49.296;1015.155;-2115.871;-1453.933;2953.628;18976378;271.062;31.309;964.079;4009.562;4534.244;5353.825
12.697757;18980000;139;;;;;;;;;;;;;;
12.700257;18982500;154;;;;;;;;;;;;;;
12.702757;18985000;153;;;;;;;;;;;;;;
12.705257;18987500;376;;;;;;;;;;;;;;
12.707757;18990000;239;;;;;;;;;;;;;;
12.710257;18992500;206;;;;;;;;;;;;;;
12.712757;18995000;186;;;;;;;;;;;;;;
12.715257;18997500;172;;;;;;;;;;;;;;
12.717757;19000000;141;;;;;;;;;;;;;;
12.720257;19002500;154;;;;;;;;;;;;;;
12.722757;19005000;153;;;;;;;;;;;;;;
12.725257;19007500;157;19008664;95.662;-52.041;1016.039;-2150.078;-1679.174;2753.447;19008230;266.824;32.781;964.852;4071.146;4482.969;5458.446
12.727757;19010000;169;;;;;;;;;;;;;;
12.730257;19012500;175;;;;;;;;;;;;;;
12.732757;19015000;173;;;;;;;;;;;;;;
12.735257;19017500;144;;;;;;;;;;;;;;
12.737757;19020000;328;;;;;;;;;;;;;;
12.740257;19022500;219;;;;;;;;;;;;;;
12.742757;19025000;172;;;;;;;;;;;;;;
12.745257;19027500;168;;;;;;;;;;;;;;
12.747757;19030000;152;;;;;;;;;;;;;;
12.750257;19032500;156;;;;;;;;;;;;;;
12.752757;19035000;174;;;;;;;;;;;;;;
12.755257;19037500;152;;;;;;;;19038532;262.108;34.735;965.965;4259.151;4518.695;5498.336
12.757757;19040000;157;19038973;94.691;-53.526;1017.557;-2090.699;-1964.902;2254.837;;;;;;;
12.760257;19042500;152;;;;;;;;;;;;;;
12.762757;19045000;135;;;;;;;;;;;;;;
12.765257;19047500;141;;;;;;;;;;;;;;
12.767757;19050000;152;;;;;;;;;;;;;;
12.770257;19052500;328;;;;;;;;;;;;;;
12.772757;19055000;232;;;;;;;;;;;;;;
12.775257;19057500;170;;;;;;;;;;;;;;
12.777757;19060000;150;;;;;;;;;;;;;;
12.780257;19062500;135;;;;;;;;;;;;;;
12.782757;19065000;154;;;;;;;;;;;;;;
12.785257;19067500;140;;;;;;;;;;;;;;
12.787757;19070000;170;19070724;93.031;-55.553;1018.31;-1998.851;-2049.97;2019.157;19070298;257.811;35.755;967.095;4298.631;4472.135;5566.419
12.790257;19072500;155;;;;;;;;;;;;;;
12.792757;19075000;155;;;;;;;;;;;;;;
12.795257;19077500;143;;;;;;;;;;;;;;
12.797757;19080000;138;;;;;;;;;;;;;;
12.800257;19082500;331;;;;;;;;;;;;;;
12.802757;19085000;253;;;;;;;;;;;;;;
12.805257;19087500;183;;;;;;;;;;;;;;
12.807757;19090000;158;;;;;;;;;;;;;;
12.810257;19092500;157;;;;;;;;;;;;;;
12.812757;19095000;180;;;;;;;;;;;;;;
12.815257;19097500;143;;;;;;;;;;;;;;
12.817757;19100000;137;;;;;;;;;;;;;;
12.820257;19102500;151;19102590;90.947;-56.032;1018.25;-1932.159;-2023.159;2007.449;19102150;253.235;36.804;968.022;4349.7;4382.403;5588.661
12.822757;19105000;127;;;;;;;;;;;;;;
12.825257;19107500;138;;;;;;;;;;;;;;
12.827757;19110000;142;;;;;;;;;;;;;;
12.830257;19112500;155;;;;;;;;;;;;;;
12.832757;19115000;399;;;;;;;;;;;;;;
12.835257;19117500;236;;;;;;;;;;;;;;
12.837757;19120000;168;;;;;;;;;;;;;;
12.840257;19122500;138;;;;;;;;;;;;;;
12.842757;19125000;152;;;;;;;;;;;;;;
12.845257;19127500;138;;;;;;;;;;;;;;
12.847757;19130000;159;;;;;;;;;;;;;;
12.850257;19132500;173;;;;;;;;;;;;;;
12.852757;19135000;173;19134436;89.017;-56.153;1017.925;-1884.551;-2036.626;1904.889;19134001;247.503;38.093;968.964;4150.152;4313.783;5713.041
12.855257;19137500;169;;;;;;;;;;;;;;
12.857757;19140000;158;;;;;;;;;;;;;;
12.860257;19142500;152;;;;;;;;;;;;;;
12.862757;19145000;29;;;;;;;;;;;;;;
12.865257;19147500;248;;;;;;;;;;;;;;
12.867757;19150000;203;;;;;;;;;;;;;;
12.870257;19152500;187;;;;;;;;;;;;;;
12.872757;19155000;183;;;;;;;;;;;;;;
12.875257;19157500;168;;;;;;;;;;;;;;
12.877757;19160000;155;;;;;;;;;;;;;;
12.880257;19162500;149;;;;;;;;;;;;;;
12.882757;19165000;128;;;;;;;;19165853;242.198;40.538;970.163;4390.645;4511.969;5487.764
12.885257;19167500;155;19166286;87.817;-56.029;1018.47;-1764.511;-2128.169;1671.395;;;;;;;
12.887757;19170000;150;;;;;;;;;;;;;;
12.890257;19172500;154;;;;;;;;;;;;;;
12.892757;19175000;170;;;;;;;;;;;;;;
12.895257;19177500;346;;;;;;;;;;;;;;
12.897757;19180000;233;;;;;;;;;;;;;;
12.900257;19182500;154;;;;;;;;;;;;;;
12.902757;19185000;136;;;;;;;;;;;;;;
12.905257;19187500;156;;;;;;;;;;;;;;
12.907757;19190000;143;;;;;;;;;;;;;;
12.910257;19192500;173;;;;;;;;;;;;;;
12.912757;19195000;172;;;;;;;;19196157;237.078;42.183;971.468;4518.925;4614.933;5184.063
12.915257;19197500;158;19196590;87.337;-56.265;1020.043;-1823.285;-2121.948;1308.7;;;;;;;
12.917757;19200000;155;;;;;;;;;;;;;;
12.920257;19202500;125;;;;;;;;;;;;;;
12.922757;19205000;128;;;;;;;;;;;;;;
12.925257;19207500;138;;;;;;;;;;;;;;
12.927757;19210000;331;;;;;;;;;;;;;;
12.930257;19212500;217;;;;;;;;;;;;;;
12.932757;19215000;173;;;;;;;;;;;;;;
12.935257;19217500;154;;;;;;;;;;;;;;
12.937757;19220000;138;19220629;87.161;-56.423;1020.891;-1904.933;-2110.351;1061.265;19220199;233.935;42.526;971.853;4637.291;4625.249;4835.61
12.940257;19222500;126;;;;;;;;;;;;;;
12.942757;19225000;127;;;;;;;;;;;;;;
12.945257;19227500;139;;;;;;;;;;;;;;
12.947757;19230000;168;;;;;;;;;;;;;;
12.950257;19232500;153;;;;;;;;;;;;;;
12.952757;19235000;173;;;;;;;;;;;;;;
12.955257;19237500;142;;;;;;;;;;;;;;
12.957757;19240000;295;;;;;;;;;;;;;;
12.960257;19242500;278;;;;;;;;;;;;;;
12.962757;19245000;172;;;;;;;;;;;;;;
12.965257;19247500;153;;;;;;;;;;;;;;
12.967757;19250000;153;19250831;87.414;-58.36;1021.464;-1893.687;-2058.208;552.327;19250394;230.559;42.938;972.463;4830.676;4785.111;4461.267
12.970257;19252500;153;;;;;;;;;;;;;;
12.972757;19255000;173;;;;;;;;;;;;;;
12.975257;19257500;149;;;;;;;;;;;;;;
12.977757;19260000;137;;;;;;;;;;;;;;
12.980257;19262500;125;;;;;;;;;;;;;;
12.982757;19265000;134;;;;;;;;;;;;;;
12.985257;19267500;157;;;;;;;;;;;;;;
12.987757;19270000;168;;;;;;;;;;;;;;
12.990257;19272500;412;;;;;;;;;;;;;;
12.992757;19275000;254;;;;;;;;;;;;;;
12.995257;19277500;182;;;;;;;;;;;;;;
12.997757;19280000;168;19281039;88.247;-60.737;1021.753;-1831.377;-2022.236;237.273;19280610;228.675;43.237;973.231;4990.768;4819.73;4029.953
13.000257;19282500;134;;;;;;;;;;;;;;
13.002757;19285000;152;;;;;;;;;;;;;;
13.005257;19287500;139;;;;;;;;;;;;;;
13.007757;19290000;150;;;;;;;;;;;;;;
13.010257;19292500;175;;;;;;;;;;;;;;
13.012757;19295000;154;;;;;;;;;;;;;;
13.015257;19297500;142;;;;;;;;;;;;;;
13.017757;19300000;135;;;;;;;;;;;;;;
13.020257;19302500;44;;;;;;;;;;;;;;
13.022757;19305000;238;;;;;;;;;;;;;;
13.025257;19307500;198;;;;;;;;;;;;;;
13.027757;19310000;184;;;;;;;;;;;;;;
13.030257;19312500;158;19312812;88.342;-62.665;1021.411;-1736.746;-1904.061;-53.278;19312375;226.08;44.387;973.742;5200.167;4856.994;3597.893
13.032757;19315000;174;;;;;;;;;;;;;;
13.035257;19317500;141;;;;;;;;;;;;;;
13.037757;19320000;154;;;;;;;;;;;;;;
13.040257;19322500;124;;;;;;;;;;;;;;
13.042757;19325000;152;;;;;;;;;;;;;;
13.045257;19327500;361;;;;;;;;;;;;;;
13.047757;19330000;222;;;;;;;;;;;;;;
13.050257;19332500;185;;;;;;;;;;;;;;
13.052757;19335000;184;;;;;;;;;;;;;;
13.055257;19337500;170;;;;;;;;;;;;;;
13.057757;19340000;155;;;;;;;;;;;;;;
13.060257;19342500;128;;;;;;;;;;;;;;
13.062757;19345000;152;19344576;89.415;-65.046;1020.745;-1733.034;-1885.421;-198.052;19344139;223.609;45.639;974.373;5340.033;4810.582;3239.498
13.065257;19347500;156;;;;;;;;;;;;;;
13.067757;19350000;170;;;;;;;;;;;;;;
13.070257;19352500;172;;;;;;;;;;;;;;
13.072757;19355000;171;;;;;;;;;;;;;;
13.075257;19357500;367;;;;;;;;;;;;;;
13.077757;19360000;208;;;;;;;;;;;;;;
13.080257;19362500;151;;;;;;;;;;;;;;
13.082757;19365000;155;;;;;;;;;;;;;;
13.085257;19367500;157;;;;;;;;;;;;;;
13.087757;19370000;168;;;;;;;;;;;;;;
13.090257;19372500;154;;;;;;;;;;;;;;
13.092757;19375000;152;19376247;90.569;-66.869;1021.058;-1628.444;-1812.587;-255.524;19375818;221.316;46.73;974.595;5471.156;4748.552;2950.211
13.095257;19377500;168;;;;;;;;;;;;;;
13.097757;19380000;135;;;;;;;;;;;;;;
13.100257;19382500;152;;;;;;;;;;;;;;
13.102757;19385000;126;;;;;;;;;;;;;;
13.105257;19387500;365;;;;;;;;;;;;;;
13.107757;19390000;237;;;;;;;;;;;;;;
13.110257;19392500;187;;;;;;;;;;;;;;
13.112757;19395000;185;;;;;;;;;;;;;;
13.115257;19397500;168;;;;;;;;;;;;;;
13.117757;19400000;137;;;;;;;;;;;;;;
13.120257;19402500;125;;;;;;;;;;;;;;
13.122757;19405000;134;;;;;;;;;;;;;;
13.125257;19407500;154;19408106;91.323;-68.394;1020.531;-1471.335;-1567.958;-299.623;19407669;219.37;48.273;975.037;5641.223;4587.687;2715.638
13.127757;19410000;168;;;;;;;;;;;;;;
13.130257;19412500;153;;;;;;;;;;;;;;
13.132757;19415000;151;;;;;;;;;;;;;;
13.135257;19417500;141;;;;;;;;;;;;;;
13.137757;19420000;312;;;;;;;;;;;;;;
13.140257;19422500;205;;;;;;;;;;;;;;
13.142757;19425000;152;;;;;;;;;;;;;;
13.145257;19427500;139;;;;;;;;;;;;;;
13.147757;19430000;143;;;;;;;;;;;;;;
13.150257;19432500;171;;;;;;;;;;;;;;
13.152757;19435000;170;;;;;;;;;;;;;;
13.155257;19437500;140;19438410;91.661;-69.933;1019.402;-1296.268;-1445.81;-332.329;19437971;216.935;49.69;975.824;5720.975;4370.99;2501.981
13.157757;19440000;136;;;;;;;;;;;;;;
13.160257;19442500;124;;;;;;;;;;;;;;
13.162757;19445000;152;;;;;;;;;;;;;;
13.165257;19447500;138;;;;;;;;;;;;;;
13.167757;19450000;0;;;;;;;;;;;;;;
13.170257;19452500;287;;;;;;;;;;;;;;
13.172757;19455000;202;;;;;;;;;;;;;;
13.175257;19457500;183;;;;;;;;;;;;;;
13.177757;19460000;138;;;;;;;;;;;;;;
13.180257;19462500;152;;;;;;;;;;;;;;
13.182757;19465000;126;;;;;;;;;;;;;;
13.185257;19467500;137;;;;;;;;;;;;;;
13.187757;19470000;168;19470253;92.257;-70.957;1018.922;-1103.705;-1414.207;-371.713;19469824;214.72;50.963;976.595;5780.551;4041.753;2298.569
13.190257;19472500;154;;;;;;;;;;;;;;
13.192757;19475000;144;;;;;;;;;;;;;;
13.195257;19477500;140;;;;;;;;;;;;;;
13.197757;19480000;154;;;;;;;;;;;;;;
13.200257;19482500;382;;;;;;;;;;;;;;
13.202757;19485000;231;;;;;;;;;;;;;;
13.205257;19487500;169;;;;;;;;;;;;;;
13.207757;19490000;174;;;;;;;;;;;;;;
13.210257;19492500;174;;;;;;;;;;;;;;
13.212757;19495000;152;;;;;;;;;;;;;;
13.215257;19497500;159;;;;;;;;;;;;;;
13.217757;19500000;136;;;;;;;;;;;;;;
13.220257;19502500;140;19502113;92.902;-71.789;1018.649;-988.582;-1441.496;-371.502;19501676;212.835;52.722;977.26;5730.398;3612.603;2127.203
13.222757;19505000;151;;;;;;;;;;;;;;
13.225257;19507500;154;;;;;;;;;;;;;;
13.227757;19510000;144;;;;;;;;;;;;;;
13.230257;19512500;153;;;;;;;;;;;;;;
13.232757;19515000;361;;;;;;;;;;;;;;
13.235257;19517500;237;;;;;;;;;;;;;;
13.237757;19520000;174;;;;;;;;;;;;;;
13.240257;19522500;137;;;;;;;;;;;;;;
13.242757;19525000;135;;;;;;;;;;;;;;
13.245257;19527500;154;;;;;;;;;;;;;;
13.247757;19530000;168;;;;;;;;;;;;;;
13.250257;19532500;152;19533703;94.028;-72.921;1018.285;-863.903;-1489.297;-343.74;19533266;211.801;54.71;977.643;5618.878;3102.535;2016.03
13.252757;19535000;169;;;;;;;;;;;;;;
13.255257;19537500;167;;;;;;;;;;;;;;
13.257757;19540000;135;;;;;;;;;;;;;;
13.260257;19542500;142;;;;;;;;;;;;;;
13.262757;19545000;361;;;;;;;;;;;;;;
13.265257;19547500;239;;;;;;;;;;;;;;
13.267757;19550000;198;;;;;;;;;;;;;;
13.270257;19552500;158;;;;;;;;;;;;;;
13.272757;19555000;171;;;;;;;;;;;;;;
13.275257;19557500;141;;;;;;;;;;;;;;
13.277757;19560000;154;;;;;;;;;;;;;;
13.280257;19562500;151;;;;;;;;;;;;;;
13.282757;19565000;124;19565462;94.682;-73.246;1018.001;-733.645;-1532.519;-277.99;19565032;210.562;56.506;978.091;5457.809;2694.971;1926.604
13.285257;19567500;137;;;;;;;;;;;;;;
13.287757;19570000;141;;;;;;;;;;;;;;
13.290257;19572500;152;;;;;;;;;;;;;;
13.292757;19575000;152;;;;;;;;;;;;;;
13.295257;19577500;332;;;;;;;;;;;;;;
13.297757;19580000;190;;;;;;;;;;;;;;
13.300257;19582500;141;;;;;;;;;;;;;;
13.302757;19585000;127;;;;;;;;;;;;;;
13.305257;19587500;157;;;;;;;;;;;;;;
13.307757;19590000;168;;;;;;;;;;;;;;
13.310257;19592500;154;;;;;;;;;;;;;;
13.312757;19595000;143;19595685;95.987;-73.134;1016.84;-659.338;-1575.331;-249.653;19595249;209.696;57.975;978.103;5231.731;2348.472;1866.149
13.315257;19597500;157;;;;;;;;;;;;;;
13.317757;19600000;127;;;;;;;;;;;;;;
13.320257;19602500;123;;;;;;;;;;;;;;
13.322757;19605000;124;;;;;;;;;;;;;;
13.325257;19607500;5;;;;;;;;;;;;;;
13.327757;19610000;301;;;;;;;;;;;;;;
13.330257;19612500;199;;;;;;;;;;;;;;
13.332757;19615000;186;;;;;;;;;;;;;;
13.335257;19617500;151;;;;;;;;;;;;;;
13.337757;19620000;136;19619632;97.214;-75.211;1014.798;-480.246;-1557.814;-364.92;19619204;207.733;59.731;978.742;4931.645;2069.174;1834.966
13.340257;19622500;141;;;;;;;;;;;;;;
13.342757;19625000;125;;;;;;;;;;;;;;
13.345257;19627500;136;;;;;;;;;;;;;;
13.347757;19630000;143;;;;;;;;;;;;;;
13.350257;19632500;151;;;;;;;;;;;;;;
13.352757;19635000;171;;;;;;;;;;;;;;
13.355257;19637500;141;;;;;;;;;;;;;;
13.357757;19640000;379;;;;;;;;;;;;;;
13.360257;19642500;220;;;;;;;;;;;;;;
13.362757;19645000;182;;;;;;;;;;;;;;
13.365257;19647500;142;;;;;;;;;;;;;;
13.367757;19650000;152;19649665;97.893;-75.769;1014.444;-384.921;-1601.548;-212.362;19649225;207.735;61.045;978.867;4645.25;1830.965;1813.655
13.370257;19652500;154;;;;;;;;;;;;;;
13.372757;19655000;152;;;;;;;;;;;;;;
13.375257;19657500;166;;;;;;;;;;;;;;
13.377757;19660000;135;;;;;;;;;;;;;;
13.380257;19662500;153;;;;;;;;;;;;;;
13.382757;19665000;152;;;;;;;;;;;;;;
13.385257;19667500;138;;;;;;;;;;;;;;
13.387757;19670000;167;;;;;;;;;;;;;;
13.390257;19672500;329;;;;;;;;;;;;;;
13.392757;19675000;237;;;;;;;;;;;;;;
13.395257;19677500;185;;;;;;;;;;;;;;
13.397757;19680000;140;19679869;100.641;-77.776;1014.138;-304.863;-1607.659;-171.119;19679441;205.187;62.47;979.492;4353.049;1499.667;1797.348
13.400257;19682500;154;;;;;;;;;;;;;;
13.402757;19685000;127;;;;;;;;;;;;;;
13.405257;19687500;138;;;;;;;;;;;;;;
13.407757;19690000;169;;;;;;;;;;;;;;
13.410257;19692500;171;;;;;;;;;;;;;;
13.412757;19695000;171;;;;;;;;;;;;;;
13.415257;19697500;142;;;;;;;;;;;;;;
13.417757;19700000;155;;;;;;;;;;;;;;
13.420257;19702500;335;;;;;;;;;;;;;;
13.422757;19705000;223;;;;;;;;;;;;;;
13.425257;19707500;184;;;;;;;;;;;;;;
13.427757;19710000;154;;;;;;;;;;;;;;
13.430257;19712500;157;19711733;101.709;-78.23;1013.818;-187.244;-1594.651;33.437;19711293;205.12;62.952;979.22;4096.897;1176.621;1808.105
13.432757;19715000;152;;;;;;;;;;;;;;
13.435257;19717500;167;;;;;;;;;;;;;;
13.437757;19720000;154;;;;;;;;;;;;;;
13.440257;19722500;126;;;;;;;;;;;;;;
13.442757;19725000;0;;;;;;;;;;;;;;
13.445257;19727500;281;;;;;;;;;;;;;;
13.447757;19730000;219;;;;;;;;;;;;;;
13.450257;19732500;170;;;;;;;;;;;;;;
13.452757;19735000;155;;;;;;;;;;;;;;
13.455257;19737500;167;;;;;;;;;;;;;;
13.457757;19740000;152;;;;;;;;;;;;;;
13.460257;19742500;125;19743406;102.809;-78.387;1014.361;-85.132;-1609.418;189.265;19742970;205.283;63.257;979.767;3902.99;967.29;1784.637
13.462757;19745000;126;;;;;;;;;;;;;;
13.465257;19747500;137;;;;;;;;;;;;;;
13.467757;19750000;160;;;;;;;;;;;;;;
13.470257;19752500;168;;;;;;;;;;;;;;
13.472757;19755000;152;;;;;;;;;;;;;;
13.475257;19757500;280;;;;;;;;;;;;;;
13.477757;19760000;184;;;;;;;;;;;;;;
13.480257;19762500;170;;;;;;;;;;;;;;
13.482757;19765000;158;;;;;;;;;;;;;;
13.485257;19767500;159;;;;;;;;;;;;;;
13.487757;19770000;152;;;;;;;;;;;;;;
13.490257;19772500;154;;;;;;;;;;;;;;
13.492757;19775000;172;19774995;104.0;-78.476;1014.437;-18.751;-1504.01;383.677;19774563;205.444;63.754;979.462;3767.34;735.613;1777.218
13.495257;19777500;167;;;;;;;;;;;;;;
13.497757;19780000;137;;;;;;;;;;;;;;
13.500257;19782500;126;;;;;;;;;;;;;;
13.502757;19785000;126;;;;;;;;;;;;;;
13.505257;19787500;313;;;;;;;;;;;;;;
13.507757;19790000;222;;;;;;;;;;;;;;
13.510257;19792500;172;;;;;;;;;;;;;;
13.512757;19795000;157;;;;;;;;;;;;;;
13.515257;19797500;142;;;;;;;;;;;;;;
13.517757;19800000;155;;;;;;;;;;;;;;
13.520257;19802500;153;;;;;;;;;;;;;;
13.522757;19805000;136;;;;;;;;19806154;206.548;62.848;979.35;3602.161;566.707;1706.732
13.525257;19807500;139;19806588;105.523;-78.071;1014.297;77.562;-1409.997;537.306;;;;;;;
13.527757;19810000;153;;;;;;;;;;;;;;
13.530257;19812500;157;;;;;;;;;;;;;;
13.532757;19815000;153;;;;;;;;;;;;;;
13.535257;19817500;364;;;;;;;;;;;;;;
13.537757;19820000;250;;;;;;;;;;;;;;
13.540257;19822500;186;;;;;;;;;;;;;;
13.542757;19825000;142;;;;;;;;;;;;;;
13.545257;19827500;167;;;;;;;;;;;;;;
13.547757;19830000;170;;;;;;;;;;;;;;
13.550257;19832500;154;;;;;;;;;;;;;;
13.552757;19835000;172;;;;;;;;19835935;207.305;63.103;979.384;3513.927;451.747;1672.145
13.555257;19837500;144;19836376;107.371;-78.273;1014.431;147.621;-1328.559;497.753;;;;;;;
13.557757;19840000;155;;;;;;;;;;;;;;
13.560257;19842500;150;;;;;;;;;;;;;;
13.562757;19845000;137;;;;;;;;;;;;;;
13.565257;19847500;158;;;;;;;;;;;;;;
13.567757;19850000;366;;;;;;;;;;;;;;
13.570257;19852500;264;;;;;;;;;;;;;;
13.572757;19855000;203;;;;;;;;;;;;;;
13.575257;19857500;152;;;;;;;;;;;;;;
13.577757;19860000;155;;;;;;;;;;;;;;
13.580257;19862500;127;;;;;;;;;;;;;;
13.582757;19865000;144;;;;;;;;;;;;;;
13.585257;19867500;136;19867867;108.011;-78.099;1013.071;271.053;-1232.819;431.303;19867441;207.657;63.278;979.544;3467.293;436.597;1602.976
13.587757;19870000;152;;;;;;;;;;;;;;
13.590257;19872500;173;;;;;;;;;;;;;;
13.592757;19875000;152;;;;;;;;;;;;;;
13.595257;19877500;141;;;;;;;;;;;;;;
13.597757;19880000;155;;;;;;;;;;;;;;
13.600257;19882500;311;;;;;;;;;;;;;;
13.602757;19885000;204;;;;;;;;;;;;;;
13.605257;19887500;155;;;;;;;;;;;;;;
13.607757;19890000;153;;;;;;;;;;;;;;
13.610257;19892500;156;;;;;;;;;;;;;;
13.612757;19895000;151;;;;;;;;;;;;;;
13.615257;19897500;158;;;;;;;;;;;;;;
13.617757;19900000;134;19899472;109.302;-77.781;1013.09;322.688;-1348.803;419.8;19899032;207.906;62.994;979.44;3379.679;382.83;1505.327
13.620257;19902500;151;;;;;;;;;;;;;;
13.622757;19905000;128;;;;;;;;;;;;;;
13.625257;19907500;140;;;;;;;;;;;;;;
13.627757;19910000;151;;;;;;;;;;;;;;
13.630257;19912500;0;;;;;;;;;;;;;;
13.632757;19915000;283;;;;;;;;;;;;;;
13.635257;19917500;184;;;;;;;;;;;;;;
13.637757;19920000;151;;;;;;;;;;;;;;
13.640257;19922500;135;;;;;;;;;;;;;;
13.642757;19925000;126;;;;;;;;;;;;;;
13.645257;19927500;157;;;;;;;;;;;;;;
13.647757;19930000;141;19931058;110.59;-77.893;1013.499;355.116;-1527.238;338.435;19930622;208.18;63.992;979.506;3341.07;289.313;1396.373
13.650257;19932500;144;;;;;;;;;;;;;;
13.652757;19935000;152;;;;;;;;;;;;;;
13.655257;19937500;141;;;;;;;;;;;;;;
13.657757;19940000;153;;;;;;;;;;;;;;
13.660257;19942500;21;;;;;;;;;;;;;;
13.662757;19945000;233;;;;;;;;;;;;;;
13.665257;19947500;172;;;;;;;;;;;;;;
13.667757;19950000;156;;;;;;;;;;;;;;
13.670257;19952500;173;;;;;;;;;;;;;;
13.672757;19955000;152;;;;;;;;;;;;;;
13.675257;19957500;141;;;;;;;;;;;;;;
13.677757;19960000;137;;;;;;;;;;;;;;
13.680257;19962500;125;19962647;112.045;-78.183;1013.875;448.485;-1559.813;223.076;19962215;209.318;64.282;979.599;3210.766;216.66;1240.367
13.682757;19965000;153;;;;;;;;;;;;;;
13.685257;19967500;158;;;;;;;;;;;;;;
13.687757;19970000;154;;;;;;;;;;;;;;
13.690257;19972500;154;;;;;;;;;;;;;;
13.692757;19975000;328;;;;;;;;;;;;;;
13.695257;19977500;232;;;;;;;;;;;;;;
13.697757;19980000;155;;;;;;;;;;;;;;
13.700257;19982500;144;;;;;;;;;;;;;;
13.702757;19985000;126;;;;;;;;;;;;;;
13.705257;19987500;137;;;;;;;;;;;;;;
13.707757;19990000;142;;;;;;;;;;;;;;
13.710257;19992500;171;19992690;113.171;-77.519;1013.774;631.248;-1493.635;151.985;19992256;209.424;64.807;979.602;3110.603;305.14;1067.661
13.712757;19995000;153;;;;;;;;;;;;;;
13.715257;19997500;159;;;;;;;;;;;;;;
13.717757;20000000;155;;;;;;;;;;;;;;
13.720257;20002500;126;;;;;;;;;;;;;;
13.722757;20005000;122;;;;;;;;;;;;;;
13.725257;20007500;267;;;;;;;;;;;;;;
13.727757;20010000;215;;;;;;;;;;;;;;
13.730257;20012500;187;;;;;;;;;;;;;;
13.732757;20015000;156;20014902;114.1;-76.657;1013.709;701.186;-1457.891;97.135;20014469;209.39;65.531;979.501;3018.948;371.695;921.09
13.735257;20017500;159;;;;;;;;;;;;;;
13.737757;20020000;135;;;;;;;;;;;;;;
13.740257;20022500;127;;;;;;;;;;;;;;
13.742757;20025000;154;;;;;;;;;;;;;;
13.745257;20027500;138;;;;;;;;;;;;;;
13.747757;20030000;171;;;;;;;;;;;;;;
13.750257;20032500;154;;;;;;;;;;;;;;
13.752757;20035000;171;;;;;;;;;;;;;;
13.755257;20037500;391;;;;;;;;;;;;;;
13.757757;20040000;221;;;;;;;;;;;;;;
13.760257;20042500;173;;;;;;;;;;;;;;
13.762757;20045000;138;;;;;;;;20045886;209.601;66.25;979.778;2885.063;435.798;817.286
13.765257;20047500;159;20046319;115.063;-76.136;1014.282;612.314;-1440.121;80.904;;;;;;;
13.767757;20050000;169;;;;;;;;;;;;;;
13.770257;20052500;154;;;;;;;;;;;;;;
13.772757;20055000;153;;;;;;;;;;;;;;
13.775257;20057500;168;;;;;;;;;;;;;;
13.777757;20060000;155;;;;;;;;;;;;;;
13.780257;20062500;153;;;;;;;;;;;;;;
13.782757;20065000;135;;;;;;;;;;;;;;
13.785257;20067500;158;;;;;;;;;;;;;;
13.787757;20070000;333;;;;;;;;;;;;;;
13.790257;20072500;237;;;;;;;;;;;;;;
13.792757;20075000;191;20076188;115.745;-75.8;1013.716;558.073;-1353.678;70.733;20075756;209.265;66.683;979.979;2759.622;505.008;722.172
13.795257;20077500;152;;;;;;;;;;;;;;
13.797757;20080000;153;;;;;;;;;;;;;;
13.800257;20082500;132;;;;;;;;;;;;;;
13.802757;20085000;126;;;;;;;;;;;;;;
13.805257;20087500;137;;;;;;;;;;;;;;
13.807757;20090000;142;;;;;;;;;;;;;;
13.810257;20092500;172;;;;;;;;;;;;;;
13.812757;20095000;171;;;;;;;;;;;;;;
13.815257;20097500;142;;;;;;;;;;;;;;
13.817757;20100000;302;;;;;;;;;;;;;;
13.820257;20102500;186;;;;;;;;;;;;;;
13.822757;20105000;170;;;;;;;;;;;;;;
13.825257;20107500;157;20107607;116.778;-76.238;1013.514;597.545;-1292.119;-74.116;20107174;209.093;66.954;980.189;2650.078;542.32;650.188
13.827757;20110000;171;;;;;;;;;;;;;;
13.830257;20112500;153;;;;;;;;;;;;;;
13.832757;20115000;154;;;;;;;;;;;;;;
13.835257;20117500;166;;;;;;;;;;;;;;
13.837757;20120000;154;;;;;;;;;;;;;;
13.840257;20122500;281;;;;;;;;;;;;;;
13.842757;20125000;184;;;;;;;;;;;;;;
13.845257;20127500;155;;;;;;;;;;;;;;
13.847757;20130000;154;;;;;;;;;;;;;;
13.850257;20132500;173;;;;;;;;;;;;;;
13.852757;20135000;153;;;;;;;;;;;;;;
13.855257;20137500;140;;;;;;;;20138677;208.459;67.364;980.223;2535.512;622.391;567.366
13.857757;20140000;134;20139118;117.874;-76.86;1013.731;761.48;-1199.95;-243.66;;;;;;;
13.860257;20142500;125;;;;;;;;;;;;;;
13.862757;20145000;135;;;;;;;;;;;;;;
13.865257;20147500;159;;;;;;;;;;;;;;
13.867757;20150000;153;;;;;;;;;;;;;;
13.870257;20152500;393;;;;;;;;;;;;;;
13.872757;20155000;249;;;;;;;;;;;;;;
13.875257;20157500;184;;;;;;;;;;;;;;
13.877757;20160000;167;;;;;;;;;;;;;;
13.880257;20162500;135;;;;;;;;;;;;;;
13.882757;20165000;136;;;;;;;;;;;;;;
13.885257;20167500;140;;;;;;;;;;;;;;
13.887757;20170000;171;20170609;118.245;-77.342;1013.564;883.531;-1179.328;-360.54;20170183;208.193;67.747;980.476;2444.174;676.147;500.935
13.890257;20172500;174;;;;;;;;;;;;;;
13.892757;20175000;174;;;;;;;;;;;;;;
13.895257;20177500;167;;;;;;;;;;;;;;
13.897757;20180000;137;;;;;;;;;;;;;;
13.900257;20182500;396;;;;;;;;;;;;;;
13.902757;20185000;247;;;;;;;;;;;;;;
13.905257;20187500;187;;;;;;;;;;;;;;
13.907757;20190000;173;;;;;;;;;;;;;;
13.910257;20192500;155;;;;;;;;;;;;;;
13.912757;20195000;170;;;;;;;;;;;;;;
13.915257;20197500;142;;;;;;;;;;;;;;
13.917757;20200000;153;;;;;;;;;;;;;;
13.920257;20202500;150;20202213;118.781;-77.233;1012.93;1033.604;-1157.111;-514.888;20201773;207.708;68.136;980.514;2335.09;680.84;450.514
13.922757;20205000;135;;;;;;;;;;;;;;
13.925257;20207500;157;;;;;;;;;;;;;;
13.927757;20210000;170;;;;;;;;;;;;;;
13.930257;20212500;156;;;;;;;;;;;;;;
13.932757;20215000;329;;;;;;;;;;;;;;
13.935257;20217500;201;;;;;;;;;;;;;;
13.937757;20220000;173;;;;;;;;;;;;;;
13.940257;20222500;154;;;;;;;;;;;;;;
13.942757;20225000;155;;;;;;;;;;;;;;
13.945257;20227500;157;;;;;;;;;;;;;;
13.947757;20230000;151;;;;;;;;;;;;;;
13.950257;20232500;153;20232338;119.143;-76.769;1012.45;1229.987;-1272.068;-580.581;20231902;207.302;68.169;980.344;2140.023;654.673;399.988
13.952757;20235000;170;;;;;;;;;;;;;;
13.955257;20237500;160;;;;;;;;;;;;;;
13.957757;20240000;154;;;;;;;;;;;;;;
13.960257;20242500;124;;;;;;;;;;;;;;
13.962757;20245000;16;;;;;;;;;;;;;;
13.965257;20247500;252;;;;;;;;;;;;;;
13.967757;20250000;205;;;;;;;;;;;;;;
13.970257;20252500;171;;;;;;;;;;;;;;
13.972757;20255000;157;20254635;120.427;-76.389;1012.714;1272.612;-1437.715;-684.552;20254202;207.478;68.122;980.248;2032.147;672.689;333.613
13.975257;20257500;168;;;;;;;;;;;;;;
13.977757;20260000;155;;;;;;;;;;;;;;
13.980257;20262500;153;;;;;;;;;;;;;;
13.982757;20265000;136;;;;;;;;;;;;;;
13.985257;20267500;139;;;;;;;;;;;;;;
13.987757;20270000;142;;;;;;;;;;;;;;
13.990257;20272500;153;;;;;;;;;;;;;;
13.992757;20275000;172;;;;;;;;;;;;;;
13.995257;20277500;333;;;;;;;;;;;;;;
13.997757;20280000;204;;;;;;;;;;;;;;
14.000257;20282500;154;;;;;;;;;;;;;;
14.002757;20285000;155;;;;;;;;20285880;206.925;67.992;980.56;1930.539;793.492;262.245
14.005257;20287500;159;20286314;121.085;-75.754;1013.026;1313.107;-1399.517;-800.387;;;;;;;
14.007757;20290000;144;;;;;;;;;;;;;;
14.010257;20292500;154;;;;;;;;;;;;;;
14.012757;20295000;172;;;;;;;;;;;;;;
14.015257;20297500;168;;;;;;;;;;;;;;
14.017757;20300000;138;;;;;;;;;;;;;;
14.020257;20302500;126;;;;;;;;;;;;;;
14.022757;20305000;134;;;;;;;;;;;;;;
14.025257;20307500;157;;;;;;;;;;;;;;
14.027757;20310000;295;;;;;;;;;;;;;;
14.030257;20312500;206;;;;;;;;;;;;;;
14.032757;20315000;171;;;;;;;;20316010;205.887;67.758;981.132;1872.95;821.63;274.071
14.035257;20317500;153;20316443;121.734;-74.742;1013.224;1221.639;-1366.728;-965.117;;;;;;;
14.037757;20320000;158;;;;;;;;;;;;;;
14.040257;20322500;126;;;;;;;;;;;;;;
14.042757;20325000;153;;;;;;;;;;;;;;
14.045257;20327500;138;;;;;;;;;;;;;;
14.047757;20330000;150;;;;;;;;;;;;;;
14.050257;20332500;172;;;;;;;;;;;;;;
14.052757;20335000;169;;;;;;;;;;;;;;
14.055257;20337500;166;;;;;;;;;;;;;;
14.057757;20340000;285;;;;;;;;;;;;;;
14.060257;20342500;202;;;;;;;;;;;;;;
14.062757;20345000;151;;;;;;;;;;;;;;
14.065257;20347500;151;20348034;121.79;-73.707;1012.595;1353.932;-1252.454;-1421.736;20347601;204.755;68.03;981.955;1822.615;731.548;435.805
14.067757;20350000;154;;;;;;;;;;;;;;
14.070257;20352500;155;;;;;;;;;;;;;;
14.072757;20355000;174;;;;;;;;;;;;;;
14.075257;20357500;144;;;;;;;;;;;;;;
14.077757;20360000;137;;;;;;;;;;;;;;
14.080257;20362500;285;;;;;;;;;;;;;;
14.082757;20365000;200;;;;;;;;;;;;;;
14.085257;20367500;175;;;;;;;;;;;;;;
14.087757;20370000;154;;;;;;;;;;;;;;
14.090257;20372500;173;;;;;;;;;;;;;;
14.092757;20375000;172;;;;;;;;;;;;;;
14.095257;20377500;168;;;;;;;;;;;;;;
14.097757;20380000;156;20379799;122.008;-72.968;1011.235;1448.11;-1290.894;-2052.399;20379366;203.015;67.788;982.023;1641.797;467.033;676.952
14.100257;20382500;152;;;;;;;;;;;;;;
14.102757;20385000;155;;;;;;;;;;;;;;
14.105257;20387500;140;;;;;;;;;;;;;;
14.107757;20390000;171;;;;;;;;;;;;;;
14.110257;20392500;411;;;;;;;;;;;;;;
14.112757;20395000;270;;;;;;;;;;;;;;
14.115257;20397500;202;;;;;;;;;;;;;;
14.117757;20400000;152;;;;;;;;;;;;;;
14.120257;20402500;155;;;;;;;;;;;;;;
14.122757;20405000;153;;;;;;;;;;;;;;
14.125257;20407500;139;;;;;;;;;;;;;;
14.127757;20410000;169;;;;;;;;20411131;203.765;68.297;980.929;1569.769;198.682;960.292
14.130257;20412500;155;20411565;123.582;-73.107;1011.797;1311.392;-1473.537;-2514.154;;;;;;;
14.132757;20415000;153;;;;;;;;;;;;;;
14.135257;20417500;169;;;;;;;;;;;;;;
14.137757;20420000;139;;;;;;;;;;;;;;
14.140257;20422500;56;;;;;;;;;;;;;;
14.142757;20425000;237;;;;;;;;;;;;;;
14.145257;20427500;174;;;;;;;;;;;;;;
14.147757;20430000;167;;;;;;;;;;;;;;
14.150257;20432500;156;;;;;;;;;;;;;;
14.152757;20435000;172;;;;;;;;;;;;;;
14.155257;20437500;168;;;;;;;;;;;;;;
14.157757;20440000;155;;;;;;;;;;;;;;
14.160257;20442500;128;20443249;124.967;-74.076;1011.209;1210.823;-1631.735;-3005.322;20442808;204.947;67.127;980.701;1227.468;341.873;1175.215
14.162757;20445000;135;;;;;;;;;;;;;;
14.165257;20447500;141;;;;;;;;;;;;;;
14.167757;20450000;171;;;;;;;;;;;;;;
14.170257;20452500;155;;;;;;;;;;;;;;
14.172757;20455000;334;;;;;;;;;;;;;;
14.175257;20457500;217;;;;;;;;;;;;;;
14.177757;20460000;157;;;;;;;;;;;;;;
14.180257;20462500;137;;;;;;;;;;;;;;
14.182757;20465000;136;;;;;;;;;;;;;;
14.185257;20467500;139;;;;;;;;;;;;;;
14.187757;20470000;151;;;;;;;;;;;;;;
14.190257;20472500;171;20473538;126.74;-73.971;1013.359;816.031;-2057.211;-3290.368;20473112;205.191;66.296;980.612;1099.157;574.591;1307.204
14.192757;20475000;172;;;;;;;;;;;;;;
14.195257;20477500;141;;;;;;;;;;;;;;
14.197757;20480000;138;;;;;;;;;;;;;;
14.200257;20482500;127;;;;;;;;;;;;;;
14.202757;20485000;153;;;;;;;;;;;;;;
14.205257;20487500;286;;;;;;;;;;;;;;
14.207757;20490000;201;;;;;;;;;;;;;;
14.210257;20492500;171;;;;;;;;;;;;;;
14.212757;20495000;156;20495938;127.967;-72.743;1013.979;516.667;-2213.35;-3370.849;20495498;204.777;65.763;980.235;990.825;606.674;1325.844
14.215257;20497500;160;;;;;;;;;;;;;;
14.217757;20500000;152;;;;;;;;;;;;;;
14.220257;20502500;126;;;;;;;;;;;;;;
14.222757;20505000;125;;;;;;;;;;;;;;
14.225257;20507500;138;;;;;;;;;;;;;;
14.227757;20510000;168;;;;;;;;;;;;;;
14.230257;20512500;173;;;;;;;;;;;;;;
14.232757;20515000;172;;;;;;;;;;;;;;
14.235257;20517500;25;;;;;;;;;;;;;;
14.237757;20520000;264;;;;;;;;20520937;205.28;64.488;979.73;1029.658;638.466;1224.551
14.240257;20522500;167;20521365;127.418;-71.186;1011.55;332.021;-2296.933;-3298.994;;;;;;;
14.242757;20525000;141;;;;;;;;;;;;;;
14.245257;20527500;159;;;;;;;;;;;;;;
14.247757;20530000;152;;;;;;;;;;;;;;
14.250257;20532500;172;;;;;;;;;;;;;;
14.252757;20535000;144;;;;;;;;;;;;;;
14.255257;20537500;159;;;;;;;;;;;;;;
14.257757;20540000;154;;;;;;;;;;;;;;
14.260257;20542500;125;;;;;;;;;;;;;;
14.262757;20545000;152;;;;;;;;;;;;;;
14.265257;20547500;159;20548452;128.355;-69.457;1011.267;119.858;-2978.774;-3396.982;20548012;203.855;64.832;980.41;1241.55;669.98;1033.386
14.267757;20550000;376;;;;;;;;;;;;;;
14.270257;20552500;252;;;;;;;;;;;;;;
14.272757;20555000;201;;;;;;;;;;;;;;
14.275257;20557500;170;;;;;;;;;;;;;;
14.277757;20560000;138;;;;;;;;;;;;;;
14.280257;20562500;127;;;;;;;;;;;;;;
14.282757;20565000;144;;;;;;;;;;;;;;
14.285257;20567500;136;;;;;;;;;;;;;;
14.287757;20570000;168;;;;;;;;;;;;;;
14.290257;20572500;153;;;;;;;;;;;;;;
14.292757;20575000;170;;;;;;;;;;;;;;
14.295257;20577500;156;;;;;;;;;;;;;;
14.297757;20580000;366;20580205;128.556;-69.083;1011.565;-160.885;-3542.96;-3302.821;20579777;202.66;64.86;980.806;1160.66;392.793;946.717
14.300257;20582500;233;;;;;;;;;;;;;;
14.302757;20585000;155;;;;;;;;;;;;;;
14.305257;20587500;168;;;;;;;;;;;;;;
14.307757;20590000;152;;;;;;;;;;;;;;
14.310257;20592500;172;;;;;;;;;;;;;;
14.312757;20595000;167;;;;;;;;;;;;;;
14.315257;20597500;142;;;;;;;;;;;;;;
14.317757;20600000;154;;;;;;;;;;;;;;
14.320257;20602500;377;;;;;;;;;;;;;;
14.322757;20605000;216;;;;;;;;;;;;;;
14.325257;20607500;168;;;;;;;;;;;;;;
14.327757;20610000;156;;;;;;;;;;;;;;
14.330257;20612500;156;20611982;128.57;-65.879;1008.963;-225.903;-3746.437;-3462.304;20611542;204.026;64.618;980.437;1317.877;213.466;804.006
14.332757;20615000;170;;;;;;;;;;;;;;
14.335257;20617500;141;;;;;;;;;;;;;;
14.337757;20620000;135;;;;;;;;;;;;;;
14.340257;20622500;123;;;;;;;;;;;;;;
14.342757;20625000;150;;;;;;;;;;;;;;
14.345257;20627500;363;;;;;;;;;;;;;;
14.347757;20630000;250;;;;;;;;;;;;;;
14.350257;20632500;191;;;;;;;;;;;;;;
14.352757;20635000;169;;;;;;;;;;;;;;
14.355257;20637500;167;;;;;;;;;;;;;;
14.357757;20640000;138;;;;;;;;;;;;;;
14.360257;20642500;124;20642017;131.956;-69.472;1009.664;-834.546;-4269.615;-2987.752;20641581;203.237;63.449;981.368;1363.546;136.293;874.493
14.362757;20645000;126;;;;;;;;;;;;;;
14.365257;20647500;139;;;;;;;;;;;;;;
14.367757;20650000;170;;;;;;;;;;;;;;
14.370257;20652500;174;;;;;;;;;;;;;;
14.372757;20655000;368;;;;;;;;;;;;;;
14.375257;20657500;231;;;;;;;;;;;;;;
14.377757;20660000;156;;;;;;;;;;;;;;
14.380257;20662500;157;;;;;;;;;;;;;;
14.382757;20665000;156;;;;;;;;;;;;;;
14.385257;20667500;139;;;;;;;;;;;;;;
14.387757;20670000;144;;;;;;;;;;;;;;
14.390257;20672500;153;;;;;;;;20673350;202.023;63.229;981.991;1420.056;35.853;976.019
14.392757;20675000;173;20673782;133.874;-68.267;1009.463;-732.443;-4447.697;-3198.427;;;;;;;
14.395257;20677500;141;;;;;;;;;;;;;;
14.397757;20680000;155;;;;;;;;;;;;;;
14.400257;20682500;125;;;;;;;;;;;;;;
14.402757;20685000;137;;;;;;;;;;;;;;
14.405257;20687500;332;;;;;;;;;;;;;;
14.407757;20690000;234;;;;;;;;;;;;;;
14.410257;20692500;199;;;;;;;;;;;;;;
14.412757;20695000;158;;;;;;;;;;;;;;
14.415257;20697500;169;;;;;;;;;;;;;;
14.417757;20700000;137;;;;;;;;;;;;;;
14.420257;20702500;128;;;;;;;;;;;;;;
14.422757;20705000;127;20705461;135.751;-69.185;1007.82;-901.009;-4722.312;-3263.818;20705028;202.164;62.55;982.258;1349.491;77.373;1110.093
14.425257;20707500;138;;;;;;;;;;;;;;
14.427757;20710000;169;;;;;;;;;;;;;;
14.430257;20712500;154;;;;;;;;;;;;;;
14.432757;20715000;170;;;;;;;;;;;;;;
14.435257;20717500;0;;;;;;;;;;;;;;
14.437757;20720000;263;;;;;;;;;;;;;;
14.440257;20722500;190;;;;;;;;;;;;;;
14.442757;20725000;142;;;;;;;;;;;;;;
14.445257;20727500;160;;;;;;;;;;;;;;
14.447757;20730000;152;;;;;;;;;;;;;;
14.450257;20732500;173;;;;;;;;;;;;;;
14.452757;20735000;171;;;;;;;;;;;;;;
14.455257;20737500;142;20737232;137.589;-69.746;1006.973;-993.771;-5086.009;-3445.814;20736792;201.438;62.466;982.708;1256.204;265.567;1245.338
14.457757;20740000;128;;;;;;;;;;;;;;
14.460257;20742500;152;;;;;;;;;;;;;;
14.462757;20745000;126;;;;;;;;;;;;;;
14.465257;20747500;217;;;;;;;;;;;;;;
14.467757;20750000;281;;;;;;;;;;;;;;
14.470257;20752500;202;;;;;;;;;;;;;;
14.472757;20755000;188;;;;;;;;;;;;;;
14.475257;20757500;151;;;;;;;;;;;;;;
14.477757;20760000;155;;;;;;;;;;;;;;
14.480257;20762500;126;;;;;;;;;;;;;;
14.482757;20765000;153;;;;;;;;;;;;;;
14.485257;20767500;140;;;;;;;;20768644;200.571;62.045;982.61;1170.206;354.226;1365.071
14.487757;20770000;168;20769070;139.231;-71.285;1003.637;-1157.582;-5627.084;-3670.336;;;;;;;
14.490257;20772500;171;;;;;;;;;;;;;;
14.492757;20775000;151;;;;;;;;;;;;;;
14.495257;20777500;160;;;;;;;;;;;;;;
14.497757;20780000;381;;;;;;;;;;;;;;
14.500257;20782500;220;;;;;;;;;;;;;;
14.502757;20785000;157;;;;;;;;;;;;;;
14.505257;20787500;153;;;;;;;;;;;;;;
14.507757;20790000;171;;;;;;;;;;;;;;
14.510257;20792500;154;;;;;;;;;;;;;;
14.512757;20795000;171;;;;;;;;;;;;;;
14.515257;20797500;141;;;;;;;;;;;;;;
14.517757;20800000;135;20799387;142.035;-75.12;1002.628;-1666.266;-6985.479;-3592.257;20798947;200.888;60.255;982.262;1107.758;366.702;1493.693
14.520257;20802500;142;;;;;;;;;;;;;;
14.522757;20805000;153;;;;;;;;;;;;;;
14.525257;20807500;138;;;;;;;;;;;;;;
14.527757;20810000;152;;;;;;;;;;;;;;
14.530257;20812500;333;;;;;;;;;;;;;;
14.532757;20815000;239;;;;;;;;;;;;;;
14.535257;20817500;187;;;;;;;;;;;;;;
14.537757;20820000;140;;;;;;;;;;;;;;
14.540257;20822500;127;20823505;142.309;-74.53;1002.364;-2834.64;-8475.893;-3317.706;20823077;201.012;58.23;982.162;1117.558;965.68;1539.758
14.542757;20825000;133;;;;;;;;;;;;;;
14.545257;20827500;140;;;;;;;;;;;;;;
14.547757;20830000;151;;;;;;;;;;;;;;
14.550257;20832500;174;;;;;;;;;;;;;;
14.552757;20835000;154;;;;;;;;;;;;;;
14.555257;20837500;140;;;;;;;;;;;;;;
14.557757;20840000;152;;;;;;;;;;;;;;
14.560257;20842500;126;;;;;;;;;;;;;;
14.562757;20845000;297;;;;;;;;;;;;;;
14.565257;20847500;187;;;;;;;;;;;;;;
14.567757;20850000;159;;;;;;;;;;;;;;
14.570257;20852500;184;20853711;145.642;-76.415;999.386;-4032.533;-9982.785;-3668.509;20853271;199.569;57.679;982.659;1197.742;1097.208;1831.145
14.572757;20855000;156;;;;;;;;;;;;;;
14.575257;20857500;142;;;;;;;;;;;;;;
14.577757;20860000;137;;;;;;;;;;;;;;
14.580257;20862500;152;;;;;;;;;;;;;;
14.582757;20865000;135;;;;;;;;;;;;;;
14.585257;20867500;158;;;;;;;;;;;;;;
14.587757;20870000;169;;;;;;;;;;;;;;
14.590257;20872500;155;;;;;;;;;;;;;;
14.592757;20875000;45;;;;;;;;;;;;;;
14.595257;20877500;250;;;;;;;;;;;;;;
14.597757;20880000;189;;;;;;;;;;;;;;
14.600257;20882500;159;;;;;;;;20883661;198.862;57.766;982.29;1251.168;1050.223;1958.775
14.602757;20885000;137;20884093;150.158;-81.616;1000.084;-4525.656;-11782.708;-4615.146;;;;;;;
14.605257;20887500;156;;;;;;;;;;;;;;
14.607757;20890000;153;;;;;;;;;;;;;;
14.610257;20892500;173;;;;;;;;;;;;;;
14.612757;20895000;171;;;;;;;;;;;;;;
14.615257;20897500;143;;;;;;;;;;;;;;
14.617757;20900000;156;;;;;;;;;;;;;;
14.620257;20902500;124;;;;;;;;;;;;;;
14.622757;20905000;0;;;;;;;;;;;;;;
14.625257;20907500;267;;;;;;;;;;;;;;
14.627757;20910000;197;;;;;;;;;;;;;;
14.630257;20912500;189;;;;;;;;;;;;;;
14.632757;20915000;155;20916120;159.022;-89.491;996.372;-4594.249;-13336.885;-5584.451;20915685;198.96;56.909;982.262;1563.547;1006.899;1961.461
14.635257;20917500;159;;;;;;;;;;;;;;
14.637757;20920000;152;;;;;;;;;;;;;;
14.640257;20922500;126;;;;;;;;;;;;;;
14.642757;20925000;152;;;;;;;;;;;;;;
14.645257;20927500;156;;;;;;;;;;;;;;
14.647757;20930000;394;;;;;;;;;;;;;;
14.650257;20932500;248;;;;;;;;;;;;;;
14.652757;20935000;203;;;;;;;;;;;;;;
14.655257;20937500;172;;;;;;;;;;;;;;
14.657757;20940000;157;;;;;;;;;;;;;;
14.660257;20942500;152;;;;;;;;;;;;;;
14.662757;20945000;154;;;;;;;;;;;;;;
14.665257;20947500;158;20948144;165.98;-92.416;994.225;-3620.786;-15231.165;-6727.103;20947711;202.663;58.669;980.137;2167.87;782.429;1869.513
14.667757;20950000;144;;;;;;;;;;;;;;
14.670257;20952500;152;;;;;;;;;;;;;;
14.672757;20955000;170;;;;;;;;;;;;;;
14.675257;20957500;158;;;;;;;;;;;;;;
14.677757;20960000;380;;;;;;;;;;;;;;
14.680257;20962500;218;;;;;;;;;;;;;;
14.682757;20965000;157;;;;;;;;;;;;;;
14.685257;20967500;171;;;;;;;;;;;;;;
14.687757;20970000;171;;;;;;;;;;;;;;
14.690257;20972500;154;;;;;;;;;;;;;;
14.692757;20975000;153;;;;;;;;;;;;;;
14.695257;20977500;140;;;;;;;;;;;;;;
14.697757;20980000;154;20980084;176.975;-86.996;997.852;-3494.872;-16587.543;-7200.56;20979651;203.626;61.14;981.547;2636.539;963.808;1825.475
14.700257;20982500;126;;;;;;;;;;;;;;
14.702757;20985000;126;;;;;;;;;;;;;;
14.705257;20987500;138;;;;;;;;;;;;;;
14.707757;20990000;30;;;;;;;;;;;;;;
14.710257;20992500;285;;;;;;;;;;;;;;
14.712757;20995000;190;;;;;;;;;;;;;;
14.715257;20997500;157;;;;;;;;;;;;;;
14.717757;21000000;139;;;;;;;;;;;;;;
14.720257;21002500;126;;;;;;;;;;;;;;
14.722757;21005000;150;;;;;;;;;;;;;;
14.725257;21007500;139;;;;;;;;;;;;;;
14.727757;21010000;171;;;;;;;;;;;;;;
14.730257;21012500;155;21012021;194.612;-83.397;965.131;3328.559;-7278.541;-7341.469;21011589;209.128;60.67;980.299;2653.899;1375.43;2074.139
14.732757;21015000;153;;;;;;;;;;;;;;
14.735257;21017500;167;;;;;;;;;;;;;;
14.737757;21020000;154;;;;;;;;;;;;;;
14.740257;21022500;376;;;;;;;;;;;;;;
14.742757;21025000;221;;;;;;;;;;;;;;
14.745257;21027500;172;;;;;;;;;;;;;;
14.747757;21030000;182;;;;;;;;;;;;;;
14.750257;21032500;183;;;;;;;;;;;;;;
14.752757;21035000;173;;;;;;;;;;;;;;
14.755257;21037500;141;;;;;;;;;;;;;;
14.757757;21040000;154;;;;;;;;;;;;;;
14.760257;21042500;134;21042151;205.426;-82.942;961.142;3707.694;-7996.989;-7676.146;21041715;212.634;62.144;976.449;2664.704;2085.846;2622.744
14.762757;21045000;152;;;;;;;;;;;;;;
14.765257;21047500;156;;;;;;;;;;;;;;
14.767757;21050000;154;;;;;;;;;;;;;;
14.770257;21052500;172;;;;;;;;;;;;;;
14.772757;21055000;345;;;;;;;;;;;;;;
14.775257;21057500;237;;;;;;;;;;;;;;
14.777757;21060000;172;;;;;;;;;;;;;;
14.780257;21062500;126;;;;;;;;;;;;;;
14.782757;21065000;153;;;;;;;;;;;;;;
14.785257;21067500;137;;;;;;;;;;;;;;
14.787757;21070000;150;;;;;;;;;;;;;;
14.790257;21072500;154;;;;;;;;21073570;216.49;61.666;975.615;3373.219;3158.866;2644.732
14.792757;21075000;153;21074000;212.345;-80.015;957.53;3410.747;-9004.139;-7942.026;;;;;;;
14.795257;21077500;159;;;;;;;;;;;;;;
14.797757;21080000;128;;;;;;;;;;;;;;
14.800257;21082500;125;;;;;;;;;;;;;;
14.802757;21085000;134;;;;;;;;;;;;;;
14.805257;21087500;302;;;;;;;;;;;;;;
14.807757;21090000;232;;;;;;;;;;;;;;
14.810257;21092500;172;;;;;;;;;;;;;;
14.812757;21095000;156;;;;;;;;;;;;;;
14.815257;21097500;167;;;;;;;;;;;;;;
14.817757;21100000;126;;;;;;;;;;;;;;
14.820257;21102500;144;;;;;;;;;;;;;;
14.822757;21105000;127;21105683;220.388;-74.806;953.683;4692.709;-10521.807;-8871.861;21105248;217.14;63.219;977.678;4067.308;4321.297;1818.183
14.825257;21107500;157;;;;;;;;;;;;;;
14.827757;21110000;158;;;;;;;;;;;;;;
14.830257;21112500;154;;;;;;;;;;;;;;
14.832757;21115000;172;;;;;;;;;;;;;;
14.835257;21117500;0;;;;;;;;;;;;;;
14.837757;21120000;282;;;;;;;;;;;;;;
14.840257;21122500;188;;;;;;;;;;;;;;
14.842757;21125000;159;;;;;;;;;;;;;;
14.845257;21127500;140;;;;;;;;;;;;;;
14.847757;21130000;151;;;;;;;;;;;;;;
14.850257;21132500;172;;;;;;;;;;;;;;
14.852757;21135000;152;;;;;;;;;;;;;;
14.855257;21137500;158;;;;;;;;;;;;;;
14.857757;21140000;135;;;;;;;;;;;;;;
14.860257;21142500;126;;;;;;;;;;;;;;
14.862757;21145000;152;;;;;;;;;;;;;;
14.865257;21147500;137;21146999;266.33;-79.02;988.032;6854.261;-10277.466;-10078.956;21146565;192.045;70.233;978.1;4333.38;5599.295;214.836
14.867757;21150000;287;;;;;;;;;;;;;;
14.870257;21152500;203;;;;;;;;;;;;;;
14.872757;21155000;169;;;;;;;;;;;;;;
14.875257;21157500;169;;;;;;;;;;;;;;
14.877757;21160000;136;;;;;;;;;;;;;;
14.880257;21162500;126;;;;;;;;;;;;;;
14.882757;21165000;135;;;;;;;;;;;;;;
14.885257;21167500;140;;;;;;;;;;;;;;
14.887757;21170000;151;;;;;;;;;;;;;;
14.890257;21172500;152;;;;;;;;;;;;;;
14.892757;21175000;169;;;;;;;;;;;;;;
14.895257;21177500;140;;;;;;;;21178505;192.319;62.585;977.245;4346.836;3612.205;131.032
14.897757;21180000;0;21178932;277.316;-71.238;997.41;7621.485;-8617.343;-10075.508;;;;;;;
14.900257;21182500;234;;;;;;;;;;;;;;
14.902757;21185000;158;;;;;;;;;;;;;;
14.905257;21187500;168;;;;;;;;;;;;;;
14.907757;21190000;153;;;;;;;;;;;;;;
14.910257;21192500;153;;;;;;;;;;;;;;
14.912757;21195000;170;;;;;;;;;;;;;;
14.915257;21197500;138;;;;;;;;;;;;;;
14.917757;21200000;152;;;;;;;;;;;;;;
14.920257;21202500;125;;;;;;;;;;;;;;
14.922757;21205000;126;;;;;;;;;;;;;;
14.925257;21207500;139;;;;;;;;;;;;;;
14.927757;21210000;142;21210702;283.092;-64.736;992.399;6464.724;-6596.163;-9780.857;21210270;192.805;62.902;978.415;5231.994;2671.657;-265.77
14.930257;21212500;345;;;;;;;;;;;;;;
14.932757;21215000;250;;;;;;;;;;;;;;
14.935257;21217500;186;;;;;;;;;;;;;;
14.937757;21220000;139;;;;;;;;;;;;;;
14.940257;21222500;127;;;;;;;;;;;;;;
14.942757;21225000;154;;;;;;;;;;;;;;
14.945257;21227500;156;;;;;;;;;;;;;;
14.947757;21230000;169;;;;;;;;;;;;;;
14.950257;21232500;152;;;;;;;;;;;;;;
14.952757;21235000;170;;;;;;;;;;;;;;
14.955257;21237500;138;;;;;;;;;;;;;;
14.957757;21240000;152;;;;;;;;;;;;;;
14.960257;21242500;149;21242556;286.646;-60.127;993.415;3786.862;-5020.792;-9370.564;21242121;193.181;67.846;978.697;5452.957;1647.324;-823.856
14.962757;21245000;128;;;;;;;;;;;;;;
14.965257;21247500;157;;;;;;;;;;;;;;
14.967757;21250000;143;;;;;;;;;;;;;;
14.970257;21252500;329;;;;;;;;;;;;;;
14.972757;21255000;297;;;;;;;;;;;;;;
14.975257;21257500;186;;;;;;;;;;;;;;
14.977757;21260000;169;;;;;;;;;;;;;;
14.980257;21262500;126;;;;;;;;;;;;;;
14.982757;21265000;126;;;;;;;;;;;;;;
14.985257;21267500;154;;;;;;;;;;;;;;
14.987757;21270000;143;;;;;;;;;;;;;;
14.990257;21272500;170;21272856;289.912;-59.146;990.738;1270.457;-3867.628;-8490.349;21272423;191.671;69.303;979.178;5238.059;946.771;-1120.413
14.992757;21275000;143;;;;;;;;;;;;;;
14.995257;21277500;140;;;;;;;;;;;;;;
14.997757;21280000;152;;;;;;;;;;;;;;
15.000257;21282500;126;;;;;;;;;;;;;;
15.002757;21285000;21;;;;;;;;;;;;;;
15.005257;21287500;249;;;;;;;;;;;;;;
15.007757;21290000;186;;;;;;;;;;;;;;
15.010257;21292500;184;;;;;;;;;;;;;;
15.012757;21295000;152;21295325;294.875;-57.677;987.055;-1923.379;-2317.997;-7584.581;21294897;191.134;70.498;979.153;5152.906;488.182;-1454.643
15.015257;21297500;167;;;;;;;;;;;;;;
15.017757;21300000;127;;;;;;;;;;;;;;
15.020257;21302500;141;;;;;;;;;;;;;;
15.022757;21305000;135;;;;;;;;;;;;;;
15.025257;21307500;140;;;;;;;;;;;;;;
15.027757;21310000;152;;;;;;;;;;;;;;
15.030257;21312500;155;;;;;;;;;;;;;;
15.032757;21315000;152;;;;;;;;;;;;;;
15.035257;21317500;343;;;;;;;;;;;;;;
15.037757;21320000;206;21321029;298.218;-59.423;983.233;-6342.647;-596.034;-6172.852;21320597;189.721;73.037;979.996;5078.136;238.46;-1890.723
15.040257;21322500;154;;;;;;;;;;;;;;
15.042757;21325000;138;;;;;;;;;;;;;;
15.045257;21327500;144;;;;;;;;;;;;;;
15.047757;21330000;152;;;;;;;;;;;;;;
15.050257;21332500;154;;;;;;;;;;;;;;
15.052757;21335000;172;;;;;;;;;;;;;;
15.055257;21337500;141;;;;;;;;;;;;;;
15.057757;21340000;156;;;;;;;;;;;;;;
15.060257;21342500;135;;;;;;;;;;;;;;
15.062757;21345000;136;;;;;;;;;;;;;;
15.065257;21347500;159;21348186;300.357;-62.302;980.974;-8143.89;1265.143;-4822.084;21347759;188.214;74.82;980.461;4842.167;22.225;-2272.187
15.067757;21350000;314;;;;;;;;;;;;;;
15.070257;21352500;236;;;;;;;;;;;;;;
15.072757;21355000;173;;;;;;;;;;;;;;
15.075257;21357500;152;;;;;;;;;;;;;;
15.077757;21360000;155;;;;;;;;;;;;;;
15.080257;21362500;123;;;;;;;;;;;;;;
15.082757;21365000;126;;;;;;;;;;;;;;
15.085257;21367500;138;;;;;;;;;;;;;;
15.087757;21370000;150;;;;;;;;;;;;;;
15.090257;21372500;173;;;;;;;;;;;;;;
15.092757;21375000;152;;;;;;;;;;;;;;
15.095257;21377500;140;;;;;;;;;;;;;;
15.097757;21380000;314;21379956;301.681;-65.165;980.201;-10402.82;3487.823;-3403.667;21379524;188.282;75.398;980.25;4887.496;-287.324;-2499.39
15.100257;21382500;215;;;;;;;;;;;;;;
15.102757;21385000;153;;;;;;;;;;;;;;
15.105257;21387500;169;;;;;;;;;;;;;;
15.107757;21390000;171;;;;;;;;;;;;;;
15.110257;21392500;171;;;;;;;;;;;;;;
15.112757;21395000;170;;;;;;;;;;;;;;
15.115257;21397500;140;;;;;;;;;;;;;;
15.117757;21400000;155;;;;;;;;;;;;;;
15.120257;21402500;331;;;;;;;;;;;;;;
15.122757;21405000;201;;;;;;;;;;;;;;
15.125257;21407500;176;;;;;;;;;;;;;;
15.127757;21410000;157;;;;;;;;;;;;;;
15.130257;21412500;174;21411978;299.126;-72.417;983.37;-12689.241;5311.057;-2323.484;21411549;188.195;77.069;980.074;4931.871;-690.333;-2529.733
15.132757;21415000;172;;;;;;;;;;;;;;
15.135257;21417500;168;;;;;;;;;;;;;;
15.137757;21420000;153;;;;;;;;;;;;;;
15.140257;21422500;127;;;;;;;;;;;;;;
15.142757;21425000;125;;;;;;;;;;;;;;
15.145257;21427500;366;;;;;;;;;;;;;;
15.147757;21430000;238;;;;;;;;;;;;;;
15.150257;21432500;206;;;;;;;;;;;;;;
15.152757;21435000;159;;;;;;;;;;;;;;
15.155257;21437500;142;;;;;;;;;;;;;;
15.157757;21440000;136;;;;;;;;;;;;;;
15.160257;21442500;125;21442368;295.485;-78.861;982.721;-13300.779;6151.504;-2587.497;21441936;186.532;79.108;980.169;4888.277;-917.004;-2499.934
15.162757;21445000;153;;;;;;;;;;;;;;
15.165257;21447500;138;;;;;;;;;;;;;;
15.167757;21450000;169;;;;;;;;;;;;;;
15.170257;21452500;153;;;;;;;;;;;;;;
15.172757;21455000;347;;;;;;;;;;;;;;
15.175257;21457500;236;;;;;;;;;;;;;;
15.177757;21460000;181;;;;;;;;;;;;;;
15.180257;21462500;157;;;;;;;;;;;;;;
15.182757;21465000;153;;;;;;;;;;;;;;
15.185257;21467500;141;;;;;;;;;;;;;;
15.187757;21470000;152;;;;;;;;;;;;;;
15.190257;21472500;155;;;;;;;;;;;;;;
15.192757;21475000;172;21474392;293.503;-82.854;981.988;-13925.053;7137.616;-3494.56;21473964;186.795;80.557;979.961;4719.113;-969.153;-2470.75
15.195257;21477500;168;;;;;;;;;;;;;;
15.197757;21480000;137;;;;;;;;;;;;;;
15.200257;21482500;125;;;;;;;;;;;;;;
15.202757;21485000;128;;;;;;;;;;;;;;
15.205257;21487500;316;;;;;;;;;;;;;;
15.207757;21490000;228;;;;;;;;;;;;;;
15.210257;21492500;172;;;;;;;;;;;;;;
15.212757;21495000;158;;;;;;;;;;;;;;
15.215257;21497500;140;;;;;;;;;;;;;;
15.217757;21500000;151;;;;;;;;;;;;;;
15.220257;21502500;142;;;;;;;;;;;;;;
15.222757;21505000;153;;;;;;;;21505989;184.214;82.514;980.958;4380.782;-901.008;-2365.15
15.225257;21507500;138;21506421;284.982;-96.45;985.819;-17433.176;7252.36;-3606.394;;;;;;;
15.227757;21510000;144;;;;;;;;;;;;;;
15.230257;21512500;171;;;;;;;;;;;;;;
15.232757;21515000;154;;;;;;;;;;;;;;
15.235257;21517500;60;;;;;;;;;;;;;;
15.237757;21520000;264;;;;;;;;;;;;;;
15.240257;21522500;171;;;;;;;;;;;;;;
15.242757;21525000;168;;;;;;;;;;;;;;
15.245257;21527500;159;;;;;;;;;;;;;;
15.247757;21530000;152;;;;;;;;;;;;;;
15.250257;21532500;156;;;;;;;;;;;;;;
15.252757;21535000;154;;;;;;;;;;;;;;
15.255257;21537500;166;;;;;;;;;;;;;;
15.257757;21540000;153;;;;;;;;;;;;;;
15.260257;21542500;135;;;;;;;;;;;;;;
15.262757;21545000;136;;;;;;;;;;;;;;
15.265257;21547500;139;21547829;283.019;-111.666;980.063;-17842.955;6475.867;-3286.074;21547393;181.536;83.823;980.973;4727.431;-1692.895;-2025.955
15.267757;21550000;317;;;;;;;;;;;;;;
15.270257;21552500;231;;;;;;;;;;;;;;
15.272757;21555000;187;;;;;;;;;;;;;;
15.275257;21557500;169;;;;;;;;;;;;;;
15.277757;21560000;153;;;;;;;;;;;;;;
15.280257;21562500;126;;;;;;;;;;;;;;
15.282757;21565000;152;;;;;;;;;;;;;;
15.285257;21567500;155;;;;;;;;;;;;;;
15.287757;21570000;150;;;;;;;;;;;;;;
15.290257;21572500;173;;;;;;;;;;;;;;
15.292757;21575000;152;;;;;;;;;;;;;;
15.295257;21577500;159;;;;;;;;;;;;;;
15.297757;21580000;271;21580025;280.958;-123.602;975.279;-15737.182;6305.199;-2885.083;21579593;181.579;85.274;980.852;5105.747;-3058.563;-1479.282
15.300257;21582500;250;;;;;;;;;;;;;;
15.302757;21585000;188;;;;;;;;;;;;;;
15.305257;21587500;153;;;;;;;;;;;;;;
15.307757;21590000;172;;;;;;;;;;;;;;
15.310257;21592500;155;;;;;;;;;;;;;;
15.312757;21595000;154;;;;;;;;;;;;;;
15.315257;21597500;168;;;;;;;;;;;;;;
15.317757;21600000;128;;;;;;;;;;;;;;
15.320257;21602500;126;;;;;;;;;;;;;;
15.322757;21605000;126;;;;;;;;;;;;;;
15.325257;21607500;140;;;;;;;;;;;;;;
15.327757;21610000;169;;;;;;;;;;;;;;
15.330257;21612500;312;21612227;279.806;-131.476;976.749;-13830.322;6144.813;-2288.017;21611792;185.719;87.05;979.963;5481.334;-4259.26;-1057.943
15.332757;21615000;254;;;;;;;;;;;;;;
15.335257;21617500;183;;;;;;;;;;;;;;
15.337757;21620000;144;;;;;;;;;;;;;;
15.340257;21622500;154;;;;;;;;;;;;;;
15.342757;21625000;135;;;;;;;;;;;;;;
15.345257;21627500;158;;;;;;;;;;;;;;
15.347757;21630000;169;;;;;;;;;;;;;;
15.350257;21632500;170;;;;;;;;;;;;;;
15.352757;21635000;170;;;;;;;;;;;;;;
15.355257;21637500;141;;;;;;;;;;;;;;
15.357757;21640000;153;;;;;;;;;;;;;;
15.360257;21642500;152;;;;;;;;;;;;;;
15.362757;21645000;128;21644424;278.113;-138.432;975.503;-13103.806;5701.948;-1113.116;21643990;188.486;90.481;979.179;5655.267;-4869.672;-687.858
15.365257;21647500;141;;;;;;;;;;;;;;
15.367757;21650000;152;;;;;;;;;;;;;;
15.370257;21652500;174;;;;;;;;;;;;;;
15.372757;21655000;344;;;;;;;;;;;;;;
15.375257;21657500;206;;;;;;;;;;;;;;
15.377757;21660000;155;;;;;;;;;;;;;;
15.380257;21662500;136;;;;;;;;;;;;;;
15.382757;21665000;155;;;;;;;;;;;;;;
15.385257;21667500;141;;;;;;;;;;;;;;
15.387757;21670000;169;;;;;;;;;;;;;;
15.390257;21672500;156;;;;;;;;;;;;;;
15.392757;21675000;153;21674982;277.158;-144.577;975.077;-12299.865;5312.288;-172.397;21674555;191.964;92.423;978.837;5662.129;-5223.813;-483.278
15.395257;21677500;166;;;;;;;;;;;;;;
15.397757;21680000;136;;;;;;;;;;;;;;
15.400257;21682500;128;;;;;;;;;;;;;;
15.402757;21685000;128;;;;;;;;;;;;;;
15.405257;21687500;299;;;;;;;;;;;;;;
15.407757;21690000;224;;;;;;;;;;;;;;
15.410257;21692500;173;;;;;;;;;;;;;;
15.412757;21695000;159;;;;;;;;;;;;;;
15.415257;21697500;152;;;;;;;;;;;;;;
15.417757;21700000;137;;;;;;;;;;;;;;
15.420257;21702500;128;;;;;;;;;;;;;;
15.422757;21705000;153;;;;;;;;;;;;;;
15.425257;21707500;159;21707012;277.019;-150.689;974.086;-11707.185;5053.673;-20.278;21706580;196.249;95.024;978.323;5568.022;-5139.372;-430.676
15.427757;21710000;151;;;;;;;;;;;;;;
15.430257;21712500;155;;;;;;;;;;;;;;
15.432757;21715000;170;;;;;;;;;;;;;;
15.435257;21717500;141;;;;;;;;;;;;;;
15.437757;21720000;300;;;;;;;;;;;;;;
15.440257;21722500;184;;;;;;;;;;;;;;
15.442757;21725000;152;;;;;;;;;;;;;;
15.445257;21727500;168;;;;;;;;;;;;;;
15.447757;21730000;171;;;;;;;;;;;;;;
15.450257;21732500;174;;;;;;;;;;;;;;
15.452757;21735000;173;;;;;;;;;;;;;;
15.455257;21737500;158;;;;;;;;21738517;198.661;96.397;977.39;5346.059;-4871.028;-412.205
15.457757;21740000;128;21738953;274.215;-157.343;973.718;-11140.2;4834.677;10.049;;;;;;;
15.460257;21742500;151;;;;;;;;;;;;;;
15.462757;21745000;127;;;;;;;;;;;;;;
15.465257;21747500;159;;;;;;;;;;;;;;
15.467757;21750000;315;;;;;;;;;;;;;;
15.470257;21752500;282;;;;;;;;;;;;;;
15.472757;21755000;220;;;;;;;;;;;;;;
15.475257;21757500;184;;;;;;;;;;;;;;
15.477757;21760000;157;;;;;;;;;;;;;;
15.480257;21762500;153;;;;;;;;;;;;;;
15.482757;21765000;128;;;;;;;;;;;;;;
15.485257;21767500;158;;;;;;;;;;;;;;
15.487757;21770000;172;21770714;272.118;-163.195;972.82;-10471.19;4582.006;-10.141;21770283;201.337;97.988;976.808;5211.318;-4657.665;-416.97
15.490257;21772500;174;;;;;;;;;;;;;;
15.492757;21775000;173;;;;;;;;;;;;;;
15.495257;21777500;169;;;;;;;;;;;;;;
15.497757;21780000;137;;;;;;;;;;;;;;
15.500257;21782500;286;;;;;;;;;;;;;;
15.502757;21785000;206;;;;;;;;;;;;;;
15.505257;21787500;184;;;;;;;;;;;;;;
15.507757;21790000;174;;;;;;;;;;;;;;
15.510257;21792500;182;;;;;;;;;;;;;;
15.512757;21795000;173;;;;;;;;;;;;;;
15.515257;21797500;142;;;;;;;;;;;;;;
15.517757;21800000;156;;;;;;;;;;;;;;
15.520257;21802500;134;21802657;269.938;-169.291;972.027;-9945.881;4348.968;-3.509;21802222;203.738;98.921;976.139;4999.752;-4426.969;-405.309
15.522757;21805000;135;;;;;;;;;;;;;;
15.525257;21807500;141;;;;;;;;;;;;;;
15.527757;21810000;172;;;;;;;;;;;;;;
15.530257;21812500;286;;;;;;;;;;;;;;
15.532757;21815000;280;;;;;;;;;;;;;;
15.535257;21817500;203;;;;;;;;;;;;;;
15.537757;21820000;152;;;;;;;;;;;;;;
15.540257;21822500;139;;;;;;;;;;;;;;
15.542757;21825000;137;;;;;;;;;;;;;;
15.545257;21827500;142;;;;;;;;;;;;;;
15.547757;21830000;173;;;;;;;;;;;;;;
15.550257;21832500;182;21832870;267.817;-175.198;971.292;-9376.399;4125.395;-9.459;21832437;206.19;100.526;975.498;4867.452;-4221.37;-402.106
15.552757;21835000;174;;;;;;;;;;;;;;
15.555257;21837500;142;;;;;;;;;;;;;;
15.557757;21840000;140;;;;;;;;;;;;;;
15.560257;21842500;153;;;;;;;;;;;;;;
15.562757;21845000;21;;;;;;;;;;;;;;
15.565257;21847500;270;;;;;;;;;;;;;;
15.567757;21850000;189;;;;;;;;;;;;;;
15.570257;21852500;171;;;;;;;;;;;;;;
15.572757;21855000;175;21855338;266.059;-180.791;970.466;-8900.579;3917.375;-1.548;21854910;208.453;101.935;974.864;4699.767;-4017.739;-397.751
15.575257;21857500;167;;;;;;;;;;;;;;
15.577757;21860000;154;;;;;;;;;;;;;;
15.580257;21862500;127;;;;;;;;;;;;;;
15.582757;21865000;127;;;;;;;;;;;;;;
15.585257;21867500;157;;;;;;;;;;;;;;
15.587757;21870000;169;;;;;;;;;;;;;;
15.590257;21872500;155;;;;;;;;;;;;;;
15.592757;21875000;155;;;;;;;;;;;;;;
15.595257;21877500;344;;;;;;;;;;;;;;
15.597757;21880000;231;;;;;;;;;;;;;;
15.600257;21882500;155;;;;;;;;;;;;;;
15.602757;21885000;137;;;;;;;;;;;;;;
15.605257;21887500;141;21887194;264.047;-186.129;969.785;-8418.362;3712.318;-1.471;21886762;210.487;103.213;974.286;4561.466;-3833.04;-395.363
15.607757;21890000;152;;;;;;;;;;;;;;
15.610257;21892500;172;;;;;;;;;;;;;;
15.612757;21895000;142;;;;;;;;;;;;;;
15.615257;21897500;166;;;;;;;;;;;;;;
15.617757;21900000;136;;;;;;;;;;;;;;
15.620257;21902500;151;;;;;;;;;;;;;;
15.622757;21905000;134;;;;;;;;;;;;;;
15.625257;21907500;157;;;;;;;;;;;;;;
15.627757;21910000;334;;;;;;;;;;;;;;
15.630257;21912500;218;;;;;;;;;;;;;;
15.632757;21915000;201;;;;;;;;;;;;;;
15.635257;21917500;154;21917493;262.362;-191.17;969.108;-7984.756;3525.39;9.54;21917065;212.528;104.494;973.689;4409.955;-3652.325;-389.157
15.637757;21920000;156;;;;;;;;;;;;;;
15.640257;21922500;124;;;;;;;;;;;;;;
15.642757;21925000;154;;;;;;;;;;;;;;
15.645257;21927500;166;;;;;;;;;;;;;;
15.647757;21930000;152;;;;;;;;;;;;;;
15.650257;21932500;175;;;;;;;;;;;;;;
15.652757;21935000;154;;;;;;;;;;;;;;
15.655257;21937500;142;;;;;;;;;;;;;;
15.657757;21940000;332;;;;;;;;;;;;;;
15.660257;21942500;189;;;;;;;;;;;;;;
15.662757;21945000;171;;;;;;;;;;;;;;
15.665257;21947500;151;;;;;;;;;;;;;;
15.667757;21950000;170;21949262;260.565;-195.873;968.403;-7549.644;3341.683;11.251;21948830;214.523;105.766;973.225;4292.707;-3483.271;-386.762
15.670257;21952500;174;;;;;;;;;;;;;;
15.672757;21955000;153;;;;;;;;;;;;;;
15.675257;21957500;157;;;;;;;;;;;;;;
15.677757;21960000;152;;;;;;;;;;;;;;
15.680257;21962500;332;;;;;;;;;;;;;;
15.682757;21965000;217;;;;;;;;;;;;;;
15.685257;21967500;159;;;;;;;;;;;;;;
15.687757;21970000;174;;;;;;;;;;;;;;
15.690257;21972500;183;;;;;;;;;;;;;;
15.692757;21975000;155;;;;;;;;;;;;;;
15.695257;21977500;167;;;;;;;;;;;;;;
15.697757;21980000;127;21981110;259.096;-200.421;967.874;-7156.849;3174.599;16.376;21980681;216.375;106.767;972.65;4153.759;-3316.983;-384.924
15.700257;21982500;153;;;;;;;;;;;;;;
15.702757;21985000;153;;;;;;;;;;;;;;
15.705257;21987500;139;;;;;;;;;;;;;;
15.707757;21990000;151;;;;;;;;;;;;;;
15.710257;21992500;153;;;;;;;;;;;;;;
15.712757;21995000;312;;;;;;;;;;;;;;
15.715257;21997500;215;;;;;;;;;;;;;;
15.717757;22000000;152;;;;;;;;;;;;;;
15.720257;22002500;134;;;;;;;;;;;;;;
15.722757;22005000;125;;;;;;;;;;;;;;
15.725257;22007500;157;;;;;;;;;;;;;;
15.727757;22010000;152;;;;;;;;;;;;;;
15.730257;22012500;172;22012965;257.701;-204.625;967.195;-6768.381;3005.369;16.869;22012533;218.128;107.894;972.159;4037.071;-3166.446;-381.428
15.732757;22015000;151;;;;;;;;;;;;;;
15.735257;22017500;138;;;;;;;;;;;;;;
15.737757;22020000;127;;;;;;;;;;;;;;
15.740257;22022500;143;;;;;;;;;;;;;;
15.742757;22025000;287;;;;;;;;;;;;;;
15.745257;22027500;191;;;;;;;;;;;;;;
15.747757;22030000;159;;;;;;;;;;;;;;
15.750257;22032500;158;;;;;;;;;;;;;;
15.752757;22035000;155;;;;;;;;;;;;;;
15.755257;22037500;142;;;;;;;;;;;;;;
15.757757;22040000;136;;;;;;;;;;;;;;
15.760257;22042500;125;;;;;;;;;;;;;;
15.762757;22045000;153;22044820;256.363;-208.649;966.628;-6411.15;2849.85;23.463;22044384;219.733;108.837;971.735;3909.592;-3015.561;-376.794
15.765257;22047500;142;;;;;;;;;;;;;;
15.767757;22050000;173;;;;;;;;;;;;;;
15.770257;22052500;156;;;;;;;;;;;;;;
15.772757;22055000;366;;;;;;;;;;;;;;
15.775257;22057500;280;;;;;;;;;;;;;;
15.777757;22060000;174;;;;;;;;;;;;;;
15.780257;22062500;158;;;;;;;;;;;;;;
15.782757;22065000;139;;;;;;;;;;;;;;
15.785257;22067500;142;;;;;;;;;;;;;;
15.787757;22070000;170;;;;;;;;;;;;;;
15.790257;22072500;156;;;;;;;;;;;;;;
15.792757;22075000;173;22075118;255.007;-212.509;966.109;-6061.28;2700.795;25.79;22074688;221.294;109.849;971.375;3805.55;-2873.971;-375.017
15.795257;22077500;140;;;;;;;;;;;;;;
15.797757;22080000;155;;;;;;;;;;;;;;
15.800257;22082500;133;;;;;;;;;;;;;;
15.802757;22085000;136;;;;;;;;;;;;;;
15.805257;22087500;379;;;;;;;;;;;;;;
15.807757;22090000;247;;;;;;;;;;;;;;
15.810257;22092500;207;;;;;;;;;;;;;;
15.812757;22095000;158;;;;;;;;;;;;;;
15.815257;22097500;143;;;;;;;;;;;;;;
15.817757;22100000;154;;;;;;;;;;;;;;
15.820257;22102500;152;;;;;;;;;;;;;;
15.822757;22105000;154;;;;;;;;;;;;;;
15.825257;22107500;140;22106975;253.774;-216.274;965.694;-5735.903;2556.13;27.126;22106540;222.868;110.75;970.898;3699.71;-2740.335;-371.578
15.827757;22110000;169;;;;;;;;;;;;;;
15.830257;22112500;174;;;;;;;;;;;;;;
15.832757;22115000;171;;;;;;;;;;;;;;
15.835257;22117500;166;;;;;;;;;;;;;;
15.837757;22120000;328;;;;;;;;;;;;;;
15.840257;22122500;217;;;;;;;;;;;;;;
15.842757;22125000;171;;;;;;;;;;;;;;
15.845257;22127500;151;;;;;;;;;;;;;;
15.847757;22130000;172;;;;;;;;;;;;;;
15.850257;22132500;156;;;;;;;;;;;;;;
15.852757;22135000;174;;;;;;;;;;;;;;
15.855257;22137500;168;22138650;252.437;-219.746;965.197;-5423.295;2423.949;28.394;22138217;224.407;111.776;970.531;3600.912;-2615.568;-368.312
15.857757;22140000;137;;;;;;;;;;;;;;
15.860257;22142500;144;;;;;;;;;;;;;;
15.862757;22145000;127;;;;;;;;;;;;;;
15.865257;22147500;138;;;;;;;;;;;;;;
15.867757;22150000;171;;;;;;;;;;;;;;
15.870257;22152500;317;;;;;;;;;;;;;;
15.872757;22155000;223;;;;;;;;;;;;;;
15.875257;22157500;158;;;;;;;;;;;;;;
15.877757;22160000;137;;;;;;;;;;;;;;
15.880257;22162500;127;;;;;;;;;;;;;;
15.882757;22165000;126;;;;;;;;;;;;;;
15.885257;22167500;139;;;;;;;;;;;;;;
15.887757;22170000;153;22170503;251.277;-223.179;964.792;-5126.318;2297.939;34.412;22170068;225.777;112.531;970.134;3507.054;-2494.415;-363.459
15.890257;22172500;172;;;;;;;;;;;;;;
15.892757;22175000;154;;;;;;;;;;;;;;
15.895257;22177500;140;;;;;;;;;;;;;;
15.897757;22180000;136;;;;;;;;;;;;;;
15.900257;22182500;297;;;;;;;;;;;;;;
15.902757;22185000;205;;;;;;;;;;;;;;
15.905257;22187500;155;;;;;;;;;;;;;;
15.907757;22190000;155;;;;;;;;;;;;;;
15.910257;22192500;156;;;;;;;;;;;;;;
15.912757;22195000;153;;;;;;;;;;;;;;
15.915257;22197500;140;;;;;;;;;;;;;;
15.917757;22200000;153;;;;;;;;;;;;;;
15.920257;22202500;127;22202354;250.224;-226.306;964.364;-4846.814;2176.917;36.192;22201920;227.121;113.383;969.738;3417.888;-2377.131;-359.723
15.922757;22205000;136;;;;;;;;;;;;;;
15.925257;22207500;141;;;;;;;;;;;;;;
15.927757;22210000;169;;;;;;;;;;;;;;
15.930257;22212500;0;;;;;;;;;;;;;;
15.932757;22215000;280;;;;;;;;;;;;;;
15.935257;22217500;185;;;;;;;;;;;;;;
15.937757;22220000;143;;;;;;;;;;;;;;
15.940257;22222500;154;;;;;;;;;;;;;;
15.942757;22225000;152;;;;;;;;;;;;;;
15.945257;22227500;141;;;;;;;;;;;;;;
15.947757;22230000;153;;;;;;;;;;;;;;
15.950257;22232500;155;22232658;249.138;-229.106;963.945;-4574.286;2059.321;37.007;22232223;228.325;114.021;969.343;3333.619;-2266.15;-358.362
15.952757;22235000;154;;;;;;;;;;;;;;
15.955257;22237500;141;;;;;;;;;;;;;;
15.957757;22240000;153;;;;;;;;;;;;;;
15.960257;22242500;126;;;;;;;;;;;;;;
15.962757;22245000;378;;;;;;;;;;;;;;
15.965257;22247500;235;;;;;;;;;;;;;;
15.967757;22250000;201;;;;;;;;;;;;;;
15.970257;22252500;168;;;;;;;;;;;;;;
15.972757;22255000;155;22255129;248.18;-231.882;963.554;-4316.697;1950.667;38.657;22254697;229.45;114.78;969.084;3259.25;-2163.342;-354.444
15.975257;22257500;168;;;;;;;;;;;;;;
15.977757;22260000;136;;;;;;;;;;;;;;
15.980257;22262500;152;;;;;;;;;;;;;;
15.982757;22265000;152;;;;;;;;;;;;;;
15.985257;22267500;140;;;;;;;;;;;;;;
15.987757;22270000;172;;;;;;;;;;;;;;
15.990257;22272500;155;;;;;;;;;;;;;;
15.992757;22275000;172;;;;;;;;;;;;;;
15.995257;22277500;331;;;;;;;;;;;;;;
15.997757;22280000;203;;;;;;;;;;;;;;
16.000257;22282500;171;;;;;;;;;;;;;;
16.002757;22285000;139;;;;;;;;;;;;;;
16.005257;22287500;159;22286984;245.378;-233.208;963.102;-4000.674;1860.571;33.661;22286548;230.428;115.098;968.509;3192.1;-2058.675;-347.222
16.007757;22290000;150;;;;;;;;;;;;;;
16.010257;22292500;172;;;;;;;;;;;;;;
16.012757;22295000;172;;;;;;;;;;;;;;
16.015257;22297500;141;;;;;;;;;;;;;;
16.017757;22300000;137;;;;;;;;;;;;;;
16.020257;22302500;127;;;;;;;;;;;;;;
16.022757;22305000;137;;;;;;;;;;;;;;
16.025257;22307500;157;;;;;;;;;;;;;;
16.027757;22310000;300;;;;;;;;;;;;;;
16.030257;22312500;208;;;;;;;;;;;;;;
16.032757;22315000;171;;;;;;;;;;;;;;
16.035257;22317500;152;22317283;244.681;-236.938;961.966;-3805.016;1727.293;42.478;22316851;231.296;116.303;967.968;3149.308;-2012.179;-328.548
16.037757;22320000;157;;;;;;;;;;;;;;
16.040257;22322500;127;;;;;;;;;;;;;;
16.042757;22325000;136;;;;;;;;;;;;;;
16.045257;22327500;167;;;;;;;;;;;;;;
16.047757;22330000;170;;;;;;;;;;;;;;
16.050257;22332500;173;;;;;;;;;;;;;;
16.052757;22335000;154;;;;;;;;;;;;;;
16.055257;22337500;167;;;;;;;;;;;;;;
16.057757;22340000;318;;;;;;;;;;;;;;
16.060257;22342500;187;;;;;;;;;;;;;;
16.062757;22345000;155;;;;;;;;;;;;;;
16.065257;22347500;152;;;;;;;;22348703;232.852;116.789;968.12;3046.53;-2041.945;-312.996
16.067757;22350000;174;22349138;243.341;-239.31;960.96;-3616.952;1626.053;55.229;;;;;;;
16.070257;22352500;156;;;;;;;;;;;;;;
16.072757;22355000;155;;;;;;;;;;;;;;
16.075257;22357500;142;;;;;;;;;;;;;;
16.077757;22360000;137;;;;;;;;;;;;;;
16.080257;22362500;316;;;;;;;;;;;;;;
16.082757;22365000;188;;;;;;;;;;;;;;
16.085257;22367500;182;;;;;;;;;;;;;;
16.087757;22370000;157;;;;;;;;;;;;;;
16.090257;22372500;158;;;;;;;;;;;;;;
16.092757;22375000;174;;;;;;;;;;;;;;
16.095257;22377500;167;;;;;;;;;;;;;;
16.097757;22380000;137;22380900;242.252;-241.686;960.358;-3435.667;1504.938;47.655;22380468;234.086;117.739;967.892;3029.829;-2023.847;-306.096
16.100257;22382500;126;;;;;;;;;;;;;;
16.102757;22385000;136;;;;;;;;;;;;;;
16.105257;22387500;157;;;;;;;;;;;;;;
16.107757;22390000;153;;;;;;;;;;;;;;
16.110257;22392500;296;;;;;;;;;;;;;;
16.112757;22395000;281;;;;;;;;;;;;;;
16.115257;22397500;189;;;;;;;;;;;;;;
16.117757;22400000;171;;;;;;;;;;;;;;
16.120257;22402500;136;;;;;;;;;;;;;;
16.122757;22405000;137;;;;;;;;;;;;;;
16.125257;22407500;141;;;;;;;;;;;;;;
16.127757;22410000;154;;;;;;;;;;;;;;
16.130257;22412500;175;22412755;241.04;-242.973;960.475;-3212.696;1444.129;63.648;22412320;235.229;118.398;967.565;2979.837;-1932.28;-304.791
16.132757;22415000;154;;;;;;;;;;;;;;
16.135257;22417500;140;;;;;;;;;;;;;;
16.137757;22420000;136;;;;;;;;;;;;;;
16.140257;22422500;144;;;;;;;;;;;;;;
16.142757;22425000;282;;;;;;;;;;;;;;
16.145257;22427500;190;;;;;;;;;;;;;;
16.147757;22430000;169;;;;;;;;;;;;;;
16.150257;22432500;166;;;;;;;;;;;;;;
16.152757;22435000;174;;;;;;;;;;;;;;
16.155257;22437500;142;;;;;;;;;;;;;;
16.157757;22440000;154;;;;;;;;;;;;;;
16.160257;22442500;144;;;;;;;;;;;;;;
16.162757;22445000;127;22444604;240.291;-244.799;960.763;-2972.874;1389.86;74.465;22444170;235.948;118.639;967.194;2939.345;-1886.416;-303.552
16.165257;22447500;159;;;;;;;;;;;;;;
16.167757;22450000;169;;;;;;;;;;;;;;
16.170257;22452500;173;;;;;;;;;;;;;;
16.172757;22455000;25;;;;;;;;;;;;;;
16.175257;22457500;252;;;;;;;;;;;;;;
16.177757;22460000;188;;;;;;;;;;;;;;
16.180257;22462500;156;;;;;;;;;;;;;;
16.182757;22465000;153;;;;;;;;;;;;;;
16.185257;22467500;141;;;;;;;;;;;;;;
16.187757;22470000;169;;;;;;;;;;;;;;
16.190257;22472500;173;;;;;;;;;;;;;;
16.192757;22475000;152;22474902;240.074;-247.095;960.354;-2811.98;1316.429;82.117;22474474;237.113;119.258;966.975;2889.94;-1873.033;-297.999
16.195257;22477500;159;;;;;;;;;;;;;;
16.197757;22480000;154;;;;;;;;;;;;;;
16.200257;22482500;126;;;;;;;;;;;;;;
16.202757;22485000;155;;;;;;;;;;;;;;
16.205257;22487500;363;;;;;;;;;;;;;;
16.207757;22490000;263;;;;;;;;;;;;;;
16.210257;22492500;205;;;;;;;;;;;;;;
16.212757;22495000;168;;;;;;;;;;;;;;
16.215257;22497500;171;;;;;;;;;;;;;;
16.217757;22500000;136;;;;;;;;;;;;;;
16.220257;22502500;153;;;;;;;;;;;;;;
16.222757;22505000;154;;;;;;;;;;;;;;
16.225257;22507500;166;22506758;239.837;-249.216;959.879;-2640.319;1234.858;74.511;22506326;238.256;119.658;966.591;2834.256;-1797.756;-301.474
16.227757;22510000;152;;;;;;;;;;;;;;
16.230257;22512500;156;;;;;;;;;;;;;;
16.232757;22515000;156;;;;;;;;;;;;;;
16.235257;22517500;143;;;;;;;;;;;;;;
16.237757;22520000;331;;;;;;;;;;;;;;
16.240257;22522500;189;;;;;;;;;;;;;;
16.242757;22525000;155;;;;;;;;;;;;;;
16.245257;22527500;152;;;;;;;;;;;;;;
16.247757;22530000;154;;;;;;;;;;;;;;
16.250257;22532500;173;;;;;;;;;;;;;;
16.252757;22535000;155;;;;;;;;;;;;;;
16.255257;22537500;141;22538612;239.002;-250.926;959.764;-2486.428;1161.302;72.536;22538177;238.977;120.318;966.512;2786.168;-1703.493;-302.588
16.257757;22540000;154;;;;;;;;;;;;;;
16.260257;22542500;128;;;;;;;;;;;;;;
16.262757;22545000;136;;;;;;;;;;;;;;
16.265257;22547500;140;;;;;;;;;;;;;;
16.267757;22550000;205;;;;;;;;;;;;;;
16.270257;22552500;304;;;;;;;;;;;;;;
16.272757;22555000;201;;;;;;;;;;;;;;
16.275257;22557500;157;;;;;;;;;;;;;;
16.277757;22560000;137;;;;;;;;;;;;;;
16.280257;22562500;127;;;;;;;;;;;;;;
16.282757;22565000;153;;;;;;;;;;;;;;
16.285257;22567500;140;;;;;;;;;;;;;;
16.287757;22570000;169;22570460;238.032;-252.385;959.832;-2337.606;1107.612;81.159;22570028;239.606;120.835;966.291;2744.86;-1641.943;-301.021
16.290257;22572500;154;;;;;;;;;;;;;;
16.292757;22575000;153;;;;;;;;;;;;;;
16.295257;22577500;144;;;;;;;;;;;;;;
16.297757;22580000;137;;;;;;;;;;;;;;
16.300257;22582500;285;;;;;;;;;;;;;;
16.302757;22585000;186;;;;;;;;;;;;;;
16.305257;22587500;158;;;;;;;;;;;;;;
16.307757;22590000;158;;;;;;;;;;;;;;
16.310257;22592500;175;;;;;;;;;;;;;;
16.312757;22595000;172;;;;;;;;;;;;;;
16.315257;22597500;141;;;;;;;;;;;;;;
16.317757;22600000;155;;;;;;;;;;;;;;
16.320257;22602500;126;22602316;237.477;-253.789;959.975;-2169.538;1050.919;86.726;22601880;240.326;121.143;966.167;2715.242;-1602.284;-313.095
16.322757;22605000;153;;;;;;;;;;;;;;
16.325257;22607500;140;;;;;;;;;;;;;;
16.327757;22610000;151;;;;;;;;;;;;;;
16.330257;22612500;392;;;;;;;;;;;;;;
16.332757;22615000;268;;;;;;;;;;;;;;
16.335257;22617500;203;;;;;;;;;;;;;;
16.337757;22620000;143;;;;;;;;;;;;;;
16.340257;22622500;136;;;;;;;;;;;;;;
16.342757;22625000;155;;;;;;;;;;;;;;
16.345257;22627500;140;;;;;;;;;;;;;;
16.347757;22630000;170;;;;;;;;;;;;;;
16.350257;22632500;157;22632615;237.181;-255.539;959.709;-2077.686;991.81;140.14;22632183;240.772;121.528;966.103;2647.729;-1558.482;-289.565
16.352757;22635000;156;;;;;;;;;;;;;;
16.355257;22637500;167;;;;;;;;;;;;;;
16.357757;22640000;136;;;;;;;;;;;;;;
16.360257;22642500;134;;;;;;;;;;;;;;
16.362757;22645000;375;;;;;;;;;;;;;;
16.365257;22647500;234;;;;;;;;;;;;;;
16.367757;22650000;200;;;;;;;;;;;;;;
16.370257;22652500;159;;;;;;;;;;;;;;
16.372757;22655000;155;22655085;236.79;-257.56;959.664;-1954.552;919.907;158.945;22654657;241.745;122.076;965.86;2652.718;-1550.558;-275.962
16.375257;22657500;141;;;;;;;;;;;;;;
16.377757;22660000;153;;;;;;;;;;;;;;
16.380257;22662500;153;;;;;;;;;;;;;;
16.382757;22665000;134;;;;;;;;;;;;;;
16.385257;22667500;167;;;;;;;;;;;;;;
16.387757;22670000;172;;;;;;;;;;;;;;
16.390257;22672500;175;;;;;;;;;;;;;;
16.392757;22675000;173;;;;;;;;;;;;;;
16.395257;22677500;331;;;;;;;;;;;;;;
16.397757;22680000;222;;;;;;;;;;;;;;
16.400257;22682500;171;;;;;;;;;;;;;;
16.402757;22685000;139;;;;;;;;;;;;;;
16.405257;22687500;151;22686940;236.443;-258.444;959.687;-1827.074;877.85;171.998;22686508;242.455;122.615;965.635;2614.145;-1507.593;-268.289
16.407757;22690000;155;;;;;;;;;;;;;;
16.410257;22692500;174;;;;;;;;;;;;;;
16.412757;22695000;173;;;;;;;;;;;;;;
16.415257;22697500;141;;;;;;;;;;;;;;
16.417757;22700000;135;;;;;;;;;;;;;;
16.420257;22702500;128;;;;;;;;;;;;;;
16.422757;22705000;154;;;;;;;;;;;;;;
16.425257;22707500;140;;;;;;;;;;;;;;
16.427757;22710000;317;;;;;;;;;;;;;;
16.430257;22712500;206;;;;;;;;;;;;;;
16.432757;22715000;175;;;;;;;;;;;;;;
16.435257;22717500;172;22717153;236.076;-259.668;959.246;-1703.783;821.707;166.46;22716724;243.161;122.968;965.427;2577.062;-1462.838;-272.374
16.437757;22720000;137;;;;;;;;;;;;;;
16.440257;22722500;152;;;;;;;;;;;;;;
16.442757;22725000;137;;;;;;;;;;;;;;
16.445257;22727500;141;;;;;;;;;;;;;;
16.447757;22730000;170;;;;;;;;;;;;;;
16.450257;22732500;173;;;;;;;;;;;;;;
16.452757;22735000;154;;;;;;;;;;;;;;
16.455257;22737500;141;;;;;;;;;;;;;;
16.457757;22740000;297;;;;;;;;;;;;;;
16.460257;22742500;203;;;;;;;;;;;;;;
16.462757;22745000;143;;;;;;;;;;;;;;
16.465257;22747500;140;;;;;;;;22748576;243.898;123.268;965.224;2525.647;-1399.321;-269.693
16.467757;22750000;151;22749008;235.96;-261.153;958.852;-1597.594;761.372;162.075;;;;;;;
16.470257;22752500;155;;;;;;;;;;;;;;
16.472757;22755000;151;;;;;;;;;;;;;;
16.475257;22757500;157;;;;;;;;;;;;;;
16.477757;22760000;135;;;;;;;;;;;;;;
16.480257;22762500;297;;;;;;;;;;;;;;
16.482757;22765000;188;;;;;;;;;;;;;;
16.485257;22767500;182;;;;;;;;;;;;;;
16.487757;22770000;155;;;;;;;;;;;;;;
16.490257;22772500;173;;;;;;;;;;;;;;
16.492757;22775000;172;;;;;;;;;;;;;;
16.495257;22777500;159;;;;;;;;;;;;;;
16.497757;22780000;136;22780769;235.398;-262.699;958.8;-1506.776;710.178;152.221;22780341;244.452;123.869;965.031;2493.864;-1343.355;-267.584
16.500257;22782500;144;;;;;;;;;;;;;;
16.502757;22785000;128;;;;;;;;;;;;;;
16.505257;22787500;159;;;;;;;;;;;;;;
16.507757;22790000;171;;;;;;;;;;;;;;
16.510257;22792500;19;;;;;;;;;;;;;;
16.512757;22795000;301;;;;;;;;;;;;;;
16.515257;22797500;190;;;;;;;;;;;;;;
16.517757;22800000;171;;;;;;;;;;;;;;
16.520257;22802500;154;;;;;;;;;;;;;;
16.522757;22805000;137;;;;;;;;;;;;;;
16.525257;22807500;143;;;;;;;;;;;;;;
16.527757;22810000;174;;;;;;;;;;;;;;
16.530257;22812500;154;22812625;234.84;-263.747;958.776;-1410.875;682.544;156.423;22812193;244.954;124.288;964.75;2460.171;-1307.25;-269.954
16.532757;22815000;172;;;;;;;;;;;;;;
16.535257;22817500;143;;;;;;;;;;;;;;
16.537757;22820000;155;;;;;;;;;;;;;;
16.540257;22822500;154;;;;;;;;;;;;;;
16.542757;22825000;296;;;;;;;;;;;;;;
16.545257;22827500;216;;;;;;;;;;;;;;
16.547757;22830000;173;;;;;;;;;;;;;;
16.550257;22832500;187;;;;;;;;;;;;;;
16.552757;22835000;156;;;;;;;;;;;;;;
16.555257;22837500;142;;;;;;;;;;;;;;
16.557757;22840000;155;;;;;;;;;;;;;;
16.560257;22842500;136;;;;;;;;;;;;;;
16.562757;22845000;137;22844479;234.627;-264.528;958.801;-1301.831;653.229;159.539;22844043;245.651;124.637;964.623;2439.537;-1244.95;-273.519
16.565257;22847500;169;;;;;;;;;;;;;;
16.567757;22850000;172;;;;;;;;;;;;;;
16.570257;22852500;182;;;;;;;;;;;;;;
16.572757;22855000;21;;;;;;;;;;;;;;
16.575257;22857500;249;;;;;;;;;;;;;;
16.577757;22860000;170;;;;;;;;;;;;;;
16.580257;22862500;158;;;;;;;;;;;;;;
16.582757;22865000;137;;;;;;;;;;;;;;
16.585257;22867500;140;;;;;;;;;;;;;;
16.587757;22870000;169;;;;;;;;;;;;;;
16.590257;22872500;156;;;;;;;;;;;;;;
16.592757;22875000;171;22874778;234.443;-265.82;958.521;-1206.99;610.943;155.062;22874347;246.209;124.829;964.441;2400.248;-1177.452;-272.093
16.595257;22877500;142;;;;;;;;;;;;;;
16.597757;22880000;136;;;;;;;;;;;;;;
16.600257;22882500;152;;;;;;;;;;;;;;
16.602757;22885000;135;;;;;;;;;;;;;;
16.605257;22887500;350;;;;;;;;;;;;;;
16.607757;22890000;234;;;;;;;;;;;;;;
16.610257;22892500;186;;;;;;;;;;;;;;
16.612757;22895000;185;;;;;;;;;;;;;;
16.615257;22897500;151;;;;;;;;;;;;;;
16.617757;22900000;135;;;;;;;;;;;;;;
16.620257;22902500;135;;;;;;;;;;;;;;
16.622757;22905000;136;;;;;;;;22906199;246.849;125.078;964.342;2366.423;-1144.829;-268.551
16.625257;22907500;168;22906634;234.152;-266.894;958.291;-1112.953;561.146;141.621;;;;;;;
16.627757;22910000;153;;;;;;;;;;;;;;
16.630257;22912500;174;;;;;;;;;;;;;;
16.632757;22915000;154;;;;;;;;;;;;;;
16.635257;22917500;141;;;;;;;;;;;;;;
16.637757;22920000;318;;;;;;;;;;;;;;
16.640257;22922500;188;;;;;;;;;;;;;;
16.642757;22925000;153;;;;;;;;;;;;;;
16.645257;22927500;144;;;;;;;;;;;;;;
16.647757;22930000;151;;;;;;;;;;;;;;
16.650257;22932500;172;;;;;;;;;;;;;;
16.652757;22935000;172;;;;;;;;;;;;;;
16.655257;22937500;143;22938484;233.833;-267.915;958.224;-1049.43;530.026;138.04;22938050;247.359;125.43;964.193;2332.977;-1113.838;-269.561
16.657757;22940000;136;;;;;;;;;;;;;;
16.660257;22942500;128;;;;;;;;;;;;;;
16.662757;22945000;135;;;;;;;;;;;;;;
16.665257;22947500;157;;;;;;;;;;;;;;
16.667757;22950000;299;;;;;;;;;;;;;;
16.670257;22952500;285;;;;;;;;;;;;;;
16.672757;22955000;219;;;;;;;;;;;;;;
16.675257;22957500;160;;;;;;;;;;;;;;
16.677757;22960000;159;;;;;;;;;;;;;;
16.680257;22962500;154;;;;;;;;;;;;;;
16.682757;22965000;154;;;;;;;;;;;;;;
16.685257;22967500;166;;;;;;;;;;;;;;
16.687757;22970000;153;22970336;233.488;-268.708;958.137;-965.896;499.587;132.013;22969902;247.813;125.826;964.094;2314.765;-1073.896;-270.958
16.690257;22972500;153;;;;;;;;;;;;;;
16.692757;22975000;156;;;;;;;;;;;;;;
16.695257;22977500;142;;;;;;;;;;;;;;
16.697757;22980000;156;;;;;;;;;;;;;;
16.700257;22982500;279;;;;;;;;;;;;;;
16.702757;22985000;184;;;;;;;;;;;;;;
16.705257;22987500;157;;;;;;;;;;;;;;
16.707757;22990000;156;;;;;;;;;;;;;;
16.710257;22992500;176;;;;;;;;;;;;;;
16.712757;22995000;156;;;;;;;;;;;;;;
16.715257;22997500;168;;;;;;;;;;;;;;
16.717757;23000000;155;;;;;;;;;;;;;;
16.720257;23002500;128;23002100;233.342;-269.504;957.914;-900.976;468.045;129.788;23001667;248.446;126.037;963.848;2285.215;-1024.139;-271.847
16.722757;23005000;153;;;;;;;;;;;;;;
16.725257;23007500;159;;;;;;;;;;;;;;
16.727757;23010000;171;;;;;;;;;;;;;;
16.730257;23012500;318;;;;;;;;;;;;;;
16.732757;23015000;265;;;;;;;;;;;;;;
16.735257;23017500;204;;;;;;;;;;;;;;
16.737757;23020000;159;;;;;;;;;;;;;;
16.740257;23022500;153;;;;;;;;;;;;;;
16.742757;23025000;135;;;;;;;;;;;;;;
16.745257;23027500;138;;;;;;;;;;;;;;
16.747757;23030000;154;;;;;;;;;;;;;;
16.750257;23032500;157;23032144;233.1;-270.254;957.745;-832.74;436.768;124.173;23031709;248.956;126.244;963.735;2258.016;-979.494;-274.443
16.752757;23035000;171;;;;;;;;;;;;;;
16.755257;23037500;141;;;;;;;;;;;;;;
16.757757;23040000;138;;;;;;;;;;;;;;
16.760257;23042500;136;;;;;;;;;;;;;;
16.762757;23045000;364;;;;;;;;;;;;;;
16.765257;23047500;250;;;;;;;;;;;;;;
16.767757;23050000;185;;;;;;;;;;;;;;
16.770257;23052500;170;;;;;;;;;;;;;;
16.772757;23055000;158;23054441;232.59;-270.826;957.816;-788.915;408.367;128.465;23054009;249.446;126.361;963.604;2243.115;-932.27;-277.783
16.775257;23057500;143;;;;;;;;;;;;;;
16.777757;23060000;157;;;;;;;;;;;;;;
16.780257;23062500;128;;;;;;;;;;;;;;
16.782757;23065000;136;;;;;;;;;;;;;;
16.785257;23067500;140;;;;;;;;;;;;;;
16.787757;23070000;154;;;;;;;;;;;;;;
16.790257;23072500;183;;;;;;;;;;;;;;
16.792757;23075000;157;;;;;;;;;;;;;;
16.795257;23077500;317;;;;;;;;;;;;;;
16.797757;23080000;200;;;;;;;;;;;;;;
16.800257;23082500;154;;;;;;;;;;;;;;
16.802757;23085000;158;23086122;232.429;-271.516;958.035;-727.157;394.511;135.166;23085687;249.503;126.595;963.456;2246.897;-883.469;-270.456
16.805257;23087500;144;;;;;;;;;;;;;;
16.807757;23090000;156;;;;;;;;;;;;;;
16.810257;23092500;155;;;;;;;;;;;;;;
16.812757;23095000;152;;;;;;;;;;;;;;
16.815257;23097500;158;;;;;;;;;;;;;;
16.817757;23100000;137;;;;;;;;;;;;;;
16.820257;23102500;125;;;;;;;;;;;;;;
16.822757;23105000;135;;;;;;;;;;;;;;
16.825257;23107500;0;;;;;;;;;;;;;;
16.827757;23110000;302;;;;;;;;;;;;;;
16.830257;23112500;204;;;;;;;;;;;;;;
16.832757;23115000;171;23116249;232.428;-271.897;957.701;-645.737;362.536;122.721;23115817;249.813;126.639;963.308;2217.677;-864.233;-268.746
16.835257;23117500;152;;;;;;;;;;;;;;
16.837757;23120000;156;;;;;;;;;;;;;;
16.840257;23122500;136;;;;;;;;;;;;;;
16.842757;23125000;153;;;;;;;;;;;;;;
16.845257;23127500;140;;;;;;;;;;;;;;
16.847757;23130000;169;;;;;;;;;;;;;;
16.850257;23132500;173;;;;;;;;;;;;;;
16.852757;23135000;154;;;;;;;;;;;;;;
16.855257;23137500;160;;;;;;;;;;;;;;
16.857757;23140000;270;;;;;;;;;;;;;;
16.860257;23142500;191;;;;;;;;;;;;;;
16.862757;23145000;169;;;;;;;;;;;;;;
16.865257;23147500;151;23147930;232.348;-272.723;957.366;-610.825;333.909;115.71;23147495;250.316;126.773;963.247;2181.606;-838.521;-269.746
16.867757;23150000;172;;;;;;;;;;;;;;
16.870257;23152500;174;;;;;;;;;;;;;;
16.872757;23155000;172;;;;;;;;;;;;;;
16.875257;23157500;158;;;;;;;;;;;;;;
16.877757;23160000;299;;;;;;;;;;;;;;
16.880257;23162500;279;;;;;;;;;;;;;;
16.882757;23165000;172;;;;;;;;;;;;;;
16.885257;23167500;173;;;;;;;;;;;;;;
16.887757;23170000;173;;;;;;;;;;;;;;
16.890257;23172500;157;;;;;;;;;;;;;;
16.892757;23175000;155;;;;;;;;;;;;;;
16.895257;23177500;168;;;;;;;;;;;;;;
16.897757;23180000;155;23179605;232.082;-273.501;957.108;-574.159;304.526;110.362;23179173;250.482;127.126;963.08;2164.401;-793.532;-271.134
16.900257;23182500;152;;;;;;;;;;;;;;
16.902757;23185000;136;;;;;;;;;;;;;;
16.905257;23187500;159;;;;;;;;;;;;;;
16.907757;23190000;155;;;;;;;;;;;;;;
16.910257;23192500;381;;;;;;;;;;;;;;
16.912757;23195000;266;;;;;;;;;;;;;;
16.915257;23197500;174;;;;;;;;;;;;;;
16.917757;23200000;159;;;;;;;;;;;;;;
16.920257;23202500;135;;;;;;;;;;;;;;
16.922757;23205000;135;;;;;;;;;;;;;;
16.925257;23207500;141;;;;;;;;;;;;;;
16.927757;23210000;155;23211112;231.556;-274.1;956.985;-540.201;280.55;112.281;23210677;250.664;127.45;962.933;2154.181;-762.606;-268.952
16.930257;23212500;174;;;;;;;;;;;;;;
16.932757;23215000;172;;;;;;;;;;;;;;
16.935257;23217500;166;;;;;;;;;;;;;;
16.937757;23220000;136;;;;;;;;;;;;;;
16.940257;23222500;379;;;;;;;;;;;;;;
16.942757;23225000;232;;;;;;;;;;;;;;
16.945257;23227500;188;;;;;;;;;;;;;;
16.947757;23230000;174;;;;;;;;;;;;;;
16.950257;23232500;156;;;;;;;;;;;;;;
16.952757;23235000;154;;;;;;;;;;;;;;
16.955257;23237500;158;;;;;;;;;;;;;;
16.957757;23240000;136;;;;;;;;;;;;;;
16.960257;23242500;126;23242788;231.391;-274.602;956.881;-503.566;261.71;118.917;23242354;250.996;127.757;962.909;2139.222;-771.288;-268.192
16.962757;23245000;135;;;;;;;;;;;;;;
16.965257;23247500;140;;;;;;;;;;;;;;
16.967757;23250000;171;;;;;;;;;;;;;;
16.970257;23252500;156;;;;;;;;;;;;;;
16.972757;23255000;331;;;;;;;;;;;;;;
16.975257;23257500;206;;;;;;;;;;;;;;
16.977757;23260000;156;;;;;;;;;;;;;;
16.980257;23262500;155;;;;;;;;;;;;;;
16.982757;23265000;137;;;;;;;;;;;;;;
16.985257;23267500;157;;;;;;;;;;;;;;
16.987757;23270000;152;;;;;;;;;;;;;;
16.990257;23272500;153;23272918;231.527;-274.975;956.903;-446.887;246.437;118.659;23272483;251.494;127.78;962.88;2118.011;-748.036;-274.47
16.992757;23275000;170;;;;;;;;;;;;;;
16.995257;23277500;139;;;;;;;;;;;;;;
16.997757;23280000;126;;;;;;;;;;;;;;
17.000257;23282500;123;;;;;;;;;;;;;;
17.002757;23285000;0;;;;;;;;;;;;;;
17.005257;23287500;300;;;;;;;;;;;;;;
17.007757;23290000;199;;;;;;;;;;;;;;
17.010257;23292500;171;;;;;;;;;;;;;;
17.012757;23295000;157;23295216;231.291;-275.665;956.803;-408.355;218.802;114.476;23294784;251.918;127.851;962.993;2101.36;-715.884;-275.184
17.015257;23297500;159;;;;;;;;;;;;;;
17.017757;23300000;135;;;;;;;;;;;;;;
17.020257;23302500;151;;;;;;;;;;;;;;
17.022757;23305000;134;;;;;;;;;;;;;;
17.025257;23307500;158;;;;;;;;;;;;;;
17.027757;23310000;171;;;;;;;;;;;;;;
17.030257;23312500;154;;;;;;;;;;;;;;
17.032757;23315000;171;;;;;;;;;;;;;;
17.035257;23317500;376;;;;;;;;;;;;;;
17.037757;23320000;247;23320658;230.908;-276.229;956.884;-363.875;199.112;114.002;23320223;252.126;128.089;962.918;2096.48;-688.403;-278.05
17.040257;23322500;184;;;;;;;;;;;;;;
17.042757;23325000;140;;;;;;;;;;;;;;
17.045257;23327500;144;;;;;;;;;;;;;;
17.047757;23330000;155;;;;;;;;;;;;;;
17.050257;23332500;156;;;;;;;;;;;;;;
17.052757;23335000;171;;;;;;;;;;;;;;
17.055257;23337500;151;;;;;;;;;;;;;;
17.057757;23340000;139;;;;;;;;;;;;;;
17.060257;23342500;136;;;;;;;;;;;;;;
17.062757;23345000;155;;;;;;;;;;;;;;
17.065257;23347500;165;23347642;230.946;-276.502;956.748;-324.681;181.282;110.489;23347211;252.232;128.273;962.773;2074.344;-680.232;-276.835
17.067757;23350000;347;;;;;;;;;;;;;;
17.070257;23352500;222;;;;;;;;;;;;;;
17.072757;23355000;175;;;;;;;;;;;;;;
17.075257;23357500;174;;;;;;;;;;;;;;
17.077757;23360000;157;;;;;;;;;;;;;;
17.080257;23362500;136;;;;;;;;;;;;;;
17.082757;23365000;127;;;;;;;;;;;;;;
17.085257;23367500;140;;;;;;;;;;;;;;
17.087757;23370000;151;;;;;;;;;;;;;;
17.090257;23372500;174;;;;;;;;;;;;;;
17.092757;23375000;154;;;;;;;;;;;;;;
17.095257;23377500;160;;;;;;;;;;;;;;
17.097757;23380000;315;23379325;230.91;-276.774;956.655;-270.822;164.343;104.965;23378890;252.602;128.331;962.611;2064.251;-675.096;-283.555
17.100257;23382500;190;;;;;;;;;;;;;;
17.102757;23385000;153;;;;;;;;;;;;;;
17.105257;23387500;144;;;;;;;;;;;;;;
17.107757;23390000;173;;;;;;;;;;;;;;
17.110257;23392500;155;;;;;;;;;;;;;;
17.112757;23395000;174;;;;;;;;;;;;;;
17.115257;23397500;141;;;;;;;;;;;;;;
17.117757;23400000;136;;;;;;;;;;;;;;
17.120257;23402500;301;;;;;;;;;;;;;;
17.122757;23405000;189;;;;;;;;;;;;;;
17.125257;23407500;183;;;;;;;;;;;;;;
17.127757;23410000;155;23410913;230.802;-277.295;956.763;-252.031;152.625;106.717;23410481;252.879;128.448;962.579;2038.476;-636.528;-284.69
17.130257;23412500;157;;;;;;;;;;;;;;
17.132757;23415000;173;;;;;;;;;;;;;;
17.135257;23417500;169;;;;;;;;;;;;;;
17.137757;23420000;138;;;;;;;;;;;;;;
17.140257;23422500;136;;;;;;;;;;;;;;
17.142757;23425000;136;;;;;;;;;;;;;;
17.145257;23427500;365;;;;;;;;;;;;;;
17.147757;23430000;223;;;;;;;;;;;;;;
17.150257;23432500;186;;;;;;;;;;;;;;
17.152757;23435000;167;;;;;;;;;;;;;;
17.155257;23437500;143;;;;;;;;;;;;;;
17.157757;23440000;154;23441044;230.614;-277.649;956.809;-206.617;144.119;107.068;23440609;252.874;128.631;962.414;2036.302;-606.015;-287.081
17.160257;23442500;128;;;;;;;;;;;;;;
17.162757;23445000;154;;;;;;;;;;;;;;
17.165257;23447500;139;;;;;;;;;;;;;;
17.167757;23450000;152;;;;;;;;;;;;;;
17.170257;23452500;173;;;;;;;;;;;;;;
17.172757;23455000;331;;;;;;;;;;;;;;
17.175257;23457500;202;;;;;;;;;;;;;;
17.177757;23460000;153;;;;;;;;;;;;;;
17.180257;23462500;136;;;;;;;;;;;;;;
17.182757;23465000;138;;;;;;;;;;;;;;
17.185257;23467500;158;;;;;;;;;;;;;;
17.187757;23470000;170;;;;;;;;;;;;;;
17.190257;23472500;173;23472719;230.459;-277.766;956.878;-170.474;136.913;108.715;23472289;253.028;128.776;962.343;2012.8;-593.214;-287.164
17.192757;23475000;172;;;;;;;;;;;;;;
17.195257;23477500;143;;;;;;;;;;;;;;
17.197757;23480000;138;;;;;;;;;;;;;;
17.200257;23482500;136;;;;;;;;;;;;;;
17.202757;23485000;27;;;;;;;;;;;;;;
17.205257;23487500;286;;;;;;;;;;;;;;
17.207757;23490000;200;;;;;;;;;;;;;;
17.210257;23492500;170;;;;;;;;;;;;;;
17.212757;23495000;154;;;;;;;;;;;;;;
17.215257;23497500;141;;;;;;;;;;;;;;
17.217757;23500000;154;;;;;;;;;;;;;;
17.220257;23502500;134;;;;;;;;;;;;;;
17.222757;23505000;152;23504402;230.374;-277.938;956.895;-112.95;122.193;101.967;23503967;253.297;128.931;962.282;2007.097;-572.741;-288.556
17.225257;23507500;141;;;;;;;;;;;;;;
17.227757;23510000;170;;;;;;;;;;;;;;
17.230257;23512500;174;;;;;;;;;;;;;;
17.232757;23515000;176;;;;;;;;;;;;;;
17.235257;23517500;380;;;;;;;;;;;;;;
17.237757;23520000;216;;;;;;;;;;;;;;
17.240257;23522500;152;;;;;;;;;;;;;;
17.242757;23525000;159;;;;;;;;;;;;;;
17.245257;23527500;167;;;;;;;;;;;;;;
17.247757;23530000;173;;;;;;;;;;;;;;
17.250257;23532500;173;;;;;;;;;;;;;;
17.252757;23535000;171;23536077;230.244;-278.303;956.838;-85.428;112.145;98.181;23535644;253.576;129.018;962.174;1986.805;-543.666;-290.316
17.255257;23537500;158;;;;;;;;;;;;;;
17.257757;23540000;126;;;;;;;;;;;;;;
17.260257;23542500;151;;;;;;;;;;;;;;
17.262757;23545000;154;;;;;;;;;;;;;;
17.265257;23547500;364;;;;;;;;;;;;;;
17.267757;23550000;255;;;;;;;;;;;;;;
17.270257;23552500;188;;;;;;;;;;;;;;
17.272757;23555000;184;;;;;;;;;;;;;;
17.275257;23557500;168;;;;;;;;;;;;;;
17.277757;23560000;137;;;;;;;;;;;;;;
17.280257;23562500;135;;;;;;;;;;;;;;
17.282757;23565000;136;;;;;;;;;;;;;;
17.285257;23567500;168;23567577;230.322;-278.546;956.875;-40.031;99.976;89.334;23567149;253.726;129.258;962.128;1981.09;-536.17;-290.675
17.287757;23570000;153;;;;;;;;;;;;;;
17.290257;23572500;156;;;;;;;;;;;;;;
17.292757;23575000;155;;;;;;;;;;;;;;
17.295257;23577500;141;;;;;;;;;;;;;;
17.297757;23580000;300;;;;;;;;;;;;;;
17.300257;23582500;188;;;;;;;;;;;;;;
17.302757;23585000;152;;;;;;;;;;;;;;
17.305257;23587500;143;;;;;;;;;;;;;;
17.307757;23590000;152;;;;;;;;;;;;;;
17.310257;23592500;172;;;;;;;;;;;;;;
17.312757;23595000;171;;;;;;;;;;;;;;
17.315257;23597500;141;23597450;230.182;-278.777;956.971;-14.405;87.539;87.492;23597018;253.929;129.414;962.108;1969.535;-522.049;-288.391
17.317757;23600000;138;;;;;;;;;;;;;;
17.320257;23602500;126;;;;;;;;;;;;;;
17.322757;23605000;152;;;;;;;;;;;;;;
17.325257;23607500;139;;;;;;;;;;;;;;
17.327757;23610000;155;;;;;;;;;;;;;;
17.330257;23612500;280;;;;;;;;;;;;;;
17.332757;23615000;198;;;;;;;;;;;;;;
17.335257;23617500;184;;;;;;;;;;;;;;
17.337757;23620000;138;23621058;230.19;-279.045;956.818;16.941;78.35;83.993;23620627;254.183;129.306;962.076;1959.871;-499.884;-290.597
17.340257;23622500;128;;;;;;;;;;;;;;
17.342757;23625000;137;;;;;;;;;;;;;;
17.345257;23627500;140;;;;;;;;;;;;;;
17.347757;23630000;168;;;;;;;;;;;;;;
17.350257;23632500;173;;;;;;;;;;;;;;
17.352757;23635000;154;;;;;;;;;;;;;;
17.355257;23637500;139;;;;;;;;;;;;;;
17.357757;23640000;153;;;;;;;;;;;;;;
17.360257;23642500;366;;;;;;;;;;;;;;
17.362757;23645000;219;;;;;;;;;;;;;;
17.365257;23647500;171;;;;;;;;;;;;;;
17.367757;23650000;183;23650823;230.289;-279.233;956.783;34.469;65.682;81.543;23650388;254.369;129.428;962.016;1945.002;-476.203;-290.067
17.370257;23652500;174;;;;;;;;;;;;;;
17.372757;23655000;155;;;;;;;;;;;;;;
17.375257;23657500;159;;;;;;;;;;;;;;
17.377757;23660000;155;;;;;;;;;;;;;;
17.380257;23662500;127;;;;;;;;;;;;;;
17.382757;23665000;154;;;;;;;;;;;;;;
17.385257;23667500;141;;;;;;;;;;;;;;
17.387757;23670000;153;;;;;;;;;;;;;;
17.390257;23672500;153;;;;;;;;;;;;;;
17.392757;23675000;304;;;;;;;;;;;;;;
17.395257;23677500;219;;;;;;;;;;;;;;
17.397757;23680000;154;23680600;230.114;-279.661;956.902;50.245;53.648;78.341;23680170;254.576;129.496;961.94;1930.44;-469.455;-289.126
17.400257;23682500;138;;;;;;;;;;;;;;
17.402757;23685000;154;;;;;;;;;;;;;;
17.405257;23687500;141;;;;;;;;;;;;;;
17.407757;23690000;170;;;;;;;;;;;;;;
17.410257;23692500;154;;;;;;;;;;;;;;
17.412757;23695000;152;;;;;;;;;;;;;;
17.415257;23697500;158;;;;;;;;;;;;;;
17.417757;23700000;155;;;;;;;;;;;;;;
17.420257;23702500;143;;;;;;;;;;;;;;
17.422757;23705000;295;;;;;;;;;;;;;;
17.425257;23707500;201;;;;;;;;;;;;;;
17.427757;23710000;188;;;;;;;;;;;;;;
17.430257;23712500;183;23711936;229.753;-279.653;957.107;73.983;55.341;84.487;23711501;254.725;129.798;961.838;1928.855;-467.857;-289.107
17.432757;23715000;174;;;;;;;;;;;;;;
17.435257;23717500;140;;;;;;;;;;;;;;
17.437757;23720000;136;;;;;;;;;;;;;;
17.440257;23722500;151;;;;;;;;;;;;;;
17.442757;23725000;135;;;;;;;;;;;;;;
17.445257;23727500;376;;;;;;;;;;;;;;
17.447757;23730000;247;;;;;;;;;;;;;;
17.450257;23732500;206;;;;;;;;;;;;;;
17.452757;23735000;186;;;;;;;;;;;;;;
17.455257;23737500;152;;;;;;;;;;;;;;
17.457757;23740000;137;;;;;;;;;;;;;;
17.460257;23742500;128;23743089;229.855;-279.902;957.167;89.534;56.511;92.512;23742657;255.091;129.994;961.723;1926.475;-451.902;-290.839
17.462757;23745000;154;;;;;;;;;;;;;;
17.465257;23747500;142;;;;;;;;;;;;;;
17.467757;23750000;172;;;;;;;;;;;;;;
17.470257;23752500;156;;;;;;;;;;;;;;
17.472757;23755000;155;;;;;;;;;;;;;;
17.475257;23757500;367;;;;;;;;;;;;;;
17.477757;23760000;206;;;;;;;;;;;;;;
17.480257;23762500;171;;;;;;;;;;;;;;
17.482757;23765000;138;;;;;;;;;;;;;;
17.485257;23767500;141;;;;;;;;;;;;;;
17.487757;23770000;171;;;;;;;;;;;;;;
17.490257;23772500;173;;;;;;;;;;;;;;
17.492757;23775000;171;23774417;229.77;-279.979;957.071;115.245;51.936;90.074;23773989;255.049;129.832;961.705;1916.776;-422.307;-292.485
17.495257;23777500;142;;;;;;;;;;;;;;
17.497757;23780000;136;;;;;;;;;;;;;;
17.500257;23782500;153;;;;;;;;;;;;;;
17.502757;23785000;136;;;;;;;;;;;;;;
17.505257;23787500;343;;;;;;;;;;;;;;
17.507757;23790000;224;;;;;;;;;;;;;;
17.510257;23792500;185;;;;;;;;;;;;;;
17.512757;23795000;186;;;;;;;;;;;;;;
17.515257;23797500;151;;;;;;;;;;;;;;
17.517757;23800000;137;;;;;;;;;;;;;;
17.520257;23802500;126;;;;;;;;;;;;;;
17.522757;23805000;127;23805838;229.7;-280.12;957.078;140.982;33.151;81.633;23805407;255.064;129.758;961.669;1903.187;-416.066;-294.923
17.525257;23807500;156;;;;;;;;;;;;;;
17.527757;23810000;150;;;;;;;;;;;;;;
17.530257;23812500;153;;;;;;;;;;;;;;
17.532757;23815000;143;;;;;;;;;;;;;;
17.535257;23817500;0;;;;;;;;;;;;;;
17.537757;23820000;255;;;;;;;;;;;;;;
17.540257;23822500;187;;;;;;;;;;;;;;
17.542757;23825000;166;;;;;;;;;;;;;;
17.545257;23827500;142;;;;;;;;;;;;;;
17.547757;23830000;171;;;;;;;;;;;;;;
17.550257;23832500;154;;;;;;;;;;;;;;
17.552757;23835000;171;23835712;229.494;-280.223;956.957;163.683;23.619;76.676;23835275;255.2;129.626;961.672;1891.153;-408.388;-297.239
17.555257;23837500;158;;;;;;;;;;;;;;
17.557757;23840000;151;;;;;;;;;;;;;;
17.560257;23842500;152;;;;;;;;;;;;;;
17.562757;23845000;127;;;;;;;;;;;;;;
17.565257;23847500;139;;;;;;;;;;;;;;
17.567757;23850000;363;;;;;;;;;;;;;;
17.570257;23852500;249;;;;;;;;;;;;;;
17.572757;23855000;202;;;;;;;;;;;;;;
17.575257;23857500;156;;;;;;;;;;;;;;
17.577757;23860000;157;;;;;;;;;;;;;;
17.580257;23862500;153;;;;;;;;;;;;;;
17.582757;23865000;153;;;;;;;;;;;;;;
17.585257;23867500;167;23867123;229.335;-280.456;956.958;184.812;18.938;72.405;23866694;255.378;129.898;961.559;1878.845;-394.969;-301.19
17.587757;23870000;153;;;;;;;;;;;;;;
17.590257;23872500;181;;;;;;;;;;;;;;
17.592757;23875000;155;;;;;;;;;;;;;;
17.595257;23877500;168;;;;;;;;;;;;;;
17.597757;23880000;363;;;;;;;;;;;;;;
17.600257;23882500;253;;;;;;;;;;;;;;
17.602757;23885000;192;;;;;;;;;;;;;;
17.605257;23887500;155;;;;;;;;23888732;255.602;129.966;961.476;1860.153;-382.22;-303.193
17.607757;23890000;173;23889167;229.367;-280.56;956.842;197.008;15.366;77.097;;;;;;;
17.610257;23892500;173;;;;;;;;;;;;;;
17.612757;23895000;153;;;;;;;;;;;;;;
17.615257;23897500;158;;;;;;;;;;;;;;
17.617757;23900000;127;;;;;;;;;;;;;;
17.620257;23902500;126;;;;;;;;;;;;;;
17.622757;23905000;136;;;;;;;;;;;;;;
17.625257;23907500;141;;;;;;;;;;;;;;
17.627757;23910000;153;;;;;;;;;;;;;;
17.630257;23912500;358;;;;;;;;;;;;;;
17.632757;23915000;234;;;;;;;;;;;;;;
17.635257;23917500;173;;;;;;;;23918427;255.662;130.08;961.391;1851.145;-376.234;-302.908
17.637757;23920000;140;23918858;229.366;-280.733;956.83;200.283;5.41;77.617;;;;;;;
17.640257;23922500;136;;;;;;;;;;;;;;
17.642757;23925000;137;;;;;;;;;;;;;;
17.645257;23927500;167;;;;;;;;;;;;;;
17.647757;23930000;154;;;;;;;;;;;;;;
17.650257;23932500;156;;;;;;;;;;;;;;
17.652757;23935000;152;;;;;;;;;;;;;;
17.655257;23937500;141;;;;;;;;;;;;;;
17.657757;23940000;155;;;;;;;;;;;;;;
17.660257;23942500;335;;;;;;;;;;;;;;
17.662757;23945000;206;;;;;;;;;;;;;;
17.665257;23947500;168;;;;;;;;;;;;;;
17.667757;23950000;156;23950194;229.189;-280.714;957.093;220.894;1.202;75.049;23949758;255.586;130.14;961.261;1856.151;-368.797;-305.7
17.670257;23952500;155;;;;;;;;;;;;;;
17.672757;23955000;153;;;;;;;;;;;;;;
17.675257;23957500;140;;;;;;;;;;;;;;
17.677757;23960000;154;;;;;;;;;;;;;;
17.680257;23962500;143;;;;;;;;;;;;;;
17.682757;23965000;153;;;;;;;;;;;;;;
17.685257;23967500;143;;;;;;;;;;;;;;
17.687757;23970000;153;;;;;;;;;;;;;;
17.690257;23972500;0;;;;;;;;;;;;;;
17.692757;23975000;285;;;;;;;;;;;;;;
17.695257;23977500;215;;;;;;;;;;;;;;
17.697757;23980000;151;;;;;;;;;;;;;;
17.700257;23982500;136;;;;;;;;;;;;;;
17.702757;23985000;138;;;;;;;;;;;;;;
17.705257;23987500;159;;;;;;;;;;;;;;
17.707757;23990000;173;;;;;;;;;;;;;;
17.710257;23992500;155;;;;;;;;;;;;;;
17.712757;23995000;350;;;;;;;;;;;;;;
17.715257;23997500;254;;;;;;;;;;;;;;
17.717757;24000000;191;;;;;;;;;;;;;;
17.720257;24002500;167;;;;;;;;;;;;;;
17.722757;24005000;137;;;;;;;;;;;;;;
17.725257;24007500;169;;;;;;;;;;;;;;
17.727757;24010000;154;;;;;;;;;;;;;;
17.730257;24012500;157;;;;;;;;;;;;;;
17.732757;24015000;174;;;;;;;;;;;;;;
17.735257;24017500;152;;;;;;;;;;;;;;
17.737757;24020000;156;;;;;;;;;;;;;;
17.740257;24022500;127;;;;;;;;;;;;;;
17.742757;24025000;411;;;;;;;;;;;;;;
17.745257;24027500;268;;;;;;;;;;;;;;
17.747757;24030000;186;;;;;;;;;;;;;;
17.750257;24032500;185;;;;;;;;;;;;;;
17.752757;24035000;156;;;;;;;;;;;;;;
17.755257;24037500;141;;;;;;;;;;;;;;
17.757757;24040000;153;;;;;;;;;;;;;;
17.760257;24042500;136;;;;;;;;;;;;;;
17.762757;24045000;154;;;;;;;;;;;;;;
17.765257;24047500;141;;;;;;;;;;;;;;
17.767757;24050000;173;;;;;;;;;;;;;;
17.770257;24052500;157;;;;;;;;;;;;;;
